timestamp,ue_id,latitude,longitude,site_id,cell_id,sector,pci,distance_miles,serving_ssb,neighbor_ssb,beam_id,beam_azimuth_deg,beam_width_deg,beam_electrical_tilt_deg,beam_mechanical_tilt_deg,beam_switch_count,beam_switch_rate_per_min,rsrp_dbm,rsrq_db,sinr_db,cqi,mcs_dl,mcs_ul,bler_dl_pct,bler_ul_pct,dl_tp_mbps,ul_tp_mbps,latency_ms,prb_dl_pct,prb_ul_pct,ho_status,coverage_status,beam_health_score
2026-07-01 00:00:00,UE00000,32.96037961495144,-96.99486340817691,SITE01,XYZ401,A,100,1.836,SSB_1,SSB_2,1,0,30,6,2,23,4.6,-99,-10,11,9,19,17,6.31,5.05,349,59,114,43,17,PREP_FAILURE,Coverage_Hole,64
2026-07-01 01:00:00,UE00001,32.95623842771268,-97.02952715759021,SITE01,XYZ402,A,101,2.955,SSB_2,SSB_3,2,60,30,6,2,24,4.8,-119,-10,-4,2,12,10,13.37,10.7,82,16,105,78,56,EXEC_FAILURE,Fair,5
2026-07-01 02:00:00,UE00002,32.96177609473641,-96.98857115209083,SITE01,XYZ403,B,102,1.855,SSB_3,SSB_4,3,120,30,6,2,24,4.8,-98,-10,6,6,16,14,10.36,8.29,264,38,128,28,67,PREP_FAILURE,Poor,41
2026-07-01 03:00:00,UE00003,32.926346228172925,-97.00843124463655,SITE01,XYZ401,B,100,1.473,SSB_4,SSB_5,4,180,30,6,2,3,0.6,-93,-10,10,8,18,16,7.35,5.88,344,55,20,73,18,PREP_FAILURE,Coverage_Hole,58
2026-07-01 04:00:00,UE00004,32.941769275516045,-97.03557701648771,SITE01,XYZ402,A,101,2.954,SSB_5,SSB_6,5,240,30,6,2,20,4.0,-114,-10,-2,3,13,11,12.18,9.74,118,19,96,72,38,PREP_FAILURE,Excellent,13
2026-07-01 05:00:00,UE00005,32.91281610967664,-96.99247980405792,SITE01,XYZ403,C,102,1.59,SSB_6,SSB_1,6,300,30,6,2,7,1.4,-97,-10,7,7,17,15,8.15,6.52,376,62,25,27,49,EXEC_FAILURE,Excellent,48
2026-07-01 06:00:00,UE00006,32.96531739517448,-97.00321508928326,SITE01,XYZ401,B,100,2.335,SSB_1,SSB_2,1,0,30,6,2,22,4.4,-106,-10,3,5,15,13,11.7,9.36,220,33,102,56,58,PREP_FAILURE,Fair,30
2026-07-01 07:00:00,UE00007,32.91088656334055,-96.95915970319615,SITE01,XYZ402,B,101,2.247,SSB_2,SSB_3,2,60,30,6,2,25,5.0,-111,-10,5,6,16,14,9.51,7.61,220,52,91,70,77,EXEC_FAILURE,Excellent,39
2026-07-01 08:00:00,UE00008,32.91069490641537,-96.98676519324114,SITE01,XYZ403,C,102,1.682,SSB_3,SSB_4,3,120,30,6,2,31,6.2,-101,-10,9,8,18,16,7.82,6.26,396,57,73,47,80,PREP_FAILURE,Coverage_Hole,55
2026-07-01 09:00:00,UE00009,32.95367097310067,-96.96786913949978,SITE01,XYZ401,A,100,1.631,SSB_4,SSB_5,4,180,30,6,2,27,5.4,-105,-10,7,7,17,15,8.83,7.06,363,52,117,81,15,SUCCESS,Fair,47
2026-07-01 10:00:00,UE00010,32.94681342242532,-97.01601269120236,SITE01,XYZ402,C,101,1.961,SSB_5,SSB_6,5,240,30,6,2,14,2.8,-114,-10,6,6,16,14,9.44,7.55,228,44,46,71,76,SUCCESS,Good,42
2026-07-01 11:00:00,UE00011,32.93455907254406,-96.93438324478133,SITE01,XYZ403,B,102,2.943,SSB_6,SSB_1,6,300,30,6,2,1,0.2,-124,-10,-2,3,13,11,12.57,10.06,109,25,101,20,33,PREP_FAILURE,Good,13
2026-07-01 12:00:00,UE00012,32.90504601222711,-96.97303849841131,SITE01,XYZ401,A,100,2.186,SSB_1,SSB_2,1,0,30,6,2,23,4.6,-98,-10,7,7,17,15,8.16,6.53,298,50,112,89,25,EXEC_FAILURE,Excellent,48
2026-07-01 13:00:00,UE00013,32.91817982991078,-96.98623740826172,SITE01,XYZ402,C,101,1.165,SSB_2,SSB_3,2,60,30,6,2,18,3.6,-90,-10,13,9,19,17,6.65,5.32,359,78,66,52,54,EXEC_FAILURE,Good,68
2026-07-01 14:00:00,UE00014,32.917124480946924,-97.02754112223295,SITE01,XYZ403,B,102,2.746,SSB_3,SSB_4,3,120,30,6,2,15,3.0,-117,-10,1,4,14,12,12.08,9.66,194,28,126,79,16,SUCCESS,Poor,23
2026-07-01 15:00:00,UE00015,32.959083499043814,-97.01122778498296,SITE01,XYZ401,C,100,2.242,SSB_4,SSB_5,4,180,30,6,2,32,6.4,-110,-10,0,4,14,12,12.4,9.92,204,36,127,91,50,PREP_FAILURE,Poor,20
2026-07-01 16:00:00,UE00016,32.91201248099194,-96.95681566802901,SITE01,XYZ402,A,101,2.286,SSB_5,SSB_6,5,240,30,6,2,32,6.4,-112,-10,0,4,14,12,11.97,9.58,176,38,28,40,62,EXEC_FAILURE,Fair,21
2026-07-01 17:00:00,UE00017,32.90297662302907,-97.00268361022574,SITE01,XYZ403,C,102,2.433,SSB_6,SSB_1,6,300,30,6,2,7,1.4,-111,-10,0,4,14,12,11.53,9.22,161,38,41,40,44,SUCCESS,Poor,21
2026-07-01 18:00:00,UE00018,32.95841307562227,-97.017129522723,SITE01,XYZ401,B,100,2.454,SSB_1,SSB_2,1,0,30,6,2,27,5.4,-110,-10,-3,3,13,11,13.14,10.51,149,19,107,65,20,EXEC_FAILURE,Poor,10
2026-07-01 19:00:00,UE00019,32.93990310614499,-96.98800547436137,SITE01,XYZ402,C,101,0.373,SSB_2,SSB_3,2,60,30,6,2,20,4.0,-81,-10,18,12,22,20,4.93,3.94,616,88,47,86,32,SUCCESS,Good,89
2026-07-01 20:00:00,UE00020,32.92104328790031,-97.03247027263218,SITE01,XYZ403,B,102,2.903,SSB_3,SSB_4,3,120,30,6,2,26,5.2,-120,-10,-1,3,13,11,13.23,10.58,161,20,16,36,47,SUCCESS,Fair,15
2026-07-01 21:00:00,UE00021,32.90042697754924,-96.99941312450679,SITE01,XYZ401,A,100,2.526,SSB_4,SSB_5,4,180,30,6,2,6,1.2,-114,-10,-4,2,12,10,13.51,10.81,94,13,50,64,34,SUCCESS,Poor,5
2026-07-01 22:00:00,UE00022,32.97536121807113,-96.97678012004245,SITE01,XYZ402,B,101,2.825,SSB_5,SSB_6,5,240,30,6,2,21,4.2,-121,-10,4,6,16,14,10.34,8.27,251,41,72,68,66,PREP_FAILURE,Fair,36
2026-07-01 23:00:00,UE00023,32.91968977091565,-96.9877741879151,SITE01,XYZ403,C,102,1.069,SSB_6,SSB_1,6,300,30,6,2,29,5.8,-95,-10,15,10,20,18,6.25,5.0,375,65,113,74,54,SUCCESS,Good,76
2026-07-01 00:00:00,UE00024,32.921212225164645,-96.95182156769468,SITE01,XYZ401,C,100,2.156,SSB_1,SSB_2,1,0,30,6,2,22,4.4,-109,-10,6,6,16,14,9.88,7.9,224,38,23,31,15,PREP_FAILURE,Good,42
2026-07-01 01:00:00,UE00025,32.935010479170074,-96.96471236907324,SITE01,XYZ402,B,101,1.187,SSB_2,SSB_3,2,60,30,6,2,4,0.8,-86,-10,13,9,19,17,7.32,5.86,369,85,107,86,40,EXEC_FAILURE,Coverage_Hole,68
2026-07-01 02:00:00,UE00026,32.9268112112753,-96.97015437876853,SITE01,XYZ403,B,102,1.04,SSB_3,SSB_4,3,120,30,6,2,9,1.8,-89,-10,15,10,20,18,5.69,4.55,443,84,83,53,66,EXEC_FAILURE,Good,76
2026-07-01 03:00:00,UE00027,32.90064718103181,-96.98600937583072,SITE01,XYZ401,C,100,2.373,SSB_4,SSB_5,4,180,30,6,2,27,5.4,-108,-10,4,6,16,14,9.33,7.46,223,50,98,43,26,PREP_FAILURE,Fair,37
2026-07-01 04:00:00,UE00028,32.90135767168009,-96.9744277913067,SITE01,XYZ402,A,101,2.406,SSB_5,SSB_6,5,240,30,6,2,28,5.6,-107,-10,2,5,15,13,10.77,8.62,266,46,26,65,16,SUCCESS,Fair,29
2026-07-01 05:00:00,UE00029,32.91734782050177,-96.9503455116328,SITE01,XYZ403,B,102,2.359,SSB_6,SSB_1,6,300,30,6,2,6,1.2,-114,-10,7,7,17,15,9.36,7.49,294,50,128,94,43,SUCCESS,Coverage_Hole,47
2026-07-01 06:00:00,UE00030,32.89419713568289,-97.00032962659711,SITE01,XYZ401,C,100,2.951,SSB_1,SSB_2,1,0,30,6,2,31,6.2,-110,-10,-8,1,11,9,15.15,12.12,49,6,76,56,26,SUCCESS,Coverage_Hole,5
2026-07-01 07:00:00,UE00031,32.93779854167526,-96.94076296390432,SITE01,XYZ402,A,101,2.581,SSB_2,SSB_3,2,60,30,6,2,18,3.6,-109,-10,-6,1,11,9,14.99,11.99,43,7,114,31,75,SUCCESS,Fair,5
2026-07-01 08:00:00,UE00032,32.92949483490553,-96.97101103090452,SITE01,XYZ403,A,102,0.906,SSB_3,SSB_4,3,120,30,6,2,20,4.0,-82,-10,17,11,21,19,4.9,3.92,454,81,37,35,71,EXEC_FAILURE,Coverage_Hole,84
2026-07-01 09:00:00,UE00033,32.976438646623414,-96.99325395879681,SITE01,XYZ401,A,100,2.895,SSB_4,SSB_5,4,180,30,6,2,16,3.2,-115,-10,2,5,15,13,11.41,9.13,267,43,116,26,60,SUCCESS,Good,28
2026-07-01 10:00:00,UE00034,32.95634201064288,-97.00569744391441,SITE01,XYZ402,A,101,1.889,SSB_5,SSB_6,5,240,30,6,2,21,4.2,-103,-10,2,5,15,13,10.47,8.38,232,45,85,64,18,PREP_FAILURE,Poor,29
2026-07-01 11:00:00,UE00035,32.93716932560243,-96.9999540766226,SITE01,XYZ403,B,102,0.867,SSB_6,SSB_1,6,300,30,6,2,12,2.4,-97,-10,19,12,22,20,4.81,3.85,456,95,106,77,34,SUCCESS,Excellent,91
2026-07-01 12:00:00,UE00036,32.919288708498236,-97.02576189613166,SITE01,XYZ401,B,100,2.588,SSB_1,SSB_2,1,0,30,6,2,5,1.0,-114,-10,-3,3,13,11,12.96,10.37,112,24,58,64,46,SUCCESS,Coverage_Hole,10
2026-07-01 13:00:00,UE00037,32.95882213465595,-96.97727621777743,SITE01,XYZ402,C,101,1.704,SSB_2,SSB_3,2,60,30,6,2,14,2.8,-97,-10,4,6,16,14,9.15,7.32,233,42,15,73,17,EXEC_FAILURE,Excellent,37
2026-07-01 14:00:00,UE00038,32.97523944482476,-96.99791789133323,SITE01,XYZ403,B,102,2.87,SSB_3,SSB_4,3,120,30,6,2,25,5.0,-116,-10,-3,3,13,11,12.21,9.77,126,20,74,69,42,SUCCESS,Excellent,11
2026-07-01 15:00:00,UE00039,32.9138190591063,-96.97755315086351,SITE01,XYZ401,B,100,1.53,SSB_4,SSB_5,4,180,30,6,2,5,1.0,-91,-10,4,6,16,14,9.54,7.63,230,39,129,88,61,SUCCESS,Good,37
2026-07-01 16:00:00,UE00040,32.943972325815174,-96.99562848661432,SITE01,XYZ402,A,101,0.863,SSB_5,SSB_6,5,240,30,6,2,10,2.0,-94,-10,15,10,20,18,5.82,4.66,499,79,40,82,73,EXEC_FAILURE,Excellent,76
2026-07-01 17:00:00,UE00041,32.89599559307294,-96.97593176051672,SITE01,XYZ403,A,102,2.747,SSB_6,SSB_1,6,300,30,6,2,30,6.0,-121,-10,-2,3,13,11,12.11,9.69,154,27,116,22,67,EXEC_FAILURE,Coverage_Hole,13
2026-07-01 18:00:00,UE00042,32.93668458360493,-97.02930155656041,SITE01,XYZ401,B,100,2.556,SSB_1,SSB_2,1,0,30,6,2,3,0.6,-117,-10,-1,3,13,11,12.41,9.93,121,21,79,51,48,EXEC_FAILURE,Good,16
2026-07-01 19:00:00,UE00043,32.904691583043295,-96.9797569194946,SITE01,XYZ402,C,101,2.117,SSB_2,SSB_3,2,60,30,6,2,16,3.2,-108,-10,7,7,17,15,9.63,7.7,373,46,61,42,28,PREP_FAILURE,Fair,46
2026-07-01 20:00:00,UE00044,32.94817534221545,-96.96713379476667,SITE01,XYZ403,C,102,1.384,SSB_3,SSB_4,3,120,30,6,2,32,6.4,-103,-10,14,10,20,18,5.87,4.7,522,75,44,70,19,SUCCESS,Poor,74
2026-07-01 21:00:00,UE00045,32.95115174361385,-97.01459648368863,SITE01,XYZ401,C,100,2.033,SSB_4,SSB_5,4,180,30,6,2,10,2.0,-104,-10,3,5,15,13,10.69,8.55,198,41,125,42,69,EXEC_FAILURE,Fair,31
2026-07-01 22:00:00,UE00046,32.924779348737445,-97.00014155401229,SITE01,XYZ402,A,101,1.118,SSB_5,SSB_6,5,240,30,6,2,18,3.6,-94,-10,9,8,18,16,8.79,7.03,356,68,19,61,75,PREP_FAILURE,Coverage_Hole,54
2026-07-01 23:00:00,UE00047,32.90358046142688,-96.99343711803667,SITE01,XYZ403,A,102,2.222,SSB_6,SSB_1,6,300,30,6,2,25,5.0,-104,-10,2,5,15,13,10.26,8.21,209,37,61,75,77,SUCCESS,Excellent,29
2026-07-01 00:00:00,UE00048,32.94294858389169,-97.01077861101311,SITE01,XYZ401,C,100,1.579,SSB_1,SSB_2,1,0,30,6,2,25,5.0,-101,-10,10,8,18,16,7.42,5.94,341,63,92,21,40,PREP_FAILURE,Fair,58
2026-07-01 01:00:00,UE00049,32.93005061057563,-97.01054258252762,SITE01,XYZ402,C,101,1.507,SSB_2,SSB_3,2,60,30,6,2,34,6.8,-97,-10,12,9,19,17,7.06,5.65,341,70,29,83,42,PREP_FAILURE,Excellent,65
2026-07-01 02:00:00,UE00050,32.96880249760459,-96.95995141353934,SITE01,XYZ403,C,102,2.751,SSB_3,SSB_4,3,120,30,6,2,17,3.4,-120,-10,0,4,14,12,11.69,9.35,178,30,114,53,22,SUCCESS,Poor,21
2026-07-01 03:00:00,UE00051,32.931765682852834,-96.96711347908119,SITE01,XYZ401,A,100,1.072,SSB_4,SSB_5,4,180,30,6,2,32,6.4,-86,-10,9,8,18,16,8.14,6.51,339,76,36,40,84,PREP_FAILURE,Poor,55
2026-07-01 04:00:00,UE00052,32.96918008041554,-96.96013577812437,SITE01,XYZ402,C,101,2.767,SSB_5,SSB_6,5,240,30,6,2,1,0.2,-111,-10,0,4,14,12,11.01,8.81,214,31,89,27,40,EXEC_FAILURE,Coverage_Hole,21
2026-07-01 05:00:00,UE00053,32.949733013760316,-96.94326832263563,SITE01,XYZ403,B,102,2.632,SSB_6,SSB_1,6,300,30,6,2,25,5.0,-116,-10,-5,2,12,10,14.02,11.22,80,13,78,57,51,PREP_FAILURE,Fair,5
2026-07-01 06:00:00,UE00054,32.917011834654396,-96.94003607664305,SITE01,XYZ401,A,100,2.896,SSB_1,SSB_2,1,0,30,6,2,1,0.2,-123,-10,1,4,14,12,11.91,9.53,183,32,54,21,79,EXEC_FAILURE,Coverage_Hole,23
2026-07-01 07:00:00,UE00055,32.936718739969756,-96.98339666692783,SITE01,XYZ402,A,101,0.156,SSB_2,SSB_3,2,60,30,6,2,13,2.6,-75,-10,18,12,22,20,4.59,3.67,455,109,89,28,48,EXEC_FAILURE,Fair,89
2026-07-01 08:00:00,UE00056,32.92760779559066,-97.03427219091493,SITE01,XYZ403,C,102,2.888,SSB_3,SSB_4,3,120,30,6,2,18,3.6,-114,-10,0,4,14,12,12.6,10.08,203,27,92,45,76,SUCCESS,Coverage_Hole,20
2026-07-01 09:00:00,UE00057,32.92140553102848,-97.02146497611787,SITE01,XYZ401,A,100,2.301,SSB_4,SSB_5,4,180,30,6,2,14,2.8,-101,-10,1,4,14,12,12.8,10.24,188,32,39,36,80,PREP_FAILURE,Coverage_Hole,22
2026-07-01 10:00:00,UE00058,32.90562613076702,-97.0199102131508,SITE01,XYZ402,C,101,2.856,SSB_5,SSB_6,5,240,30,6,2,29,5.8,-121,-10,1,4,14,12,11.28,9.02,201,33,41,55,43,PREP_FAILURE,Excellent,24
2026-07-01 11:00:00,UE00059,32.93526716184401,-96.956280018842,SITE01,XYZ403,C,102,1.675,SSB_6,SSB_1,6,300,30,6,2,30,6.0,-94,-10,9,8,18,16,8.75,7.0,337,72,114,71,70,EXEC_FAILURE,Coverage_Hole,54
2026-07-01 12:00:00,UE00060,32.903208272305385,-96.98194313471623,SITE01,XYZ401,C,100,2.204,SSB_1,SSB_2,1,0,30,6,2,25,5.0,-101,-10,2,5,15,13,10.02,8.02,233,41,41,88,34,EXEC_FAILURE,Good,29
2026-07-01 13:00:00,UE00061,32.938645668672734,-96.95518986319031,SITE01,XYZ402,A,101,1.756,SSB_2,SSB_3,2,60,30,6,2,17,3.4,-108,-10,5,6,16,14,10.23,8.18,314,41,111,79,57,SUCCESS,Coverage_Hole,39
2026-07-01 14:00:00,UE00062,32.95605394728494,-96.94955245419932,SITE01,XYZ403,C,102,2.523,SSB_3,SSB_4,3,120,30,6,2,21,4.2,-104,-10,5,6,16,14,9.85,7.88,295,56,37,20,60,SUCCESS,Coverage_Hole,39
2026-07-01 15:00:00,UE00063,32.94192681744735,-96.96579047958399,SITE01,XYZ401,A,100,1.221,SSB_4,SSB_5,4,180,30,6,2,8,1.6,-96,-10,14,10,20,18,5.62,4.5,400,83,23,93,66,SUCCESS,Coverage_Hole,74
2026-07-01 16:00:00,UE00064,32.96047985689544,-96.95872246697562,SITE01,XYZ402,A,101,2.331,SSB_5,SSB_6,5,240,30,6,2,26,5.2,-104,-10,1,4,14,12,12.85,10.28,177,31,57,78,65,PREP_FAILURE,Excellent,22
2026-07-01 17:00:00,UE00065,32.90824020650205,-96.9673676746552,SITE01,XYZ403,A,102,2.118,SSB_6,SSB_1,6,300,30,6,2,20,4.0,-107,-10,6,6,16,14,10.16,8.13,284,38,85,68,34,PREP_FAILURE,Poor,41
2026-07-01 18:00:00,UE00066,32.947765921592946,-96.95047574161475,SITE01,XYZ401,B,100,2.194,SSB_1,SSB_2,1,0,30,6,2,31,6.2,-111,-10,0,4,14,12,11.79,9.43,174,35,43,68,59,SUCCESS,Fair,21
2026-07-01 19:00:00,UE00067,32.93681668229801,-96.99831061043312,SITE01,XYZ402,A,101,0.769,SSB_2,SSB_3,2,60,30,6,2,3,0.6,-82,-10,7,7,17,15,8.88,7.1,302,57,22,48,69,EXEC_FAILURE,Fair,47
2026-07-01 20:00:00,UE00068,32.93158399406414,-96.95381871476553,SITE01,XYZ403,A,102,1.833,SSB_3,SSB_4,3,120,30,6,2,28,5.6,-106,-10,11,9,19,17,6.05,4.84,349,78,71,86,73,EXEC_FAILURE,Coverage_Hole,64
2026-07-01 21:00:00,UE00069,32.917195547248205,-96.95136384996745,SITE01,XYZ401,B,100,2.314,SSB_4,SSB_5,4,180,30,6,2,23,4.6,-105,-10,3,5,15,13,11.11,8.89,244,44,46,65,30,SUCCESS,Coverage_Hole,31
2026-07-01 22:00:00,UE00070,32.92261047138858,-96.95568239069972,SITE01,XYZ402,A,101,1.912,SSB_5,SSB_6,5,240,30,6,2,18,3.6,-102,-10,3,5,15,13,11.47,9.18,256,33,74,21,15,EXEC_FAILURE,Coverage_Hole,31
2026-07-01 23:00:00,UE00071,32.93353252799117,-96.95496775864649,SITE01,XYZ403,A,102,1.754,SSB_6,SSB_1,6,300,30,6,2,29,5.8,-96,-10,2,5,15,13,10.54,8.43,236,38,112,72,58,EXEC_FAILURE,Poor,29
2026-07-01 00:00:00,UE00072,32.94301547638953,-97.03545071741063,SITE01,XYZ401,B,100,2.962,SSB_1,SSB_2,1,0,30,6,2,16,3.2,-116,-10,-5,2,12,10,14.97,11.98,88,13,23,59,80,SUCCESS,Excellent,5
2026-07-01 01:00:00,UE00073,32.94917938531531,-96.9649997058971,SITE01,XYZ402,B,101,1.523,SSB_2,SSB_3,2,60,30,6,2,20,4.0,-103,-10,9,8,18,16,7.54,6.03,290,74,114,60,52,PREP_FAILURE,Excellent,55
2026-07-01 02:00:00,UE00074,32.90736236613457,-96.98467657045221,SITE01,XYZ403,B,102,1.91,SSB_3,SSB_4,3,120,30,6,2,26,5.2,-105,-10,7,7,17,15,8.28,6.62,285,50,26,72,85,PREP_FAILURE,Coverage_Hole,48
2026-07-01 03:00:00,UE00075,32.90220316768201,-96.95839257055344,SITE01,XYZ401,A,100,2.746,SSB_4,SSB_5,4,180,30,6,2,25,5.0,-116,-10,3,5,15,13,10.71,8.57,266,34,35,30,54,EXEC_FAILURE,Poor,31
2026-07-01 04:00:00,UE00076,32.92427980900612,-96.94318534757397,SITE01,XYZ402,B,101,2.544,SSB_5,SSB_6,5,240,30,6,2,32,6.4,-115,-10,8,7,17,15,9.33,7.46,370,61,50,39,76,EXEC_FAILURE,Coverage_Hole,49
2026-07-01 05:00:00,UE00077,32.922819685984194,-96.99945641484393,SITE01,XYZ403,C,102,1.18,SSB_6,SSB_1,6,300,30,6,2,24,4.8,-102,-10,11,9,19,17,6.7,5.36,390,77,49,22,58,EXEC_FAILURE,Good,63
2026-07-01 06:00:00,UE00078,32.92952499735105,-96.96991988337474,SITE01,XYZ401,C,100,0.963,SSB_1,SSB_2,1,0,30,6,2,18,3.6,-88,-10,17,11,21,19,5.04,4.03,413,104,35,89,86,SUCCESS,Good,84
2026-07-01 07:00:00,UE00079,32.94050907556405,-96.94955183756336,SITE01,XYZ402,B,101,2.099,SSB_2,SSB_3,2,60,30,6,2,7,1.4,-102,-10,4,6,16,14,9.07,7.26,291,44,73,58,32,EXEC_FAILURE,Good,37
2026-07-01 08:00:00,UE00080,32.91454923218129,-97.01887451172655,SITE01,XYZ403,C,102,2.409,SSB_3,SSB_4,3,120,30,6,2,25,5.0,-106,-10,-4,2,12,10,13.96,11.17,103,16,101,58,29,SUCCESS,Poor,5
2026-07-01 09:00:00,UE00081,32.91884994626997,-96.94336828031634,SITE01,XYZ401,B,100,2.668,SSB_4,SSB_5,4,180,30,6,2,33,6.6,-110,-10,0,4,14,12,12.23,9.78,160,25,27,32,32,EXEC_FAILURE,Fair,20
2026-07-01 10:00:00,UE00082,32.909350355976144,-96.943471480107,SITE01,XYZ402,B,101,2.997,SSB_5,SSB_6,5,240,30,6,2,9,1.8,-120,-10,1,4,14,12,11.96,9.57,189,36,39,24,79,PREP_FAILURE,Excellent,23
2026-07-01 11:00:00,UE00083,32.92620664543423,-96.97157165202137,SITE01,XYZ403,A,102,0.997,SSB_6,SSB_1,6,300,30,6,2,14,2.8,-95,-10,10,8,18,16,7.47,5.98,294,51,29,68,82,EXEC_FAILURE,Good,58
2026-07-01 12:00:00,UE00084,32.93284581414722,-96.93899908459115,SITE01,XYZ401,A,100,2.68,SSB_1,SSB_2,1,0,30,6,2,33,6.6,-112,-10,0,4,14,12,12.77,10.22,187,37,85,71,18,EXEC_FAILURE,Poor,20
2026-07-01 13:00:00,UE00085,32.93988335825977,-96.93813733032293,SITE01,XYZ402,A,101,2.746,SSB_2,SSB_3,2,60,30,6,2,4,0.8,-115,-10,-2,3,13,11,12.07,9.66,159,27,68,66,63,SUCCESS,Fair,13
2026-07-01 14:00:00,UE00086,32.901849930158704,-96.99147263778774,SITE01,XYZ403,B,102,2.319,SSB_3,SSB_4,3,120,30,6,2,34,6.8,-108,-10,-2,3,13,11,12.98,10.38,161,27,27,92,82,PREP_FAILURE,Coverage_Hole,13
2026-07-01 15:00:00,UE00087,32.944478393409334,-96.99610884615551,SITE01,XYZ401,C,100,0.907,SSB_4,SSB_5,4,180,30,6,2,8,1.6,-92,-10,13,9,19,17,7.78,6.22,478,82,54,44,19,EXEC_FAILURE,Fair,67
2026-07-01 16:00:00,UE00088,32.934652853917044,-96.95772566069995,SITE01,XYZ402,A,101,1.591,SSB_5,SSB_6,5,240,30,6,2,12,2.4,-99,-10,6,6,16,14,10.92,8.74,227,55,128,59,59,PREP_FAILURE,Coverage_Hole,41
2026-07-01 17:00:00,UE00089,32.897727769873164,-97.00657162419442,SITE01,XYZ403,A,102,2.856,SSB_6,SSB_1,6,300,30,6,2,15,3.0,-113,-10,4,6,16,14,10.73,8.58,295,48,73,78,62,SUCCESS,Coverage_Hole,36
2026-07-01 18:00:00,UE00090,32.92214532549816,-97.03003828677149,SITE01,XYZ401,C,100,2.745,SSB_1,SSB_2,1,0,30,6,2,30,6.0,-110,-10,3,5,15,13,11.51,9.21,194,46,56,29,46,EXEC_FAILURE,Coverage_Hole,30
2026-07-01 19:00:00,UE00091,32.95497349142562,-96.94737287429278,SITE01,XYZ402,A,101,2.587,SSB_2,SSB_3,2,60,30,6,2,26,5.2,-110,-10,1,4,14,12,12.01,9.61,144,29,119,36,74,SUCCESS,Fair,23
2026-07-01 20:00:00,UE00092,32.93179602003737,-96.9670414502898,SITE01,XYZ403,B,102,1.075,SSB_3,SSB_4,3,120,30,6,2,28,5.6,-92,-10,12,9,19,17,7.68,6.14,387,62,82,39,82,EXEC_FAILURE,Excellent,65
2026-07-01 21:00:00,UE00093,32.92521125599474,-97.02915619156468,SITE01,XYZ401,C,100,2.634,SSB_4,SSB_5,4,180,30,6,2,28,5.6,-115,-10,0,4,14,12,11.15,8.92,205,38,113,71,21,SUCCESS,Fair,21
2026-07-01 22:00:00,UE00094,32.907731256238606,-96.95134671076167,SITE01,XYZ402,A,101,2.719,SSB_5,SSB_6,5,240,30,6,2,3,0.6,-116,-10,1,4,14,12,11.0,8.8,155,31,113,32,53,EXEC_FAILURE,Coverage_Hole,24
2026-07-01 23:00:00,UE00095,32.941650090821874,-96.94278136188522,SITE01,XYZ403,A,102,2.499,SSB_6,SSB_1,6,300,30,6,2,27,5.4,-110,-10,0,4,14,12,12.31,9.85,163,37,35,66,73,PREP_FAILURE,Fair,20
2026-07-01 00:00:00,UE00096,32.957689084993845,-96.98792817321406,SITE01,XYZ401,B,100,1.571,SSB_1,SSB_2,1,0,30,6,2,24,4.8,-95,-10,8,7,17,15,8.46,6.77,278,45,29,46,86,PREP_FAILURE,Excellent,50
2026-07-01 01:00:00,UE00097,32.9417769538179,-97.0328103296308,SITE01,XYZ402,B,101,2.796,SSB_2,SSB_3,2,60,30,6,2,23,4.6,-113,-10,0,4,14,12,12.52,10.02,189,27,17,39,60,EXEC_FAILURE,Excellent,20
2026-07-01 02:00:00,UE00098,32.933792822796605,-96.98625501958946,SITE01,XYZ403,B,102,0.105,SSB_3,SSB_4,3,120,30,6,2,21,4.2,-85,-10,22,13,23,21,3.12,2.5,520,89,16,91,25,SUCCESS,Excellent,100
2026-07-01 03:00:00,UE00099,32.93924637385204,-96.98274672531119,SITE01,XYZ401,B,100,0.323,SSB_4,SSB_5,4,180,30,6,2,32,6.4,-84,-10,12,9,19,17,7.2,5.76,371,77,55,27,25,PREP_FAILURE,Fair,65
2026-07-01 04:00:00,UE00100,32.93574038063979,-96.96844203522775,SITE01,XYZ402,B,101,0.972,SSB_5,SSB_6,5,240,30,6,2,32,6.4,-81,-10,13,9,19,17,7.4,5.92,414,57,111,52,44,SUCCESS,Coverage_Hole,68
2026-07-01 05:00:00,UE00101,32.92531693762092,-96.97644077598257,SITE01,XYZ403,A,102,0.841,SSB_6,SSB_1,6,300,30,6,2,10,2.0,-88,-10,11,9,19,17,7.38,5.9,453,63,81,25,23,PREP_FAILURE,Excellent,63
2026-07-01 06:00:00,UE00102,32.925456687304425,-96.98823189011563,SITE01,XYZ401,C,100,0.684,SSB_1,SSB_2,1,0,30,6,2,6,1.2,-84,-10,17,11,21,19,5.43,4.34,554,82,98,23,20,PREP_FAILURE,Good,84
2026-07-01 07:00:00,UE00103,32.964204589795656,-96.976103013255,SITE01,XYZ402,A,101,2.08,SSB_2,SSB_3,2,60,30,6,2,24,4.8,-106,-10,1,4,14,12,12.45,9.96,186,33,129,38,69,PREP_FAILURE,Poor,23
2026-07-01 08:00:00,UE00104,32.96102683833766,-97.01742640417004,SITE01,XYZ403,A,102,2.588,SSB_3,SSB_4,3,120,30,6,2,31,6.2,-114,-10,0,4,14,12,11.32,9.06,145,33,73,22,42,PREP_FAILURE,Fair,21
2026-07-01 09:00:00,UE00105,32.967269029410396,-96.96647788906955,SITE01,XYZ401,B,100,2.474,SSB_4,SSB_5,4,180,30,6,2,3,0.6,-106,-10,1,4,14,12,12.45,9.96,197,31,34,79,38,PREP_FAILURE,Excellent,23
2026-07-01 10:00:00,UE00106,32.90851630564206,-97.00471838257876,SITE01,XYZ402,C,101,2.151,SSB_5,SSB_6,5,240,30,6,2,11,2.2,-107,-10,2,5,15,13,11.21,8.97,233,44,123,37,54,SUCCESS,Excellent,28
2026-07-01 11:00:00,UE00107,32.93167630802225,-97.00356070222408,SITE01,XYZ403,C,102,1.088,SSB_6,SSB_1,6,300,30,6,2,13,2.6,-91,-10,12,9,19,17,6.98,5.58,364,82,103,21,84,SUCCESS,Fair,66
2026-07-01 12:00:00,UE00108,32.9154705143494,-96.96804958410097,SITE01,XYZ401,C,100,1.676,SSB_1,SSB_2,1,0,30,6,2,9,1.8,-93,-10,12,9,19,17,6.79,5.43,362,64,28,93,24,PREP_FAILURE,Excellent,66
2026-07-01 13:00:00,UE00109,32.93526728105408,-96.95119790230231,SITE01,XYZ402,A,101,1.969,SSB_2,SSB_3,2,60,30,6,2,11,2.2,-98,-10,8,7,17,15,8.33,6.66,273,45,63,63,70,EXEC_FAILURE,Poor,50
2026-07-01 14:00:00,UE00110,32.966249575256015,-96.97708800629427,SITE01,XYZ403,B,102,2.204,SSB_3,SSB_4,3,120,30,6,2,13,2.6,-112,-10,5,6,16,14,9.36,7.49,225,40,34,72,57,PREP_FAILURE,Good,40
2026-07-01 15:00:00,UE00111,32.95939952385907,-96.99015575570068,SITE01,XYZ401,B,100,1.705,SSB_4,SSB_5,4,180,30,6,2,22,4.4,-106,-10,9,8,18,16,8.04,6.43,337,64,59,71,64,PREP_FAILURE,Poor,55
2026-07-01 16:00:00,UE00112,32.970080575813526,-96.99319080944952,SITE01,XYZ402,A,101,2.462,SSB_5,SSB_6,5,240,30,6,2,33,6.6,-109,-10,0,4,14,12,11.89,9.51,206,27,69,62,88,PREP_FAILURE,Good,21
2026-07-01 17:00:00,UE00113,32.94548991624446,-97.00756426377049,SITE01,XYZ403,C,102,1.482,SSB_6,SSB_1,6,300,30,6,2,0,0.0,-96,-10,11,9,19,17,6.23,4.98,452,84,45,33,67,SUCCESS,Excellent,64
2026-07-01 18:00:00,UE00114,32.92726908350182,-96.99935812697672,SITE01,XYZ401,B,100,0.979,SSB_1,SSB_2,1,0,30,6,2,10,2.0,-91,-10,14,10,20,18,6.74,5.39,500,82,116,23,33,PREP_FAILURE,Good,73
2026-07-01 19:00:00,UE00115,32.94627009560007,-97.02840541672042,SITE01,XYZ402,A,101,2.619,SSB_2,SSB_3,2,60,30,6,2,14,2.8,-107,-10,0,4,14,12,11.24,8.99,183,25,90,90,29,SUCCESS,Fair,21
2026-07-01 20:00:00,UE00116,32.909330872153994,-96.97497144369413,SITE01,XYZ403,B,102,1.87,SSB_3,SSB_4,3,120,30,6,2,13,2.6,-105,-10,2,5,15,13,10.45,8.36,186,41,80,65,23,EXEC_FAILURE,Coverage_Hole,29
2026-07-01 21:00:00,UE00117,32.894928579503166,-96.99095900086976,SITE01,XYZ401,C,100,2.787,SSB_4,SSB_5,4,180,30,6,2,14,2.8,-116,-10,-1,3,13,11,12.68,10.14,128,23,57,67,84,PREP_FAILURE,Good,15
2026-07-01 22:00:00,UE00118,32.898586735064164,-96.99103076393745,SITE01,XYZ402,C,101,2.538,SSB_5,SSB_6,5,240,30,6,2,10,2.0,-112,-10,4,6,16,14,10.79,8.63,223,56,29,87,35,SUCCESS,Fair,36
2026-07-01 23:00:00,UE00119,32.92124488031661,-96.98373924744621,SITE01,XYZ403,B,102,0.955,SSB_6,SSB_1,6,300,30,6,2,15,3.0,-94,-10,11,9,19,17,6.61,5.29,454,73,50,49,32,PREP_FAILURE,Excellent,63
2026-07-01 00:00:00,UE00120,32.95410385345402,-97.0310826806651,SITE01,XYZ401,B,100,2.965,SSB_1,SSB_2,1,0,30,6,2,19,3.8,-121,-10,-2,3,13,11,13.72,10.98,151,20,21,73,15,SUCCESS,Good,12
2026-07-01 01:00:00,UE00121,32.94960516915034,-96.98491998838335,SITE01,XYZ402,B,101,1.005,SSB_2,SSB_3,2,60,30,6,2,23,4.6,-90,-10,20,12,22,20,4.19,3.35,603,101,56,91,38,SUCCESS,Good,94
2026-07-01 02:00:00,UE00122,32.92797344396158,-96.96039798592466,SITE01,XYZ403,A,102,1.517,SSB_3,SSB_4,3,120,30,6,2,9,1.8,-95,-10,10,8,18,16,8.34,6.67,404,70,69,88,61,SUCCESS,Fair,57
2026-07-01 03:00:00,UE00123,32.89508673523606,-96.97701507509505,SITE01,XYZ401,B,100,2.797,SSB_4,SSB_5,4,180,30,6,2,10,2.0,-120,-10,0,4,14,12,11.62,9.3,160,28,87,97,71,PREP_FAILURE,Excellent,21
2026-07-01 04:00:00,UE00124,32.963318887410026,-96.94627487491879,SITE01,XYZ402,B,101,2.982,SSB_5,SSB_6,5,240,30,6,2,23,4.6,-120,-10,2,5,15,13,10.86,8.69,244,43,33,87,56,EXEC_FAILURE,Coverage_Hole,29
2026-07-01 05:00:00,UE00125,32.945557338375664,-96.97771840746609,SITE01,XYZ403,A,102,0.845,SSB_6,SSB_1,6,300,30,6,2,1,0.2,-93,-10,12,9,19,17,6.71,5.37,335,72,58,46,46,SUCCESS,Good,66
2026-07-01 06:00:00,UE00126,32.93934534602561,-96.94278876732749,SITE01,XYZ401,B,100,2.474,SSB_1,SSB_2,1,0,30,6,2,34,6.8,-116,-10,0,4,14,12,11.1,8.88,171,30,101,49,22,PREP_FAILURE,Poor,21
2026-07-01 07:00:00,UE00127,32.9476166348808,-96.9888835312996,SITE01,XYZ402,A,101,0.894,SSB_2,SSB_3,2,60,30,6,2,15,3.0,-84,-10,16,11,21,19,4.34,3.47,477,85,30,31,22,EXEC_FAILURE,Coverage_Hole,82
2026-07-01 08:00:00,UE00128,32.94988944042328,-96.98810003393875,SITE01,XYZ403,C,102,1.038,SSB_3,SSB_4,3,120,30,6,2,7,1.4,-94,-10,15,10,20,18,6.34,5.07,376,72,46,52,30,PREP_FAILURE,Poor,76
2026-07-01 09:00:00,UE00129,32.970699073266026,-96.97537811035268,SITE01,XYZ401,A,100,2.526,SSB_4,SSB_5,4,180,30,6,2,8,1.6,-115,-10,-1,3,13,11,12.72,10.18,112,28,89,86,66,PREP_FAILURE,Good,15
2026-07-01 10:00:00,UE00130,32.901505313217804,-96.98915058392588,SITE01,XYZ402,A,101,2.325,SSB_5,SSB_6,5,240,30,6,2,17,3.4,-109,-10,5,6,16,14,10.98,8.78,307,42,49,49,44,PREP_FAILURE,Fair,38
2026-07-01 11:00:00,UE00131,32.92201950433491,-96.94184754394742,SITE01,XYZ403,B,102,2.667,SSB_6,SSB_1,6,300,30,6,2,19,3.8,-114,-10,-2,3,13,11,12.35,9.88,145,22,24,44,80,SUCCESS,Coverage_Hole,13
2026-07-01 12:00:00,UE00132,32.970742412980435,-97.00763917302478,SITE01,XYZ401,A,100,2.785,SSB_1,SSB_2,1,0,30,6,2,5,1.0,-105,-10,-2,3,13,11,13.53,10.82,117,24,27,27,35,PREP_FAILURE,Poor,12
2026-07-01 13:00:00,UE00133,32.9505941383813,-96.98957634517748,SITE01,XYZ402,A,101,1.103,SSB_2,SSB_3,2,60,30,6,2,17,3.4,-90,-10,12,9,19,17,6.86,5.49,374,72,74,82,20,SUCCESS,Fair,66
2026-07-01 14:00:00,UE00134,32.914955690481335,-97.01822119711703,SITE01,XYZ403,A,102,2.361,SSB_3,SSB_4,3,120,30,6,2,14,2.8,-110,-10,6,6,16,14,9.12,7.3,323,39,101,28,35,SUCCESS,Poor,42
2026-07-01 15:00:00,UE00135,32.9543146573254,-96.96828187540336,SITE01,XYZ401,B,100,1.652,SSB_4,SSB_5,4,180,30,6,2,28,5.6,-101,-10,8,7,17,15,9.02,7.22,377,63,117,69,77,SUCCESS,Poor,49
2026-07-01 16:00:00,UE00136,32.91935549244782,-97.01235397142788,SITE01,XYZ402,B,101,1.909,SSB_5,SSB_6,5,240,30,6,2,4,0.8,-101,-10,0,4,14,12,11.96,9.57,156,30,69,21,76,EXEC_FAILURE,Coverage_Hole,21
2026-07-01 17:00:00,UE00137,32.934665572726836,-96.97803877699539,SITE01,XYZ403,A,102,0.416,SSB_6,SSB_1,6,300,30,6,2,20,4.0,-85,-10,19,12,22,20,4.07,3.26,478,77,96,64,46,SUCCESS,Fair,92
2026-07-01 18:00:00,UE00138,32.92141839477586,-97.00641884169012,SITE01,XYZ401,C,100,1.547,SSB_1,SSB_2,1,0,30,6,2,17,3.4,-105,-10,9,8,18,16,7.3,5.84,306,73,119,71,43,PREP_FAILURE,Good,56
2026-07-01 19:00:00,UE00139,32.96503770059719,-97.0139930639753,SITE01,XYZ402,C,101,2.658,SSB_2,SSB_3,2,60,30,6,2,20,4.0,-108,-10,-3,3,13,11,12.88,10.3,121,27,48,27,73,PREP_FAILURE,Excellent,10
2026-07-01 20:00:00,UE00140,32.96615967661684,-96.96869568908998,SITE01,XYZ403,A,102,2.351,SSB_3,SSB_4,3,120,30,6,2,12,2.4,-114,-10,2,5,15,13,11.47,9.18,226,42,101,62,15,SUCCESS,Fair,28
2026-07-01 21:00:00,UE00141,32.94660921933413,-96.98415078373105,SITE01,XYZ401,C,100,0.801,SSB_4,SSB_5,4,180,30,6,2,27,5.4,-94,-10,12,9,19,17,6.7,5.36,449,76,121,77,19,SUCCESS,Good,66
2026-07-01 22:00:00,UE00142,32.94050886582333,-96.98150070900054,SITE01,XYZ402,B,101,0.434,SSB_5,SSB_6,5,240,30,6,2,3,0.6,-81,-10,22,13,23,21,2.76,2.21,516,88,119,60,76,EXEC_FAILURE,Good,100
2026-07-01 23:00:00,UE00143,32.95246249865222,-96.96437822669365,SITE01,XYZ403,B,102,1.703,SSB_6,SSB_1,6,300,30,6,2,31,6.2,-104,-10,7,7,17,15,8.97,7.18,367,56,25,29,29,SUCCESS,Good,47
2026-07-01 00:00:00,UE00144,32.92072778692007,-96.96753491659749,SITE01,XYZ401,C,100,1.422,SSB_1,SSB_2,1,0,30,6,2,20,4.0,-103,-10,4,6,16,14,10.23,8.18,317,43,60,40,46,PREP_FAILURE,Excellent,36
2026-07-01 01:00:00,UE00145,32.913773960320185,-96.99239267967528,SITE01,XYZ402,C,101,1.525,SSB_2,SSB_3,2,60,30,6,2,22,4.4,-103,-10,11,9,19,17,7.96,6.37,445,73,100,41,36,SUCCESS,Coverage_Hole,62
2026-07-01 02:00:00,UE00146,32.94697921755457,-96.96971543987071,SITE01,XYZ403,B,102,1.218,SSB_3,SSB_4,3,120,30,6,2,12,2.4,-90,-10,13,9,19,17,6.43,5.14,405,81,57,56,75,SUCCESS,Fair,69
2026-07-01 03:00:00,UE00147,32.91327207760227,-96.9964279945585,SITE01,XYZ401,A,100,1.636,SSB_4,SSB_5,4,180,30,6,2,15,3.0,-96,-10,9,8,18,16,8.27,6.62,397,55,122,24,17,SUCCESS,Poor,55
2026-07-01 04:00:00,UE00148,32.92388425197188,-96.97573685653845,SITE01,XYZ402,B,101,0.945,SSB_5,SSB_6,5,240,30,6,2,26,5.2,-92,-10,15,10,20,18,6.11,4.89,491,83,55,32,23,PREP_FAILURE,Good,76
2026-07-01 05:00:00,UE00149,32.97203520135046,-96.97525748645444,SITE01,XYZ403,C,102,2.617,SSB_6,SSB_1,6,300,30,6,2,30,6.0,-116,-10,2,5,15,13,11.92,9.54,213,37,84,75,72,EXEC_FAILURE,Coverage_Hole,28
2026-07-01 06:00:00,UE00150,32.94165747409522,-97.02599798353943,SITE01,XYZ401,B,100,2.406,SSB_1,SSB_2,1,0,30,6,2,9,1.8,-111,-10,0,4,14,12,12.33,9.86,144,27,60,23,74,SUCCESS,Coverage_Hole,20
2026-07-01 07:00:00,UE00151,32.92376273985984,-96.99351522043558,SITE01,XYZ402,B,101,0.915,SSB_2,SSB_3,2,60,30,6,2,3,0.6,-81,-10,13,9,19,17,6.13,4.9,417,73,38,53,44,PREP_FAILURE,Fair,69
2026-07-01 08:00:00,UE00152,32.94529610353733,-97.00917421869717,SITE01,XYZ403,C,102,1.558,SSB_3,SSB_4,3,120,30,6,2,30,6.0,-102,-10,9,8,18,16,7.12,5.7,336,71,62,64,69,SUCCESS,Excellent,56
2026-07-01 09:00:00,UE00153,32.93741285265042,-96.97004414667354,SITE01,XYZ401,B,100,0.893,SSB_4,SSB_5,4,180,30,6,2,16,3.2,-83,-10,16,11,21,19,6.0,4.8,580,93,18,39,61,EXEC_FAILURE,Poor,81
2026-07-01 10:00:00,UE00154,32.91080033422405,-96.99920773909659,SITE01,XYZ402,B,101,1.859,SSB_5,SSB_6,5,240,30,6,2,29,5.8,-107,-10,7,7,17,15,8.72,6.98,294,45,123,89,65,SUCCESS,Fair,47
2026-07-01 11:00:00,UE00155,32.91502454508107,-96.97391872169167,SITE01,XYZ403,B,102,1.528,SSB_6,SSB_1,6,300,30,6,2,3,0.6,-96,-10,7,7,17,15,8.92,7.14,312,47,117,58,49,SUCCESS,Excellent,47
2026-07-01 12:00:00,UE00156,32.938448410906766,-96.98367221958004,SITE01,XYZ401,B,100,0.252,SSB_1,SSB_2,1,0,30,6,2,20,4.0,-83,-10,18,12,22,20,3.8,3.04,631,94,38,49,21,EXEC_FAILURE,Poor,90
2026-07-01 13:00:00,UE00157,32.973129505514414,-96.99243878208179,SITE01,XYZ402,B,101,2.662,SSB_2,SSB_3,2,60,30,6,2,19,3.8,-117,-10,-5,2,12,10,14.69,11.75,81,13,121,76,35,PREP_FAILURE,Excellent,5
2026-07-01 14:00:00,UE00158,32.96773999754969,-96.96168440422667,SITE01,XYZ403,B,102,2.636,SSB_3,SSB_4,3,120,30,6,2,20,4.0,-109,-10,-2,3,13,11,13.1,10.48,114,27,40,33,71,SUCCESS,Good,12
2026-07-01 15:00:00,UE00159,32.961418444804494,-96.94469640866683,SITE01,XYZ401,A,100,2.969,SSB_4,SSB_5,4,180,30,6,2,11,2.2,-120,-10,0,4,14,12,11.68,9.34,166,37,75,60,47,PREP_FAILURE,Coverage_Hole,21
2026-07-01 16:00:00,UE00160,32.93491137520068,-96.96061230354773,SITE01,XYZ402,A,101,1.424,SSB_5,SSB_6,5,240,30,6,2,21,4.2,-96,-10,13,9,19,17,7.05,5.64,342,82,31,89,84,PREP_FAILURE,Excellent,68
2026-07-01 17:00:00,UE00161,32.95304853076368,-96.95893933595454,SITE01,XYZ403,C,102,1.964,SSB_6,SSB_1,6,300,30,6,2,21,4.2,-108,-10,7,7,17,15,8.2,6.56,360,55,54,57,74,EXEC_FAILURE,Good,48
2026-07-01 18:00:00,UE00162,32.94677062943249,-97.03448970769976,SITE01,XYZ401,C,100,2.967,SSB_1,SSB_2,1,0,30,6,2,21,4.2,-125,-10,-2,3,13,11,13.74,10.99,137,26,118,33,41,SUCCESS,Excellent,12
2026-07-01 19:00:00,UE00163,32.935185881475775,-97.02397413045544,SITE01,XYZ402,B,101,2.245,SSB_2,SSB_3,2,60,30,6,2,34,6.8,-100,-10,9,8,18,16,7.19,5.75,337,58,53,71,37,SUCCESS,Fair,56
2026-07-01 20:00:00,UE00164,32.93933355834888,-97.01674064326006,SITE01,XYZ403,C,102,1.85,SSB_3,SSB_4,3,120,30,6,2,8,1.6,-109,-10,7,7,17,15,9.59,7.67,324,59,29,67,56,PREP_FAILURE,Poor,46
2026-07-01 21:00:00,UE00165,32.9216358063449,-96.99900868982054,SITE01,XYZ401,A,100,1.222,SSB_4,SSB_5,4,180,30,6,2,7,1.4,-91,-10,10,8,18,16,7.34,5.87,361,66,46,67,18,PREP_FAILURE,Fair,58
2026-07-01 22:00:00,UE00166,32.94853381845677,-97.03113071182659,SITE01,XYZ402,B,101,2.818,SSB_5,SSB_6,5,240,30,6,2,12,2.4,-113,-10,-1,3,13,11,12.84,10.27,161,25,18,47,73,EXEC_FAILURE,Fair,15
2026-07-01 23:00:00,UE00167,32.965087691169735,-96.96151091611866,SITE01,XYZ403,C,102,2.486,SSB_6,SSB_1,6,300,30,6,2,5,1.0,-113,-10,-2,3,13,11,13.95,11.16,126,22,74,63,25,PREP_FAILURE,Poor,12
2026-07-01 00:00:00,UE00168,32.91657099386295,-96.95784448664004,SITE01,XYZ401,B,100,2.033,SSB_1,SSB_2,1,0,30,6,2,25,5.0,-99,-10,4,6,16,14,9.67,7.74,234,52,47,54,66,PREP_FAILURE,Excellent,37
2026-07-01 01:00:00,UE00169,32.94852627902561,-96.94364855332671,SITE01,XYZ402,C,101,2.58,SSB_2,SSB_3,2,60,30,6,2,29,5.8,-116,-10,6,6,16,14,10.15,8.12,295,53,105,54,47,SUCCESS,Good,41
2026-07-01 02:00:00,UE00170,32.925381339018465,-97.01240681902033,SITE01,XYZ403,B,102,1.711,SSB_3,SSB_4,3,120,30,6,2,3,0.6,-102,-10,9,8,18,16,8.67,6.94,328,67,39,66,52,EXEC_FAILURE,Coverage_Hole,54
2026-07-01 03:00:00,UE00171,32.93240302737183,-96.97630122794004,SITE01,XYZ401,C,100,0.547,SSB_4,SSB_5,4,180,30,6,2,12,2.4,-83,-10,17,11,21,19,5.74,4.59,547,98,96,25,37,EXEC_FAILURE,Fair,83
2026-07-01 04:00:00,UE00172,32.9153078862074,-96.96298905347952,SITE01,XYZ402,A,101,1.873,SSB_5,SSB_6,5,240,30,6,2,19,3.8,-105,-10,2,5,15,13,10.26,8.21,217,44,39,59,28,PREP_FAILURE,Excellent,29
2026-07-01 05:00:00,UE00173,32.95494178711572,-97.00009236478944,SITE01,XYZ403,C,102,1.622,SSB_6,SSB_1,6,300,30,6,2,18,3.6,-96,-10,10,8,18,16,7.04,5.63,426,69,28,57,67,SUCCESS,Poor,58
2026-07-01 06:00:00,UE00174,32.93572445933376,-96.96912727874556,SITE01,XYZ401,B,100,0.932,SSB_1,SSB_2,1,0,30,6,2,13,2.6,-90,-10,13,9,19,17,6.6,5.28,420,66,55,87,82,PREP_FAILURE,Excellent,68
2026-07-01 07:00:00,UE00175,32.92159168649573,-96.96010072102497,SITE01,XYZ402,C,101,1.724,SSB_2,SSB_3,2,60,30,6,2,20,4.0,-96,-10,7,7,17,15,8.57,6.86,306,50,35,88,62,SUCCESS,Fair,47
2026-07-01 08:00:00,UE00176,32.93266531596996,-97.02129385416876,SITE01,XYZ403,A,102,2.097,SSB_3,SSB_4,3,120,30,6,2,7,1.4,-108,-10,4,6,16,14,10.74,8.59,222,56,101,66,54,PREP_FAILURE,Poor,36
2026-07-01 09:00:00,UE00177,32.95427659951076,-96.95835309459638,SITE01,XYZ401,C,100,2.044,SSB_4,SSB_5,4,180,30,6,2,28,5.6,-109,-10,3,5,15,13,10.34,8.27,265,39,18,74,85,PREP_FAILURE,Poor,32
2026-07-01 10:00:00,UE00178,32.91753526258376,-97.01476331113979,SITE01,XYZ402,B,101,2.095,SSB_5,SSB_6,5,240,30,6,2,5,1.0,-105,-10,6,6,16,14,10.49,8.39,270,50,39,36,75,PREP_FAILURE,Good,41
2026-07-01 11:00:00,UE00179,32.937934115406996,-96.9359762780531,SITE01,XYZ403,A,102,2.858,SSB_6,SSB_1,6,300,30,6,2,19,3.8,-125,-10,-6,1,11,9,14.95,11.96,47,7,27,80,63,PREP_FAILURE,Excellent,5
2026-07-01 12:00:00,UE00180,32.95484736651365,-96.97965698199015,SITE01,XYZ401,A,100,1.404,SSB_1,SSB_2,1,0,30,6,2,8,1.6,-97,-10,8,7,17,15,9.61,7.69,324,56,63,60,31,SUCCESS,Fair,49
2026-07-01 13:00:00,UE00181,32.89867315757788,-97.00720235828229,SITE01,XYZ402,A,101,2.814,SSB_2,SSB_3,2,60,30,6,2,18,3.6,-115,-10,-3,3,13,11,13.86,11.09,116,22,123,31,75,SUCCESS,Coverage_Hole,9
2026-07-01 14:00:00,UE00182,32.970362606625294,-96.99770798196508,SITE01,XYZ403,B,102,2.543,SSB_3,SSB_4,3,120,30,6,2,19,3.8,-109,-10,2,5,15,13,10.0,8.0,244,45,32,85,82,PREP_FAILURE,Excellent,30
2026-07-01 15:00:00,UE00183,32.915061011076475,-96.95955242393039,SITE01,XYZ401,A,100,2.026,SSB_4,SSB_5,4,180,30,6,2,14,2.8,-105,-10,2,5,15,13,11.5,9.2,186,33,53,21,77,SUCCESS,Excellent,28
2026-07-01 16:00:00,UE00184,32.96169531621745,-97.01214478312414,SITE01,XYZ402,B,101,2.412,SSB_5,SSB_6,5,240,30,6,2,2,0.4,-109,-10,9,8,18,16,7.28,5.82,304,55,41,21,52,EXEC_FAILURE,Good,56
2026-07-01 17:00:00,UE00185,32.93088575430659,-96.9825645975341,SITE01,XYZ403,A,102,0.325,SSB_6,SSB_1,6,300,30,6,2,30,6.0,-82,-10,13,9,19,17,7.15,5.72,331,61,37,43,52,SUCCESS,Fair,68
2026-07-01 18:00:00,UE00186,32.92177075737503,-97.01526742440612,SITE01,XYZ401,C,100,1.967,SSB_1,SSB_2,1,0,30,6,2,2,0.4,-108,-10,2,5,15,13,11.58,9.26,220,44,42,63,55,EXEC_FAILURE,Fair,28
2026-07-01 19:00:00,UE00187,32.91214950756969,-96.95658779041179,SITE01,XYZ402,A,101,2.289,SSB_2,SSB_3,2,60,30,6,2,6,1.2,-102,-10,5,6,16,14,10.38,8.3,256,41,70,84,79,EXEC_FAILURE,Poor,39
2026-07-01 20:00:00,UE00188,32.90984190887237,-96.98846624984813,SITE01,XYZ403,B,102,1.749,SSB_3,SSB_4,3,120,30,6,2,7,1.4,-96,-10,5,6,16,14,10.19,8.15,226,54,62,75,79,EXEC_FAILURE,Poor,39
2026-07-01 21:00:00,UE00189,32.952549459962995,-96.98890774159229,SITE01,XYZ401,B,100,1.227,SSB_4,SSB_5,4,180,30,6,2,26,5.2,-98,-10,12,9,19,17,6.2,4.96,357,84,65,69,20,EXEC_FAILURE,Coverage_Hole,66
2026-07-01 22:00:00,UE00190,32.927850439679986,-96.95118430591104,SITE01,XYZ402,A,101,2.031,SSB_5,SSB_6,5,240,30,6,2,28,5.6,-105,-10,5,6,16,14,10.78,8.62,281,54,73,66,31,SUCCESS,Poor,38
2026-07-01 23:00:00,UE00191,32.89240816584347,-96.97809633494089,SITE01,XYZ403,A,102,2.97,SSB_6,SSB_1,6,300,30,6,2,33,6.6,-122,-10,-2,3,13,11,12.49,9.99,153,22,65,65,35,EXEC_FAILURE,Poor,13
2026-07-01 00:00:00,UE00192,32.91262050266347,-96.9999873831748,SITE01,XYZ401,C,100,1.768,SSB_1,SSB_2,1,0,30,6,2,16,3.2,-102,-10,3,5,15,13,11.25,9.0,224,38,96,43,33,SUCCESS,Coverage_Hole,31
2026-07-01 01:00:00,UE00193,32.94508392291909,-97.00113380063941,SITE01,XYZ402,B,101,1.154,SSB_2,SSB_3,2,60,30,6,2,11,2.2,-91,-10,13,9,19,17,6.26,5.01,420,74,35,30,19,SUCCESS,Poor,69
2026-07-01 02:00:00,UE00194,32.9640480795946,-96.97759803810105,SITE01,XYZ403,A,102,2.05,SSB_3,SSB_4,3,120,30,6,2,10,2.0,-108,-10,5,6,16,14,10.51,8.41,269,44,76,42,29,EXEC_FAILURE,Fair,38
2026-07-01 03:00:00,UE00195,32.90801770394189,-96.94739749735164,SITE01,XYZ401,C,100,2.876,SSB_4,SSB_5,4,180,30,6,2,3,0.6,-114,-10,-1,3,13,11,12.91,10.33,131,24,123,54,62,EXEC_FAILURE,Excellent,15
2026-07-01 04:00:00,UE00196,32.94563757749794,-96.98495039825751,SITE01,XYZ402,A,101,0.732,SSB_5,SSB_6,5,240,30,6,2,4,0.8,-93,-10,18,12,22,20,3.48,2.78,499,86,61,80,45,EXEC_FAILURE,Good,90
2026-07-01 05:00:00,UE00197,32.92358597020577,-97.01827038448745,SITE01,XYZ403,A,102,2.072,SSB_6,SSB_1,6,300,30,6,2,1,0.2,-101,-10,8,7,17,15,8.27,6.62,289,52,38,54,70,PREP_FAILURE,Excellent,50
2026-07-01 06:00:00,UE00198,32.973695666872445,-96.98794116682133,SITE01,XYZ401,A,100,2.672,SSB_1,SSB_2,1,0,30,6,2,7,1.4,-114,-10,-1,3,13,11,13.27,10.62,111,19,74,92,15,EXEC_FAILURE,Good,15
2026-07-01 07:00:00,UE00199,32.92371808830125,-96.97528670612398,SITE01,XYZ402,C,101,0.969,SSB_2,SSB_3,2,60,30,6,2,7,1.4,-94,-10,16,11,21,19,5.37,4.3,400,81,28,79,59,PREP_FAILURE,Coverage_Hole,81
2026-07-01 08:00:00,UE00200,32.89297221577804,-96.99235948211363,SITE01,XYZ403,B,102,2.932,SSB_3,SSB_4,3,120,30,6,2,1,0.2,-118,-10,-3,3,13,11,13.0,10.4,150,25,104,32,70,EXEC_FAILURE,Poor,10
2026-07-01 09:00:00,UE00201,32.90215890245775,-96.95722887419409,SITE01,XYZ401,A,100,2.788,SSB_4,SSB_5,4,180,30,6,2,0,0.0,-118,-10,-2,3,13,11,12.53,10.02,109,24,119,49,67,SUCCESS,Coverage_Hole,13
2026-07-01 10:00:00,UE00202,32.917627329789624,-96.9731308859682,SITE01,XYZ402,B,101,1.39,SSB_5,SSB_6,5,240,30,6,2,7,1.4,-99,-10,12,9,19,17,7.44,5.95,464,70,66,39,46,PREP_FAILURE,Good,65
2026-07-01 11:00:00,UE00203,32.95120609969099,-97.02450606085606,SITE01,XYZ403,C,102,2.535,SSB_6,SSB_1,6,300,30,6,2,17,3.4,-110,-10,4,6,16,14,10.04,8.03,231,53,45,97,48,PREP_FAILURE,Good,36
2026-07-01 12:00:00,UE00204,32.930051357079186,-96.9415950644969,SITE01,XYZ401,B,100,2.549,SSB_1,SSB_2,1,0,30,6,2,21,4.2,-115,-10,0,4,14,12,11.38,9.1,200,34,95,69,22,SUCCESS,Coverage_Hole,21
2026-07-01 13:00:00,UE00205,32.971633208971305,-96.96025212824983,SITE01,XYZ402,C,101,2.909,SSB_2,SSB_3,2,60,30,6,2,12,2.4,-116,-10,-5,2,12,10,14.73,11.78,92,18,63,89,70,EXEC_FAILURE,Coverage_Hole,5
2026-07-01 14:00:00,UE00206,32.949326544143304,-96.98056795135484,SITE01,XYZ403,A,102,1.022,SSB_3,SSB_4,3,120,30,6,2,20,4.0,-88,-10,13,9,19,17,7.69,6.15,433,61,121,32,47,EXEC_FAILURE,Excellent,67
2026-07-01 15:00:00,UE00207,32.9685954163235,-96.99988671501501,SITE01,XYZ401,A,100,2.467,SSB_4,SSB_5,4,180,30,6,2,27,5.4,-111,-10,-3,3,13,11,13.27,10.62,161,20,113,66,32,PREP_FAILURE,Fair,10
2026-07-01 16:00:00,UE00208,32.96005912460055,-96.97502460396196,SITE01,XYZ402,B,101,1.824,SSB_5,SSB_6,5,240,30,6,2,8,1.6,-104,-10,11,9,19,17,7.64,6.11,461,63,89,73,70,PREP_FAILURE,Excellent,62
2026-07-01 17:00:00,UE00209,32.93601730122211,-97.03141277410445,SITE01,XYZ403,A,102,2.677,SSB_6,SSB_1,6,300,30,6,2,5,1.0,-114,-10,-1,3,13,11,13.86,11.09,114,26,42,73,68,SUCCESS,Poor,14
2026-07-01 18:00:00,UE00210,32.947277224159016,-96.98116202240027,SITE01,XYZ401,B,100,0.876,SSB_1,SSB_2,1,0,30,6,2,9,1.8,-85,-10,16,11,21,19,5.56,4.45,503,73,27,56,38,PREP_FAILURE,Excellent,81
2026-07-01 19:00:00,UE00211,32.921906008957414,-96.97576835651863,SITE01,XYZ402,B,101,1.058,SSB_2,SSB_3,2,60,30,6,2,24,4.8,-102,-10,12,9,19,17,7.06,5.65,420,57,74,84,42,EXEC_FAILURE,Excellent,65
2026-07-01 20:00:00,UE00212,32.96607256004619,-96.99081747593362,SITE01,XYZ403,A,102,2.166,SSB_3,SSB_4,3,120,30,6,2,24,4.8,-104,-10,5,6,16,14,9.24,7.39,244,38,69,77,21,SUCCESS,Poor,40
2026-07-01 21:00:00,UE00213,32.93454431621058,-96.98338843722982,SITE01,XYZ401,C,100,0.11,SSB_4,SSB_5,4,180,30,6,2,32,6.4,-78,-10,21,13,23,21,3.69,2.95,473,120,103,91,59,PREP_FAILURE,Fair,99
2026-07-01 22:00:00,UE00214,32.95695640479873,-96.97376436292711,SITE01,XYZ402,B,101,1.651,SSB_5,SSB_6,5,240,30,6,2,25,5.0,-102,-10,5,6,16,14,9.97,7.98,296,47,118,28,19,PREP_FAILURE,Fair,39
2026-07-01 23:00:00,UE00215,32.9729742288776,-96.96195337723334,SITE01,XYZ403,C,102,2.944,SSB_6,SSB_1,6,300,30,6,2,9,1.8,-122,-10,-4,2,12,10,13.39,10.71,77,16,59,30,67,EXEC_FAILURE,Poor,5
2026-07-01 00:00:00,UE00216,32.94784074693356,-97.02383276303455,SITE01,XYZ401,A,100,2.405,SSB_1,SSB_2,1,0,30,6,2,25,5.0,-110,-10,3,5,15,13,11.45,9.16,228,32,128,24,66,SUCCESS,Fair,31
2026-07-01 01:00:00,UE00217,32.9271177672403,-96.97967306162364,SITE01,XYZ402,B,101,0.633,SSB_2,SSB_3,2,60,30,6,2,5,1.0,-82,-10,14,10,20,18,5.71,4.57,530,94,76,81,88,PREP_FAILURE,Coverage_Hole,74
2026-07-01 02:00:00,UE00218,32.907720893017434,-96.9982951972007,SITE01,XYZ403,A,102,2.032,SSB_3,SSB_4,3,120,30,6,2,10,2.0,-105,-10,8,7,17,15,9.8,7.84,336,47,64,30,42,PREP_FAILURE,Excellent,49
2026-07-01 03:00:00,UE00219,32.953439276457445,-96.99210900560524,SITE01,XYZ401,B,100,1.331,SSB_4,SSB_5,4,180,30,6,2,17,3.4,-95,-10,11,9,19,17,6.52,5.22,394,74,20,23,43,EXEC_FAILURE,Coverage_Hole,63
2026-07-01 04:00:00,UE00220,32.97595537087193,-96.99767547427622,SITE01,XYZ402,C,101,2.914,SSB_5,SSB_6,5,240,30,6,2,31,6.2,-115,-10,-2,3,13,11,13.51,10.81,116,23,108,84,57,EXEC_FAILURE,Excellent,12
2026-07-01 05:00:00,UE00221,32.91894541543118,-96.99351075794357,SITE01,XYZ403,B,102,1.21,SSB_6,SSB_1,6,300,30,6,2,27,5.4,-94,-10,16,11,21,19,4.02,3.22,397,82,57,61,80,EXEC_FAILURE,Fair,82
2026-07-01 06:00:00,UE00222,32.93561368319651,-96.95911181018987,SITE01,XYZ401,B,100,1.511,SSB_1,SSB_2,1,0,30,6,2,26,5.2,-94,-10,8,7,17,15,8.0,6.4,365,48,129,20,46,SUCCESS,Coverage_Hole,51
2026-07-01 07:00:00,UE00223,32.91514731628109,-97.01223343003889,SITE01,XYZ402,A,101,2.082,SSB_2,SSB_3,2,60,30,6,2,28,5.6,-106,-10,2,5,15,13,10.55,8.44,235,47,105,87,79,PREP_FAILURE,Excellent,29
2026-07-01 08:00:00,UE00224,32.9516112708971,-96.99634487414207,SITE01,XYZ403,B,102,1.313,SSB_3,SSB_4,3,120,30,6,2,16,3.2,-95,-10,8,7,17,15,8.44,6.75,256,45,112,60,82,SUCCESS,Fair,50
2026-07-01 09:00:00,UE00225,32.9057315936399,-96.96809683245274,SITE01,XYZ401,A,100,2.252,SSB_4,SSB_5,4,180,30,6,2,25,5.0,-104,-10,1,4,14,12,11.29,9.03,174,37,35,97,18,EXEC_FAILURE,Good,24
2026-07-01 10:00:00,UE00226,32.89563736449981,-96.99868233657133,SITE01,XYZ402,B,101,2.828,SSB_5,SSB_6,5,240,30,6,2,26,5.2,-118,-10,-3,3,13,11,12.59,10.07,140,19,29,56,15,EXEC_FAILURE,Fair,10
2026-07-01 11:00:00,UE00227,32.91540962698978,-96.94401725194783,SITE01,XYZ403,A,102,2.743,SSB_6,SSB_1,6,300,30,6,2,22,4.4,-110,-10,1,4,14,12,12.31,9.85,154,36,37,88,67,PREP_FAILURE,Excellent,23
2026-07-01 12:00:00,UE00228,32.93490833671753,-96.9851133890622,SITE01,XYZ401,C,100,0.01,SSB_1,SSB_2,1,0,30,6,2,19,3.8,-80,-10,22,13,23,21,3.95,3.16,520,95,65,66,82,PREP_FAILURE,Fair,100
2026-07-01 13:00:00,UE00229,32.93323487471473,-97.02732979363384,SITE01,XYZ402,C,101,2.443,SSB_2,SSB_3,2,60,30,6,2,26,5.2,-111,-10,5,6,16,14,9.61,7.69,251,52,92,76,61,PREP_FAILURE,Poor,39
2026-07-01 14:00:00,UE00230,32.93618831552693,-97.03659360298636,SITE01,XYZ403,C,102,2.977,SSB_3,SSB_4,3,120,30,6,2,9,1.8,-111,-10,-7,1,11,9,15.32,12.26,37,8,48,28,25,PREP_FAILURE,Excellent,5
2026-07-01 15:00:00,UE00231,32.95986527123922,-96.9949767888504,SITE01,XYZ401,A,100,1.804,SSB_4,SSB_5,4,180,30,6,2,16,3.2,-105,-10,7,7,17,15,9.12,7.3,350,60,102,85,29,EXEC_FAILURE,Fair,47
2026-07-01 16:00:00,UE00232,32.96310454569624,-96.95298461625302,SITE01,XYZ402,A,101,2.689,SSB_5,SSB_6,5,240,30,6,2,19,3.8,-114,-10,0,4,14,12,11.1,8.88,154,28,17,82,63,EXEC_FAILURE,Coverage_Hole,21
2026-07-01 17:00:00,UE00233,32.892735986463755,-96.98401685014058,SITE01,XYZ403,C,102,2.92,SSB_6,SSB_1,6,300,30,6,2,18,3.6,-121,-10,-3,3,13,11,13.57,10.86,147,22,49,97,72,SUCCESS,Good,9
2026-07-01 18:00:00,UE00234,32.9377483906538,-96.95108318201135,SITE01,XYZ401,A,100,1.985,SSB_1,SSB_2,1,0,30,6,2,0,0.0,-100,-10,7,7,17,15,9.09,7.27,373,45,41,25,27,PREP_FAILURE,Fair,47
2026-07-01 19:00:00,UE00235,32.94121935717064,-96.93518379627683,SITE01,XYZ402,C,101,2.928,SSB_2,SSB_3,2,60,30,6,2,21,4.2,-116,-10,-1,3,13,11,13.35,10.68,141,22,71,91,21,PREP_FAILURE,Fair,15
2026-07-01 20:00:00,UE00236,32.974878855519265,-96.9906222235994,SITE01,XYZ403,A,102,2.767,SSB_3,SSB_4,3,120,30,6,2,10,2.0,-120,-10,0,4,14,12,11.33,9.06,157,25,41,31,31,PREP_FAILURE,Excellent,21
2026-07-01 21:00:00,UE00237,32.95558413648615,-97.00878242447519,SITE01,XYZ401,A,100,1.968,SSB_4,SSB_5,4,180,30,6,2,21,4.2,-109,-10,7,7,17,15,8.71,6.97,262,52,80,66,53,SUCCESS,Coverage_Hole,47
2026-07-01 22:00:00,UE00238,32.931047377376565,-97.03084924537688,SITE01,XYZ402,B,101,2.658,SSB_5,SSB_6,5,240,30,6,2,23,4.6,-112,-10,-1,3,13,11,13.57,10.86,140,28,77,93,71,PREP_FAILURE,Coverage_Hole,14
2026-07-01 23:00:00,UE00239,32.96930428076449,-96.95429630314285,SITE01,XYZ403,A,102,2.965,SSB_6,SSB_1,6,300,30,6,2,26,5.2,-115,-10,-2,3,13,11,13.11,10.49,118,24,90,90,17,PREP_FAILURE,Good,12
2026-07-01 00:00:00,UE00240,32.93152577225465,-96.94944151520149,SITE01,XYZ401,C,100,2.085,SSB_1,SSB_2,1,0,30,6,2,28,5.6,-102,-10,0,4,14,12,12.94,10.35,187,26,116,39,55,PREP_FAILURE,Poor,20
2026-07-01 01:00:00,UE00241,32.911040508154755,-97.01331160886416,SITE01,XYZ402,A,101,2.322,SSB_2,SSB_3,2,60,30,6,2,9,1.8,-114,-10,5,6,16,14,9.03,7.22,320,43,111,67,84,SUCCESS,Fair,40
2026-07-01 02:00:00,UE00242,32.91652940083619,-97.00073455964885,SITE01,XYZ403,A,102,1.562,SSB_3,SSB_4,3,120,30,6,2,27,5.4,-99,-10,9,8,18,16,8.18,6.54,388,68,127,64,82,EXEC_FAILURE,Excellent,55
2026-07-01 03:00:00,UE00243,32.96477177466098,-96.99931895251724,SITE01,XYZ401,B,100,2.209,SSB_4,SSB_5,4,180,30,6,2,16,3.2,-104,-10,0,4,14,12,12.23,9.78,197,28,128,46,68,PREP_FAILURE,Fair,20
2026-07-01 04:00:00,UE00244,32.97043449994929,-96.96050829389561,SITE01,XYZ402,A,101,2.83,SSB_5,SSB_6,5,240,30,6,2,18,3.6,-114,-10,0,4,14,12,12.63,10.1,180,31,57,60,56,PREP_FAILURE,Poor,20
2026-07-01 05:00:00,UE00245,32.923895679457715,-97.00447142380126,SITE01,XYZ403,C,102,1.355,SSB_6,SSB_1,6,300,30,6,2,29,5.8,-99,-10,5,6,16,14,9.43,7.54,280,49,24,57,33,EXEC_FAILURE,Coverage_Hole,40
2026-07-01 06:00:00,UE00246,32.90420424581783,-96.95760058319645,SITE01,XYZ401,A,100,2.661,SSB_1,SSB_2,1,0,30,6,2,16,3.2,-120,-10,0,4,14,12,12.98,10.38,164,35,20,58,74,SUCCESS,Coverage_Hole,20
2026-07-01 07:00:00,UE00247,32.943298233140176,-97.026331469251,SITE01,XYZ402,B,101,2.449,SSB_2,SSB_3,2,60,30,6,2,14,2.8,-102,-10,0,4,14,12,11.5,9.2,194,31,112,82,36,EXEC_FAILURE,Good,21
2026-07-01 08:00:00,UE00248,32.93300765435177,-96.977924306458,SITE01,XYZ403,B,102,0.444,SSB_3,SSB_4,3,120,30,6,2,2,0.4,-86,-10,18,12,22,20,3.98,3.18,632,80,52,20,52,SUCCESS,Coverage_Hole,90
2026-07-01 09:00:00,UE00249,32.93957816142893,-96.97255688678335,SITE01,XYZ401,A,100,0.797,SSB_4,SSB_5,4,180,30,6,2,4,0.8,-85,-10,16,11,21,19,5.63,4.5,531,74,82,31,74,EXEC_FAILURE,Good,81
2026-07-01 10:00:00,UE00250,32.9152386642031,-96.95552386798087,SITE01,XYZ402,A,101,2.195,SSB_5,SSB_6,5,240,30,6,2,31,6.2,-103,-10,2,5,15,13,11.58,9.26,207,46,50,68,72,EXEC_FAILURE,Excellent,28
2026-07-01 11:00:00,UE00251,32.955208750260326,-97.00185602303198,SITE01,XYZ403,C,102,1.693,SSB_6,SSB_1,6,300,30,6,2,15,3.0,-99,-10,1,4,14,12,12.59,10.07,207,30,44,76,87,SUCCESS,Coverage_Hole,22
2026-07-01 12:00:00,UE00252,32.930145441406474,-97.01790136357437,SITE01,XYZ401,B,100,1.923,SSB_1,SSB_2,1,0,30,6,2,5,1.0,-104,-10,-1,3,13,11,12.86,10.29,147,27,108,41,47,PREP_FAILURE,Excellent,15
2026-07-01 13:00:00,UE00253,32.93195109409049,-97.01833861070105,SITE01,XYZ402,B,101,1.931,SSB_2,SSB_3,2,60,30,6,2,18,3.6,-99,-10,11,9,19,17,6.24,4.99,358,66,29,47,38,EXEC_FAILURE,Coverage_Hole,64
2026-07-01 14:00:00,UE00254,32.93571663645561,-97.01855362159073,SITE01,XYZ403,C,102,1.932,SSB_3,SSB_4,3,120,30,6,2,33,6.6,-102,-10,8,7,17,15,8.82,7.06,346,49,27,20,48,SUCCESS,Coverage_Hole,50
2026-07-01 15:00:00,UE00255,32.898761162151686,-96.98403481680236,SITE01,XYZ401,A,100,2.504,SSB_4,SSB_5,4,180,30,6,2,25,5.0,-111,-10,3,5,15,13,11.96,9.57,226,33,81,26,72,SUCCESS,Coverage_Hole,30
2026-07-01 16:00:00,UE00256,32.905722606938006,-97.01459381784763,SITE01,XYZ402,A,101,2.644,SSB_5,SSB_6,5,240,30,6,2,25,5.0,-111,-10,2,5,15,13,10.82,8.66,259,35,68,47,87,SUCCESS,Coverage_Hole,29
2026-07-01 17:00:00,UE00257,32.956841394644265,-97.02430866388282,SITE01,XYZ403,A,102,2.719,SSB_6,SSB_1,6,300,30,6,2,1,0.2,-122,-10,-1,3,13,11,13.58,10.86,132,20,59,34,17,EXEC_FAILURE,Coverage_Hole,14
2026-07-01 18:00:00,UE00258,32.918364912201405,-97.01175368546019,SITE01,XYZ401,B,100,1.92,SSB_1,SSB_2,1,0,30,6,2,17,3.4,-108,-10,5,6,16,14,10.49,8.39,307,48,91,64,34,SUCCESS,Fair,39
2026-07-01 19:00:00,UE00259,32.92654368738362,-96.98165795130804,SITE01,XYZ402,B,101,0.621,SSB_2,SSB_3,2,60,30,6,2,10,2.0,-85,-10,15,10,20,18,6.22,4.98,487,75,109,49,16,PREP_FAILURE,Excellent,76
2026-07-01 20:00:00,UE00260,32.91709688659533,-97.00854166235847,SITE01,XYZ403,B,102,1.833,SSB_3,SSB_4,3,120,30,6,2,31,6.2,-102,-10,4,6,16,14,9.85,7.88,275,48,95,83,58,SUCCESS,Fair,37
2026-07-01 21:00:00,UE00261,32.941109626744215,-96.96511349830274,SITE01,XYZ401,B,100,1.236,SSB_4,SSB_5,4,180,30,6,2,25,5.0,-93,-10,13,9,19,17,7.82,6.26,446,74,115,81,56,PREP_FAILURE,Coverage_Hole,67
2026-07-01 22:00:00,UE00262,32.930208276232676,-96.94173405597887,SITE01,XYZ402,B,101,2.539,SSB_5,SSB_6,5,240,30,6,2,11,2.2,-114,-10,-2,3,13,11,12.48,9.98,119,23,58,30,16,PREP_FAILURE,Poor,13
2026-07-01 23:00:00,UE00263,32.90744469342802,-96.97469692782131,SITE01,XYZ403,B,102,1.999,SSB_6,SSB_1,6,300,30,6,2,2,0.4,-104,-10,6,6,16,14,10.1,8.08,273,50,75,20,59,SUCCESS,Good,41
2026-07-01 00:00:00,UE00264,32.922106137103384,-97.00778309450963,SITE01,XYZ401,A,100,1.583,SSB_1,SSB_2,1,0,30,6,2,19,3.8,-96,-10,10,8,18,16,7.92,6.34,429,71,42,27,15,SUCCESS,Coverage_Hole,58
2026-07-01 01:00:00,UE00265,32.936727670692406,-96.93666988006723,SITE01,XYZ402,C,101,2.813,SSB_2,SSB_3,2,60,30,6,2,28,5.6,-117,-10,-1,3,13,11,13.33,10.66,125,27,118,96,32,PREP_FAILURE,Fair,15
2026-07-01 02:00:00,UE00266,32.92453677532718,-97.03019638549715,SITE01,XYZ403,A,102,2.705,SSB_3,SSB_4,3,120,30,6,2,15,3.0,-111,-10,2,5,15,13,10.01,8.01,221,41,27,54,89,EXEC_FAILURE,Coverage_Hole,29
2026-07-01 03:00:00,UE00267,32.89982592795717,-97.00372731477191,SITE01,XYZ401,C,100,2.656,SSB_4,SSB_5,4,180,30,6,2,31,6.2,-109,-10,-4,2,12,10,13.46,10.77,72,17,93,77,17,SUCCESS,Coverage_Hole,5
2026-07-01 04:00:00,UE00268,32.913721932141776,-96.9643512538318,SITE01,XYZ402,C,101,1.903,SSB_5,SSB_6,5,240,30,6,2,24,4.8,-102,-10,4,6,16,14,10.47,8.38,289,41,101,43,25,PREP_FAILURE,Good,36
2026-07-01 05:00:00,UE00269,32.9099972789388,-96.99044301908765,SITE01,XYZ403,C,102,1.754,SSB_6,SSB_1,6,300,30,6,2,17,3.4,-98,-10,10,8,18,16,8.19,6.55,295,62,69,73,89,SUCCESS,Poor,57
2026-07-01 06:00:00,UE00270,32.92387411553972,-97.01934692918698,SITE01,XYZ401,A,100,2.122,SSB_1,SSB_2,1,0,30,6,2,3,0.6,-102,-10,8,7,17,15,8.55,6.84,271,59,29,95,36,PREP_FAILURE,Good,50
2026-07-01 07:00:00,UE00271,32.953575250966296,-97.02131450837207,SITE01,XYZ402,B,101,2.451,SSB_2,SSB_3,2,60,30,6,2,29,5.8,-108,-10,5,6,16,14,10.4,8.32,306,53,17,47,70,PREP_FAILURE,Coverage_Hole,39
2026-07-01 08:00:00,UE00272,32.919734919802984,-96.99414878809678,SITE01,XYZ403,A,102,1.176,SSB_3,SSB_4,3,120,30,6,2,21,4.2,-92,-10,11,9,19,17,7.17,5.74,420,67,54,49,69,PREP_FAILURE,Fair,63
2026-07-01 09:00:00,UE00273,32.94806175056039,-97.00325798073298,SITE01,XYZ401,C,100,1.379,SSB_4,SSB_5,4,180,30,6,2,34,6.8,-97,-10,11,9,19,17,7.47,5.98,370,80,98,56,71,EXEC_FAILURE,Coverage_Hole,63
2026-07-01 10:00:00,UE00274,32.92949197475811,-96.97407543293507,SITE01,XYZ402,B,101,0.749,SSB_5,SSB_6,5,240,30,6,2,6,1.2,-86,-10,16,11,21,19,5.88,4.7,412,83,48,39,64,PREP_FAILURE,Good,81
2026-07-01 11:00:00,UE00275,32.924022040078945,-96.97985795732416,SITE01,XYZ403,C,102,0.821,SSB_6,SSB_1,6,300,30,6,2,22,4.4,-87,-10,15,10,20,18,5.33,4.26,380,64,124,83,22,SUCCESS,Poor,77
2026-07-01 12:00:00,UE00276,32.90878439420025,-96.94998900361769,SITE01,XYZ401,B,100,2.728,SSB_1,SSB_2,1,0,30,6,2,17,3.4,-119,-10,-3,3,13,11,13.95,11.16,117,27,102,41,16,EXEC_FAILURE,Fair,9
2026-07-01 13:00:00,UE00277,32.94586055986081,-97.02188509479996,SITE01,XYZ402,A,101,2.252,SSB_2,SSB_3,2,60,30,6,2,22,4.4,-107,-10,0,4,14,12,12.01,9.61,154,33,79,76,69,PREP_FAILURE,Coverage_Hole,20
2026-07-01 14:00:00,UE00278,32.90786038456978,-96.97654696123615,SITE01,XYZ403,C,102,1.941,SSB_3,SSB_4,3,120,30,6,2,14,2.8,-101,-10,10,8,18,16,8.33,6.66,399,73,77,58,27,SUCCESS,Excellent,57
2026-07-01 15:00:00,UE00279,32.976991655120194,-96.98021552002166,SITE01,XYZ401,A,100,2.909,SSB_4,SSB_5,4,180,30,6,2,6,1.2,-125,-10,3,5,15,13,11.31,9.05,230,42,113,67,32,EXEC_FAILURE,Poor,31
2026-07-01 16:00:00,UE00280,32.90709533339945,-96.98810644953537,SITE01,XYZ402,C,101,1.935,SSB_5,SSB_6,5,240,30,6,2,3,0.6,-103,-10,9,8,18,16,8.47,6.78,361,73,86,44,46,EXEC_FAILURE,Poor,55
2026-07-01 17:00:00,UE00281,32.94580616690294,-97.00190390548566,SITE01,XYZ403,B,102,1.22,SSB_6,SSB_1,6,300,30,6,2,7,1.4,-104,-10,11,9,19,17,7.81,6.25,421,74,71,25,46,EXEC_FAILURE,Good,62
2026-07-01 18:00:00,UE00282,32.95754833642496,-96.96887682699241,SITE01,XYZ401,B,100,1.818,SSB_1,SSB_2,1,0,30,6,2,30,6.0,-97,-10,7,7,17,15,9.59,7.67,274,59,99,41,18,SUCCESS,Coverage_Hole,46
2026-07-01 19:00:00,UE00283,32.94576520849554,-97.03181892622707,SITE01,XYZ402,B,101,2.799,SSB_2,SSB_3,2,60,30,6,2,16,3.2,-109,-10,0,4,14,12,11.3,9.04,176,30,86,42,60,EXEC_FAILURE,Good,21
2026-07-01 20:00:00,UE00284,32.90248806937191,-97.00979538202786,SITE01,XYZ403,B,102,2.659,SSB_3,SSB_4,3,120,30,6,2,12,2.4,-110,-10,4,6,16,14,10.52,8.42,271,51,107,32,57,SUCCESS,Coverage_Hole,36
2026-07-01 21:00:00,UE00285,32.92942938879804,-96.9939962149773,SITE01,XYZ401,A,100,0.64,SSB_4,SSB_5,4,180,30,6,2,29,5.8,-83,-10,13,9,19,17,6.94,5.55,449,61,71,71,23,PREP_FAILURE,Excellent,68
2026-07-01 22:00:00,UE00286,32.93594674896727,-97.0314080515638,SITE01,XYZ402,C,101,2.677,SSB_5,SSB_6,5,240,30,6,2,7,1.4,-116,-10,-3,3,13,11,12.93,10.34,149,27,76,31,79,EXEC_FAILURE,Good,10
2026-07-01 23:00:00,UE00287,32.93516837933343,-97.01763961995023,SITE01,XYZ403,B,102,1.879,SSB_6,SSB_1,6,300,30,6,2,22,4.4,-101,-10,5,6,16,14,9.47,7.58,289,49,100,69,51,SUCCESS,Fair,40
2026-07-01 00:00:00,UE00288,32.94001133187993,-97.02225673180651,SITE01,XYZ401,C,100,2.173,SSB_1,SSB_2,1,0,30,6,2,18,3.6,-109,-10,0,4,14,12,11.06,8.85,213,34,42,36,20,EXEC_FAILURE,Poor,21
2026-07-01 01:00:00,UE00289,32.97289065647006,-97.00075112110288,SITE01,XYZ402,A,101,2.763,SSB_2,SSB_3,2,60,30,6,2,31,6.2,-113,-10,0,4,14,12,11.55,9.24,164,37,119,79,72,EXEC_FAILURE,Fair,21
2026-07-01 02:00:00,UE00290,32.96900793632025,-96.95987380067072,SITE01,XYZ403,A,102,2.765,SSB_3,SSB_4,3,120,30,6,2,26,5.2,-114,-10,0,4,14,12,12.97,10.38,211,31,125,35,70,EXEC_FAILURE,Coverage_Hole,20
2026-07-01 03:00:00,UE00291,32.90597860843062,-96.98553206184332,SITE01,XYZ401,C,100,2.005,SSB_4,SSB_5,4,180,30,6,2,9,1.8,-105,-10,0,4,14,12,12.32,9.86,198,35,81,43,19,EXEC_FAILURE,Good,20
2026-07-01 04:00:00,UE00292,32.944034302186566,-97.03431189348713,SITE01,XYZ402,C,101,2.911,SSB_5,SSB_6,5,240,30,6,2,19,3.8,-112,-10,-2,3,13,11,12.5,10.0,146,27,18,67,69,SUCCESS,Excellent,13
2026-07-01 05:00:00,UE00293,32.96958803361387,-97.00143514323511,SITE01,XYZ403,B,102,2.563,SSB_6,SSB_1,6,300,30,6,2,14,2.8,-108,-10,1,4,14,12,12.64,10.11,156,31,124,71,60,SUCCESS,Coverage_Hole,22
2026-07-01 06:00:00,UE00294,32.909428291469574,-96.95999882721665,SITE01,XYZ401,C,100,2.292,SSB_1,SSB_2,1,0,30,6,2,20,4.0,-110,-10,2,5,15,13,10.44,8.35,181,41,100,42,78,EXEC_FAILURE,Good,29
2026-07-01 07:00:00,UE00295,32.9654997176718,-96.99887557900776,SITE01,XYZ402,A,101,2.246,SSB_2,SSB_3,2,60,30,6,2,28,5.6,-108,-10,2,5,15,13,11.56,9.25,188,33,87,78,16,SUCCESS,Poor,28
2026-07-01 08:00:00,UE00296,32.957372758255886,-97.01598159441134,SITE01,XYZ403,B,102,2.356,SSB_3,SSB_4,3,120,30,6,2,27,5.4,-107,-10,1,4,14,12,12.58,10.06,197,32,108,92,72,SUCCESS,Good,22
2026-07-01 09:00:00,UE00297,32.94426141218228,-96.9814182667753,SITE01,XYZ401,C,100,0.673,SSB_4,SSB_5,4,180,30,6,2,20,4.0,-88,-10,22,13,23,21,2.45,1.96,611,93,95,41,52,EXEC_FAILURE,Coverage_Hole,100
2026-07-01 10:00:00,UE00298,32.95614221793278,-96.94649465475781,SITE01,XYZ402,C,101,2.673,SSB_5,SSB_6,5,240,30,6,2,5,1.0,-113,-10,-2,3,13,11,12.31,9.85,153,22,124,33,86,SUCCESS,Coverage_Hole,13
2026-07-01 11:00:00,UE00299,32.908957226414735,-96.97704098978893,SITE01,XYZ403,B,102,1.861,SSB_6,SSB_1,6,300,30,6,2,24,4.8,-101,-10,5,6,16,14,9.24,7.39,316,51,40,66,19,PREP_FAILURE,Poor,40
2026-07-01 12:00:00,UE00300,32.92272842441085,-97.00653792989878,SITE01,XYZ401,C,100,1.499,SSB_1,SSB_2,1,0,30,6,2,14,2.8,-104,-10,12,9,19,17,7.86,6.29,460,64,77,54,49,EXEC_FAILURE,Poor,65
2026-07-01 13:00:00,UE00301,32.908557882689486,-96.9632376413281,SITE01,XYZ402,C,101,2.226,SSB_2,SSB_3,2,60,30,6,2,0,0.0,-106,-10,4,6,16,14,10.22,8.18,256,43,46,55,27,PREP_FAILURE,Good,36
2026-07-01 14:00:00,UE00302,32.92943662454425,-96.94780278167008,SITE01,XYZ403,A,102,2.2,SSB_3,SSB_4,3,120,30,6,2,3,0.6,-110,-10,0,4,14,12,12.11,9.69,146,37,104,47,80,EXEC_FAILURE,Fair,20
2026-07-01 15:00:00,UE00303,32.914125225389874,-96.98558185900208,SITE01,XYZ401,C,100,1.443,SSB_4,SSB_5,4,180,30,6,2,15,3.0,-95,-10,9,8,18,16,8.87,7.1,419,67,44,93,32,PREP_FAILURE,Coverage_Hole,54
2026-07-01 16:00:00,UE00304,32.904205524612046,-96.95788222931688,SITE01,XYZ402,A,101,2.651,SSB_5,SSB_6,5,240,30,6,2,3,0.6,-109,-10,0,4,14,12,12.32,9.86,144,37,37,25,46,PREP_FAILURE,Good,20
2026-07-01 17:00:00,UE00305,32.914278131923886,-96.992806032089,SITE01,XYZ403,C,102,1.499,SSB_6,SSB_1,6,300,30,6,2,10,2.0,-95,-10,8,7,17,15,8.43,6.74,363,57,31,23,77,SUCCESS,Excellent,50
2026-07-01 18:00:00,UE00306,32.94749025655574,-97.00379667550844,SITE01,XYZ401,C,100,1.378,SSB_1,SSB_2,1,0,30,6,2,12,2.4,-97,-10,14,10,20,18,5.26,4.21,428,83,120,22,23,EXEC_FAILURE,Excellent,74
2026-07-01 19:00:00,UE00307,32.925453738156754,-96.95316699756341,SITE01,XYZ402,A,101,1.969,SSB_2,SSB_3,2,60,30,6,2,33,6.6,-105,-10,8,7,17,15,8.99,7.19,367,62,126,44,88,PREP_FAILURE,Good,50
2026-07-01 20:00:00,UE00308,32.92516504882724,-96.97585177589833,SITE01,XYZ403,B,102,0.87,SSB_3,SSB_4,3,120,30,6,2,20,4.0,-85,-10,19,12,22,20,3.33,2.66,482,77,59,26,78,PREP_FAILURE,Good,93
2026-07-01 21:00:00,UE00309,32.89841135738014,-96.96107807409038,SITE01,XYZ401,A,100,2.888,SSB_4,SSB_5,4,180,30,6,2,11,2.2,-124,-10,1,4,14,12,11.06,8.85,185,25,18,21,73,EXEC_FAILURE,Fair,24
2026-07-01 22:00:00,UE00310,32.93533535225856,-97.02417619607091,SITE01,XYZ402,C,101,2.257,SSB_5,SSB_6,5,240,30,6,2,16,3.2,-107,-10,0,4,14,12,11.39,9.11,150,30,95,55,22,SUCCESS,Good,21
2026-07-01 23:00:00,UE00311,32.92226599577266,-96.98026400609011,SITE01,XYZ403,C,102,0.926,SSB_6,SSB_1,6,300,30,6,2,28,5.6,-86,-10,13,9,19,17,6.17,4.94,358,79,29,66,60,EXEC_FAILURE,Coverage_Hole,69
2026-07-01 00:00:00,UE00312,32.94625937192951,-97.02202879811631,SITE01,XYZ401,B,100,2.269,SSB_1,SSB_2,1,0,30,6,2,21,4.2,-110,-10,4,6,16,14,9.3,7.44,244,45,83,73,44,SUCCESS,Fair,37
2026-07-01 01:00:00,UE00313,32.94766903724373,-96.94465075408894,SITE01,XYZ402,B,101,2.505,SSB_2,SSB_3,2,60,30,6,2,18,3.6,-116,-10,3,5,15,13,11.77,9.42,260,36,84,76,34,SUCCESS,Poor,30
2026-07-01 02:00:00,UE00314,32.94859662197339,-96.98047550484499,SITE01,XYZ403,B,102,0.975,SSB_3,SSB_4,3,120,30,6,2,12,2.4,-89,-10,20,12,22,20,3.16,2.53,439,114,23,26,82,EXEC_FAILURE,Good,95
2026-07-01 03:00:00,UE00315,32.91416163446532,-97.0240821500958,SITE01,XYZ401,B,100,2.673,SSB_4,SSB_5,4,180,30,6,2,9,1.8,-109,-10,0,4,14,12,11.58,9.26,177,33,80,79,31,PREP_FAILURE,Coverage_Hole,21
2026-07-01 04:00:00,UE00316,32.92988360959732,-96.95180646033577,SITE01,XYZ402,A,101,1.966,SSB_5,SSB_6,5,240,30,6,2,31,6.2,-101,-10,12,9,19,17,6.51,5.21,400,71,61,72,85,PREP_FAILURE,Good,66
2026-07-01 05:00:00,UE00317,32.96733182427472,-96.95618111567717,SITE01,XYZ403,A,102,2.791,SSB_6,SSB_1,6,300,30,6,2,1,0.2,-111,-10,0,4,14,12,11.65,9.32,192,33,30,21,74,PREP_FAILURE,Poor,21
2026-07-01 06:00:00,UE00318,32.93769705405846,-97.01222825585184,SITE01,XYZ401,A,100,1.576,SSB_1,SSB_2,1,0,30,6,2,15,3.0,-96,-10,5,6,16,14,9.47,7.58,283,52,36,76,41,SUCCESS,Good,40
2026-07-01 07:00:00,UE00319,32.919578348413445,-96.99757435519024,SITE01,XYZ402,C,101,1.285,SSB_2,SSB_3,2,60,30,6,2,19,3.8,-99,-10,10,8,18,16,7.06,5.65,377,71,74,85,79,EXEC_FAILURE,Poor,58
2026-07-01 08:00:00,UE00320,32.89807535580203,-96.9831524664674,SITE01,XYZ403,A,102,2.553,SSB_3,SSB_4,3,120,30,6,2,19,3.8,-107,-10,2,5,15,13,10.8,8.64,252,41,117,43,35,PREP_FAILURE,Coverage_Hole,29
2026-07-01 09:00:00,UE00321,32.91680631315738,-96.95142593739659,SITE01,XYZ401,C,100,2.326,SSB_4,SSB_5,4,180,30,6,2,13,2.6,-109,-10,4,6,16,14,9.29,7.43,293,44,94,80,70,SUCCESS,Excellent,37
2026-07-01 10:00:00,UE00322,32.90510503715675,-97.01643897934972,SITE01,XYZ402,C,101,2.746,SSB_5,SSB_6,5,240,30,6,2,20,4.0,-120,-10,0,4,14,12,12.51,10.01,149,37,92,97,84,SUCCESS,Coverage_Hole,20
2026-07-01 11:00:00,UE00323,32.962746000249254,-96.9511886186424,SITE01,XYZ403,A,102,2.745,SSB_6,SSB_1,6,300,30,6,2,4,0.8,-113,-10,-1,3,13,11,13.85,11.08,132,23,41,97,57,SUCCESS,Coverage_Hole,14
2026-07-01 12:00:00,UE00324,32.912259222147945,-96.95092965287168,SITE01,XYZ401,C,100,2.532,SSB_1,SSB_2,1,0,30,6,2,5,1.0,-107,-10,1,4,14,12,12.92,10.34,184,32,39,41,80,SUCCESS,Coverage_Hole,22
2026-07-01 13:00:00,UE00325,32.93668798637396,-96.95296324024281,SITE01,XYZ402,C,101,1.87,SSB_2,SSB_3,2,60,30,6,2,23,4.6,-104,-10,4,6,16,14,9.19,7.35,235,57,43,73,30,EXEC_FAILURE,Poor,37
2026-07-01 14:00:00,UE00326,32.94773273298106,-97.02173894765262,SITE01,XYZ403,C,102,2.29,SSB_3,SSB_4,3,120,30,6,2,28,5.6,-113,-10,0,4,14,12,11.81,9.45,192,34,47,22,74,EXEC_FAILURE,Coverage_Hole,21
2026-07-01 15:00:00,UE00327,32.9235270901714,-97.0221395967851,SITE01,XYZ401,A,100,2.282,SSB_4,SSB_5,4,180,30,6,2,12,2.4,-104,-10,5,6,16,14,10.75,8.6,269,52,74,76,66,EXEC_FAILURE,Coverage_Hole,38
2026-07-01 16:00:00,UE00328,32.93928474867496,-96.93924624567981,SITE01,XYZ402,A,101,2.677,SSB_5,SSB_6,5,240,30,6,2,12,2.4,-112,-10,-4,2,12,10,14.05,11.24,82,14,34,75,53,EXEC_FAILURE,Poor,5
2026-07-01 17:00:00,UE00329,32.96238523474226,-96.97068721024233,SITE01,XYZ403,B,102,2.066,SSB_6,SSB_1,6,300,30,6,2,5,1.0,-105,-10,4,6,16,14,10.87,8.7,272,43,116,61,79,EXEC_FAILURE,Fair,36
2026-07-01 18:00:00,UE00330,32.94760689932032,-96.99702642587467,SITE01,XYZ401,A,100,1.105,SSB_1,SSB_2,1,0,30,6,2,15,3.0,-95,-10,16,11,21,19,5.88,4.7,500,96,27,73,71,PREP_FAILURE,Poor,81
2026-07-01 19:00:00,UE00331,32.93611144783586,-97.01777344389725,SITE01,XYZ402,C,101,1.888,SSB_2,SSB_3,2,60,30,6,2,27,5.4,-112,-10,2,5,15,13,11.87,9.5,202,33,125,76,40,SUCCESS,Coverage_Hole,28
2026-07-01 20:00:00,UE00332,32.90972826112371,-96.98632621340738,SITE01,XYZ403,A,102,1.747,SSB_3,SSB_4,3,120,30,6,2,28,5.6,-99,-10,4,6,16,14,11.0,8.8,264,45,93,70,61,SUCCESS,Poor,36
2026-07-01 21:00:00,UE00333,32.90871311654049,-96.9761715049701,SITE01,XYZ401,A,100,1.89,SSB_4,SSB_5,4,180,30,6,2,6,1.2,-96,-10,4,6,16,14,9.27,7.42,237,41,64,71,47,SUCCESS,Poor,37
2026-07-01 22:00:00,UE00334,32.949231896611764,-96.95753903947573,SITE01,XYZ402,A,101,1.878,SSB_5,SSB_6,5,240,30,6,2,8,1.6,-106,-10,8,7,17,15,8.12,6.5,321,58,49,27,38,EXEC_FAILURE,Poor,50
2026-07-01 23:00:00,UE00335,32.963111169874146,-96.96700885795275,SITE01,XYZ403,A,102,2.205,SSB_6,SSB_1,6,300,30,6,2,30,6.0,-103,-10,4,6,16,14,9.79,7.83,248,41,31,58,62,PREP_FAILURE,Good,37
2026-07-01 00:00:00,UE00336,32.905235863991095,-96.98575759454545,SITE01,XYZ401,A,100,2.057,SSB_1,SSB_2,1,0,30,6,2,25,5.0,-107,-10,1,4,14,12,12.58,10.06,209,30,85,20,72,PREP_FAILURE,Good,22
2026-07-01 01:00:00,UE00337,32.93184131102881,-97.00667086488812,SITE01,XYZ402,B,101,1.263,SSB_2,SSB_3,2,60,30,6,2,32,6.4,-95,-10,9,8,18,16,8.03,6.42,371,75,115,31,41,EXEC_FAILURE,Excellent,55
2026-07-01 02:00:00,UE00338,32.975547174541724,-96.98127879688477,SITE01,XYZ403,C,102,2.804,SSB_3,SSB_4,3,120,30,6,2,17,3.4,-113,-10,-5,2,12,10,13.7,10.96,93,12,21,62,52,SUCCESS,Good,5
2026-07-01 03:00:00,UE00339,32.96263610824298,-96.97488985511855,SITE01,XYZ401,B,100,1.996,SSB_4,SSB_5,4,180,30,6,2,21,4.2,-102,-10,6,6,16,14,10.18,8.14,254,53,58,25,56,SUCCESS,Excellent,41
2026-07-01 04:00:00,UE00340,32.93512245469169,-96.97895024244531,SITE01,XYZ402,A,101,0.362,SSB_5,SSB_6,5,240,30,6,2,21,4.2,-83,-10,19,12,22,20,3.83,3.06,435,95,101,88,56,SUCCESS,Fair,92
2026-07-01 05:00:00,UE00341,32.92466811223189,-97.00655484833351,SITE01,XYZ403,C,102,1.429,SSB_6,SSB_1,6,300,30,6,2,14,2.8,-97,-10,7,7,17,15,8.33,6.66,275,49,20,31,52,SUCCESS,Coverage_Hole,48
2026-07-01 06:00:00,UE00342,32.91264449624091,-96.96101178238084,SITE01,XYZ401,A,100,2.086,SSB_1,SSB_2,1,0,30,6,2,22,4.4,-106,-10,5,6,16,14,10.01,8.01,222,39,81,28,74,PREP_FAILURE,Coverage_Hole,39
2026-07-01 07:00:00,UE00343,32.9477644361585,-96.99384631250298,SITE01,XYZ402,C,101,1.011,SSB_2,SSB_3,2,60,30,6,2,9,1.8,-89,-10,15,10,20,18,6.81,5.45,454,78,94,91,70,SUCCESS,Excellent,75
2026-07-01 08:00:00,UE00344,32.976909871675105,-96.99022444332536,SITE01,XYZ403,C,102,2.904,SSB_3,SSB_4,3,120,30,6,2,5,1.0,-114,-10,0,4,14,12,12.36,9.89,155,26,83,62,39,PREP_FAILURE,Coverage_Hole,20
2026-07-01 09:00:00,UE00345,32.93210096941237,-96.96995872579087,SITE01,XYZ401,A,100,0.906,SSB_4,SSB_5,4,180,30,6,2,8,1.6,-93,-10,15,10,20,18,5.11,4.09,419,88,82,65,81,PREP_FAILURE,Coverage_Hole,77
2026-07-01 10:00:00,UE00346,32.95239196143822,-96.97077219021716,SITE01,XYZ402,C,101,1.46,SSB_5,SSB_6,5,240,30,6,2,11,2.2,-95,-10,8,7,17,15,9.36,7.49,320,55,91,74,89,EXEC_FAILURE,Fair,49
2026-07-01 11:00:00,UE00347,32.92552309397601,-97.01246870902756,SITE01,XYZ403,B,102,1.71,SSB_6,SSB_1,6,300,30,6,2,18,3.6,-91,-10,7,7,17,15,9.48,7.58,329,45,90,74,74,EXEC_FAILURE,Excellent,47
2026-07-01 12:00:00,UE00348,32.948279535862106,-97.02976030685817,SITE01,XYZ401,B,100,2.737,SSB_1,SSB_2,1,0,30,6,2,22,4.4,-117,-10,0,4,14,12,11.83,9.46,183,30,36,35,42,EXEC_FAILURE,Poor,21
2026-07-01 13:00:00,UE00349,32.97828115510204,-96.98160943802553,SITE01,XYZ402,C,101,2.991,SSB_2,SSB_3,2,60,30,6,2,5,1.0,-115,-10,1,4,14,12,11.87,9.5,153,30,129,83,57,EXEC_FAILURE,Coverage_Hole,23
2026-07-01 14:00:00,UE00350,32.90524215086449,-97.00345695612852,SITE01,XYZ403,B,102,2.312,SSB_3,SSB_4,3,120,30,6,2,6,1.2,-109,-10,0,4,14,12,12.11,9.69,185,28,62,25,23,SUCCESS,Coverage_Hole,20
2026-07-01 15:00:00,UE00351,32.94436984393956,-96.9538477823399,SITE01,XYZ401,A,100,1.927,SSB_4,SSB_5,4,180,30,6,2,27,5.4,-108,-10,6,6,16,14,9.88,7.9,250,55,42,60,80,SUCCESS,Good,42
2026-07-01 16:00:00,UE00352,32.9315419943632,-96.9851034262505,SITE01,XYZ402,A,101,0.241,SSB_5,SSB_6,5,240,30,6,2,34,6.8,-77,-10,17,11,21,19,4.05,3.24,511,103,38,38,32,SUCCESS,Poor,85
2026-07-01 17:00:00,UE00353,32.90753658007935,-96.98962949361876,SITE01,XYZ403,B,102,1.915,SSB_6,SSB_1,6,300,30,6,2,24,4.8,-103,-10,6,6,16,14,9.05,7.24,309,49,107,38,37,EXEC_FAILURE,Excellent,42
2026-07-01 18:00:00,UE00354,32.96720516432891,-97.00851043772859,SITE01,XYZ401,A,100,2.598,SSB_1,SSB_2,1,0,30,6,2,33,6.6,-117,-10,1,4,14,12,11.54,9.23,158,28,59,25,35,PREP_FAILURE,Excellent,23
2026-07-01 19:00:00,UE00355,32.9456130135945,-96.97744819516122,SITE01,XYZ402,C,101,0.857,SSB_2,SSB_3,2,60,30,6,2,8,1.6,-89,-10,10,8,18,16,7.43,5.94,328,61,29,23,77,SUCCESS,Coverage_Hole,58
2026-07-01 20:00:00,UE00356,32.970475078791,-97.00418612439091,SITE01,XYZ403,B,102,2.681,SSB_3,SSB_4,3,120,30,6,2,12,2.4,-114,-10,2,5,15,13,11.13,8.9,239,42,123,93,75,EXEC_FAILURE,Excellent,28
2026-07-01 21:00:00,UE00357,32.97388249378867,-96.97041327329863,SITE01,XYZ401,A,100,2.814,SSB_4,SSB_5,4,180,30,6,2,12,2.4,-114,-10,-2,3,13,11,12.51,10.01,119,20,26,56,88,SUCCESS,Poor,13
2026-07-01 22:00:00,UE00358,32.92187261568243,-97.01879618582873,SITE01,XYZ402,C,101,2.147,SSB_5,SSB_6,5,240,30,6,2,25,5.0,-105,-10,6,6,16,14,10.61,8.49,225,45,83,50,64,EXEC_FAILURE,Excellent,41
2026-07-01 23:00:00,UE00359,32.95316656189867,-96.99000046915046,SITE01,XYZ403,B,102,1.281,SSB_6,SSB_1,6,300,30,6,2,10,2.0,-87,-10,8,7,17,15,9.45,7.56,298,48,98,83,83,EXEC_FAILURE,Fair,49
2026-07-01 00:00:00,UE00360,32.93148628946382,-96.98582851835008,SITE01,XYZ401,B,100,0.248,SSB_1,SSB_2,1,0,30,6,2,18,3.6,-79,-10,21,13,23,21,2.65,2.12,647,89,114,26,44,EXEC_FAILURE,Excellent,100
2026-07-01 01:00:00,UE00361,32.92421410010406,-96.98407877519354,SITE01,XYZ402,C,101,0.75,SSB_2,SSB_3,2,60,30,6,2,12,2.4,-89,-10,14,10,20,18,5.63,4.5,505,92,41,29,48,SUCCESS,Good,74
2026-07-01 02:00:00,UE00362,32.917653358135034,-97.03110506789575,SITE01,XYZ403,C,102,2.916,SSB_3,SSB_4,3,120,30,6,2,33,6.6,-116,-10,-8,1,11,9,15.29,12.23,45,6,89,57,75,PREP_FAILURE,Fair,5
2026-07-01 03:00:00,UE00363,32.914871262390115,-96.94072079119518,SITE01,XYZ401,A,100,2.928,SSB_4,SSB_5,4,180,30,6,2,6,1.2,-112,-10,0,4,14,12,12.62,10.1,212,29,123,20,43,EXEC_FAILURE,Poor,20
2026-07-01 04:00:00,UE00364,32.91285388006917,-97.01648506110716,SITE01,XYZ402,A,101,2.372,SSB_5,SSB_6,5,240,30,6,2,22,4.4,-106,-10,0,4,14,12,12.92,10.34,159,26,89,61,47,PREP_FAILURE,Poor,20
2026-07-01 05:00:00,UE00365,32.92328173821247,-96.94839814923839,SITE01,XYZ403,B,102,2.28,SSB_6,SSB_1,6,300,30,6,2,34,6.8,-102,-10,2,5,15,13,11.96,9.57,263,46,77,80,45,EXEC_FAILURE,Excellent,28
2026-07-01 06:00:00,UE00366,32.95041056606746,-96.96327163759949,SITE01,XYZ401,C,100,1.655,SSB_1,SSB_2,1,0,30,6,2,7,1.4,-106,-10,10,8,18,16,7.65,6.12,298,60,17,81,61,SUCCESS,Excellent,58
2026-07-01 07:00:00,UE00367,32.9506938752069,-96.98784611998089,SITE01,XYZ402,B,101,1.091,SSB_2,SSB_3,2,60,30,6,2,28,5.6,-92,-10,13,9,19,17,6.11,4.89,365,72,96,90,45,SUCCESS,Excellent,69
2026-07-01 08:00:00,UE00368,32.951114894544105,-96.987287601835,SITE01,XYZ403,A,102,1.116,SSB_3,SSB_4,3,120,30,6,2,20,4.0,-93,-10,12,9,19,17,7.33,5.86,420,69,36,54,30,PREP_FAILURE,Good,65
2026-07-01 09:00:00,UE00369,32.958234253046925,-96.9528969502373,SITE01,XYZ401,C,100,2.462,SSB_4,SSB_5,4,180,30,6,2,4,0.8,-110,-10,3,5,15,13,11.49,9.19,208,45,119,56,87,SUCCESS,Good,31
2026-07-01 10:00:00,UE00370,32.955412888047526,-96.98516720365168,SITE01,XYZ402,C,101,1.406,SSB_5,SSB_6,5,240,30,6,2,0,0.0,-99,-10,11,9,19,17,6.24,4.99,334,78,111,20,18,SUCCESS,Good,64
2026-07-01 11:00:00,UE00371,32.93459606797038,-96.99918893882149,SITE01,XYZ403,C,102,0.811,SSB_6,SSB_1,6,300,30,6,2,33,6.6,-92,-10,17,11,21,19,5.5,4.4,577,74,128,75,27,PREP_FAILURE,Coverage_Hole,84
2026-07-01 12:00:00,UE00372,32.92051893487438,-97.02624128365062,SITE01,XYZ401,B,100,2.579,SSB_1,SSB_2,1,0,30,6,2,33,6.6,-111,-10,1,4,14,12,12.55,10.04,192,26,82,86,85,PREP_FAILURE,Good,22
2026-07-01 13:00:00,UE00373,32.92903851334213,-96.94701445413902,SITE01,XYZ402,B,101,2.25,SSB_2,SSB_3,2,60,30,6,2,25,5.0,-106,-10,3,5,15,13,10.8,8.64,257,36,23,66,56,EXEC_FAILURE,Fair,31
2026-07-01 14:00:00,UE00374,32.93987997160647,-96.9891695769422,SITE01,XYZ403,A,102,0.406,SSB_3,SSB_4,3,120,30,6,2,29,5.8,-88,-10,19,12,22,20,3.86,3.09,445,85,36,94,43,EXEC_FAILURE,Excellent,92
2026-07-01 15:00:00,UE00375,32.95210897606371,-97.0172556912382,SITE01,XYZ401,B,100,2.198,SSB_4,SSB_5,4,180,30,6,2,14,2.8,-102,-10,0,4,14,12,12.99,10.39,166,34,70,41,81,EXEC_FAILURE,Fair,20
2026-07-01 16:00:00,UE00376,32.959661052343776,-96.98135333143274,SITE01,XYZ402,A,101,1.714,SSB_5,SSB_6,5,240,30,6,2,25,5.0,-101,-10,3,5,15,13,11.48,9.18,192,39,114,93,78,EXEC_FAILURE,Excellent,31
2026-07-01 17:00:00,UE00377,32.96507876388636,-97.01550547544709,SITE01,XYZ403,C,102,2.716,SSB_6,SSB_1,6,300,30,6,2,13,2.6,-116,-10,-3,3,13,11,12.58,10.06,128,22,110,38,16,PREP_FAILURE,Good,10
2026-07-01 18:00:00,UE00378,32.910822360858276,-96.98580832046468,SITE01,XYZ401,C,100,1.671,SSB_1,SSB_2,1,0,30,6,2,5,1.0,-97,-10,10,8,18,16,8.29,6.63,310,65,32,25,59,SUCCESS,Good,57
2026-07-01 19:00:00,UE00379,32.933671257064034,-96.96152398170585,SITE01,XYZ402,C,101,1.374,SSB_2,SSB_3,2,60,30,6,2,32,6.4,-93,-10,11,9,19,17,6.23,4.98,438,72,52,97,43,PREP_FAILURE,Fair,64
2026-07-01 20:00:00,UE00380,32.94731039727283,-96.94685379231582,SITE01,XYZ403,B,102,2.377,SSB_3,SSB_4,3,120,30,6,2,31,6.2,-104,-10,3,5,15,13,10.14,8.11,210,37,117,29,85,PREP_FAILURE,Good,32
2026-07-01 21:00:00,UE00381,32.9008564208653,-96.99898431145412,SITE01,XYZ401,A,100,2.49,SSB_4,SSB_5,4,180,30,6,2,11,2.2,-112,-10,-3,3,13,11,13.94,11.15,143,24,46,34,76,EXEC_FAILURE,Poor,9
2026-07-01 22:00:00,UE00382,32.91576540083218,-96.98067809559268,SITE01,XYZ402,B,101,1.355,SSB_5,SSB_6,5,240,30,6,2,22,4.4,-98,-10,12,9,19,17,6.22,4.98,467,67,77,94,88,SUCCESS,Coverage_Hole,66
2026-07-01 23:00:00,UE00383,32.95732834290331,-96.96902401272352,SITE01,XYZ403,A,102,1.801,SSB_6,SSB_1,6,300,30,6,2,1,0.2,-101,-10,2,5,15,13,10.41,8.33,228,35,76,28,82,SUCCESS,Excellent,29
2026-07-01 00:00:00,UE00384,32.95211854165382,-96.989639591656,SITE01,XYZ401,B,100,1.206,SSB_1,SSB_2,1,0,30,6,2,16,3.2,-91,-10,9,8,18,16,8.09,6.47,415,65,56,64,31,SUCCESS,Excellent,55
2026-07-01 01:00:00,UE00385,32.949770631433736,-96.98477850631515,SITE01,XYZ402,C,101,1.017,SSB_2,SSB_3,2,60,30,6,2,26,5.2,-80,-10,13,9,19,17,7.16,5.73,332,66,106,38,66,PREP_FAILURE,Excellent,68
2026-07-01 02:00:00,UE00386,32.93236983092337,-96.94224361897383,SITE01,XYZ403,A,102,2.495,SSB_3,SSB_4,3,120,30,6,2,32,6.4,-106,-10,2,5,15,13,10.38,8.3,262,40,70,82,17,EXEC_FAILURE,Excellent,29
2026-07-01 03:00:00,UE00387,32.90888278891191,-96.94906445267462,SITE01,XYZ401,B,100,2.763,SSB_4,SSB_5,4,180,30,6,2,24,4.8,-109,-10,1,4,14,12,12.61,10.09,204,30,94,35,72,SUCCESS,Poor,22
2026-07-01 04:00:00,UE00388,32.9010857905997,-96.98016751673515,SITE01,XYZ402,C,101,2.361,SSB_5,SSB_6,5,240,30,6,2,19,3.8,-114,-10,4,6,16,14,9.23,7.38,280,47,81,71,82,SUCCESS,Good,37
2026-07-01 05:00:00,UE00389,32.89688459653941,-96.96279226195423,SITE01,XYZ403,B,102,2.935,SSB_6,SSB_1,6,300,30,6,2,33,6.6,-113,-10,-2,3,13,11,13.05,10.44,146,21,35,47,62,PREP_FAILURE,Good,12
2026-07-01 06:00:00,UE00390,32.93710090103593,-96.93404892770678,SITE01,XYZ401,C,100,2.966,SSB_1,SSB_2,1,0,30,6,2,2,0.4,-113,-10,-1,3,13,11,13.1,10.48,116,26,26,59,80,PREP_FAILURE,Fair,15
2026-07-01 07:00:00,UE00391,32.919901643016466,-97.00952549899343,SITE01,XYZ402,C,101,1.754,SSB_2,SSB_3,2,60,30,6,2,6,1.2,-102,-10,5,6,16,14,10.63,8.5,280,45,20,46,67,EXEC_FAILURE,Coverage_Hole,38
2026-07-01 08:00:00,UE00392,32.95708034989599,-97.02254894303897,SITE01,XYZ403,C,102,2.644,SSB_3,SSB_4,3,120,30,6,2,14,2.8,-114,-10,-3,3,13,11,12.33,9.86,146,24,107,89,31,PREP_FAILURE,Coverage_Hole,11
2026-07-01 09:00:00,UE00393,32.95448887718814,-97.02354536858039,SITE01,XYZ401,B,100,2.595,SSB_4,SSB_5,4,180,30,6,2,9,1.8,-110,-10,0,4,14,12,12.48,9.98,166,28,122,53,55,PREP_FAILURE,Good,20
2026-07-01 10:00:00,UE00394,32.93863857425138,-97.0011281861305,SITE01,XYZ402,B,101,0.955,SSB_5,SSB_6,5,240,30,6,2,20,4.0,-91,-10,18,12,22,20,3.11,2.49,469,103,18,88,33,PREP_FAILURE,Poor,90
2026-07-01 11:00:00,UE00395,32.90320850761146,-97.00984629895058,SITE01,XYZ403,B,102,2.619,SSB_6,SSB_1,6,300,30,6,2,7,1.4,-110,-10,-2,3,13,11,13.25,10.6,140,23,25,72,24,SUCCESS,Poor,12
2026-07-01 12:00:00,UE00396,32.938408465578775,-97.01117950248222,SITE01,XYZ401,C,100,1.522,SSB_1,SSB_2,1,0,30,6,2,29,5.8,-97,-10,2,5,15,13,11.71,9.37,247,44,34,26,23,SUCCESS,Good,28
2026-07-01 13:00:00,UE00397,32.97137685065971,-96.97503291639403,SITE01,XYZ402,C,101,2.576,SSB_2,SSB_3,2,60,30,6,2,23,4.6,-120,-10,0,4,14,12,12.84,10.27,144,32,24,91,35,PREP_FAILURE,Coverage_Hole,20
2026-07-01 14:00:00,UE00398,32.9127892673026,-96.97796367557815,SITE01,XYZ403,B,102,1.591,SSB_3,SSB_4,3,120,30,6,2,26,5.2,-93,-10,8,7,17,15,9.5,7.6,309,63,124,71,56,PREP_FAILURE,Good,49
2026-07-01 15:00:00,UE00399,32.94276903196321,-97.01935404523437,SITE01,XYZ401,A,100,2.048,SSB_4,SSB_5,4,180,30,6,2,32,6.4,-111,-10,0,4,14,12,11.77,9.42,195,32,16,37,61,SUCCESS,Coverage_Hole,21
2026-07-01 16:00:00,UE00400,32.92679036089513,-96.98194634713953,SITE01,XYZ402,C,101,0.599,SSB_5,SSB_6,5,240,30,6,2,9,1.8,-79,-10,22,13,23,21,2.66,2.13,541,87,66,68,25,PREP_FAILURE,Good,100
2026-07-01 17:00:00,UE00401,32.90254419833423,-96.98926127588788,SITE01,XYZ403,C,102,2.254,SSB_6,SSB_1,6,300,30,6,2,22,4.4,-107,-10,-2,3,13,11,13.7,10.96,144,21,68,84,26,PREP_FAILURE,Coverage_Hole,12
2026-07-01 18:00:00,UE00402,32.94193246829677,-96.96982170137912,SITE01,XYZ401,B,100,1.01,SSB_1,SSB_2,1,0,30,6,2,11,2.2,-96,-10,14,10,20,18,5.13,4.1,417,71,89,47,16,EXEC_FAILURE,Coverage_Hole,74
2026-07-01 19:00:00,UE00403,32.9512116176177,-97.01139679565907,SITE01,XYZ402,A,101,1.883,SSB_2,SSB_3,2,60,30,6,2,12,2.4,-104,-10,6,6,16,14,10.49,8.39,302,41,89,93,66,SUCCESS,Excellent,41
2026-07-01 20:00:00,UE00404,32.92926575639474,-96.96773619525655,SITE01,XYZ403,C,102,1.087,SSB_3,SSB_4,3,120,30,6,2,0,0.0,-89,-10,16,11,21,19,4.6,3.68,432,97,122,45,75,SUCCESS,Coverage_Hole,82
2026-07-01 21:00:00,UE00405,32.93457289189509,-96.95044451686205,SITE01,XYZ401,C,100,2.013,SSB_4,SSB_5,4,180,30,6,2,3,0.6,-100,-10,4,6,16,14,9.41,7.53,318,44,67,44,58,PREP_FAILURE,Coverage_Hole,37
2026-07-01 22:00:00,UE00406,32.95826609382782,-96.9785760033707,SITE01,XYZ402,B,101,1.648,SSB_5,SSB_6,5,240,30,6,2,33,6.6,-110,-10,8,7,17,15,9.27,7.42,330,47,112,96,72,PREP_FAILURE,Fair,49
2026-07-01 23:00:00,UE00407,32.92830072705989,-96.93567086077857,SITE01,XYZ403,B,102,2.906,SSB_6,SSB_1,6,300,30,6,2,14,2.8,-111,-10,-5,2,12,10,14.53,11.62,105,14,29,24,68,EXEC_FAILURE,Good,5
2026-07-01 00:00:00,UE00408,32.95889072340546,-96.98825887311847,SITE01,XYZ401,A,100,1.655,SSB_1,SSB_2,1,0,30,6,2,2,0.4,-94,-10,10,8,18,16,8.95,7.16,342,71,75,72,32,EXEC_FAILURE,Fair,57
2026-07-01 01:00:00,UE00409,32.91680100666311,-97.01657024740487,SITE01,XYZ402,B,101,2.21,SSB_2,SSB_3,2,60,30,6,2,27,5.4,-104,-10,-1,3,13,11,12.98,10.38,115,21,94,95,83,PREP_FAILURE,Good,15
2026-07-01 02:00:00,UE00410,32.92140671903596,-97.01217355277814,SITE01,XYZ403,B,102,1.823,SSB_3,SSB_4,3,120,30,6,2,22,4.4,-101,-10,9,8,18,16,8.35,6.68,290,59,18,68,73,SUCCESS,Poor,55
2026-07-01 03:00:00,UE00411,32.96588977883424,-96.98350224890154,SITE01,XYZ401,C,100,2.131,SSB_4,SSB_5,4,180,30,6,2,33,6.6,-102,-10,8,7,17,15,8.08,6.46,298,66,102,68,71,EXEC_FAILURE,Coverage_Hole,50
2026-07-01 04:00:00,UE00412,32.89608838923039,-96.97231449297762,SITE01,XYZ402,C,101,2.789,SSB_5,SSB_6,5,240,30,6,2,11,2.2,-124,-10,-2,3,13,11,13.93,11.14,145,19,99,75,82,EXEC_FAILURE,Poor,12
2026-07-01 05:00:00,UE00413,32.94411250061119,-97.00595059069666,SITE01,XYZ403,C,102,1.355,SSB_6,SSB_1,6,300,30,6,2,12,2.4,-98,-10,10,8,18,16,8.94,7.15,361,58,44,64,32,PREP_FAILURE,Poor,57
2026-07-01 06:00:00,UE00414,32.93949012102825,-97.01297213157713,SITE01,XYZ401,C,100,1.637,SSB_1,SSB_2,1,0,30,6,2,4,0.8,-106,-10,7,7,17,15,8.33,6.66,293,65,24,61,55,SUCCESS,Coverage_Hole,48
2026-07-01 07:00:00,UE00415,32.93416639555137,-96.95045715918478,SITE01,XYZ402,A,101,2.013,SSB_2,SSB_3,2,60,30,6,2,13,2.6,-99,-10,2,5,15,13,11.04,8.83,191,47,44,68,23,SUCCESS,Coverage_Hole,28
2026-07-01 08:00:00,UE00416,32.93731143262475,-96.97850514039554,SITE01,XYZ403,B,102,0.418,SSB_3,SSB_4,3,120,30,6,2,12,2.4,-80,-10,18,12,22,20,3.91,3.13,494,98,111,81,57,SUCCESS,Poor,90
2026-07-01 09:00:00,UE00417,32.91199535127835,-96.96225944862904,SITE01,XYZ401,B,100,2.072,SSB_4,SSB_5,4,180,30,6,2,19,3.8,-101,-10,0,4,14,12,12.85,10.28,213,32,68,44,42,SUCCESS,Coverage_Hole,20
2026-07-01 10:00:00,UE00418,32.92831276724131,-96.9465771778465,SITE01,XYZ402,A,101,2.284,SSB_5,SSB_6,5,240,30,6,2,2,0.4,-111,-10,-1,3,13,11,14.0,11.2,110,24,123,74,66,SUCCESS,Good,14
2026-07-01 11:00:00,UE00419,32.95845163163444,-96.99115168836315,SITE01,XYZ403,C,102,1.652,SSB_6,SSB_1,6,300,30,6,2,1,0.2,-100,-10,9,8,18,16,8.14,6.51,418,51,97,26,77,PREP_FAILURE,Good,55
2026-07-01 12:00:00,UE00420,32.945070374015415,-97.03404910790498,SITE01,XYZ401,A,100,2.912,SSB_1,SSB_2,1,0,30,6,2,17,3.4,-116,-10,-3,3,13,11,13.38,10.7,148,21,85,58,50,SUCCESS,Poor,10
2026-07-01 13:00:00,UE00421,32.961022180657196,-97.02600047308952,SITE01,XYZ402,B,101,2.966,SSB_2,SSB_3,2,60,30,6,2,17,3.4,-107,-10,-2,3,13,11,12.45,9.96,137,25,71,31,31,PREP_FAILURE,Fair,13
2026-07-01 14:00:00,UE00422,32.92160772067309,-96.97100877181514,SITE01,XYZ403,C,102,1.239,SSB_3,SSB_4,3,120,30,6,2,21,4.2,-97,-10,5,6,16,14,10.56,8.45,268,53,97,95,34,SUCCESS,Coverage_Hole,38
2026-07-01 15:00:00,UE00423,32.91444971415446,-96.98589601796532,SITE01,XYZ401,C,100,1.421,SSB_4,SSB_5,4,180,30,6,2,17,3.4,-96,-10,16,11,21,19,4.89,3.91,587,90,53,68,58,PREP_FAILURE,Good,82
2026-07-01 16:00:00,UE00424,32.95720672515936,-96.96786224403175,SITE01,XYZ402,B,101,1.83,SSB_5,SSB_6,5,240,30,6,2,34,6.8,-111,-10,4,6,16,14,10.73,8.58,242,56,19,33,44,EXEC_FAILURE,Poor,36
2026-07-01 17:00:00,UE00425,32.95397770894862,-97.00410880571023,SITE01,XYZ403,C,102,1.705,SSB_6,SSB_1,6,300,30,6,2,3,0.6,-102,-10,6,6,16,14,9.53,7.62,228,42,102,20,21,SUCCESS,Poor,42
2026-07-01 18:00:00,UE00426,32.92480534232542,-97.03415966229821,SITE01,XYZ401,B,100,2.922,SSB_1,SSB_2,1,0,30,6,2,6,1.2,-110,-10,-2,3,13,11,13.04,10.43,142,26,55,53,84,PREP_FAILURE,Coverage_Hole,12
2026-07-01 19:00:00,UE00427,32.94411457259611,-96.94198408567499,SITE01,XYZ402,A,101,2.58,SSB_2,SSB_3,2,60,30,6,2,2,0.4,-112,-10,4,6,16,14,9.44,7.55,230,56,90,67,31,EXEC_FAILURE,Coverage_Hole,37
2026-07-01 20:00:00,UE00428,32.95763696655628,-96.95805531338783,SITE01,XYZ403,A,102,2.214,SSB_3,SSB_4,3,120,30,6,2,26,5.2,-111,-10,1,4,14,12,11.43,9.14,173,34,97,40,38,PREP_FAILURE,Poor,24
2026-07-01 21:00:00,UE00429,32.8996719256728,-96.96146338370109,SITE01,XYZ401,A,100,2.801,SSB_4,SSB_5,4,180,30,6,2,24,4.8,-122,-10,-2,3,13,11,13.43,10.74,127,21,82,65,27,EXEC_FAILURE,Excellent,12
2026-07-01 22:00:00,UE00430,32.93708809635777,-96.96318441538722,SITE01,XYZ402,C,101,1.283,SSB_5,SSB_6,5,240,30,6,2,2,0.4,-97,-10,13,9,19,17,6.35,5.08,464,70,74,77,26,SUCCESS,Poor,69
2026-07-01 23:00:00,UE00431,32.972994370945386,-96.96969388142374,SITE01,XYZ403,A,102,2.769,SSB_6,SSB_1,6,300,30,6,2,15,3.0,-114,-10,-3,3,13,11,13.06,10.45,132,23,49,22,19,PREP_FAILURE,Fair,10
2026-07-01 00:00:00,UE00432,32.95198554348665,-96.94608212494597,SITE01,XYZ401,B,100,2.549,SSB_1,SSB_2,1,0,30,6,2,1,0.2,-104,-10,1,4,14,12,11.89,9.51,145,31,55,82,46,SUCCESS,Good,23
2026-07-01 01:00:00,UE00433,32.91351102545421,-96.97929700744731,SITE01,XYZ402,A,101,1.524,SSB_2,SSB_3,2,60,30,6,2,21,4.2,-96,-10,11,9,19,17,6.21,4.97,449,80,93,91,51,SUCCESS,Poor,64
2026-07-01 02:00:00,UE00434,32.94286070303957,-97.01021694694417,SITE01,XYZ403,C,102,1.546,SSB_3,SSB_4,3,120,30,6,2,9,1.8,-95,-10,7,7,17,15,8.17,6.54,361,55,56,67,58,PREP_FAILURE,Excellent,48
2026-07-01 03:00:00,UE00435,32.92301509623649,-96.99367706893258,SITE01,XYZ401,A,100,0.964,SSB_4,SSB_5,4,180,30,6,2,27,5.4,-78,-10,9,8,18,16,8.33,6.66,326,74,117,64,34,SUCCESS,Fair,55
2026-07-01 04:00:00,UE00436,32.917387767874594,-97.00532995141526,SITE01,XYZ402,B,101,1.686,SSB_5,SSB_6,5,240,30,6,2,27,5.4,-101,-10,3,5,15,13,11.8,9.44,192,38,67,34,40,EXEC_FAILURE,Fair,30
2026-07-01 05:00:00,UE00437,32.92917911741443,-96.94131301617627,SITE01,XYZ403,A,102,2.574,SSB_6,SSB_1,6,300,30,6,2,10,2.0,-117,-10,4,6,16,14,11.0,8.8,244,43,116,77,89,EXEC_FAILURE,Excellent,36
2026-07-01 06:00:00,UE00438,32.97428751864806,-96.99277795386662,SITE01,XYZ401,A,100,2.744,SSB_1,SSB_2,1,0,30,6,2,0,0.0,-112,-10,2,5,15,13,11.29,9.03,191,42,57,86,77,EXEC_FAILURE,Good,28
2026-07-01 07:00:00,UE00439,32.92317762801693,-97.03012477980172,SITE01,XYZ402,B,101,2.727,SSB_2,SSB_3,2,60,30,6,2,9,1.8,-117,-10,0,4,14,12,11.85,9.48,177,37,90,55,63,EXEC_FAILURE,Excellent,21
2026-07-01 08:00:00,UE00440,32.912376921573674,-97.02883466878568,SITE01,XYZ403,B,102,2.971,SSB_3,SSB_4,3,120,30,6,2,4,0.8,-115,-10,0,4,14,12,12.4,9.92,166,26,29,35,15,SUCCESS,Fair,20
2026-07-01 09:00:00,UE00441,32.9664132255862,-97.01580131231525,SITE01,XYZ401,C,100,2.798,SSB_4,SSB_5,4,180,30,6,2,24,4.8,-122,-10,-8,1,11,9,14.15,11.32,48,9,86,27,85,PREP_FAILURE,Coverage_Hole,5
2026-07-01 10:00:00,UE00442,32.92013473603764,-97.00436114695184,SITE01,XYZ402,B,101,1.513,SSB_5,SSB_6,5,240,30,6,2,29,5.8,-88,-10,10,8,18,16,8.26,6.61,363,66,24,48,50,SUCCESS,Coverage_Hole,57
2026-07-01 11:00:00,UE00443,32.926196070793296,-96.99168398834459,SITE01,XYZ403,A,102,0.716,SSB_6,SSB_1,6,300,30,6,2,26,5.2,-87,-10,14,10,20,18,6.64,5.31,418,75,104,48,65,SUCCESS,Fair,73
2026-07-01 12:00:00,UE00444,32.92650392171,-97.03153317439087,SITE01,XYZ401,A,100,2.747,SSB_1,SSB_2,1,0,30,6,2,1,0.2,-111,-10,0,4,14,12,12.38,9.9,164,34,87,46,15,EXEC_FAILURE,Good,20
2026-07-01 13:00:00,UE00445,32.91781166518519,-96.95429795991767,SITE01,XYZ402,C,101,2.148,SSB_2,SSB_3,2,60,30,6,2,17,3.4,-102,-10,0,4,14,12,11.64,9.31,199,26,16,95,36,SUCCESS,Poor,21
2026-07-01 14:00:00,UE00446,32.926009168723425,-96.93864350198868,SITE01,XYZ403,B,102,2.767,SSB_3,SSB_4,3,120,30,6,2,2,0.4,-120,-10,2,5,15,13,11.92,9.54,183,41,69,94,78,SUCCESS,Good,28
2026-07-01 15:00:00,UE00447,32.965143353657496,-96.98189119475552,SITE01,XYZ401,A,100,2.086,SSB_4,SSB_5,4,180,30,6,2,14,2.8,-108,-10,2,5,15,13,11.51,9.21,202,46,112,30,79,EXEC_FAILURE,Good,28
2026-07-01 16:00:00,UE00448,32.91213094466741,-96.97594798888704,SITE01,XYZ402,C,101,1.669,SSB_5,SSB_6,5,240,30,6,2,22,4.4,-99,-10,7,7,17,15,8.58,6.86,289,52,73,58,17,EXEC_FAILURE,Excellent,47
2026-07-01 17:00:00,UE00449,32.96779264178581,-96.9555229722287,SITE01,XYZ403,A,102,2.839,SSB_6,SSB_1,6,300,30,6,2,31,6.2,-113,-10,0,4,14,12,11.34,9.07,213,31,15,79,70,EXEC_FAILURE,Poor,21
2026-07-01 18:00:00,UE00450,32.94808892229954,-96.97319189540033,SITE01,XYZ401,A,100,1.138,SSB_1,SSB_2,1,0,30,6,2,3,0.6,-87,-10,11,9,19,17,6.28,5.02,345,76,96,69,55,PREP_FAILURE,Good,64
2026-07-01 19:00:00,UE00451,32.920348966505166,-97.02407203233861,SITE01,XYZ402,C,101,2.469,SSB_2,SSB_3,2,60,30,6,2,30,6.0,-116,-10,3,5,15,13,10.08,8.06,221,46,87,97,63,SUCCESS,Good,32
2026-07-01 20:00:00,UE00452,32.91847655366286,-97.02350529047813,SITE01,XYZ403,A,102,2.495,SSB_3,SSB_4,3,120,30,6,2,17,3.4,-115,-10,3,5,15,13,11.6,9.28,189,44,21,33,26,EXEC_FAILURE,Coverage_Hole,30
2026-07-01 21:00:00,UE00453,32.969981997098415,-97.00285541733666,SITE01,XYZ401,A,100,2.619,SSB_4,SSB_5,4,180,30,6,2,28,5.6,-111,-10,1,4,14,12,11.51,9.21,148,29,128,97,39,EXEC_FAILURE,Good,23
2026-07-01 22:00:00,UE00454,32.92987075792346,-96.97907146190428,SITE01,XYZ402,B,101,0.503,SSB_5,SSB_6,5,240,30,6,2,17,3.4,-88,-10,18,12,22,20,4.65,3.72,482,101,34,77,71,PREP_FAILURE,Coverage_Hole,89
2026-07-01 23:00:00,UE00455,32.92338168095052,-97.0079784985869,SITE01,XYZ403,A,102,1.545,SSB_6,SSB_1,6,300,30,6,2,31,6.2,-92,-10,9,8,18,16,7.27,5.82,428,75,81,49,43,EXEC_FAILURE,Good,56
2026-07-01 00:00:00,UE00456,32.95775920144041,-96.96840054681631,SITE01,XYZ401,B,100,1.845,SSB_1,SSB_2,1,0,30,6,2,8,1.6,-107,-10,12,9,19,17,6.33,5.06,483,81,75,60,58,EXEC_FAILURE,Poor,66
2026-07-01 01:00:00,UE00457,32.936560650324154,-96.9392954751465,SITE01,XYZ402,B,101,2.661,SSB_2,SSB_3,2,60,30,6,2,24,4.8,-114,-10,-5,2,12,10,13.13,10.5,94,19,115,49,85,EXEC_FAILURE,Fair,5
2026-07-01 02:00:00,UE00458,32.89219497481797,-96.97696361951228,SITE01,XYZ403,C,102,2.994,SSB_3,SSB_4,3,120,30,6,2,1,0.2,-119,-10,0,4,14,12,12.59,10.07,186,36,117,37,66,PREP_FAILURE,Poor,20
2026-07-01 03:00:00,UE00459,32.93848585160732,-96.93695917192692,SITE01,XYZ401,C,100,2.804,SSB_4,SSB_5,4,180,30,6,2,8,1.6,-112,-10,-3,3,13,11,12.64,10.11,135,20,34,44,33,SUCCESS,Fair,10
2026-07-01 04:00:00,UE00460,32.95851531827304,-96.94965852421306,SITE01,XYZ402,C,101,2.619,SSB_5,SSB_6,5,240,30,6,2,32,6.4,-117,-10,6,6,16,14,10.04,8.03,216,46,115,35,37,EXEC_FAILURE,Good,41
2026-07-01 05:00:00,UE00461,32.924098493616924,-96.96766552050786,SITE01,XYZ403,A,102,1.265,SSB_6,SSB_1,6,300,30,6,2,27,5.4,-97,-10,11,9,19,17,7.16,5.73,420,78,121,42,32,PREP_FAILURE,Coverage_Hole,63
2026-07-01 06:00:00,UE00462,32.913305480896135,-96.95339482693254,SITE01,XYZ401,B,100,2.375,SSB_1,SSB_2,1,0,30,6,2,23,4.6,-109,-10,2,5,15,13,10.97,8.78,230,46,41,60,86,PREP_FAILURE,Excellent,29
2026-07-01 07:00:00,UE00463,32.93581467879903,-96.94992897961309,SITE01,XYZ402,C,101,2.043,SSB_2,SSB_3,2,60,30,6,2,21,4.2,-106,-10,6,6,16,14,10.9,8.72,273,50,37,67,85,PREP_FAILURE,Excellent,41
2026-07-01 08:00:00,UE00464,32.90261455468187,-96.97180569850646,SITE01,XYZ403,C,102,2.368,SSB_3,SSB_4,3,120,30,6,2,33,6.6,-112,-10,4,6,16,14,9.33,7.46,259,56,116,22,73,PREP_FAILURE,Excellent,37
2026-07-01 09:00:00,UE00465,32.901789131118925,-96.96651362715511,SITE01,XYZ401,A,100,2.537,SSB_4,SSB_5,4,180,30,6,2,1,0.2,-109,-10,0,4,14,12,11.01,8.81,173,26,59,67,38,EXEC_FAILURE,Poor,21
2026-07-01 10:00:00,UE00466,32.948584235551735,-97.03431726565091,SITE01,XYZ402,B,101,2.994,SSB_5,SSB_6,5,240,30,6,2,15,3.0,-116,-10,0,4,14,12,11.08,8.86,158,37,63,83,46,EXEC_FAILURE,Good,21
2026-07-01 11:00:00,UE00467,32.95757899681117,-96.98554317753255,SITE01,XYZ403,A,102,1.556,SSB_6,SSB_1,6,300,30,6,2,0,0.0,-99,-10,12,9,19,17,7.96,6.37,429,78,81,37,23,PREP_FAILURE,Coverage_Hole,65
2026-07-01 12:00:00,UE00468,32.903309779479045,-96.95786611417562,SITE01,XYZ401,C,100,2.702,SSB_1,SSB_2,1,0,30,6,2,2,0.4,-114,-10,1,4,14,12,12.54,10.03,178,37,90,85,60,PREP_FAILURE,Coverage_Hole,22
2026-07-01 13:00:00,UE00469,32.95737223639195,-96.9934328353353,SITE01,XYZ402,C,101,1.613,SSB_2,SSB_3,2,60,30,6,2,30,6.0,-89,-10,12,9,19,17,7.29,5.83,326,85,101,21,41,EXEC_FAILURE,Good,65
2026-07-01 14:00:00,UE00470,32.9506775866,-97.02314732746316,SITE01,XYZ403,B,102,2.448,SSB_3,SSB_4,3,120,30,6,2,24,4.8,-110,-10,0,4,14,12,11.92,9.54,179,26,46,45,84,SUCCESS,Excellent,21
2026-07-01 15:00:00,UE00471,32.89671566892685,-96.99586838066696,SITE01,XYZ401,A,100,2.715,SSB_4,SSB_5,4,180,30,6,2,29,5.8,-115,-10,0,4,14,12,12.22,9.78,150,33,112,41,71,EXEC_FAILURE,Fair,20
2026-07-01 16:00:00,UE00472,32.9664643541601,-97.00156820786526,SITE01,XYZ402,B,101,2.367,SSB_5,SSB_6,5,240,30,6,2,15,3.0,-106,-10,0,4,14,12,12.73,10.18,181,34,90,96,53,SUCCESS,Poor,20
2026-07-01 17:00:00,UE00473,32.9321113932623,-97.00347143666463,SITE01,XYZ403,B,102,1.077,SSB_6,SSB_1,6,300,30,6,2,4,0.8,-91,-10,10,8,18,16,7.71,6.17,401,57,94,60,88,PREP_FAILURE,Excellent,58
2026-07-01 18:00:00,UE00474,32.911567758088765,-96.96934133883553,SITE01,XYZ401,A,100,1.862,SSB_1,SSB_2,1,0,30,6,2,32,6.4,-106,-10,6,6,16,14,9.91,7.93,308,49,35,36,37,SUCCESS,Fair,42
2026-07-01 19:00:00,UE00475,32.89371427567811,-96.99643119932908,SITE01,XYZ402,C,101,2.924,SSB_2,SSB_3,2,60,30,6,2,32,6.4,-112,-10,-3,3,13,11,12.99,10.39,133,23,118,37,87,SUCCESS,Coverage_Hole,10
2026-07-01 20:00:00,UE00476,32.96724874150826,-97.00700645511064,SITE01,XYZ403,A,102,2.556,SSB_3,SSB_4,3,120,30,6,2,23,4.6,-111,-10,3,5,15,13,11.06,8.85,230,47,25,35,75,SUCCESS,Excellent,31
2026-07-01 21:00:00,UE00477,32.931420459780476,-96.97649613267721,SITE01,XYZ401,A,100,0.563,SSB_4,SSB_5,4,180,30,6,2,16,3.2,-76,-10,22,13,23,21,2.71,2.17,572,123,20,46,34,SUCCESS,Good,100
2026-07-01 22:00:00,UE00478,32.928847530191675,-96.99750001979767,SITE01,XYZ402,C,101,0.83,SSB_5,SSB_6,5,240,30,6,2,33,6.6,-89,-10,10,8,18,16,7.57,6.06,392,75,93,45,28,PREP_FAILURE,Good,58
2026-07-01 23:00:00,UE00479,32.945687065927785,-96.95373855946384,SITE01,XYZ403,A,102,1.965,SSB_6,SSB_1,6,300,30,6,2,23,4.6,-108,-10,2,5,15,13,11.04,8.83,201,33,77,44,73,PREP_FAILURE,Good,28
2026-07-01 00:00:00,UE00480,32.89348847091164,-96.9831925283163,SITE01,XYZ401,C,100,2.869,SSB_1,SSB_2,1,0,30,6,2,27,5.4,-118,-10,-2,3,13,11,13.46,10.77,136,21,121,82,25,EXEC_FAILURE,Excellent,12
2026-07-01 01:00:00,UE00481,32.896544620598156,-96.98800804211247,SITE01,XYZ402,B,101,2.661,SSB_2,SSB_3,2,60,30,6,2,25,5.0,-116,-10,-1,3,13,11,12.57,10.06,128,26,98,34,18,PREP_FAILURE,Good,15
2026-07-01 02:00:00,UE00482,32.9435501416402,-96.99926259659489,SITE01,XYZ403,C,102,1.004,SSB_3,SSB_4,3,120,30,6,2,17,3.4,-99,-10,20,12,22,20,4.96,3.97,591,81,64,33,88,EXEC_FAILURE,Excellent,94
2026-07-01 03:00:00,UE00483,32.897946535851915,-97.00941427241129,SITE01,XYZ401,B,100,2.918,SSB_4,SSB_5,4,180,30,6,2,20,4.0,-119,-10,-2,3,13,11,12.13,9.7,118,19,57,34,62,PREP_FAILURE,Coverage_Hole,13
2026-07-01 04:00:00,UE00484,32.929630786208435,-96.96586532323633,SITE01,XYZ402,A,101,1.18,SSB_5,SSB_6,5,240,30,6,2,34,6.8,-96,-10,8,7,17,15,8.51,6.81,313,53,35,77,32,SUCCESS,Fair,50
2026-07-01 05:00:00,UE00485,32.91937045089248,-96.96517139433941,SITE01,XYZ403,B,102,1.586,SSB_6,SSB_1,6,300,30,6,2,29,5.8,-106,-10,11,9,19,17,7.45,5.96,406,71,58,49,46,PREP_FAILURE,Fair,63
2026-07-01 06:00:00,UE00486,32.9344776962108,-96.9696903643205,SITE01,XYZ401,B,100,0.899,SSB_1,SSB_2,1,0,30,6,2,17,3.4,-89,-10,17,11,21,19,4.53,3.62,547,103,96,43,22,PREP_FAILURE,Coverage_Hole,84
2026-07-01 07:00:00,UE00487,32.93650755384097,-96.94212770584319,SITE01,XYZ402,C,101,2.497,SSB_2,SSB_3,2,60,30,6,2,6,1.2,-110,-10,-4,2,12,10,14.13,11.3,72,17,54,58,76,EXEC_FAILURE,Poor,5
2026-07-01 08:00:00,UE00488,32.93924986934887,-96.97512539544796,SITE01,XYZ403,C,102,0.652,SSB_3,SSB_4,3,120,30,6,2,19,3.8,-86,-10,9,8,18,16,7.99,6.39,288,64,126,30,81,EXEC_FAILURE,Coverage_Hole,55
2026-07-01 09:00:00,UE00489,32.938685269564196,-96.96154895432994,SITE01,XYZ401,B,100,1.393,SSB_4,SSB_5,4,180,30,6,2,24,4.8,-96,-10,15,10,20,18,5.83,4.66,390,70,122,44,33,EXEC_FAILURE,Fair,76
2026-07-01 10:00:00,UE00490,32.930299818882915,-96.98111910566595,SITE01,XYZ402,C,101,0.403,SSB_5,SSB_6,5,240,30,6,2,9,1.8,-75,-10,21,13,23,21,3.33,2.66,663,92,44,41,17,SUCCESS,Excellent,100
2026-07-01 11:00:00,UE00491,32.959272293091566,-97.00535373166144,SITE01,XYZ403,A,102,2.039,SSB_6,SSB_1,6,300,30,6,2,28,5.6,-102,-10,4,6,16,14,10.88,8.7,288,51,88,74,86,SUCCESS,Poor,36
2026-07-01 12:00:00,UE00492,32.954852594490795,-97.01792735583177,SITE01,XYZ401,A,100,2.337,SSB_1,SSB_2,1,0,30,6,2,31,6.2,-103,-10,3,5,15,13,11.02,8.82,185,38,31,27,71,PREP_FAILURE,Good,31
2026-07-01 13:00:00,UE00493,32.93422447823547,-97.01369843959606,SITE01,XYZ402,C,101,1.651,SSB_2,SSB_3,2,60,30,6,2,7,1.4,-95,-10,4,6,16,14,10.4,8.32,256,38,121,54,63,PREP_FAILURE,Coverage_Hole,36
2026-07-01 14:00:00,UE00494,32.91710919474024,-96.96167973980229,SITE01,XYZ403,A,102,1.84,SSB_3,SSB_4,3,120,30,6,2,15,3.0,-97,-10,7,7,17,15,8.72,6.98,318,59,23,52,74,SUCCESS,Coverage_Hole,47
2026-07-01 15:00:00,UE00495,32.922174567417386,-96.94951986817755,SITE01,XYZ401,B,100,2.249,SSB_4,SSB_5,4,180,30,6,2,7,1.4,-106,-10,1,4,14,12,12.42,9.94,169,26,87,86,25,PREP_FAILURE,Excellent,23
2026-07-01 16:00:00,UE00496,32.95603919876351,-96.98853586632049,SITE01,XYZ402,B,101,1.462,SSB_5,SSB_6,5,240,30,6,2,0,0.0,-103,-10,7,7,17,15,8.84,7.07,263,47,18,49,26,EXEC_FAILURE,Coverage_Hole,47
2026-07-01 17:00:00,UE00497,32.911538154876084,-97.0171322580877,SITE01,XYZ403,C,102,2.459,SSB_6,SSB_1,6,300,30,6,2,28,5.6,-108,-10,2,5,15,13,11.74,9.39,217,43,117,31,21,EXEC_FAILURE,Good,28
2026-07-01 18:00:00,UE00498,32.90754187342184,-96.97398572418429,SITE01,XYZ401,A,100,2.005,SSB_1,SSB_2,1,0,30,6,2,30,6.0,-108,-10,3,5,15,13,11.7,9.36,261,40,128,47,74,EXEC_FAILURE,Excellent,30
2026-07-01 19:00:00,UE00499,32.91465959519037,-97.02568003235247,SITE01,XYZ402,A,101,2.733,SSB_2,SSB_3,2,60,30,6,2,20,4.0,-112,-10,-1,3,13,11,13.82,11.06,119,19,45,73,19,SUCCESS,Poor,14
2026-07-01 20:00:00,UE00500,32.9130053889732,-97.01930608154035,SITE01,XYZ403,B,102,2.492,SSB_3,SSB_4,3,120,30,6,2,21,4.2,-109,-10,2,5,15,13,11.02,8.82,269,36,22,71,47,PREP_FAILURE,Excellent,28
2026-07-01 21:00:00,UE00501,32.9274918603294,-96.9344307196076,SITE01,XYZ401,B,100,2.986,SSB_4,SSB_5,4,180,30,6,2,28,5.6,-125,-10,-2,3,13,11,12.88,10.3,154,25,34,35,31,EXEC_FAILURE,Coverage_Hole,13
2026-07-01 22:00:00,UE00502,32.93475364110118,-97.013538359113,SITE01,XYZ402,A,101,1.641,SSB_5,SSB_6,5,240,30,6,2,11,2.2,-102,-10,6,6,16,14,9.38,7.5,229,44,117,37,20,PREP_FAILURE,Poor,42
2026-07-01 23:00:00,UE00503,32.9627303543028,-96.97255834345962,SITE01,XYZ403,B,102,2.046,SSB_6,SSB_1,6,300,30,6,2,31,6.2,-107,-10,0,4,14,12,11.31,9.05,212,35,104,50,24,SUCCESS,Poor,21
2026-07-01 00:00:00,UE00504,32.92621722415962,-96.99480801552708,SITE01,XYZ401,C,100,0.824,SSB_1,SSB_2,1,0,30,6,2,21,4.2,-93,-10,19,12,22,20,4.91,3.93,620,103,34,70,53,SUCCESS,Good,91
2026-07-01 01:00:00,UE00505,32.903798578653706,-97.02121414807279,SITE01,XYZ402,B,101,2.999,SSB_2,SSB_3,2,60,30,6,2,22,4.4,-124,-10,-4,2,12,10,14.21,11.37,73,13,70,26,75,EXEC_FAILURE,Fair,5
2026-07-01 02:00:00,UE00506,32.92997906847214,-96.97660325196387,SITE01,XYZ403,A,102,0.608,SSB_3,SSB_4,3,120,30,6,2,17,3.4,-82,-10,13,9,19,17,7.9,6.32,367,80,122,78,76,EXEC_FAILURE,Excellent,67
2026-07-01 03:00:00,UE00507,32.9142300943499,-97.02317576115541,SITE01,XYZ401,B,100,2.626,SSB_4,SSB_5,4,180,30,6,2,16,3.2,-111,-10,3,5,15,13,11.94,9.55,244,46,90,59,33,EXEC_FAILURE,Good,30
2026-07-01 04:00:00,UE00508,32.91339250509313,-96.96786748571171,SITE01,XYZ402,C,101,1.799,SSB_5,SSB_6,5,240,30,6,2,9,1.8,-102,-10,1,4,14,12,12.67,10.14,155,29,124,74,15,SUCCESS,Poor,22
2026-07-01 05:00:00,UE00509,32.9575034084404,-97.00697715579663,SITE01,XYZ403,B,102,1.998,SSB_6,SSB_1,6,300,30,6,2,6,1.2,-108,-10,4,6,16,14,10.05,8.04,319,50,38,30,87,EXEC_FAILURE,Poor,36
2026-07-01 06:00:00,UE00510,32.96792411635489,-97.008329608704,SITE01,XYZ401,C,100,2.635,SSB_1,SSB_2,1,0,30,6,2,6,1.2,-111,-10,2,5,15,13,10.1,8.08,250,45,45,81,27,EXEC_FAILURE,Good,29
2026-07-01 07:00:00,UE00511,32.91567778053301,-96.99067566700559,SITE01,XYZ402,A,101,1.373,SSB_2,SSB_3,2,60,30,6,2,16,3.2,-93,-10,14,10,20,18,5.94,4.75,532,85,58,38,85,PREP_FAILURE,Coverage_Hole,74
2026-07-01 08:00:00,UE00512,32.939430894360775,-96.93749297911448,SITE01,XYZ403,C,102,2.779,SSB_3,SSB_4,3,120,30,6,2,28,5.6,-116,-10,-3,3,13,11,12.44,9.95,157,27,117,85,33,PREP_FAILURE,Excellent,11
2026-07-01 09:00:00,UE00513,32.91824558653366,-96.9520390962363,SITE01,XYZ401,C,100,2.243,SSB_4,SSB_5,4,180,30,6,2,9,1.8,-106,-10,3,5,15,13,11.39,9.11,240,35,111,84,79,EXEC_FAILURE,Good,31
2026-07-01 10:00:00,UE00514,32.93350137291633,-96.9770686351649,SITE01,XYZ402,A,101,0.483,SSB_5,SSB_6,5,240,30,6,2,21,4.2,-81,-10,16,11,21,19,5.19,4.15,516,84,18,55,20,SUCCESS,Coverage_Hole,81
2026-07-01 11:00:00,UE00515,32.91595350154377,-96.94993888517834,SITE01,XYZ403,B,102,2.43,SSB_6,SSB_1,6,300,30,6,2,15,3.0,-109,-10,6,6,16,14,9.9,7.92,234,50,30,48,22,EXEC_FAILURE,Excellent,42
2026-07-01 12:00:00,UE00516,32.96521327717976,-97.00720420690891,SITE01,XYZ401,B,100,2.441,SSB_1,SSB_2,1,0,30,6,2,4,0.8,-110,-10,4,6,16,14,9.88,7.9,252,52,91,46,38,EXEC_FAILURE,Fair,37
2026-07-01 13:00:00,UE00517,32.93478396538326,-97.03308505014472,SITE01,XYZ402,A,101,2.773,SSB_2,SSB_3,2,60,30,6,2,20,4.0,-117,-10,-2,3,13,11,12.5,10.0,157,24,101,83,89,SUCCESS,Excellent,13
2026-07-01 14:00:00,UE00518,32.93345777179283,-96.94955864755957,SITE01,XYZ403,B,102,2.067,SSB_3,SSB_4,3,120,30,6,2,0,0.0,-108,-10,6,6,16,14,9.17,7.34,281,39,64,41,39,SUCCESS,Good,42
2026-07-01 15:00:00,UE00519,32.92835503112344,-96.96339128206697,SITE01,XYZ401,B,100,1.345,SSB_4,SSB_5,4,180,30,6,2,11,2.2,-87,-10,11,9,19,17,7.56,6.05,448,85,25,31,56,PREP_FAILURE,Fair,62
2026-07-01 16:00:00,UE00520,32.89759188789273,-96.99948965065825,SITE01,XYZ402,B,101,2.713,SSB_5,SSB_6,5,240,30,6,2,1,0.2,-114,-10,-2,3,13,11,13.22,10.58,121,23,29,22,57,EXEC_FAILURE,Fair,12
2026-07-01 17:00:00,UE00521,32.921958906693995,-96.98495992524448,SITE01,XYZ403,B,102,0.902,SSB_6,SSB_1,6,300,30,6,2,14,2.8,-86,-10,11,9,19,17,6.38,5.1,468,70,96,21,57,PREP_FAILURE,Good,64
2026-07-01 18:00:00,UE00522,32.90048715073971,-97.00141587278384,SITE01,XYZ401,C,100,2.562,SSB_1,SSB_2,1,0,30,6,2,3,0.6,-107,-10,0,4,14,12,11.78,9.42,201,29,26,41,34,PREP_FAILURE,Excellent,21
2026-07-01 19:00:00,UE00523,32.9261634854231,-96.96977618094866,SITE01,XYZ402,A,101,1.083,SSB_2,SSB_3,2,60,30,6,2,23,4.6,-94,-10,15,10,20,18,5.13,4.1,383,91,38,73,40,PREP_FAILURE,Excellent,77
2026-07-01 20:00:00,UE00524,32.9488620795414,-97.00402837476672,SITE01,XYZ403,B,102,1.449,SSB_3,SSB_4,3,120,30,6,2,2,0.4,-92,-10,6,6,16,14,9.03,7.22,256,45,73,33,61,PREP_FAILURE,Good,42
2026-07-01 21:00:00,UE00525,32.91535478763602,-97.02312700670456,SITE01,XYZ401,A,100,2.582,SSB_4,SSB_5,4,180,30,6,2,26,5.2,-107,-10,-1,3,13,11,12.59,10.07,138,26,36,53,63,SUCCESS,Excellent,15
2026-07-01 22:00:00,UE00526,32.93580747541038,-96.95844123933156,SITE01,XYZ402,B,101,1.551,SSB_5,SSB_6,5,240,30,6,2,8,1.6,-101,-10,5,6,16,14,10.0,8.0,263,42,97,67,21,SUCCESS,Excellent,39
2026-07-01 23:00:00,UE00527,32.96639640262733,-97.01656801444224,SITE01,XYZ403,B,102,2.825,SSB_6,SSB_1,6,300,30,6,2,19,3.8,-110,-10,0,4,14,12,11.03,8.82,183,36,121,93,38,SUCCESS,Poor,21
2026-07-01 00:00:00,UE00528,32.95106196346364,-96.94598984854345,SITE01,XYZ401,A,100,2.526,SSB_1,SSB_2,1,0,30,6,2,34,6.8,-112,-10,3,5,15,13,10.29,8.23,248,44,117,29,79,PREP_FAILURE,Coverage_Hole,32
2026-07-01 01:00:00,UE00529,32.934604354683316,-97.01932118497416,SITE01,XYZ402,A,101,1.976,SSB_2,SSB_3,2,60,30,6,2,26,5.2,-104,-10,2,5,15,13,11.17,8.94,195,47,20,53,77,SUCCESS,Poor,28
2026-07-01 02:00:00,UE00530,32.92612218982537,-96.99273554074549,SITE01,XYZ403,B,102,0.754,SSB_3,SSB_4,3,120,30,6,2,14,2.8,-90,-10,16,11,21,19,5.95,4.76,503,90,50,67,42,PREP_FAILURE,Poor,81
2026-07-01 03:00:00,UE00531,32.92842456827103,-96.95216487497777,SITE01,XYZ401,A,100,1.967,SSB_4,SSB_5,4,180,30,6,2,20,4.0,-105,-10,10,8,18,16,8.98,7.18,295,60,29,23,74,SUCCESS,Poor,57
2026-07-01 04:00:00,UE00532,32.972723763312835,-97.00339975316312,SITE01,XYZ402,A,101,2.806,SSB_5,SSB_6,5,240,30,6,2,0,0.0,-113,-10,0,4,14,12,12.1,9.68,203,29,15,24,29,SUCCESS,Poor,20
2026-07-01 05:00:00,UE00533,32.918635546014386,-96.93831123380066,SITE01,XYZ403,A,102,2.942,SSB_6,SSB_1,6,300,30,6,2,34,6.8,-116,-10,-5,2,12,10,13.11,10.49,75,14,78,50,87,PREP_FAILURE,Coverage_Hole,5
2026-07-01 06:00:00,UE00534,32.949013391997056,-96.95000946585387,SITE01,XYZ401,C,100,2.255,SSB_1,SSB_2,1,0,30,6,2,24,4.8,-103,-10,4,6,16,14,10.02,8.02,221,48,23,95,88,PREP_FAILURE,Fair,36
2026-07-01 07:00:00,UE00535,32.93448543737571,-97.03066146895405,SITE01,XYZ402,A,101,2.633,SSB_2,SSB_3,2,60,30,6,2,14,2.8,-117,-10,0,4,14,12,12.92,10.34,164,36,58,27,88,PREP_FAILURE,Coverage_Hole,20
2026-07-01 08:00:00,UE00536,32.92352890681663,-96.96996819634542,SITE01,XYZ403,B,102,1.187,SSB_3,SSB_4,3,120,30,6,2,9,1.8,-98,-10,13,9,19,17,7.94,6.35,472,62,40,49,87,PREP_FAILURE,Fair,67
2026-07-01 09:00:00,UE00537,32.92042102714939,-96.94110935049578,SITE01,XYZ401,A,100,2.745,SSB_4,SSB_5,4,180,30,6,2,18,3.6,-124,-10,0,4,14,12,12.71,10.17,175,30,65,89,77,SUCCESS,Fair,20
2026-07-01 10:00:00,UE00538,32.972277477480375,-96.98741319382319,SITE01,XYZ402,C,101,2.573,SSB_5,SSB_6,5,240,30,6,2,22,4.4,-117,-10,4,6,16,14,9.45,7.56,310,54,27,85,80,SUCCESS,Poor,37
2026-07-01 11:00:00,UE00539,32.914975669251646,-96.973493539436,SITE01,XYZ403,B,102,1.541,SSB_6,SSB_1,6,300,30,6,2,31,6.2,-102,-10,12,9,19,17,6.66,5.33,370,71,54,47,51,SUCCESS,Excellent,66
2026-07-01 12:00:00,UE00540,32.92644820931309,-96.96404033500623,SITE01,XYZ401,C,100,1.361,SSB_1,SSB_2,1,0,30,6,2,15,3.0,-93,-10,10,8,18,16,8.86,7.09,317,60,80,94,55,EXEC_FAILURE,Coverage_Hole,57
2026-07-01 13:00:00,UE00541,32.903836150588226,-96.9518281162006,SITE01,XYZ402,A,101,2.893,SSB_2,SSB_3,2,60,30,6,2,29,5.8,-112,-10,-2,3,13,11,13.61,10.89,108,22,77,38,86,EXEC_FAILURE,Fair,12
2026-07-01 14:00:00,UE00542,32.95611903453726,-96.97662851846057,SITE01,XYZ403,C,102,1.537,SSB_3,SSB_4,3,120,30,6,2,31,6.2,-95,-10,7,7,17,15,9.7,7.76,312,54,34,54,67,EXEC_FAILURE,Fair,46
2026-07-01 15:00:00,UE00543,32.917321969877904,-97.02496114187947,SITE01,XYZ401,C,100,2.607,SSB_4,SSB_5,4,180,30,6,2,19,3.8,-116,-10,0,4,14,12,12.62,10.1,206,27,91,92,18,SUCCESS,Coverage_Hole,20
2026-07-01 16:00:00,UE00544,32.958919003636666,-97.01878494680902,SITE01,XYZ402,B,101,2.549,SSB_5,SSB_6,5,240,30,6,2,12,2.4,-111,-10,7,7,17,15,8.32,6.66,258,54,42,85,24,PREP_FAILURE,Coverage_Hole,48
2026-07-01 17:00:00,UE00545,32.961340569755116,-97.01979639079747,SITE01,XYZ403,B,102,2.703,SSB_6,SSB_1,6,300,30,6,2,12,2.4,-115,-10,0,4,14,12,12.13,9.7,198,27,61,35,80,SUCCESS,Fair,20
2026-07-01 18:00:00,UE00546,32.96406915144543,-96.98365840797892,SITE01,XYZ401,B,100,2.005,SSB_1,SSB_2,1,0,30,6,2,32,6.4,-106,-10,8,7,17,15,9.08,7.26,337,60,73,95,29,PREP_FAILURE,Poor,49
2026-07-01 19:00:00,UE00547,32.94352995165732,-97.00059591616807,SITE01,XYZ402,A,101,1.067,SSB_2,SSB_3,2,60,30,6,2,10,2.0,-86,-10,9,8,18,16,7.94,6.35,316,66,109,81,66,PREP_FAILURE,Excellent,55
2026-07-01 20:00:00,UE00548,32.899440811385574,-96.98752039516228,SITE01,XYZ403,B,102,2.46,SSB_3,SSB_4,3,120,30,6,2,24,4.8,-114,-10,5,6,16,14,9.65,7.72,267,55,62,80,29,SUCCESS,Fair,39
2026-07-01 21:00:00,UE00549,32.9463457893715,-96.99169750536943,SITE01,XYZ401,A,100,0.866,SSB_4,SSB_5,4,180,30,6,2,26,5.2,-82,-10,17,11,21,19,5.82,4.66,464,92,41,94,19,EXEC_FAILURE,Fair,83
2026-07-01 22:00:00,UE00550,32.91662584485713,-96.96375904217177,SITE01,XYZ402,C,101,1.776,SSB_5,SSB_6,5,240,30,6,2,1,0.2,-104,-10,5,6,16,14,9.5,7.6,303,43,37,35,23,SUCCESS,Poor,40
2026-07-01 23:00:00,UE00551,32.94430104105688,-96.99385524309784,SITE01,XYZ403,C,102,0.812,SSB_6,SSB_1,6,300,30,6,2,14,2.8,-85,-10,12,9,19,17,6.62,5.3,463,77,58,87,47,EXEC_FAILURE,Excellent,66
2026-07-01 00:00:00,UE00552,32.91514091172451,-96.9993782070825,SITE01,XYZ401,A,100,1.6,SSB_1,SSB_2,1,0,30,6,2,19,3.8,-104,-10,15,10,20,18,6.67,5.34,407,78,26,40,39,EXEC_FAILURE,Excellent,75
2026-07-01 01:00:00,UE00553,32.950421574375035,-96.99345800416421,SITE01,XYZ402,A,101,1.164,SSB_2,SSB_3,2,60,30,6,2,7,1.4,-87,-10,10,8,18,16,7.04,5.63,317,63,19,38,37,SUCCESS,Good,58
2026-07-01 02:00:00,UE00554,32.895687024030074,-96.97162026434104,SITE01,XYZ403,B,102,2.827,SSB_3,SSB_4,3,120,30,6,2,15,3.0,-124,-10,2,5,15,13,10.92,8.74,181,36,107,43,69,EXEC_FAILURE,Fair,29
2026-07-01 03:00:00,UE00555,32.936347777052625,-96.95296717297647,SITE01,XYZ401,A,100,1.869,SSB_4,SSB_5,4,180,30,6,2,28,5.6,-102,-10,8,7,17,15,8.03,6.42,254,66,82,82,78,EXEC_FAILURE,Coverage_Hole,50
2026-07-01 04:00:00,UE00556,32.91696348805531,-97.01410959248666,SITE01,XYZ402,A,101,2.088,SSB_5,SSB_6,5,240,30,6,2,27,5.4,-111,-10,7,7,17,15,8.17,6.54,263,65,31,63,24,EXEC_FAILURE,Coverage_Hole,48
2026-07-01 05:00:00,UE00557,32.97329391176661,-96.97237365557301,SITE01,XYZ403,B,102,2.742,SSB_6,SSB_1,6,300,30,6,2,9,1.8,-112,-10,-1,3,13,11,12.02,9.62,118,28,34,50,21,PREP_FAILURE,Excellent,16
2026-07-01 06:00:00,UE00558,32.950853208099865,-97.00257038473778,SITE01,XYZ401,C,100,1.484,SSB_1,SSB_2,1,0,30,6,2,11,2.2,-91,-10,7,7,17,15,9.84,7.87,303,49,23,42,77,SUCCESS,Coverage_Hole,46
2026-07-01 07:00:00,UE00559,32.94155378209619,-97.02069404121094,SITE01,XYZ402,C,101,2.104,SSB_2,SSB_3,2,60,30,6,2,17,3.4,-109,-10,4,6,16,14,10.53,8.42,223,47,128,91,84,PREP_FAILURE,Good,36
2026-07-01 08:00:00,UE00560,32.94854122145863,-96.93825480901738,SITE01,XYZ403,C,102,2.874,SSB_3,SSB_4,3,120,30,6,2,34,6.8,-113,-10,1,4,14,12,11.94,9.55,185,26,110,25,46,EXEC_FAILURE,Excellent,23
2026-07-01 09:00:00,UE00561,32.93098242756692,-96.96032720388982,SITE01,XYZ401,A,100,1.467,SSB_4,SSB_5,4,180,30,6,2,8,1.6,-96,-10,13,9,19,17,7.02,5.62,375,78,98,57,40,PREP_FAILURE,Poor,68
2026-07-01 10:00:00,UE00562,32.906571585187685,-96.97140444537132,SITE01,XYZ402,C,101,2.12,SSB_5,SSB_6,5,240,30,6,2,12,2.4,-100,-10,8,7,17,15,8.26,6.61,347,50,90,70,33,SUCCESS,Fair,50
2026-07-01 11:00:00,UE00563,32.95594423058049,-96.96687530550228,SITE01,XYZ403,A,102,1.791,SSB_6,SSB_1,6,300,30,6,2,3,0.6,-101,-10,8,7,17,15,8.91,7.13,302,52,75,87,88,SUCCESS,Fair,50
2026-07-01 12:00:00,UE00564,32.91064985364215,-96.95788981950675,SITE01,XYZ401,C,100,2.309,SSB_1,SSB_2,1,0,30,6,2,2,0.4,-98,-10,2,5,15,13,11.12,8.9,223,40,82,60,51,EXEC_FAILURE,Good,28
2026-07-01 13:00:00,UE00565,32.910563416357824,-97.01867321745692,SITE01,XYZ402,B,101,2.571,SSB_2,SSB_3,2,60,30,6,2,23,4.6,-113,-10,2,5,15,13,10.98,8.78,219,44,37,67,54,PREP_FAILURE,Excellent,29
2026-07-01 14:00:00,UE00566,32.90389346120491,-97.00146666033834,SITE01,XYZ403,A,102,2.346,SSB_3,SSB_4,3,120,30,6,2,10,2.0,-108,-10,2,5,15,13,11.82,9.46,265,35,104,43,87,PREP_FAILURE,Poor,28
2026-07-01 15:00:00,UE00567,32.91690717938843,-96.95261876374519,SITE01,XYZ401,A,100,2.264,SSB_4,SSB_5,4,180,30,6,2,27,5.4,-111,-10,3,5,15,13,11.53,9.22,205,46,17,74,28,PREP_FAILURE,Excellent,30
2026-07-01 16:00:00,UE00568,32.94713971311283,-97.01613522656564,SITE01,XYZ402,A,101,1.976,SSB_5,SSB_6,5,240,30,6,2,25,5.0,-111,-10,6,6,16,14,9.09,7.27,288,54,18,48,15,EXEC_FAILURE,Good,42
2026-07-01 17:00:00,UE00569,32.90604217222607,-97.02126729779032,SITE01,XYZ403,C,102,2.892,SSB_6,SSB_1,6,300,30,6,2,8,1.6,-122,-10,-3,3,13,11,13.96,11.17,161,28,89,89,15,PREP_FAILURE,Coverage_Hole,9
2026-07-01 18:00:00,UE00570,32.934235027662794,-97.01479957165672,SITE01,XYZ401,B,100,1.715,SSB_1,SSB_2,1,0,30,6,2,6,1.2,-108,-10,1,4,14,12,12.79,10.23,153,27,62,93,44,SUCCESS,Poor,22
2026-07-01 19:00:00,UE00571,32.97298884931673,-96.98730650707515,SITE01,XYZ402,A,101,2.622,SSB_2,SSB_3,2,60,30,6,2,29,5.8,-114,-10,0,4,14,12,11.21,8.97,207,32,63,67,86,SUCCESS,Excellent,21
2026-07-01 20:00:00,UE00572,32.95970131830158,-96.99238131346479,SITE01,XYZ403,C,102,1.752,SSB_3,SSB_4,3,120,30,6,2,18,3.6,-104,-10,7,7,17,15,9.29,7.43,326,64,43,69,16,SUCCESS,Excellent,47
2026-07-01 21:00:00,UE00573,32.93062725853254,-96.95162792145355,SITE01,XYZ401,C,100,1.968,SSB_4,SSB_5,4,180,30,6,2,15,3.0,-100,-10,3,5,15,13,10.06,8.05,267,40,34,43,78,PREP_FAILURE,Good,32
2026-07-01 22:00:00,UE00574,32.96248902911693,-96.99607645416383,SITE01,XYZ402,B,101,1.996,SSB_5,SSB_6,5,240,30,6,2,26,5.2,-103,-10,0,4,14,12,11.96,9.57,194,26,88,80,72,EXEC_FAILURE,Fair,21
2026-07-01 23:00:00,UE00575,32.92296351962175,-96.99266387530314,SITE01,XYZ403,C,102,0.938,SSB_6,SSB_1,6,300,30,6,2,15,3.0,-95,-10,14,10,20,18,5.11,4.09,374,95,18,71,45,EXEC_FAILURE,Poor,74
2026-07-01 00:00:00,UE00576,32.92558185603682,-97.01580500229082,SITE01,XYZ401,A,100,1.889,SSB_1,SSB_2,1,0,30,6,2,26,5.2,-91,-10,0,4,14,12,11.54,9.23,176,31,60,54,18,SUCCESS,Good,21
2026-07-01 01:00:00,UE00577,32.92985107397006,-96.99807673478593,SITE01,XYZ402,A,101,0.827,SSB_2,SSB_3,2,60,30,6,2,1,0.2,-86,-10,12,9,19,17,7.41,5.93,361,65,54,57,75,SUCCESS,Coverage_Hole,65
2026-07-01 02:00:00,UE00578,32.959598457360016,-96.96229454674045,SITE01,XYZ403,C,102,2.152,SSB_3,SSB_4,3,120,30,6,2,16,3.2,-105,-10,9,8,18,16,7.6,6.08,348,58,102,86,44,SUCCESS,Fair,55
2026-07-01 03:00:00,UE00579,32.92052937550006,-97.02438478900655,SITE01,XYZ401,A,100,2.48,SSB_4,SSB_5,4,180,30,6,2,30,6.0,-104,-10,1,4,14,12,12.68,10.14,185,33,92,30,47,PREP_FAILURE,Coverage_Hole,22
2026-07-01 04:00:00,UE00580,32.91928091448461,-96.99699759513682,SITE01,XYZ402,B,101,1.284,SSB_5,SSB_6,5,240,30,6,2,8,1.6,-88,-10,12,9,19,17,7.63,6.1,344,58,95,31,37,PREP_FAILURE,Coverage_Hole,65
2026-07-01 05:00:00,UE00581,32.901893835075754,-96.98847704275205,SITE01,XYZ403,A,102,2.295,SSB_6,SSB_1,6,300,30,6,2,11,2.2,-116,-10,2,5,15,13,10.14,8.11,188,38,35,40,66,PREP_FAILURE,Fair,29
2026-07-01 06:00:00,UE00582,32.94500894835836,-96.9591885856008,SITE01,XYZ401,C,100,1.656,SSB_1,SSB_2,1,0,30,6,2,3,0.6,-99,-10,6,6,16,14,9.39,7.51,290,45,31,86,88,EXEC_FAILURE,Good,42
2026-07-01 07:00:00,UE00583,32.92703169782377,-96.94402237216778,SITE01,XYZ402,A,101,2.448,SSB_2,SSB_3,2,60,30,6,2,18,3.6,-116,-10,1,4,14,12,11.42,9.14,145,37,103,52,75,SUCCESS,Good,24
2026-07-01 08:00:00,UE00584,32.898574461632634,-96.97129870073341,SITE01,XYZ403,A,102,2.642,SSB_3,SSB_4,3,120,30,6,2,30,6.0,-110,-10,1,4,14,12,12.52,10.02,156,36,40,60,52,EXEC_FAILURE,Excellent,22
2026-07-01 09:00:00,UE00585,32.93166324273957,-96.96983691220643,SITE01,XYZ401,C,100,0.92,SSB_4,SSB_5,4,180,30,6,2,11,2.2,-88,-10,17,11,21,19,4.08,3.26,574,90,65,58,47,SUCCESS,Coverage_Hole,85
2026-07-01 10:00:00,UE00586,32.925982751100385,-96.95717050102245,SITE01,XYZ402,A,101,1.739,SSB_5,SSB_6,5,240,30,6,2,30,6.0,-100,-10,6,6,16,14,10.4,8.32,308,41,17,78,66,PREP_FAILURE,Excellent,41
2026-07-01 11:00:00,UE00587,32.90622172798865,-96.9844084487846,SITE01,XYZ403,C,102,1.989,SSB_6,SSB_1,6,300,30,6,2,6,1.2,-97,-10,2,5,15,13,10.84,8.67,266,41,100,80,37,PREP_FAILURE,Poor,29
2026-07-01 12:00:00,UE00588,32.97059336230242,-96.96248410781247,SITE01,XYZ401,B,100,2.784,SSB_1,SSB_2,1,0,30,6,2,4,0.8,-112,-10,-4,2,12,10,14.09,11.27,101,13,112,45,15,EXEC_FAILURE,Good,5
2026-07-01 13:00:00,UE00589,32.947799808343625,-96.9494870603862,SITE01,XYZ402,B,101,2.248,SSB_2,SSB_3,2,60,30,6,2,30,6.0,-108,-10,-1,3,13,11,13.92,11.14,149,23,26,84,87,EXEC_FAILURE,Poor,14
2026-07-01 14:00:00,UE00590,32.90862960385265,-96.98635078655926,SITE01,XYZ403,A,102,1.823,SSB_3,SSB_4,3,120,30,6,2,23,4.6,-95,-10,8,7,17,15,8.71,6.97,329,57,27,21,85,EXEC_FAILURE,Coverage_Hole,50
2026-07-01 15:00:00,UE00591,32.937424578410244,-96.96753869559367,SITE01,XYZ401,A,100,1.036,SSB_4,SSB_5,4,180,30,6,2,8,1.6,-86,-10,13,9,19,17,7.4,5.92,451,67,103,21,33,PREP_FAILURE,Poor,68
2026-07-01 16:00:00,UE00592,32.956619952091366,-96.94055463095333,SITE01,XYZ402,A,101,2.984,SSB_5,SSB_6,5,240,30,6,2,7,1.4,-114,-10,-4,2,12,10,14.41,11.53,106,15,109,56,41,SUCCESS,Poor,5
2026-07-01 17:00:00,UE00593,32.946784695120286,-97.02016743941137,SITE01,XYZ403,C,102,2.181,SSB_6,SSB_1,6,300,30,6,2,11,2.2,-103,-10,7,7,17,15,8.23,6.58,342,56,102,91,46,SUCCESS,Poor,48
2026-07-01 18:00:00,UE00594,32.92936835490012,-96.97774849917508,SITE01,XYZ401,A,100,0.582,SSB_1,SSB_2,1,0,30,6,2,26,5.2,-90,-10,17,11,21,19,5.49,4.39,397,76,57,78,66,SUCCESS,Fair,84
2026-07-01 19:00:00,UE00595,32.96233869936766,-96.98493930514942,SITE01,XYZ402,A,101,1.884,SSB_2,SSB_3,2,60,30,6,2,32,6.4,-102,-10,3,5,15,13,11.35,9.08,217,43,90,25,55,EXEC_FAILURE,Coverage_Hole,31
2026-07-01 20:00:00,UE00596,32.96425285934794,-97.01228721345109,SITE01,XYZ403,C,102,2.554,SSB_3,SSB_4,3,120,30,6,2,15,3.0,-116,-10,2,5,15,13,11.16,8.93,261,37,94,57,55,EXEC_FAILURE,Fair,28
2026-07-01 21:00:00,UE00597,32.95308679166907,-97.00340494103327,SITE01,XYZ401,A,100,1.632,SSB_4,SSB_5,4,180,30,6,2,26,5.2,-100,-10,12,9,19,17,6.08,4.86,427,59,27,91,70,SUCCESS,Poor,66
2026-07-01 22:00:00,UE00598,32.92875287399098,-97.00433049166993,SITE01,XYZ402,A,101,1.19,SSB_5,SSB_6,5,240,30,6,2,26,5.2,-85,-10,12,9,19,17,7.78,6.22,395,83,31,75,60,EXEC_FAILURE,Coverage_Hole,65
2026-07-01 23:00:00,UE00599,32.969215404539334,-96.97368987971666,SITE01,XYZ403,A,102,2.451,SSB_6,SSB_1,6,300,30,6,2,15,3.0,-106,-10,-2,3,13,11,12.11,9.69,109,23,112,74,75,PREP_FAILURE,Excellent,13
2026-07-01 00:00:00,UE00600,32.94464576385076,-96.94984878471948,SITE01,XYZ401,C,100,2.152,SSB_1,SSB_2,1,0,30,6,2,12,2.4,-103,-10,-1,3,13,11,12.14,9.71,115,19,79,31,18,SUCCESS,Coverage_Hole,16
2026-07-01 01:00:00,UE00601,32.95551728673733,-96.94859315552348,SITE01,XYZ402,A,101,2.548,SSB_2,SSB_3,2,60,30,6,2,5,1.0,-110,-10,2,5,15,13,11.68,9.34,206,37,33,85,24,SUCCESS,Coverage_Hole,28
2026-07-01 02:00:00,UE00602,32.89969003213552,-97.00229282036254,SITE01,XYZ403,A,102,2.632,SSB_3,SSB_4,3,120,30,6,2,28,5.6,-112,-10,3,5,15,13,11.04,8.83,232,43,91,20,17,EXEC_FAILURE,Poor,31
2026-07-01 03:00:00,UE00603,32.901150612768085,-96.98072479324804,SITE01,XYZ401,A,100,2.352,SSB_4,SSB_5,4,180,30,6,2,0,0.0,-108,-10,1,4,14,12,12.49,9.99,166,29,88,38,17,EXEC_FAILURE,Excellent,23
2026-07-01 04:00:00,UE00604,32.90428458534911,-96.96335499060359,SITE01,XYZ402,C,101,2.47,SSB_5,SSB_6,5,240,30,6,2,26,5.2,-115,-10,5,6,16,14,9.55,7.64,323,52,28,87,61,PREP_FAILURE,Poor,39
2026-07-01 05:00:00,UE00605,32.96499501325261,-96.98163443324468,SITE01,XYZ403,A,102,2.077,SSB_6,SSB_1,6,300,30,6,2,30,6.0,-106,-10,2,5,15,13,10.87,8.7,205,41,37,46,84,PREP_FAILURE,Good,29
2026-07-01 06:00:00,UE00606,32.96329356533655,-96.98827253530615,SITE01,XYZ401,A,100,1.958,SSB_1,SSB_2,1,0,30,6,2,10,2.0,-101,-10,5,6,16,14,9.01,7.21,296,55,69,70,74,PREP_FAILURE,Poor,40
2026-07-01 07:00:00,UE00607,32.903060117020544,-96.95168155756002,SITE01,XYZ402,B,101,2.939,SSB_2,SSB_3,2,60,30,6,2,7,1.4,-113,-10,-3,3,13,11,13.13,10.5,135,26,38,63,70,PREP_FAILURE,Fair,10
2026-07-01 08:00:00,UE00608,32.9110302515216,-97.00582745716218,SITE01,XYZ403,A,102,2.042,SSB_3,SSB_4,3,120,30,6,2,8,1.6,-103,-10,2,5,15,13,10.61,8.49,239,34,106,57,47,PREP_FAILURE,Coverage_Hole,29
2026-07-01 09:00:00,UE00609,32.96957456506777,-96.99538753495035,SITE01,XYZ401,A,100,2.455,SSB_4,SSB_5,4,180,30,6,2,6,1.2,-105,-10,7,7,17,15,8.03,6.42,262,57,64,51,36,EXEC_FAILURE,Fair,48
2026-07-01 10:00:00,UE00610,32.93233865283814,-97.00150935158555,SITE01,XYZ402,C,101,0.963,SSB_5,SSB_6,5,240,30,6,2,9,1.8,-83,-10,14,10,20,18,5.5,4.4,418,74,115,90,60,EXEC_FAILURE,Coverage_Hole,74
2026-07-01 11:00:00,UE00611,32.90495324851438,-96.9749105883385,SITE01,XYZ403,A,102,2.16,SSB_6,SSB_1,6,300,30,6,2,18,3.6,-115,-10,3,5,15,13,11.85,9.48,182,41,74,52,18,PREP_FAILURE,Fair,30
2026-07-01 12:00:00,UE00612,32.947161094845534,-96.93726758116783,SITE01,XYZ401,C,100,2.899,SSB_1,SSB_2,1,0,30,6,2,12,2.4,-120,-10,0,4,14,12,11.54,9.23,201,31,90,88,45,PREP_FAILURE,Good,21
2026-07-01 13:00:00,UE00613,32.956886126711396,-96.98176181368441,SITE01,XYZ402,C,101,1.521,SSB_2,SSB_3,2,60,30,6,2,32,6.4,-98,-10,6,6,16,14,9.46,7.57,271,43,75,82,32,SUCCESS,Good,42
2026-07-01 14:00:00,UE00614,32.9311189976713,-97.01811794205393,SITE01,XYZ403,B,102,1.925,SSB_3,SSB_4,3,120,30,6,2,24,4.8,-99,-10,5,6,16,14,10.89,8.71,252,49,109,23,52,SUCCESS,Excellent,38
2026-07-01 15:00:00,UE00615,32.95147531774392,-96.99836031744994,SITE01,XYZ401,C,100,1.366,SSB_4,SSB_5,4,180,30,6,2,1,0.2,-96,-10,14,10,20,18,5.82,4.66,402,87,91,70,68,PREP_FAILURE,Coverage_Hole,74
2026-07-01 16:00:00,UE00616,32.933370228896436,-96.97948679734381,SITE01,XYZ402,A,101,0.35,SSB_5,SSB_6,5,240,30,6,2,12,2.4,-78,-10,21,13,23,21,2.59,2.07,583,100,121,75,58,SUCCESS,Poor,100
2026-07-01 17:00:00,UE00617,32.94989018014738,-96.93726069938108,SITE01,XYZ403,A,102,2.959,SSB_6,SSB_1,6,300,30,6,2,2,0.4,-122,-10,-6,1,11,9,14.02,11.22,51,6,80,71,36,SUCCESS,Poor,5
2026-07-01 18:00:00,UE00618,32.93445020795481,-97.01860653929039,SITE01,XYZ401,C,100,1.935,SSB_1,SSB_2,1,0,30,6,2,14,2.8,-103,-10,3,5,15,13,11.13,8.9,224,43,32,81,41,EXEC_FAILURE,Fair,31
2026-07-01 19:00:00,UE00619,32.906196507676235,-96.98317288499427,SITE01,XYZ402,C,101,1.993,SSB_2,SSB_3,2,60,30,6,2,32,6.4,-102,-10,7,7,17,15,8.98,7.18,284,64,97,74,58,SUCCESS,Fair,47
2026-07-01 20:00:00,UE00620,32.928682393623596,-96.95739138358032,SITE01,XYZ403,A,102,1.669,SSB_3,SSB_4,3,120,30,6,2,31,6.2,-97,-10,11,9,19,17,7.46,5.97,394,77,43,45,59,EXEC_FAILURE,Coverage_Hole,63
2026-07-01 21:00:00,UE00621,32.91834889094846,-97.01180107798835,SITE01,XYZ401,B,100,1.923,SSB_4,SSB_5,4,180,30,6,2,0,0.0,-107,-10,7,7,17,15,8.16,6.53,370,50,41,59,28,SUCCESS,Coverage_Hole,48
2026-07-01 22:00:00,UE00622,32.97684296253563,-96.9732918039898,SITE01,XYZ402,C,101,2.966,SSB_5,SSB_6,5,240,30,6,2,23,4.6,-121,-10,-3,3,13,11,12.7,10.16,161,27,126,29,68,SUCCESS,Excellent,10
2026-07-01 23:00:00,UE00623,32.9220984749368,-96.9709801618954,SITE01,XYZ403,C,102,1.215,SSB_6,SSB_1,6,300,30,6,2,18,3.6,-92,-10,8,7,17,15,9.46,7.57,369,51,40,57,17,PREP_FAILURE,Good,49
2026-07-01 00:00:00,UE00624,32.97582126191264,-96.98528083323394,SITE01,XYZ401,A,100,2.814,SSB_1,SSB_2,1,0,30,6,2,28,5.6,-112,-10,-3,3,13,11,13.17,10.54,122,28,69,49,43,PREP_FAILURE,Fair,10
2026-07-01 01:00:00,UE00625,32.97592727750731,-96.99053341585531,SITE01,XYZ402,A,101,2.838,SSB_2,SSB_3,2,60,30,6,2,8,1.6,-120,-10,0,4,14,12,12.81,10.25,181,27,55,96,68,EXEC_FAILURE,Coverage_Hole,20
2026-07-01 02:00:00,UE00626,32.927485824089004,-97.00723185459725,SITE01,XYZ403,A,102,1.378,SSB_3,SSB_4,3,120,30,6,2,7,1.4,-97,-10,6,6,16,14,10.56,8.45,300,47,109,60,44,PREP_FAILURE,Coverage_Hole,41
2026-07-01 03:00:00,UE00627,32.92601881136731,-96.96030409863386,SITE01,XYZ401,A,100,1.57,SSB_4,SSB_5,4,180,30,6,2,19,3.8,-100,-10,7,7,17,15,8.42,6.74,309,65,44,30,31,PREP_FAILURE,Excellent,48
2026-07-01 04:00:00,UE00628,32.96059219523848,-96.97260120459983,SITE01,XYZ402,B,101,1.908,SSB_5,SSB_6,5,240,30,6,2,7,1.4,-105,-10,6,6,16,14,10.35,8.28,307,46,20,50,24,SUCCESS,Good,41
2026-07-01 05:00:00,UE00629,32.9517682217836,-97.01583969830477,SITE01,XYZ403,C,102,2.117,SSB_6,SSB_1,6,300,30,6,2,7,1.4,-107,-10,8,7,17,15,8.46,6.77,303,63,84,30,77,SUCCESS,Fair,50
2026-07-01 06:00:00,UE00630,32.948931177956865,-97.00651421641693,SITE01,XYZ401,C,100,1.563,SSB_1,SSB_2,1,0,30,6,2,14,2.8,-98,-10,8,7,17,15,9.96,7.97,285,45,47,81,61,EXEC_FAILURE,Fair,49
2026-07-01 07:00:00,UE00631,32.92779096338819,-97.01971401786665,SITE01,XYZ402,A,101,2.06,SSB_2,SSB_3,2,60,30,6,2,27,5.4,-109,-10,4,6,16,14,10.41,8.33,314,50,65,89,22,SUCCESS,Excellent,36
2026-07-01 08:00:00,UE00632,32.950912258617144,-97.00804524209225,SITE01,XYZ403,C,102,1.718,SSB_3,SSB_4,3,120,30,6,2,1,0.2,-101,-10,4,6,16,14,9.79,7.83,317,41,21,68,30,SUCCESS,Poor,37
2026-07-01 09:00:00,UE00633,32.90484545462974,-96.96979299377993,SITE01,XYZ401,C,100,2.266,SSB_4,SSB_5,4,180,30,6,2,33,6.6,-101,-10,1,4,14,12,12.37,9.9,203,28,24,34,56,SUCCESS,Excellent,23
2026-07-01 10:00:00,UE00634,32.95034261071301,-96.96262981949661,SITE01,XYZ402,B,101,1.68,SSB_5,SSB_6,5,240,30,6,2,30,6.0,-101,-10,7,7,17,15,9.37,7.5,335,66,88,87,36,SUCCESS,Poor,47
2026-07-01 11:00:00,UE00635,32.96794051838288,-96.99113920929199,SITE01,XYZ403,C,102,2.296,SSB_6,SSB_1,6,300,30,6,2,0,0.0,-104,-10,3,5,15,13,10.17,8.14,197,39,104,95,28,SUCCESS,Fair,32
2026-07-01 12:00:00,UE00636,32.904193998663494,-97.01347871134016,SITE01,XYZ401,B,100,2.685,SSB_1,SSB_2,1,0,30,6,2,15,3.0,-113,-10,-4,2,12,10,14.48,11.58,99,15,57,61,36,EXEC_FAILURE,Good,5
2026-07-01 13:00:00,UE00637,32.93686180477492,-96.94096065956856,SITE01,XYZ402,A,101,2.565,SSB_2,SSB_3,2,60,30,6,2,3,0.6,-111,-10,-3,3,13,11,12.58,10.06,141,20,77,49,59,EXEC_FAILURE,Good,10
2026-07-01 14:00:00,UE00638,32.974040373500536,-96.97563168584317,SITE01,XYZ403,A,102,2.748,SSB_3,SSB_4,3,120,30,6,2,21,4.2,-103,-10,1,4,14,12,12.12,9.7,178,35,73,87,23,SUCCESS,Fair,23
2026-07-01 15:00:00,UE00639,32.95201489319638,-96.96614037842062,SITE01,XYZ401,C,100,1.61,SSB_4,SSB_5,4,180,30,6,2,24,4.8,-95,-10,12,9,19,17,6.75,5.4,478,58,65,69,18,EXEC_FAILURE,Fair,66
2026-07-01 16:00:00,UE00640,32.93065997635098,-97.00663112130448,SITE01,XYZ402,A,101,1.277,SSB_5,SSB_6,5,240,30,6,2,30,6.0,-100,-10,6,6,16,14,10.57,8.46,319,40,55,66,68,EXEC_FAILURE,Fair,41
2026-07-01 17:00:00,UE00641,32.94928641478138,-96.9866243091137,SITE01,XYZ403,A,102,0.987,SSB_6,SSB_1,6,300,30,6,2,5,1.0,-85,-10,17,11,21,19,4.4,3.52,443,93,22,70,39,EXEC_FAILURE,Excellent,85
2026-07-01 18:00:00,UE00642,32.93533981718314,-96.98302642548045,SITE01,XYZ401,A,100,0.128,SSB_1,SSB_2,1,0,30,6,2,5,1.0,-85,-10,21,13,23,21,2.67,2.14,545,84,64,56,76,PREP_FAILURE,Excellent,100
2026-07-01 19:00:00,UE00643,32.9362876432531,-97.01584539973523,SITE01,XYZ402,B,101,1.777,SSB_2,SSB_3,2,60,30,6,2,32,6.4,-94,-10,9,8,18,16,8.13,6.5,386,51,51,32,88,SUCCESS,Good,55
2026-07-01 20:00:00,UE00644,32.950364561286634,-96.9664661525939,SITE01,XYZ403,A,102,1.515,SSB_3,SSB_4,3,120,30,6,2,28,5.6,-98,-10,8,7,17,15,8.32,6.66,273,61,62,45,26,SUCCESS,Good,50
2026-07-01 21:00:00,UE00645,32.94905757267578,-97.03224742944307,SITE01,XYZ401,B,100,2.891,SSB_4,SSB_5,4,180,30,6,2,14,2.8,-118,-10,-4,2,12,10,13.68,10.94,78,16,20,71,35,EXEC_FAILURE,Excellent,5
2026-07-01 22:00:00,UE00646,32.954009945367275,-96.96625129749367,SITE01,XYZ402,A,101,1.708,SSB_5,SSB_6,5,240,30,6,2,34,6.8,-107,-10,6,6,16,14,10.82,8.66,226,39,128,75,38,PREP_FAILURE,Coverage_Hole,41
2026-07-01 23:00:00,UE00647,32.92329834942348,-97.01715141426598,SITE01,XYZ403,B,102,2.02,SSB_6,SSB_1,6,300,30,6,2,27,5.4,-99,-10,1,4,14,12,11.08,8.86,172,35,32,55,47,PREP_FAILURE,Excellent,24
2026-07-01 00:00:00,UE00648,32.90250390349337,-97.01882021488575,SITE01,XYZ401,A,100,2.971,SSB_1,SSB_2,1,0,30,6,2,11,2.2,-115,-10,-4,2,12,10,13.04,10.43,101,12,62,90,68,PREP_FAILURE,Fair,5
2026-07-01 01:00:00,UE00649,32.92530790947462,-96.99244994255865,SITE01,XYZ402,B,101,0.792,SSB_2,SSB_3,2,60,30,6,2,32,6.4,-81,-10,15,10,20,18,6.02,4.82,436,76,59,28,21,EXEC_FAILURE,Good,76
2026-07-01 02:00:00,UE00650,32.96203417698956,-96.95197950250841,SITE01,XYZ403,A,102,2.678,SSB_3,SSB_4,3,120,30,6,2,27,5.4,-112,-10,1,4,14,12,12.8,10.24,176,31,51,31,54,PREP_FAILURE,Good,22
2026-07-01 03:00:00,UE00651,32.954694248002475,-96.9822010708962,SITE01,XYZ401,B,100,1.367,SSB_4,SSB_5,4,180,30,6,2,21,4.2,-88,-10,1,4,14,12,11.48,9.18,152,33,129,38,45,EXEC_FAILURE,Fair,24
2026-07-01 04:00:00,UE00652,32.969040242285175,-96.9887947621915,SITE01,XYZ402,C,101,2.355,SSB_5,SSB_6,5,240,30,6,2,24,4.8,-105,-10,3,5,15,13,11.89,9.51,263,38,72,82,66,EXEC_FAILURE,Excellent,30
2026-07-01 05:00:00,UE00653,32.94492275190938,-96.94361271849003,SITE01,XYZ403,A,102,2.503,SSB_6,SSB_1,6,300,30,6,2,5,1.0,-114,-10,0,4,14,12,12.65,10.12,153,37,28,61,64,SUCCESS,Poor,20
2026-07-01 06:00:00,UE00654,32.89301585549134,-96.98090423417308,SITE01,XYZ401,A,100,2.91,SSB_1,SSB_2,1,0,30,6,2,25,5.0,-110,-10,-2,3,13,11,13.64,10.91,137,20,47,50,61,PREP_FAILURE,Poor,12
2026-07-01 07:00:00,UE00655,32.96817162273859,-96.95724773135817,SITE01,XYZ402,C,101,2.801,SSB_2,SSB_3,2,60,30,6,2,5,1.0,-113,-10,-1,3,13,11,13.67,10.94,134,26,121,60,67,SUCCESS,Fair,14
2026-07-01 08:00:00,UE00656,32.94168096765961,-97.00424864997373,SITE01,XYZ403,A,102,1.194,SSB_3,SSB_4,3,120,30,6,2,27,5.4,-95,-10,10,8,18,16,7.91,6.33,362,70,28,90,65,SUCCESS,Coverage_Hole,58
2026-07-01 09:00:00,UE00657,32.91211789735688,-96.96453450076999,SITE01,XYZ401,C,100,1.983,SSB_4,SSB_5,4,180,30,6,2,34,6.8,-102,-10,10,8,18,16,7.78,6.22,312,57,86,37,59,EXEC_FAILURE,Poor,58
2026-07-01 10:00:00,UE00658,32.898437053730596,-97.00322584250604,SITE01,XYZ402,C,101,2.733,SSB_5,SSB_6,5,240,30,6,2,5,1.0,-109,-10,2,5,15,13,10.58,8.46,222,47,97,28,50,PREP_FAILURE,Fair,29
2026-07-01 11:00:00,UE00659,32.9430639508589,-97.01065278626601,SITE01,XYZ403,B,102,1.575,SSB_6,SSB_1,6,300,30,6,2,28,5.6,-104,-10,5,6,16,14,10.7,8.56,307,45,21,56,67,PREP_FAILURE,Poor,38
2026-07-01 12:00:00,UE00660,32.909628016604614,-96.97504561864403,SITE01,XYZ401,A,100,1.849,SSB_1,SSB_2,1,0,30,6,2,15,3.0,-107,-10,6,6,16,14,9.1,7.28,299,49,17,88,28,PREP_FAILURE,Fair,42
2026-07-01 13:00:00,UE00661,32.93061233199012,-96.93965687544723,SITE01,XYZ402,C,101,2.655,SSB_2,SSB_3,2,60,30,6,2,26,5.2,-113,-10,-5,2,12,10,13.84,11.07,78,14,93,81,41,SUCCESS,Coverage_Hole,5
2026-07-01 14:00:00,UE00662,32.90463567003937,-96.9641521254687,SITE01,XYZ403,B,102,2.426,SSB_3,SSB_4,3,120,30,6,2,15,3.0,-108,-10,-1,3,13,11,13.13,10.5,154,20,21,68,69,SUCCESS,Excellent,15
2026-07-01 15:00:00,UE00663,32.93215537858311,-97.03455103110478,SITE01,XYZ401,C,100,2.865,SSB_4,SSB_5,4,180,30,6,2,13,2.6,-114,-10,-3,3,13,11,12.41,9.93,148,25,108,72,41,EXEC_FAILURE,Fair,11
2026-07-01 16:00:00,UE00664,32.93603901018682,-96.97891382791396,SITE01,XYZ402,B,101,0.371,SSB_5,SSB_6,5,240,30,6,2,25,5.0,-84,-10,13,9,19,17,6.34,5.07,465,77,111,66,43,PREP_FAILURE,Coverage_Hole,69
2026-07-01 17:00:00,UE00665,32.95449557860754,-96.99650743013135,SITE01,XYZ403,B,102,1.494,SSB_6,SSB_1,6,300,30,6,2,13,2.6,-97,-10,10,8,18,16,8.53,6.82,301,64,90,55,75,SUCCESS,Coverage_Hole,57
2026-07-01 18:00:00,UE00666,32.951562999118444,-96.93903834077109,SITE01,XYZ401,B,100,2.906,SSB_1,SSB_2,1,0,30,6,2,15,3.0,-121,-10,-1,3,13,11,12.63,10.1,130,22,107,78,20,SUCCESS,Excellent,15
2026-07-01 19:00:00,UE00667,32.96403327763975,-97.00535872413887,SITE01,XYZ402,A,101,2.316,SSB_2,SSB_3,2,60,30,6,2,4,0.8,-112,-10,0,4,14,12,12.3,9.84,195,34,71,40,34,EXEC_FAILURE,Coverage_Hole,20
2026-07-01 20:00:00,UE00668,32.917536059859856,-96.9837760073114,SITE01,XYZ403,A,102,1.21,SSB_3,SSB_4,3,120,30,6,2,26,5.2,-91,-10,15,10,20,18,5.22,4.18,447,86,45,40,39,EXEC_FAILURE,Coverage_Hole,77
2026-07-01 21:00:00,UE00669,32.912426386495206,-96.96728815660083,SITE01,XYZ401,A,100,1.874,SSB_4,SSB_5,4,180,30,6,2,33,6.6,-107,-10,7,7,17,15,8.35,6.68,287,66,38,39,83,PREP_FAILURE,Fair,48
2026-07-01 22:00:00,UE00670,32.91790751960148,-96.95085398227367,SITE01,XYZ402,A,101,2.314,SSB_5,SSB_6,5,240,30,6,2,28,5.6,-106,-10,4,6,16,14,10.69,8.55,228,57,121,68,35,EXEC_FAILURE,Good,36
2026-07-01 23:00:00,UE00671,32.96774012337457,-96.96772776959983,SITE01,XYZ403,A,102,2.473,SSB_6,SSB_1,6,300,30,6,2,6,1.2,-105,-10,2,5,15,13,11.66,9.33,195,46,56,23,83,SUCCESS,Fair,28
2026-07-01 00:00:00,UE00672,32.953722890419776,-96.99202947717104,SITE01,XYZ401,C,100,1.349,SSB_1,SSB_2,1,0,30,6,2,5,1.0,-101,-10,10,8,18,16,7.4,5.92,328,76,96,88,23,PREP_FAILURE,Good,58
2026-07-01 01:00:00,UE00673,32.963628045963496,-97.01522938627465,SITE01,XYZ402,C,101,2.63,SSB_2,SSB_3,2,60,30,6,2,4,0.8,-113,-10,-4,2,12,10,13.94,11.15,103,17,61,22,42,EXEC_FAILURE,Poor,5
2026-07-01 02:00:00,UE00674,32.916164478143884,-97.0184926617008,SITE01,XYZ403,C,102,2.326,SSB_3,SSB_4,3,120,30,6,2,25,5.0,-109,-10,0,4,14,12,11.81,9.45,144,31,44,29,86,SUCCESS,Fair,21
2026-07-01 03:00:00,UE00675,32.92120977222925,-97.0051802897269,SITE01,XYZ401,B,100,1.5,SSB_4,SSB_5,4,180,30,6,2,13,2.6,-98,-10,12,9,19,17,7.82,6.26,484,60,26,45,41,SUCCESS,Coverage_Hole,65
2026-07-01 04:00:00,UE00676,32.94281569794279,-96.99892867243024,SITE01,XYZ402,B,101,0.959,SSB_5,SSB_6,5,240,30,6,2,24,4.8,-89,-10,14,10,20,18,6.27,5.02,510,89,117,91,33,PREP_FAILURE,Good,73
2026-07-01 05:00:00,UE00677,32.955011761339314,-96.97991342719,SITE01,XYZ403,C,102,1.412,SSB_6,SSB_1,6,300,30,6,2,14,2.8,-103,-10,8,7,17,15,9.62,7.7,352,55,125,43,18,SUCCESS,Excellent,49
2026-07-01 06:00:00,UE00678,32.90481100392337,-96.97328686022193,SITE01,XYZ401,B,100,2.197,SSB_1,SSB_2,1,0,30,6,2,13,2.6,-110,-10,3,5,15,13,11.44,9.15,199,35,48,44,18,EXEC_FAILURE,Good,31
2026-07-01 07:00:00,UE00679,32.94757608896892,-96.99915754141188,SITE01,XYZ402,C,101,1.184,SSB_2,SSB_3,2,60,30,6,2,9,1.8,-101,-10,7,7,17,15,8.07,6.46,314,57,52,48,29,EXEC_FAILURE,Good,48
2026-07-01 08:00:00,UE00680,32.97204782155845,-97.00040207150414,SITE01,XYZ403,C,102,2.701,SSB_3,SSB_4,3,120,30,6,2,9,1.8,-114,-10,-3,3,13,11,12.43,9.94,111,22,42,47,33,SUCCESS,Poor,11
2026-07-01 09:00:00,UE00681,32.97835090807004,-96.98935667502768,SITE01,XYZ401,A,100,2.998,SSB_4,SSB_5,4,180,30,6,2,33,6.6,-119,-10,0,4,14,12,12.37,9.9,173,33,58,61,54,SUCCESS,Poor,20
2026-07-01 10:00:00,UE00682,32.93376646752286,-96.97975769077506,SITE01,XYZ402,B,101,0.327,SSB_5,SSB_6,5,240,30,6,2,32,6.4,-86,-10,12,9,19,17,6.7,5.36,425,80,122,56,78,EXEC_FAILURE,Fair,66
2026-07-01 11:00:00,UE00683,32.947776533578136,-97.02657105056304,SITE01,XYZ403,A,102,2.552,SSB_6,SSB_1,6,300,30,6,2,32,6.4,-108,-10,-3,3,13,11,12.85,10.28,156,27,106,56,50,SUCCESS,Coverage_Hole,10
2026-07-01 12:00:00,UE00684,32.92972071286078,-97.0281024021177,SITE01,XYZ401,B,100,2.511,SSB_1,SSB_2,1,0,30,6,2,26,5.2,-105,-10,4,6,16,14,9.43,7.54,286,46,86,83,34,SUCCESS,Poor,37
2026-07-01 13:00:00,UE00685,32.956152666614344,-96.96134265178647,SITE01,XYZ402,A,101,2.008,SSB_2,SSB_3,2,60,30,6,2,11,2.2,-111,-10,3,5,15,13,10.32,8.26,205,35,66,55,81,SUCCESS,Fair,32
2026-07-01 14:00:00,UE00686,32.924060359346214,-97.03346090123205,SITE01,XYZ403,B,102,2.896,SSB_3,SSB_4,3,120,30,6,2,2,0.4,-119,-10,0,4,14,12,12.55,10.04,203,30,77,44,62,EXEC_FAILURE,Coverage_Hole,20
2026-07-01 15:00:00,UE00687,32.934250117704664,-96.93870281061785,SITE01,XYZ401,A,100,2.693,SSB_4,SSB_5,4,180,30,6,2,8,1.6,-111,-10,-4,2,12,10,13.14,10.51,72,14,61,78,68,PREP_FAILURE,Poor,5
2026-07-01 16:00:00,UE00688,32.926123040922654,-97.02158349329859,SITE01,XYZ402,B,101,2.195,SSB_5,SSB_6,5,240,30,6,2,29,5.8,-110,-10,2,5,15,13,10.56,8.45,249,37,67,48,33,EXEC_FAILURE,Coverage_Hole,29
2026-07-01 17:00:00,UE00689,32.94095053190264,-96.96893971840218,SITE01,XYZ403,B,102,1.026,SSB_6,SSB_1,6,300,30,6,2,19,3.8,-92,-10,11,9,19,17,7.93,6.34,406,75,98,20,72,SUCCESS,Coverage_Hole,62
2026-07-01 18:00:00,UE00690,32.93306474065002,-96.93999408370642,SITE01,XYZ401,A,100,2.622,SSB_1,SSB_2,1,0,30,6,2,4,0.8,-111,-10,0,4,14,12,12.37,9.9,204,30,54,53,59,EXEC_FAILURE,Fair,20
2026-07-01 19:00:00,UE00691,32.92899017434276,-96.99199183417616,SITE01,XYZ402,B,101,0.573,SSB_2,SSB_3,2,60,30,6,2,28,5.6,-87,-10,16,11,21,19,5.52,4.42,458,86,84,73,52,PREP_FAILURE,Fair,81
2026-07-01 20:00:00,UE00692,32.90866692572912,-96.99206898192611,SITE01,XYZ403,C,102,1.862,SSB_3,SSB_4,3,120,30,6,2,17,3.4,-101,-10,9,8,18,16,7.12,5.7,382,51,123,83,44,SUCCESS,Excellent,56
2026-07-01 21:00:00,UE00693,32.92722450714897,-96.95589641525096,SITE01,XYZ401,B,100,1.781,SSB_4,SSB_5,4,180,30,6,2,17,3.4,-102,-10,7,7,17,15,8.17,6.54,267,48,46,40,24,SUCCESS,Excellent,48
2026-07-01 22:00:00,UE00694,32.96435981277453,-96.97876502334879,SITE01,XYZ402,B,101,2.057,SSB_5,SSB_6,5,240,30,6,2,27,5.4,-106,-10,10,8,18,16,7.25,5.8,318,52,119,90,40,PREP_FAILURE,Poor,58
2026-07-01 23:00:00,UE00695,32.93337997482135,-96.99070974246104,SITE01,XYZ403,C,102,0.339,SSB_6,SSB_1,6,300,30,6,2,12,2.4,-76,-10,13,9,19,17,7.3,5.84,380,84,128,24,89,PREP_FAILURE,Fair,68
2026-07-01 00:00:00,UE00696,32.939633121425786,-97.00476760843033,SITE01,XYZ401,B,100,1.177,SSB_1,SSB_2,1,0,30,6,2,3,0.6,-102,-10,14,10,20,18,5.01,4.01,370,77,48,75,46,EXEC_FAILURE,Poor,74
2026-07-01 01:00:00,UE00697,32.92791714600627,-96.96776999046753,SITE01,XYZ402,B,101,1.123,SSB_2,SSB_3,2,60,30,6,2,3,0.6,-95,-10,13,9,19,17,7.89,6.31,383,83,129,67,44,SUCCESS,Poor,67
2026-07-01 02:00:00,UE00698,32.967272360281285,-96.98848848348256,SITE01,XYZ403,A,102,2.232,SSB_3,SSB_4,3,120,30,6,2,30,6.0,-104,-10,5,6,16,14,10.74,8.59,239,40,103,80,26,SUCCESS,Coverage_Hole,38
2026-07-01 03:00:00,UE00699,32.902660853183484,-96.99182721351174,SITE01,XYZ401,B,100,2.267,SSB_4,SSB_5,4,180,30,6,2,22,4.4,-107,-10,1,4,14,12,12.66,10.13,155,33,20,42,74,EXEC_FAILURE,Poor,22
2026-07-01 04:00:00,UE00700,32.93099299664657,-97.01846240727973,SITE01,XYZ402,A,101,1.946,SSB_5,SSB_6,5,240,30,6,2,7,1.4,-104,-10,5,6,16,14,9.3,7.44,302,39,48,79,71,EXEC_FAILURE,Coverage_Hole,40
2026-07-01 05:00:00,UE00701,32.94298876880007,-97.03241109130025,SITE01,XYZ403,B,102,2.788,SSB_6,SSB_1,6,300,30,6,2,3,0.6,-121,-10,0,4,14,12,12.65,10.12,144,32,56,24,78,PREP_FAILURE,Good,20
2026-07-01 06:00:00,UE00702,32.9313585823015,-96.93755317116084,SITE01,XYZ401,A,100,2.771,SSB_1,SSB_2,1,0,30,6,2,20,4.0,-125,-10,2,5,15,13,10.02,8.02,230,42,126,57,36,EXEC_FAILURE,Excellent,29
2026-07-01 07:00:00,UE00703,32.90711786524311,-97.01192392214736,SITE01,XYZ402,C,101,2.471,SSB_2,SSB_3,2,60,30,6,2,12,2.4,-116,-10,0,4,14,12,11.34,9.07,193,33,22,47,59,EXEC_FAILURE,Excellent,21
2026-07-01 08:00:00,UE00704,32.91228515671794,-97.01691940204395,SITE01,XYZ403,C,102,2.416,SSB_3,SSB_4,3,120,30,6,2,16,3.2,-111,-10,1,4,14,12,12.39,9.91,171,37,15,48,65,SUCCESS,Poor,23
2026-07-01 09:00:00,UE00705,32.92647010398685,-96.95092722138179,SITE01,XYZ401,A,100,2.071,SSB_4,SSB_5,4,180,30,6,2,14,2.8,-110,-10,4,6,16,14,10.96,8.77,227,56,127,53,84,SUCCESS,Excellent,36
2026-07-01 10:00:00,UE00706,32.94957887893434,-96.95728351344037,SITE01,XYZ402,A,101,1.903,SSB_5,SSB_6,5,240,30,6,2,0,0.0,-102,-10,4,6,16,14,10.86,8.69,265,51,124,46,84,EXEC_FAILURE,Excellent,36
2026-07-01 11:00:00,UE00707,32.926151833173485,-96.94654368242928,SITE01,XYZ403,A,102,2.321,SSB_6,SSB_1,6,300,30,6,2,26,5.2,-104,-10,4,6,16,14,9.23,7.38,273,40,112,87,52,PREP_FAILURE,Coverage_Hole,37
2026-07-01 12:00:00,UE00708,32.93329461734593,-96.97485484237674,SITE01,XYZ401,B,100,0.611,SSB_1,SSB_2,1,0,30,6,2,16,3.2,-84,-10,12,9,19,17,6.04,4.83,408,68,27,31,24,SUCCESS,Coverage_Hole,66
2026-07-01 13:00:00,UE00709,32.93319349176514,-96.93406877671728,SITE01,XYZ402,B,101,2.964,SSB_2,SSB_3,2,60,30,6,2,33,6.6,-119,-10,-2,3,13,11,12.79,10.23,138,28,62,74,68,PREP_FAILURE,Excellent,13
2026-07-01 14:00:00,UE00710,32.95931399340454,-96.99631248812015,SITE01,XYZ403,C,102,1.794,SSB_3,SSB_4,3,120,30,6,2,27,5.4,-105,-10,10,8,18,16,8.16,6.53,423,71,84,85,27,EXEC_FAILURE,Fair,57
2026-07-01 15:00:00,UE00711,32.94698096029283,-96.99749808218206,SITE01,XYZ401,C,100,1.089,SSB_4,SSB_5,4,180,30,6,2,11,2.2,-94,-10,17,11,21,19,5.03,4.02,469,96,93,32,59,PREP_FAILURE,Fair,84
2026-07-01 16:00:00,UE00712,32.916972091837444,-96.94567073406847,SITE01,XYZ402,A,101,2.607,SSB_5,SSB_6,5,240,30,6,2,17,3.4,-113,-10,-2,3,13,11,13.96,11.17,120,25,68,29,38,EXEC_FAILURE,Coverage_Hole,12
2026-07-01 17:00:00,UE00713,32.92520208596909,-96.93826461405433,SITE01,XYZ403,B,102,2.802,SSB_6,SSB_1,6,300,30,6,2,5,1.0,-110,-10,-7,1,11,9,15.58,12.46,41,8,38,36,79,PREP_FAILURE,Coverage_Hole,5
2026-07-01 18:00:00,UE00714,32.932047209983416,-96.94900034189801,SITE01,XYZ401,B,100,2.107,SSB_1,SSB_2,1,0,30,6,2,23,4.6,-102,-10,6,6,16,14,9.48,7.58,220,50,58,38,73,EXEC_FAILURE,Poor,42
2026-07-01 19:00:00,UE00715,32.917613283442854,-96.96966159261959,SITE01,XYZ402,C,101,1.502,SSB_2,SSB_3,2,60,30,6,2,25,5.0,-94,-10,8,7,17,15,9.92,7.94,364,60,34,36,82,SUCCESS,Poor,49
2026-07-01 20:00:00,UE00716,32.93138649113627,-96.94807016348437,SITE01,XYZ403,B,102,2.165,SSB_3,SSB_4,3,120,30,6,2,17,3.4,-105,-10,8,7,17,15,9.32,7.46,292,55,120,88,88,PREP_FAILURE,Coverage_Hole,49
2026-07-01 21:00:00,UE00717,32.90345701809123,-96.96166898498603,SITE01,XYZ401,B,100,2.57,SSB_4,SSB_5,4,180,30,6,2,33,6.6,-116,-10,-4,2,12,10,13.82,11.06,91,16,34,87,59,EXEC_FAILURE,Coverage_Hole,5
2026-07-01 22:00:00,UE00718,32.90185120748384,-97.0158523989907,SITE01,XYZ402,C,101,2.897,SSB_5,SSB_6,5,240,30,6,2,16,3.2,-120,-10,2,5,15,13,11.82,9.46,237,44,107,61,86,SUCCESS,Coverage_Hole,28
2026-07-01 23:00:00,UE00719,32.93199276209112,-96.95775438945054,SITE01,XYZ403,A,102,1.603,SSB_6,SSB_1,6,300,30,6,2,7,1.4,-100,-10,7,7,17,15,8.4,6.72,281,62,62,22,79,SUCCESS,Excellent,48
2026-07-01 00:00:00,UE00720,32.928467750548684,-97.00083921272953,SITE01,XYZ401,C,100,1.013,SSB_1,SSB_2,1,0,30,6,2,24,4.8,-87,-10,16,11,21,19,5.46,4.37,396,103,18,82,66,PREP_FAILURE,Poor,81
2026-07-01 01:00:00,UE00721,32.9432628193851,-96.95063728505522,SITE01,XYZ402,C,101,2.081,SSB_2,SSB_3,2,60,30,6,2,14,2.8,-105,-10,8,7,17,15,8.31,6.65,315,54,50,33,17,SUCCESS,Coverage_Hole,50
2026-07-01 02:00:00,UE00722,32.92971517722329,-97.00506279117498,SITE01,XYZ403,C,102,1.207,SSB_3,SSB_4,3,120,30,6,2,34,6.8,-94,-10,13,9,19,17,6.48,5.18,413,80,46,94,38,EXEC_FAILURE,Fair,69
2026-07-01 03:00:00,UE00723,32.940395064117716,-97.01014171758295,SITE01,XYZ401,C,100,1.491,SSB_4,SSB_5,4,180,30,6,2,18,3.6,-95,-10,16,11,21,19,4.79,3.83,453,99,26,30,84,EXEC_FAILURE,Excellent,82
2026-07-01 04:00:00,UE00724,32.947319814708614,-96.97477293480542,SITE01,XYZ402,C,101,1.041,SSB_5,SSB_6,5,240,30,6,2,19,3.8,-94,-10,15,10,20,18,5.11,4.09,503,68,110,46,35,PREP_FAILURE,Coverage_Hole,77
2026-07-01 05:00:00,UE00725,32.89530677488416,-96.98922621026621,SITE01,XYZ403,A,102,2.751,SSB_6,SSB_1,6,300,30,6,2,13,2.6,-116,-10,-2,3,13,11,12.9,10.32,118,21,105,79,37,EXEC_FAILURE,Poor,13
2026-07-01 06:00:00,UE00726,32.942147695513526,-97.00775591462792,SITE01,XYZ401,C,100,1.395,SSB_1,SSB_2,1,0,30,6,2,28,5.6,-99,-10,14,10,20,18,6.98,5.58,407,72,73,22,24,EXEC_FAILURE,Excellent,73
2026-07-01 07:00:00,UE00727,32.932390821047,-96.97470623284845,SITE01,XYZ402,C,101,0.635,SSB_2,SSB_3,2,60,30,6,2,15,3.0,-89,-10,15,10,20,18,5.58,4.46,415,80,92,75,18,SUCCESS,Poor,76
2026-07-01 08:00:00,UE00728,32.924350902668436,-96.97798932332593,SITE01,XYZ403,B,102,0.847,SSB_3,SSB_4,3,120,30,6,2,13,2.6,-88,-10,15,10,20,18,5.18,4.14,512,87,114,32,60,EXEC_FAILURE,Good,77
2026-07-01 09:00:00,UE00729,32.90406680887568,-96.97186596770138,SITE01,XYZ401,A,100,2.272,SSB_4,SSB_5,4,180,30,6,2,32,6.4,-103,-10,7,7,17,15,8.04,6.43,320,46,45,40,41,EXEC_FAILURE,Coverage_Hole,48
2026-07-01 10:00:00,UE00730,32.9368399379376,-97.0070443719839,SITE01,XYZ402,C,101,1.271,SSB_5,SSB_6,5,240,30,6,2,31,6.2,-90,-10,11,9,19,17,6.79,5.43,367,67,15,44,56,SUCCESS,Fair,63
2026-07-01 11:00:00,UE00731,32.908352513873126,-96.95129727567873,SITE01,XYZ403,C,102,2.692,SSB_6,SSB_1,6,300,30,6,2,17,3.4,-108,-10,2,5,15,13,10.42,8.34,259,41,105,89,21,PREP_FAILURE,Excellent,29
2026-07-01 12:00:00,UE00732,32.92899853698286,-97.01885092548551,SITE01,XYZ401,A,100,1.993,SSB_1,SSB_2,1,0,30,6,2,3,0.6,-109,-10,3,5,15,13,11.27,9.02,267,36,73,28,17,PREP_FAILURE,Fair,31
2026-07-01 13:00:00,UE00733,32.95965138497414,-97.01279405217046,SITE01,XYZ402,B,101,2.332,SSB_2,SSB_3,2,60,30,6,2,0,0.0,-112,-10,-2,3,13,11,12.81,10.25,138,21,42,72,72,SUCCESS,Poor,13
2026-07-01 14:00:00,UE00734,32.949280634367746,-96.94936465782322,SITE01,XYZ403,C,102,2.296,SSB_3,SSB_4,3,120,30,6,2,23,4.6,-111,-10,4,6,16,14,9.23,7.38,275,52,64,85,28,SUCCESS,Good,37
2026-07-01 15:00:00,UE00735,32.941409247270364,-97.02396422726542,SITE01,XYZ401,A,100,2.287,SSB_4,SSB_5,4,180,30,6,2,26,5.2,-105,-10,0,4,14,12,11.82,9.46,207,29,53,84,85,PREP_FAILURE,Poor,21
2026-07-01 16:00:00,UE00736,32.95069780506886,-97.03004615353454,SITE01,XYZ402,B,101,2.813,SSB_5,SSB_6,5,240,30,6,2,26,5.2,-120,-10,2,5,15,13,10.14,8.11,232,43,117,46,68,SUCCESS,Poor,29
2026-07-01 17:00:00,UE00737,32.96511476286395,-96.98008538035329,SITE01,XYZ403,B,102,2.096,SSB_6,SSB_1,6,300,30,6,2,21,4.2,-110,-10,7,7,17,15,9.12,7.3,289,48,127,40,67,EXEC_FAILURE,Poor,47
2026-07-01 18:00:00,UE00738,32.92682004147149,-97.00327115832087,SITE01,XYZ401,B,100,1.19,SSB_1,SSB_2,1,0,30,6,2,15,3.0,-95,-10,12,9,19,17,6.94,5.55,335,74,116,25,59,EXEC_FAILURE,Coverage_Hole,66
2026-07-01 19:00:00,UE00739,32.92007437000252,-97.00113762681701,SITE01,XYZ402,B,101,1.385,SSB_2,SSB_3,2,60,30,6,2,10,2.0,-92,-10,16,11,21,19,4.12,3.3,450,102,95,64,51,PREP_FAILURE,Good,82
2026-07-01 20:00:00,UE00740,32.96833184504797,-96.96668356339762,SITE01,XYZ403,B,102,2.535,SSB_3,SSB_4,3,120,30,6,2,7,1.4,-106,-10,6,6,16,14,9.27,7.42,232,53,36,35,74,SUCCESS,Poor,42
2026-07-01 21:00:00,UE00741,32.95127066891448,-97.0230501941162,SITE01,XYZ401,B,100,2.461,SSB_4,SSB_5,4,180,30,6,2,8,1.6,-109,-10,0,4,14,12,11.9,9.52,176,31,129,64,18,SUCCESS,Coverage_Hole,21
2026-07-01 22:00:00,UE00742,32.918833576905214,-96.94197061132073,SITE01,XYZ402,C,101,2.742,SSB_5,SSB_6,5,240,30,6,2,4,0.8,-116,-10,0,4,14,12,11.34,9.07,166,33,65,84,23,PREP_FAILURE,Coverage_Hole,21
2026-07-01 23:00:00,UE00743,32.917851484545565,-97.02300569533843,SITE01,XYZ403,C,102,2.49,SSB_6,SSB_1,6,300,30,6,2,19,3.8,-112,-10,2,5,15,13,10.16,8.13,180,38,83,64,20,EXEC_FAILURE,Coverage_Hole,29
2026-07-01 00:00:00,UE00744,32.94334432516058,-96.9468747386777,SITE01,XYZ401,A,100,2.292,SSB_1,SSB_2,1,0,30,6,2,11,2.2,-108,-10,0,4,14,12,12.23,9.78,150,37,51,57,29,EXEC_FAILURE,Good,20
2026-07-01 01:00:00,UE00745,32.92767774217754,-96.99057589910952,SITE01,XYZ402,B,101,0.596,SSB_2,SSB_3,2,60,30,6,2,28,5.6,-87,-10,14,10,20,18,6.65,5.32,399,71,95,81,27,EXEC_FAILURE,Fair,73
2026-07-01 02:00:00,UE00746,32.919876127483676,-96.96428549354498,SITE01,XYZ403,C,102,1.6,SSB_3,SSB_4,3,120,30,6,2,28,5.6,-97,-10,8,7,17,15,8.34,6.67,297,61,89,67,47,EXEC_FAILURE,Fair,50
2026-07-01 03:00:00,UE00747,32.94034107324074,-97.0259710787428,SITE01,XYZ401,C,100,2.389,SSB_4,SSB_5,4,180,30,6,2,17,3.4,-109,-10,0,4,14,12,11.37,9.1,168,30,19,95,54,EXEC_FAILURE,Excellent,21
2026-07-01 04:00:00,UE00748,32.930623248602984,-97.03531941509175,SITE01,XYZ402,B,101,2.918,SSB_5,SSB_6,5,240,30,6,2,4,0.8,-111,-10,1,4,14,12,12.65,10.12,151,32,99,77,22,SUCCESS,Poor,22
2026-07-01 05:00:00,UE00749,32.91199042210763,-96.95914197090758,SITE01,XYZ403,C,102,2.192,SSB_6,SSB_1,6,300,30,6,2,0,0.0,-102,-10,0,4,14,12,12.78,10.22,179,36,69,21,79,EXEC_FAILURE,Poor,20
2026-07-01 06:00:00,UE00750,32.92106773734928,-96.95794079390951,SITE01,XYZ401,C,100,1.85,SSB_1,SSB_2,1,0,30,6,2,5,1.0,-98,-10,9,8,18,16,7.1,5.68,319,58,55,62,32,PREP_FAILURE,Poor,56
2026-07-01 07:00:00,UE00751,32.919650869418575,-96.97300563693213,SITE01,XYZ402,B,101,1.275,SSB_2,SSB_3,2,60,30,6,2,16,3.2,-90,-10,9,8,18,16,8.02,6.42,306,70,123,49,35,PREP_FAILURE,Good,55
2026-07-01 08:00:00,UE00752,32.917855520346144,-96.97003223879543,SITE01,XYZ403,A,102,1.476,SSB_3,SSB_4,3,120,30,6,2,7,1.4,-92,-10,11,9,19,17,7.63,6.1,403,63,59,47,41,SUCCESS,Good,62
2026-07-01 09:00:00,UE00753,32.91969804089014,-97.02963809721221,SITE01,XYZ401,A,100,2.782,SSB_4,SSB_5,4,180,30,6,2,12,2.4,-114,-10,0,4,14,12,11.38,9.1,175,26,17,51,49,EXEC_FAILURE,Excellent,21
2026-07-01 10:00:00,UE00754,32.927904041589464,-96.97775393278438,SITE01,XYZ402,A,101,0.654,SSB_5,SSB_6,5,240,30,6,2,2,0.4,-84,-10,13,9,19,17,6.21,4.97,431,65,17,57,56,EXEC_FAILURE,Good,69
2026-07-01 11:00:00,UE00755,32.94856149277012,-96.94201691391213,SITE01,XYZ403,A,102,2.669,SSB_6,SSB_1,6,300,30,6,2,34,6.8,-116,-10,0,4,14,12,12.02,9.62,155,30,43,26,67,SUCCESS,Excellent,20
2026-07-01 12:00:00,UE00756,32.93511417772798,-96.96435814402432,SITE01,XYZ401,B,100,1.207,SSB_1,SSB_2,1,0,30,6,2,2,0.4,-93,-10,7,7,17,15,9.13,7.3,371,49,20,40,87,PREP_FAILURE,Poor,47
2026-07-01 13:00:00,UE00757,32.956640691631144,-96.97872132913518,SITE01,XYZ402,C,101,1.537,SSB_2,SSB_3,2,60,30,6,2,28,5.6,-94,-10,6,6,16,14,9.1,7.28,239,51,97,89,40,PREP_FAILURE,Coverage_Hole,42
2026-07-01 14:00:00,UE00758,32.95299697579855,-96.9590753003286,SITE01,XYZ403,A,102,1.956,SSB_3,SSB_4,3,120,30,6,2,3,0.6,-93,-10,6,6,16,14,9.95,7.96,251,52,28,39,27,EXEC_FAILURE,Good,42
2026-07-01 15:00:00,UE00759,32.90981296276774,-96.96682897145136,SITE01,XYZ401,C,100,2.04,SSB_4,SSB_5,4,180,30,6,2,25,5.0,-107,-10,4,6,16,14,10.32,8.26,250,53,65,59,82,EXEC_FAILURE,Fair,36
2026-07-01 16:00:00,UE00760,32.94242367138615,-96.95360666158273,SITE01,XYZ402,B,101,1.899,SSB_5,SSB_6,5,240,30,6,2,15,3.0,-103,-10,1,4,14,12,12.34,9.87,209,32,90,29,38,SUCCESS,Good,23
2026-07-01 17:00:00,UE00761,32.92286808510818,-97.00455540862463,SITE01,XYZ403,A,102,1.4,SSB_6,SSB_1,6,300,30,6,2,6,1.2,-101,-10,9,8,18,16,7.96,6.37,290,69,25,63,28,SUCCESS,Coverage_Hole,55
2026-07-01 18:00:00,UE00762,32.94072362027748,-97.02188865248492,SITE01,XYZ401,C,100,2.16,SSB_1,SSB_2,1,0,30,6,2,15,3.0,-109,-10,2,5,15,13,10.67,8.54,229,41,17,82,78,PREP_FAILURE,Coverage_Hole,29
2026-07-01 19:00:00,UE00763,32.90530324371859,-97.0125440544269,SITE01,XYZ402,A,101,2.592,SSB_2,SSB_3,2,60,30,6,2,24,4.8,-108,-10,-3,3,13,11,12.02,9.62,109,27,94,82,56,PREP_FAILURE,Coverage_Hole,11
2026-07-01 20:00:00,UE00764,32.957830013580086,-97.02716563438405,SITE01,XYZ403,B,102,2.895,SSB_3,SSB_4,3,120,30,6,2,18,3.6,-121,-10,1,4,14,12,12.56,10.05,185,38,76,20,31,SUCCESS,Excellent,22
2026-07-01 21:00:00,UE00765,32.97717076714744,-96.98459242413638,SITE01,XYZ401,B,100,2.907,SSB_4,SSB_5,4,180,30,6,2,31,6.2,-113,-10,1,4,14,12,12.46,9.97,169,36,67,39,53,EXEC_FAILURE,Good,23
2026-07-01 22:00:00,UE00766,32.92976037928054,-96.93863865941745,SITE01,XYZ402,A,101,2.721,SSB_5,SSB_6,5,240,30,6,2,16,3.2,-112,-10,-3,3,13,11,13.07,10.46,135,21,58,28,72,SUCCESS,Excellent,10
2026-07-01 23:00:00,UE00767,32.938730271815174,-97.02309806360132,SITE01,XYZ403,B,102,2.209,SSB_6,SSB_1,6,300,30,6,2,8,1.6,-109,-10,3,5,15,13,10.51,8.41,226,32,98,57,74,SUCCESS,Poor,31
2026-07-01 00:00:00,UE00768,32.905002653875286,-96.96395827147448,SITE01,XYZ401,B,100,2.41,SSB_1,SSB_2,1,0,30,6,2,6,1.2,-111,-10,1,4,14,12,12.35,9.88,184,35,27,87,57,SUCCESS,Poor,23
2026-07-01 01:00:00,UE00769,32.9696805069131,-96.9767718688858,SITE01,XYZ402,B,101,2.44,SSB_2,SSB_3,2,60,30,6,2,25,5.0,-111,-10,0,4,14,12,12.76,10.21,199,25,114,93,30,EXEC_FAILURE,Fair,20
2026-07-01 02:00:00,UE00770,32.96681044144355,-97.01979512355065,SITE01,XYZ403,A,102,2.97,SSB_3,SSB_4,3,120,30,6,2,27,5.4,-125,-10,1,4,14,12,11.73,9.38,144,28,19,41,27,SUCCESS,Excellent,23
2026-07-01 03:00:00,UE00771,32.94892897093552,-97.02624159184043,SITE01,XYZ401,C,100,2.563,SSB_4,SSB_5,4,180,30,6,2,27,5.4,-108,-10,-2,3,13,11,12.23,9.78,129,27,87,45,26,EXEC_FAILURE,Coverage_Hole,13
2026-07-01 04:00:00,UE00772,32.92372379303535,-96.9905915433186,SITE01,XYZ402,B,101,0.841,SSB_5,SSB_6,5,240,30,6,2,25,5.0,-92,-10,13,9,19,17,7.7,6.16,408,84,117,56,28,SUCCESS,Coverage_Hole,67
2026-07-01 05:00:00,UE00773,32.93773580947955,-97.01282210629283,SITE01,XYZ403,A,102,1.61,SSB_6,SSB_1,6,300,30,6,2,22,4.4,-96,-10,5,6,16,14,10.16,8.13,234,43,106,77,89,SUCCESS,Good,39
2026-07-01 06:00:00,UE00774,32.94949381275151,-97.02048965889809,SITE01,XYZ401,C,100,2.274,SSB_1,SSB_2,1,0,30,6,2,30,6.0,-106,-10,3,5,15,13,10.43,8.34,244,37,77,67,62,SUCCESS,Poor,32
2026-07-01 07:00:00,UE00775,32.93981994867269,-96.99911840130348,SITE01,XYZ402,A,101,0.871,SSB_2,SSB_3,2,60,30,6,2,27,5.4,-85,-10,17,11,21,19,4.2,3.36,538,94,91,55,23,EXEC_FAILURE,Fair,85
2026-07-01 08:00:00,UE00776,32.9602609390495,-96.99935766829128,SITE01,XYZ403,C,102,1.924,SSB_3,SSB_4,3,120,30,6,2,31,6.2,-102,-10,5,6,16,14,10.82,8.66,284,49,31,57,86,EXEC_FAILURE,Excellent,38
2026-07-01 09:00:00,UE00777,32.933562314676784,-96.96522624923577,SITE01,XYZ401,A,100,1.161,SSB_4,SSB_5,4,180,30,6,2,32,6.4,-94,-10,13,9,19,17,7.82,6.26,373,73,71,77,30,PREP_FAILURE,Excellent,67
2026-07-01 10:00:00,UE00778,32.96619639986497,-97.01458009132597,SITE01,XYZ402,A,101,2.742,SSB_5,SSB_6,5,240,30,6,2,13,2.6,-117,-10,-1,3,13,11,12.95,10.36,144,27,26,51,70,SUCCESS,Poor,15
2026-07-01 11:00:00,UE00779,32.924383984483704,-96.96241585242039,SITE01,XYZ403,B,102,1.51,SSB_6,SSB_1,6,300,30,6,2,25,5.0,-97,-10,4,6,16,14,9.88,7.9,271,51,106,94,88,SUCCESS,Coverage_Hole,37
2026-07-01 12:00:00,UE00780,32.973343002714394,-96.99164655065104,SITE01,XYZ401,A,100,2.669,SSB_1,SSB_2,1,0,30,6,2,1,0.2,-110,-10,1,4,14,12,12.71,10.17,144,30,60,88,89,PREP_FAILURE,Fair,22
2026-07-01 13:00:00,UE00781,32.97117183706741,-97.00464436975912,SITE01,XYZ402,C,101,2.736,SSB_2,SSB_3,2,60,30,6,2,22,4.4,-111,-10,0,4,14,12,11.94,9.55,172,30,82,43,53,PREP_FAILURE,Excellent,21
2026-07-01 14:00:00,UE00782,32.897158486688056,-97.00249312265112,SITE01,XYZ403,A,102,2.799,SSB_3,SSB_4,3,120,30,6,2,29,5.8,-120,-10,-4,2,12,10,13.07,10.46,101,15,56,48,84,SUCCESS,Excellent,5
2026-07-01 15:00:00,UE00783,32.93069965128293,-97.00440854792959,SITE01,XYZ401,C,100,1.152,SSB_4,SSB_5,4,180,30,6,2,13,2.6,-99,-10,11,9,19,17,7.37,5.9,444,62,97,50,87,PREP_FAILURE,Excellent,63
2026-07-01 16:00:00,UE00784,32.95992746151617,-96.97474102234882,SITE01,XYZ402,C,101,1.821,SSB_5,SSB_6,5,240,30,6,2,30,6.0,-99,-10,9,8,18,16,8.2,6.56,358,52,70,57,35,PREP_FAILURE,Good,55
2026-07-01 17:00:00,UE00785,32.95303792000472,-96.9813167197637,SITE01,XYZ403,A,102,1.262,SSB_6,SSB_1,6,300,30,6,2,21,4.2,-97,-10,12,9,19,17,7.82,6.26,468,76,127,46,78,PREP_FAILURE,Coverage_Hole,65
2026-07-01 18:00:00,UE00786,32.97574131124109,-96.9978558938514,SITE01,XYZ401,A,100,2.903,SSB_1,SSB_2,1,0,30,6,2,16,3.2,-119,-10,-5,2,12,10,14.54,11.63,103,16,81,65,86,EXEC_FAILURE,Fair,5
2026-07-01 19:00:00,UE00787,32.9250249861682,-96.97213960980116,SITE01,XYZ402,B,101,1.024,SSB_2,SSB_3,2,60,30,6,2,19,3.8,-91,-10,12,9,19,17,7.79,6.23,467,77,123,73,48,EXEC_FAILURE,Excellent,65
2026-07-01 20:00:00,UE00788,32.9306001247082,-97.02279120236801,SITE01,XYZ403,A,102,2.198,SSB_3,SSB_4,3,120,30,6,2,19,3.8,-106,-10,0,4,14,12,12.41,9.93,176,28,34,85,61,EXEC_FAILURE,Fair,20
2026-07-01 21:00:00,UE00789,32.95041424758889,-96.93701367031366,SITE01,XYZ401,C,100,2.986,SSB_4,SSB_5,4,180,30,6,2,6,1.2,-118,-10,-4,2,12,10,13.26,10.61,90,16,61,21,39,EXEC_FAILURE,Excellent,5
2026-07-01 22:00:00,UE00790,32.93632288885553,-97.01860920424366,SITE01,XYZ402,C,101,1.937,SSB_5,SSB_6,5,240,30,6,2,32,6.4,-106,-10,3,5,15,13,10.32,8.26,213,45,88,82,31,SUCCESS,Excellent,32
2026-07-01 23:00:00,UE00791,32.91295686615985,-96.99060612736503,SITE01,XYZ403,A,102,1.555,SSB_6,SSB_1,6,300,30,6,2,22,4.4,-99,-10,16,11,21,19,4.82,3.86,437,87,49,86,48,SUCCESS,Excellent,82
2026-07-01 00:00:00,UE00792,32.92799284749872,-96.94749504389596,SITE01,XYZ401,A,100,2.237,SSB_1,SSB_2,1,0,30,6,2,31,6.2,-107,-10,2,5,15,13,10.51,8.41,240,43,54,46,16,SUCCESS,Fair,29
2026-07-01 01:00:00,UE00793,32.940112409585275,-96.99782112563263,SITE01,XYZ402,A,101,0.81,SSB_2,SSB_3,2,60,30,6,2,3,0.6,-83,-10,15,10,20,18,6.2,4.96,482,95,44,65,70,EXEC_FAILURE,Good,76
2026-07-01 02:00:00,UE00794,32.95512199063908,-96.99934820546211,SITE01,XYZ403,A,102,1.61,SSB_3,SSB_4,3,120,30,6,2,24,4.8,-100,-10,11,9,19,17,6.14,4.91,468,83,32,58,29,SUCCESS,Poor,64
2026-07-01 03:00:00,UE00795,32.905502669062365,-96.99394824001688,SITE01,XYZ401,C,100,2.1,SSB_4,SSB_5,4,180,30,6,2,28,5.6,-108,-10,0,4,14,12,11.87,9.5,153,31,96,31,62,PREP_FAILURE,Fair,21
2026-07-01 04:00:00,UE00796,32.931390534867504,-96.9936535451345,SITE01,XYZ402,A,101,0.55,SSB_5,SSB_6,5,240,30,6,2,8,1.6,-90,-10,11,9,19,17,7.75,6.2,398,58,91,89,65,SUCCESS,Good,62
2026-07-01 05:00:00,UE00797,32.89959912980357,-96.97696107503836,SITE01,XYZ403,C,102,2.491,SSB_6,SSB_1,6,300,30,6,2,3,0.6,-118,-10,-4,2,12,10,13.82,11.06,91,14,65,66,50,EXEC_FAILURE,Excellent,5
2026-07-01 06:00:00,UE00798,32.92408078188722,-96.99917314866381,SITE01,XYZ401,C,100,1.107,SSB_1,SSB_2,1,0,30,6,2,18,3.6,-93,-10,13,9,19,17,7.86,6.29,440,79,129,69,65,EXEC_FAILURE,Fair,67
2026-07-01 07:00:00,UE00799,32.94691066060168,-97.00439129807326,SITE01,XYZ402,C,101,1.381,SSB_2,SSB_3,2,60,30,6,2,20,4.0,-94,-10,10,8,18,16,8.45,6.76,380,69,63,57,61,EXEC_FAILURE,Good,57
2026-07-01 08:00:00,UE00800,32.97562617782443,-96.99239813750957,SITE01,XYZ403,A,102,2.832,SSB_3,SSB_4,3,120,30,6,2,2,0.4,-115,-10,4,6,16,14,9.33,7.46,292,43,107,64,22,PREP_FAILURE,Coverage_Hole,37
2026-07-01 09:00:00,UE00801,32.92642433978811,-97.02206526606098,SITE01,XYZ401,C,100,2.216,SSB_4,SSB_5,4,180,30,6,2,26,5.2,-109,-10,5,6,16,14,9.52,7.62,271,44,113,25,74,SUCCESS,Poor,39
2026-07-01 10:00:00,UE00802,32.916060002418696,-96.94566131042676,SITE01,XYZ402,B,101,2.638,SSB_5,SSB_6,5,240,30,6,2,18,3.6,-115,-10,2,5,15,13,11.09,8.87,199,39,39,50,23,PREP_FAILURE,Coverage_Hole,28
2026-07-01 11:00:00,UE00803,32.94230614969854,-96.99903200116124,SITE01,XYZ403,B,102,0.945,SSB_6,SSB_1,6,300,30,6,2,8,1.6,-91,-10,15,10,20,18,6.85,5.48,502,93,70,49,36,PREP_FAILURE,Fair,75
2026-07-01 12:00:00,UE00804,32.932388497848876,-96.96149909919158,SITE01,XYZ401,B,100,1.385,SSB_1,SSB_2,1,0,30,6,2,25,5.0,-95,-10,4,6,16,14,10.43,8.34,316,40,26,81,56,EXEC_FAILURE,Coverage_Hole,36
2026-07-01 13:00:00,UE00805,32.898176562059604,-96.98431043540226,SITE01,XYZ402,C,101,2.544,SSB_2,SSB_3,2,60,30,6,2,14,2.8,-111,-10,0,4,14,12,11.1,8.88,187,35,95,45,39,SUCCESS,Excellent,21
2026-07-01 14:00:00,UE00806,32.92218344005355,-96.9777433714508,SITE01,XYZ403,C,102,0.986,SSB_3,SSB_4,3,120,30,6,2,12,2.4,-90,-10,11,9,19,17,6.29,5.03,408,57,26,85,67,EXEC_FAILURE,Poor,64
2026-07-01 15:00:00,UE00807,32.9531708526876,-96.95368136814623,SITE01,XYZ401,A,100,2.213,SSB_4,SSB_5,4,180,30,6,2,1,0.2,-104,-10,0,4,14,12,12.61,10.09,164,30,92,60,65,EXEC_FAILURE,Coverage_Hole,20
2026-07-01 16:00:00,UE00808,32.958959013642854,-96.98945719707378,SITE01,XYZ402,C,101,1.669,SSB_5,SSB_6,5,240,30,6,2,32,6.4,-99,-10,7,7,17,15,9.06,7.25,312,49,91,73,67,SUCCESS,Excellent,47
2026-07-01 17:00:00,UE00809,32.97307833242315,-96.99270877357112,SITE01,XYZ403,B,102,2.661,SSB_6,SSB_1,6,300,30,6,2,29,5.8,-111,-10,-5,2,12,10,13.58,10.86,94,15,97,44,64,PREP_FAILURE,Poor,5
2026-07-01 18:00:00,UE00810,32.95129535456372,-97.00897704340277,SITE01,XYZ401,B,100,1.776,SSB_1,SSB_2,1,0,30,6,2,33,6.6,-100,-10,4,6,16,14,9.28,7.42,292,55,104,91,28,EXEC_FAILURE,Good,37
2026-07-01 19:00:00,UE00811,32.94459337630758,-96.94919737777717,SITE01,XYZ402,B,101,2.187,SSB_2,SSB_3,2,60,30,6,2,25,5.0,-103,-10,1,4,14,12,11.94,9.55,166,33,52,87,21,PREP_FAILURE,Fair,23
2026-07-01 20:00:00,UE00812,32.96371262774737,-97.02265359322742,SITE01,XYZ403,B,102,2.936,SSB_3,SSB_4,3,120,30,6,2,32,6.4,-119,-10,0,4,14,12,12.2,9.76,187,30,55,34,17,EXEC_FAILURE,Fair,20
2026-07-01 21:00:00,UE00813,32.91673459886847,-96.98699658996473,SITE01,XYZ401,C,100,1.267,SSB_4,SSB_5,4,180,30,6,2,20,4.0,-92,-10,13,9,19,17,7.58,6.06,438,64,49,79,58,EXEC_FAILURE,Coverage_Hole,67
2026-07-01 22:00:00,UE00814,32.946204064185295,-97.01921799154819,SITE01,XYZ402,A,101,2.115,SSB_5,SSB_6,5,240,30,6,2,23,4.6,-103,-10,4,6,16,14,10.7,8.56,251,46,52,63,71,EXEC_FAILURE,Fair,36
2026-07-01 23:00:00,UE00815,32.907391339516636,-96.95978563607103,SITE01,XYZ403,A,102,2.409,SSB_6,SSB_1,6,300,30,6,2,19,3.8,-109,-10,5,6,16,14,9.08,7.26,235,55,123,84,82,SUCCESS,Good,40
2026-07-01 00:00:00,UE00816,32.94983747568245,-96.95843833647382,SITE01,XYZ401,C,100,1.856,SSB_1,SSB_2,1,0,30,6,2,28,5.6,-100,-10,12,9,19,17,6.55,5.24,401,79,57,23,19,EXEC_FAILURE,Coverage_Hole,66
2026-07-01 01:00:00,UE00817,32.91418224722561,-97.03063873452221,SITE01,XYZ402,B,101,2.999,SSB_2,SSB_3,2,60,30,6,2,31,6.2,-120,-10,1,4,14,12,11.87,9.5,154,36,112,75,22,PREP_FAILURE,Fair,23
2026-07-01 02:00:00,UE00818,32.91842075401795,-97.00233303669559,SITE01,XYZ403,B,102,1.516,SSB_3,SSB_4,3,120,30,6,2,28,5.6,-95,-10,8,7,17,15,8.65,6.92,288,50,55,28,77,SUCCESS,Coverage_Hole,50
2026-07-01 03:00:00,UE00819,32.96612870301791,-96.9913006756013,SITE01,XYZ401,B,100,2.174,SSB_4,SSB_5,4,180,30,6,2,18,3.6,-111,-10,-1,3,13,11,12.72,10.18,151,24,65,73,42,EXEC_FAILURE,Fair,15
2026-07-01 04:00:00,UE00820,32.93095297932588,-97.03568708328352,SITE01,XYZ402,B,101,2.937,SSB_5,SSB_6,5,240,30,6,2,7,1.4,-120,-10,0,4,14,12,11.83,9.46,149,33,90,61,27,PREP_FAILURE,Good,21
2026-07-01 05:00:00,UE00821,32.95658763031425,-96.98374733502867,SITE01,XYZ403,C,102,1.489,SSB_6,SSB_1,6,300,30,6,2,21,4.2,-99,-10,8,7,17,15,9.22,7.38,272,56,73,81,82,EXEC_FAILURE,Excellent,49
2026-07-01 06:00:00,UE00822,32.96435867466889,-96.97082672478254,SITE01,XYZ401,B,100,2.188,SSB_1,SSB_2,1,0,30,6,2,24,4.8,-104,-10,6,6,16,14,10.76,8.61,285,39,63,82,59,SUCCESS,Excellent,41
2026-07-01 07:00:00,UE00823,32.912794202292254,-97.01017607397219,SITE01,XYZ402,C,101,2.109,SSB_2,SSB_3,2,60,30,6,2,3,0.6,-99,-10,5,6,16,14,10.41,8.33,273,51,99,83,44,PREP_FAILURE,Fair,39
2026-07-01 08:00:00,UE00824,32.96497331760718,-96.96814082987393,SITE01,XYZ403,A,102,2.29,SSB_3,SSB_4,3,120,30,6,2,20,4.0,-105,-10,5,6,16,14,10.91,8.73,221,49,119,37,71,EXEC_FAILURE,Coverage_Hole,38
2026-07-01 09:00:00,UE00825,32.95297205501637,-97.02694652542985,SITE01,XYZ401,A,100,2.716,SSB_4,SSB_5,4,180,30,6,2,18,3.6,-118,-10,-4,2,12,10,14.32,11.46,94,15,69,38,76,EXEC_FAILURE,Fair,5
2026-07-01 10:00:00,UE00826,32.96645006060795,-96.9667045888423,SITE01,XYZ402,C,101,2.418,SSB_5,SSB_6,5,240,30,6,2,34,6.8,-104,-10,0,4,14,12,11.04,8.83,185,29,72,50,52,PREP_FAILURE,Coverage_Hole,21
2026-07-01 11:00:00,UE00827,32.892145538267094,-96.99323565332125,SITE01,XYZ403,A,102,2.996,SSB_6,SSB_1,6,300,30,6,2,33,6.6,-125,-10,0,4,14,12,11.62,9.3,162,29,70,65,57,PREP_FAILURE,Poor,21
2026-07-01 12:00:00,UE00828,32.941970271807946,-97.00174183643371,SITE01,XYZ401,A,100,1.071,SSB_1,SSB_2,1,0,30,6,2,16,3.2,-91,-10,13,9,19,17,6.94,5.55,413,72,52,25,82,EXEC_FAILURE,Coverage_Hole,68
2026-07-01 13:00:00,UE00829,32.934334147040765,-96.9520764672079,SITE01,XYZ402,A,101,1.919,SSB_2,SSB_3,2,60,30,6,2,7,1.4,-101,-10,8,7,17,15,9.1,7.28,328,46,120,28,79,SUCCESS,Good,49
2026-07-01 14:00:00,UE00830,32.942284970314624,-96.95343786499423,SITE01,XYZ403,C,102,1.906,SSB_3,SSB_4,3,120,30,6,2,18,3.6,-99,-10,7,7,17,15,9.5,7.6,361,56,23,56,66,SUCCESS,Poor,47
2026-07-01 15:00:00,UE00831,32.96201238781934,-96.94896323996362,SITE01,XYZ401,C,100,2.805,SSB_4,SSB_5,4,180,30,6,2,14,2.8,-117,-10,-4,2,12,10,13.58,10.86,94,18,31,83,26,PREP_FAILURE,Coverage_Hole,5
2026-07-01 16:00:00,UE00832,32.92516487302562,-97.01124913744927,SITE01,XYZ402,B,101,1.655,SSB_5,SSB_6,5,240,30,6,2,0,0.0,-98,-10,10,8,18,16,8.86,7.09,391,70,107,20,86,SUCCESS,Good,57
2026-07-01 17:00:00,UE00833,32.953024850809754,-96.97442363026309,SITE01,XYZ403,B,102,1.389,SSB_6,SSB_1,6,300,30,6,2,23,4.6,-95,-10,13,9,19,17,6.76,5.41,475,70,104,29,31,SUCCESS,Good,68
2026-07-01 18:00:00,UE00834,32.90259118674205,-96.96479135216693,SITE01,XYZ401,C,100,2.532,SSB_1,SSB_2,1,0,30,6,2,8,1.6,-116,-10,3,5,15,13,10.14,8.11,217,39,102,90,57,EXEC_FAILURE,Poor,32
2026-07-01 19:00:00,UE00835,32.90438788791149,-97.01705663971208,SITE01,XYZ402,A,101,2.806,SSB_2,SSB_3,2,60,30,6,2,21,4.2,-117,-10,-3,3,13,11,12.95,10.36,159,21,95,81,22,SUCCESS,Coverage_Hole,10
2026-07-01 20:00:00,UE00836,32.936671514401326,-96.93894615639641,SITE01,XYZ403,C,102,2.681,SSB_3,SSB_4,3,120,30,6,2,11,2.2,-114,-10,0,4,14,12,12.91,10.33,157,36,42,23,50,PREP_FAILURE,Fair,20
2026-07-01 21:00:00,UE00837,32.95262519087931,-96.98757615867667,SITE01,XYZ401,A,100,1.221,SSB_4,SSB_5,4,180,30,6,2,26,5.2,-93,-10,9,8,18,16,8.25,6.6,365,68,116,69,40,PREP_FAILURE,Excellent,55
2026-07-01 22:00:00,UE00838,32.95420981013468,-96.98359812415265,SITE01,XYZ402,B,101,1.326,SSB_5,SSB_6,5,240,30,6,2,23,4.6,-92,-10,7,7,17,15,8.46,6.77,316,64,75,46,54,SUCCESS,Excellent,48
2026-07-01 23:00:00,UE00839,32.91228118744967,-96.95411625302637,SITE01,XYZ403,C,102,2.389,SSB_6,SSB_1,6,300,30,6,2,23,4.6,-108,-10,3,5,15,13,11.22,8.98,212,35,66,36,51,SUCCESS,Fair,31
2026-07-01 00:00:00,UE00840,32.940082516411785,-96.93993076844296,SITE01,XYZ401,A,100,2.645,SSB_1,SSB_2,1,0,30,6,2,20,4.0,-123,-10,4,6,16,14,10.16,8.13,310,55,100,61,88,PREP_FAILURE,Poor,36
2026-07-01 01:00:00,UE00841,32.95492804339728,-96.95075994243768,SITE01,XYZ402,A,101,2.421,SSB_2,SSB_3,2,60,30,6,2,20,4.0,-114,-10,3,5,15,13,11.5,9.2,210,43,119,83,59,SUCCESS,Fair,31
2026-07-01 02:00:00,UE00842,32.92152251972746,-97.00617463752545,SITE01,XYZ403,C,102,1.531,SSB_3,SSB_4,3,120,30,6,2,14,2.8,-92,-10,9,8,18,16,7.0,5.6,415,58,75,35,34,SUCCESS,Poor,56
2026-07-01 03:00:00,UE00843,32.953956179245694,-96.99113426737325,SITE01,XYZ401,C,100,1.35,SSB_4,SSB_5,4,180,30,6,2,8,1.6,-92,-10,10,8,18,16,8.41,6.73,392,53,35,93,36,SUCCESS,Excellent,57
2026-07-01 04:00:00,UE00844,32.945718195331786,-97.01254424756472,SITE01,XYZ402,A,101,1.747,SSB_5,SSB_6,5,240,30,6,2,4,0.8,-101,-10,6,6,16,14,9.68,7.74,260,45,36,72,84,EXEC_FAILURE,Good,42
2026-07-01 05:00:00,UE00845,32.91668846071598,-97.01865871994478,SITE01,XYZ403,B,102,2.314,SSB_6,SSB_1,6,300,30,6,2,34,6.8,-107,-10,-2,3,13,11,13.55,10.84,125,22,51,74,89,EXEC_FAILURE,Coverage_Hole,12
2026-07-01 06:00:00,UE00846,32.92857443920134,-97.0285488402406,SITE01,XYZ401,B,100,2.55,SSB_1,SSB_2,1,0,30,6,2,25,5.0,-115,-10,1,4,14,12,11.82,9.46,151,36,39,87,55,EXEC_FAILURE,Coverage_Hole,23
2026-07-01 07:00:00,UE00847,32.89537366812785,-96.99246106300251,SITE01,XYZ402,A,101,2.769,SSB_2,SSB_3,2,60,30,6,2,13,2.6,-116,-10,-2,3,13,11,12.73,10.18,121,24,125,26,28,PREP_FAILURE,Coverage_Hole,13
2026-07-01 08:00:00,UE00848,32.972129398342716,-96.9743192135181,SITE01,XYZ403,C,102,2.636,SSB_3,SSB_4,3,120,30,6,2,15,3.0,-107,-10,-1,3,13,11,13.05,10.44,137,20,21,69,16,EXEC_FAILURE,Good,15
2026-07-01 09:00:00,UE00849,32.95410293344154,-97.01362040748663,SITE01,XYZ401,C,100,2.107,SSB_4,SSB_5,4,180,30,6,2,14,2.8,-106,-10,1,4,14,12,11.57,9.26,151,35,78,41,48,SUCCESS,Poor,23
2026-07-01 10:00:00,UE00850,32.920750585820585,-96.9858975321786,SITE01,XYZ402,B,101,0.987,SSB_5,SSB_6,5,240,30,6,2,11,2.2,-100,-10,15,10,20,18,5.13,4.1,471,82,24,88,17,EXEC_FAILURE,Coverage_Hole,77
2026-07-01 11:00:00,UE00851,32.96094711722236,-96.96270330204803,SITE01,XYZ403,C,102,2.212,SSB_6,SSB_1,6,300,30,6,2,23,4.6,-108,-10,5,6,16,14,9.16,7.33,257,49,58,70,33,SUCCESS,Good,40
2026-07-01 12:00:00,UE00852,32.93342546182178,-96.94093356398372,SITE01,XYZ401,B,100,2.566,SSB_1,SSB_2,1,0,30,6,2,9,1.8,-110,-10,-2,3,13,11,13.69,10.95,134,24,33,90,71,EXEC_FAILURE,Excellent,12
2026-07-01 13:00:00,UE00853,32.94338934911705,-97.02187978426424,SITE01,XYZ402,C,101,2.201,SSB_2,SSB_3,2,60,30,6,2,10,2.0,-114,-10,3,5,15,13,10.32,8.26,238,46,89,32,28,SUCCESS,Good,32
2026-07-01 14:00:00,UE00854,32.90165639684218,-96.9942534285797,SITE01,XYZ403,A,102,2.362,SSB_3,SSB_4,3,120,30,6,2,12,2.4,-111,-10,8,7,17,15,9.94,7.95,337,45,128,54,37,PREP_FAILURE,Excellent,49
2026-07-01 15:00:00,UE00855,32.95808848139148,-97.01338497230505,SITE01,XYZ401,B,100,2.279,SSB_4,SSB_5,4,180,30,6,2,6,1.2,-109,-10,5,6,16,14,9.42,7.54,299,46,99,25,50,SUCCESS,Good,40
2026-07-01 16:00:00,UE00856,32.92545842910059,-96.96236882469584,SITE01,XYZ402,A,101,1.478,SSB_5,SSB_6,5,240,30,6,2,31,6.2,-94,-10,8,7,17,15,9.96,7.97,296,50,98,44,89,EXEC_FAILURE,Poor,49
2026-07-01 17:00:00,UE00857,32.95685980621879,-96.94267835425886,SITE01,XYZ403,C,102,2.886,SSB_6,SSB_1,6,300,30,6,2,1,0.2,-111,-10,-3,3,13,11,13.32,10.66,129,26,89,81,46,PREP_FAILURE,Good,10
2026-07-01 18:00:00,UE00858,32.9169049464404,-97.01808783948151,SITE01,XYZ401,B,100,2.279,SSB_1,SSB_2,1,0,30,6,2,31,6.2,-110,-10,0,4,14,12,12.89,10.31,161,34,124,71,50,PREP_FAILURE,Good,20
2026-07-01 19:00:00,UE00859,32.936241216907995,-97.01120926170508,SITE01,XYZ402,C,101,1.508,SSB_2,SSB_3,2,60,30,6,2,30,6.0,-105,-10,11,9,19,17,6.8,5.44,435,83,72,44,83,PREP_FAILURE,Coverage_Hole,63
2026-07-01 20:00:00,UE00860,32.93072471784317,-96.99793349217252,SITE01,XYZ403,C,102,0.795,SSB_3,SSB_4,3,120,30,6,2,18,3.6,-87,-10,11,9,19,17,7.67,6.14,446,79,20,76,33,EXEC_FAILURE,Fair,62
2026-07-01 21:00:00,UE00861,32.90835021386003,-97.02437858486034,SITE01,XYZ401,C,100,2.922,SSB_4,SSB_5,4,180,30,6,2,14,2.8,-115,-10,0,4,14,12,11.71,9.37,180,34,24,40,43,PREP_FAILURE,Coverage_Hole,21
2026-07-01 22:00:00,UE00862,32.92262842873991,-97.03356470915566,SITE01,XYZ402,C,101,2.929,SSB_5,SSB_6,5,240,30,6,2,5,1.0,-125,-10,-5,2,12,10,14.13,11.3,77,15,33,63,77,SUCCESS,Fair,5
2026-07-01 23:00:00,UE00863,32.93122911239522,-97.01829313228195,SITE01,XYZ403,C,102,1.934,SSB_6,SSB_1,6,300,30,6,2,33,6.6,-109,-10,7,7,17,15,9.85,7.88,349,57,55,56,79,PREP_FAILURE,Excellent,46
2026-07-01 00:00:00,UE00864,32.93945555418918,-96.97935094632693,SITE01,XYZ401,A,100,0.456,SSB_1,SSB_2,1,0,30,6,2,22,4.4,-79,-10,19,12,22,20,4.98,3.98,506,99,48,43,31,EXEC_FAILURE,Excellent,91
2026-07-01 01:00:00,UE00865,32.930881533812624,-97.01176013060389,SITE01,XYZ402,C,101,1.565,SSB_2,SSB_3,2,60,30,6,2,1,0.2,-98,-10,7,7,17,15,8.44,6.75,262,51,127,51,35,EXEC_FAILURE,Good,48
2026-07-01 02:00:00,UE00866,32.9321566598422,-96.97469164132549,SITE01,XYZ403,A,102,0.64,SSB_3,SSB_4,3,120,30,6,2,34,6.8,-96,-10,19,12,22,20,3.55,2.84,460,108,93,65,70,SUCCESS,Coverage_Hole,92
2026-07-01 03:00:00,UE00867,32.90634409006913,-96.95764665618745,SITE01,XYZ401,A,100,2.543,SSB_4,SSB_5,4,180,30,6,2,11,2.2,-111,-10,3,5,15,13,10.9,8.72,238,47,28,65,29,EXEC_FAILURE,Fair,31
2026-07-01 04:00:00,UE00868,32.898896647146834,-97.0119725314426,SITE01,XYZ402,C,101,2.936,SSB_5,SSB_6,5,240,30,6,2,10,2.0,-117,-10,-3,3,13,11,13.94,11.15,125,23,42,93,62,EXEC_FAILURE,Good,9
2026-07-01 05:00:00,UE00869,32.973633369408674,-96.99916723611358,SITE01,XYZ403,C,102,2.783,SSB_6,SSB_1,6,300,30,6,2,20,4.0,-120,-10,-2,3,13,11,13.63,10.9,129,28,90,70,35,EXEC_FAILURE,Coverage_Hole,12
2026-07-01 06:00:00,UE00870,32.90922600390988,-97.0231449798727,SITE01,XYZ401,C,100,2.828,SSB_1,SSB_2,1,0,30,6,2,10,2.0,-112,-10,0,4,14,12,12.02,9.62,173,36,56,81,20,PREP_FAILURE,Poor,20
2026-07-01 07:00:00,UE00871,32.93394388163361,-96.95059185722585,SITE01,XYZ402,B,101,2.006,SSB_2,SSB_3,2,60,30,6,2,29,5.8,-109,-10,9,8,18,16,8.57,6.86,305,54,51,74,63,PREP_FAILURE,Excellent,54
2026-07-01 08:00:00,UE00872,32.951652680594755,-97.00841018415822,SITE01,XYZ403,C,102,1.767,SSB_3,SSB_4,3,120,30,6,2,10,2.0,-107,-10,11,9,19,17,6.83,5.46,458,66,43,64,82,SUCCESS,Poor,63
2026-07-01 09:00:00,UE00873,32.92515462733939,-96.96200350708328,SITE01,XYZ401,C,100,1.507,SSB_4,SSB_5,4,180,30,6,2,20,4.0,-96,-10,11,9,19,17,6.66,5.33,410,59,126,77,29,SUCCESS,Poor,63
2026-07-01 10:00:00,UE00874,32.96873406527795,-97.00098131087476,SITE01,XYZ402,C,101,2.498,SSB_5,SSB_6,5,240,30,6,2,18,3.6,-102,-10,4,6,16,14,10.95,8.76,285,38,87,72,22,EXEC_FAILURE,Good,36
2026-07-01 11:00:00,UE00875,32.920293231412614,-97.00646087383868,SITE01,XYZ403,C,102,1.597,SSB_6,SSB_1,6,300,30,6,2,5,1.0,-103,-10,9,8,18,16,7.41,5.93,377,54,114,94,19,PREP_FAILURE,Good,56
2026-07-01 12:00:00,UE00876,32.91910137758176,-96.96941933226752,SITE01,XYZ401,A,100,1.43,SSB_1,SSB_2,1,0,30,6,2,24,4.8,-91,-10,11,9,19,17,7.8,6.24,472,79,42,35,68,SUCCESS,Poor,62
2026-07-01 13:00:00,UE00877,32.91562140596224,-97.02223260898867,SITE01,XYZ402,A,101,2.529,SSB_2,SSB_3,2,60,30,6,2,16,3.2,-113,-10,-3,3,13,11,13.34,10.67,131,23,64,25,42,EXEC_FAILURE,Good,10
2026-07-01 14:00:00,UE00878,32.96915068607285,-97.00048147287436,SITE01,XYZ403,C,102,2.515,SSB_3,SSB_4,3,120,30,6,2,2,0.4,-113,-10,-3,3,13,11,13.59,10.87,140,20,125,30,20,EXEC_FAILURE,Coverage_Hole,9
2026-07-01 15:00:00,UE00879,32.916578524972145,-96.95210920925783,SITE01,XYZ401,B,100,2.301,SSB_4,SSB_5,4,180,30,6,2,5,1.0,-113,-10,4,6,16,14,9.63,7.7,319,45,63,94,53,EXEC_FAILURE,Coverage_Hole,37
2026-07-01 16:00:00,UE00880,32.93013218872094,-96.97949140924212,SITE01,XYZ402,C,101,0.473,SSB_5,SSB_6,5,240,30,6,2,29,5.8,-85,-10,19,12,22,20,3.55,2.84,497,100,50,74,58,EXEC_FAILURE,Coverage_Hole,92
2026-07-01 17:00:00,UE00881,32.95296414612948,-96.99481700039689,SITE01,XYZ403,A,102,1.357,SSB_6,SSB_1,6,300,30,6,2,26,5.2,-98,-10,9,8,18,16,7.18,5.74,369,54,49,47,21,PREP_FAILURE,Good,56
2026-07-01 18:00:00,UE00882,32.93569297170116,-96.9586726079886,SITE01,XYZ401,C,100,1.537,SSB_1,SSB_2,1,0,30,6,2,21,4.2,-99,-10,10,8,18,16,8.89,7.11,337,62,36,72,80,SUCCESS,Fair,57
2026-07-01 19:00:00,UE00883,32.934018593680015,-96.93736821421895,SITE01,XYZ402,B,101,2.771,SSB_2,SSB_3,2,60,30,6,2,13,2.6,-111,-10,-2,3,13,11,12.62,10.1,130,22,118,83,28,SUCCESS,Good,13
2026-07-01 20:00:00,UE00884,32.97717580344816,-96.98909898935314,SITE01,XYZ403,A,102,2.916,SSB_3,SSB_4,3,120,30,6,2,26,5.2,-111,-10,-2,3,13,11,13.47,10.78,124,19,32,54,66,EXEC_FAILURE,Coverage_Hole,12
2026-07-01 21:00:00,UE00885,32.93986214019359,-97.02624183990459,SITE01,XYZ401,A,100,2.4,SSB_4,SSB_5,4,180,30,6,2,34,6.8,-106,-10,6,6,16,14,9.3,7.44,298,39,126,48,18,SUCCESS,Excellent,42
2026-07-01 22:00:00,UE00886,32.91888073327463,-96.99364962901547,SITE01,XYZ402,B,101,1.217,SSB_5,SSB_6,5,240,30,6,2,11,2.2,-97,-10,10,8,18,16,8.72,6.98,346,61,30,31,89,EXEC_FAILURE,Excellent,57
2026-07-01 23:00:00,UE00887,32.92137431478808,-96.97851058897626,SITE01,XYZ403,C,102,1.019,SSB_6,SSB_1,6,300,30,6,2,14,2.8,-90,-10,16,11,21,19,5.45,4.36,432,104,105,91,74,EXEC_FAILURE,Fair,81
2026-07-01 00:00:00,UE00888,32.935337966848635,-97.03494545329787,SITE01,XYZ401,C,100,2.881,SSB_1,SSB_2,1,0,30,6,2,14,2.8,-110,-10,0,4,14,12,11.86,9.49,198,30,61,57,47,PREP_FAILURE,Excellent,21
2026-07-01 01:00:00,UE00889,32.957693644049264,-96.99966338895754,SITE01,XYZ402,B,101,1.774,SSB_2,SSB_3,2,60,30,6,2,28,5.6,-102,-10,11,9,19,17,7.84,6.27,396,79,58,85,16,EXEC_FAILURE,Excellent,62
2026-07-01 02:00:00,UE00890,32.96167727863328,-96.98148574464733,SITE01,XYZ403,C,102,1.851,SSB_3,SSB_4,3,120,30,6,2,30,6.0,-106,-10,10,8,18,16,7.63,6.1,374,62,80,38,67,PREP_FAILURE,Coverage_Hole,58
2026-07-01 03:00:00,UE00891,32.943053244616266,-97.02458917289427,SITE01,XYZ401,B,100,2.347,SSB_4,SSB_5,4,180,30,6,2,7,1.4,-105,-10,0,4,14,12,12.38,9.9,167,32,55,89,41,EXEC_FAILURE,Coverage_Hole,20
2026-07-01 04:00:00,UE00892,32.900627155466125,-96.98228763610479,SITE01,XYZ402,C,101,2.38,SSB_5,SSB_6,5,240,30,6,2,23,4.6,-105,-10,0,4,14,12,11.2,8.96,203,34,21,92,26,SUCCESS,Fair,21
2026-07-01 05:00:00,UE00893,32.93271943397979,-96.94182116436615,SITE01,XYZ403,C,102,2.517,SSB_6,SSB_1,6,300,30,6,2,3,0.6,-111,-10,3,5,15,13,11.66,9.33,212,33,82,48,76,SUCCESS,Coverage_Hole,30
2026-07-01 06:00:00,UE00894,32.947229261203766,-97.01737706075254,SITE01,XYZ401,B,100,2.044,SSB_1,SSB_2,1,0,30,6,2,26,5.2,-112,-10,15,10,20,18,6.86,5.49,520,89,129,24,48,EXEC_FAILURE,Fair,75
2026-07-01 07:00:00,UE00895,32.90242918835123,-96.99896728178918,SITE01,XYZ402,C,101,2.387,SSB_2,SSB_3,2,60,30,6,2,9,1.8,-112,-10,7,7,17,15,9.52,7.62,301,63,53,28,28,PREP_FAILURE,Poor,46
2026-07-01 08:00:00,UE00896,32.96322674607962,-97.02126797130315,SITE01,XYZ403,A,102,2.854,SSB_3,SSB_4,3,120,30,6,2,16,3.2,-116,-10,-2,3,13,11,13.25,10.6,126,25,101,96,69,PREP_FAILURE,Fair,12
2026-07-01 09:00:00,UE00897,32.93730138310914,-96.9729562078491,SITE01,XYZ401,C,100,0.726,SSB_4,SSB_5,4,180,30,6,2,16,3.2,-91,-10,17,11,21,19,5.22,4.18,539,81,50,34,89,EXEC_FAILURE,Poor,84
2026-07-01 10:00:00,UE00898,32.91975360050667,-96.95783042795658,SITE01,XYZ402,C,101,1.904,SSB_5,SSB_6,5,240,30,6,2,20,4.0,-97,-10,4,6,16,14,9.97,7.98,317,44,24,95,44,SUCCESS,Fair,37
2026-07-01 11:00:00,UE00899,32.9314708265337,-96.9527727956871,SITE01,XYZ403,B,102,1.894,SSB_6,SSB_1,6,300,30,6,2,32,6.4,-101,-10,8,7,17,15,8.68,6.94,320,63,119,58,37,EXEC_FAILURE,Good,50
2026-07-01 12:00:00,UE00900,32.90800035948821,-96.94697743862099,SITE01,XYZ401,A,100,2.895,SSB_1,SSB_2,1,0,30,6,2,22,4.4,-121,-10,-3,3,13,11,12.76,10.21,151,26,30,50,48,PREP_FAILURE,Excellent,10
2026-07-01 13:00:00,UE00901,32.921374434685234,-96.95832567431489,SITE01,XYZ402,A,101,1.82,SSB_2,SSB_3,2,60,30,6,2,5,1.0,-100,-10,2,5,15,13,11.93,9.54,198,33,48,70,18,PREP_FAILURE,Poor,28
2026-07-01 14:00:00,UE00902,32.9151319874975,-96.94734605975196,SITE01,XYZ403,A,102,2.587,SSB_3,SSB_4,3,120,30,6,2,24,4.8,-116,-10,0,4,14,12,11.15,8.92,177,29,97,87,20,PREP_FAILURE,Excellent,21
2026-07-01 15:00:00,UE00903,32.92730960902151,-97.0230833223087,SITE01,XYZ401,C,100,2.258,SSB_4,SSB_5,4,180,30,6,2,19,3.8,-108,-10,6,6,16,14,10.52,8.42,272,42,35,76,33,SUCCESS,Good,41
2026-07-01 16:00:00,UE00904,32.9471500634972,-96.98086117051729,SITE01,XYZ402,C,101,0.873,SSB_5,SSB_6,5,240,30,6,2,30,6.0,-90,-10,12,9,19,17,7.19,5.75,354,83,95,58,17,PREP_FAILURE,Fair,65
2026-07-01 17:00:00,UE00905,32.94975522618412,-96.99115227106168,SITE01,XYZ403,A,102,1.072,SSB_6,SSB_1,6,300,30,6,2,30,6.0,-99,-10,15,10,20,18,5.99,4.79,450,64,49,71,28,EXEC_FAILURE,Coverage_Hole,76
2026-07-01 18:00:00,UE00906,32.91835959132692,-97.02655774802697,SITE01,XYZ401,C,100,2.657,SSB_1,SSB_2,1,0,30,6,2,3,0.6,-109,-10,0,4,14,12,11.67,9.34,165,36,32,61,44,EXEC_FAILURE,Coverage_Hole,21
2026-07-01 19:00:00,UE00907,32.94898450936017,-97.01271784304461,SITE01,XYZ402,C,101,1.862,SSB_2,SSB_3,2,60,30,6,2,20,4.0,-97,-10,4,6,16,14,9.7,7.76,234,39,20,51,56,SUCCESS,Excellent,37
2026-07-01 20:00:00,UE00908,32.94034927920862,-96.95467282881971,SITE01,XYZ403,C,102,1.806,SSB_3,SSB_4,3,120,30,6,2,32,6.4,-102,-10,8,7,17,15,8.8,7.04,340,51,39,55,38,EXEC_FAILURE,Good,50
2026-07-01 21:00:00,UE00909,32.94835537898301,-96.9775672884907,SITE01,XYZ401,C,100,1.02,SSB_4,SSB_5,4,180,30,6,2,15,3.0,-91,-10,18,12,22,20,3.69,2.95,522,112,89,89,15,PREP_FAILURE,Coverage_Hole,90
2026-07-01 22:00:00,UE00910,32.92126379939859,-97.03024715125974,SITE01,XYZ402,B,101,2.776,SSB_5,SSB_6,5,240,30,6,2,23,4.6,-112,-10,0,4,14,12,11.25,9.0,203,32,125,93,50,SUCCESS,Poor,21
2026-07-01 23:00:00,UE00911,32.93472365834023,-96.95749120554974,SITE01,XYZ403,C,102,1.605,SSB_6,SSB_1,6,300,30,6,2,28,5.6,-99,-10,1,4,14,12,12.9,10.32,198,31,95,29,41,SUCCESS,Excellent,22
2026-07-01 00:00:00,UE00912,32.949996085255044,-97.007206072169,SITE01,XYZ401,A,100,1.64,SSB_1,SSB_2,1,0,30,6,2,2,0.4,-97,-10,10,8,18,16,7.71,6.17,370,72,28,68,15,SUCCESS,Excellent,58
2026-07-01 01:00:00,UE00913,32.91137151796156,-96.96877663636286,SITE01,XYZ402,A,101,1.89,SSB_2,SSB_3,2,60,30,6,2,29,5.8,-110,-10,9,8,18,16,7.16,5.73,415,56,107,44,58,SUCCESS,Excellent,56
2026-07-01 02:00:00,UE00914,32.92082736045911,-97.00961218986421,SITE01,XYZ403,C,102,1.72,SSB_3,SSB_4,3,120,30,6,2,28,5.6,-98,-10,2,5,15,13,11.54,9.23,263,36,33,39,41,PREP_FAILURE,Coverage_Hole,28
2026-07-01 03:00:00,UE00915,32.91925077325088,-96.98467097546157,SITE01,XYZ401,C,100,1.09,SSB_4,SSB_5,4,180,30,6,2,17,3.4,-93,-10,10,8,18,16,7.3,5.84,379,75,111,53,31,PREP_FAILURE,Good,58
2026-07-01 04:00:00,UE00916,32.94260032853324,-96.9533275450361,SITE01,XYZ402,B,101,1.918,SSB_5,SSB_6,5,240,30,6,2,25,5.0,-106,-10,5,6,16,14,10.39,8.31,243,44,75,86,88,PREP_FAILURE,Coverage_Hole,39
2026-07-01 05:00:00,UE00917,32.944878365148455,-96.95415173940893,SITE01,XYZ403,A,102,1.922,SSB_6,SSB_1,6,300,30,6,2,20,4.0,-105,-10,7,7,17,15,8.21,6.57,341,49,32,40,33,SUCCESS,Good,48
2026-07-01 06:00:00,UE00918,32.955430330341365,-97.02725305364112,SITE01,XYZ401,A,100,2.813,SSB_1,SSB_2,1,0,30,6,2,0,0.0,-115,-10,0,4,14,12,12.54,10.03,186,29,35,34,64,EXEC_FAILURE,Excellent,20
2026-07-01 07:00:00,UE00919,32.95496654790873,-97.01465356526431,SITE01,XYZ402,B,101,2.191,SSB_2,SSB_3,2,60,30,6,2,5,1.0,-110,-10,5,6,16,14,9.8,7.84,270,53,23,87,37,PREP_FAILURE,Fair,39
2026-07-01 08:00:00,UE00920,32.935305415298934,-96.94625412358339,SITE01,XYZ403,C,102,2.256,SSB_3,SSB_4,3,120,30,6,2,16,3.2,-100,-10,0,4,14,12,11.51,9.21,147,25,83,34,56,PREP_FAILURE,Good,21
2026-07-01 09:00:00,UE00921,32.95541604282969,-96.98722086605642,SITE01,XYZ401,A,100,1.411,SSB_4,SSB_5,4,180,30,6,2,12,2.4,-99,-10,9,8,18,16,8.09,6.47,411,68,127,39,71,SUCCESS,Poor,55
2026-07-01 10:00:00,UE00922,32.89936722974743,-97.00819780884517,SITE01,XYZ402,C,101,2.798,SSB_5,SSB_6,5,240,30,6,2,6,1.2,-107,-10,-4,2,12,10,14.64,11.71,72,19,81,63,46,EXEC_FAILURE,Fair,5
2026-07-01 11:00:00,UE00923,32.95523036724644,-96.95873229412277,SITE01,XYZ403,B,102,2.072,SSB_6,SSB_1,6,300,30,6,2,3,0.6,-110,-10,3,5,15,13,10.73,8.58,213,47,77,48,33,EXEC_FAILURE,Coverage_Hole,31
2026-07-01 12:00:00,UE00924,32.92417864413084,-97.02706649537065,SITE01,XYZ401,C,100,2.538,SSB_1,SSB_2,1,0,30,6,2,20,4.0,-113,-10,5,6,16,14,10.12,8.1,304,42,62,80,66,PREP_FAILURE,Fair,39
2026-07-01 13:00:00,UE00925,32.94216381131236,-97.0183514116135,SITE01,XYZ402,B,101,1.982,SSB_2,SSB_3,2,60,30,6,2,22,4.4,-106,-10,8,7,17,15,8.68,6.94,369,48,44,37,32,PREP_FAILURE,Good,50
2026-07-01 14:00:00,UE00926,32.960713877772776,-96.9629550035398,SITE01,XYZ403,A,102,2.191,SSB_3,SSB_4,3,120,30,6,2,31,6.2,-101,-10,5,6,16,14,9.19,7.35,234,38,116,67,77,EXEC_FAILURE,Poor,40
2026-07-01 15:00:00,UE00927,32.94250276095301,-96.98690507425232,SITE01,XYZ401,B,100,0.525,SSB_4,SSB_5,4,180,30,6,2,23,4.6,-82,-10,11,9,19,17,7.91,6.33,470,80,106,94,84,PREP_FAILURE,Excellent,62
2026-07-01 16:00:00,UE00928,32.9763463084162,-96.98060218114509,SITE01,XYZ402,B,101,2.863,SSB_5,SSB_6,5,240,30,6,2,29,5.8,-117,-10,0,4,14,12,11.16,8.93,145,33,34,35,81,SUCCESS,Coverage_Hole,21
2026-07-01 17:00:00,UE00929,32.964129247605655,-96.97785183192399,SITE01,XYZ403,A,102,2.052,SSB_6,SSB_1,6,300,30,6,2,3,0.6,-107,-10,3,5,15,13,11.77,9.42,204,34,82,26,60,EXEC_FAILURE,Excellent,30
2026-07-01 18:00:00,UE00930,32.935597564566045,-96.96794792840014,SITE01,XYZ401,C,100,1.0,SSB_1,SSB_2,1,0,30,6,2,24,4.8,-89,-10,8,7,17,15,8.8,7.04,337,46,23,36,35,SUCCESS,Fair,50
2026-07-01 19:00:00,UE00931,32.907061215667525,-96.99857182254412,SITE01,XYZ402,C,101,2.08,SSB_2,SSB_3,2,60,30,6,2,18,3.6,-103,-10,7,7,17,15,9.33,7.46,318,46,33,95,66,PREP_FAILURE,Coverage_Hole,47
2026-07-01 20:00:00,UE00932,32.92310147702572,-96.97676330109907,SITE01,XYZ403,A,102,0.958,SSB_3,SSB_4,3,120,30,6,2,26,5.2,-89,-10,16,11,21,19,5.77,4.62,517,74,62,82,26,EXEC_FAILURE,Good,81
2026-07-01 21:00:00,UE00933,32.920508312071284,-97.02608171228617,SITE01,XYZ401,C,100,2.571,SSB_4,SSB_5,4,180,30,6,2,13,2.6,-116,-10,-1,3,13,11,12.2,9.76,147,23,22,74,32,EXEC_FAILURE,Excellent,16
2026-07-01 22:00:00,UE00934,32.9639349241687,-96.9669750589244,SITE01,XYZ402,B,101,2.256,SSB_5,SSB_6,5,240,30,6,2,30,6.0,-109,-10,0,4,14,12,11.37,9.1,201,30,124,45,46,EXEC_FAILURE,Excellent,21
2026-07-01 23:00:00,UE00935,32.93522827640913,-97.01168101174461,SITE01,XYZ403,B,102,1.533,SSB_6,SSB_1,6,300,30,6,2,21,4.2,-102,-10,7,7,17,15,8.2,6.56,293,47,62,62,30,PREP_FAILURE,Fair,48
2026-07-01 00:00:00,UE00936,32.95747518039033,-97.02458709275986,SITE01,XYZ401,A,100,2.757,SSB_1,SSB_2,1,0,30,6,2,4,0.8,-117,-10,-1,3,13,11,13.41,10.73,127,19,41,52,82,EXEC_FAILURE,Coverage_Hole,15
2026-07-01 01:00:00,UE00937,32.956084742012976,-97.00942571851535,SITE01,XYZ402,C,101,2.019,SSB_2,SSB_3,2,60,30,6,2,24,4.8,-105,-10,3,5,15,13,11.5,9.2,188,37,25,36,80,PREP_FAILURE,Excellent,31
2026-07-01 02:00:00,UE00938,32.89424694918422,-96.97525490878087,SITE01,XYZ403,A,102,2.873,SSB_3,SSB_4,3,120,30,6,2,20,4.0,-119,-10,-3,3,13,11,12.01,9.61,136,20,42,89,17,SUCCESS,Excellent,11
2026-07-01 03:00:00,UE00939,32.97118672209922,-97.00016340794885,SITE01,XYZ401,A,100,2.641,SSB_4,SSB_5,4,180,30,6,2,2,0.4,-114,-10,2,5,15,13,11.88,9.5,208,42,79,34,81,SUCCESS,Excellent,28
2026-07-01 04:00:00,UE00940,32.95450073800391,-97.0099562842641,SITE01,XYZ402,A,101,1.964,SSB_5,SSB_6,5,240,30,6,2,17,3.4,-102,-10,5,6,16,14,10.92,8.74,251,55,15,28,37,EXEC_FAILURE,Coverage_Hole,38
2026-07-01 05:00:00,UE00941,32.95143278283687,-96.97588659927526,SITE01,XYZ403,B,102,1.253,SSB_6,SSB_1,6,300,30,6,2,2,0.4,-88,-10,5,6,16,14,10.71,8.57,321,46,80,94,81,PREP_FAILURE,Excellent,38
2026-07-01 06:00:00,UE00942,32.936151120698526,-97.0153204021677,SITE01,XYZ401,C,100,1.746,SSB_1,SSB_2,1,0,30,6,2,31,6.2,-97,-10,7,7,17,15,9.09,7.27,282,63,80,26,48,SUCCESS,Fair,47
2026-07-01 07:00:00,UE00943,32.93071946721705,-97.01969863163933,SITE01,XYZ402,C,101,2.02,SSB_2,SSB_3,2,60,30,6,2,17,3.4,-105,-10,2,5,15,13,11.97,9.58,252,34,117,81,24,SUCCESS,Fair,28
2026-07-01 08:00:00,UE00944,32.93913789776158,-96.95262401352257,SITE01,XYZ403,C,102,1.908,SSB_3,SSB_4,3,120,30,6,2,17,3.4,-103,-10,5,6,16,14,9.42,7.54,238,40,26,22,21,SUCCESS,Good,40
2026-07-01 09:00:00,UE00945,32.92515443231783,-96.97852660579557,SITE01,XYZ401,A,100,0.784,SSB_4,SSB_5,4,180,30,6,2,8,1.6,-89,-10,10,8,18,16,8.84,7.07,392,68,54,73,21,SUCCESS,Good,57
2026-07-01 10:00:00,UE00946,32.94194205302441,-97.00695260626414,SITE01,XYZ402,B,101,1.347,SSB_5,SSB_6,5,240,30,6,2,34,6.8,-102,-10,9,8,18,16,8.49,6.79,379,70,67,38,83,SUCCESS,Fair,55
2026-07-01 11:00:00,UE00947,32.93318191248427,-97.0335549253196,SITE01,XYZ403,B,102,2.803,SSB_6,SSB_1,6,300,30,6,2,14,2.8,-119,-10,3,5,15,13,10.52,8.42,268,44,50,81,15,EXEC_FAILURE,Coverage_Hole,31
2026-07-01 12:00:00,UE00948,32.976056101926446,-96.99968266191145,SITE01,XYZ401,B,100,2.952,SSB_1,SSB_2,1,0,30,6,2,9,1.8,-114,-10,-1,3,13,11,12.47,9.98,126,26,60,94,20,SUCCESS,Excellent,16
2026-07-01 13:00:00,UE00949,32.914947523949145,-96.94002701998785,SITE01,XYZ402,B,101,2.961,SSB_2,SSB_3,2,60,30,6,2,33,6.6,-118,-10,-1,3,13,11,13.98,11.18,144,23,82,76,24,PREP_FAILURE,Excellent,14
2026-07-01 14:00:00,UE00950,32.926580855435645,-96.97089931438104,SITE01,XYZ403,B,102,1.013,SSB_3,SSB_4,3,120,30,6,2,9,1.8,-89,-10,17,11,21,19,4.21,3.37,564,91,72,40,35,SUCCESS,Fair,85
2026-07-01 15:00:00,UE00951,32.96949879948787,-96.9778320561706,SITE01,XYZ401,A,100,2.416,SSB_4,SSB_5,4,180,30,6,2,26,5.2,-111,-10,-2,3,13,11,12.97,10.38,115,25,42,85,85,EXEC_FAILURE,Good,13
2026-07-01 16:00:00,UE00952,32.900607036984574,-97.0090234918943,SITE01,XYZ402,B,101,2.747,SSB_5,SSB_6,5,240,30,6,2,15,3.0,-112,-10,-1,3,13,11,12.49,9.99,151,25,19,57,64,PREP_FAILURE,Excellent,16
2026-07-01 17:00:00,UE00953,32.92017722253931,-97.02353556648208,SITE01,XYZ403,C,102,2.445,SSB_6,SSB_1,6,300,30,6,2,21,4.2,-110,-10,0,4,14,12,11.97,9.58,151,29,67,77,51,SUCCESS,Fair,21
2026-07-01 18:00:00,UE00954,32.92431064310229,-97.02707199946454,SITE01,XYZ401,A,100,2.535,SSB_1,SSB_2,1,0,30,6,2,21,4.2,-110,-10,8,7,17,15,8.87,7.1,326,50,91,95,18,PREP_FAILURE,Coverage_Hole,50
2026-07-01 19:00:00,UE00955,32.93038896754241,-96.96512569999456,SITE01,XYZ402,C,101,1.206,SSB_2,SSB_3,2,60,30,6,2,16,3.2,-98,-10,15,10,20,18,6.59,5.27,383,88,101,28,16,EXEC_FAILURE,Fair,75
2026-07-01 20:00:00,UE00956,32.9194732567568,-97.00194491309448,SITE01,XYZ403,A,102,1.447,SSB_3,SSB_4,3,120,30,6,2,25,5.0,-96,-10,9,8,18,16,8.97,7.18,379,62,108,76,52,PREP_FAILURE,Excellent,54
2026-07-01 21:00:00,UE00957,32.95903537429097,-96.96434828666217,SITE01,XYZ401,B,100,2.049,SSB_4,SSB_5,4,180,30,6,2,24,4.8,-109,-10,0,4,14,12,11.93,9.54,177,28,55,31,68,SUCCESS,Coverage_Hole,21
2026-07-01 22:00:00,UE00958,32.928808979395,-96.99096821816767,SITE01,XYZ402,B,101,0.544,SSB_5,SSB_6,5,240,30,6,2,15,3.0,-82,-10,24,14,24,22,2.52,2.02,513,131,94,44,18,SUCCESS,Excellent,100
2026-07-01 23:00:00,UE00959,32.938581787416595,-96.96899633103062,SITE01,XYZ403,A,102,0.97,SSB_6,SSB_1,6,300,30,6,2,31,6.2,-90,-10,14,10,20,18,6.56,5.25,499,81,62,41,68,PREP_FAILURE,Poor,73
2026-07-01 00:00:00,UE00960,32.94917850742748,-97.01908141861311,SITE01,XYZ401,A,100,2.191,SSB_1,SSB_2,1,0,30,6,2,11,2.2,-107,-10,4,6,16,14,10.53,8.42,226,53,79,29,32,EXEC_FAILURE,Good,36
2026-07-01 01:00:00,UE00961,32.903342946660864,-97.00292106981053,SITE01,XYZ402,A,101,2.416,SSB_2,SSB_3,2,60,30,6,2,13,2.6,-108,-10,0,4,14,12,12.92,10.34,146,26,85,43,87,EXEC_FAILURE,Fair,20
2026-07-01 02:00:00,UE00962,32.932333302077225,-97.0090607826477,SITE01,XYZ403,B,102,1.394,SSB_3,SSB_4,3,120,30,6,2,9,1.8,-94,-10,6,6,16,14,10.56,8.45,252,45,110,86,29,SUCCESS,Fair,41
2026-07-01 03:00:00,UE00963,32.96279237057307,-96.96252345065658,SITE01,XYZ401,C,100,2.322,SSB_4,SSB_5,4,180,30,6,2,33,6.6,-106,-10,2,5,15,13,11.18,8.94,211,42,98,83,55,SUCCESS,Coverage_Hole,28
2026-07-01 04:00:00,UE00964,32.93746612943725,-96.99133779990676,SITE01,XYZ402,C,101,0.393,SSB_5,SSB_6,5,240,30,6,2,22,4.4,-85,-10,12,9,19,17,6.02,4.82,388,70,96,44,22,EXEC_FAILURE,Coverage_Hole,66
2026-07-01 05:00:00,UE00965,32.92114277369578,-96.99532737079157,SITE01,XYZ403,C,102,1.124,SSB_6,SSB_1,6,300,30,6,2,28,5.6,-90,-10,10,8,18,16,8.57,6.86,304,74,111,71,61,PREP_FAILURE,Poor,57
2026-07-01 06:00:00,UE00966,32.928117736417384,-97.00545902775897,SITE01,XYZ401,A,100,1.267,SSB_1,SSB_2,1,0,30,6,2,23,4.6,-96,-10,14,10,20,18,6.39,5.11,396,95,101,84,47,EXEC_FAILURE,Fair,73
2026-07-01 07:00:00,UE00967,32.92843600230518,-96.99607067925419,SITE01,XYZ402,C,101,0.777,SSB_2,SSB_3,2,60,30,6,2,1,0.2,-88,-10,16,11,21,19,5.09,4.07,585,87,52,51,24,SUCCESS,Good,81
2026-07-01 08:00:00,UE00968,32.9150749169718,-96.94629602608198,SITE01,XYZ403,A,102,2.641,SSB_3,SSB_4,3,120,30,6,2,26,5.2,-115,-10,0,4,14,12,12.22,9.78,154,36,19,54,82,SUCCESS,Excellent,20
2026-07-01 09:00:00,UE00969,32.96971502394961,-96.96765257177277,SITE01,XYZ401,B,100,2.6,SSB_4,SSB_5,4,180,30,6,2,14,2.8,-111,-10,5,6,16,14,10.8,8.64,249,49,80,75,63,SUCCESS,Excellent,38
2026-07-01 10:00:00,UE00970,32.96325947870233,-96.99417075919929,SITE01,XYZ402,A,101,2.015,SSB_5,SSB_6,5,240,30,6,2,6,1.2,-101,-10,1,4,14,12,12.88,10.3,191,36,26,88,28,PREP_FAILURE,Coverage_Hole,22
2026-07-01 11:00:00,UE00971,32.91444349578884,-97.01397671270236,SITE01,XYZ403,C,102,2.19,SSB_6,SSB_1,6,300,30,6,2,18,3.6,-105,-10,-1,3,13,11,12.38,9.9,118,24,53,88,66,EXEC_FAILURE,Poor,16
2026-07-01 12:00:00,UE00972,32.954838526338555,-96.98938956073341,SITE01,XYZ401,A,100,1.388,SSB_1,SSB_2,1,0,30,6,2,4,0.8,-95,-10,7,7,17,15,9.56,7.65,298,66,38,83,73,PREP_FAILURE,Excellent,46
2026-07-01 13:00:00,UE00973,32.90791835981297,-96.99716108238128,SITE01,XYZ402,A,101,1.995,SSB_2,SSB_3,2,60,30,6,2,9,1.8,-100,-10,5,6,16,14,10.3,8.24,236,39,61,66,29,PREP_FAILURE,Coverage_Hole,39
2026-07-01 14:00:00,UE00974,32.905176370706094,-97.01633461523622,SITE01,XYZ403,A,102,2.738,SSB_3,SSB_4,3,120,30,6,2,11,2.2,-115,-10,0,4,14,12,11.24,8.99,144,32,70,69,34,PREP_FAILURE,Poor,21
2026-07-01 15:00:00,UE00975,32.97329788307907,-96.98077252283603,SITE01,XYZ401,A,100,2.652,SSB_4,SSB_5,4,180,30,6,2,2,0.4,-115,-10,2,5,15,13,10.3,8.24,200,39,125,24,70,EXEC_FAILURE,Fair,29
2026-07-01 16:00:00,UE00976,32.935808034009376,-96.95703552736117,SITE01,XYZ402,C,101,1.632,SSB_5,SSB_6,5,240,30,6,2,28,5.6,-101,-10,7,7,17,15,9.1,7.28,328,60,32,60,33,PREP_FAILURE,Poor,47
2026-07-01 17:00:00,UE00977,32.910066678386464,-96.97138803758959,SITE01,XYZ403,C,102,1.9,SSB_6,SSB_1,6,300,30,6,2,1,0.2,-103,-10,4,6,16,14,10.59,8.47,257,45,44,74,80,EXEC_FAILURE,Good,36
2026-07-01 18:00:00,UE00978,32.94054445955662,-97.00895386837016,SITE01,XYZ401,A,100,1.427,SSB_1,SSB_2,1,0,30,6,2,24,4.8,-99,-10,11,9,19,17,6.67,5.34,345,59,67,33,74,EXEC_FAILURE,Poor,63
2026-07-01 19:00:00,UE00979,32.92125757551281,-96.94449247679732,SITE01,XYZ402,C,101,2.542,SSB_2,SSB_3,2,60,30,6,2,23,4.6,-107,-10,-2,3,13,11,13.41,10.73,158,21,44,56,67,EXEC_FAILURE,Fair,12
2026-07-01 20:00:00,UE00980,32.907011746901496,-96.97841450952929,SITE01,XYZ403,C,102,1.973,SSB_3,SSB_4,3,120,30,6,2,18,3.6,-104,-10,6,6,16,14,10.21,8.17,221,54,19,37,58,EXEC_FAILURE,Coverage_Hole,41
2026-07-01 21:00:00,UE00981,32.9477954107163,-96.94748862743302,SITE01,XYZ401,A,100,2.355,SSB_4,SSB_5,4,180,30,6,2,20,4.0,-107,-10,0,4,14,12,11.11,8.89,166,27,118,64,59,EXEC_FAILURE,Fair,21
2026-07-01 22:00:00,UE00982,32.96179212438692,-96.99648818158943,SITE01,XYZ402,C,101,1.958,SSB_5,SSB_6,5,240,30,6,2,23,4.6,-106,-10,3,5,15,13,10.2,8.16,234,42,34,91,74,SUCCESS,Coverage_Hole,32
2026-07-01 23:00:00,UE00983,32.922806848297604,-97.00895727929914,SITE01,XYZ403,C,102,1.614,SSB_6,SSB_1,6,300,30,6,2,29,5.8,-96,-10,15,10,20,18,6.37,5.1,474,92,48,57,75,EXEC_FAILURE,Coverage_Hole,76
2026-07-01 00:00:00,UE00984,32.94265955747607,-97.02670870530584,SITE01,XYZ401,A,100,2.461,SSB_1,SSB_2,1,0,30,6,2,13,2.6,-108,-10,2,5,15,13,10.57,8.46,261,34,73,27,86,EXEC_FAILURE,Coverage_Hole,29
2026-07-01 01:00:00,UE00985,32.95995867662392,-96.97858284132894,SITE01,XYZ402,B,101,1.762,SSB_2,SSB_3,2,60,30,6,2,27,5.4,-110,-10,9,8,18,16,7.2,5.76,403,74,17,88,22,PREP_FAILURE,Fair,56
2026-07-01 02:00:00,UE00986,32.92628001131901,-97.03454756973392,SITE01,XYZ403,B,102,2.921,SSB_3,SSB_4,3,120,30,6,2,6,1.2,-115,-10,0,4,14,12,11.78,9.42,174,26,62,79,47,EXEC_FAILURE,Fair,21
2026-07-01 03:00:00,UE00987,32.91224034805924,-96.96227597389314,SITE01,XYZ401,C,100,2.058,SSB_4,SSB_5,4,180,30,6,2,26,5.2,-106,-10,8,7,17,15,9.21,7.37,364,64,17,27,24,SUCCESS,Coverage_Hole,49
2026-07-01 04:00:00,UE00988,32.949546450679364,-97.01839879564054,SITE01,XYZ402,B,101,2.168,SSB_5,SSB_6,5,240,30,6,2,34,6.8,-102,-10,4,6,16,14,10.44,8.35,285,49,50,92,36,SUCCESS,Coverage_Hole,36
2026-07-01 05:00:00,UE00989,32.932592674176604,-97.02437976070236,SITE01,XYZ403,B,102,2.275,SSB_6,SSB_1,6,300,30,6,2,29,5.8,-110,-10,3,5,15,13,10.13,8.1,228,43,109,44,35,SUCCESS,Excellent,32
2026-07-01 06:00:00,UE00990,32.92301127738336,-97.01484928221096,SITE01,XYZ401,A,100,1.907,SSB_1,SSB_2,1,0,30,6,2,25,5.0,-107,-10,0,4,14,12,11.33,9.06,158,34,67,52,66,EXEC_FAILURE,Good,21
2026-07-01 07:00:00,UE00991,32.93318866234754,-97.0101415935304,SITE01,XYZ402,A,101,1.45,SSB_2,SSB_3,2,60,30,6,2,7,1.4,-97,-10,9,8,18,16,8.59,6.87,326,66,110,48,36,PREP_FAILURE,Coverage_Hole,54
2026-07-01 08:00:00,UE00992,32.95681828704414,-96.94469796796359,SITE01,XYZ403,B,102,2.786,SSB_3,SSB_4,3,120,30,6,2,3,0.6,-121,-10,-1,3,13,11,13.21,10.57,138,22,16,31,49,PREP_FAILURE,Coverage_Hole,15
2026-07-01 09:00:00,UE00993,32.93806052276015,-96.96433814000105,SITE01,XYZ401,C,100,1.226,SSB_4,SSB_5,4,180,30,6,2,21,4.2,-95,-10,8,7,17,15,9.78,7.82,283,53,36,46,29,EXEC_FAILURE,Poor,49
2026-07-01 10:00:00,UE00994,32.894857528915246,-97.00411648943138,SITE01,XYZ402,C,101,2.981,SSB_5,SSB_6,5,240,30,6,2,27,5.4,-120,-10,-1,3,13,11,12.5,10.0,115,22,33,35,89,PREP_FAILURE,Excellent,16
2026-07-01 11:00:00,UE00995,32.958420873598236,-96.95113863387294,SITE01,XYZ403,C,102,2.548,SSB_6,SSB_1,6,300,30,6,2,5,1.0,-112,-10,1,4,14,12,12.59,10.07,176,29,28,26,88,EXEC_FAILURE,Coverage_Hole,22
2026-07-01 12:00:00,UE00996,32.94657624756908,-96.9734293268567,SITE01,XYZ401,A,100,1.048,SSB_1,SSB_2,1,0,30,6,2,4,0.8,-91,-10,12,9,19,17,7.42,5.94,333,73,71,50,17,SUCCESS,Fair,65
2026-07-01 13:00:00,UE00997,32.93774892744859,-96.96748607506652,SITE01,XYZ402,B,101,1.043,SSB_2,SSB_3,2,60,30,6,2,18,3.6,-96,-10,11,9,19,17,6.78,5.42,414,77,74,85,29,SUCCESS,Fair,63
2026-07-01 14:00:00,UE00998,32.94759037906831,-96.98467205592827,SITE01,XYZ403,B,102,0.867,SSB_3,SSB_4,3,120,30,6,2,29,5.8,-89,-10,13,9,19,17,7.53,6.02,383,73,85,89,82,SUCCESS,Excellent,67
2026-07-01 15:00:00,UE00999,32.9425059401783,-96.96821245333594,SITE01,XYZ401,B,100,1.111,SSB_4,SSB_5,4,180,30,6,2,7,1.4,-92,-10,11,9,19,17,7.67,6.14,384,82,118,20,43,EXEC_FAILURE,Coverage_Hole,62
2026-07-01 16:00:00,UE01000,32.9137043044815,-97.00712753053254,SITE01,XYZ402,C,101,1.944,SSB_5,SSB_6,5,240,30,6,2,33,6.6,-102,-10,10,8,18,16,8.26,6.61,422,58,85,36,73,EXEC_FAILURE,Coverage_Hole,57
2026-07-01 17:00:00,UE01001,32.91332689405599,-96.94604850396514,SITE01,XYZ403,B,102,2.718,SSB_6,SSB_1,6,300,30,6,2,25,5.0,-116,-10,-2,3,13,11,13.47,10.78,141,21,61,40,34,EXEC_FAILURE,Poor,12
2026-07-01 18:00:00,UE01002,32.930513005701954,-96.98071733178566,SITE01,XYZ401,A,100,0.406,SSB_1,SSB_2,1,0,30,6,2,5,1.0,-78,-10,21,13,23,21,2.86,2.29,629,104,83,26,65,PREP_FAILURE,Excellent,100
2026-07-01 19:00:00,UE01003,32.91823388632441,-96.96680218886256,SITE01,XYZ402,C,101,1.575,SSB_2,SSB_3,2,60,30,6,2,22,4.4,-104,-10,6,6,16,14,9.86,7.89,267,52,102,48,68,EXEC_FAILURE,Coverage_Hole,42
2026-07-01 20:00:00,UE01004,32.91555573111827,-97.0004460024419,SITE01,XYZ403,A,102,1.608,SSB_3,SSB_4,3,120,30,6,2,14,2.8,-100,-10,8,7,17,15,8.01,6.41,264,62,20,29,37,SUCCESS,Poor,50
2026-07-01 21:00:00,UE01005,32.97522798241624,-96.9854998787826,SITE01,XYZ401,B,100,2.773,SSB_4,SSB_5,4,180,30,6,2,18,3.6,-118,-10,-2,3,13,11,13.59,10.87,140,20,123,63,66,EXEC_FAILURE,Poor,12
2026-07-01 22:00:00,UE01006,32.90122803511651,-96.9561644234005,SITE01,XYZ402,C,101,2.876,SSB_5,SSB_6,5,240,30,6,2,14,2.8,-118,-10,-4,2,12,10,14.71,11.77,92,15,62,91,15,EXEC_FAILURE,Coverage_Hole,5
2026-07-01 23:00:00,UE01007,32.90579714268873,-96.99359031478534,SITE01,XYZ403,C,102,2.075,SSB_6,SSB_1,6,300,30,6,2,5,1.0,-100,-10,4,6,16,14,10.34,8.27,229,45,116,34,85,EXEC_FAILURE,Fair,36
2026-07-01 00:00:00,UE01008,32.95588366582732,-97.01892533307166,SITE01,XYZ401,C,100,2.426,SSB_1,SSB_2,1,0,30,6,2,20,4.0,-112,-10,2,5,15,13,11.71,9.37,215,43,45,46,41,SUCCESS,Excellent,28
2026-07-01 01:00:00,UE01009,32.958611474048716,-96.9708107892143,SITE01,XYZ402,B,101,1.828,SSB_2,SSB_3,2,60,30,6,2,15,3.0,-102,-10,8,7,17,15,9.25,7.4,335,57,124,47,87,PREP_FAILURE,Excellent,49
2026-07-01 02:00:00,UE01010,32.92831571507207,-96.97250666808196,SITE01,XYZ403,B,102,0.869,SSB_3,SSB_4,3,120,30,6,2,27,5.4,-88,-10,14,10,20,18,6.57,5.26,478,80,126,69,79,EXEC_FAILURE,Poor,73
2026-07-01 03:00:00,UE01011,32.938476355777915,-96.98875607465118,SITE01,XYZ401,A,100,0.314,SSB_4,SSB_5,4,180,30,6,2,24,4.8,-76,-10,25,15,25,23,1.63,1.3,752,138,24,29,87,PREP_FAILURE,Good,100
2026-07-01 04:00:00,UE01012,32.911654812408976,-96.96142787515552,SITE01,XYZ402,A,101,2.121,SSB_5,SSB_6,5,240,30,6,2,13,2.6,-108,-10,4,6,16,14,10.01,8.01,310,42,80,81,37,PREP_FAILURE,Fair,36
2026-07-01 05:00:00,UE01013,32.93837783347934,-96.98120586821348,SITE01,XYZ403,B,102,0.327,SSB_6,SSB_1,6,300,30,6,2,27,5.4,-79,-10,13,9,19,17,7.76,6.21,452,73,70,78,19,PREP_FAILURE,Poor,67
2026-07-01 06:00:00,UE01014,32.93109480830154,-96.96437292553945,SITE01,XYZ401,A,100,1.237,SSB_1,SSB_2,1,0,30,6,2,33,6.6,-90,-10,8,7,17,15,8.04,6.43,347,50,91,27,84,PREP_FAILURE,Coverage_Hole,50
2026-07-01 07:00:00,UE01015,32.91225678238564,-96.97518635340731,SITE01,XYZ402,A,101,1.675,SSB_2,SSB_3,2,60,30,6,2,15,3.0,-98,-10,13,9,19,17,7.07,5.66,397,85,32,39,60,PREP_FAILURE,Fair,68
2026-07-01 08:00:00,UE01016,32.96688507506452,-97.01934642730934,SITE01,XYZ403,C,102,2.956,SSB_3,SSB_4,3,120,30,6,2,29,5.8,-111,-10,0,4,14,12,11.32,9.06,189,26,48,39,68,EXEC_FAILURE,Excellent,21
2026-07-01 09:00:00,UE01017,32.92762595824291,-96.97389721477657,SITE01,XYZ401,A,100,0.831,SSB_4,SSB_5,4,180,30,6,2,32,6.4,-84,-10,12,9,19,17,7.09,5.67,458,60,48,38,38,PREP_FAILURE,Poor,65
2026-07-01 10:00:00,UE01018,32.89204855766774,-96.97946618286453,SITE01,XYZ402,C,101,2.985,SSB_5,SSB_6,5,240,30,6,2,21,4.2,-110,-10,0,4,14,12,12.58,10.06,202,28,89,67,22,SUCCESS,Coverage_Hole,20
2026-07-01 11:00:00,UE01019,32.90063633836094,-96.96086880581584,SITE01,XYZ403,A,102,2.76,SSB_6,SSB_1,6,300,30,6,2,19,3.8,-115,-10,-1,3,13,11,13.53,10.82,159,21,45,93,32,EXEC_FAILURE,Poor,14
2026-07-01 12:00:00,UE01020,32.967242102416485,-96.98435523267601,SITE01,XYZ401,C,100,2.223,SSB_1,SSB_2,1,0,30,6,2,8,1.6,-109,-10,1,4,14,12,11.61,9.29,169,30,85,36,66,PREP_FAILURE,Excellent,23
2026-07-01 13:00:00,UE01021,32.904055541439625,-96.99549685397825,SITE01,XYZ402,B,101,2.219,SSB_2,SSB_3,2,60,30,6,2,24,4.8,-107,-10,4,6,16,14,9.42,7.54,314,41,52,61,60,SUCCESS,Good,37
2026-07-01 14:00:00,UE01022,32.896700440934836,-97.00497093706883,SITE01,XYZ403,A,102,2.882,SSB_3,SSB_4,3,120,30,6,2,20,4.0,-119,-10,-3,3,13,11,12.74,10.19,146,22,62,45,77,SUCCESS,Poor,10
2026-07-01 15:00:00,UE01023,32.97114451317108,-96.99210679077298,SITE01,XYZ401,A,100,2.523,SSB_4,SSB_5,4,180,30,6,2,20,4.0,-108,-10,-1,3,13,11,12.18,9.74,128,24,127,77,74,PREP_FAILURE,Poor,16
2026-07-01 16:00:00,UE01024,32.95751124162051,-96.98873284486693,SITE01,XYZ402,B,101,1.564,SSB_5,SSB_6,5,240,30,6,2,25,5.0,-95,-10,5,6,16,14,9.51,7.61,254,42,29,97,62,SUCCESS,Fair,39
2026-07-01 17:00:00,UE01025,32.95618375202601,-96.9671317076745,SITE01,XYZ403,C,102,1.796,SSB_6,SSB_1,6,300,30,6,2,26,5.2,-99,-10,11,9,19,17,6.55,5.24,364,85,59,80,70,PREP_FAILURE,Excellent,63
2026-07-01 18:00:00,UE01026,32.95497230346241,-96.9885992981842,SITE01,XYZ401,A,100,1.39,SSB_1,SSB_2,1,0,30,6,2,31,6.2,-97,-10,9,8,18,16,7.86,6.29,406,70,56,20,77,PREP_FAILURE,Fair,55
2026-07-01 19:00:00,UE01027,32.97183014086134,-97.0003973437733,SITE01,XYZ402,B,101,2.687,SSB_2,SSB_3,2,60,30,6,2,13,2.6,-116,-10,-1,3,13,11,12.96,10.37,147,24,54,42,69,EXEC_FAILURE,Good,15
2026-07-01 20:00:00,UE01028,32.965754443333424,-97.00797095036822,SITE01,XYZ403,C,102,2.496,SSB_3,SSB_4,3,120,30,6,2,11,2.2,-120,-10,1,4,14,12,11.34,9.07,206,30,35,83,86,PREP_FAILURE,Good,24
2026-07-01 21:00:00,UE01029,32.91917750866494,-97.012560329958,SITE01,XYZ401,A,100,1.926,SSB_4,SSB_5,4,180,30,6,2,22,4.4,-106,-10,1,4,14,12,11.18,8.94,152,34,102,87,58,SUCCESS,Excellent,24
2026-07-01 22:00:00,UE01030,32.93641686395088,-96.95457000531172,SITE01,XYZ402,B,101,1.776,SSB_5,SSB_6,5,240,30,6,2,25,5.0,-101,-10,3,5,15,13,11.19,8.95,228,33,45,85,27,PREP_FAILURE,Fair,31
2026-07-01 23:00:00,UE01031,32.9290377803834,-97.03195081708115,SITE01,XYZ403,B,102,2.739,SSB_6,SSB_1,6,300,30,6,2,4,0.8,-117,-10,1,4,14,12,11.77,9.42,189,32,52,81,36,SUCCESS,Excellent,23
2026-07-01 00:00:00,UE01032,32.97161704918841,-97.00592970296908,SITE01,XYZ401,C,100,2.795,SSB_1,SSB_2,1,0,30,6,2,13,2.6,-117,-10,-1,3,13,11,12.84,10.27,129,28,89,92,52,EXEC_FAILURE,Poor,15
2026-07-01 01:00:00,UE01033,32.96944863050935,-96.96231948664264,SITE01,XYZ402,C,101,2.719,SSB_2,SSB_3,2,60,30,6,2,0,0.0,-112,-10,-2,3,13,11,12.71,10.17,139,20,104,38,66,PREP_FAILURE,Fair,13
2026-07-01 02:00:00,UE01034,32.94532682883256,-97.00093926548114,SITE01,XYZ403,C,102,1.155,SSB_3,SSB_4,3,120,30,6,2,33,6.6,-97,-10,13,9,19,17,6.38,5.1,474,58,66,60,20,PREP_FAILURE,Excellent,69
2026-07-01 03:00:00,UE01035,32.93755830151808,-96.94208108451271,SITE01,XYZ401,B,100,2.503,SSB_4,SSB_5,4,180,30,6,2,33,6.6,-109,-10,-3,3,13,11,12.5,10.0,124,27,80,49,23,EXEC_FAILURE,Good,11
2026-07-01 04:00:00,UE01036,32.917730606193295,-97.01234664344318,SITE01,XYZ402,B,101,1.974,SSB_5,SSB_6,5,240,30,6,2,16,3.2,-107,-10,1,4,14,12,12.47,9.98,211,32,118,24,68,SUCCESS,Excellent,23
2026-07-01 05:00:00,UE01037,32.91236117791394,-96.98650115059414,SITE01,XYZ403,A,102,1.566,SSB_6,SSB_1,6,300,30,6,2,30,6.0,-94,-10,8,7,17,15,9.79,7.83,357,45,22,38,65,PREP_FAILURE,Excellent,49
2026-07-01 06:00:00,UE01038,32.93527039297687,-96.95741111779735,SITE01,XYZ401,A,100,1.609,SSB_1,SSB_2,1,0,30,6,2,17,3.4,-103,-10,10,8,18,16,8.09,6.47,430,62,61,82,40,EXEC_FAILURE,Fair,57
2026-07-01 07:00:00,UE01039,32.923452510085134,-97.02066067426784,SITE01,XYZ402,B,101,2.204,SSB_2,SSB_3,2,60,30,6,2,4,0.8,-102,-10,2,5,15,13,11.54,9.23,185,41,123,33,22,SUCCESS,Fair,28
2026-07-01 08:00:00,UE01040,32.89969882076149,-96.96993114323763,SITE01,XYZ403,B,102,2.594,SSB_3,SSB_4,3,120,30,6,2,15,3.0,-114,-10,0,4,14,12,12.3,9.84,209,30,35,29,71,SUCCESS,Excellent,20
2026-07-01 09:00:00,UE01041,32.90535979685833,-97.01668990053811,SITE01,XYZ401,A,100,2.742,SSB_4,SSB_5,4,180,30,6,2,20,4.0,-111,-10,5,6,16,14,10.85,8.68,316,48,18,84,76,PREP_FAILURE,Fair,38
2026-07-01 10:00:00,UE01042,32.91586540626046,-96.98226249266591,SITE01,XYZ402,B,101,1.334,SSB_5,SSB_6,5,240,30,6,2,34,6.8,-95,-10,13,9,19,17,7.36,5.89,378,74,81,60,64,PREP_FAILURE,Coverage_Hole,68
2026-07-01 11:00:00,UE01043,32.91082732294035,-96.98699707588322,SITE01,XYZ403,A,102,1.674,SSB_6,SSB_1,6,300,30,6,2,5,1.0,-101,-10,11,9,19,17,7.49,5.99,462,66,112,94,87,PREP_FAILURE,Excellent,63
2026-07-01 12:00:00,UE01044,32.97397081069734,-96.98982952327334,SITE01,XYZ401,B,100,2.7,SSB_1,SSB_2,1,0,30,6,2,13,2.6,-113,-10,3,5,15,13,10.59,8.47,197,37,80,96,73,SUCCESS,Poor,31
2026-07-01 13:00:00,UE01045,32.94446325515889,-96.97300934305808,SITE01,XYZ402,A,101,0.96,SSB_2,SSB_3,2,60,30,6,2,25,5.0,-95,-10,16,11,21,19,5.58,4.46,513,78,59,47,64,PREP_FAILURE,Poor,81
2026-07-01 14:00:00,UE01046,32.91727610164184,-97.00535935856969,SITE01,XYZ403,C,102,1.692,SSB_3,SSB_4,3,120,30,6,2,1,0.2,-99,-10,7,7,17,15,9.62,7.7,312,63,119,37,63,PREP_FAILURE,Excellent,46
2026-07-01 15:00:00,UE01047,32.975534734999854,-96.9944299467989,SITE01,XYZ401,C,100,2.845,SSB_4,SSB_5,4,180,30,6,2,16,3.2,-110,-10,0,4,14,12,11.17,8.94,155,34,27,71,74,PREP_FAILURE,Fair,21
2026-07-01 16:00:00,UE01048,32.931434695572854,-97.02693076066039,SITE01,XYZ402,B,101,2.429,SSB_5,SSB_6,5,240,30,6,2,8,1.6,-115,-10,-3,3,13,11,13.11,10.49,158,26,31,69,53,SUCCESS,Good,10
2026-07-01 17:00:00,UE01049,32.929874027655195,-96.95257876025522,SITE01,XYZ403,C,102,1.923,SSB_6,SSB_1,6,300,30,6,2,16,3.2,-97,-10,8,7,17,15,8.92,7.14,323,60,52,63,65,SUCCESS,Poor,50
2026-07-01 18:00:00,UE01050,32.93834421133032,-96.96757563482497,SITE01,XYZ401,A,100,1.046,SSB_1,SSB_2,1,0,30,6,2,12,2.4,-92,-10,15,10,20,18,5.16,4.13,532,92,80,78,82,EXEC_FAILURE,Fair,77
2026-07-01 19:00:00,UE01051,32.93856416296087,-97.017025457967,SITE01,XYZ402,A,101,1.859,SSB_2,SSB_3,2,60,30,6,2,14,2.8,-104,-10,5,6,16,14,10.37,8.3,276,42,22,40,36,PREP_FAILURE,Excellent,39
2026-07-01 20:00:00,UE01052,32.90799059995013,-96.9835089471158,SITE01,XYZ403,B,102,1.869,SSB_3,SSB_4,3,120,30,6,2,5,1.0,-98,-10,4,6,16,14,9.79,7.83,294,42,46,27,32,PREP_FAILURE,Good,37
2026-07-01 21:00:00,UE01053,32.911707413615964,-97.02226340182699,SITE01,XYZ401,A,100,2.683,SSB_4,SSB_5,4,180,30,6,2,19,3.8,-104,-10,0,4,14,12,11.13,8.9,194,32,54,27,49,SUCCESS,Fair,21
2026-07-01 22:00:00,UE01054,32.91877870522414,-96.9452744975468,SITE01,XYZ402,A,101,2.57,SSB_5,SSB_6,5,240,30,6,2,10,2.0,-116,-10,-1,3,13,11,12.89,10.31,110,22,45,44,88,SUCCESS,Coverage_Hole,15
2026-07-01 23:00:00,UE01055,32.948557777968844,-97.00105005868352,SITE01,XYZ403,B,102,1.309,SSB_6,SSB_1,6,300,30,6,2,5,1.0,-100,-10,12,9,19,17,7.59,6.07,329,85,81,67,79,PREP_FAILURE,Fair,65
2026-07-01 00:00:00,UE01056,32.91546361942111,-96.9755586984383,SITE01,XYZ401,A,100,1.461,SSB_1,SSB_2,1,0,30,6,2,24,4.8,-98,-10,10,8,18,16,7.53,6.02,352,69,90,25,35,EXEC_FAILURE,Fair,58
2026-07-01 01:00:00,UE01057,32.92357141741035,-97.00569204524147,SITE01,XYZ402,C,101,1.426,SSB_2,SSB_3,2,60,30,6,2,18,3.6,-91,-10,10,8,18,16,7.67,6.14,373,63,59,40,37,PREP_FAILURE,Excellent,58
2026-07-01 02:00:00,UE01058,32.90349286090977,-96.97729321905985,SITE01,XYZ403,A,102,2.224,SSB_3,SSB_4,3,120,30,6,2,9,1.8,-108,-10,4,6,16,14,9.54,7.63,260,43,87,58,33,EXEC_FAILURE,Poor,37
2026-07-01 03:00:00,UE01059,32.89680443347402,-96.96101951157145,SITE01,XYZ401,B,100,2.987,SSB_4,SSB_5,4,180,30,6,2,5,1.0,-119,-10,0,4,14,12,11.76,9.41,162,26,94,85,15,SUCCESS,Good,21
2026-07-01 04:00:00,UE01060,32.90393283195274,-97.00635637352836,SITE01,XYZ402,A,101,2.471,SSB_5,SSB_6,5,240,30,6,2,17,3.4,-106,-10,1,4,14,12,11.2,8.96,168,32,93,41,41,EXEC_FAILURE,Coverage_Hole,24
2026-07-01 05:00:00,UE01061,32.93610317499431,-97.00768206037675,SITE01,XYZ403,C,102,1.304,SSB_6,SSB_1,6,300,30,6,2,25,5.0,-95,-10,8,7,17,15,8.13,6.5,296,58,85,36,21,PREP_FAILURE,Fair,50
2026-07-01 06:00:00,UE01062,32.929631906411615,-97.01715506387151,SITE01,XYZ401,B,100,1.888,SSB_1,SSB_2,1,0,30,6,2,2,0.4,-109,-10,8,7,17,15,9.31,7.45,334,58,116,67,66,SUCCESS,Good,49
2026-07-01 07:00:00,UE01063,32.97268805017707,-96.99322771600222,SITE01,XYZ402,B,101,2.639,SSB_2,SSB_3,2,60,30,6,2,2,0.4,-117,-10,-5,2,12,10,14.81,11.85,77,12,26,49,79,SUCCESS,Poor,5
2026-07-01 08:00:00,UE01064,32.90881472196759,-96.99645208435531,SITE01,XYZ403,A,102,1.923,SSB_3,SSB_4,3,120,30,6,2,30,6.0,-104,-10,1,4,14,12,11.98,9.58,145,27,17,85,49,SUCCESS,Fair,23
2026-07-01 09:00:00,UE01065,32.959862811139004,-97.0101163847054,SITE01,XYZ401,B,100,2.24,SSB_4,SSB_5,4,180,30,6,2,20,4.0,-111,-10,2,5,15,13,10.98,8.78,247,33,53,68,78,PREP_FAILURE,Good,29
2026-07-01 10:00:00,UE01066,32.91050928110061,-96.96611940825507,SITE01,XYZ402,B,101,2.021,SSB_5,SSB_6,5,240,30,6,2,2,0.4,-107,-10,5,6,16,14,10.79,8.63,323,41,35,67,61,SUCCESS,Good,38
2026-07-01 11:00:00,UE01067,32.938963475775914,-96.95896344131864,SITE01,XYZ403,C,102,1.543,SSB_6,SSB_1,6,300,30,6,2,1,0.2,-101,-10,10,8,18,16,7.91,6.33,358,60,112,68,42,SUCCESS,Good,58
2026-07-01 12:00:00,UE01068,32.91557512388157,-97.00019965006254,SITE01,XYZ401,C,100,1.599,SSB_1,SSB_2,1,0,30,6,2,30,6.0,-90,-10,13,9,19,17,7.45,5.96,385,66,21,68,68,SUCCESS,Poor,68
2026-07-01 13:00:00,UE01069,32.89956654260172,-96.97747972605667,SITE01,XYZ402,C,101,2.488,SSB_2,SSB_3,2,60,30,6,2,13,2.6,-111,-10,4,6,16,14,9.57,7.66,312,54,21,28,17,PREP_FAILURE,Excellent,37
2026-07-01 14:00:00,UE01070,32.90598037418751,-97.01591864357171,SITE01,XYZ403,B,102,2.68,SSB_3,SSB_4,3,120,30,6,2,16,3.2,-112,-10,-3,3,13,11,12.11,9.69,155,23,33,58,27,SUCCESS,Good,11
2026-07-01 15:00:00,UE01071,32.9185382196516,-96.99494304189663,SITE01,XYZ401,C,100,1.271,SSB_4,SSB_5,4,180,30,6,2,33,6.6,-95,-10,15,10,20,18,5.08,4.06,497,69,45,89,63,SUCCESS,Coverage_Hole,77
2026-07-01 16:00:00,UE01072,32.949770225057605,-96.99139735422976,SITE01,XYZ402,C,101,1.078,SSB_5,SSB_6,5,240,30,6,2,14,2.8,-88,-10,15,10,20,18,6.0,4.8,445,67,100,92,61,PREP_FAILURE,Fair,76
2026-07-01 17:00:00,UE01073,32.93876083067757,-97.00486029812883,SITE01,XYZ403,C,102,1.167,SSB_6,SSB_1,6,300,30,6,2,17,3.4,-94,-10,11,9,19,17,6.42,5.14,414,80,96,77,63,SUCCESS,Coverage_Hole,64
2026-07-01 18:00:00,UE01074,32.954315683941466,-96.99311048152045,SITE01,XYZ401,A,100,1.407,SSB_1,SSB_2,1,0,30,6,2,34,6.8,-98,-10,11,9,19,17,6.42,5.14,379,66,124,61,59,PREP_FAILURE,Poor,64
2026-07-01 19:00:00,UE01075,32.921217287152864,-96.97557772400343,SITE01,XYZ402,C,101,1.104,SSB_2,SSB_3,2,60,30,6,2,6,1.2,-91,-10,9,8,18,16,8.57,6.86,367,68,56,57,66,SUCCESS,Poor,54
2026-07-01 20:00:00,UE01076,32.95269077212268,-96.9738467283972,SITE01,XYZ403,C,102,1.384,SSB_3,SSB_4,3,120,30,6,2,0,0.0,-100,-10,7,7,17,15,8.47,6.78,276,57,30,58,29,SUCCESS,Excellent,48
2026-07-01 21:00:00,UE01077,32.963373916574795,-96.97284501505153,SITE01,XYZ401,A,100,2.082,SSB_4,SSB_5,4,180,30,6,2,12,2.4,-109,-10,4,6,16,14,10.18,8.14,297,42,18,69,17,SUCCESS,Fair,36
2026-07-01 22:00:00,UE01078,32.92330964648304,-96.96259483908055,SITE01,XYZ402,B,101,1.539,SSB_5,SSB_6,5,240,30,6,2,23,4.6,-97,-10,7,7,17,15,8.41,6.73,368,49,32,69,60,EXEC_FAILURE,Excellent,48
2026-07-01 23:00:00,UE01079,32.94358650281483,-97.0309732000203,SITE01,XYZ403,B,102,2.716,SSB_6,SSB_1,6,300,30,6,2,1,0.2,-113,-10,-3,3,13,11,12.4,9.92,122,26,113,44,68,EXEC_FAILURE,Poor,11
2026-07-01 00:00:00,UE01080,32.96212053857054,-96.95202541223986,SITE01,XYZ401,B,100,2.68,SSB_1,SSB_2,1,0,30,6,2,2,0.4,-119,-10,-2,3,13,11,12.58,10.06,114,26,30,35,45,PREP_FAILURE,Good,13
2026-07-01 01:00:00,UE01081,32.91296918844763,-96.98327178555526,SITE01,XYZ402,A,101,1.527,SSB_2,SSB_3,2,60,30,6,2,27,5.4,-101,-10,10,8,18,16,7.35,5.88,323,76,78,85,73,PREP_FAILURE,Fair,58
2026-07-01 02:00:00,UE01082,32.92708858465351,-96.98331709712355,SITE01,XYZ403,C,102,0.559,SSB_3,SSB_4,3,120,30,6,2,22,4.4,-89,-10,16,11,21,19,5.38,4.3,592,84,103,51,17,EXEC_FAILURE,Excellent,81
2026-07-01 03:00:00,UE01083,32.96142982121137,-96.98011495982476,SITE01,XYZ401,A,100,1.845,SSB_4,SSB_5,4,180,30,6,2,6,1.2,-99,-10,8,7,17,15,8.25,6.6,269,63,101,94,88,SUCCESS,Coverage_Hole,50
2026-07-01 04:00:00,UE01084,32.95304252421131,-96.9512580718777,SITE01,XYZ402,C,101,2.325,SSB_5,SSB_6,5,240,30,6,2,4,0.8,-111,-10,0,4,14,12,12.02,9.62,180,36,107,29,27,SUCCESS,Coverage_Hole,20
2026-07-01 05:00:00,UE01085,32.93931233227254,-96.98871556023761,SITE01,XYZ403,C,102,0.358,SSB_6,SSB_1,6,300,30,6,2,0,0.0,-83,-10,18,12,22,20,4.14,3.31,543,101,72,59,74,EXEC_FAILURE,Poor,89
2026-07-01 06:00:00,UE01086,32.91927878186017,-97.0169637343516,SITE01,XYZ401,B,100,2.137,SSB_1,SSB_2,1,0,30,6,2,19,3.8,-103,-10,7,7,17,15,8.3,6.64,309,45,28,45,76,EXEC_FAILURE,Excellent,48
2026-07-01 07:00:00,UE01087,32.895384772600735,-97.0015256914772,SITE01,XYZ402,C,101,2.895,SSB_2,SSB_3,2,60,30,6,2,28,5.6,-113,-10,2,5,15,13,10.25,8.2,266,33,64,88,43,SUCCESS,Poor,29
2026-07-01 08:00:00,UE01088,32.906125624939364,-96.99005560297486,SITE01,XYZ403,A,102,2.015,SSB_3,SSB_4,3,120,30,6,2,34,6.8,-97,-10,5,6,16,14,9.1,7.28,292,49,83,57,18,SUCCESS,Coverage_Hole,40
2026-07-01 09:00:00,UE01089,32.89552513532752,-96.96886325983019,SITE01,XYZ401,C,100,2.886,SSB_4,SSB_5,4,180,30,6,2,27,5.4,-118,-10,-3,3,13,11,13.12,10.5,117,19,84,33,30,SUCCESS,Good,10
2026-07-01 10:00:00,UE01090,32.902977803357324,-97.01943270191587,SITE01,XYZ402,B,101,2.97,SSB_5,SSB_6,5,240,30,6,2,26,5.2,-115,-10,-5,2,12,10,14.53,11.62,87,18,25,20,27,PREP_FAILURE,Coverage_Hole,5
2026-07-01 11:00:00,UE01091,32.97212286529246,-96.97879904479475,SITE01,XYZ403,A,102,2.586,SSB_6,SSB_1,6,300,30,6,2,26,5.2,-112,-10,1,4,14,12,11.38,9.1,205,34,67,91,47,PREP_FAILURE,Excellent,24
2026-07-01 12:00:00,UE01092,32.915878480198764,-96.94687485646439,SITE01,XYZ401,A,100,2.583,SSB_1,SSB_2,1,0,30,6,2,11,2.2,-112,-10,-6,1,11,9,14.72,11.78,50,9,88,87,29,EXEC_FAILURE,Fair,5
2026-07-01 13:00:00,UE01093,32.97051031898319,-96.97796602741559,SITE01,XYZ402,C,101,2.483,SSB_2,SSB_3,2,60,30,6,2,21,4.2,-112,-10,3,5,15,13,11.49,9.19,248,42,111,80,88,EXEC_FAILURE,Coverage_Hole,31
2026-07-01 14:00:00,UE01094,32.93025542618072,-96.95948644836976,SITE01,XYZ403,C,102,1.525,SSB_3,SSB_4,3,120,30,6,2,12,2.4,-98,-10,10,8,18,16,7.02,5.62,328,54,67,57,65,EXEC_FAILURE,Poor,58
2026-07-01 15:00:00,UE01095,32.92787500824903,-96.97416096246717,SITE01,XYZ401,C,100,0.808,SSB_4,SSB_5,4,180,30,6,2,2,0.4,-88,-10,13,9,19,17,6.42,5.14,370,83,64,42,54,PREP_FAILURE,Excellent,69
2026-07-01 16:00:00,UE01096,32.90324318841287,-96.95320310594069,SITE01,XYZ402,A,101,2.872,SSB_5,SSB_6,5,240,30,6,2,0,0.0,-116,-10,5,6,16,14,10.96,8.77,305,55,52,60,56,EXEC_FAILURE,Excellent,38
2026-07-01 17:00:00,UE01097,32.90581240121927,-97.00329049828329,SITE01,XYZ403,C,102,2.272,SSB_6,SSB_1,6,300,30,6,2,18,3.6,-108,-10,4,6,16,14,10.38,8.3,278,41,52,47,40,SUCCESS,Good,36
2026-07-01 18:00:00,UE01098,32.97011856824227,-96.9810790217227,SITE01,XYZ401,A,100,2.432,SSB_1,SSB_2,1,0,30,6,2,8,1.6,-105,-10,0,4,14,12,12.78,10.22,161,32,73,65,48,SUCCESS,Excellent,20
2026-07-01 19:00:00,UE01099,32.93905549224699,-96.97836085869011,SITE01,XYZ402,A,101,0.484,SSB_2,SSB_3,2,60,30,6,2,19,3.8,-87,-10,18,12,22,20,3.38,2.7,504,79,37,56,76,EXEC_FAILURE,Excellent,90
2026-07-01 20:00:00,UE01100,32.92244508734546,-97.01360128346653,SITE01,XYZ403,B,102,1.86,SSB_3,SSB_4,3,120,30,6,2,16,3.2,-108,-10,7,7,17,15,9.69,7.75,313,63,21,69,74,SUCCESS,Fair,46
2026-07-01 21:00:00,UE01101,32.93606193832598,-97.02083496687612,SITE01,XYZ401,C,100,2.065,SSB_4,SSB_5,4,180,30,6,2,1,0.2,-101,-10,2,5,15,13,10.42,8.34,229,34,35,69,66,SUCCESS,Fair,29
2026-07-01 22:00:00,UE01102,32.91664822110077,-97.0086105113436,SITE01,XYZ402,A,101,1.857,SSB_5,SSB_6,5,240,30,6,2,28,5.6,-94,-10,3,5,15,13,10.29,8.23,267,43,82,36,19,SUCCESS,Good,32
2026-07-01 23:00:00,UE01103,32.95219262225121,-96.96441239456418,SITE01,XYZ403,B,102,1.688,SSB_6,SSB_1,6,300,30,6,2,1,0.2,-89,-10,2,5,15,13,11.4,9.12,267,38,27,21,82,PREP_FAILURE,Fair,28
2026-07-01 00:00:00,UE01104,32.97187652608745,-96.98085916589137,SITE01,XYZ401,B,100,2.554,SSB_1,SSB_2,1,0,30,6,2,20,4.0,-108,-10,-3,3,13,11,12.37,9.9,124,23,52,36,36,EXEC_FAILURE,Coverage_Hole,11
2026-07-01 01:00:00,UE01105,32.95880155692731,-96.97330205233294,SITE01,XYZ402,A,101,1.779,SSB_2,SSB_3,2,60,30,6,2,25,5.0,-106,-10,11,9,19,17,7.29,5.83,381,77,95,34,51,SUCCESS,Poor,63
2026-07-01 02:00:00,UE01106,32.89756452007485,-96.99115650572996,SITE01,XYZ403,B,102,2.608,SSB_3,SSB_4,3,120,30,6,2,29,5.8,-116,-10,-2,3,13,11,13.52,10.82,114,22,38,25,82,PREP_FAILURE,Good,12
2026-07-01 03:00:00,UE01107,32.91448204108029,-96.98677770201,SITE01,XYZ401,C,100,1.421,SSB_4,SSB_5,4,180,30,6,2,30,6.0,-86,-10,11,9,19,17,6.12,4.9,481,71,71,70,38,PREP_FAILURE,Excellent,64
2026-07-01 04:00:00,UE01108,32.91876932195161,-96.94409601652497,SITE01,XYZ402,B,101,2.632,SSB_5,SSB_6,5,240,30,6,2,20,4.0,-111,-10,1,4,14,12,12.34,9.87,191,34,129,36,32,SUCCESS,Good,23
2026-07-01 05:00:00,UE01109,32.92390966094799,-96.95214426740631,SITE01,XYZ403,B,102,2.063,SSB_6,SSB_1,6,300,30,6,2,8,1.6,-105,-10,5,6,16,14,9.7,7.76,299,38,29,35,67,EXEC_FAILURE,Excellent,39
2026-07-01 06:00:00,UE01110,32.900303463143025,-97.01617080430722,SITE01,XYZ401,C,100,2.993,SSB_1,SSB_2,1,0,30,6,2,23,4.6,-118,-10,-2,3,13,11,12.92,10.34,148,26,50,39,63,EXEC_FAILURE,Excellent,13
2026-07-01 07:00:00,UE01111,32.90533008313018,-96.9763400908923,SITE01,XYZ402,C,101,2.113,SSB_2,SSB_3,2,60,30,6,2,23,4.6,-108,-10,5,6,16,14,10.29,8.23,282,42,109,36,26,PREP_FAILURE,Good,39
2026-07-01 08:00:00,UE01112,32.93396661808183,-96.95434790087518,SITE01,XYZ403,B,102,1.788,SSB_3,SSB_4,3,120,30,6,2,27,5.4,-104,-10,2,5,15,13,11.4,9.12,183,47,119,63,33,PREP_FAILURE,Fair,28
2026-07-01 09:00:00,UE01113,32.920273493013056,-96.992832955243,SITE01,XYZ401,B,100,1.11,SSB_4,SSB_5,4,180,30,6,2,34,6.8,-88,-10,13,9,19,17,7.1,5.68,390,81,73,58,71,EXEC_FAILURE,Fair,68
2026-07-01 10:00:00,UE01114,32.92135790589316,-97.02502026479799,SITE01,XYZ402,C,101,2.492,SSB_5,SSB_6,5,240,30,6,2,8,1.6,-115,-10,4,6,16,14,10.15,8.12,280,44,56,55,24,EXEC_FAILURE,Coverage_Hole,36
2026-07-01 11:00:00,UE01115,32.942616179891274,-96.95100541878108,SITE01,XYZ403,A,102,2.048,SSB_6,SSB_1,6,300,30,6,2,9,1.8,-106,-10,4,6,16,14,9.88,7.9,289,41,58,77,39,SUCCESS,Poor,37
2026-07-01 12:00:00,UE01116,32.96898983261299,-97.00878757121623,SITE01,XYZ401,C,100,2.712,SSB_1,SSB_2,1,0,30,6,2,22,4.4,-113,-10,0,4,14,12,11.3,9.04,149,31,50,68,62,EXEC_FAILURE,Fair,21
2026-07-01 13:00:00,UE01117,32.97433800595661,-96.96639534679355,SITE01,XYZ402,A,101,2.922,SSB_2,SSB_3,2,60,30,6,2,6,1.2,-118,-10,0,4,14,12,12.0,9.6,174,27,47,33,78,EXEC_FAILURE,Good,21
2026-07-01 14:00:00,UE01118,32.96072226623743,-97.00949796207847,SITE01,XYZ403,A,102,2.263,SSB_3,SSB_4,3,120,30,6,2,14,2.8,-102,-10,6,6,16,14,10.34,8.27,264,51,27,90,23,EXEC_FAILURE,Fair,41
2026-07-01 15:00:00,UE01119,32.93580736266279,-96.97484980074367,SITE01,XYZ401,A,100,0.602,SSB_4,SSB_5,4,180,30,6,2,2,0.4,-90,-10,15,10,20,18,5.15,4.12,400,81,64,77,67,EXEC_FAILURE,Fair,77
2026-07-01 16:00:00,UE01120,32.96530299315227,-96.96414617832876,SITE01,XYZ402,C,101,2.418,SSB_5,SSB_6,5,240,30,6,2,9,1.8,-110,-10,-2,3,13,11,13.31,10.65,115,20,111,50,23,SUCCESS,Excellent,12
2026-07-01 17:00:00,UE01121,32.90251266362195,-96.969301726195,SITE01,XYZ403,A,102,2.426,SSB_6,SSB_1,6,300,30,6,2,23,4.6,-107,-10,4,6,16,14,9.25,7.4,221,55,60,72,43,EXEC_FAILURE,Fair,37
2026-07-01 18:00:00,UE01122,32.96391639588065,-96.95152519607394,SITE01,XYZ401,C,100,2.788,SSB_1,SSB_2,1,0,30,6,2,0,0.0,-117,-10,1,4,14,12,12.19,9.75,182,34,81,25,69,PREP_FAILURE,Excellent,23
2026-07-01 19:00:00,UE01123,32.926618990188,-96.98471346587145,SITE01,XYZ402,C,101,0.582,SSB_2,SSB_3,2,60,30,6,2,15,3.0,-81,-10,20,12,22,20,4.17,3.34,587,93,32,90,61,PREP_FAILURE,Fair,94
2026-07-01 20:00:00,UE01124,32.938266292626636,-96.99679977951963,SITE01,XYZ403,C,102,0.708,SSB_3,SSB_4,3,120,30,6,2,8,1.6,-85,-10,11,9,19,17,6.89,5.51,327,58,63,55,68,EXEC_FAILURE,Excellent,63
2026-07-01 21:00:00,UE01125,32.935971501209586,-97.01148981856029,SITE01,XYZ401,B,100,1.524,SSB_4,SSB_5,4,180,30,6,2,29,5.8,-100,-10,13,9,19,17,7.9,6.32,475,57,46,85,65,EXEC_FAILURE,Fair,67
2026-07-01 22:00:00,UE01126,32.95843306174473,-96.97885479208063,SITE01,XYZ402,C,101,1.656,SSB_5,SSB_6,5,240,30,6,2,6,1.2,-99,-10,10,8,18,16,7.6,6.08,309,72,87,68,44,SUCCESS,Fair,58
2026-07-01 23:00:00,UE01127,32.9589771279646,-96.98366712276666,SITE01,XYZ403,A,102,1.654,SSB_6,SSB_1,6,300,30,6,2,3,0.6,-99,-10,15,10,20,18,6.05,4.84,526,65,90,84,76,SUCCESS,Good,76
2026-07-01 00:00:00,UE01128,32.89707774551764,-96.99370085845909,SITE01,XYZ401,C,100,2.665,SSB_1,SSB_2,1,0,30,6,2,28,5.6,-108,-10,1,4,14,12,11.88,9.5,183,35,99,70,59,PREP_FAILURE,Coverage_Hole,23
2026-07-01 01:00:00,UE01129,32.94895566348967,-96.93697268305785,SITE01,XYZ402,A,101,2.954,SSB_2,SSB_3,2,60,30,6,2,27,5.4,-117,-10,0,4,14,12,12.34,9.87,151,30,65,57,26,SUCCESS,Good,20
2026-07-01 02:00:00,UE01130,32.97586108114847,-96.97872112277,SITE01,XYZ403,C,102,2.842,SSB_3,SSB_4,3,120,30,6,2,12,2.4,-110,-10,-4,2,12,10,13.88,11.1,95,14,56,73,81,PREP_FAILURE,Fair,5
2026-07-01 03:00:00,UE01131,32.967236130934424,-97.01829264800367,SITE01,XYZ401,A,100,2.934,SSB_4,SSB_5,4,180,30,6,2,1,0.2,-117,-10,-6,1,11,9,15.94,12.75,42,7,23,39,77,PREP_FAILURE,Good,5
2026-07-01 04:00:00,UE01132,32.941503267166595,-96.99548744765059,SITE01,XYZ402,C,101,0.744,SSB_5,SSB_6,5,240,30,6,2,18,3.6,-86,-10,18,12,22,20,4.84,3.87,439,106,102,79,84,PREP_FAILURE,Fair,89
2026-07-01 05:00:00,UE01133,32.96211016586614,-97.00432933380226,SITE01,XYZ403,A,102,2.172,SSB_6,SSB_1,6,300,30,6,2,32,6.4,-108,-10,4,6,16,14,9.82,7.86,223,46,124,56,54,SUCCESS,Poor,37
2026-07-01 06:00:00,UE01134,32.94229745001063,-96.94129441421018,SITE01,XYZ401,C,100,2.592,SSB_1,SSB_2,1,0,30,6,2,15,3.0,-111,-10,0,4,14,12,11.78,9.42,199,31,32,75,35,EXEC_FAILURE,Excellent,21
2026-07-01 07:00:00,UE01135,32.96584553888341,-96.97751919604819,SITE01,XYZ402,B,101,2.172,SSB_2,SSB_3,2,60,30,6,2,10,2.0,-102,-10,3,5,15,13,10.72,8.58,263,42,55,81,66,PREP_FAILURE,Poor,31
2026-07-01 08:00:00,UE01136,32.917113707499034,-96.98451885504906,SITE01,XYZ403,B,102,1.237,SSB_3,SSB_4,3,120,30,6,2,10,2.0,-92,-10,11,9,19,17,6.87,5.5,451,84,119,72,75,EXEC_FAILURE,Coverage_Hole,63
2026-07-01 09:00:00,UE01137,32.92614667958627,-97.0189255392875,SITE01,XYZ401,A,100,2.047,SSB_4,SSB_5,4,180,30,6,2,10,2.0,-107,-10,10,8,18,16,7.28,5.82,380,70,79,53,23,SUCCESS,Coverage_Hole,58
2026-07-01 10:00:00,UE01138,32.957050448466475,-96.9997162022194,SITE01,XYZ402,C,101,1.736,SSB_5,SSB_6,5,240,30,6,2,5,1.0,-106,-10,10,8,18,16,7.95,6.36,409,59,18,20,48,SUCCESS,Excellent,58
2026-07-01 11:00:00,UE01139,32.933271885439844,-96.9374654907654,SITE01,XYZ403,B,102,2.767,SSB_6,SSB_1,6,300,30,6,2,20,4.0,-115,-10,-8,1,11,9,15.07,12.06,47,6,109,77,78,PREP_FAILURE,Good,5
2026-07-01 12:00:00,UE01140,32.924091264398704,-97.01282783123062,SITE01,XYZ401,B,100,1.769,SSB_1,SSB_2,1,0,30,6,2,28,5.6,-103,-10,2,5,15,13,10.77,8.62,248,46,125,41,22,EXEC_FAILURE,Excellent,29
2026-07-01 13:00:00,UE01141,32.938125357670096,-96.96612222235677,SITE01,XYZ402,C,101,1.125,SSB_2,SSB_3,2,60,30,6,2,16,3.2,-95,-10,12,9,19,17,6.93,5.54,391,80,110,33,71,SUCCESS,Good,66
2026-07-01 14:00:00,UE01142,32.901607579279855,-97.01143744559975,SITE01,XYZ403,B,102,2.762,SSB_3,SSB_4,3,120,30,6,2,23,4.6,-110,-10,2,5,15,13,10.43,8.34,190,38,118,76,87,EXEC_FAILURE,Excellent,29
2026-07-01 15:00:00,UE01143,32.957994426786165,-97.02143208027698,SITE01,XYZ401,B,100,2.629,SSB_4,SSB_5,4,180,30,6,2,10,2.0,-110,-10,3,5,15,13,11.03,8.82,243,38,26,79,66,SUCCESS,Fair,31
2026-07-01 16:00:00,UE01144,32.97429683847577,-96.96438020755365,SITE01,XYZ402,A,101,2.965,SSB_5,SSB_6,5,240,30,6,2,1,0.2,-118,-10,0,4,14,12,12.18,9.74,192,27,86,81,73,SUCCESS,Excellent,20
2026-07-01 17:00:00,UE01145,32.943702678603735,-96.95806782764222,SITE01,XYZ403,B,102,1.681,SSB_6,SSB_1,6,300,30,6,2,22,4.4,-97,-10,13,9,19,17,6.63,5.3,407,64,124,33,31,SUCCESS,Good,68
2026-07-01 18:00:00,UE01146,32.91908124483642,-96.96628527747592,SITE01,XYZ401,C,100,1.553,SSB_1,SSB_2,1,0,30,6,2,15,3.0,-98,-10,14,10,20,18,6.28,5.02,434,73,87,41,78,EXEC_FAILURE,Poor,73
2026-07-01 19:00:00,UE01147,32.950483170386924,-97.01583089081092,SITE01,XYZ402,C,101,2.069,SSB_2,SSB_3,2,60,30,6,2,0,0.0,-100,-10,8,7,17,15,8.43,6.74,376,63,58,39,84,PREP_FAILURE,Good,50
2026-07-01 20:00:00,UE01148,32.940298914612306,-96.96476716452194,SITE01,XYZ403,A,102,1.238,SSB_3,SSB_4,3,120,30,6,2,15,3.0,-93,-10,10,8,18,16,7.42,5.94,378,53,72,66,80,SUCCESS,Good,58
2026-07-01 21:00:00,UE01149,32.931385031361074,-96.99487902677438,SITE01,XYZ401,B,100,0.614,SSB_4,SSB_5,4,180,30,6,2,26,5.2,-83,-10,11,9,19,17,7.87,6.3,373,59,53,70,33,PREP_FAILURE,Poor,62
2026-07-01 22:00:00,UE01150,32.94744793175605,-96.94588526802009,SITE01,XYZ402,B,101,2.433,SSB_5,SSB_6,5,240,30,6,2,11,2.2,-113,-10,0,4,14,12,11.77,9.42,158,33,28,92,83,SUCCESS,Excellent,21
2026-07-01 23:00:00,UE01151,32.93416608387681,-96.9529377427668,SITE01,XYZ403,A,102,1.869,SSB_6,SSB_1,6,300,30,6,2,7,1.4,-97,-10,5,6,16,14,10.93,8.74,284,53,88,53,60,SUCCESS,Excellent,38
2026-07-01 00:00:00,UE01152,32.95017534580395,-96.93964731426978,SITE01,XYZ401,A,100,2.837,SSB_1,SSB_2,1,0,30,6,2,7,1.4,-111,-10,-6,1,11,9,14.19,11.35,42,7,66,65,39,PREP_FAILURE,Good,5
2026-07-01 01:00:00,UE01153,32.90515217104238,-96.99814606850725,SITE01,XYZ402,B,101,2.194,SSB_2,SSB_3,2,60,30,6,2,17,3.4,-111,-10,4,6,16,14,9.62,7.7,302,48,124,68,30,SUCCESS,Good,37
2026-07-01 02:00:00,UE01154,32.95654695647698,-96.96306107126487,SITE01,XYZ403,B,102,1.961,SSB_3,SSB_4,3,120,30,6,2,8,1.6,-110,-10,-1,3,13,11,13.1,10.48,113,28,70,63,73,EXEC_FAILURE,Poor,15
2026-07-01 03:00:00,UE01155,32.897046807482674,-96.9899557985044,SITE01,XYZ401,B,100,2.636,SSB_4,SSB_5,4,180,30,6,2,26,5.2,-107,-10,2,5,15,13,10.05,8.04,231,46,115,58,27,PREP_FAILURE,Coverage_Hole,29
2026-07-01 04:00:00,UE01156,32.93985216885893,-96.94960123236675,SITE01,XYZ402,B,101,2.088,SSB_5,SSB_6,5,240,30,6,2,27,5.4,-103,-10,4,6,16,14,9.82,7.86,289,57,31,78,66,SUCCESS,Good,37
2026-07-01 05:00:00,UE01157,32.90489597858743,-97.02140486797859,SITE01,XYZ403,B,102,2.953,SSB_6,SSB_1,6,300,30,6,2,16,3.2,-121,-10,-3,3,13,11,12.77,10.22,158,27,57,88,73,SUCCESS,Coverage_Hole,10
2026-07-01 06:00:00,UE01158,32.90497890301572,-96.9600083952092,SITE01,XYZ401,C,100,2.536,SSB_1,SSB_2,1,0,30,6,2,22,4.4,-111,-10,-3,3,13,11,12.45,9.96,160,22,83,25,79,EXEC_FAILURE,Poor,11
2026-07-01 07:00:00,UE01159,32.92419127216493,-96.99010374207708,SITE01,XYZ402,C,101,0.8,SSB_2,SSB_3,2,60,30,6,2,13,2.6,-85,-10,13,9,19,17,7.34,5.87,481,64,97,53,74,SUCCESS,Poor,68
2026-07-01 08:00:00,UE01160,32.916131145313635,-96.95890684762571,SITE01,XYZ403,B,102,2.005,SSB_3,SSB_4,3,120,30,6,2,19,3.8,-104,-10,4,6,16,14,9.67,7.74,216,44,70,41,87,SUCCESS,Excellent,37
2026-07-01 09:00:00,UE01161,32.90601567109269,-96.98936974046899,SITE01,XYZ401,C,100,2.017,SSB_4,SSB_5,4,180,30,6,2,2,0.4,-106,-10,9,8,18,16,8.4,6.72,350,61,80,22,70,EXEC_FAILURE,Excellent,55
2026-07-01 10:00:00,UE01162,32.93583420665305,-96.94353330803695,SITE01,XYZ402,A,101,2.414,SSB_5,SSB_6,5,240,30,6,2,20,4.0,-103,-10,0,4,14,12,12.78,10.22,166,28,86,41,68,SUCCESS,Excellent,20
2026-07-01 11:00:00,UE01163,32.91775717961771,-96.97343106037447,SITE01,XYZ403,B,102,1.373,SSB_6,SSB_1,6,300,30,6,2,9,1.8,-97,-10,11,9,19,17,6.78,5.42,375,61,113,68,85,PREP_FAILURE,Fair,63
2026-07-01 12:00:00,UE01164,32.97265641058145,-96.97892595024238,SITE01,XYZ401,C,100,2.621,SSB_1,SSB_2,1,0,30,6,2,28,5.6,-119,-10,0,4,14,12,11.23,8.98,207,28,88,31,39,SUCCESS,Coverage_Hole,21
2026-07-01 13:00:00,UE01165,32.902671394337524,-96.97699686809966,SITE01,XYZ402,A,101,2.283,SSB_2,SSB_3,2,60,30,6,2,31,6.2,-104,-10,2,5,15,13,10.87,8.7,186,47,92,32,70,SUCCESS,Fair,29
2026-07-01 14:00:00,UE01166,32.92582749939709,-96.96559103319059,SITE01,XYZ403,A,102,1.301,SSB_3,SSB_4,3,120,30,6,2,21,4.2,-89,-10,5,6,16,14,10.84,8.67,258,39,57,74,54,PREP_FAILURE,Good,38
2026-07-01 15:00:00,UE01167,32.905813422520424,-96.98663646098623,SITE01,XYZ401,A,100,2.018,SSB_4,SSB_5,4,180,30,6,2,14,2.8,-103,-10,0,4,14,12,12.48,9.98,187,30,67,36,78,SUCCESS,Excellent,20
2026-07-01 16:00:00,UE01168,32.93282021888468,-97.02221090666684,SITE01,XYZ402,C,101,2.149,SSB_5,SSB_6,5,240,30,6,2,29,5.8,-102,-10,13,9,19,17,6.53,5.22,475,70,100,48,39,PREP_FAILURE,Good,68
2026-07-01 17:00:00,UE01169,32.910854510125084,-97.02590096403729,SITE01,XYZ403,B,102,2.888,SSB_6,SSB_1,6,300,30,6,2,15,3.0,-120,-10,2,5,15,13,10.48,8.38,200,47,34,83,47,SUCCESS,Coverage_Hole,29
2026-07-01 18:00:00,UE01170,32.907457424777974,-96.97500072717007,SITE01,XYZ401,B,100,1.993,SSB_1,SSB_2,1,0,30,6,2,20,4.0,-102,-10,0,4,14,12,11.3,9.04,200,29,38,72,64,EXEC_FAILURE,Fair,21
2026-07-01 19:00:00,UE01171,32.92453858076804,-96.97415410674154,SITE01,XYZ402,C,101,0.966,SSB_2,SSB_3,2,60,30,6,2,0,0.0,-92,-10,18,12,22,20,3.66,2.93,520,99,125,36,22,PREP_FAILURE,Good,90
2026-07-01 20:00:00,UE01172,32.908527125117025,-97.02241045746794,SITE01,XYZ403,C,102,2.826,SSB_3,SSB_4,3,120,30,6,2,29,5.8,-117,-10,1,4,14,12,11.29,9.03,167,31,82,95,87,EXEC_FAILURE,Coverage_Hole,24
2026-07-01 21:00:00,UE01173,32.89697321457521,-97.00330923869654,SITE01,XYZ401,B,100,2.828,SSB_4,SSB_5,4,180,30,6,2,26,5.2,-118,-10,6,6,16,14,10.1,8.08,237,48,49,93,88,PREP_FAILURE,Good,41
2026-07-01 22:00:00,UE01174,32.91325077688036,-96.98514805442346,SITE01,XYZ402,C,101,1.503,SSB_5,SSB_6,5,240,30,6,2,2,0.4,-96,-10,14,10,20,18,5.17,4.14,393,71,97,76,79,SUCCESS,Excellent,74
2026-07-01 23:00:00,UE01175,32.940391483702165,-96.97334492898864,SITE01,XYZ403,A,102,0.78,SSB_6,SSB_1,6,300,30,6,2,10,2.0,-88,-10,16,11,21,19,5.73,4.58,564,88,37,52,55,PREP_FAILURE,Coverage_Hole,81
2026-07-01 00:00:00,UE01176,32.95151115845855,-96.99525817454226,SITE01,XYZ401,C,100,1.277,SSB_1,SSB_2,1,0,30,6,2,9,1.8,-94,-10,8,7,17,15,8.63,6.9,286,59,83,28,83,SUCCESS,Fair,50
2026-07-01 01:00:00,UE01177,32.94274591112185,-96.99033810948215,SITE01,XYZ402,B,101,0.609,SSB_2,SSB_3,2,60,30,6,2,18,3.6,-81,-10,18,12,22,20,3.77,3.02,533,110,69,30,31,PREP_FAILURE,Coverage_Hole,90
2026-07-01 02:00:00,UE01178,32.92800532093007,-97.00608315357715,SITE01,XYZ403,C,102,1.303,SSB_3,SSB_4,3,120,30,6,2,20,4.0,-95,-10,8,7,17,15,9.33,7.46,348,54,60,54,22,PREP_FAILURE,Poor,49
2026-07-01 03:00:00,UE01179,32.92726295918761,-97.00223188915125,SITE01,XYZ401,B,100,1.123,SSB_4,SSB_5,4,180,30,6,2,20,4.0,-94,-10,8,7,17,15,8.03,6.42,271,46,102,51,59,SUCCESS,Good,50
2026-07-01 04:00:00,UE01180,32.91493085136478,-96.95810377879148,SITE01,XYZ402,B,101,2.095,SSB_5,SSB_6,5,240,30,6,2,9,1.8,-105,-10,-2,3,13,11,12.15,9.72,144,22,117,55,48,PREP_FAILURE,Excellent,13
2026-07-01 05:00:00,UE01181,32.92189573125912,-97.01365119792948,SITE01,XYZ403,C,102,1.881,SSB_6,SSB_1,6,300,30,6,2,5,1.0,-112,-10,4,6,16,14,9.24,7.39,242,40,32,37,70,EXEC_FAILURE,Fair,37
2026-07-01 06:00:00,UE01182,32.92830502893561,-96.99705614556717,SITE01,XYZ401,B,100,0.829,SSB_1,SSB_2,1,0,30,6,2,6,1.2,-93,-10,14,10,20,18,6.87,5.5,532,91,41,64,49,PREP_FAILURE,Coverage_Hole,73
2026-07-01 07:00:00,UE01183,32.91465845196388,-96.98923150254925,SITE01,XYZ402,C,101,1.425,SSB_2,SSB_3,2,60,30,6,2,16,3.2,-97,-10,6,6,16,14,10.12,8.1,264,39,122,65,43,PREP_FAILURE,Coverage_Hole,41
2026-07-01 08:00:00,UE01184,32.96623247844479,-96.95458470424222,SITE01,XYZ403,A,102,2.789,SSB_3,SSB_4,3,120,30,6,2,30,6.0,-118,-10,-2,3,13,11,12.82,10.26,114,23,66,53,49,EXEC_FAILURE,Excellent,13
2026-07-01 09:00:00,UE01185,32.93237857064674,-96.9550556035309,SITE01,XYZ401,B,100,1.755,SSB_4,SSB_5,4,180,30,6,2,16,3.2,-105,-10,4,6,16,14,10.64,8.51,292,57,103,67,22,SUCCESS,Coverage_Hole,36
2026-07-01 10:00:00,UE01186,32.94262637686149,-96.9816452723745,SITE01,XYZ402,A,101,0.563,SSB_5,SSB_6,5,240,30,6,2,11,2.2,-88,-10,16,11,21,19,5.19,4.15,524,83,61,33,15,SUCCESS,Excellent,81
2026-07-01 11:00:00,UE01187,32.96300487036402,-96.99201823410833,SITE01,XYZ403,A,102,1.97,SSB_6,SSB_1,6,300,30,6,2,34,6.8,-108,-10,8,7,17,15,9.47,7.58,293,47,33,96,82,EXEC_FAILURE,Good,49
2026-07-01 12:00:00,UE01188,32.91916169394447,-96.95911227575105,SITE01,XYZ401,C,100,1.866,SSB_1,SSB_2,1,0,30,6,2,15,3.0,-102,-10,6,6,16,14,10.61,8.49,302,56,62,24,50,SUCCESS,Coverage_Hole,41
2026-07-01 13:00:00,UE01189,32.91218967999056,-96.98887284432683,SITE01,XYZ402,C,101,1.591,SSB_2,SSB_3,2,60,30,6,2,0,0.0,-102,-10,6,6,16,14,9.18,7.34,232,53,17,40,44,EXEC_FAILURE,Coverage_Hole,42
2026-07-01 14:00:00,UE01190,32.96496049008845,-97.01410564437049,SITE01,XYZ403,A,102,2.658,SSB_3,SSB_4,3,120,30,6,2,30,6.0,-121,-10,2,5,15,13,11.21,8.97,188,32,73,55,87,EXEC_FAILURE,Coverage_Hole,28
2026-07-01 15:00:00,UE01191,32.91748017042468,-96.99148231924667,SITE01,XYZ401,C,100,1.265,SSB_4,SSB_5,4,180,30,6,2,9,1.8,-92,-10,10,8,18,16,7.57,6.06,404,56,109,55,24,PREP_FAILURE,Poor,58
2026-07-01 16:00:00,UE01192,32.97254707027319,-97.00326083406517,SITE01,XYZ402,C,101,2.792,SSB_5,SSB_6,5,240,30,6,2,31,6.2,-116,-10,-4,2,12,10,14.66,11.73,104,13,67,39,22,PREP_FAILURE,Fair,5
2026-07-01 17:00:00,UE01193,32.9114940296254,-97.00008964719683,SITE01,XYZ403,C,102,1.839,SSB_6,SSB_1,6,300,30,6,2,14,2.8,-103,-10,6,6,16,14,10.99,8.79,274,47,28,58,77,SUCCESS,Poor,41
2026-07-01 18:00:00,UE01194,32.9724478343609,-96.99884042387447,SITE01,XYZ401,A,100,2.699,SSB_1,SSB_2,1,0,30,6,2,28,5.6,-117,-10,-1,3,13,11,12.65,10.12,139,22,60,34,73,PREP_FAILURE,Excellent,15
2026-07-01 19:00:00,UE01195,32.95766362929021,-96.95707474889778,SITE01,XYZ402,B,101,2.256,SSB_2,SSB_3,2,60,30,6,2,24,4.8,-99,-10,3,5,15,13,11.68,9.34,264,37,28,62,42,PREP_FAILURE,Fair,30
2026-07-01 20:00:00,UE01196,32.91295712639877,-96.96503951466327,SITE01,XYZ403,B,102,1.919,SSB_3,SSB_4,3,120,30,6,2,8,1.6,-100,-10,3,5,15,13,11.25,9.0,193,37,35,77,48,EXEC_FAILURE,Coverage_Hole,31
2026-07-01 21:00:00,UE01197,32.8954387044431,-96.96958950018691,SITE01,XYZ401,A,100,2.878,SSB_4,SSB_5,4,180,30,6,2,8,1.6,-109,-10,-1,3,13,11,13.39,10.71,156,26,35,41,68,SUCCESS,Fair,15
2026-07-01 22:00:00,UE01198,32.93714124548166,-96.93759833292678,SITE01,XYZ402,A,101,2.761,SSB_5,SSB_6,5,240,30,6,2,15,3.0,-116,-10,0,4,14,12,12.93,10.34,169,36,55,84,83,SUCCESS,Poor,20
2026-07-01 23:00:00,UE01199,32.925496051977824,-96.99386057805638,SITE01,XYZ403,A,102,0.828,SSB_6,SSB_1,6,300,30,6,2,24,4.8,-92,-10,16,11,21,19,4.02,3.22,429,99,92,43,89,SUCCESS,Poor,82
2026-07-01 00:00:00,UE01200,32.934106428130576,-97.03102044657072,SITE01,XYZ401,A,100,2.654,SSB_1,SSB_2,1,0,30,6,2,33,6.6,-112,-10,-4,2,12,10,14.29,11.43,78,19,95,72,47,EXEC_FAILURE,Excellent,5
2026-07-01 01:00:00,UE01201,32.92146482289583,-96.95374732297482,SITE01,XYZ402,C,101,2.048,SSB_2,SSB_3,2,60,30,6,2,3,0.6,-113,-10,2,5,15,13,10.68,8.54,210,32,120,33,61,EXEC_FAILURE,Good,29
2026-07-01 02:00:00,UE01202,32.92011085032514,-97.00237032119051,SITE01,XYZ403,B,102,1.431,SSB_3,SSB_4,3,120,30,6,2,5,1.0,-97,-10,9,8,18,16,8.29,6.63,420,60,111,42,88,SUCCESS,Poor,55
2026-07-01 03:00:00,UE01203,32.92117679578484,-97.01698788594706,SITE01,XYZ401,B,100,2.074,SSB_4,SSB_5,4,180,30,6,2,4,0.8,-104,-10,4,6,16,14,10.65,8.52,244,52,65,48,62,PREP_FAILURE,Coverage_Hole,36
2026-07-01 04:00:00,UE01204,32.93016886673486,-96.99386783862487,SITE01,XYZ402,A,101,0.604,SSB_5,SSB_6,5,240,30,6,2,27,5.4,-84,-10,19,12,22,20,4.66,3.73,475,110,94,28,89,PREP_FAILURE,Fair,91
2026-07-01 05:00:00,UE01205,32.92683224358584,-97.03134859439093,SITE01,XYZ403,B,102,2.732,SSB_6,SSB_1,6,300,30,6,2,9,1.8,-114,-10,-1,3,13,11,13.26,10.61,136,22,61,32,41,PREP_FAILURE,Good,15
2026-07-01 06:00:00,UE01206,32.89676089782582,-96.99374800714811,SITE01,XYZ401,B,100,2.687,SSB_1,SSB_2,1,0,30,6,2,32,6.4,-109,-10,4,6,16,14,9.31,7.45,307,42,21,34,40,EXEC_FAILURE,Fair,37
2026-07-01 07:00:00,UE01207,32.95348051042818,-96.96345166311427,SITE01,XYZ402,B,101,1.791,SSB_2,SSB_3,2,60,30,6,2,14,2.8,-101,-10,5,6,16,14,9.04,7.23,227,45,56,69,32,PREP_FAILURE,Fair,40
2026-07-01 08:00:00,UE01208,32.902631671112296,-96.97141112411097,SITE01,XYZ403,A,102,2.374,SSB_3,SSB_4,3,120,30,6,2,13,2.6,-108,-10,0,4,14,12,11.33,9.06,149,34,63,86,23,SUCCESS,Excellent,21
2026-07-01 09:00:00,UE01209,32.916988289231874,-96.96093135563082,SITE01,XYZ401,A,100,1.878,SSB_4,SSB_5,4,180,30,6,2,19,3.8,-100,-10,6,6,16,14,10.8,8.64,266,51,62,60,73,SUCCESS,Fair,41
2026-07-01 10:00:00,UE01210,32.91684441996383,-96.95863278644092,SITE01,XYZ402,A,101,1.986,SSB_5,SSB_6,5,240,30,6,2,17,3.4,-110,-10,6,6,16,14,10.98,8.78,270,42,86,61,18,SUCCESS,Poor,41
2026-07-01 11:00:00,UE01211,32.946146034763146,-97.0099656950528,SITE01,XYZ403,B,102,1.626,SSB_6,SSB_1,6,300,30,6,2,9,1.8,-96,-10,9,8,18,16,8.26,6.61,394,72,52,63,88,PREP_FAILURE,Excellent,55
2026-07-01 12:00:00,UE01212,32.93393577566283,-97.0000196066703,SITE01,XYZ401,B,100,0.861,SSB_1,SSB_2,1,0,30,6,2,1,0.2,-87,-10,15,10,20,18,5.37,4.3,469,70,77,28,74,PREP_FAILURE,Fair,77
2026-07-01 13:00:00,UE01213,32.92623674557799,-97.02180923172077,SITE01,XYZ402,A,101,2.205,SSB_2,SSB_3,2,60,30,6,2,30,6.0,-102,-10,1,4,14,12,12.24,9.79,177,28,125,76,68,EXEC_FAILURE,Fair,23
2026-07-01 14:00:00,UE01214,32.91309629569027,-97.02804418320163,SITE01,XYZ403,A,102,2.906,SSB_3,SSB_4,3,120,30,6,2,23,4.6,-114,-10,0,4,14,12,11.76,9.41,178,27,69,44,23,EXEC_FAILURE,Excellent,21
2026-07-01 15:00:00,UE01215,32.94701481312261,-96.97986549572144,SITE01,XYZ401,A,100,0.882,SSB_4,SSB_5,4,180,30,6,2,2,0.4,-92,-10,7,7,17,15,9.22,7.38,252,66,96,36,67,PREP_FAILURE,Fair,47
2026-07-01 16:00:00,UE01216,32.96130396805842,-97.02597317927889,SITE01,XYZ402,B,101,2.977,SSB_5,SSB_6,5,240,30,6,2,6,1.2,-123,-10,-3,3,13,11,12.42,9.94,116,24,36,93,60,SUCCESS,Poor,11
2026-07-01 17:00:00,UE01217,32.934116128512684,-97.02988037844243,SITE01,XYZ403,C,102,2.588,SSB_6,SSB_1,6,300,30,6,2,5,1.0,-107,-10,4,6,16,14,9.49,7.59,218,53,27,38,47,PREP_FAILURE,Excellent,37
2026-07-01 18:00:00,UE01218,32.897441226207114,-96.97677566410204,SITE01,XYZ401,A,100,2.64,SSB_1,SSB_2,1,0,30,6,2,33,6.6,-109,-10,-2,3,13,11,13.6,10.88,118,22,21,65,71,PREP_FAILURE,Poor,12
2026-07-01 19:00:00,UE01219,32.914131258463,-96.98755361276477,SITE01,XYZ402,C,101,1.449,SSB_2,SSB_3,2,60,30,6,2,2,0.4,-100,-10,8,7,17,15,8.91,7.13,362,57,27,53,79,EXEC_FAILURE,Excellent,50
2026-07-01 20:00:00,UE01220,32.92535245200734,-96.98516887995287,SITE01,XYZ403,A,102,0.668,SSB_3,SSB_4,3,120,30,6,2,22,4.4,-85,-10,15,10,20,18,5.8,4.64,474,91,99,75,31,PREP_FAILURE,Poor,76
2026-07-01 21:00:00,UE01221,32.90792207951505,-97.01201353497002,SITE01,XYZ401,B,100,2.431,SSB_4,SSB_5,4,180,30,6,2,0,0.0,-106,-10,5,6,16,14,9.23,7.38,247,40,126,46,16,PREP_FAILURE,Fair,40
2026-07-01 22:00:00,UE01222,32.899555642645716,-97.01360680013045,SITE01,XYZ402,C,101,2.949,SSB_5,SSB_6,5,240,30,6,2,24,4.8,-119,-10,0,4,14,12,11.42,9.14,200,34,53,40,69,SUCCESS,Good,21
2026-07-01 23:00:00,UE01223,32.96787054195624,-96.98584930119351,SITE01,XYZ403,B,102,2.266,SSB_6,SSB_1,6,300,30,6,2,27,5.4,-108,-10,4,6,16,14,9.91,7.93,265,46,64,56,34,SUCCESS,Fair,37
2026-07-01 00:00:00,UE01224,32.91717092507105,-97.00643709689362,SITE01,XYZ401,C,100,1.741,SSB_1,SSB_2,1,0,30,6,2,13,2.6,-110,-10,7,7,17,15,9.76,7.81,266,55,106,63,56,SUCCESS,Poor,46
2026-07-01 01:00:00,UE01225,32.957797966464184,-97.00560683889037,SITE01,XYZ402,A,101,1.965,SSB_2,SSB_3,2,60,30,6,2,18,3.6,-108,-10,3,5,15,13,11.88,9.5,252,45,90,44,79,SUCCESS,Excellent,30
2026-07-01 02:00:00,UE01226,32.93742960253188,-96.93970993903582,SITE01,XYZ403,A,102,2.64,SSB_3,SSB_4,3,120,30,6,2,29,5.8,-116,-10,2,5,15,13,10.79,8.63,268,35,79,22,36,PREP_FAILURE,Excellent,29
2026-07-01 03:00:00,UE01227,32.9499710361771,-97.02454891648425,SITE01,XYZ401,B,100,2.501,SSB_4,SSB_5,4,180,30,6,2,8,1.6,-113,-10,1,4,14,12,12.24,9.79,147,33,76,28,23,SUCCESS,Fair,23
2026-07-01 04:00:00,UE01228,32.93092325448992,-96.95714950853996,SITE01,XYZ402,C,101,1.649,SSB_5,SSB_6,5,240,30,6,2,12,2.4,-98,-10,4,6,16,14,9.32,7.46,322,47,81,75,55,EXEC_FAILURE,Excellent,37
2026-07-01 05:00:00,UE01229,32.93039473259665,-96.93965677459884,SITE01,XYZ403,C,102,2.657,SSB_6,SSB_1,6,300,30,6,2,20,4.0,-118,-10,2,5,15,13,11.17,8.94,234,33,129,53,72,EXEC_FAILURE,Good,28
2026-07-01 06:00:00,UE01230,32.910102332096564,-96.96852847027182,SITE01,XYZ401,B,100,1.973,SSB_1,SSB_2,1,0,30,6,2,20,4.0,-103,-10,3,5,15,13,11.1,8.88,187,47,18,27,75,SUCCESS,Good,31
2026-07-01 07:00:00,UE01231,32.95139161205119,-96.9941932142857,SITE01,XYZ402,C,101,1.243,SSB_2,SSB_3,2,60,30,6,2,6,1.2,-90,-10,14,10,20,18,5.47,4.38,518,81,98,22,60,PREP_FAILURE,Good,74
2026-07-01 08:00:00,UE01232,32.96908775064514,-97.00661966129033,SITE01,XYZ403,B,102,2.657,SSB_3,SSB_4,3,120,30,6,2,30,6.0,-112,-10,-7,1,11,9,14.73,11.78,40,8,59,81,28,PREP_FAILURE,Poor,5
2026-07-01 09:00:00,UE01233,32.91926719684369,-97.02442800952973,SITE01,XYZ401,C,100,2.519,SSB_4,SSB_5,4,180,30,6,2,15,3.0,-115,-10,1,4,14,12,12.67,10.14,174,28,22,86,33,PREP_FAILURE,Excellent,22
2026-07-01 10:00:00,UE01234,32.91479996839997,-97.02600085225527,SITE01,XYZ402,A,101,2.744,SSB_5,SSB_6,5,240,30,6,2,23,4.6,-116,-10,-1,3,13,11,12.03,9.62,113,22,62,89,21,PREP_FAILURE,Fair,16
2026-07-01 11:00:00,UE01235,32.93386102296446,-97.02716522243534,SITE01,XYZ403,C,102,2.431,SSB_6,SSB_1,6,300,30,6,2,29,5.8,-113,-10,1,4,14,12,12.54,10.03,147,34,87,22,62,EXEC_FAILURE,Coverage_Hole,22
2026-07-01 12:00:00,UE01236,32.929419624733974,-97.00005980477151,SITE01,XYZ401,B,100,0.944,SSB_1,SSB_2,1,0,30,6,2,15,3.0,-93,-10,9,8,18,16,8.29,6.63,350,57,113,27,16,EXEC_FAILURE,Excellent,55
2026-07-01 13:00:00,UE01237,32.94230658133253,-97.00667778584528,SITE01,XYZ402,A,101,1.341,SSB_2,SSB_3,2,60,30,6,2,19,3.8,-97,-10,9,8,18,16,7.73,6.18,414,54,31,93,36,PREP_FAILURE,Fair,55
2026-07-01 14:00:00,UE01238,32.95690255903313,-96.96309938176856,SITE01,XYZ403,A,102,1.979,SSB_3,SSB_4,3,120,30,6,2,17,3.4,-103,-10,4,6,16,14,10.77,8.62,241,40,125,87,26,SUCCESS,Excellent,36
2026-07-01 15:00:00,UE01239,32.92676949395769,-97.02675867437749,SITE01,XYZ401,A,100,2.473,SSB_4,SSB_5,4,180,30,6,2,23,4.6,-109,-10,2,5,15,13,11.15,8.92,187,36,53,89,18,PREP_FAILURE,Poor,28
2026-07-01 16:00:00,UE01240,32.955365263619534,-96.96015509168264,SITE01,XYZ402,C,101,2.018,SSB_5,SSB_6,5,240,30,6,2,26,5.2,-103,-10,9,8,18,16,8.8,7.04,359,75,34,32,77,SUCCESS,Excellent,54
2026-07-01 17:00:00,UE01241,32.92917986745299,-97.02434899594613,SITE01,XYZ403,B,102,2.303,SSB_6,SSB_1,6,300,30,6,2,30,6.0,-110,-10,4,6,16,14,9.89,7.91,235,51,97,56,87,SUCCESS,Poor,37
2026-07-01 18:00:00,UE01242,32.95792623626754,-96.9967085845938,SITE01,XYZ401,B,100,1.714,SSB_1,SSB_2,1,0,30,6,2,4,0.8,-105,-10,1,4,14,12,12.59,10.07,150,27,110,25,28,PREP_FAILURE,Poor,22
2026-07-01 19:00:00,UE01243,32.94352650230727,-97.00352409959851,SITE01,XYZ402,A,101,1.212,SSB_2,SSB_3,2,60,30,6,2,19,3.8,-97,-10,6,6,16,14,10.36,8.29,254,50,33,36,79,EXEC_FAILURE,Poor,41
2026-07-01 20:00:00,UE01244,32.94566683950256,-96.94216080712265,SITE01,XYZ403,B,102,2.598,SSB_3,SSB_4,3,120,30,6,2,23,4.6,-116,-10,4,6,16,14,10.02,8.02,316,39,125,24,67,PREP_FAILURE,Good,36
2026-07-01 21:00:00,UE01245,32.9199740929675,-96.9886458249901,SITE01,XYZ401,B,100,1.058,SSB_4,SSB_5,4,180,30,6,2,19,3.8,-96,-10,12,9,19,17,7.96,6.37,383,75,46,68,62,PREP_FAILURE,Excellent,65
2026-07-01 22:00:00,UE01246,32.95571876855459,-96.99203048110223,SITE01,XYZ402,A,101,1.481,SSB_5,SSB_6,5,240,30,6,2,5,1.0,-99,-10,9,8,18,16,7.68,6.14,372,59,37,26,75,SUCCESS,Coverage_Hole,55
2026-07-01 23:00:00,UE01247,32.93815988551508,-96.93543320476088,SITE01,XYZ403,C,102,2.89,SSB_6,SSB_1,6,300,30,6,2,24,4.8,-117,-10,-2,3,13,11,13.76,11.01,116,27,59,31,18,PREP_FAILURE,Good,12
2026-07-01 00:00:00,UE01248,32.929256654223515,-96.98060502031377,SITE01,XYZ401,A,100,0.48,SSB_1,SSB_2,1,0,30,6,2,34,6.8,-84,-10,17,11,21,19,4.35,3.48,445,101,91,61,68,PREP_FAILURE,Good,85
2026-07-01 01:00:00,UE01249,32.941294277656745,-96.9883879545544,SITE01,XYZ402,B,101,0.47,SSB_2,SSB_3,2,60,30,6,2,25,5.0,-85,-10,17,11,21,19,4.56,3.65,436,103,54,85,82,PREP_FAILURE,Poor,84
2026-07-01 02:00:00,UE01250,32.925066031257145,-96.98952171004628,SITE01,XYZ403,A,102,0.732,SSB_3,SSB_4,3,120,30,6,2,22,4.4,-86,-10,20,12,22,20,3.53,2.82,576,90,16,78,30,PREP_FAILURE,Coverage_Hole,95
2026-07-01 03:00:00,UE01251,32.95917493776922,-97.00112487522244,SITE01,XYZ401,A,100,1.904,SSB_4,SSB_5,4,180,30,6,2,16,3.2,-107,-10,2,5,15,13,10.13,8.1,235,45,37,68,75,SUCCESS,Coverage_Hole,29
2026-07-01 04:00:00,UE01252,32.91961180546662,-96.95245360565181,SITE01,XYZ402,B,101,2.175,SSB_5,SSB_6,5,240,30,6,2,29,5.8,-106,-10,8,7,17,15,9.22,7.38,301,66,56,42,17,SUCCESS,Fair,49
2026-07-01 05:00:00,UE01253,32.93535738780078,-97.03408050304245,SITE01,XYZ403,C,102,2.831,SSB_6,SSB_1,6,300,30,6,2,30,6.0,-112,-10,-4,2,12,10,14.06,11.25,79,14,121,41,88,PREP_FAILURE,Excellent,5
2026-07-01 06:00:00,UE01254,32.919382716603835,-97.02104334609396,SITE01,XYZ401,A,100,2.34,SSB_1,SSB_2,1,0,30,6,2,13,2.6,-110,-10,-2,3,13,11,12.82,10.26,120,27,91,58,80,PREP_FAILURE,Excellent,13
2026-07-01 07:00:00,UE01255,32.91615692800839,-97.02050251723706,SITE01,XYZ402,A,101,2.424,SSB_2,SSB_3,2,60,30,6,2,23,4.6,-114,-10,3,5,15,13,10.51,8.41,202,47,48,26,32,PREP_FAILURE,Good,31
2026-07-01 08:00:00,UE01256,32.956016592799905,-96.96462848766608,SITE01,XYZ403,C,102,1.875,SSB_3,SSB_4,3,120,30,6,2,19,3.8,-104,-10,9,8,18,16,8.28,6.62,420,55,50,33,72,PREP_FAILURE,Excellent,55
2026-07-01 09:00:00,UE01257,32.93666137920099,-97.02610199430774,SITE01,XYZ401,A,100,2.371,SSB_4,SSB_5,4,180,30,6,2,11,2.2,-107,-10,4,6,16,14,9.71,7.77,323,46,46,52,86,PREP_FAILURE,Good,37
2026-07-01 10:00:00,UE01258,32.95682101478347,-96.9761553975386,SITE01,XYZ402,C,101,1.592,SSB_5,SSB_6,5,240,30,6,2,27,5.4,-101,-10,9,8,18,16,7.41,5.93,301,52,33,95,62,PREP_FAILURE,Fair,56
2026-07-01 11:00:00,UE01259,32.953266962077635,-96.94185581477717,SITE01,XYZ403,C,102,2.808,SSB_6,SSB_1,6,300,30,6,2,9,1.8,-116,-10,-1,3,13,11,13.56,10.85,111,24,124,24,47,SUCCESS,Coverage_Hole,14
2026-07-01 12:00:00,UE01260,32.91866345370188,-96.98301237012016,SITE01,XYZ401,B,100,1.137,SSB_1,SSB_2,1,0,30,6,2,10,2.0,-89,-10,17,11,21,19,5.9,4.72,557,100,106,46,71,SUCCESS,Fair,83
2026-07-01 13:00:00,UE01261,32.90828357937827,-96.97952250674294,SITE01,XYZ402,A,101,1.875,SSB_2,SSB_3,2,60,30,6,2,28,5.6,-101,-10,9,8,18,16,7.09,5.67,366,51,44,51,24,EXEC_FAILURE,Fair,56
2026-07-01 14:00:00,UE01262,32.92116268729287,-96.97286482435722,SITE01,XYZ403,C,102,1.195,SSB_3,SSB_4,3,120,30,6,2,16,3.2,-96,-10,8,7,17,15,10.0,8.0,356,64,39,83,74,SUCCESS,Excellent,49
2026-07-01 15:00:00,UE01263,32.939324764372,-96.98862227315917,SITE01,XYZ401,B,100,0.356,SSB_4,SSB_5,4,180,30,6,2,25,5.0,-79,-10,16,11,21,19,5.11,4.09,502,95,24,42,65,SUCCESS,Coverage_Hole,81
2026-07-01 16:00:00,UE01264,32.93788741474707,-96.97331470724811,SITE01,XYZ402,A,101,0.716,SSB_5,SSB_6,5,240,30,6,2,33,6.6,-98,-10,13,9,19,17,7.28,5.82,477,60,35,86,72,EXEC_FAILURE,Good,68
2026-07-01 17:00:00,UE01265,32.92247437741863,-97.02860003724973,SITE01,XYZ403,C,102,2.659,SSB_6,SSB_1,6,300,30,6,2,17,3.4,-110,-10,-1,3,13,11,13.95,11.16,138,24,57,46,65,SUCCESS,Coverage_Hole,14
2026-07-01 18:00:00,UE01266,32.942070344909276,-96.96054534914421,SITE01,XYZ401,C,100,1.508,SSB_1,SSB_2,1,0,30,6,2,8,1.6,-89,-10,12,9,19,17,7.22,5.78,386,69,80,46,72,PREP_FAILURE,Coverage_Hole,65
2026-07-01 19:00:00,UE01267,32.93246974993184,-96.95698546269041,SITE01,XYZ402,A,101,1.644,SSB_2,SSB_3,2,60,30,6,2,16,3.2,-97,-10,6,6,16,14,10.16,8.13,292,54,26,71,84,SUCCESS,Poor,41
2026-07-01 20:00:00,UE01268,32.921334394949014,-96.94559843587318,SITE01,XYZ403,A,102,2.481,SSB_3,SSB_4,3,120,30,6,2,26,5.2,-110,-10,3,5,15,13,11.29,9.03,230,32,110,23,16,EXEC_FAILURE,Excellent,31
2026-07-01 21:00:00,UE01269,32.96941367597038,-96.97010283551622,SITE01,XYZ401,A,100,2.528,SSB_4,SSB_5,4,180,30,6,2,25,5.0,-106,-10,2,5,15,13,11.56,9.25,249,35,56,70,49,PREP_FAILURE,Excellent,28
2026-07-01 22:00:00,UE01270,32.90289856408585,-96.99640967743089,SITE01,XYZ402,A,101,2.311,SSB_5,SSB_6,5,240,30,6,2,29,5.8,-107,-10,1,4,14,12,11.22,8.98,146,33,101,24,84,SUCCESS,Excellent,24
2026-07-01 23:00:00,UE01271,32.918239235268636,-96.97618754532036,SITE01,XYZ403,B,102,1.271,SSB_6,SSB_1,6,300,30,6,2,27,5.4,-93,-10,11,9,19,17,6.48,5.18,400,84,36,90,18,SUCCESS,Poor,64
2026-07-01 00:00:00,UE01272,32.90046485329061,-97.00005677153473,SITE01,XYZ401,A,100,2.536,SSB_1,SSB_2,1,0,30,6,2,4,0.8,-105,-10,0,4,14,12,12.0,9.6,187,29,118,41,66,EXEC_FAILURE,Excellent,21
2026-07-01 01:00:00,UE01273,32.9185203926552,-96.94159341138486,SITE01,XYZ402,B,101,2.771,SSB_2,SSB_3,2,60,30,6,2,3,0.6,-121,-10,3,5,15,13,10.8,8.64,245,37,21,59,54,EXEC_FAILURE,Excellent,31
2026-07-01 02:00:00,UE01274,32.9008212301982,-96.96882107063921,SITE01,XYZ403,B,102,2.544,SSB_3,SSB_4,3,120,30,6,2,25,5.0,-116,-10,1,4,14,12,12.56,10.05,212,33,20,53,70,SUCCESS,Fair,22
2026-07-01 03:00:00,UE01275,32.943580148748616,-97.0250057670426,SITE01,XYZ401,A,100,2.379,SSB_4,SSB_5,4,180,30,6,2,34,6.8,-111,-10,0,4,14,12,12.06,9.65,156,33,83,21,54,SUCCESS,Excellent,20
2026-07-01 04:00:00,UE01276,32.94712459526368,-97.03440007779083,SITE01,XYZ402,A,101,2.969,SSB_5,SSB_6,5,240,30,6,2,11,2.2,-120,-10,-1,3,13,11,13.63,10.9,147,26,46,23,47,EXEC_FAILURE,Fair,14
2026-07-01 05:00:00,UE01277,32.92120926575801,-96.94600276082745,SITE01,XYZ403,B,102,2.462,SSB_6,SSB_1,6,300,30,6,2,22,4.4,-114,-10,6,6,16,14,9.0,7.2,233,55,72,67,72,SUCCESS,Excellent,43
2026-07-01 06:00:00,UE01278,32.96465763758881,-97.0062153086026,SITE01,XYZ401,A,100,2.379,SSB_1,SSB_2,1,0,30,6,2,25,5.0,-109,-10,-2,3,13,11,12.86,10.29,147,21,114,87,87,PREP_FAILURE,Coverage_Hole,13
2026-07-01 07:00:00,UE01279,32.94184693892974,-96.96146257147329,SITE01,XYZ402,A,101,1.453,SSB_2,SSB_3,2,60,30,6,2,1,0.2,-92,-10,12,9,19,17,7.86,6.29,428,85,100,84,78,EXEC_FAILURE,Good,65
2026-07-01 08:00:00,UE01280,32.91501189404271,-96.9563511007698,SITE01,XYZ403,C,102,2.168,SSB_3,SSB_4,3,120,30,6,2,28,5.6,-106,-10,3,5,15,13,10.25,8.2,187,44,95,95,38,PREP_FAILURE,Poor,32
2026-07-01 09:00:00,UE01281,32.9003565705896,-96.95779898928443,SITE01,XYZ401,B,100,2.871,SSB_4,SSB_5,4,180,30,6,2,30,6.0,-118,-10,-2,3,13,11,13.59,10.87,152,19,60,62,16,SUCCESS,Excellent,12
2026-07-01 10:00:00,UE01282,32.90315623328299,-96.95524527921799,SITE01,XYZ402,A,101,2.802,SSB_5,SSB_6,5,240,30,6,2,30,6.0,-119,-10,-5,2,12,10,14.89,11.91,79,15,25,72,55,SUCCESS,Good,5
2026-07-01 11:00:00,UE01283,32.9729854911855,-96.96279273740417,SITE01,XYZ403,C,102,2.922,SSB_6,SSB_1,6,300,30,6,2,11,2.2,-114,-10,4,6,16,14,10.03,8.02,310,42,82,62,87,PREP_FAILURE,Fair,36
2026-07-01 12:00:00,UE01284,32.956836845934376,-96.95506866209669,SITE01,XYZ401,A,100,2.304,SSB_1,SSB_2,1,0,30,6,2,29,5.8,-109,-10,6,6,16,14,9.32,7.46,229,56,114,74,72,PREP_FAILURE,Poor,42
2026-07-01 13:00:00,UE01285,32.932764651501635,-96.98082068797126,SITE01,XYZ402,B,101,0.298,SSB_2,SSB_3,2,60,30,6,2,16,3.2,-78,-10,18,12,22,20,4.06,3.25,510,87,39,51,29,SUCCESS,Good,89
2026-07-01 14:00:00,UE01286,32.941593063224225,-97.0280899886757,SITE01,XYZ403,C,102,2.525,SSB_3,SSB_4,3,120,30,6,2,14,2.8,-119,-10,4,6,16,14,10.93,8.74,282,52,20,71,36,EXEC_FAILURE,Poor,36
2026-07-01 15:00:00,UE01287,32.93065815130105,-96.9426995434879,SITE01,XYZ401,A,100,2.48,SSB_4,SSB_5,4,180,30,6,2,8,1.6,-115,-10,7,7,17,15,9.19,7.35,288,60,106,96,38,SUCCESS,Fair,47
2026-07-01 16:00:00,UE01288,32.92857751100475,-97.03481257617184,SITE01,XYZ402,A,101,2.907,SSB_5,SSB_6,5,240,30,6,2,27,5.4,-118,-10,-2,3,13,11,13.0,10.4,155,22,29,79,74,PREP_FAILURE,Poor,13
2026-07-01 17:00:00,UE01289,32.90027763653699,-96.95840700997266,SITE01,XYZ403,A,102,2.857,SSB_6,SSB_1,6,300,30,6,2,9,1.8,-117,-10,-1,3,13,11,12.04,9.63,150,19,112,43,88,PREP_FAILURE,Fair,16
2026-07-01 18:00:00,UE01290,32.93846520871138,-97.00482633557034,SITE01,XYZ401,C,100,1.161,SSB_1,SSB_2,1,0,30,6,2,7,1.4,-100,-10,16,11,21,19,4.67,3.74,565,101,97,67,60,EXEC_FAILURE,Good,82
2026-07-01 19:00:00,UE01291,32.945748546421584,-97.0143820785754,SITE01,XYZ402,A,101,1.844,SSB_2,SSB_3,2,60,30,6,2,10,2.0,-105,-10,1,4,14,12,12.09,9.67,170,35,34,29,40,EXEC_FAILURE,Good,23
2026-07-01 20:00:00,UE01292,32.918203973743324,-96.98580715129664,SITE01,XYZ403,A,102,1.162,SSB_3,SSB_4,3,120,30,6,2,2,0.4,-91,-10,12,9,19,17,6.62,5.3,418,85,71,91,28,PREP_FAILURE,Good,66
2026-07-01 21:00:00,UE01293,32.94440427764543,-97.01895534509674,SITE01,XYZ401,B,100,2.059,SSB_4,SSB_5,4,180,30,6,2,0,0.0,-108,-10,4,6,16,14,10.81,8.65,274,56,53,63,32,EXEC_FAILURE,Fair,36
2026-07-01 22:00:00,UE01294,32.93296516515825,-96.94439157553687,SITE01,XYZ402,C,101,2.368,SSB_5,SSB_6,5,240,30,6,2,3,0.6,-115,-10,3,5,15,13,10.89,8.71,191,32,74,31,73,SUCCESS,Poor,31
2026-07-01 23:00:00,UE01295,32.96522143762827,-96.99902440432932,SITE01,XYZ403,C,102,2.231,SSB_6,SSB_1,6,300,30,6,2,29,5.8,-106,-10,1,4,14,12,12.62,10.1,204,32,85,37,53,PREP_FAILURE,Excellent,22
2026-07-01 00:00:00,UE01296,32.95980677551659,-96.98792476188561,SITE01,XYZ401,C,100,1.716,SSB_1,SSB_2,1,0,30,6,2,29,5.8,-99,-10,0,4,14,12,12.7,10.16,181,29,71,76,51,EXEC_FAILURE,Coverage_Hole,20
2026-07-01 01:00:00,UE01297,32.96807833336753,-96.96526287028301,SITE01,XYZ402,B,101,2.556,SSB_2,SSB_3,2,60,30,6,2,14,2.8,-117,-10,0,4,14,12,12.74,10.19,151,25,15,65,57,PREP_FAILURE,Fair,20
2026-07-01 02:00:00,UE01298,32.96237703929191,-96.98585383023065,SITE01,XYZ403,A,102,1.887,SSB_3,SSB_4,3,120,30,6,2,6,1.2,-105,-10,4,6,16,14,9.31,7.45,248,52,60,67,77,EXEC_FAILURE,Good,37
2026-07-01 03:00:00,UE01299,32.918828388749624,-97.00022861856581,SITE01,XYZ401,C,100,1.417,SSB_4,SSB_5,4,180,30,6,2,20,4.0,-97,-10,7,7,17,15,8.87,7.1,359,58,55,47,30,EXEC_FAILURE,Poor,47
2026-07-01 04:00:00,UE01300,32.96184110230522,-96.98772409758512,SITE01,XYZ402,C,101,1.855,SSB_5,SSB_6,5,240,30,6,2,21,4.2,-106,-10,9,8,18,16,7.12,5.7,294,56,113,78,39,SUCCESS,Coverage_Hole,56
2026-07-01 05:00:00,UE01301,32.916498109939205,-96.98116589243513,SITE01,XYZ403,A,102,1.3,SSB_6,SSB_1,6,300,30,6,2,15,3.0,-95,-10,14,10,20,18,5.83,4.66,464,72,106,45,25,SUCCESS,Coverage_Hole,74
2026-07-01 06:00:00,UE01302,32.90028187415064,-96.96348191722782,SITE01,XYZ401,A,100,2.708,SSB_1,SSB_2,1,0,30,6,2,18,3.6,-114,-10,2,5,15,13,11.15,8.92,224,43,80,49,24,EXEC_FAILURE,Coverage_Hole,28
2026-07-01 07:00:00,UE01303,32.90780748998419,-96.9882226519263,SITE01,XYZ402,A,101,1.887,SSB_2,SSB_3,2,60,30,6,2,24,4.8,-98,-10,4,6,16,14,10.3,8.24,247,54,73,76,68,SUCCESS,Coverage_Hole,36
2026-07-01 08:00:00,UE01304,32.959394842617634,-96.97957413854654,SITE01,XYZ403,A,102,1.712,SSB_3,SSB_4,3,120,30,6,2,9,1.8,-101,-10,6,6,16,14,10.88,8.7,310,48,18,62,77,EXEC_FAILURE,Fair,41
2026-07-01 09:00:00,UE01305,32.94632269285262,-96.99969443895954,SITE01,XYZ401,C,100,1.145,SSB_4,SSB_5,4,180,30,6,2,22,4.4,-98,-10,14,10,20,18,5.32,4.26,472,92,90,36,28,SUCCESS,Poor,74
2026-07-01 10:00:00,UE01306,32.9048428471745,-96.96637288651594,SITE01,XYZ402,B,101,2.351,SSB_5,SSB_6,5,240,30,6,2,6,1.2,-115,-10,5,6,16,14,9.06,7.25,258,56,82,80,89,EXEC_FAILURE,Poor,40
2026-07-01 11:00:00,UE01307,32.909727715725765,-96.95282979483989,SITE01,XYZ403,B,102,2.562,SSB_6,SSB_1,6,300,30,6,2,26,5.2,-108,-10,6,6,16,14,9.25,7.4,241,44,38,85,78,SUCCESS,Coverage_Hole,42
2026-07-01 12:00:00,UE01308,32.972739350700586,-96.96885416037149,SITE01,XYZ401,B,100,2.768,SSB_1,SSB_2,1,0,30,6,2,11,2.2,-113,-10,-4,2,12,10,14.48,11.58,74,18,112,35,60,SUCCESS,Fair,5
2026-07-01 13:00:00,UE01309,32.96143206599672,-97.00349544148553,SITE01,XYZ402,C,101,2.107,SSB_2,SSB_3,2,60,30,6,2,22,4.4,-109,-10,2,5,15,13,10.6,8.48,219,37,40,79,19,PREP_FAILURE,Excellent,29
2026-07-01 14:00:00,UE01310,32.89618399556612,-96.98681421159608,SITE01,XYZ403,A,102,2.682,SSB_3,SSB_4,3,120,30,6,2,16,3.2,-107,-10,-3,3,13,11,13.8,11.04,125,23,66,32,56,EXEC_FAILURE,Good,9
2026-07-01 15:00:00,UE01311,32.96350757551969,-96.98625750351096,SITE01,XYZ401,A,100,1.965,SSB_4,SSB_5,4,180,30,6,2,22,4.4,-106,-10,7,7,17,15,8.75,7.0,345,55,48,35,77,SUCCESS,Fair,47
2026-07-01 16:00:00,UE01312,32.96362494264614,-96.97115519085673,SITE01,XYZ402,A,101,2.134,SSB_5,SSB_6,5,240,30,6,2,0,0.0,-100,-10,4,6,16,14,9.43,7.54,272,43,64,38,73,EXEC_FAILURE,Fair,37
2026-07-01 17:00:00,UE01313,32.94795316212002,-96.98808328396106,SITE01,XYZ403,C,102,0.907,SSB_6,SSB_1,6,300,30,6,2,16,3.2,-90,-10,11,9,19,17,7.93,6.34,388,68,40,37,60,PREP_FAILURE,Coverage_Hole,62
2026-07-01 18:00:00,UE01314,32.959590993182964,-97.01329873738192,SITE01,XYZ401,A,100,2.349,SSB_1,SSB_2,1,0,30,6,2,29,5.8,-108,-10,4,6,16,14,9.09,7.27,320,51,117,29,53,EXEC_FAILURE,Poor,37
2026-07-01 19:00:00,UE01315,32.910841076963244,-96.9864120283056,SITE01,XYZ402,A,101,1.671,SSB_2,SSB_3,2,60,30,6,2,27,5.4,-103,-10,8,7,17,15,9.3,7.44,313,56,17,70,22,PREP_FAILURE,Fair,49
2026-07-01 20:00:00,UE01316,32.95043831300189,-97.01765209688618,SITE01,XYZ403,C,102,2.159,SSB_3,SSB_4,3,120,30,6,2,31,6.2,-106,-10,8,7,17,15,9.3,7.44,303,56,92,68,68,SUCCESS,Poor,49
2026-07-01 21:00:00,UE01317,32.94929389759128,-96.96911091504464,SITE01,XYZ401,B,100,1.355,SSB_4,SSB_5,4,180,30,6,2,3,0.6,-99,-10,10,8,18,16,8.17,6.54,292,53,93,81,18,SUCCESS,Excellent,57
2026-07-01 22:00:00,UE01318,32.9629572094864,-96.963022216941,SITE01,XYZ402,C,101,2.315,SSB_5,SSB_6,5,240,30,6,2,9,1.8,-111,-10,0,4,14,12,12.48,9.98,145,37,28,65,27,PREP_FAILURE,Excellent,20
2026-07-01 23:00:00,UE01319,32.95631091715186,-97.00434403560284,SITE01,XYZ403,B,102,1.839,SSB_6,SSB_1,6,300,30,6,2,30,6.0,-102,-10,6,6,16,14,10.99,8.79,290,39,84,56,78,PREP_FAILURE,Good,41
2026-07-01 00:00:00,UE01320,32.95563640174062,-97.00645530516569,SITE01,XYZ401,C,100,1.88,SSB_1,SSB_2,1,0,30,6,2,14,2.8,-95,-10,6,6,16,14,9.09,7.27,276,39,80,70,42,SUCCESS,Good,42
2026-07-01 01:00:00,UE01321,32.92174801595104,-97.01336434631146,SITE01,XYZ402,B,101,1.871,SSB_2,SSB_3,2,60,30,6,2,22,4.4,-101,-10,10,8,18,16,8.51,6.81,327,58,104,45,85,PREP_FAILURE,Coverage_Hole,57
2026-07-01 02:00:00,UE01322,32.95814620167492,-97.02234345241011,SITE01,XYZ403,B,102,2.677,SSB_3,SSB_4,3,120,30,6,2,22,4.4,-119,-10,3,5,15,13,11.24,8.99,232,41,67,47,43,SUCCESS,Fair,31
2026-07-01 03:00:00,UE01323,32.91705886384728,-96.95788236596175,SITE01,XYZ401,C,100,2.01,SSB_4,SSB_5,4,180,30,6,2,23,4.6,-107,-10,4,6,16,14,10.8,8.64,220,56,110,78,89,PREP_FAILURE,Good,36
2026-07-01 04:00:00,UE01324,32.939102155949115,-97.0337555734608,SITE01,XYZ402,B,101,2.826,SSB_5,SSB_6,5,240,30,6,2,16,3.2,-113,-10,-5,2,12,10,14.59,11.67,104,15,96,27,40,EXEC_FAILURE,Fair,5
2026-07-01 05:00:00,UE01325,32.93811649219402,-96.99770005782749,SITE01,XYZ403,B,102,0.754,SSB_6,SSB_1,6,300,30,6,2,8,1.6,-94,-10,18,12,22,20,3.33,2.66,440,83,121,21,48,EXEC_FAILURE,Coverage_Hole,90
2026-07-01 06:00:00,UE01326,32.97123480557632,-96.9753587532205,SITE01,XYZ401,B,100,2.562,SSB_1,SSB_2,1,0,30,6,2,31,6.2,-113,-10,-6,1,11,9,14.37,11.5,38,9,119,80,69,EXEC_FAILURE,Good,5
2026-07-01 07:00:00,UE01327,32.9272677043318,-96.99692741492066,SITE01,XYZ402,C,101,0.865,SSB_2,SSB_3,2,60,30,6,2,29,5.8,-94,-10,14,10,20,18,5.4,4.32,520,93,29,54,88,EXEC_FAILURE,Good,74
2026-07-01 08:00:00,UE01328,32.899859733703074,-96.99429499931325,SITE01,XYZ403,B,102,2.484,SSB_3,SSB_4,3,120,30,6,2,31,6.2,-107,-10,-1,3,13,11,12.95,10.36,123,26,102,78,87,SUCCESS,Fair,15
2026-07-01 09:00:00,UE01329,32.95085271641804,-97.00757523394834,SITE01,XYZ401,B,100,1.694,SSB_4,SSB_5,4,180,30,6,2,17,3.4,-102,-10,6,6,16,14,9.43,7.54,283,53,116,26,59,PREP_FAILURE,Excellent,42
2026-07-01 10:00:00,UE01330,32.9505031403352,-97.00310924898194,SITE01,XYZ402,A,101,1.488,SSB_5,SSB_6,5,240,30,6,2,5,1.0,-96,-10,9,8,18,16,7.67,6.14,318,65,76,74,53,EXEC_FAILURE,Good,55
2026-07-01 11:00:00,UE01331,32.959522300206544,-96.99830571702647,SITE01,XYZ403,C,102,1.852,SSB_6,SSB_1,6,300,30,6,2,9,1.8,-101,-10,7,7,17,15,9.59,7.67,328,47,30,57,18,EXEC_FAILURE,Poor,46
2026-07-01 12:00:00,UE01332,32.92011258641595,-97.01208808741765,SITE01,XYZ401,A,100,1.867,SSB_1,SSB_2,1,0,30,6,2,4,0.8,-105,-10,8,7,17,15,8.67,6.94,265,58,61,93,54,PREP_FAILURE,Poor,50
2026-07-01 13:00:00,UE01333,32.94690882507887,-97.00994669060502,SITE01,XYZ402,C,101,1.651,SSB_2,SSB_3,2,60,30,6,2,4,0.8,-98,-10,3,5,15,13,11.44,9.15,259,42,36,78,61,SUCCESS,Poor,31
2026-07-01 14:00:00,UE01334,32.950224261302445,-96.94597400724933,SITE01,XYZ403,B,102,2.502,SSB_3,SSB_4,3,120,30,6,2,29,5.8,-112,-10,0,4,14,12,11.57,9.26,190,27,106,71,75,SUCCESS,Coverage_Hole,21
2026-07-01 15:00:00,UE01335,32.92710576803854,-97.0343382235836,SITE01,XYZ401,A,100,2.898,SSB_4,SSB_5,4,180,30,6,2,10,2.0,-113,-10,-1,3,13,11,12.07,9.66,151,24,75,65,68,SUCCESS,Good,16
2026-07-01 16:00:00,UE01336,32.94579366757268,-96.98148796771518,SITE01,XYZ402,A,101,0.773,SSB_5,SSB_6,5,240,30,6,2,34,6.8,-86,-10,16,11,21,19,5.45,4.36,465,99,74,84,30,PREP_FAILURE,Excellent,81
2026-07-01 17:00:00,UE01337,32.90406769967447,-97.0194689692311,SITE01,XYZ403,A,102,2.916,SSB_6,SSB_1,6,300,30,6,2,12,2.4,-113,-10,1,4,14,12,12.34,9.87,145,32,17,56,62,EXEC_FAILURE,Poor,23
2026-07-01 18:00:00,UE01338,32.912093534298776,-96.99074149949415,SITE01,XYZ401,A,100,1.615,SSB_1,SSB_2,1,0,30,6,2,16,3.2,-100,-10,12,9,19,17,7.29,5.83,404,75,123,50,66,EXEC_FAILURE,Poor,65
2026-07-01 19:00:00,UE01339,32.96352448478891,-96.97675636838939,SITE01,XYZ402,C,101,2.026,SSB_2,SSB_3,2,60,30,6,2,29,5.8,-114,-10,4,6,16,14,10.11,8.09,293,43,40,54,81,SUCCESS,Coverage_Hole,36
2026-07-01 20:00:00,UE01340,32.94061728926321,-97.0054878824509,SITE01,XYZ403,C,102,1.236,SSB_3,SSB_4,3,120,30,6,2,15,3.0,-83,-10,9,8,18,16,7.29,5.83,334,61,83,49,44,EXEC_FAILURE,Excellent,56
2026-07-01 21:00:00,UE01341,32.95340636534609,-96.9939939831988,SITE01,XYZ401,B,100,1.366,SSB_4,SSB_5,4,180,30,6,2,34,6.8,-97,-10,10,8,18,16,7.59,6.07,295,72,118,79,84,EXEC_FAILURE,Coverage_Hole,58
2026-07-01 22:00:00,UE01342,32.958593354816664,-96.97983703277949,SITE01,XYZ402,C,101,1.655,SSB_5,SSB_6,5,240,30,6,2,26,5.2,-107,-10,10,8,18,16,7.76,6.21,390,60,26,97,85,SUCCESS,Good,58
2026-07-01 23:00:00,UE01343,32.962572591546774,-96.97687222312832,SITE01,XYZ403,C,102,1.96,SSB_6,SSB_1,6,300,30,6,2,34,6.8,-103,-10,6,6,16,14,9.31,7.45,234,49,115,90,85,EXEC_FAILURE,Good,42
2026-07-01 00:00:00,UE01344,32.9562577986786,-96.98453488749463,SITE01,XYZ401,C,100,1.465,SSB_1,SSB_2,1,0,30,6,2,1,0.2,-99,-10,14,10,20,18,5.63,4.5,497,90,40,89,34,EXEC_FAILURE,Poor,74
2026-07-01 01:00:00,UE01345,32.91815231292574,-96.97229065068919,SITE01,XYZ402,B,101,1.384,SSB_2,SSB_3,2,60,30,6,2,28,5.6,-98,-10,8,7,17,15,9.43,7.54,296,55,92,71,16,SUCCESS,Good,49
2026-07-01 02:00:00,UE01346,32.92970751931612,-97.02367561228998,SITE01,XYZ403,A,102,2.258,SSB_3,SSB_4,3,120,30,6,2,20,4.0,-115,-10,0,4,14,12,11.2,8.96,181,32,18,77,15,SUCCESS,Excellent,21
2026-07-01 03:00:00,UE01347,32.96505310873759,-96.9654456874313,SITE01,XYZ401,A,100,2.366,SSB_4,SSB_5,4,180,30,6,2,27,5.4,-113,-10,6,6,16,14,9.26,7.41,309,50,52,49,80,PREP_FAILURE,Coverage_Hole,42
2026-07-01 04:00:00,UE01348,32.920432696467394,-96.9931646772243,SITE01,XYZ402,C,101,1.108,SSB_5,SSB_6,5,240,30,6,2,16,3.2,-92,-10,17,11,21,19,4.18,3.34,511,91,47,35,27,EXEC_FAILURE,Poor,85
2026-07-01 05:00:00,UE01349,32.97171199822574,-96.99836702016987,SITE01,XYZ403,B,102,2.643,SSB_6,SSB_1,6,300,30,6,2,1,0.2,-112,-10,-2,3,13,11,12.63,10.1,120,24,97,58,51,EXEC_FAILURE,Excellent,13
2026-07-01 06:00:00,UE01350,32.95307033203377,-96.93905650351446,SITE01,XYZ401,A,100,2.948,SSB_1,SSB_2,1,0,30,6,2,2,0.4,-123,-10,3,5,15,13,10.67,8.54,230,44,22,94,77,SUCCESS,Poor,31
2026-07-01 07:00:00,UE01351,32.917375008015696,-97.0151437465182,SITE01,XYZ402,C,101,2.119,SSB_2,SSB_3,2,60,30,6,2,26,5.2,-101,-10,6,6,16,14,10.28,8.22,222,44,66,52,56,PREP_FAILURE,Fair,41
2026-07-01 08:00:00,UE01352,32.95303052958645,-96.99058281498496,SITE01,XYZ403,B,102,1.28,SSB_3,SSB_4,3,120,30,6,2,19,3.8,-91,-10,13,9,19,17,6.87,5.5,341,65,98,73,41,EXEC_FAILURE,Good,68
2026-07-01 09:00:00,UE01353,32.93728339191095,-96.94465569517651,SITE01,XYZ401,B,100,2.353,SSB_4,SSB_5,4,180,30,6,2,16,3.2,-115,-10,1,4,14,12,12.12,9.7,163,26,91,69,29,PREP_FAILURE,Poor,23
2026-07-01 10:00:00,UE01354,32.92559090495397,-96.94679789514666,SITE01,XYZ402,C,101,2.318,SSB_5,SSB_6,5,240,30,6,2,11,2.2,-105,-10,1,4,14,12,11.79,9.43,195,37,80,79,15,PREP_FAILURE,Excellent,23
2026-07-01 11:00:00,UE01355,32.9551137352498,-96.95362331186611,SITE01,XYZ403,B,102,2.294,SSB_6,SSB_1,6,300,30,6,2,33,6.6,-111,-10,4,6,16,14,9.03,7.22,283,40,118,74,20,SUCCESS,Excellent,37
2026-07-01 12:00:00,UE01356,32.93027308023603,-96.9396214587828,SITE01,XYZ401,B,100,2.66,SSB_1,SSB_2,1,0,30,6,2,5,1.0,-110,-10,4,6,16,14,9.34,7.47,313,42,77,20,65,PREP_FAILURE,Excellent,37
2026-07-01 13:00:00,UE01357,32.934468095000334,-96.99129233100517,SITE01,XYZ402,C,101,0.355,SSB_2,SSB_3,2,60,30,6,2,8,1.6,-78,-10,21,13,23,21,2.51,2.01,571,110,79,29,60,EXEC_FAILURE,Poor,100
2026-07-01 14:00:00,UE01358,32.90461332543595,-96.97349413288173,SITE01,XYZ403,A,102,2.206,SSB_3,SSB_4,3,120,30,6,2,10,2.0,-114,-10,-3,3,13,11,13.76,11.01,152,25,19,25,88,SUCCESS,Excellent,9
2026-07-01 15:00:00,UE01359,32.950084183566986,-96.93891647289264,SITE01,XYZ401,B,100,2.874,SSB_4,SSB_5,4,180,30,6,2,13,2.6,-121,-10,0,4,14,12,11.41,9.13,167,25,32,53,15,SUCCESS,Coverage_Hole,21
2026-07-01 16:00:00,UE01360,32.937137305618585,-96.93435610522118,SITE01,XYZ402,C,101,2.948,SSB_5,SSB_6,5,240,30,6,2,16,3.2,-113,-10,0,4,14,12,11.44,9.15,180,30,34,21,21,SUCCESS,Fair,21
2026-07-01 17:00:00,UE01361,32.91328923169812,-97.00011577433563,SITE01,XYZ403,C,102,1.731,SSB_6,SSB_1,6,300,30,6,2,16,3.2,-101,-10,5,6,16,14,9.3,7.44,268,41,118,39,46,EXEC_FAILURE,Good,40
2026-07-01 18:00:00,UE01362,32.92576103491292,-96.9442061499415,SITE01,XYZ401,C,100,2.459,SSB_1,SSB_2,1,0,30,6,2,34,6.8,-114,-10,1,4,14,12,11.94,9.55,161,30,55,38,62,SUCCESS,Coverage_Hole,23
2026-07-01 19:00:00,UE01363,32.91918491395204,-97.00941851868738,SITE01,XYZ402,B,101,1.779,SSB_2,SSB_3,2,60,30,6,2,4,0.8,-100,-10,9,8,18,16,7.63,6.1,360,54,33,90,53,PREP_FAILURE,Excellent,55
2026-07-01 20:00:00,UE01364,32.967980548648484,-96.97689385172073,SITE01,XYZ403,A,102,2.323,SSB_3,SSB_4,3,120,30,6,2,23,4.6,-109,-10,0,4,14,12,11.81,9.45,187,31,32,31,55,EXEC_FAILURE,Good,21
2026-07-01 21:00:00,UE01365,32.92004393161677,-97.0273484337879,SITE01,XYZ401,B,100,2.651,SSB_4,SSB_5,4,180,30,6,2,30,6.0,-122,-10,-4,2,12,10,13.15,10.52,72,16,86,93,15,SUCCESS,Excellent,5
2026-07-01 22:00:00,UE01366,32.96000128444992,-96.97235074854002,SITE01,XYZ402,C,101,1.876,SSB_5,SSB_6,5,240,30,6,2,19,3.8,-107,-10,5,6,16,14,9.46,7.57,282,39,54,26,89,SUCCESS,Fair,40
2026-07-01 23:00:00,UE01367,32.946956269278736,-96.93582858194509,SITE01,XYZ403,C,102,2.975,SSB_6,SSB_1,6,300,30,6,2,27,5.4,-118,-10,-4,2,12,10,14.77,11.82,90,13,80,72,66,SUCCESS,Coverage_Hole,5
2026-07-01 00:00:00,UE01368,32.90705102177634,-97.01508419608854,SITE01,XYZ401,B,100,2.593,SSB_1,SSB_2,1,0,30,6,2,15,3.0,-112,-10,3,5,15,13,10.66,8.53,269,37,47,28,71,PREP_FAILURE,Poor,31
2026-07-01 01:00:00,UE01369,32.94319307721307,-96.9735583366849,SITE01,XYZ402,B,101,0.878,SSB_2,SSB_3,2,60,30,6,2,16,3.2,-84,-10,13,9,19,17,7.17,5.74,426,72,72,77,71,EXEC_FAILURE,Good,68
2026-07-01 02:00:00,UE01370,32.924424835294786,-97.01979690120142,SITE01,XYZ403,B,102,2.133,SSB_3,SSB_4,3,120,30,6,2,4,0.8,-105,-10,3,5,15,13,10.28,8.22,216,33,64,24,27,EXEC_FAILURE,Excellent,32
2026-07-01 03:00:00,UE01371,32.92234399761023,-96.97321796816168,SITE01,XYZ401,A,100,1.117,SSB_4,SSB_5,4,180,30,6,2,14,2.8,-93,-10,12,9,19,17,6.67,5.34,436,80,25,69,18,SUCCESS,Fair,66
2026-07-01 04:00:00,UE01372,32.92098558913625,-97.00392985051475,SITE01,XYZ402,A,101,1.455,SSB_5,SSB_6,5,240,30,6,2,14,2.8,-101,-10,15,10,20,18,5.99,4.79,484,94,83,79,36,EXEC_FAILURE,Coverage_Hole,76
2026-07-01 05:00:00,UE01373,32.912891858896835,-97.01010888842632,SITE01,XYZ403,B,102,2.101,SSB_6,SSB_1,6,300,30,6,2,12,2.4,-110,-10,0,4,14,12,12.35,9.88,182,30,66,30,40,SUCCESS,Good,20
2026-07-01 06:00:00,UE01374,32.89674876479062,-96.99721992218863,SITE01,XYZ401,C,100,2.732,SSB_1,SSB_2,1,0,30,6,2,23,4.6,-106,-10,0,4,14,12,12.72,10.18,211,32,74,92,17,EXEC_FAILURE,Excellent,20
2026-07-01 07:00:00,UE01375,32.96950662124675,-97.0054233186288,SITE01,XYZ402,B,101,2.651,SSB_2,SSB_3,2,60,30,6,2,13,2.6,-113,-10,0,4,14,12,11.22,8.98,177,35,88,37,38,SUCCESS,Good,21
2026-07-01 08:00:00,UE01376,32.955839739067315,-96.96582106108433,SITE01,XYZ403,A,102,1.822,SSB_3,SSB_4,3,120,30,6,2,26,5.2,-105,-10,10,8,18,16,7.53,6.02,381,65,100,32,31,SUCCESS,Poor,58
2026-07-01 09:00:00,UE01377,32.94632101419398,-96.96435388335703,SITE01,XYZ401,A,100,1.437,SSB_4,SSB_5,4,180,30,6,2,34,6.8,-94,-10,12,9,19,17,6.37,5.1,342,81,86,80,32,PREP_FAILURE,Good,66
2026-07-01 10:00:00,UE01378,32.93339064439597,-97.01077489011702,SITE01,XYZ402,A,101,1.485,SSB_5,SSB_6,5,240,30,6,2,2,0.4,-96,-10,9,8,18,16,8.16,6.53,379,60,103,64,88,SUCCESS,Fair,55
2026-07-01 11:00:00,UE01379,32.93831865248448,-96.93815552031198,SITE01,XYZ403,B,102,2.734,SSB_6,SSB_1,6,300,30,6,2,28,5.6,-112,-10,-4,2,12,10,14.64,11.71,80,18,53,30,39,PREP_FAILURE,Poor,5
2026-07-01 12:00:00,UE01380,32.94916693900667,-96.95502738084217,SITE01,XYZ401,B,100,2.001,SSB_1,SSB_2,1,0,30,6,2,18,3.6,-95,-10,2,5,15,13,10.66,8.53,225,34,72,29,60,PREP_FAILURE,Fair,29
2026-07-01 13:00:00,UE01381,32.91231447178641,-96.98907982885376,SITE01,XYZ402,B,101,1.584,SSB_2,SSB_3,2,60,30,6,2,26,5.2,-102,-10,7,7,17,15,9.92,7.94,359,46,21,46,85,SUCCESS,Good,46
2026-07-01 14:00:00,UE01382,32.91603366399793,-96.99634280708928,SITE01,XYZ403,A,102,1.461,SSB_3,SSB_4,3,120,30,6,2,24,4.8,-99,-10,9,8,18,16,7.4,5.92,418,53,96,44,67,SUCCESS,Excellent,56
2026-07-01 15:00:00,UE01383,32.93631621748594,-97.00532129173466,SITE01,XYZ401,A,100,1.168,SSB_4,SSB_5,4,180,30,6,2,27,5.4,-91,-10,18,12,22,20,4.62,3.7,572,110,44,22,84,EXEC_FAILURE,Coverage_Hole,89
2026-07-01 16:00:00,UE01384,32.89300531470643,-96.97681832958382,SITE01,XYZ402,A,101,2.941,SSB_5,SSB_6,5,240,30,6,2,27,5.4,-120,-10,-6,1,11,9,15.77,12.62,53,9,104,93,43,PREP_FAILURE,Poor,5
2026-07-01 17:00:00,UE01385,32.96779824543772,-96.98551498264469,SITE01,XYZ403,B,102,2.261,SSB_6,SSB_1,6,300,30,6,2,9,1.8,-107,-10,4,6,16,14,9.93,7.94,232,48,21,50,86,EXEC_FAILURE,Coverage_Hole,37
2026-07-01 18:00:00,UE01386,32.967911558970265,-96.9564394784569,SITE01,XYZ401,C,100,2.814,SSB_1,SSB_2,1,0,30,6,2,3,0.6,-113,-10,-3,3,13,11,13.73,10.98,136,21,19,44,25,PREP_FAILURE,Good,9
2026-07-01 19:00:00,UE01387,32.920554938834975,-96.93917330871727,SITE01,XYZ402,A,101,2.847,SSB_2,SSB_3,2,60,30,6,2,32,6.4,-114,-10,-2,3,13,11,13.48,10.78,158,20,89,64,58,SUCCESS,Coverage_Hole,12
2026-07-01 20:00:00,UE01388,32.94929112381892,-96.94888446519012,SITE01,XYZ403,B,102,2.322,SSB_3,SSB_4,3,120,30,6,2,19,3.8,-100,-10,1,4,14,12,11.87,9.5,192,31,111,47,64,PREP_FAILURE,Fair,23
2026-07-01 21:00:00,UE01389,32.95985280601575,-96.97640299471182,SITE01,XYZ401,C,100,1.787,SSB_4,SSB_5,4,180,30,6,2,5,1.0,-103,-10,4,6,16,14,10.48,8.38,247,49,67,36,73,SUCCESS,Coverage_Hole,36
2026-07-01 22:00:00,UE01390,32.94283256561639,-96.9698668414731,SITE01,XYZ402,B,101,1.038,SSB_5,SSB_6,5,240,30,6,2,18,3.6,-87,-10,14,10,20,18,5.7,4.56,467,69,18,49,60,EXEC_FAILURE,Coverage_Hole,74
2026-07-01 23:00:00,UE01391,32.952412189608765,-97.02357386291047,SITE01,XYZ403,B,102,2.525,SSB_6,SSB_1,6,300,30,6,2,34,6.8,-115,-10,0,4,14,12,12.94,10.35,195,36,51,32,39,EXEC_FAILURE,Excellent,20
2026-07-01 00:00:00,UE01392,32.960758870741515,-96.98626466361083,SITE01,XYZ401,A,100,1.776,SSB_1,SSB_2,1,0,30,6,2,32,6.4,-96,-10,7,7,17,15,9.45,7.56,359,48,30,97,21,PREP_FAILURE,Coverage_Hole,47
2026-07-01 01:00:00,UE01393,32.96483307312737,-96.9485195066898,SITE01,XYZ402,B,101,2.956,SSB_2,SSB_3,2,60,30,6,2,26,5.2,-118,-10,-3,3,13,11,13.17,10.54,157,21,16,25,60,PREP_FAILURE,Good,10
2026-07-01 02:00:00,UE01394,32.90410465437253,-97.00520093415719,SITE01,XYZ403,B,102,2.428,SSB_3,SSB_4,3,120,30,6,2,23,4.6,-110,-10,1,4,14,12,12.34,9.87,202,37,19,70,83,EXEC_FAILURE,Coverage_Hole,23
2026-07-01 03:00:00,UE01395,32.914236422370735,-97.0107238822802,SITE01,XYZ401,C,100,2.06,SSB_4,SSB_5,4,180,30,6,2,17,3.4,-107,-10,6,6,16,14,10.63,8.5,241,51,113,70,50,SUCCESS,Good,41
2026-07-01 04:00:00,UE01396,32.9163107092438,-96.96321895024512,SITE01,XYZ402,C,101,1.814,SSB_5,SSB_6,5,240,30,6,2,15,3.0,-103,-10,11,9,19,17,6.06,4.85,473,70,71,41,30,SUCCESS,Poor,64
2026-07-01 05:00:00,UE01397,32.9753023377056,-96.98230971881804,SITE01,XYZ403,A,102,2.783,SSB_6,SSB_1,6,300,30,6,2,3,0.6,-115,-10,0,4,14,12,12.98,10.38,162,31,102,75,30,SUCCESS,Poor,20
2026-07-01 06:00:00,UE01398,32.945815533161486,-97.01825311269627,SITE01,XYZ401,B,100,2.053,SSB_1,SSB_2,1,0,30,6,2,21,4.2,-105,-10,5,6,16,14,10.08,8.06,233,47,61,42,33,PREP_FAILURE,Coverage_Hole,39
2026-07-01 07:00:00,UE01399,32.91137687071257,-96.98772160416904,SITE01,XYZ402,C,101,1.639,SSB_2,SSB_3,2,60,30,6,2,5,1.0,-101,-10,8,7,17,15,9.91,7.93,372,51,49,81,88,SUCCESS,Excellent,49
2026-07-01 08:00:00,UE01400,32.93854696132526,-96.97896903191851,SITE01,XYZ403,B,102,0.435,SSB_3,SSB_4,3,120,30,6,2,15,3.0,-81,-10,20,12,22,20,4.58,3.66,631,81,46,30,56,EXEC_FAILURE,Excellent,94
2026-07-01 09:00:00,UE01401,32.92616080697024,-97.01416311281857,SITE01,XYZ401,B,100,1.785,SSB_4,SSB_5,4,180,30,6,2,33,6.6,-101,-10,8,7,17,15,8.3,6.64,337,47,66,66,88,EXEC_FAILURE,Poor,50
2026-07-01 10:00:00,UE01402,32.95705549175915,-97.0034666677876,SITE01,XYZ402,A,101,1.851,SSB_5,SSB_6,5,240,30,6,2,20,4.0,-102,-10,5,6,16,14,10.86,8.69,258,46,72,88,85,SUCCESS,Coverage_Hole,38
2026-07-01 11:00:00,UE01403,32.95588367908511,-96.97954753553917,SITE01,XYZ403,C,102,1.475,SSB_6,SSB_1,6,300,30,6,2,23,4.6,-93,-10,6,6,16,14,9.85,7.88,271,56,119,54,39,SUCCESS,Fair,42
2026-07-01 12:00:00,UE01404,32.94030096855723,-97.01598172384605,SITE01,XYZ401,B,100,1.819,SSB_1,SSB_2,1,0,30,6,2,18,3.6,-98,-10,5,6,16,14,10.51,8.41,271,49,86,20,62,SUCCESS,Poor,38
2026-07-01 13:00:00,UE01405,32.965984342299514,-97.02025300662761,SITE01,XYZ402,A,101,2.946,SSB_2,SSB_3,2,60,30,6,2,22,4.4,-122,-10,1,4,14,12,12.24,9.79,185,30,27,20,16,PREP_FAILURE,Poor,23
2026-07-01 14:00:00,UE01406,32.948084882133834,-97.02223820829242,SITE01,XYZ403,C,102,2.326,SSB_3,SSB_4,3,120,30,6,2,1,0.2,-105,-10,8,7,17,15,9.41,7.53,292,65,101,45,21,SUCCESS,Excellent,49
2026-07-01 15:00:00,UE01407,32.905137016389936,-96.97808904126424,SITE01,XYZ401,B,100,2.104,SSB_4,SSB_5,4,180,30,6,2,14,2.8,-106,-10,3,5,15,13,11.91,9.53,189,36,95,88,37,EXEC_FAILURE,Excellent,30
2026-07-01 16:00:00,UE01408,32.917798465052726,-96.97688069971842,SITE01,XYZ402,C,101,1.283,SSB_5,SSB_6,5,240,30,6,2,30,6.0,-95,-10,15,10,20,18,5.3,4.24,490,69,116,44,41,EXEC_FAILURE,Coverage_Hole,77
2026-07-01 17:00:00,UE01409,32.970856403168035,-96.9762485639354,SITE01,XYZ403,C,102,2.525,SSB_6,SSB_1,6,300,30,6,2,22,4.4,-108,-10,0,4,14,12,11.04,8.83,183,34,39,96,48,SUCCESS,Coverage_Hole,21
2026-07-01 18:00:00,UE01410,32.964588851057044,-97.00102088069647,SITE01,XYZ401,B,100,2.235,SSB_1,SSB_2,1,0,30,6,2,23,4.6,-107,-10,3,5,15,13,10.71,8.57,192,38,89,65,81,SUCCESS,Coverage_Hole,31
2026-07-01 19:00:00,UE01411,32.93488331374098,-96.97716730909846,SITE01,XYZ402,A,101,0.465,SSB_2,SSB_3,2,60,30,6,2,28,5.6,-81,-10,17,11,21,19,4.61,3.69,415,79,25,74,33,EXEC_FAILURE,Coverage_Hole,84
2026-07-01 20:00:00,UE01412,32.95611423238744,-97.02315058288904,SITE01,XYZ403,B,102,2.635,SSB_3,SSB_4,3,120,30,6,2,19,3.8,-112,-10,5,6,16,14,10.25,8.2,291,43,117,23,70,SUCCESS,Good,39
2026-07-01 21:00:00,UE01413,32.94040977124892,-97.00758161073831,SITE01,XYZ401,C,100,1.348,SSB_4,SSB_5,4,180,30,6,2,3,0.6,-94,-10,10,8,18,16,8.99,7.19,419,53,98,63,75,SUCCESS,Good,57
2026-07-01 22:00:00,UE01414,32.958673422802214,-96.9629293043639,SITE01,XYZ402,A,101,2.079,SSB_5,SSB_6,5,240,30,6,2,9,1.8,-103,-10,6,6,16,14,9.12,7.3,238,49,89,87,63,PREP_FAILURE,Fair,42
2026-07-01 23:00:00,UE01415,32.95295106925523,-96.99681194878286,SITE01,XYZ403,A,102,1.407,SSB_6,SSB_1,6,300,30,6,2,0,0.0,-92,-10,12,9,19,17,7.59,6.07,381,79,36,34,81,PREP_FAILURE,Excellent,65
2026-07-01 00:00:00,UE01416,32.94126058154021,-96.99597300700832,SITE01,XYZ401,C,100,0.757,SSB_1,SSB_2,1,0,30,6,2,30,6.0,-94,-10,19,12,22,20,3.11,2.49,578,89,119,25,81,EXEC_FAILURE,Excellent,93
2026-07-01 01:00:00,UE01417,32.920227685197105,-96.96697706654712,SITE01,XYZ402,A,101,1.469,SSB_2,SSB_3,2,60,30,6,2,23,4.6,-101,-10,10,8,18,16,7.71,6.17,366,64,65,60,43,EXEC_FAILURE,Fair,58
2026-07-01 02:00:00,UE01418,32.89932228579661,-96.9950816501091,SITE01,XYZ403,C,102,2.53,SSB_3,SSB_4,3,120,30,6,2,33,6.6,-111,-10,-5,2,12,10,14.5,11.6,78,13,76,67,76,PREP_FAILURE,Good,5
2026-07-01 03:00:00,UE01419,32.923114894630054,-96.9778415018139,SITE01,XYZ401,C,100,0.926,SSB_4,SSB_5,4,180,30,6,2,17,3.4,-89,-10,15,10,20,18,6.63,5.3,516,95,116,42,50,SUCCESS,Good,75
2026-07-01 04:00:00,UE01420,32.94766972746758,-97.02279060498726,SITE01,XYZ402,C,101,2.345,SSB_5,SSB_6,5,240,30,6,2,7,1.4,-103,-10,3,5,15,13,11.46,9.17,201,38,55,69,44,PREP_FAILURE,Fair,31
2026-07-01 05:00:00,UE01421,32.92578563784733,-96.95700430384203,SITE01,XYZ403,B,102,1.753,SSB_6,SSB_1,6,300,30,6,2,15,3.0,-105,-10,10,8,18,16,7.11,5.69,341,69,76,38,44,SUCCESS,Coverage_Hole,58
2026-07-01 06:00:00,UE01422,32.94937095757544,-96.95572049551589,SITE01,XYZ401,A,100,1.973,SSB_1,SSB_2,1,0,30,6,2,21,4.2,-107,-10,0,4,14,12,12.43,9.94,144,29,43,64,60,EXEC_FAILURE,Coverage_Hole,20
2026-07-01 07:00:00,UE01423,32.91239760513125,-97.01817438180998,SITE01,XYZ402,B,101,2.467,SSB_2,SSB_3,2,60,30,6,2,5,1.0,-105,-10,-3,3,13,11,12.28,9.82,111,23,100,89,87,EXEC_FAILURE,Fair,11
2026-07-01 08:00:00,UE01424,32.9529336928859,-97.0059550853919,SITE01,XYZ403,C,102,1.723,SSB_3,SSB_4,3,120,30,6,2,27,5.4,-103,-10,4,6,16,14,9.23,7.38,223,52,51,79,45,PREP_FAILURE,Excellent,37
2026-07-01 09:00:00,UE01425,32.97169319067929,-96.99250013182855,SITE01,XYZ401,C,100,2.564,SSB_4,SSB_5,4,180,30,6,2,27,5.4,-103,-10,0,4,14,12,11.86,9.49,153,38,116,60,49,SUCCESS,Excellent,21
2026-07-01 10:00:00,UE01426,32.94401645930268,-96.95587673474928,SITE01,XYZ402,A,101,1.808,SSB_5,SSB_6,5,240,30,6,2,7,1.4,-107,-10,5,6,16,14,10.04,8.03,288,53,129,96,84,PREP_FAILURE,Poor,39
2026-07-01 11:00:00,UE01427,32.95061162833068,-96.96106157743992,SITE01,XYZ403,B,102,1.763,SSB_6,SSB_1,6,300,30,6,2,12,2.4,-108,-10,11,9,19,17,6.19,4.95,388,63,43,58,71,EXEC_FAILURE,Poor,64
2026-07-01 12:00:00,UE01428,32.94237351081636,-96.96205232616369,SITE01,XYZ401,A,100,1.433,SSB_1,SSB_2,1,0,30,6,2,31,6.2,-90,-10,11,9,19,17,6.64,5.31,340,78,26,32,48,EXEC_FAILURE,Coverage_Hole,63
2026-07-01 13:00:00,UE01429,32.96084669027627,-96.98118693202575,SITE01,XYZ402,C,101,1.796,SSB_2,SSB_3,2,60,30,6,2,29,5.8,-103,-10,5,6,16,14,10.32,8.26,226,49,23,87,53,SUCCESS,Fair,39
2026-07-01 14:00:00,UE01430,32.94946668165345,-97.01599146518124,SITE01,XYZ403,C,102,2.042,SSB_3,SSB_4,3,120,30,6,2,24,4.8,-101,-10,2,5,15,13,10.61,8.49,216,36,107,88,52,SUCCESS,Fair,29
2026-07-01 15:00:00,UE01431,32.957953372390314,-96.95762210863246,SITE01,XYZ401,C,100,2.248,SSB_4,SSB_5,4,180,30,6,2,15,3.0,-109,-10,2,5,15,13,11.02,8.82,249,35,87,54,57,PREP_FAILURE,Good,28
2026-07-01 16:00:00,UE01432,32.97029138580215,-96.99809956778368,SITE01,XYZ402,C,101,2.545,SSB_5,SSB_6,5,240,30,6,2,12,2.4,-113,-10,0,4,14,12,11.95,9.56,205,32,93,64,36,EXEC_FAILURE,Poor,21
2026-07-01 17:00:00,UE01433,32.92681457339389,-96.98861784538121,SITE01,XYZ403,C,102,0.601,SSB_6,SSB_1,6,300,30,6,2,6,1.2,-87,-10,14,10,20,18,6.02,4.82,522,66,102,38,55,PREP_FAILURE,Poor,73
2026-07-01 18:00:00,UE01434,32.947361613606745,-97.00077534999953,SITE01,XYZ401,C,100,1.24,SSB_1,SSB_2,1,0,30,6,2,33,6.6,-87,-10,8,7,17,15,9.01,7.21,343,55,64,36,25,SUCCESS,Good,49
2026-07-01 19:00:00,UE01435,32.953452015216044,-96.99476146365451,SITE01,XYZ402,C,101,1.386,SSB_2,SSB_3,2,60,30,6,2,23,4.6,-98,-10,8,7,17,15,9.38,7.5,350,50,29,89,58,PREP_FAILURE,Poor,49
2026-07-01 20:00:00,UE01436,32.921710096503425,-97.0094898572614,SITE01,XYZ403,C,102,1.68,SSB_3,SSB_4,3,120,30,6,2,10,2.0,-97,-10,1,4,14,12,12.49,9.99,173,38,53,21,80,PREP_FAILURE,Coverage_Hole,23
2026-07-01 21:00:00,UE01437,32.901674023107475,-96.97714773658872,SITE01,XYZ401,C,100,2.349,SSB_4,SSB_5,4,180,30,6,2,24,4.8,-106,-10,4,6,16,14,10.01,8.01,308,52,122,41,47,EXEC_FAILURE,Good,36
2026-07-01 22:00:00,UE01438,32.92950564618702,-96.97444844383296,SITE01,XYZ402,A,101,0.73,SSB_5,SSB_6,5,240,30,6,2,12,2.4,-80,-10,14,10,20,18,6.29,5.03,530,67,54,56,45,SUCCESS,Excellent,73
2026-07-01 23:00:00,UE01439,32.967909339885416,-96.97523310899373,SITE01,XYZ403,C,102,2.341,SSB_6,SSB_1,6,300,30,6,2,2,0.4,-107,-10,1,4,14,12,12.43,9.94,155,26,122,20,25,SUCCESS,Poor,23
2026-07-01 00:00:00,UE01440,32.96038902225705,-96.96340791901753,SITE01,XYZ401,A,100,2.157,SSB_1,SSB_2,1,0,30,6,2,17,3.4,-103,-10,9,8,18,16,7.02,5.62,317,71,35,47,30,PREP_FAILURE,Fair,56
2026-07-01 01:00:00,UE01441,32.926999728668086,-96.96062596457875,SITE01,XYZ402,C,101,1.527,SSB_2,SSB_3,2,60,30,6,2,16,3.2,-95,-10,14,10,20,18,5.75,4.6,477,69,65,43,34,EXEC_FAILURE,Coverage_Hole,74
2026-07-01 02:00:00,UE01442,32.91243827292822,-96.94605452678849,SITE01,XYZ403,A,102,2.752,SSB_3,SSB_4,3,120,30,6,2,31,6.2,-115,-10,6,6,16,14,10.93,8.74,318,57,15,52,44,SUCCESS,Poor,41
2026-07-01 03:00:00,UE01443,32.970646560901905,-96.99530730695565,SITE01,XYZ401,C,100,2.526,SSB_4,SSB_5,4,180,30,6,2,30,6.0,-114,-10,1,4,14,12,12.19,9.75,193,28,43,71,31,SUCCESS,Coverage_Hole,23
2026-07-01 04:00:00,UE01444,32.93516771846946,-97.03544715981798,SITE01,XYZ402,A,101,2.91,SSB_5,SSB_6,5,240,30,6,2,6,1.2,-111,-10,-7,1,11,9,14.91,11.93,50,7,108,63,62,SUCCESS,Poor,5
2026-07-01 05:00:00,UE01445,32.92720125160866,-96.96796755779307,SITE01,XYZ403,C,102,1.135,SSB_6,SSB_1,6,300,30,6,2,4,0.8,-98,-10,11,9,19,17,6.9,5.52,349,73,54,89,35,EXEC_FAILURE,Fair,63
2026-07-01 06:00:00,UE01446,32.91484156315827,-96.94083886077512,SITE01,XYZ401,B,100,2.923,SSB_1,SSB_2,1,0,30,6,2,20,4.0,-113,-10,-1,3,13,11,12.76,10.21,160,21,23,23,55,SUCCESS,Good,15
2026-07-01 07:00:00,UE01447,32.91374642653088,-96.98799683438911,SITE01,XYZ402,C,101,1.478,SSB_2,SSB_3,2,60,30,6,2,10,2.0,-98,-10,13,9,19,17,6.87,5.5,470,74,108,71,21,EXEC_FAILURE,Coverage_Hole,68
2026-07-01 08:00:00,UE01448,32.93493059003224,-97.03385010224407,SITE01,XYZ403,A,102,2.817,SSB_3,SSB_4,3,120,30,6,2,11,2.2,-124,-10,4,6,16,14,9.37,7.5,249,53,59,51,32,SUCCESS,Poor,37
2026-07-01 09:00:00,UE01449,32.900261117752464,-96.98960465247525,SITE01,XYZ401,C,100,2.413,SSB_4,SSB_5,4,180,30,6,2,8,1.6,-108,-10,0,4,14,12,11.75,9.4,196,30,31,68,77,PREP_FAILURE,Coverage_Hole,21
2026-07-01 10:00:00,UE01450,32.937902396758254,-96.9428902794397,SITE01,XYZ402,A,101,2.458,SSB_5,SSB_6,5,240,30,6,2,21,4.2,-105,-10,1,4,14,12,11.98,9.58,201,31,86,47,59,SUCCESS,Excellent,23
2026-07-01 11:00:00,UE01451,32.896251764640105,-96.97336863764022,SITE01,XYZ403,C,102,2.763,SSB_6,SSB_1,6,300,30,6,2,32,6.4,-110,-10,0,4,14,12,12.63,10.1,191,36,28,52,56,PREP_FAILURE,Excellent,20
2026-07-01 12:00:00,UE01452,32.92073537333455,-96.95466449005526,SITE01,XYZ401,B,100,2.025,SSB_1,SSB_2,1,0,30,6,2,13,2.6,-104,-10,10,8,18,16,7.32,5.86,416,58,69,75,63,PREP_FAILURE,Poor,58
2026-07-01 13:00:00,UE01453,32.900175096710896,-96.97547319023461,SITE01,XYZ402,B,101,2.471,SSB_2,SSB_3,2,60,30,6,2,2,0.4,-106,-10,0,4,14,12,11.1,8.88,207,36,60,41,81,SUCCESS,Excellent,21
2026-07-01 14:00:00,UE01454,32.93188317928847,-96.94673402644088,SITE01,XYZ403,C,102,2.238,SSB_3,SSB_4,3,120,30,6,2,26,5.2,-106,-10,4,6,16,14,10.48,8.38,298,48,27,23,57,SUCCESS,Coverage_Hole,36
2026-07-01 15:00:00,UE01455,32.906394658787434,-97.007948048753,SITE01,XYZ401,A,100,2.375,SSB_4,SSB_5,4,180,30,6,2,33,6.6,-99,-10,2,5,15,13,11.26,9.01,244,42,69,71,50,PREP_FAILURE,Fair,28
2026-07-01 16:00:00,UE01456,32.931423468212934,-97.00714368466429,SITE01,XYZ402,A,101,1.295,SSB_5,SSB_6,5,240,30,6,2,15,3.0,-90,-10,13,9,19,17,6.38,5.1,349,64,85,66,81,EXEC_FAILURE,Poor,69
2026-07-01 17:00:00,UE01457,32.93780734597222,-96.97005011691752,SITE01,XYZ403,A,102,0.898,SSB_6,SSB_1,6,300,30,6,2,3,0.6,-92,-10,17,11,21,19,4.29,3.43,461,90,125,88,38,SUCCESS,Excellent,85
2026-07-01 18:00:00,UE01458,32.963068137239034,-97.00277095718863,SITE01,XYZ401,C,100,2.185,SSB_1,SSB_2,1,0,30,6,2,26,5.2,-105,-10,0,4,14,12,11.81,9.45,199,33,120,85,62,PREP_FAILURE,Fair,21
2026-07-01 19:00:00,UE01459,32.96439191446038,-96.99428691795264,SITE01,XYZ402,B,101,2.093,SSB_2,SSB_3,2,60,30,6,2,14,2.8,-108,-10,5,6,16,14,9.42,7.54,321,52,60,83,40,EXEC_FAILURE,Coverage_Hole,40
2026-07-01 20:00:00,UE01460,32.93446199654702,-97.02997922385939,SITE01,XYZ403,B,102,2.593,SSB_3,SSB_4,3,120,30,6,2,17,3.4,-104,-10,1,4,14,12,12.02,9.62,146,26,75,59,17,PREP_FAILURE,Excellent,23
2026-07-01 21:00:00,UE01461,32.945853147527785,-96.93933054652432,SITE01,XYZ401,A,100,2.759,SSB_4,SSB_5,4,180,30,6,2,3,0.6,-110,-10,1,4,14,12,11.35,9.08,175,33,27,70,62,EXEC_FAILURE,Fair,24
2026-07-01 22:00:00,UE01462,32.90064948262859,-96.95599596814316,SITE01,XYZ402,B,101,2.914,SSB_5,SSB_6,5,240,30,6,2,34,6.8,-121,-10,-2,3,13,11,13.08,10.46,141,28,33,72,48,EXEC_FAILURE,Excellent,12
2026-07-01 23:00:00,UE01463,32.962631336267215,-96.95412203028717,SITE01,XYZ403,C,102,2.62,SSB_6,SSB_1,6,300,30,6,2,18,3.6,-114,-10,4,6,16,14,10.71,8.57,295,45,61,65,43,EXEC_FAILURE,Fair,36
2026-07-01 00:00:00,UE01464,32.97585332571462,-96.9680702491059,SITE01,XYZ401,B,100,2.986,SSB_1,SSB_2,1,0,30,6,2,21,4.2,-114,-10,-5,2,12,10,14.84,11.87,73,12,85,52,58,EXEC_FAILURE,Fair,5
2026-07-01 01:00:00,UE01465,32.91118576992288,-96.95074612374779,SITE01,XYZ402,A,101,2.586,SSB_2,SSB_3,2,60,30,6,2,6,1.2,-114,-10,3,5,15,13,11.4,9.12,184,38,75,50,68,EXEC_FAILURE,Excellent,31
2026-07-01 02:00:00,UE01466,32.947382545576616,-96.97978693888818,SITE01,XYZ403,B,102,0.908,SSB_3,SSB_4,3,120,30,6,2,13,2.6,-88,-10,14,10,20,18,6.97,5.58,396,68,67,90,77,PREP_FAILURE,Coverage_Hole,73
2026-07-01 03:00:00,UE01467,32.97400339336201,-96.98222101191531,SITE01,XYZ401,A,100,2.694,SSB_4,SSB_5,4,180,30,6,2,17,3.4,-114,-10,-1,3,13,11,13.01,10.41,153,27,76,79,68,EXEC_FAILURE,Coverage_Hole,15
2026-07-01 04:00:00,UE01468,32.90796272930811,-96.9858919034493,SITE01,XYZ402,B,101,1.869,SSB_5,SSB_6,5,240,30,6,2,2,0.4,-98,-10,2,5,15,13,11.99,9.59,182,46,83,89,17,SUCCESS,Good,28
2026-07-01 05:00:00,UE01469,32.92580262030431,-96.98904500365946,SITE01,XYZ403,C,102,0.675,SSB_6,SSB_1,6,300,30,6,2,28,5.6,-89,-10,15,10,20,18,6.54,5.23,399,71,55,83,62,SUCCESS,Excellent,75
2026-07-01 06:00:00,UE01470,32.93236600226264,-96.95628754986713,SITE01,XYZ401,A,100,1.685,SSB_1,SSB_2,1,0,30,6,2,13,2.6,-102,-10,4,6,16,14,10.59,8.47,301,56,91,46,41,SUCCESS,Poor,36
2026-07-01 07:00:00,UE01471,32.8961834745196,-96.97724701342526,SITE01,XYZ402,B,101,2.72,SSB_2,SSB_3,2,60,30,6,2,34,6.8,-112,-10,0,4,14,12,12.3,9.84,154,37,30,55,80,EXEC_FAILURE,Excellent,20
2026-07-01 08:00:00,UE01472,32.9622134357205,-96.96499115776777,SITE01,XYZ403,C,102,2.21,SSB_3,SSB_4,3,120,30,6,2,7,1.4,-111,-10,3,5,15,13,10.16,8.13,197,36,24,94,28,PREP_FAILURE,Good,32
2026-07-01 09:00:00,UE01473,32.930795736085685,-97.02596223286344,SITE01,XYZ401,B,100,2.379,SSB_4,SSB_5,4,180,30,6,2,3,0.6,-114,-10,0,4,14,12,11.08,8.86,179,32,57,73,76,PREP_FAILURE,Coverage_Hole,21
2026-07-01 10:00:00,UE01474,32.95120991447712,-96.97003115311104,SITE01,XYZ402,A,101,1.42,SSB_5,SSB_6,5,240,30,6,2,25,5.0,-93,-10,9,8,18,16,8.35,6.68,376,69,125,36,82,SUCCESS,Fair,55
2026-07-01 11:00:00,UE01475,32.91679272251566,-96.94687236300311,SITE01,XYZ403,B,102,2.552,SSB_6,SSB_1,6,300,30,6,2,10,2.0,-116,-10,3,5,15,13,11.45,9.16,181,34,59,32,41,SUCCESS,Excellent,31
2026-07-01 12:00:00,UE01476,32.94160496014817,-97.03287242711798,SITE01,XYZ401,B,100,2.798,SSB_1,SSB_2,1,0,30,6,2,32,6.4,-115,-10,-1,3,13,11,13.37,10.7,160,19,29,87,79,EXEC_FAILURE,Coverage_Hole,15
2026-07-01 13:00:00,UE01477,32.934551434300076,-96.94132114260336,SITE01,XYZ402,B,101,2.541,SSB_2,SSB_3,2,60,30,6,2,23,4.6,-111,-10,2,5,15,13,10.07,8.06,216,47,109,87,57,SUCCESS,Fair,29
2026-07-01 14:00:00,UE01478,32.90858400860554,-96.96312520970277,SITE01,XYZ403,B,102,2.228,SSB_3,SSB_4,3,120,30,6,2,33,6.6,-105,-10,1,4,14,12,11.98,9.58,166,27,32,57,57,EXEC_FAILURE,Coverage_Hole,23
2026-07-01 15:00:00,UE01479,32.94802463111882,-97.01073560524084,SITE01,XYZ401,B,100,1.729,SSB_4,SSB_5,4,180,30,6,2,9,1.8,-104,-10,11,9,19,17,7.47,5.98,476,60,93,57,63,SUCCESS,Poor,63
2026-07-01 16:00:00,UE01480,32.90267166144969,-96.96758023967429,SITE01,XYZ402,A,101,2.455,SSB_5,SSB_6,5,240,30,6,2,0,0.0,-108,-10,3,5,15,13,11.34,9.07,224,44,40,54,71,EXEC_FAILURE,Poor,31
2026-07-01 17:00:00,UE01481,32.93584964424016,-96.9384182577497,SITE01,XYZ403,C,102,2.71,SSB_6,SSB_1,6,300,30,6,2,25,5.0,-106,-10,-3,3,13,11,12.32,9.86,147,25,105,77,21,PREP_FAILURE,Fair,11
2026-07-01 18:00:00,UE01482,32.95458130332452,-97.00205122960391,SITE01,XYZ401,C,100,1.665,SSB_1,SSB_2,1,0,30,6,2,32,6.4,-93,-10,9,8,18,16,8.15,6.52,315,66,64,86,55,SUCCESS,Coverage_Hole,55
2026-07-01 19:00:00,UE01483,32.93221582010234,-96.98562168676101,SITE01,XYZ402,C,101,0.196,SSB_2,SSB_3,2,60,30,6,2,18,3.6,-86,-10,17,11,21,19,5.54,4.43,574,97,80,22,68,SUCCESS,Poor,83
2026-07-01 20:00:00,UE01484,32.96253904462117,-97.0020948566229,SITE01,XYZ403,C,102,2.135,SSB_3,SSB_4,3,120,30,6,2,5,1.0,-104,-10,0,4,14,12,12.29,9.83,155,28,123,82,36,PREP_FAILURE,Poor,20
2026-07-01 21:00:00,UE01485,32.919186899203076,-96.98725694278721,SITE01,XYZ401,C,100,1.1,SSB_4,SSB_5,4,180,30,6,2,14,2.8,-89,-10,11,9,19,17,7.4,5.92,448,66,51,64,28,EXEC_FAILURE,Poor,63
2026-07-01 22:00:00,UE01486,32.903407830338125,-96.98081612138056,SITE01,XYZ402,C,101,2.197,SSB_5,SSB_6,5,240,30,6,2,21,4.2,-113,-10,3,5,15,13,11.37,9.1,243,37,76,37,42,EXEC_FAILURE,Poor,31
2026-07-01 23:00:00,UE01487,32.92391691638085,-96.95756127307268,SITE01,XYZ403,C,102,1.775,SSB_6,SSB_1,6,300,30,6,2,6,1.2,-103,-10,2,5,15,13,11.32,9.06,199,47,63,91,61,SUCCESS,Good,28
2026-07-01 00:00:00,UE01488,32.9215833689403,-97.02899485986639,SITE01,XYZ401,C,100,2.701,SSB_1,SSB_2,1,0,30,6,2,1,0.2,-112,-10,0,4,14,12,12.29,9.83,205,30,59,68,49,PREP_FAILURE,Poor,20
2026-07-01 01:00:00,UE01489,32.919840517413355,-96.94056687938894,SITE01,XYZ402,C,101,2.789,SSB_2,SSB_3,2,60,30,6,2,3,0.6,-117,-10,-1,3,13,11,13.77,11.02,117,25,28,24,80,PREP_FAILURE,Good,14
2026-07-01 02:00:00,UE01490,32.90141801043961,-96.98002489615175,SITE01,XYZ403,C,102,2.339,SSB_3,SSB_4,3,120,30,6,2,31,6.2,-111,-10,1,4,14,12,12.47,9.98,209,26,18,39,81,SUCCESS,Poor,23
2026-07-01 03:00:00,UE01491,32.968342142297786,-96.99950522914749,SITE01,XYZ401,A,100,2.443,SSB_4,SSB_5,4,180,30,6,2,32,6.4,-104,-10,0,4,14,12,12.29,9.83,178,26,56,48,33,EXEC_FAILURE,Poor,20
2026-07-01 04:00:00,UE01492,32.903990715149405,-96.98637916242714,SITE01,XYZ402,A,101,2.143,SSB_5,SSB_6,5,240,30,6,2,22,4.4,-107,-10,2,5,15,13,10.82,8.66,216,37,77,78,66,SUCCESS,Coverage_Hole,29
2026-07-01 05:00:00,UE01493,32.94346464675345,-96.97603934249584,SITE01,XYZ403,B,102,0.787,SSB_6,SSB_1,6,300,30,6,2,5,1.0,-87,-10,17,11,21,19,5.69,4.55,573,86,121,36,48,PREP_FAILURE,Poor,83
2026-07-01 06:00:00,UE01494,32.94250516952306,-96.96977418817237,SITE01,XYZ401,A,100,1.031,SSB_1,SSB_2,1,0,30,6,2,9,1.8,-99,-10,11,9,19,17,6.94,5.55,393,76,123,31,60,EXEC_FAILURE,Fair,63
2026-07-01 07:00:00,UE01495,32.94463179553628,-97.00635397771435,SITE01,XYZ402,A,101,1.392,SSB_2,SSB_3,2,60,30,6,2,0,0.0,-95,-10,12,9,19,17,6.21,4.97,469,80,121,86,63,PREP_FAILURE,Excellent,66
2026-07-01 08:00:00,UE01496,32.916894551559146,-96.99658358033192,SITE01,XYZ403,B,102,1.415,SSB_3,SSB_4,3,120,30,6,2,19,3.8,-93,-10,6,6,16,14,10.22,8.18,227,50,68,31,39,EXEC_FAILURE,Poor,41
2026-07-01 09:00:00,UE01497,32.89675679216778,-96.96224390089604,SITE01,XYZ401,C,100,2.957,SSB_4,SSB_5,4,180,30,6,2,26,5.2,-119,-10,-4,2,12,10,14.99,11.99,99,15,45,21,56,EXEC_FAILURE,Coverage_Hole,5
2026-07-01 10:00:00,UE01498,32.952890789320904,-97.01746930022738,SITE01,XYZ402,C,101,2.238,SSB_5,SSB_6,5,240,30,6,2,18,3.6,-106,-10,6,6,16,14,10.86,8.69,264,57,22,62,23,EXEC_FAILURE,Poor,41
2026-07-01 11:00:00,UE01499,32.95670690203713,-96.97663780147714,SITE01,XYZ403,A,102,1.575,SSB_6,SSB_1,6,300,30,6,2,14,2.8,-96,-10,14,10,20,18,5.25,4.2,394,73,25,55,29,SUCCESS,Good,74
2026-07-01 12:00:00,UE01500,32.933314401417995,-96.96812424081998,SITE01,XYZ401,C,100,0.996,SSB_1,SSB_2,1,0,30,6,2,21,4.2,-95,-10,11,9,19,17,6.26,5.01,361,76,95,81,89,EXEC_FAILURE,Fair,64
2026-07-01 13:00:00,UE01501,32.94442701643234,-97.00848597776535,SITE01,XYZ402,B,101,1.496,SSB_2,SSB_3,2,60,30,6,2,6,1.2,-96,-10,9,8,18,16,7.1,5.68,402,69,105,67,51,EXEC_FAILURE,Poor,56
2026-07-01 14:00:00,UE01502,32.93283844969841,-96.99687487667913,SITE01,XYZ403,B,102,0.693,SSB_3,SSB_4,3,120,30,6,2,7,1.4,-82,-10,16,11,21,19,4.54,3.63,574,105,105,40,29,SUCCESS,Excellent,82
2026-07-01 15:00:00,UE01503,32.926740527296815,-97.02666528778572,SITE01,XYZ401,C,100,2.468,SSB_4,SSB_5,4,180,30,6,2,30,6.0,-110,-10,2,5,15,13,10.54,8.43,241,47,113,96,50,EXEC_FAILURE,Poor,29
2026-07-01 16:00:00,UE01504,32.951771794942466,-97.00771294561909,SITE01,XYZ402,C,101,1.742,SSB_5,SSB_6,5,240,30,6,2,14,2.8,-101,-10,5,6,16,14,10.52,8.42,318,57,108,51,43,EXEC_FAILURE,Good,38
2026-07-01 17:00:00,UE01505,32.956298962243224,-96.95837534886178,SITE01,XYZ403,A,102,2.137,SSB_6,SSB_1,6,300,30,6,2,9,1.8,-107,-10,6,6,16,14,10.25,8.2,233,42,24,25,18,SUCCESS,Good,41
2026-07-01 18:00:00,UE01506,32.90421606169122,-96.9839711692549,SITE01,XYZ401,A,100,2.128,SSB_1,SSB_2,1,0,30,6,2,5,1.0,-104,-10,1,4,14,12,11.72,9.38,157,29,74,42,61,SUCCESS,Fair,23
2026-07-01 19:00:00,UE01507,32.942126997874276,-96.93984703544815,SITE01,XYZ402,A,101,2.672,SSB_2,SSB_3,2,60,30,6,2,14,2.8,-114,-10,0,4,14,12,12.7,10.16,212,34,107,42,87,EXEC_FAILURE,Excellent,20
2026-07-01 20:00:00,UE01508,32.931600746339726,-97.0041525784402,SITE01,XYZ403,C,102,1.123,SSB_3,SSB_4,3,120,30,6,2,8,1.6,-89,-10,12,9,19,17,6.62,5.3,330,76,39,90,50,SUCCESS,Poor,66
2026-07-01 21:00:00,UE01509,32.94146823136517,-96.95470724542821,SITE01,XYZ401,A,100,1.821,SSB_4,SSB_5,4,180,30,6,2,18,3.6,-103,-10,5,6,16,14,9.38,7.5,321,43,60,75,84,SUCCESS,Coverage_Hole,40
2026-07-01 22:00:00,UE01510,32.92205215498267,-96.95556276167433,SITE01,XYZ402,A,101,1.936,SSB_5,SSB_6,5,240,30,6,2,32,6.4,-101,-10,4,6,16,14,9.32,7.46,235,49,61,63,41,PREP_FAILURE,Coverage_Hole,37
2026-07-01 23:00:00,UE01511,32.906945195171204,-96.94634833772726,SITE01,XYZ403,A,102,2.97,SSB_6,SSB_1,6,300,30,6,2,9,1.8,-117,-10,-6,1,11,9,15.45,12.36,37,8,47,97,51,PREP_FAILURE,Excellent,5
2026-07-01 00:00:00,UE01512,32.93247903912145,-96.93356179426506,SITE01,XYZ401,A,100,2.996,SSB_1,SSB_2,1,0,30,6,2,13,2.6,-116,-10,2,5,15,13,10.63,8.5,194,46,28,40,71,EXEC_FAILURE,Good,29
2026-07-01 01:00:00,UE01513,32.96771136590356,-96.97869600065414,SITE01,XYZ402,C,101,2.286,SSB_2,SSB_3,2,60,30,6,2,2,0.4,-110,-10,4,6,16,14,9.11,7.29,307,49,43,53,21,SUCCESS,Coverage_Hole,37
2026-07-01 02:00:00,UE01514,32.93014724966901,-96.98693390511804,SITE01,XYZ403,B,102,0.352,SSB_3,SSB_4,3,120,30,6,2,29,5.8,-83,-10,17,11,21,19,4.18,3.34,566,91,85,36,19,SUCCESS,Good,85
2026-07-01 03:00:00,UE01515,32.9021914724696,-96.98131895982497,SITE01,XYZ401,B,100,2.277,SSB_4,SSB_5,4,180,30,6,2,14,2.8,-106,-10,5,6,16,14,10.6,8.48,300,42,70,79,41,PREP_FAILURE,Good,38
2026-07-01 04:00:00,UE01516,32.97765782984035,-96.97533521783626,SITE01,XYZ402,A,101,2.996,SSB_5,SSB_6,5,240,30,6,2,29,5.8,-113,-10,-4,2,12,10,14.69,11.75,98,18,37,53,78,EXEC_FAILURE,Coverage_Hole,5
2026-07-01 05:00:00,UE01517,32.964918845479005,-96.95225342440483,SITE01,XYZ403,C,102,2.809,SSB_6,SSB_1,6,300,30,6,2,26,5.2,-121,-10,-3,3,13,11,12.03,9.62,150,27,74,78,50,SUCCESS,Fair,11
2026-07-01 06:00:00,UE01518,32.89933204553124,-96.99465122639864,SITE01,XYZ401,C,100,2.524,SSB_1,SSB_2,1,0,30,6,2,13,2.6,-109,-10,5,6,16,14,9.57,7.66,295,49,69,87,32,SUCCESS,Poor,39
2026-07-01 07:00:00,UE01519,32.92263638766036,-97.03348659995635,SITE01,XYZ402,B,101,2.924,SSB_2,SSB_3,2,60,30,6,2,6,1.2,-121,-10,-5,2,12,10,14.72,11.78,104,18,22,95,45,EXEC_FAILURE,Excellent,5
2026-07-01 08:00:00,UE01520,32.91720398180986,-96.96309600835265,SITE01,XYZ403,C,102,1.776,SSB_3,SSB_4,3,120,30,6,2,29,5.8,-101,-10,12,9,19,17,7.14,5.71,439,79,31,91,81,EXEC_FAILURE,Good,65
2026-07-01 09:00:00,UE01521,32.93185174407997,-96.9371214181802,SITE01,XYZ401,B,100,2.793,SSB_4,SSB_5,4,180,30,6,2,13,2.6,-115,-10,0,4,14,12,12.06,9.65,153,27,33,36,68,EXEC_FAILURE,Good,20
2026-07-01 10:00:00,UE01522,32.906324562176025,-96.97623448511065,SITE01,XYZ402,B,101,2.048,SSB_5,SSB_6,5,240,30,6,2,4,0.8,-109,-10,5,6,16,14,9.52,7.62,255,55,94,76,86,PREP_FAILURE,Good,39
2026-07-01 11:00:00,UE01523,32.936936951360124,-96.96097362756315,SITE01,XYZ403,B,102,1.409,SSB_6,SSB_1,6,300,30,6,2,8,1.6,-93,-10,9,8,18,16,8.04,6.43,315,58,79,22,88,SUCCESS,Poor,55
2026-07-01 12:00:00,UE01524,32.96765567802657,-96.99059188290364,SITE01,XYZ401,A,100,2.272,SSB_1,SSB_2,1,0,30,6,2,0,0.0,-111,-10,6,6,16,14,10.36,8.29,282,48,99,96,59,SUCCESS,Coverage_Hole,41
2026-07-01 13:00:00,UE01525,32.94849297266115,-96.98769057845817,SITE01,XYZ402,B,101,0.94,SSB_2,SSB_3,2,60,30,6,2,31,6.2,-92,-10,11,9,19,17,6.64,5.31,336,61,89,66,39,EXEC_FAILURE,Coverage_Hole,63
2026-07-01 14:00:00,UE01526,32.9699657473709,-96.98609080027987,SITE01,XYZ403,C,102,2.411,SSB_3,SSB_4,3,120,30,6,2,26,5.2,-113,-10,0,4,14,12,12.94,10.35,156,32,96,44,72,SUCCESS,Poor,20
2026-07-01 15:00:00,UE01527,32.93637137573034,-96.95233418381821,SITE01,XYZ401,B,100,1.906,SSB_4,SSB_5,4,180,30,6,2,14,2.8,-96,-10,3,5,15,13,10.33,8.26,219,42,38,84,32,PREP_FAILURE,Coverage_Hole,32
2026-07-01 16:00:00,UE01528,32.975286381730136,-96.99451775240475,SITE01,XYZ402,A,101,2.829,SSB_5,SSB_6,5,240,30,6,2,6,1.2,-114,-10,3,5,15,13,10.54,8.43,269,41,30,41,67,EXEC_FAILURE,Excellent,31
2026-07-01 17:00:00,UE01529,32.924708947393256,-97.00616939193868,SITE01,XYZ403,A,102,1.408,SSB_6,SSB_1,6,300,30,6,2,20,4.0,-95,-10,12,9,19,17,6.83,5.46,382,78,61,94,63,SUCCESS,Fair,66
2026-07-01 18:00:00,UE01530,32.943633235015135,-96.94029662356311,SITE01,XYZ401,B,100,2.667,SSB_1,SSB_2,1,0,30,6,2,9,1.8,-110,-10,-1,3,13,11,12.1,9.68,135,23,17,30,22,PREP_FAILURE,Coverage_Hole,16
2026-07-01 19:00:00,UE01531,32.94174598022476,-96.97630163442302,SITE01,XYZ402,A,101,0.693,SSB_2,SSB_3,2,60,30,6,2,3,0.6,-88,-10,11,9,19,17,7.43,5.94,345,78,118,27,27,EXEC_FAILURE,Fair,63
2026-07-01 20:00:00,UE01532,32.915326993534755,-96.947146362031,SITE01,XYZ403,C,102,2.59,SSB_3,SSB_4,3,120,30,6,2,33,6.6,-115,-10,0,4,14,12,11.29,9.03,157,29,18,46,56,PREP_FAILURE,Coverage_Hole,21
2026-07-01 21:00:00,UE01533,32.9649296388125,-96.99016637166025,SITE01,XYZ401,B,100,2.083,SSB_4,SSB_5,4,180,30,6,2,9,1.8,-106,-10,8,7,17,15,9.55,7.64,276,57,119,31,88,SUCCESS,Fair,49
2026-07-01 22:00:00,UE01534,32.89753045677865,-96.98950982757421,SITE01,XYZ402,A,101,2.6,SSB_5,SSB_6,5,240,30,6,2,13,2.6,-111,-10,0,4,14,12,12.67,10.14,209,32,90,53,86,EXEC_FAILURE,Coverage_Hole,20
2026-07-01 23:00:00,UE01535,32.9301136741288,-96.9727189077565,SITE01,XYZ403,C,102,0.799,SSB_6,SSB_1,6,300,30,6,2,10,2.0,-88,-10,15,10,20,18,5.86,4.69,490,86,45,63,59,SUCCESS,Excellent,76
2026-07-01 00:00:00,UE01536,32.90468974902028,-96.95206410594862,SITE01,XYZ401,B,100,2.84,SSB_1,SSB_2,1,0,30,6,2,30,6.0,-112,-10,3,5,15,13,10.11,8.09,187,32,102,59,31,SUCCESS,Good,32
2026-07-01 01:00:00,UE01537,32.89864100336816,-96.9610253275393,SITE01,XYZ402,C,101,2.875,SSB_2,SSB_3,2,60,30,6,2,2,0.4,-118,-10,-3,3,13,11,12.91,10.33,151,21,42,24,30,SUCCESS,Poor,10
2026-07-01 02:00:00,UE01538,32.95769510799183,-96.96554289441832,SITE01,XYZ403,A,102,1.934,SSB_3,SSB_4,3,120,30,6,2,33,6.6,-103,-10,8,7,17,15,8.81,7.05,326,49,105,75,16,PREP_FAILURE,Coverage_Hole,50
2026-07-01 03:00:00,UE01539,32.94505447511524,-96.99683706245956,SITE01,XYZ401,A,100,0.965,SSB_4,SSB_5,4,180,30,6,2,33,6.6,-86,-10,8,7,17,15,9.8,7.84,303,62,25,97,61,EXEC_FAILURE,Fair,49
2026-07-01 04:00:00,UE01540,32.90210303313195,-97.01865203503057,SITE01,XYZ402,A,101,2.986,SSB_5,SSB_6,5,240,30,6,2,11,2.2,-123,-10,-5,2,12,10,13.08,10.46,97,15,43,45,51,PREP_FAILURE,Excellent,5
2026-07-01 05:00:00,UE01541,32.93699886564386,-96.94547475701134,SITE01,XYZ403,A,102,2.305,SSB_6,SSB_1,6,300,30,6,2,8,1.6,-112,-10,0,4,14,12,12.31,9.85,153,29,84,85,66,SUCCESS,Poor,20
2026-07-01 06:00:00,UE01542,32.94377612257401,-97.00267424203074,SITE01,XYZ401,C,100,1.178,SSB_1,SSB_2,1,0,30,6,2,34,6.8,-94,-10,18,12,22,20,4.82,3.86,438,90,54,46,50,SUCCESS,Poor,89
2026-07-01 07:00:00,UE01543,32.952683320191106,-96.98894128204434,SITE01,XYZ402,B,101,1.237,SSB_2,SSB_3,2,60,30,6,2,29,5.8,-95,-10,13,9,19,17,7.97,6.38,329,76,28,75,33,PREP_FAILURE,Good,67
2026-07-01 08:00:00,UE01544,32.90064702316871,-96.99571719636786,SITE01,XYZ403,B,102,2.45,SSB_3,SSB_4,3,120,30,6,2,4,0.8,-115,-10,0,4,14,12,12.2,9.76,203,33,42,62,32,EXEC_FAILURE,Coverage_Hole,20
2026-07-01 09:00:00,UE01545,32.9567346249056,-96.96495639325141,SITE01,XYZ401,B,100,1.902,SSB_4,SSB_5,4,180,30,6,2,19,3.8,-110,-10,7,7,17,15,8.99,7.19,307,50,55,94,46,PREP_FAILURE,Poor,47
2026-07-01 10:00:00,UE01546,32.93055218003472,-97.03115180959979,SITE01,XYZ402,A,101,2.679,SSB_5,SSB_6,5,240,30,6,2,16,3.2,-115,-10,-2,3,13,11,13.15,10.52,123,23,67,92,69,SUCCESS,Coverage_Hole,12
2026-07-01 11:00:00,UE01547,32.95891985772502,-96.9690826509093,SITE01,XYZ403,C,102,1.894,SSB_6,SSB_1,6,300,30,6,2,24,4.8,-98,-10,6,6,16,14,9.24,7.39,228,39,47,87,21,SUCCESS,Good,42
2026-07-01 12:00:00,UE01548,32.92628246444078,-96.99086166244922,SITE01,XYZ401,A,100,0.687,SSB_1,SSB_2,1,0,30,6,2,20,4.0,-87,-10,17,11,21,19,4.42,3.54,499,93,80,72,35,EXEC_FAILURE,Fair,85
2026-07-01 13:00:00,UE01549,32.91137245473179,-96.9730970923515,SITE01,XYZ402,B,101,1.777,SSB_2,SSB_3,2,60,30,6,2,31,6.2,-101,-10,6,6,16,14,9.51,7.61,222,55,101,97,43,SUCCESS,Good,42
2026-07-01 14:00:00,UE01550,32.91692245208824,-96.99871645127634,SITE01,XYZ403,C,102,1.475,SSB_3,SSB_4,3,120,30,6,2,13,2.6,-95,-10,10,8,18,16,8.22,6.58,353,65,31,41,44,SUCCESS,Poor,57
2026-07-01 15:00:00,UE01551,32.89582412809886,-96.9700827540303,SITE01,XYZ401,A,100,2.844,SSB_4,SSB_5,4,180,30,6,2,2,0.4,-118,-10,0,4,14,12,11.31,9.05,181,33,113,88,49,EXEC_FAILURE,Fair,21
2026-07-01 16:00:00,UE01552,32.938687081532855,-96.96315690379335,SITE01,XYZ402,A,101,1.301,SSB_5,SSB_6,5,240,30,6,2,1,0.2,-95,-10,10,8,18,16,8.01,6.41,322,65,45,88,38,SUCCESS,Good,57
2026-07-01 17:00:00,UE01553,32.93515995686062,-96.95094673976392,SITE01,XYZ403,A,102,1.984,SSB_6,SSB_1,6,300,30,6,2,29,5.8,-107,-10,6,6,16,14,10.72,8.58,243,45,77,27,42,SUCCESS,Excellent,41
2026-07-01 18:00:00,UE01554,32.90770698218012,-96.95753174948852,SITE01,XYZ401,A,100,2.475,SSB_1,SSB_2,1,0,30,6,2,2,0.4,-108,-10,1,4,14,12,11.38,9.1,182,28,92,82,25,SUCCESS,Fair,24
2026-07-01 19:00:00,UE01555,32.93259737916591,-96.97414304687341,SITE01,XYZ402,C,101,0.662,SSB_2,SSB_3,2,60,30,6,2,27,5.4,-80,-10,12,9,19,17,7.6,6.08,380,71,43,78,32,SUCCESS,Fair,65
2026-07-01 20:00:00,UE01556,32.936595565367334,-97.01609986973047,SITE01,XYZ403,A,102,1.793,SSB_3,SSB_4,3,120,30,6,2,10,2.0,-104,-10,7,7,17,15,8.17,6.54,277,48,80,75,26,PREP_FAILURE,Good,48
2026-07-01 21:00:00,UE01557,32.96907932104893,-97.00319101321001,SITE01,XYZ401,C,100,2.57,SSB_4,SSB_5,4,180,30,6,2,9,1.8,-109,-10,3,5,15,13,10.72,8.58,229,42,117,66,39,PREP_FAILURE,Fair,31
2026-07-01 22:00:00,UE01558,32.945407421195824,-96.96181918241535,SITE01,XYZ402,B,101,1.532,SSB_5,SSB_6,5,240,30,6,2,2,0.4,-99,-10,6,6,16,14,9.99,7.99,222,56,32,73,31,PREP_FAILURE,Good,42
2026-07-01 23:00:00,UE01559,32.954564294489636,-97.01688442500426,SITE01,XYZ403,C,102,2.276,SSB_6,SSB_1,6,300,30,6,2,27,5.4,-110,-10,3,5,15,13,10.23,8.18,247,36,79,22,57,PREP_FAILURE,Excellent,32
2026-07-01 00:00:00,UE01560,32.972970539912794,-96.99588986399594,SITE01,XYZ401,A,100,2.69,SSB_1,SSB_2,1,0,30,6,2,26,5.2,-120,-10,-3,3,13,11,12.38,9.9,117,22,33,92,65,SUCCESS,Coverage_Hole,11
2026-07-01 01:00:00,UE01561,32.940047725393136,-96.95567217558134,SITE01,XYZ402,A,101,1.745,SSB_2,SSB_3,2,60,30,6,2,3,0.6,-106,-10,3,5,15,13,11.16,8.93,246,33,94,56,75,EXEC_FAILURE,Coverage_Hole,31
2026-07-01 02:00:00,UE01562,32.93769758244427,-96.94032480423952,SITE01,XYZ403,B,102,2.605,SSB_3,SSB_4,3,120,30,6,2,26,5.2,-109,-10,2,5,15,13,10.49,8.39,244,44,129,54,62,EXEC_FAILURE,Poor,29
2026-07-01 03:00:00,UE01563,32.92560032615511,-97.01502372238495,SITE01,XYZ401,A,100,1.846,SSB_4,SSB_5,4,180,30,6,2,8,1.6,-99,-10,4,6,16,14,9.27,7.42,263,51,31,31,71,SUCCESS,Fair,37
2026-07-01 04:00:00,UE01564,32.904523709681094,-96.99027908020943,SITE01,XYZ402,C,101,2.126,SSB_5,SSB_6,5,240,30,6,2,25,5.0,-103,-10,1,4,14,12,12.81,10.25,155,26,51,27,19,PREP_FAILURE,Fair,22
2026-07-01 05:00:00,UE01565,32.95014620310081,-97.00753932628095,SITE01,XYZ403,A,102,1.661,SSB_6,SSB_1,6,300,30,6,2,3,0.6,-104,-10,9,8,18,16,7.84,6.27,421,74,72,45,43,SUCCESS,Poor,55
2026-07-01 06:00:00,UE01566,32.897360120239156,-96.96219056832449,SITE01,XYZ401,A,100,2.921,SSB_1,SSB_2,1,0,30,6,2,32,6.4,-111,-10,-5,2,12,10,14.62,11.7,78,18,95,41,39,EXEC_FAILURE,Fair,5
2026-07-01 07:00:00,UE01567,32.912579803130185,-96.97524840107691,SITE01,XYZ402,A,101,1.653,SSB_2,SSB_3,2,60,30,6,2,21,4.2,-97,-10,5,6,16,14,9.37,7.5,253,51,105,74,31,PREP_FAILURE,Fair,40
2026-07-01 08:00:00,UE01568,32.93657616126249,-97.02631346379644,SITE01,XYZ403,C,102,2.383,SSB_3,SSB_4,3,120,30,6,2,22,4.4,-107,-10,-1,3,13,11,12.78,10.22,111,21,61,25,48,SUCCESS,Fair,15
2026-07-01 09:00:00,UE01569,32.917948010727876,-97.03133967959936,SITE01,XYZ401,B,100,2.92,SSB_4,SSB_5,4,180,30,6,2,21,4.2,-120,-10,-3,3,13,11,13.0,10.4,109,20,16,60,33,SUCCESS,Good,10
2026-07-01 10:00:00,UE01570,32.94270154042113,-96.94245331206518,SITE01,XYZ402,B,101,2.531,SSB_5,SSB_6,5,240,30,6,2,21,4.2,-111,-10,8,7,17,15,8.12,6.5,287,67,47,69,36,EXEC_FAILURE,Excellent,50
2026-07-01 11:00:00,UE01571,32.96143204879613,-97.00509749044136,SITE01,XYZ403,A,102,2.155,SSB_6,SSB_1,6,300,30,6,2,8,1.6,-113,-10,9,8,18,16,8.49,6.79,427,57,66,91,35,EXEC_FAILURE,Good,55
2026-07-01 12:00:00,UE01572,32.953344406737806,-96.96577318858694,SITE01,XYZ401,B,100,1.692,SSB_1,SSB_2,1,0,30,6,2,10,2.0,-101,-10,9,8,18,16,8.43,6.74,370,53,89,85,46,PREP_FAILURE,Fair,55
2026-07-01 13:00:00,UE01573,32.92665844675039,-97.01154040210474,SITE01,XYZ402,C,101,1.631,SSB_2,SSB_3,2,60,30,6,2,6,1.2,-97,-10,5,6,16,14,9.57,7.66,280,56,84,59,28,SUCCESS,Coverage_Hole,39
2026-07-01 14:00:00,UE01574,32.90420299935195,-96.98510076824641,SITE01,XYZ403,C,102,2.128,SSB_3,SSB_4,3,120,30,6,2,34,6.8,-102,-10,6,6,16,14,10.46,8.37,260,50,72,84,33,SUCCESS,Excellent,41
2026-07-01 15:00:00,UE01575,32.95088213193029,-96.99789894412919,SITE01,XYZ401,B,100,1.318,SSB_4,SSB_5,4,180,30,6,2,24,4.8,-96,-10,10,8,18,16,7.58,6.06,378,54,96,26,41,EXEC_FAILURE,Coverage_Hole,58
2026-07-01 16:00:00,UE01576,32.93329665481665,-97.0029077388846,SITE01,XYZ402,B,101,1.032,SSB_5,SSB_6,5,240,30,6,2,25,5.0,-94,-10,13,9,19,17,7.55,6.04,477,71,19,34,50,SUCCESS,Coverage_Hole,67
2026-07-01 17:00:00,UE01577,32.91146102831762,-97.01027544017452,SITE01,XYZ403,A,102,2.181,SSB_6,SSB_1,6,300,30,6,2,3,0.6,-108,-10,5,6,16,14,9.67,7.74,268,55,83,74,83,SUCCESS,Excellent,39
2026-07-01 18:00:00,UE01578,32.923450910027036,-97.01884921134042,SITE01,XYZ401,A,100,2.106,SSB_1,SSB_2,1,0,30,6,2,33,6.6,-101,-10,9,8,18,16,8.85,7.08,320,63,39,35,22,EXEC_FAILURE,Coverage_Hole,54
2026-07-01 19:00:00,UE01579,32.96282853354874,-97.02413005511937,SITE01,XYZ402,A,101,2.96,SSB_2,SSB_3,2,60,30,6,2,32,6.4,-111,-10,-5,2,12,10,14.43,11.54,104,18,74,21,27,PREP_FAILURE,Excellent,5
2026-07-01 20:00:00,UE01580,32.951807222367904,-97.01392928649179,SITE01,XYZ403,B,102,2.026,SSB_3,SSB_4,3,120,30,6,2,1,0.2,-108,-10,4,6,16,14,10.74,8.59,218,44,19,26,34,SUCCESS,Good,36
2026-07-01 21:00:00,UE01581,32.92039138363585,-96.94046713448786,SITE01,XYZ401,C,100,2.781,SSB_4,SSB_5,4,180,30,6,2,27,5.4,-119,-10,0,4,14,12,12.65,10.12,196,32,108,88,38,EXEC_FAILURE,Fair,20
2026-07-01 22:00:00,UE01582,32.9399801463205,-97.03277956384774,SITE01,XYZ402,A,101,2.776,SSB_5,SSB_6,5,240,30,6,2,34,6.8,-114,-10,1,4,14,12,12.06,9.65,208,33,127,34,74,EXEC_FAILURE,Fair,23
2026-07-01 23:00:00,UE01583,32.954565170406376,-96.9780679537285,SITE01,XYZ403,B,102,1.409,SSB_6,SSB_1,6,300,30,6,2,22,4.4,-99,-10,6,6,16,14,10.67,8.54,255,52,72,39,41,SUCCESS,Poor,41
2026-07-01 00:00:00,UE01584,32.93691412215894,-96.9864749635136,SITE01,XYZ401,A,100,0.149,SSB_1,SSB_2,1,0,30,6,2,31,6.2,-75,-10,17,11,21,19,4.37,3.5,559,76,109,42,88,EXEC_FAILURE,Fair,85
2026-07-01 01:00:00,UE01585,32.93859283327564,-97.01360848508314,SITE01,XYZ402,B,101,1.663,SSB_2,SSB_3,2,60,30,6,2,9,1.8,-98,-10,10,8,18,16,8.85,7.08,343,55,85,43,80,SUCCESS,Coverage_Hole,57
2026-07-01 02:00:00,UE01586,32.91196646267884,-96.99055382105446,SITE01,XYZ403,A,102,1.622,SSB_3,SSB_4,3,120,30,6,2,11,2.2,-100,-10,10,8,18,16,7.44,5.95,388,73,115,50,76,PREP_FAILURE,Good,58
2026-07-01 03:00:00,UE01587,32.96442180154645,-97.00437955427793,SITE01,XYZ401,B,100,2.312,SSB_4,SSB_5,4,180,30,6,2,4,0.8,-105,-10,3,5,15,13,11.17,8.94,209,40,37,26,70,EXEC_FAILURE,Coverage_Hole,31
2026-07-01 04:00:00,UE01588,32.945008273734004,-97.03555406697278,SITE01,XYZ402,A,101,2.996,SSB_5,SSB_6,5,240,30,6,2,13,2.6,-121,-10,-5,2,12,10,13.67,10.94,102,12,83,68,32,EXEC_FAILURE,Excellent,5
2026-07-01 05:00:00,UE01589,32.94826670994598,-97.00363064263982,SITE01,XYZ403,C,102,1.404,SSB_6,SSB_1,6,300,30,6,2,22,4.4,-97,-10,11,9,19,17,6.84,5.47,459,79,80,43,51,PREP_FAILURE,Fair,63
2026-07-01 06:00:00,UE01590,32.95454158065042,-97.01532393524388,SITE01,XYZ401,C,100,2.203,SSB_1,SSB_2,1,0,30,6,2,27,5.4,-103,-10,0,4,14,12,11.08,8.86,187,34,31,31,32,SUCCESS,Poor,21
2026-07-01 07:00:00,UE01591,32.90818527374677,-96.94616904570643,SITE01,XYZ402,A,101,2.923,SSB_2,SSB_3,2,60,30,6,2,18,3.6,-119,-10,-1,3,13,11,13.97,11.18,140,24,27,51,23,PREP_FAILURE,Excellent,14
2026-07-01 08:00:00,UE01592,32.94171490006589,-96.94556352782003,SITE01,XYZ403,C,102,2.341,SSB_3,SSB_4,3,120,30,6,2,2,0.4,-104,-10,4,6,16,14,9.72,7.78,302,45,58,26,47,SUCCESS,Good,37
2026-07-01 09:00:00,UE01593,32.971890925258144,-97.00821536361805,SITE01,XYZ401,C,100,2.871,SSB_4,SSB_5,4,180,30,6,2,17,3.4,-114,-10,-4,2,12,10,13.15,10.52,93,13,129,83,67,PREP_FAILURE,Excellent,5
2026-07-01 10:00:00,UE01594,32.9655522309267,-97.00232116439612,SITE01,XYZ402,C,101,2.327,SSB_5,SSB_6,5,240,30,6,2,21,4.2,-109,-10,6,6,16,14,10.65,8.52,261,43,115,85,23,EXEC_FAILURE,Poor,41
2026-07-01 11:00:00,UE01595,32.9360890799038,-97.00411848960789,SITE01,XYZ403,B,102,1.098,SSB_6,SSB_1,6,300,30,6,2,0,0.0,-92,-10,15,10,20,18,5.01,4.01,427,67,72,37,37,SUCCESS,Poor,77
2026-07-01 12:00:00,UE01596,32.92442416254374,-96.98276929513302,SITE01,XYZ401,C,100,0.746,SSB_1,SSB_2,1,0,30,6,2,11,2.2,-91,-10,14,10,20,18,5.08,4.06,407,69,127,22,36,PREP_FAILURE,Poor,74
2026-07-01 13:00:00,UE01597,32.95048145042891,-97.00182733524828,SITE01,XYZ402,B,101,1.436,SSB_2,SSB_3,2,60,30,6,2,7,1.4,-94,-10,7,7,17,15,8.97,7.18,347,49,24,35,30,PREP_FAILURE,Fair,47
2026-07-01 14:00:00,UE01598,32.92122433880224,-97.01000302519749,SITE01,XYZ403,B,102,1.724,SSB_3,SSB_4,3,120,30,6,2,17,3.4,-97,-10,4,6,16,14,9.72,7.78,301,41,125,80,26,EXEC_FAILURE,Fair,37
2026-07-01 15:00:00,UE01599,32.95599396518845,-97.0180140680171,SITE01,XYZ401,A,100,2.388,SSB_4,SSB_5,4,180,30,6,2,2,0.4,-105,-10,1,4,14,12,11.19,8.95,191,29,78,77,18,SUCCESS,Good,24
2026-07-01 16:00:00,UE01600,32.900869458888046,-96.98662962685258,SITE01,XYZ402,B,101,2.359,SSB_5,SSB_6,5,240,30,6,2,0,0.0,-113,-10,0,4,14,12,12.55,10.04,201,28,124,55,89,PREP_FAILURE,Excellent,20
2026-07-01 17:00:00,UE01601,32.97457229256956,-96.99457076457736,SITE01,XYZ403,B,102,2.781,SSB_6,SSB_1,6,300,30,6,2,4,0.8,-109,-10,2,5,15,13,11.25,9.0,236,34,120,85,67,SUCCESS,Coverage_Hole,28
2026-07-01 18:00:00,UE01602,32.96667826466509,-96.95044925945845,SITE01,XYZ401,A,100,2.969,SSB_1,SSB_2,1,0,30,6,2,5,1.0,-115,-10,-3,3,13,11,12.97,10.38,115,22,42,23,80,SUCCESS,Excellent,10
2026-07-01 19:00:00,UE01603,32.90891214117892,-97.00977069727166,SITE01,XYZ402,B,101,2.296,SSB_2,SSB_3,2,60,30,6,2,31,6.2,-110,-10,0,4,14,12,12.69,10.15,150,36,42,79,74,SUCCESS,Poor,20
2026-07-01 20:00:00,UE01604,32.9710047066673,-96.9654172013112,SITE01,XYZ403,B,102,2.733,SSB_3,SSB_4,3,120,30,6,2,5,1.0,-111,-10,1,4,14,12,11.26,9.01,191,31,87,31,46,PREP_FAILURE,Fair,24
2026-07-01 21:00:00,UE01605,32.97260534759379,-96.96052300803358,SITE01,XYZ401,B,100,2.96,SSB_4,SSB_5,4,180,30,6,2,8,1.6,-111,-10,-6,1,11,9,15.76,12.61,40,6,27,79,16,EXEC_FAILURE,Poor,5
2026-07-01 22:00:00,UE01606,32.970773737069194,-96.99191797610683,SITE01,XYZ402,C,101,2.496,SSB_5,SSB_6,5,240,30,6,2,29,5.8,-115,-10,2,5,15,13,11.99,9.59,227,45,45,74,39,PREP_FAILURE,Poor,28
2026-07-01 23:00:00,UE01607,32.93579198784904,-96.94872767485514,SITE01,XYZ403,C,102,2.113,SSB_6,SSB_1,6,300,30,6,2,32,6.4,-112,-10,9,8,18,16,7.41,5.93,349,68,90,69,51,EXEC_FAILURE,Coverage_Hole,56
2026-07-01 00:00:00,UE01608,32.91397735765504,-96.95711301408181,SITE01,XYZ401,C,100,2.181,SSB_1,SSB_2,1,0,30,6,2,20,4.0,-110,-10,8,7,17,15,9.32,7.46,372,50,105,31,71,PREP_FAILURE,Good,49
2026-07-01 01:00:00,UE01609,32.945164232557055,-96.97066955081706,SITE01,XYZ402,A,101,1.094,SSB_2,SSB_3,2,60,30,6,2,31,6.2,-92,-10,11,9,19,17,7.59,6.07,422,74,126,84,27,PREP_FAILURE,Fair,62
2026-07-01 02:00:00,UE01610,32.96643184792023,-96.99936859019101,SITE01,XYZ403,A,102,2.316,SSB_3,SSB_4,3,120,30,6,2,13,2.6,-103,-10,4,6,16,14,10.35,8.28,269,52,49,69,23,EXEC_FAILURE,Fair,36
2026-07-01 03:00:00,UE01611,32.91200158835833,-96.94492901329868,SITE01,XYZ401,B,100,2.822,SSB_4,SSB_5,4,180,30,6,2,19,3.8,-111,-10,-2,3,13,11,13.03,10.42,136,27,120,24,69,EXEC_FAILURE,Excellent,12
2026-07-01 04:00:00,UE01612,32.964915280446725,-96.99298721947378,SITE01,XYZ402,A,101,2.11,SSB_5,SSB_6,5,240,30,6,2,13,2.6,-105,-10,4,6,16,14,10.38,8.3,258,51,51,25,65,PREP_FAILURE,Excellent,36
2026-07-01 05:00:00,UE01613,32.913929232744756,-96.99776458345573,SITE01,XYZ403,A,102,1.628,SSB_6,SSB_1,6,300,30,6,2,9,1.8,-104,-10,5,6,16,14,10.21,8.17,304,40,114,45,31,EXEC_FAILURE,Fair,39
2026-07-01 06:00:00,UE01614,32.97477127731419,-97.00268892774002,SITE01,XYZ401,A,100,2.923,SSB_1,SSB_2,1,0,30,6,2,11,2.2,-114,-10,0,4,14,12,12.69,10.15,187,27,120,96,41,PREP_FAILURE,Coverage_Hole,20
2026-07-01 07:00:00,UE01615,32.9422748164862,-96.97719513797901,SITE01,XYZ402,A,101,0.681,SSB_2,SSB_3,2,60,30,6,2,28,5.6,-85,-10,15,10,20,18,5.13,4.1,413,64,66,53,87,EXEC_FAILURE,Coverage_Hole,77
2026-07-01 08:00:00,UE01616,32.9189054978393,-96.98360766881511,SITE01,XYZ403,C,102,1.117,SSB_3,SSB_4,3,120,30,6,2,24,4.8,-95,-10,11,9,19,17,7.47,5.98,411,63,83,90,37,SUCCESS,Excellent,63
2026-07-01 09:00:00,UE01617,32.92047769199216,-97.01839501445639,SITE01,XYZ401,A,100,2.169,SSB_4,SSB_5,4,180,30,6,2,32,6.4,-111,-10,5,6,16,14,10.26,8.21,280,39,41,61,83,EXEC_FAILURE,Excellent,39
2026-07-01 10:00:00,UE01618,32.90267668383887,-96.97806223646042,SITE01,XYZ402,A,101,2.271,SSB_5,SSB_6,5,240,30,6,2,21,4.2,-107,-10,3,5,15,13,11.32,9.06,232,45,64,23,86,SUCCESS,Poor,31
2026-07-01 11:00:00,UE01619,32.972272841703955,-96.98883136729464,SITE01,XYZ403,C,102,2.578,SSB_6,SSB_1,6,300,30,6,2,24,4.8,-109,-10,1,4,14,12,11.11,8.89,184,37,69,58,79,EXEC_FAILURE,Good,24
2026-07-01 12:00:00,UE01620,32.924815552288344,-96.99408960973791,SITE01,XYZ401,B,100,0.873,SSB_1,SSB_2,1,0,30,6,2,34,6.8,-90,-10,11,9,19,17,7.93,6.34,355,58,59,96,68,EXEC_FAILURE,Coverage_Hole,62
2026-07-01 13:00:00,UE01621,32.91897047185649,-96.93838159733157,SITE01,XYZ402,B,101,2.929,SSB_2,SSB_3,2,60,30,6,2,3,0.6,-117,-10,-8,1,11,9,15.03,12.02,36,8,129,58,19,EXEC_FAILURE,Poor,5
2026-07-01 14:00:00,UE01622,32.90649079040388,-96.99175494292408,SITE01,XYZ403,B,102,2.006,SSB_3,SSB_4,3,120,30,6,2,31,6.2,-109,-10,5,6,16,14,10.54,8.43,275,43,98,25,87,SUCCESS,Good,38
2026-07-01 15:00:00,UE01623,32.94853931354253,-97.00289686788501,SITE01,XYZ401,B,100,1.385,SSB_4,SSB_5,4,180,30,6,2,30,6.0,-90,-10,12,9,19,17,7.91,6.33,428,85,107,42,24,SUCCESS,Excellent,65
2026-07-01 16:00:00,UE01624,32.974004253831104,-96.97926275266538,SITE01,XYZ402,C,101,2.711,SSB_5,SSB_6,5,240,30,6,2,0,0.0,-110,-10,0,4,14,12,11.36,9.09,169,29,66,76,23,PREP_FAILURE,Poor,21
2026-07-01 17:00:00,UE01625,32.910642895853336,-96.9751928611673,SITE01,XYZ403,B,102,1.78,SSB_6,SSB_1,6,300,30,6,2,11,2.2,-105,-10,6,6,16,14,10.98,8.78,305,48,81,45,26,PREP_FAILURE,Coverage_Hole,41
2026-07-01 18:00:00,UE01626,32.90611108939416,-96.94677074321692,SITE01,XYZ401,B,100,2.989,SSB_1,SSB_2,1,0,30,6,2,17,3.4,-110,-10,-4,2,12,10,14.87,11.9,104,13,115,80,57,EXEC_FAILURE,Good,5
2026-07-01 19:00:00,UE01627,32.946500624529804,-96.99476337873578,SITE01,XYZ402,C,101,0.966,SSB_2,SSB_3,2,60,30,6,2,17,3.4,-93,-10,12,9,19,17,7.18,5.74,352,77,39,41,45,EXEC_FAILURE,Coverage_Hole,65
2026-07-01 20:00:00,UE01628,32.95936743488316,-97.00905671738634,SITE01,XYZ403,A,102,2.174,SSB_3,SSB_4,3,120,30,6,2,5,1.0,-112,-10,4,6,16,14,10.82,8.66,285,47,82,33,44,PREP_FAILURE,Poor,36
2026-07-01 21:00:00,UE01629,32.950771203537975,-97.00593704333927,SITE01,XYZ401,C,100,1.619,SSB_4,SSB_5,4,180,30,6,2,27,5.4,-100,-10,9,8,18,16,8.48,6.78,385,58,114,20,36,EXEC_FAILURE,Coverage_Hole,55
2026-07-01 22:00:00,UE01630,32.92393542225236,-96.94665227246398,SITE01,XYZ402,C,101,2.36,SSB_5,SSB_6,5,240,30,6,2,9,1.8,-109,-10,5,6,16,14,10.98,8.78,291,42,44,40,48,SUCCESS,Good,38
2026-07-01 23:00:00,UE01631,32.94112869289459,-96.99224036991146,SITE01,XYZ403,C,102,0.586,SSB_6,SSB_1,6,300,30,6,2,0,0.0,-88,-10,19,12,22,20,4.07,3.26,480,86,113,96,64,SUCCESS,Good,92
2026-07-01 00:00:00,UE01632,32.9083337321006,-96.98829458557697,SITE01,XYZ401,A,100,1.851,SSB_1,SSB_2,1,0,30,6,2,19,3.8,-98,-10,6,6,16,14,10.38,8.3,246,46,48,33,82,SUCCESS,Coverage_Hole,41
2026-07-01 01:00:00,UE01633,32.967538587339554,-97.01458871122756,SITE01,XYZ402,B,101,2.815,SSB_2,SSB_3,2,60,30,6,2,20,4.0,-115,-10,1,4,14,12,12.32,9.86,184,26,33,56,18,SUCCESS,Fair,23
2026-07-01 02:00:00,UE01634,32.93500124754828,-96.93498086586358,SITE01,XYZ403,A,102,2.908,SSB_3,SSB_4,3,120,30,6,2,31,6.2,-112,-10,-6,1,11,9,15.52,12.42,45,9,18,92,60,PREP_FAILURE,Poor,5
2026-07-01 03:00:00,UE01635,32.939844185649484,-96.98248341412977,SITE01,XYZ401,B,100,0.367,SSB_4,SSB_5,4,180,30,6,2,15,3.0,-84,-10,18,12,22,20,4.38,3.5,608,110,21,51,30,EXEC_FAILURE,Excellent,89
2026-07-01 04:00:00,UE01636,32.9441176826554,-97.03412671331127,SITE01,XYZ402,A,101,2.902,SSB_5,SSB_6,5,240,30,6,2,6,1.2,-120,-10,3,5,15,13,10.22,8.18,243,47,94,51,22,SUCCESS,Coverage_Hole,32
2026-07-01 05:00:00,UE01637,32.9627766958296,-96.99419839982323,SITE01,XYZ403,B,102,1.984,SSB_6,SSB_1,6,300,30,6,2,19,3.8,-107,-10,4,6,16,14,9.93,7.94,285,38,114,90,47,EXEC_FAILURE,Poor,37
2026-07-01 06:00:00,UE01638,32.93301159542768,-96.97405164040624,SITE01,XYZ401,C,100,0.661,SSB_1,SSB_2,1,0,30,6,2,15,3.0,-82,-10,21,13,23,21,3.27,2.62,635,83,63,42,69,SUCCESS,Fair,100
2026-07-01 07:00:00,UE01639,32.96766880752444,-96.98689740698673,SITE01,XYZ402,B,101,2.254,SSB_2,SSB_3,2,60,30,6,2,4,0.8,-107,-10,7,7,17,15,8.78,7.02,326,56,127,30,79,PREP_FAILURE,Excellent,47
2026-07-01 08:00:00,UE01640,32.944961667666426,-96.97800551321944,SITE01,XYZ403,C,102,0.802,SSB_3,SSB_4,3,120,30,6,2,21,4.2,-93,-10,17,11,21,19,5.32,4.26,424,84,50,40,50,PREP_FAILURE,Excellent,84
2026-07-01 09:00:00,UE01641,32.91332997157672,-96.94257271417419,SITE01,XYZ401,C,100,2.888,SSB_4,SSB_5,4,180,30,6,2,8,1.6,-117,-10,3,5,15,13,11.25,9.0,225,47,18,61,84,PREP_FAILURE,Poor,31
2026-07-01 10:00:00,UE01642,32.90093071912699,-97.00221746312097,SITE01,XYZ402,A,101,2.551,SSB_5,SSB_6,5,240,30,6,2,8,1.6,-114,-10,5,6,16,14,9.13,7.3,250,44,92,57,76,PREP_FAILURE,Poor,40
2026-07-01 11:00:00,UE01643,32.91939741981939,-97.0186958130363,SITE01,XYZ403,B,102,2.22,SSB_6,SSB_1,6,300,30,6,2,22,4.4,-99,-10,3,5,15,13,10.07,8.06,248,32,31,94,46,SUCCESS,Poor,32
2026-07-01 12:00:00,UE01644,32.92836916621943,-97.01593059084865,SITE01,XYZ401,C,100,1.838,SSB_1,SSB_2,1,0,30,6,2,7,1.4,-104,-10,8,7,17,15,9.8,7.84,260,64,54,32,41,PREP_FAILURE,Excellent,49
2026-07-01 13:00:00,UE01645,32.97057435779163,-96.96464507800984,SITE01,XYZ402,B,101,2.726,SSB_2,SSB_3,2,60,30,6,2,5,1.0,-116,-10,-3,3,13,11,13.25,10.6,144,20,63,40,37,SUCCESS,Coverage_Hole,10
2026-07-01 14:00:00,UE01646,32.91180623524753,-97.00242953398715,SITE01,XYZ403,A,102,1.888,SSB_3,SSB_4,3,120,30,6,2,34,6.8,-99,-10,2,5,15,13,10.62,8.5,255,35,29,21,71,SUCCESS,Excellent,29
2026-07-01 15:00:00,UE01647,32.92933140958426,-97.00972813882875,SITE01,XYZ401,C,100,1.474,SSB_4,SSB_5,4,180,30,6,2,6,1.2,-96,-10,9,8,18,16,9.0,7.2,413,70,69,73,36,EXEC_FAILURE,Excellent,54
2026-07-01 16:00:00,UE01648,32.91606411241385,-96.99380492370906,SITE01,XYZ402,A,101,1.401,SSB_5,SSB_6,5,240,30,6,2,26,5.2,-86,-10,7,7,17,15,9.1,7.28,372,57,37,32,82,PREP_FAILURE,Excellent,47
2026-07-01 17:00:00,UE01649,32.913360707559924,-97.0150345703462,SITE01,XYZ403,B,102,2.285,SSB_6,SSB_1,6,300,30,6,2,20,4.0,-113,-10,0,4,14,12,12.22,9.78,153,28,22,92,59,SUCCESS,Excellent,20
2026-07-01 18:00:00,UE01650,32.92034730019864,-97.00334578742851,SITE01,XYZ401,C,100,1.46,SSB_1,SSB_2,1,0,30,6,2,11,2.2,-103,-10,11,9,19,17,7.67,6.14,350,58,107,69,38,SUCCESS,Poor,62
2026-07-01 19:00:00,UE01651,32.937368351820645,-97.00266578987953,SITE01,XYZ402,C,101,1.024,SSB_2,SSB_3,2,60,30,6,2,20,4.0,-89,-10,17,11,21,19,4.42,3.54,542,84,92,91,16,PREP_FAILURE,Fair,85
2026-07-01 20:00:00,UE01652,32.94242099083803,-96.97521021378864,SITE01,XYZ403,B,102,0.771,SSB_3,SSB_4,3,120,30,6,2,8,1.6,-87,-10,21,13,23,21,2.32,1.86,593,121,51,34,55,SUCCESS,Coverage_Hole,100
2026-07-01 21:00:00,UE01653,32.94416909180773,-97.01708485758694,SITE01,XYZ401,B,100,1.951,SSB_4,SSB_5,4,180,30,6,2,6,1.2,-100,-10,1,4,14,12,11.82,9.46,160,32,97,47,24,EXEC_FAILURE,Coverage_Hole,23
2026-07-01 22:00:00,UE01654,32.93092251577136,-96.95289916341635,SITE01,XYZ402,A,101,1.892,SSB_5,SSB_6,5,240,30,6,2,6,1.2,-104,-10,2,5,15,13,11.93,9.54,203,37,29,94,32,EXEC_FAILURE,Good,28
2026-07-01 23:00:00,UE01655,32.96879065723931,-96.9631892146179,SITE01,XYZ403,C,102,2.655,SSB_6,SSB_1,6,300,30,6,2,30,6.0,-112,-10,-3,3,13,11,13.21,10.57,145,22,105,44,85,SUCCESS,Poor,10
2026-07-01 00:00:00,UE01656,32.94092311136393,-96.9430277155799,SITE01,XYZ401,C,100,2.476,SSB_1,SSB_2,1,0,30,6,2,27,5.4,-101,-10,5,6,16,14,10.4,8.32,323,39,29,34,37,SUCCESS,Coverage_Hole,39
2026-07-01 01:00:00,UE01657,32.918608110630274,-96.98417529854534,SITE01,XYZ402,B,101,1.135,SSB_2,SSB_3,2,60,30,6,2,28,5.6,-89,-10,11,9,19,17,7.55,6.04,354,61,106,35,66,PREP_FAILURE,Coverage_Hole,62
2026-07-01 02:00:00,UE01658,32.92287152331172,-97.03174849568163,SITE01,XYZ403,C,102,2.823,SSB_3,SSB_4,3,120,30,6,2,10,2.0,-114,-10,4,6,16,14,10.68,8.54,243,55,59,53,86,EXEC_FAILURE,Coverage_Hole,36
2026-07-01 03:00:00,UE01659,32.907348249555874,-96.99867144886923,SITE01,XYZ401,C,100,2.064,SSB_4,SSB_5,4,180,30,6,2,18,3.6,-107,-10,6,6,16,14,10.74,8.59,297,52,32,32,15,PREP_FAILURE,Coverage_Hole,41
2026-07-01 04:00:00,UE01660,32.942646806165435,-96.94665045602446,SITE01,XYZ402,B,101,2.293,SSB_5,SSB_6,5,240,30,6,2,25,5.0,-107,-10,1,4,14,12,12.44,9.95,156,25,102,87,77,PREP_FAILURE,Fair,23
2026-07-01 05:00:00,UE01661,32.9707804258136,-96.98945000278754,SITE01,XYZ403,A,102,2.479,SSB_6,SSB_1,6,300,30,6,2,31,6.2,-106,-10,-1,3,13,11,13.7,10.96,144,21,55,64,23,SUCCESS,Good,14
2026-07-01 06:00:00,UE01662,32.95888005042463,-96.96602947702526,SITE01,XYZ401,B,100,1.985,SSB_1,SSB_2,1,0,30,6,2,10,2.0,-101,-10,7,7,17,15,9.45,7.56,277,60,92,87,53,SUCCESS,Excellent,47
2026-07-01 07:00:00,UE01663,32.9092291509719,-96.98499396497071,SITE01,XYZ402,A,101,1.781,SSB_2,SSB_3,2,60,30,6,2,20,4.0,-103,-10,5,6,16,14,9.33,7.46,301,38,118,61,69,SUCCESS,Fair,40
2026-07-01 08:00:00,UE01664,32.93520779936532,-97.0067230306576,SITE01,XYZ403,A,102,1.246,SSB_3,SSB_4,3,120,30,6,2,34,6.8,-96,-10,12,9,19,17,7.87,6.3,403,75,71,30,26,SUCCESS,Fair,65
2026-07-01 09:00:00,UE01665,32.95939886883058,-96.95839285279494,SITE01,XYZ401,A,100,2.288,SSB_4,SSB_5,4,180,30,6,2,27,5.4,-104,-10,6,6,16,14,10.1,8.08,225,45,43,94,89,SUCCESS,Good,41
2026-07-01 10:00:00,UE01666,32.93934537318748,-96.9848732348734,SITE01,XYZ402,C,101,0.298,SSB_5,SSB_6,5,240,30,6,2,18,3.6,-76,-10,21,13,23,21,3.55,2.84,650,98,127,34,81,SUCCESS,Coverage_Hole,99
2026-07-01 11:00:00,UE01667,32.944289695093794,-96.95756515233545,SITE01,XYZ403,A,102,1.723,SSB_6,SSB_1,6,300,30,6,2,22,4.4,-103,-10,10,8,18,16,7.66,6.13,347,62,96,33,38,SUCCESS,Poor,58
2026-07-01 12:00:00,UE01668,32.94050666382545,-96.97616230809749,SITE01,XYZ401,B,100,0.645,SSB_1,SSB_2,1,0,30,6,2,1,0.2,-86,-10,15,10,20,18,5.09,4.07,501,93,113,40,54,PREP_FAILURE,Good,77
2026-07-01 13:00:00,UE01669,32.913756442830376,-96.9478447829494,SITE01,XYZ402,C,101,2.615,SSB_2,SSB_3,2,60,30,6,2,22,4.4,-114,-10,-2,3,13,11,12.72,10.18,160,25,99,50,85,SUCCESS,Coverage_Hole,13
2026-07-01 14:00:00,UE01670,32.93842913417608,-96.95251137075763,SITE01,XYZ403,B,102,1.908,SSB_3,SSB_4,3,120,30,6,2,17,3.4,-100,-10,2,5,15,13,11.0,8.8,239,42,125,35,65,SUCCESS,Poor,29
2026-07-01 15:00:00,UE01671,32.924266849003544,-96.94768783795406,SITE01,XYZ401,B,100,2.296,SSB_4,SSB_5,4,180,30,6,2,9,1.8,-104,-10,4,6,16,14,11.0,8.8,306,49,27,52,46,EXEC_FAILURE,Coverage_Hole,36
2026-07-01 16:00:00,UE01672,32.96063608509701,-96.97252383630334,SITE01,XYZ402,A,101,1.913,SSB_5,SSB_6,5,240,30,6,2,19,3.8,-102,-10,9,8,18,16,7.66,6.13,337,58,96,39,20,PREP_FAILURE,Excellent,55
2026-07-01 17:00:00,UE01673,32.94328942306873,-96.97340703683116,SITE01,XYZ403,A,102,0.889,SSB_6,SSB_1,6,300,30,6,2,21,4.2,-92,-10,9,8,18,16,8.73,6.98,328,74,111,34,53,PREP_FAILURE,Poor,54
2026-07-01 18:00:00,UE01674,32.904069615389986,-96.99767800965603,SITE01,XYZ401,B,100,2.256,SSB_1,SSB_2,1,0,30,6,2,9,1.8,-103,-10,2,5,15,13,10.01,8.01,226,35,35,36,81,EXEC_FAILURE,Excellent,29
2026-07-01 19:00:00,UE01675,32.97617601124119,-96.9782677270419,SITE01,XYZ402,A,101,2.867,SSB_2,SSB_3,2,60,30,6,2,9,1.8,-121,-10,1,4,14,12,11.86,9.49,206,38,73,39,43,SUCCESS,Coverage_Hole,23
2026-07-01 20:00:00,UE01676,32.96665539731308,-96.99468408905615,SITE01,XYZ403,A,102,2.25,SSB_3,SSB_4,3,120,30,6,2,0,0.0,-112,-10,0,4,14,12,12.14,9.71,201,35,55,50,50,SUCCESS,Excellent,20
2026-07-01 21:00:00,UE01677,32.95751226692383,-96.94951911075542,SITE01,XYZ401,C,100,2.584,SSB_4,SSB_5,4,180,30,6,2,19,3.8,-114,-10,-3,3,13,11,12.14,9.71,119,20,75,65,27,SUCCESS,Poor,11
2026-07-01 22:00:00,UE01678,32.89447202235041,-96.98012722765856,SITE01,XYZ402,B,101,2.814,SSB_5,SSB_6,5,240,30,6,2,27,5.4,-121,-10,-4,2,12,10,13.54,10.83,91,17,30,96,83,PREP_FAILURE,Excellent,5
2026-07-01 23:00:00,UE01679,32.9254893906781,-96.9505220987572,SITE01,XYZ403,A,102,2.114,SSB_6,SSB_1,6,300,30,6,2,14,2.8,-107,-10,7,7,17,15,9.76,7.81,343,47,92,86,63,EXEC_FAILURE,Coverage_Hole,46
2026-07-01 00:00:00,UE01680,32.94510509610147,-96.99146633668217,SITE01,XYZ401,A,100,0.784,SSB_1,SSB_2,1,0,30,6,2,8,1.6,-85,-10,14,10,20,18,6.0,4.8,513,71,57,95,26,PREP_FAILURE,Poor,74
2026-07-01 01:00:00,UE01681,32.94130802375281,-96.98191351655456,SITE01,XYZ402,B,101,0.473,SSB_2,SSB_3,2,60,30,6,2,25,5.0,-83,-10,18,12,22,20,4.1,3.28,541,89,102,71,31,SUCCESS,Poor,89
2026-07-01 02:00:00,UE01682,32.932448952423975,-97.00019860427008,SITE01,XYZ403,C,102,0.887,SSB_3,SSB_4,3,120,30,6,2,34,6.8,-91,-10,15,10,20,18,6.48,5.18,379,85,128,63,59,SUCCESS,Poor,76
2026-07-01 03:00:00,UE01683,32.95694789209075,-97.00681898961719,SITE01,XYZ401,A,100,1.963,SSB_4,SSB_5,4,180,30,6,2,16,3.2,-104,-10,4,6,16,14,9.53,7.62,237,54,112,43,18,SUCCESS,Good,37
2026-07-01 04:00:00,UE01684,32.91151536236415,-96.95354164788458,SITE01,XYZ402,A,101,2.449,SSB_5,SSB_6,5,240,30,6,2,22,4.4,-112,-10,-1,3,13,11,13.2,10.56,134,21,99,51,68,SUCCESS,Good,15
2026-07-01 05:00:00,UE01685,32.96397859410814,-96.96624813899676,SITE01,XYZ403,B,102,2.279,SSB_6,SSB_1,6,300,30,6,2,15,3.0,-104,-10,3,5,15,13,10.1,8.08,251,38,99,78,38,SUCCESS,Coverage_Hole,32
2026-07-01 06:00:00,UE01686,32.9090998994988,-96.98610341465843,SITE01,XYZ401,C,100,1.79,SSB_1,SSB_2,1,0,30,6,2,8,1.6,-101,-10,7,7,17,15,9.18,7.34,280,57,18,75,55,EXEC_FAILURE,Good,47
2026-07-01 07:00:00,UE01687,32.93155611694282,-96.93965036868497,SITE01,XYZ402,A,101,2.649,SSB_2,SSB_3,2,60,30,6,2,19,3.8,-108,-10,-1,3,13,11,13.54,10.83,160,28,117,46,56,SUCCESS,Excellent,14
2026-07-01 08:00:00,UE01688,32.92468425473009,-97.00874016124799,SITE01,XYZ403,B,102,1.539,SSB_3,SSB_4,3,120,30,6,2,21,4.2,-93,-10,4,6,16,14,9.5,7.6,248,52,96,36,33,EXEC_FAILURE,Coverage_Hole,37
2026-07-01 09:00:00,UE01689,32.90805559416152,-96.97007245616612,SITE01,XYZ401,C,100,2.058,SSB_4,SSB_5,4,180,30,6,2,1,0.2,-108,-10,5,6,16,14,10.86,8.69,283,41,52,70,74,PREP_FAILURE,Coverage_Hole,38
2026-07-01 10:00:00,UE01690,32.950347135269716,-96.94287293581793,SITE01,XYZ402,B,101,2.669,SSB_5,SSB_6,5,240,30,6,2,3,0.6,-111,-10,3,5,15,13,10.2,8.16,260,41,17,35,28,SUCCESS,Poor,32
2026-07-01 11:00:00,UE01691,32.92584734963827,-97.02145006339755,SITE01,XYZ403,B,102,2.193,SSB_6,SSB_1,6,300,30,6,2,1,0.2,-111,-10,7,7,17,15,8.77,7.02,322,65,30,76,37,EXEC_FAILURE,Coverage_Hole,47
2026-07-01 12:00:00,UE01692,32.97553005909754,-96.98256814326662,SITE01,XYZ401,C,100,2.798,SSB_1,SSB_2,1,0,30,6,2,2,0.4,-119,-10,1,4,14,12,11.42,9.14,144,37,86,62,72,SUCCESS,Poor,24
2026-07-01 13:00:00,UE01693,32.95261987584398,-96.9662681887448,SITE01,XYZ402,C,101,1.635,SSB_2,SSB_3,2,60,30,6,2,23,4.6,-97,-10,11,9,19,17,6.01,4.81,425,80,43,57,83,EXEC_FAILURE,Excellent,64
2026-07-01 14:00:00,UE01694,32.94626123579677,-96.9844716267107,SITE01,XYZ403,B,102,0.776,SSB_3,SSB_4,3,120,30,6,2,18,3.6,-94,-10,17,11,21,19,4.99,3.99,439,105,50,30,41,PREP_FAILURE,Good,84
2026-07-01 15:00:00,UE01695,32.90533504579642,-97.00568218954284,SITE01,XYZ401,C,100,2.368,SSB_4,SSB_5,4,180,30,6,2,30,6.0,-106,-10,1,4,14,12,12.34,9.87,158,29,18,77,70,SUCCESS,Excellent,23
2026-07-01 16:00:00,UE01696,32.97052790244134,-96.96879741293543,SITE01,XYZ402,C,101,2.627,SSB_5,SSB_6,5,240,30,6,2,14,2.8,-117,-10,2,5,15,13,10.72,8.58,222,41,126,47,34,SUCCESS,Excellent,29
2026-07-01 17:00:00,UE01697,32.92291043551255,-96.98209177155195,SITE01,XYZ403,A,102,0.856,SSB_6,SSB_1,6,300,30,6,2,23,4.6,-85,-10,16,11,21,19,5.32,4.26,398,76,53,80,63,SUCCESS,Poor,81
2026-07-01 18:00:00,UE01698,32.91824026493645,-96.9661421891463,SITE01,XYZ401,B,100,1.6,SSB_1,SSB_2,1,0,30,6,2,10,2.0,-95,-10,8,7,17,15,8.69,6.95,360,46,107,23,39,SUCCESS,Poor,50
2026-07-01 19:00:00,UE01699,32.91149983014481,-96.97902941871972,SITE01,XYZ402,C,101,1.663,SSB_2,SSB_3,2,60,30,6,2,7,1.4,-98,-10,9,8,18,16,7.79,6.23,409,52,17,56,55,EXEC_FAILURE,Coverage_Hole,55
2026-07-01 20:00:00,UE01700,32.93714538911352,-97.00674095366038,SITE01,XYZ403,B,102,1.256,SSB_3,SSB_4,3,120,30,6,2,21,4.2,-94,-10,3,5,15,13,11.29,9.03,261,43,33,96,82,SUCCESS,Excellent,31
2026-07-01 21:00:00,UE01701,32.903900724358536,-96.9755811862139,SITE01,XYZ401,A,100,2.219,SSB_4,SSB_5,4,180,30,6,2,14,2.8,-102,-10,0,4,14,12,11.46,9.17,151,25,76,34,20,SUCCESS,Poor,21
2026-07-01 22:00:00,UE01702,32.93079067851219,-96.99103618136397,SITE01,XYZ402,A,101,0.447,SSB_5,SSB_6,5,240,30,6,2,4,0.8,-87,-10,21,13,23,21,2.95,2.36,700,107,116,82,15,SUCCESS,Excellent,100
2026-07-01 23:00:00,UE01703,32.93787199118682,-96.93549525459223,SITE01,XYZ403,B,102,2.885,SSB_6,SSB_1,6,300,30,6,2,6,1.2,-114,-10,-7,1,11,9,15.8,12.64,50,6,15,39,45,PREP_FAILURE,Poor,5
2026-07-01 00:00:00,UE01704,32.96089838734897,-96.9880023913209,SITE01,XYZ401,A,100,1.792,SSB_1,SSB_2,1,0,30,6,2,17,3.4,-103,-10,12,9,19,17,6.02,4.82,408,85,20,44,37,SUCCESS,Good,66
2026-07-01 01:00:00,UE01705,32.97590792421597,-97.00260693383683,SITE01,XYZ402,C,101,2.995,SSB_2,SSB_3,2,60,30,6,2,21,4.2,-116,-10,2,5,15,13,11.18,8.94,228,43,76,20,73,EXEC_FAILURE,Excellent,28
2026-07-01 02:00:00,UE01706,32.94991734536713,-96.95442969461006,SITE01,XYZ403,B,102,2.057,SSB_3,SSB_4,3,120,30,6,2,27,5.4,-98,-10,8,7,17,15,8.51,6.81,282,63,15,67,35,PREP_FAILURE,Good,50
2026-07-01 03:00:00,UE01707,32.949675534586135,-96.96199753762949,SITE01,XYZ401,B,100,1.681,SSB_4,SSB_5,4,180,30,6,2,1,0.2,-103,-10,4,6,16,14,9.06,7.25,281,49,103,81,78,SUCCESS,Poor,37
2026-07-01 04:00:00,UE01708,32.93191139197165,-96.97267386199478,SITE01,XYZ402,B,101,0.757,SSB_5,SSB_6,5,240,30,6,2,8,1.6,-87,-10,9,8,18,16,8.32,6.66,395,57,17,73,80,PREP_FAILURE,Fair,55
2026-07-01 05:00:00,UE01709,32.96596863268495,-96.96785144789823,SITE01,XYZ403,A,102,2.359,SSB_6,SSB_1,6,300,30,6,2,23,4.6,-108,-10,8,7,17,15,9.66,7.73,279,49,107,58,26,PREP_FAILURE,Coverage_Hole,49
2026-07-01 06:00:00,UE01710,32.96541826210812,-96.97468964901921,SITE01,XYZ401,C,100,2.183,SSB_1,SSB_2,1,0,30,6,2,2,0.4,-106,-10,2,5,15,13,10.61,8.49,246,46,66,53,76,SUCCESS,Coverage_Hole,29
2026-07-01 07:00:00,UE01711,32.907919833014724,-97.01174869292652,SITE01,XYZ402,A,101,2.422,SSB_2,SSB_3,2,60,30,6,2,23,4.6,-107,-10,1,4,14,12,12.04,9.63,215,32,15,31,38,SUCCESS,Poor,23
2026-07-01 08:00:00,UE01712,32.95936100261919,-96.96477764064895,SITE01,XYZ403,A,102,2.053,SSB_3,SSB_4,3,120,30,6,2,3,0.6,-108,-10,4,6,16,14,10.36,8.29,301,56,116,30,26,EXEC_FAILURE,Fair,36
2026-07-01 09:00:00,UE01713,32.95605502098146,-96.95270220697063,SITE01,XYZ401,A,100,2.376,SSB_4,SSB_5,4,180,30,6,2,34,6.8,-101,-10,0,4,14,12,12.4,9.92,206,27,62,93,53,SUCCESS,Poor,20
2026-07-01 10:00:00,UE01714,32.96001715288691,-96.95113445949137,SITE01,XYZ402,A,101,2.62,SSB_5,SSB_6,5,240,30,6,2,17,3.4,-125,-10,1,4,14,12,11.48,9.18,176,37,30,46,31,SUCCESS,Coverage_Hole,24
2026-07-01 11:00:00,UE01715,32.9363851416529,-96.94599080428132,SITE01,XYZ403,C,102,2.273,SSB_6,SSB_1,6,300,30,6,2,19,3.8,-116,-10,0,4,14,12,11.09,8.87,180,27,51,35,53,SUCCESS,Coverage_Hole,21
2026-07-01 12:00:00,UE01716,32.96130487248239,-96.969177190406,SITE01,XYZ401,C,100,2.036,SSB_1,SSB_2,1,0,30,6,2,24,4.8,-109,-10,8,7,17,15,8.1,6.48,365,55,63,34,75,EXEC_FAILURE,Coverage_Hole,50
2026-07-01 13:00:00,UE01717,32.96079667873819,-96.96591632021219,SITE01,XYZ402,A,101,2.099,SSB_2,SSB_3,2,60,30,6,2,28,5.6,-103,-10,5,6,16,14,9.22,7.38,304,53,34,97,20,PREP_FAILURE,Excellent,40
2026-07-01 14:00:00,UE01718,32.9598846349028,-96.97334162530633,SITE01,XYZ403,B,102,1.847,SSB_3,SSB_4,3,120,30,6,2,21,4.2,-95,-10,4,6,16,14,10.19,8.15,246,51,28,75,51,SUCCESS,Good,36
2026-07-01 15:00:00,UE01719,32.969337311935575,-96.99517376268345,SITE01,XYZ401,A,100,2.436,SSB_4,SSB_5,4,180,30,6,2,17,3.4,-104,-10,0,4,14,12,11.23,8.98,208,33,102,78,40,EXEC_FAILURE,Good,21
2026-07-01 16:00:00,UE01720,32.96146136833188,-97.01226797244877,SITE01,XYZ402,C,101,2.404,SSB_5,SSB_6,5,240,30,6,2,31,6.2,-112,-10,0,4,14,12,12.91,10.33,153,28,28,84,41,SUCCESS,Poor,20
2026-07-01 17:00:00,UE01721,32.89747655974372,-96.98298913023201,SITE01,XYZ403,C,102,2.595,SSB_6,SSB_1,6,300,30,6,2,19,3.8,-109,-10,-4,2,12,10,14.89,11.91,103,17,46,77,68,PREP_FAILURE,Coverage_Hole,5
2026-07-01 18:00:00,UE01722,32.90794989490022,-96.95281936996729,SITE01,XYZ401,A,100,2.648,SSB_1,SSB_2,1,0,30,6,2,27,5.4,-107,-10,0,4,14,12,12.26,9.81,178,33,53,30,71,EXEC_FAILURE,Coverage_Hole,20
2026-07-01 19:00:00,UE01723,32.918968149687096,-97.01340837136557,SITE01,XYZ402,B,101,1.974,SSB_2,SSB_3,2,60,30,6,2,34,6.8,-104,-10,9,8,18,16,8.04,6.43,426,58,76,92,17,PREP_FAILURE,Poor,55
2026-07-01 20:00:00,UE01724,32.973089425059946,-96.99434802914844,SITE01,XYZ403,B,102,2.679,SSB_3,SSB_4,3,120,30,6,2,5,1.0,-113,-10,-2,3,13,11,13.36,10.69,161,28,77,80,77,EXEC_FAILURE,Excellent,12
2026-07-01 21:00:00,UE01725,32.95952593372543,-96.97119077228493,SITE01,XYZ401,C,100,1.874,SSB_4,SSB_5,4,180,30,6,2,23,4.6,-101,-10,6,6,16,14,10.95,8.76,229,53,80,20,72,SUCCESS,Fair,41
2026-07-01 22:00:00,UE01726,32.960740721415874,-97.00306640578371,SITE01,XYZ402,B,101,2.053,SSB_5,SSB_6,5,240,30,6,2,5,1.0,-110,-10,6,6,16,14,9.57,7.66,315,46,31,58,54,SUCCESS,Good,42
2026-07-01 23:00:00,UE01727,32.89486570370985,-96.97182208897786,SITE01,XYZ403,C,102,2.878,SSB_6,SSB_1,6,300,30,6,2,29,5.8,-117,-10,-1,3,13,11,13.29,10.63,157,22,16,36,89,PREP_FAILURE,Coverage_Hole,15
2026-07-01 00:00:00,UE01728,32.91369451708324,-96.97005462849611,SITE01,XYZ401,A,100,1.714,SSB_1,SSB_2,1,0,30,6,2,9,1.8,-96,-10,7,7,17,15,8.68,6.94,364,58,122,80,89,SUCCESS,Excellent,47
2026-07-01 01:00:00,UE01729,32.91784551764756,-96.98178123929665,SITE01,XYZ402,B,101,1.203,SSB_2,SSB_3,2,60,30,6,2,19,3.8,-96,-10,7,7,17,15,9.76,7.81,351,64,43,35,77,EXEC_FAILURE,Fair,46
2026-07-01 02:00:00,UE01730,32.926199093495924,-96.97471257284718,SITE01,XYZ403,B,102,0.861,SSB_3,SSB_4,3,120,30,6,2,11,2.2,-89,-10,12,9,19,17,7.31,5.85,351,68,49,69,31,PREP_FAILURE,Good,65
2026-07-01 03:00:00,UE01731,32.94137277604933,-97.00265993868433,SITE01,XYZ401,C,100,1.101,SSB_4,SSB_5,4,180,30,6,2,13,2.6,-86,-10,14,10,20,18,5.93,4.74,396,64,23,55,17,SUCCESS,Good,74
2026-07-01 04:00:00,UE01732,32.92389779729,-96.97756989562455,SITE01,XYZ402,B,101,0.887,SSB_5,SSB_6,5,240,30,6,2,22,4.4,-95,-10,10,8,18,16,7.62,6.1,318,55,110,59,32,EXEC_FAILURE,Fair,58
2026-07-01 05:00:00,UE01733,32.91264722780665,-97.00210381602209,SITE01,XYZ403,C,102,1.829,SSB_6,SSB_1,6,300,30,6,2,12,2.4,-104,-10,7,7,17,15,9.11,7.29,286,58,99,76,34,SUCCESS,Fair,47
2026-07-01 06:00:00,UE01734,32.95734429399105,-96.97729230066027,SITE01,XYZ401,B,100,1.606,SSB_1,SSB_2,1,0,30,6,2,11,2.2,-100,-10,8,7,17,15,9.93,7.94,330,48,43,29,41,EXEC_FAILURE,Coverage_Hole,49
2026-07-01 07:00:00,UE01735,32.960439156740485,-97.00365161964706,SITE01,XYZ402,C,101,2.053,SSB_2,SSB_3,2,60,30,6,2,12,2.4,-102,-10,12,9,19,17,7.61,6.09,324,63,120,31,80,PREP_FAILURE,Coverage_Hole,65
2026-07-01 08:00:00,UE01736,32.91514637372203,-96.94122361836423,SITE01,XYZ403,C,102,2.893,SSB_3,SSB_4,3,120,30,6,2,23,4.6,-115,-10,-1,3,13,11,12.69,10.15,153,26,30,51,30,SUCCESS,Good,15
2026-07-01 09:00:00,UE01737,32.89942443709188,-96.96705017822873,SITE01,XYZ401,A,100,2.673,SSB_4,SSB_5,4,180,30,6,2,16,3.2,-119,-10,-4,2,12,10,13.46,10.77,79,15,44,56,74,SUCCESS,Good,5
2026-07-01 10:00:00,UE01738,32.96744293686014,-96.96863050096779,SITE01,XYZ402,A,101,2.433,SSB_5,SSB_6,5,240,30,6,2,4,0.8,-116,-10,0,4,14,12,12.16,9.73,181,31,66,42,20,SUCCESS,Excellent,20
2026-07-01 11:00:00,UE01739,32.93436972278275,-96.99771902841502,SITE01,XYZ403,A,102,0.726,SSB_6,SSB_1,6,300,30,6,2,26,5.2,-84,-10,13,9,19,17,6.11,4.89,426,67,58,39,64,EXEC_FAILURE,Fair,69
2026-07-01 12:00:00,UE01740,32.93307417274315,-96.99590840166495,SITE01,XYZ401,A,100,0.635,SSB_1,SSB_2,1,0,30,6,2,0,0.0,-89,-10,18,12,22,20,3.34,2.67,476,107,96,29,37,PREP_FAILURE,Excellent,90
2026-07-01 13:00:00,UE01741,32.9184339648226,-96.95211818871208,SITE01,XYZ402,C,101,2.232,SSB_2,SSB_3,2,60,30,6,2,16,3.2,-106,-10,4,6,16,14,9.97,7.98,284,50,75,84,67,SUCCESS,Excellent,37
2026-07-01 14:00:00,UE01742,32.96276425042645,-96.9636324891037,SITE01,XYZ403,B,102,2.285,SSB_3,SSB_4,3,120,30,6,2,27,5.4,-111,-10,3,5,15,13,10.58,8.46,220,40,27,62,44,PREP_FAILURE,Excellent,31
2026-07-01 15:00:00,UE01743,32.91621247841578,-97.01639989633915,SITE01,XYZ401,B,100,2.225,SSB_4,SSB_5,4,180,30,6,2,23,4.6,-108,-10,7,7,17,15,8.25,6.6,370,57,59,65,55,PREP_FAILURE,Excellent,48
2026-07-01 16:00:00,UE01744,32.91675323805403,-97.03212005302169,SITE01,XYZ402,B,101,2.996,SSB_5,SSB_6,5,240,30,6,2,34,6.8,-112,-10,-9,1,11,9,14.83,11.86,51,7,60,85,58,PREP_FAILURE,Good,5
2026-07-01 17:00:00,UE01745,32.95536921126723,-96.9639347843524,SITE01,XYZ403,C,102,1.867,SSB_6,SSB_1,6,300,30,6,2,11,2.2,-102,-10,10,8,18,16,7.25,5.8,304,55,70,37,19,PREP_FAILURE,Fair,58
2026-07-01 18:00:00,UE01746,32.91805376118356,-96.96342500432172,SITE01,XYZ401,A,100,1.722,SSB_1,SSB_2,1,0,30,6,2,8,1.6,-100,-10,5,6,16,14,9.48,7.58,302,45,86,80,35,SUCCESS,Fair,40
2026-07-01 19:00:00,UE01747,32.931381958436525,-97.00994883085274,SITE01,XYZ402,B,101,1.455,SSB_2,SSB_3,2,60,30,6,2,2,0.4,-89,-10,7,7,17,15,8.41,6.73,311,66,79,55,20,SUCCESS,Coverage_Hole,48
2026-07-01 20:00:00,UE01748,32.933990055948755,-97.01698193864092,SITE01,XYZ403,A,102,1.842,SSB_3,SSB_4,3,120,30,6,2,23,4.6,-105,-10,1,4,14,12,12.82,10.26,180,29,128,43,40,SUCCESS,Coverage_Hole,22
2026-07-01 21:00:00,UE01749,32.91864401965236,-97.01440352866435,SITE01,XYZ401,B,100,2.034,SSB_4,SSB_5,4,180,30,6,2,12,2.4,-105,-10,1,4,14,12,11.56,9.25,199,26,63,68,56,EXEC_FAILURE,Good,23
2026-07-01 22:00:00,UE01750,32.91140317826591,-97.0056137438174,SITE01,XYZ402,C,101,2.014,SSB_5,SSB_6,5,240,30,6,2,15,3.0,-115,-10,10,8,18,16,8.92,7.14,314,55,89,42,55,EXEC_FAILURE,Coverage_Hole,57
2026-07-01 23:00:00,UE01751,32.96608409523024,-96.97567030245945,SITE01,XYZ403,A,102,2.212,SSB_6,SSB_1,6,300,30,6,2,18,3.6,-107,-10,6,6,16,14,10.74,8.59,308,54,111,72,61,EXEC_FAILURE,Excellent,41
2026-07-01 00:00:00,UE01752,32.95528785066662,-97.02987734580748,SITE01,XYZ401,C,100,2.94,SSB_1,SSB_2,1,0,30,6,2,21,4.2,-118,-10,0,4,14,12,11.39,9.11,187,35,28,86,79,PREP_FAILURE,Good,21
2026-07-01 01:00:00,UE01753,32.9045442415187,-97.02125704244536,SITE01,XYZ402,B,101,2.964,SSB_2,SSB_3,2,60,30,6,2,19,3.8,-123,-10,-2,3,13,11,12.6,10.08,121,25,77,26,67,PREP_FAILURE,Good,13
2026-07-01 02:00:00,UE01754,32.89836880726551,-97.00786759223382,SITE01,XYZ403,C,102,2.85,SSB_3,SSB_4,3,120,30,6,2,31,6.2,-108,-10,-3,3,13,11,13.67,10.94,123,20,65,53,42,SUCCESS,Coverage_Hole,9
2026-07-01 03:00:00,UE01755,32.92360521581154,-97.02201506735419,SITE01,XYZ401,A,100,2.273,SSB_4,SSB_5,4,180,30,6,2,9,1.8,-104,-10,4,6,16,14,10.89,8.71,287,47,109,63,77,SUCCESS,Excellent,36
2026-07-01 04:00:00,UE01756,32.92106556834625,-96.93625185074579,SITE01,XYZ402,B,101,2.994,SSB_5,SSB_6,5,240,30,6,2,34,6.8,-116,-10,0,4,14,12,11.91,9.53,160,35,21,28,75,PREP_FAILURE,Fair,21
2026-07-01 05:00:00,UE01757,32.94041142870736,-96.94013201355152,SITE01,XYZ403,A,102,2.636,SSB_6,SSB_1,6,300,30,6,2,8,1.6,-118,-10,-4,2,12,10,14.4,11.52,75,13,110,42,29,EXEC_FAILURE,Poor,5
2026-07-01 06:00:00,UE01758,32.93734333858188,-96.97933879184635,SITE01,XYZ401,C,100,0.375,SSB_1,SSB_2,1,0,30,6,2,19,3.8,-82,-10,20,12,22,20,3.61,2.89,441,99,35,70,39,PREP_FAILURE,Fair,95
2026-07-01 07:00:00,UE01759,32.94878681609958,-96.94582683971561,SITE01,XYZ402,B,101,2.47,SSB_2,SSB_3,2,60,30,6,2,25,5.0,-114,-10,6,6,16,14,10.59,8.47,219,51,85,86,69,PREP_FAILURE,Coverage_Hole,41
2026-07-01 08:00:00,UE01760,32.9344197156294,-97.0335093027646,SITE01,XYZ403,C,102,2.798,SSB_3,SSB_4,3,120,30,6,2,17,3.4,-108,-10,-3,3,13,11,13.74,10.99,160,28,101,81,59,SUCCESS,Fair,9
2026-07-01 09:00:00,UE01761,32.94416321627594,-96.93614110226159,SITE01,XYZ401,B,100,2.91,SSB_4,SSB_5,4,180,30,6,2,7,1.4,-120,-10,-3,3,13,11,12.64,10.11,118,25,40,43,41,EXEC_FAILURE,Poor,10
2026-07-01 10:00:00,UE01762,32.8982485635648,-96.97290021627423,SITE01,XYZ402,A,101,2.636,SSB_5,SSB_6,5,240,30,6,2,21,4.2,-114,-10,-1,3,13,11,12.8,10.24,148,19,19,97,46,PREP_FAILURE,Fair,15
2026-07-01 11:00:00,UE01763,32.909037907004155,-97.01126962683804,SITE01,XYZ403,B,102,2.345,SSB_6,SSB_1,6,300,30,6,2,15,3.0,-112,-10,6,6,16,14,10.4,8.32,314,38,85,58,55,EXEC_FAILURE,Excellent,41
2026-07-01 12:00:00,UE01764,32.912891110941885,-97.0239487953857,SITE01,XYZ401,A,100,2.715,SSB_1,SSB_2,1,0,30,6,2,7,1.4,-110,-10,-2,3,13,11,12.85,10.28,114,28,52,22,16,SUCCESS,Coverage_Hole,13
2026-07-01 13:00:00,UE01765,32.928842702045074,-96.94765212332626,SITE01,XYZ402,A,101,2.216,SSB_2,SSB_3,2,60,30,6,2,20,4.0,-104,-10,3,5,15,13,11.45,9.16,181,33,106,89,74,EXEC_FAILURE,Coverage_Hole,31
2026-07-01 14:00:00,UE01766,32.95603069917141,-96.98768355040967,SITE01,XYZ403,C,102,1.456,SSB_3,SSB_4,3,120,30,6,2,2,0.4,-89,-10,11,9,19,17,6.56,5.25,376,67,85,86,30,SUCCESS,Good,63
2026-07-01 15:00:00,UE01767,32.93723321175194,-97.00055338058085,SITE01,XYZ401,A,100,0.902,SSB_4,SSB_5,4,180,30,6,2,29,5.8,-82,-10,16,11,21,19,4.66,3.73,477,78,72,47,29,PREP_FAILURE,Good,82
2026-07-01 16:00:00,UE01768,32.918232806487175,-96.97589640083392,SITE01,XYZ402,B,101,1.279,SSB_5,SSB_6,5,240,30,6,2,7,1.4,-91,-10,14,10,20,18,5.22,4.18,534,71,19,52,19,EXEC_FAILURE,Excellent,74
2026-07-01 17:00:00,UE01769,32.91721251272773,-96.96593149076052,SITE01,XYZ403,A,102,1.661,SSB_6,SSB_1,6,300,30,6,2,29,5.8,-101,-10,8,7,17,15,8.16,6.53,284,57,121,20,74,EXEC_FAILURE,Excellent,50
2026-07-01 18:00:00,UE01770,32.95833628103746,-96.94548709254798,SITE01,XYZ401,B,100,2.806,SSB_1,SSB_2,1,0,30,6,2,15,3.0,-120,-10,1,4,14,12,11.71,9.37,211,28,77,54,86,SUCCESS,Coverage_Hole,23
2026-07-01 19:00:00,UE01771,32.92591784828466,-97.01277513246735,SITE01,XYZ402,B,101,1.716,SSB_2,SSB_3,2,60,30,6,2,12,2.4,-101,-10,9,8,18,16,7.8,6.24,395,54,74,68,81,EXEC_FAILURE,Fair,55
2026-07-01 20:00:00,UE01772,32.95473688519486,-96.98123706999344,SITE01,XYZ403,C,102,1.379,SSB_3,SSB_4,3,120,30,6,2,7,1.4,-99,-10,16,11,21,19,4.12,3.3,489,88,97,83,65,PREP_FAILURE,Excellent,82
2026-07-01 21:00:00,UE01773,32.95310763334244,-96.96587836115884,SITE01,XYZ401,B,100,1.675,SSB_4,SSB_5,4,180,30,6,2,31,6.2,-99,-10,7,7,17,15,9.03,7.22,345,60,32,53,70,PREP_FAILURE,Fair,47
2026-07-01 22:00:00,UE01774,32.973169808601334,-96.98368753181508,SITE01,XYZ402,A,101,2.633,SSB_5,SSB_6,5,240,30,6,2,18,3.6,-109,-10,2,5,15,13,10.99,8.79,184,41,83,33,63,SUCCESS,Fair,29
2026-07-01 23:00:00,UE01775,32.9338472259202,-96.93823129544279,SITE01,XYZ403,B,102,2.721,SSB_6,SSB_1,6,300,30,6,2,12,2.4,-110,-10,-1,3,13,11,12.91,10.33,118,20,123,77,15,EXEC_FAILURE,Good,15
2026-07-01 00:00:00,UE01776,32.934482189932865,-97.0337110083085,SITE01,XYZ401,A,100,2.809,SSB_1,SSB_2,1,0,30,6,2,10,2.0,-116,-10,0,4,14,12,12.84,10.27,149,34,84,49,29,EXEC_FAILURE,Good,20
2026-07-01 01:00:00,UE01777,32.943794704567985,-96.95562485606541,SITE01,XYZ402,A,101,1.816,SSB_2,SSB_3,2,60,30,6,2,14,2.8,-105,-10,4,6,16,14,10.1,8.08,313,55,93,93,42,PREP_FAILURE,Excellent,36
2026-07-01 02:00:00,UE01778,32.91195142670469,-97.00211105639832,SITE01,XYZ403,A,102,1.87,SSB_3,SSB_4,3,120,30,6,2,33,6.6,-97,-10,13,9,19,17,6.68,5.34,438,81,59,51,81,EXEC_FAILURE,Fair,68
2026-07-01 03:00:00,UE01779,32.94039615914596,-96.95054166758442,SITE01,XYZ401,B,100,2.041,SSB_4,SSB_5,4,180,30,6,2,16,3.2,-110,-10,5,6,16,14,9.0,7.2,309,51,16,36,52,SUCCESS,Coverage_Hole,40
2026-07-01 04:00:00,UE01780,32.93456900118697,-96.96474538902837,SITE01,XYZ402,C,101,1.185,SSB_5,SSB_6,5,240,30,6,2,22,4.4,-84,-10,12,9,19,17,6.92,5.54,478,67,74,96,70,SUCCESS,Good,66
2026-07-01 05:00:00,UE01781,32.918987321195495,-97.02348002357422,SITE01,XYZ403,A,102,2.478,SSB_6,SSB_1,6,300,30,6,2,13,2.6,-118,-10,1,4,14,12,12.25,9.8,213,36,41,43,78,PREP_FAILURE,Good,23
2026-07-01 06:00:00,UE01782,32.89372423189113,-96.98504774410743,SITE01,XYZ401,C,100,2.851,SSB_1,SSB_2,1,0,30,6,2,3,0.6,-109,-10,-2,3,13,11,13.42,10.74,125,20,20,91,30,PREP_FAILURE,Excellent,12
2026-07-01 07:00:00,UE01783,32.945955049585024,-96.94246527392993,SITE01,XYZ402,A,101,2.587,SSB_2,SSB_3,2,60,30,6,2,2,0.4,-109,-10,-2,3,13,11,13.73,10.98,121,21,35,27,78,EXEC_FAILURE,Fair,12
2026-07-01 08:00:00,UE01784,32.89845000641935,-96.9715715581703,SITE01,XYZ403,C,102,2.645,SSB_3,SSB_4,3,120,30,6,2,2,0.4,-112,-10,3,5,15,13,11.24,8.99,264,34,67,23,37,EXEC_FAILURE,Fair,31
2026-07-01 09:00:00,UE01785,32.90585900200491,-96.97742065183728,SITE01,XYZ401,B,100,2.063,SSB_4,SSB_5,4,180,30,6,2,27,5.4,-107,-10,11,9,19,17,6.29,5.03,406,83,19,75,78,EXEC_FAILURE,Excellent,64
2026-07-01 10:00:00,UE01786,32.95078643203455,-96.99241356147888,SITE01,XYZ402,A,101,1.164,SSB_5,SSB_6,5,240,30,6,2,14,2.8,-89,-10,13,9,19,17,6.49,5.19,443,80,92,92,77,EXEC_FAILURE,Excellent,69
2026-07-01 11:00:00,UE01787,32.925286775349214,-97.00460598118282,SITE01,XYZ403,B,102,1.31,SSB_6,SSB_1,6,300,30,6,2,19,3.8,-94,-10,13,9,19,17,7.64,6.11,467,65,36,67,30,SUCCESS,Excellent,67
2026-07-01 12:00:00,UE01788,32.91286113630966,-97.02237391332545,SITE01,XYZ401,C,100,2.641,SSB_1,SSB_2,1,0,30,6,2,10,2.0,-115,-10,-1,3,13,11,13.26,10.61,132,20,87,31,50,EXEC_FAILURE,Fair,15
2026-07-01 13:00:00,UE01789,32.95024837474393,-97.02007078951179,SITE01,XYZ402,A,101,2.276,SSB_2,SSB_3,2,60,30,6,2,33,6.6,-109,-10,0,4,14,12,12.22,9.78,192,34,56,42,87,SUCCESS,Coverage_Hole,20
2026-07-01 14:00:00,UE01790,32.972020523549084,-96.98700807743543,SITE01,XYZ403,B,102,2.554,SSB_3,SSB_4,3,120,30,6,2,29,5.8,-107,-10,4,6,16,14,10.03,8.02,309,57,57,67,57,SUCCESS,Good,36
2026-07-01 15:00:00,UE01791,32.94571686292003,-96.99668110710158,SITE01,XYZ401,C,100,0.992,SSB_4,SSB_5,4,180,30,6,2,31,6.2,-95,-10,16,11,21,19,5.77,4.62,522,103,93,73,16,PREP_FAILURE,Coverage_Hole,81
2026-07-01 16:00:00,UE01792,32.92714114648915,-96.99988079407838,SITE01,XYZ402,A,101,1.01,SSB_5,SSB_6,5,240,30,6,2,29,5.8,-88,-10,11,9,19,17,6.71,5.37,469,80,80,72,32,PREP_FAILURE,Fair,63
2026-07-01 17:00:00,UE01793,32.91098576274865,-96.94478383681302,SITE01,XYZ403,C,102,2.869,SSB_6,SSB_1,6,300,30,6,2,12,2.4,-119,-10,-4,2,12,10,13.51,10.81,76,16,113,61,82,SUCCESS,Poor,5
2026-07-01 18:00:00,UE01794,32.930846820887794,-96.94848892370358,SITE01,XYZ401,C,100,2.146,SSB_1,SSB_2,1,0,30,6,2,20,4.0,-108,-10,5,6,16,14,9.72,7.78,275,55,85,46,74,EXEC_FAILURE,Good,39
2026-07-01 19:00:00,UE01795,32.96348156451131,-96.95371510155333,SITE01,XYZ402,A,101,2.679,SSB_2,SSB_3,2,60,30,6,2,33,6.6,-120,-10,-2,3,13,11,13.17,10.54,124,25,54,30,15,PREP_FAILURE,Coverage_Hole,12
2026-07-01 20:00:00,UE01796,32.94330748974134,-96.95671558057613,SITE01,XYZ403,A,102,1.746,SSB_3,SSB_4,3,120,30,6,2,24,4.8,-102,-10,8,7,17,15,9.73,7.78,283,46,97,78,43,PREP_FAILURE,Good,49
2026-07-01 21:00:00,UE01797,32.907038232706306,-97.01795909681451,SITE01,XYZ401,A,100,2.708,SSB_4,SSB_5,4,180,30,6,2,5,1.0,-115,-10,-4,2,12,10,14.08,11.26,102,13,18,28,83,PREP_FAILURE,Poor,5
2026-07-01 22:00:00,UE01798,32.89864938858763,-96.96584808384404,SITE01,XYZ402,A,101,2.75,SSB_5,SSB_6,5,240,30,6,2,9,1.8,-115,-10,-3,3,13,11,13.91,11.13,111,23,95,32,48,SUCCESS,Fair,9
2026-07-01 23:00:00,UE01799,32.937053928398754,-96.98322018096148,SITE01,XYZ403,B,102,0.18,SSB_6,SSB_1,6,300,30,6,2,31,6.2,-83,-10,19,12,22,20,4.69,3.75,618,105,113,57,27,PREP_FAILURE,Poor,91
2026-07-01 00:00:00,UE01800,32.96144304483271,-96.99791804429609,SITE01,XYZ401,C,100,1.965,SSB_1,SSB_2,1,0,30,6,2,1,0.2,-104,-10,6,6,16,14,9.58,7.66,301,41,97,76,71,EXEC_FAILURE,Fair,42
2026-07-01 01:00:00,UE01801,32.93244257589333,-96.96714383554635,SITE01,XYZ402,B,101,1.061,SSB_2,SSB_3,2,60,30,6,2,3,0.6,-94,-10,9,8,18,16,8.53,6.82,390,68,66,37,67,EXEC_FAILURE,Fair,54
2026-07-01 02:00:00,UE01802,32.95983723372806,-96.970103368107,SITE01,XYZ403,C,102,1.922,SSB_3,SSB_4,3,120,30,6,2,20,4.0,-100,-10,8,7,17,15,9.15,7.32,263,64,79,60,58,PREP_FAILURE,Coverage_Hole,49
2026-07-01 03:00:00,UE01803,32.905048680960924,-96.98796164553828,SITE01,XYZ401,C,100,2.075,SSB_4,SSB_5,4,180,30,6,2,14,2.8,-102,-10,4,6,16,14,10.49,8.39,242,49,24,35,57,EXEC_FAILURE,Poor,36
2026-07-01 04:00:00,UE01804,32.9495560399441,-96.96837725283054,SITE01,XYZ402,A,101,1.397,SSB_5,SSB_6,5,240,30,6,2,14,2.8,-85,-10,13,9,19,17,6.67,5.34,426,59,44,67,54,EXEC_FAILURE,Fair,68
2026-07-01 05:00:00,UE01805,32.91022237886971,-96.94642203879272,SITE01,XYZ403,C,102,2.824,SSB_6,SSB_1,6,300,30,6,2,16,3.2,-112,-10,0,4,14,12,12.28,9.82,210,36,45,56,25,SUCCESS,Poor,20
2026-07-01 06:00:00,UE01806,32.91951507521864,-97.00557407048994,SITE01,XYZ401,B,100,1.593,SSB_1,SSB_2,1,0,30,6,2,15,3.0,-96,-10,5,6,16,14,10.85,8.68,216,53,71,66,50,EXEC_FAILURE,Coverage_Hole,38
2026-07-01 07:00:00,UE01807,32.903255535298875,-96.98477920339063,SITE01,XYZ402,B,101,2.193,SSB_2,SSB_3,2,60,30,6,2,34,6.8,-111,-10,2,5,15,13,11.68,9.34,258,40,61,43,74,SUCCESS,Coverage_Hole,28
2026-07-01 08:00:00,UE01808,32.91165499062483,-96.95113407526158,SITE01,XYZ403,A,102,2.549,SSB_3,SSB_4,3,120,30,6,2,23,4.6,-113,-10,0,4,14,12,12.73,10.18,205,37,36,23,17,SUCCESS,Poor,20
2026-07-01 09:00:00,UE01809,32.946219847949166,-96.95714572302876,SITE01,XYZ401,C,100,1.799,SSB_4,SSB_5,4,180,30,6,2,11,2.2,-104,-10,6,6,16,14,9.64,7.71,283,55,93,76,51,EXEC_FAILURE,Good,42
2026-07-01 10:00:00,UE01810,32.94829898253145,-96.95020341423411,SITE01,XYZ402,C,101,2.224,SSB_5,SSB_6,5,240,30,6,2,19,3.8,-109,-10,6,6,16,14,10.8,8.64,244,45,80,32,55,SUCCESS,Coverage_Hole,41
2026-07-01 11:00:00,UE01811,32.95605530277997,-96.97899439012566,SITE01,XYZ403,A,102,1.494,SSB_6,SSB_1,6,300,30,6,2,26,5.2,-93,-10,7,7,17,15,8.72,6.98,292,65,19,71,67,PREP_FAILURE,Poor,47
2026-07-01 12:00:00,UE01812,32.94540231523045,-96.99113030390964,SITE01,XYZ401,C,100,0.793,SSB_1,SSB_2,1,0,30,6,2,14,2.8,-87,-10,9,8,18,16,7.28,5.82,424,68,128,91,25,SUCCESS,Coverage_Hole,56
2026-07-01 13:00:00,UE01813,32.95903065373285,-96.98565252808723,SITE01,XYZ402,A,101,1.656,SSB_2,SSB_3,2,60,30,6,2,11,2.2,-97,-10,8,7,17,15,8.87,7.1,341,55,25,72,84,SUCCESS,Good,50
2026-07-01 14:00:00,UE01814,32.94650966917762,-97.01903469507512,SITE01,XYZ403,B,102,2.113,SSB_3,SSB_4,3,120,30,6,2,7,1.4,-107,-10,10,8,18,16,7.95,6.36,337,53,51,60,63,PREP_FAILURE,Good,58
2026-07-01 15:00:00,UE01815,32.90659298487828,-97.01360226442678,SITE01,XYZ401,B,100,2.561,SSB_4,SSB_5,4,180,30,6,2,24,4.8,-111,-10,-1,3,13,11,12.95,10.36,158,21,31,93,75,PREP_FAILURE,Fair,15
2026-07-01 16:00:00,UE01816,32.933449618527185,-96.99981197939645,SITE01,XYZ402,A,101,0.853,SSB_5,SSB_6,5,240,30,6,2,16,3.2,-90,-10,13,9,19,17,6.24,4.99,364,80,19,22,23,PREP_FAILURE,Good,69
2026-07-01 17:00:00,UE01817,32.94224611150628,-96.96431661660938,SITE01,XYZ403,B,102,1.308,SSB_6,SSB_1,6,300,30,6,2,32,6.4,-97,-10,11,9,19,17,7.6,6.08,395,77,32,37,52,SUCCESS,Fair,62
2026-07-01 18:00:00,UE01818,32.943820096526274,-97.01492704528027,SITE01,XYZ401,B,100,1.825,SSB_1,SSB_2,1,0,30,6,2,11,2.2,-104,-10,0,4,14,12,12.44,9.95,175,35,39,52,74,SUCCESS,Poor,20
2026-07-01 19:00:00,UE01819,32.95397497521126,-97.00638177610384,SITE01,XYZ402,B,101,1.792,SSB_2,SSB_3,2,60,30,6,2,28,5.6,-99,-10,3,5,15,13,11.0,8.8,206,46,67,64,41,PREP_FAILURE,Excellent,31
2026-07-01 20:00:00,UE01820,32.920933999970174,-96.98110605896545,SITE01,XYZ403,C,102,1.002,SSB_3,SSB_4,3,120,30,6,2,13,2.6,-89,-10,11,9,19,17,6.24,4.99,362,63,66,51,24,SUCCESS,Excellent,64
2026-07-01 21:00:00,UE01821,32.939502319681246,-96.97228594626782,SITE01,XYZ401,C,100,0.809,SSB_4,SSB_5,4,180,30,6,2,15,3.0,-86,-10,19,12,22,20,4.08,3.26,485,89,92,22,65,PREP_FAILURE,Poor,92
2026-07-01 22:00:00,UE01822,32.898114891330366,-96.96049820347069,SITE01,XYZ402,C,101,2.922,SSB_5,SSB_6,5,240,30,6,2,14,2.8,-118,-10,0,4,14,12,12.14,9.71,204,37,125,77,44,PREP_FAILURE,Poor,20
2026-07-01 23:00:00,UE01823,32.92509992142366,-96.96049510167163,SITE01,XYZ403,A,102,1.587,SSB_6,SSB_1,6,300,30,6,2,2,0.4,-98,-10,9,8,18,16,7.85,6.28,430,55,113,84,49,PREP_FAILURE,Excellent,55
2026-07-01 00:00:00,UE01824,32.8993575440983,-96.99845231120533,SITE01,XYZ401,B,100,2.579,SSB_1,SSB_2,1,0,30,6,2,20,4.0,-111,-10,-2,3,13,11,12.13,9.7,108,27,15,78,42,EXEC_FAILURE,Fair,13
2026-07-01 01:00:00,UE01825,32.921762382643266,-96.9912071900115,SITE01,XYZ402,A,101,0.98,SSB_2,SSB_3,2,60,30,6,2,25,5.0,-92,-10,14,10,20,18,5.2,4.16,507,89,40,40,65,EXEC_FAILURE,Poor,74
2026-07-01 02:00:00,UE01826,32.94372378396227,-97.02977153502496,SITE01,XYZ403,B,102,2.65,SSB_3,SSB_4,3,120,30,6,2,5,1.0,-115,-10,-3,3,13,11,12.47,9.98,125,24,43,53,71,EXEC_FAILURE,Coverage_Hole,11
2026-07-01 03:00:00,UE01827,32.935856855434814,-96.98706725781099,SITE01,XYZ401,C,100,0.122,SSB_4,SSB_5,4,180,30,6,2,5,1.0,-85,-10,22,13,23,21,2.03,1.62,472,108,15,90,48,EXEC_FAILURE,Excellent,100
2026-07-01 04:00:00,UE01828,32.958697753402994,-97.00928526737485,SITE01,XYZ402,B,101,2.147,SSB_5,SSB_6,5,240,30,6,2,19,3.8,-101,-10,2,5,15,13,10.65,8.52,238,47,81,29,26,SUCCESS,Coverage_Hole,29
2026-07-01 05:00:00,UE01829,32.93728294121763,-96.94912722257767,SITE01,XYZ403,A,102,2.095,SSB_6,SSB_1,6,300,30,6,2,29,5.8,-108,-10,7,7,17,15,9.45,7.56,357,62,57,24,48,PREP_FAILURE,Excellent,47
2026-07-01 06:00:00,UE01830,32.94851752948363,-97.01939125502315,SITE01,XYZ401,A,100,2.188,SSB_1,SSB_2,1,0,30,6,2,4,0.8,-113,-10,4,6,16,14,10.33,8.26,302,44,28,51,64,EXEC_FAILURE,Fair,36
2026-07-01 07:00:00,UE01831,32.92815757092582,-97.01403387300142,SITE01,XYZ402,C,101,1.736,SSB_2,SSB_3,2,60,30,6,2,2,0.4,-94,-10,6,6,16,14,9.1,7.28,265,41,23,88,27,SUCCESS,Good,42
2026-07-01 08:00:00,UE01832,32.93668124120038,-97.02166229447289,SITE01,XYZ403,A,102,2.115,SSB_3,SSB_4,3,120,30,6,2,15,3.0,-106,-10,2,5,15,13,11.35,9.08,192,37,88,28,47,EXEC_FAILURE,Fair,28
2026-07-01 09:00:00,UE01833,32.94066801351406,-97.00040352678643,SITE01,XYZ401,C,100,0.962,SSB_4,SSB_5,4,180,30,6,2,18,3.6,-88,-10,17,11,21,19,4.2,3.36,447,86,73,47,55,PREP_FAILURE,Fair,85
2026-07-01 10:00:00,UE01834,32.95006084204691,-97.02460036031574,SITE01,XYZ402,C,101,2.506,SSB_5,SSB_6,5,240,30,6,2,11,2.2,-108,-10,-1,3,13,11,13.61,10.89,121,19,22,97,32,EXEC_FAILURE,Poor,14
2026-07-01 11:00:00,UE01835,32.912976162509516,-96.95842507244146,SITE01,XYZ403,A,102,2.173,SSB_6,SSB_1,6,300,30,6,2,16,3.2,-108,-10,6,6,16,14,9.16,7.33,264,53,117,47,81,SUCCESS,Poor,42
2026-07-01 12:00:00,UE01836,32.93090077790933,-97.00564966768614,SITE01,XYZ401,C,100,1.218,SSB_1,SSB_2,1,0,30,6,2,12,2.4,-95,-10,16,11,21,19,4.16,3.33,519,72,32,83,63,EXEC_FAILURE,Good,82
2026-07-01 13:00:00,UE01837,32.97224141780124,-96.96981534602006,SITE01,XYZ402,B,101,2.717,SSB_2,SSB_3,2,60,30,6,2,15,3.0,-104,-10,5,6,16,14,10.26,8.21,303,53,19,65,89,PREP_FAILURE,Excellent,39
2026-07-01 14:00:00,UE01838,32.91690232986497,-96.94136108028573,SITE01,XYZ403,A,102,2.83,SSB_3,SSB_4,3,120,30,6,2,16,3.2,-115,-10,0,4,14,12,11.8,9.44,167,38,113,23,23,EXEC_FAILURE,Coverage_Hole,21
2026-07-01 15:00:00,UE01839,32.91708303269091,-97.01658958292296,SITE01,XYZ401,C,100,2.2,SSB_4,SSB_5,4,180,30,6,2,19,3.8,-105,-10,4,6,16,14,10.72,8.58,247,56,101,63,77,PREP_FAILURE,Good,36
2026-07-01 16:00:00,UE01840,32.916012857759576,-97.02786492466458,SITE01,XYZ402,B,101,2.798,SSB_5,SSB_6,5,240,30,6,2,33,6.6,-113,-10,-1,3,13,11,13.79,11.03,131,24,114,92,68,PREP_FAILURE,Poor,14
2026-07-01 17:00:00,UE01841,32.93951398859545,-96.96485821101504,SITE01,XYZ403,C,102,1.218,SSB_6,SSB_1,6,300,30,6,2,30,6.0,-93,-10,18,12,22,20,3.46,2.77,519,91,100,62,80,SUCCESS,Fair,90
2026-07-01 18:00:00,UE01842,32.913704663367355,-96.99957852198216,SITE01,XYZ401,B,100,1.691,SSB_1,SSB_2,1,0,30,6,2,33,6.6,-101,-10,8,7,17,15,8.92,7.14,334,63,38,59,79,SUCCESS,Good,50
2026-07-01 19:00:00,UE01843,32.976646527143096,-96.9812413031985,SITE01,XYZ402,B,101,2.88,SSB_2,SSB_3,2,60,30,6,2,28,5.6,-121,-10,-4,2,12,10,14.14,11.31,94,19,115,63,46,PREP_FAILURE,Fair,5
2026-07-01 20:00:00,UE01844,32.92396867524482,-96.98565290320566,SITE01,XYZ403,B,102,0.764,SSB_3,SSB_4,3,120,30,6,2,29,5.8,-88,-10,15,10,20,18,5.7,4.56,457,73,66,44,66,EXEC_FAILURE,Coverage_Hole,76
2026-07-01 21:00:00,UE01845,32.92800405264173,-97.02529038288779,SITE01,XYZ401,B,100,2.372,SSB_4,SSB_5,4,180,30,6,2,22,4.4,-111,-10,2,5,15,13,11.29,9.03,236,33,115,20,33,SUCCESS,Fair,28
2026-07-01 22:00:00,UE01846,32.94603634441404,-97.01784637735145,SITE01,XYZ402,C,101,2.037,SSB_5,SSB_6,5,240,30,6,2,26,5.2,-103,-10,7,7,17,15,8.73,6.98,261,52,26,28,81,SUCCESS,Coverage_Hole,47
2026-07-01 23:00:00,UE01847,32.918661863580944,-96.98034923456463,SITE01,XYZ403,A,102,1.164,SSB_6,SSB_1,6,300,30,6,2,10,2.0,-91,-10,12,9,19,17,6.73,5.38,482,73,91,68,29,SUCCESS,Coverage_Hole,66
2026-07-01 00:00:00,UE01848,32.928978641616894,-96.98260547146619,SITE01,XYZ401,C,100,0.444,SSB_1,SSB_2,1,0,30,6,2,7,1.4,-85,-10,19,12,22,20,3.95,3.16,493,111,46,86,46,SUCCESS,Coverage_Hole,92
2026-07-01 01:00:00,UE01849,32.90254966078117,-96.96011012032966,SITE01,XYZ402,A,101,2.671,SSB_2,SSB_3,2,60,30,6,2,29,5.8,-116,-10,0,4,14,12,12.78,10.22,175,37,57,35,40,EXEC_FAILURE,Coverage_Hole,20
2026-07-01 02:00:00,UE01850,32.91909318947838,-96.96623101964913,SITE01,XYZ403,C,102,1.555,SSB_3,SSB_4,3,120,30,6,2,3,0.6,-101,-10,11,9,19,17,7.03,5.62,442,76,60,45,27,SUCCESS,Coverage_Hole,63
2026-07-01 03:00:00,UE01851,32.93925583132198,-96.95579994229841,SITE01,XYZ401,A,100,1.727,SSB_4,SSB_5,4,180,30,6,2,4,0.8,-103,-10,7,7,17,15,9.44,7.55,298,49,47,38,65,PREP_FAILURE,Excellent,47
2026-07-01 04:00:00,UE01852,32.94657332623024,-96.93825352235389,SITE01,XYZ402,A,101,2.833,SSB_5,SSB_6,5,240,30,6,2,2,0.4,-117,-10,0,4,14,12,12.88,10.3,164,37,109,64,29,SUCCESS,Coverage_Hole,20
2026-07-01 05:00:00,UE01853,32.90615825370846,-96.99647972231259,SITE01,XYZ403,C,102,2.097,SSB_6,SSB_1,6,300,30,6,2,20,4.0,-108,-10,6,6,16,14,9.61,7.69,226,50,115,44,35,SUCCESS,Poor,42
2026-07-01 06:00:00,UE01854,32.91309530473249,-96.96816244792899,SITE01,XYZ401,C,100,1.807,SSB_1,SSB_2,1,0,30,6,2,2,0.4,-103,-10,9,8,18,16,7.76,6.21,400,70,75,28,67,SUCCESS,Excellent,55
2026-07-01 07:00:00,UE01855,32.904930839649445,-96.9625472469802,SITE01,XYZ402,B,101,2.457,SSB_2,SSB_3,2,60,30,6,2,4,0.8,-102,-10,0,4,14,12,12.65,10.12,170,37,36,36,24,EXEC_FAILURE,Poor,20
2026-07-01 08:00:00,UE01856,32.918661752353245,-96.94664718840599,SITE01,XYZ403,C,102,2.502,SSB_3,SSB_4,3,120,30,6,2,11,2.2,-111,-10,6,6,16,14,10.14,8.11,267,47,120,74,40,PREP_FAILURE,Coverage_Hole,41
2026-07-01 09:00:00,UE01857,32.92681174404645,-97.00856524828494,SITE01,XYZ401,B,100,1.467,SSB_4,SSB_5,4,180,30,6,2,13,2.6,-98,-10,12,9,19,17,7.75,6.2,379,63,27,59,45,SUCCESS,Coverage_Hole,65
2026-07-01 10:00:00,UE01858,32.90683071495596,-96.9661074963765,SITE01,XYZ402,B,101,2.238,SSB_5,SSB_6,5,240,30,6,2,1,0.2,-101,-10,4,6,16,14,9.21,7.37,275,54,61,38,65,EXEC_FAILURE,Coverage_Hole,37
2026-07-01 11:00:00,UE01859,32.93109390833877,-97.03093759851919,SITE01,XYZ403,A,102,2.663,SSB_6,SSB_1,6,300,30,6,2,28,5.6,-118,-10,0,4,14,12,11.62,9.3,158,30,81,93,89,SUCCESS,Excellent,21
2026-07-01 12:00:00,UE01860,32.92407733511785,-96.97865601626596,SITE01,XYZ401,C,100,0.846,SSB_1,SSB_2,1,0,30,6,2,13,2.6,-93,-10,15,10,20,18,6.62,5.3,386,76,20,35,60,EXEC_FAILURE,Poor,75
2026-07-01 13:00:00,UE01861,32.952887660060625,-96.99263759738903,SITE01,XYZ402,C,101,1.305,SSB_2,SSB_3,2,60,30,6,2,20,4.0,-100,-10,8,7,17,15,9.37,7.5,353,53,22,58,51,SUCCESS,Fair,49
2026-07-01 14:00:00,UE01862,32.90139074530372,-96.98555528232866,SITE01,XYZ403,C,102,2.322,SSB_3,SSB_4,3,120,30,6,2,25,5.0,-112,-10,3,5,15,13,10.64,8.51,213,37,121,96,58,PREP_FAILURE,Coverage_Hole,31
2026-07-01 15:00:00,UE01863,32.938485293909864,-96.95889986061252,SITE01,XYZ401,C,100,1.542,SSB_4,SSB_5,4,180,30,6,2,2,0.4,-102,-10,13,9,19,17,6.81,5.45,438,85,102,71,85,EXEC_FAILURE,Fair,68
2026-07-01 16:00:00,UE01864,32.918487132712336,-96.99675535805446,SITE01,XYZ402,C,101,1.323,SSB_5,SSB_6,5,240,30,6,2,17,3.4,-102,-10,13,9,19,17,6.14,4.91,388,62,78,48,29,PREP_FAILURE,Excellent,69
2026-07-01 17:00:00,UE01865,32.9550144661763,-96.98266969364502,SITE01,XYZ403,A,102,1.386,SSB_6,SSB_1,6,300,30,6,2,0,0.0,-93,-10,14,10,20,18,5.36,4.29,502,73,86,62,54,EXEC_FAILURE,Coverage_Hole,74
2026-07-01 18:00:00,UE01866,32.9304347452045,-97.01923305145549,SITE01,XYZ401,C,100,1.996,SSB_1,SSB_2,1,0,30,6,2,12,2.4,-112,-10,7,7,17,15,9.45,7.56,338,58,117,79,75,SUCCESS,Coverage_Hole,47
2026-07-01 19:00:00,UE01867,32.95301975164219,-96.96376678335832,SITE01,XYZ402,C,101,1.755,SSB_2,SSB_3,2,60,30,6,2,1,0.2,-108,-10,11,9,19,17,7.63,6.1,393,76,60,28,63,PREP_FAILURE,Coverage_Hole,62
2026-07-01 20:00:00,UE01868,32.91987394867945,-97.031800307313,SITE01,XYZ403,C,102,2.894,SSB_3,SSB_4,3,120,30,6,2,29,5.8,-122,-10,-2,3,13,11,12.65,10.12,160,20,127,59,59,EXEC_FAILURE,Fair,13
2026-07-01 21:00:00,UE01869,32.95208460899764,-96.98967974123468,SITE01,XYZ401,C,100,1.205,SSB_4,SSB_5,4,180,30,6,2,21,4.2,-96,-10,10,8,18,16,7.06,5.65,335,51,27,57,59,SUCCESS,Good,58
2026-07-01 22:00:00,UE01870,32.92597014026516,-97.01759989590391,SITE01,XYZ402,A,101,1.978,SSB_5,SSB_6,5,240,30,6,2,20,4.0,-100,-10,7,7,17,15,9.66,7.73,281,46,94,90,85,PREP_FAILURE,Coverage_Hole,46
2026-07-01 23:00:00,UE01871,32.89888020492816,-96.98014612662814,SITE01,XYZ403,A,102,2.512,SSB_6,SSB_1,6,300,30,6,2,31,6.2,-114,-10,-2,3,13,11,12.14,9.71,123,19,17,86,86,PREP_FAILURE,Excellent,13
2026-07-01 00:00:00,UE01872,32.932909144248214,-96.98141960366566,SITE01,XYZ401,A,100,0.264,SSB_1,SSB_2,1,0,30,6,2,21,4.2,-89,-10,16,11,21,19,4.89,3.91,480,92,103,73,25,EXEC_FAILURE,Excellent,82
2026-07-01 01:00:00,UE01873,32.89842638416784,-96.96810241987373,SITE01,XYZ402,A,101,2.713,SSB_2,SSB_3,2,60,30,6,2,9,1.8,-121,-10,0,4,14,12,12.68,10.14,181,32,29,92,41,PREP_FAILURE,Poor,20
2026-07-01 02:00:00,UE01874,32.900908740453914,-97.01680261471688,SITE01,XYZ403,C,102,2.982,SSB_3,SSB_4,3,120,30,6,2,0,0.0,-112,-10,-5,2,12,10,14.31,11.45,78,15,20,95,78,SUCCESS,Coverage_Hole,5
2026-07-01 03:00:00,UE01875,32.89525183965334,-96.97747897348195,SITE01,XYZ401,B,100,2.781,SSB_4,SSB_5,4,180,30,6,2,9,1.8,-112,-10,1,4,14,12,12.75,10.2,152,35,74,64,22,PREP_FAILURE,Fair,22
2026-07-01 04:00:00,UE01876,32.91058007406212,-96.99189954354271,SITE01,XYZ402,A,101,1.732,SSB_5,SSB_6,5,240,30,6,2,31,6.2,-94,-10,5,6,16,14,10.18,8.14,300,38,17,87,71,PREP_FAILURE,Poor,39
2026-07-01 05:00:00,UE01877,32.936789007160804,-96.96986959006152,SITE01,XYZ403,A,102,0.896,SSB_6,SSB_1,6,300,30,6,2,27,5.4,-91,-10,10,8,18,16,7.64,6.11,391,69,42,40,22,SUCCESS,Coverage_Hole,58
2026-07-01 06:00:00,UE01878,32.92822871916559,-96.96859657363287,SITE01,XYZ401,B,100,1.07,SSB_1,SSB_2,1,0,30,6,2,25,5.0,-95,-10,11,9,19,17,7.91,6.33,438,64,80,22,49,PREP_FAILURE,Fair,62
2026-07-01 07:00:00,UE01879,32.93045829255273,-96.99922179783732,SITE01,XYZ402,A,101,0.871,SSB_2,SSB_3,2,60,30,6,2,19,3.8,-90,-10,18,12,22,20,4.35,3.48,608,96,48,78,57,SUCCESS,Fair,89
2026-07-01 08:00:00,UE01880,32.968538259059656,-96.96887229641258,SITE01,XYZ403,B,102,2.498,SSB_3,SSB_4,3,120,30,6,2,9,1.8,-107,-10,3,5,15,13,11.3,9.04,245,33,121,39,25,SUCCESS,Good,31
2026-07-01 09:00:00,UE01881,32.9051691590294,-96.95932987810615,SITE01,XYZ401,B,100,2.548,SSB_4,SSB_5,4,180,30,6,2,11,2.2,-109,-10,4,6,16,14,10.16,8.13,313,38,108,60,89,EXEC_FAILURE,Poor,36
2026-07-01 10:00:00,UE01882,32.90074949789699,-97.01145916267905,SITE01,XYZ402,C,101,2.812,SSB_5,SSB_6,5,240,30,6,2,15,3.0,-124,-10,-5,2,12,10,13.67,10.94,72,18,27,46,73,SUCCESS,Excellent,5
2026-07-01 11:00:00,UE01883,32.90784529236716,-97.0098182117522,SITE01,XYZ403,A,102,2.356,SSB_6,SSB_1,6,300,30,6,2,26,5.2,-108,-10,4,6,16,14,10.2,8.16,253,45,52,89,73,PREP_FAILURE,Poor,36
2026-07-01 12:00:00,UE01884,32.9338610675662,-96.98681846671427,SITE01,XYZ401,C,100,0.124,SSB_1,SSB_2,1,0,30,6,2,8,1.6,-82,-10,23,14,24,22,1.93,1.54,747,102,86,87,19,EXEC_FAILURE,Good,100
2026-07-01 13:00:00,UE01885,32.95347121575015,-96.97834341057045,SITE01,XYZ402,B,101,1.333,SSB_2,SSB_3,2,60,30,6,2,17,3.4,-94,-10,15,10,20,18,6.01,4.81,408,66,56,35,36,PREP_FAILURE,Fair,76
2026-07-01 14:00:00,UE01886,32.95496691470421,-96.96118581911324,SITE01,XYZ403,C,102,1.956,SSB_3,SSB_4,3,120,30,6,2,33,6.6,-100,-10,8,7,17,15,8.18,6.54,369,55,115,30,25,EXEC_FAILURE,Coverage_Hole,50
2026-07-01 15:00:00,UE01887,32.97043949244,-96.97364977806642,SITE01,XYZ401,C,100,2.533,SSB_4,SSB_5,4,180,30,6,2,16,3.2,-117,-10,2,5,15,13,10.33,8.26,233,44,41,69,80,SUCCESS,Good,29
2026-07-01 16:00:00,UE01888,32.94606900538676,-97.02184840271708,SITE01,XYZ402,A,101,2.255,SSB_5,SSB_6,5,240,30,6,2,0,0.0,-106,-10,2,5,15,13,11.91,9.53,183,32,98,27,81,SUCCESS,Fair,28
2026-07-01 17:00:00,UE01889,32.94993443427922,-97.01468309309746,SITE01,XYZ403,A,102,1.993,SSB_6,SSB_1,6,300,30,6,2,2,0.4,-107,-10,3,5,15,13,10.06,8.05,216,39,78,43,23,EXEC_FAILURE,Excellent,32
2026-07-01 18:00:00,UE01890,32.97436300934368,-96.99233389217886,SITE01,XYZ401,C,100,2.745,SSB_1,SSB_2,1,0,30,6,2,1,0.2,-110,-10,-3,3,13,11,13.62,10.9,127,20,120,78,42,EXEC_FAILURE,Coverage_Hole,9
2026-07-01 19:00:00,UE01891,32.9517135943354,-96.98750315624149,SITE01,XYZ402,C,101,1.158,SSB_2,SSB_3,2,60,30,6,2,15,3.0,-94,-10,17,11,21,19,5.22,4.18,417,90,42,50,29,EXEC_FAILURE,Good,84
2026-07-01 20:00:00,UE01892,32.94623549645982,-97.00179830962396,SITE01,XYZ403,A,102,1.233,SSB_3,SSB_4,3,120,30,6,2,5,1.0,-95,-10,12,9,19,17,7.72,6.18,403,62,42,81,36,EXEC_FAILURE,Good,65
2026-07-01 21:00:00,UE01893,32.91932813305935,-96.97156343661734,SITE01,XYZ401,C,100,1.341,SSB_4,SSB_5,4,180,30,6,2,11,2.2,-97,-10,9,8,18,16,7.78,6.22,426,70,61,28,21,SUCCESS,Fair,55
2026-07-01 22:00:00,UE01894,32.955426475710965,-96.99575606851758,SITE01,XYZ402,C,101,1.534,SSB_5,SSB_6,5,240,30,6,2,30,6.0,-104,-10,7,7,17,15,8.67,6.94,295,49,40,87,48,EXEC_FAILURE,Good,47
2026-07-01 23:00:00,UE01895,32.965352473598244,-96.9639471437924,SITE01,XYZ403,B,102,2.427,SSB_6,SSB_1,6,300,30,6,2,1,0.2,-117,-10,3,5,15,13,10.86,8.69,234,46,24,42,53,SUCCESS,Fair,31
2026-07-01 00:00:00,UE01896,32.97000019005412,-96.97155095931372,SITE01,XYZ401,C,100,2.539,SSB_1,SSB_2,1,0,30,6,2,16,3.2,-116,-10,0,4,14,12,11.87,9.5,197,31,41,51,75,SUCCESS,Poor,21
2026-07-01 01:00:00,UE01897,32.96637426656955,-96.96983140333178,SITE01,XYZ402,C,101,2.338,SSB_2,SSB_3,2,60,30,6,2,13,2.6,-115,-10,-2,3,13,11,12.67,10.14,138,22,72,97,28,SUCCESS,Coverage_Hole,13
2026-07-01 02:00:00,UE01898,32.90308356440754,-96.97974962240055,SITE01,XYZ403,B,102,2.227,SSB_3,SSB_4,3,120,30,6,2,31,6.2,-103,-10,5,6,16,14,10.95,8.76,283,55,120,64,63,SUCCESS,Poor,38
2026-07-01 03:00:00,UE01899,32.90302811390671,-96.9617558960232,SITE01,XYZ401,B,100,2.593,SSB_4,SSB_5,4,180,30,6,2,27,5.4,-113,-10,6,6,16,14,9.87,7.9,247,45,127,29,36,SUCCESS,Coverage_Hole,42
2026-07-01 04:00:00,UE01900,32.90594234528851,-96.96894266142124,SITE01,XYZ402,C,101,2.217,SSB_5,SSB_6,5,240,30,6,2,15,3.0,-108,-10,0,4,14,12,12.58,10.06,208,34,60,55,80,SUCCESS,Coverage_Hole,20
2026-07-01 05:00:00,UE01901,32.91225663498981,-97.02187804807176,SITE01,XYZ403,C,102,2.642,SSB_6,SSB_1,6,300,30,6,2,20,4.0,-106,-10,3,5,15,13,10.47,8.38,220,42,52,24,75,PREP_FAILURE,Good,32
2026-07-01 06:00:00,UE01902,32.9688319599491,-96.95754207870375,SITE01,XYZ401,C,100,2.829,SSB_1,SSB_2,1,0,30,6,2,3,0.6,-113,-10,0,4,14,12,12.2,9.76,171,37,33,76,33,EXEC_FAILURE,Good,20
2026-07-01 07:00:00,UE01903,32.92625220414094,-97.03536363149428,SITE01,XYZ402,B,101,2.967,SSB_2,SSB_3,2,60,30,6,2,26,5.2,-115,-10,-7,1,11,9,15.07,12.06,51,8,87,75,17,PREP_FAILURE,Coverage_Hole,5
2026-07-01 08:00:00,UE01904,32.943532074270614,-96.9564114560842,SITE01,XYZ403,A,102,1.767,SSB_3,SSB_4,3,120,30,6,2,8,1.6,-105,-10,10,8,18,16,8.83,7.06,330,65,102,29,43,EXEC_FAILURE,Fair,57
2026-07-01 09:00:00,UE01905,32.92227416056152,-96.97808698090448,SITE01,XYZ401,C,100,0.972,SSB_4,SSB_5,4,180,30,6,2,17,3.4,-91,-10,18,12,22,20,3.52,2.82,437,88,31,72,20,EXEC_FAILURE,Excellent,90
2026-07-01 10:00:00,UE01906,32.916115671409436,-97.02242276279478,SITE01,XYZ402,C,101,2.52,SSB_5,SSB_6,5,240,30,6,2,22,4.4,-112,-10,0,4,14,12,11.01,8.81,153,31,86,66,24,EXEC_FAILURE,Fair,21
2026-07-01 11:00:00,UE01907,32.91214183049738,-96.97047956143398,SITE01,XYZ403,B,102,1.795,SSB_6,SSB_1,6,300,30,6,2,32,6.4,-96,-10,8,7,17,15,8.27,6.62,353,58,102,94,17,SUCCESS,Fair,50
2026-07-01 12:00:00,UE01908,32.96813978668106,-96.97084130311163,SITE01,XYZ401,A,100,2.431,SSB_1,SSB_2,1,0,30,6,2,29,5.8,-110,-10,0,4,14,12,12.99,10.39,169,35,21,69,15,EXEC_FAILURE,Poor,20
2026-07-01 13:00:00,UE01909,32.95082899824443,-96.95609862530043,SITE01,XYZ402,C,101,2.007,SSB_2,SSB_3,2,60,30,6,2,32,6.4,-111,-10,6,6,16,14,9.19,7.35,266,49,94,81,25,SUCCESS,Coverage_Hole,42
2026-07-01 14:00:00,UE01910,32.92633842811941,-96.9733798970173,SITE01,XYZ403,A,102,0.91,SSB_3,SSB_4,3,120,30,6,2,8,1.6,-87,-10,17,11,21,19,4.05,3.24,485,99,129,52,63,EXEC_FAILURE,Poor,85
2026-07-01 15:00:00,UE01911,32.93306348265558,-96.98973758675932,SITE01,XYZ401,B,100,0.296,SSB_4,SSB_5,4,180,30,6,2,5,1.0,-78,-10,23,14,24,22,1.68,1.34,637,106,54,34,67,SUCCESS,Good,100
2026-07-01 16:00:00,UE01912,32.95384735610761,-97.00739422950969,SITE01,XYZ402,C,101,1.827,SSB_5,SSB_6,5,240,30,6,2,20,4.0,-103,-10,7,7,17,15,9.81,7.85,307,61,29,85,29,EXEC_FAILURE,Excellent,46
2026-07-01 17:00:00,UE01913,32.95163484072708,-97.00927148524408,SITE01,XYZ403,B,102,1.804,SSB_6,SSB_1,6,300,30,6,2,23,4.6,-103,-10,8,7,17,15,9.94,7.95,327,44,110,47,63,SUCCESS,Fair,49
2026-07-01 18:00:00,UE01914,32.95833872919045,-96.97188381370039,SITE01,XYZ401,B,100,1.783,SSB_1,SSB_2,1,0,30,6,2,25,5.0,-106,-10,10,8,18,16,7.5,6.0,387,76,27,55,78,EXEC_FAILURE,Poor,58
2026-07-01 19:00:00,UE01915,32.9087517568772,-96.94460944002323,SITE01,XYZ402,C,101,2.969,SSB_2,SSB_3,2,60,30,6,2,7,1.4,-123,-10,0,4,14,12,12.51,10.01,163,33,108,72,43,EXEC_FAILURE,Good,20
2026-07-01 20:00:00,UE01916,32.928872038631674,-97.01228484558817,SITE01,XYZ403,B,102,1.625,SSB_3,SSB_4,3,120,30,6,2,25,5.0,-103,-10,10,8,18,16,8.19,6.55,411,60,120,47,38,EXEC_FAILURE,Poor,57
2026-07-01 21:00:00,UE01917,32.91498526495612,-96.95451835258928,SITE01,XYZ401,B,100,2.252,SSB_4,SSB_5,4,180,30,6,2,32,6.4,-108,-10,0,4,14,12,12.46,9.97,188,34,57,24,85,SUCCESS,Poor,20
2026-07-01 22:00:00,UE01918,32.931067186368885,-96.94258260101137,SITE01,XYZ402,A,101,2.483,SSB_5,SSB_6,5,240,30,6,2,5,1.0,-109,-10,0,4,14,12,11.87,9.5,156,35,22,93,42,EXEC_FAILURE,Poor,21
2026-07-01 23:00:00,UE01919,32.96751703169827,-97.01743876327905,SITE01,XYZ403,C,102,2.917,SSB_6,SSB_1,6,300,30,6,2,25,5.0,-123,-10,-7,1,11,9,15.79,12.63,37,8,66,37,46,EXEC_FAILURE,Coverage_Hole,5
2026-07-01 00:00:00,UE01920,32.947543517907185,-96.94767536979022,SITE01,XYZ401,C,100,2.338,SSB_1,SSB_2,1,0,30,6,2,18,3.6,-107,-10,2,5,15,13,10.58,8.46,185,38,19,45,77,PREP_FAILURE,Fair,29
2026-07-01 01:00:00,UE01921,32.96267573850253,-97.00912052678737,SITE01,XYZ402,A,101,2.357,SSB_2,SSB_3,2,60,30,6,2,15,3.0,-111,-10,4,6,16,14,10.47,8.38,270,52,113,44,51,PREP_FAILURE,Coverage_Hole,36
2026-07-01 02:00:00,UE01922,32.93942804180543,-96.97724576669648,SITE01,XYZ403,C,102,0.551,SSB_3,SSB_4,3,120,30,6,2,8,1.6,-86,-10,14,10,20,18,5.42,4.34,412,79,104,46,73,PREP_FAILURE,Good,74
2026-07-01 03:00:00,UE01923,32.96134839178973,-96.97237651428291,SITE01,XYZ401,B,100,1.962,SSB_4,SSB_5,4,180,30,6,2,34,6.8,-106,-10,8,7,17,15,9.83,7.86,271,46,43,94,84,EXEC_FAILURE,Coverage_Hole,49
2026-07-01 04:00:00,UE01924,32.927645885350834,-96.95751585410925,SITE01,XYZ402,A,101,1.682,SSB_5,SSB_6,5,240,30,6,2,16,3.2,-102,-10,7,7,17,15,8.11,6.49,325,62,29,33,28,SUCCESS,Excellent,48
2026-07-01 05:00:00,UE01925,32.96475223279165,-96.95932281628,SITE01,XYZ403,B,102,2.54,SSB_6,SSB_1,6,300,30,6,2,28,5.6,-115,-10,1,4,14,12,11.51,9.21,156,27,40,53,23,SUCCESS,Fair,23
2026-07-01 06:00:00,UE01926,32.94487816506342,-96.97411128148553,SITE01,XYZ401,A,100,0.935,SSB_1,SSB_2,1,0,30,6,2,12,2.4,-89,-10,14,10,20,18,6.14,4.91,530,78,58,25,40,PREP_FAILURE,Excellent,73
2026-07-01 07:00:00,UE01927,32.94366453136577,-97.00086707499854,SITE01,XYZ402,B,101,1.085,SSB_2,SSB_3,2,60,30,6,2,30,6.0,-92,-10,16,11,21,19,5.93,4.74,530,104,30,91,65,EXEC_FAILURE,Excellent,81
2026-07-01 08:00:00,UE01928,32.96053910800981,-96.99361375245422,SITE01,XYZ403,A,102,1.826,SSB_3,SSB_4,3,120,30,6,2,0,0.0,-103,-10,10,8,18,16,8.08,6.46,375,68,78,80,46,EXEC_FAILURE,Excellent,57
2026-07-01 09:00:00,UE01929,32.92690848572793,-97.0022300321467,SITE01,XYZ401,A,100,1.134,SSB_4,SSB_5,4,180,30,6,2,21,4.2,-88,-10,14,10,20,18,5.28,4.22,501,95,46,36,70,EXEC_FAILURE,Excellent,74
2026-07-01 10:00:00,UE01930,32.95611108802387,-96.96124743731242,SITE01,XYZ402,B,101,2.01,SSB_5,SSB_6,5,240,30,6,2,0,0.0,-111,-10,6,6,16,14,9.77,7.82,217,45,125,56,38,EXEC_FAILURE,Poor,42
2026-07-01 11:00:00,UE01931,32.94611114724978,-96.98782018803011,SITE01,XYZ403,C,102,0.779,SSB_6,SSB_1,6,300,30,6,2,14,2.8,-88,-10,16,11,21,19,4.78,3.82,497,97,119,34,26,PREP_FAILURE,Good,82
2026-07-01 12:00:00,UE01932,32.96507617950593,-96.95409611806475,SITE01,XYZ401,A,100,2.746,SSB_1,SSB_2,1,0,30,6,2,9,1.8,-102,-10,4,6,16,14,10.94,8.75,286,43,21,63,37,PREP_FAILURE,Poor,36
2026-07-01 13:00:00,UE01933,32.9357442057147,-96.99563687845992,SITE01,XYZ402,C,101,0.606,SSB_2,SSB_3,2,60,30,6,2,33,6.6,-84,-10,17,11,21,19,5.17,4.14,456,83,114,60,72,SUCCESS,Excellent,84
2026-07-01 14:00:00,UE01934,32.9483469919983,-97.0021361402856,SITE01,XYZ403,B,102,1.344,SSB_3,SSB_4,3,120,30,6,2,10,2.0,-98,-10,8,7,17,15,9.09,7.27,330,62,36,83,26,SUCCESS,Coverage_Hole,49
2026-07-01 15:00:00,UE01935,32.93988978148193,-97.0284863633197,SITE01,XYZ401,B,100,2.529,SSB_4,SSB_5,4,180,30,6,2,23,4.6,-117,-10,0,4,14,12,12.56,10.05,192,36,32,80,51,PREP_FAILURE,Excellent,20
2026-07-01 16:00:00,UE01936,32.91447064289688,-97.01567871720069,SITE01,XYZ402,B,101,2.265,SSB_5,SSB_6,5,240,30,6,2,20,4.0,-104,-10,1,4,14,12,11.93,9.54,160,36,56,88,88,SUCCESS,Coverage_Hole,23
2026-07-01 17:00:00,UE01937,32.97582828459659,-96.99025245447626,SITE01,XYZ403,C,102,2.83,SSB_6,SSB_1,6,300,30,6,2,13,2.6,-112,-10,0,4,14,12,12.02,9.62,211,36,53,32,89,EXEC_FAILURE,Fair,20
2026-07-01 18:00:00,UE01938,32.92325310416736,-97.01251614287305,SITE01,XYZ401,A,100,1.779,SSB_1,SSB_2,1,0,30,6,2,26,5.2,-101,-10,5,6,16,14,9.56,7.65,266,49,127,79,84,EXEC_FAILURE,Poor,39
2026-07-01 19:00:00,UE01939,32.95568443636598,-96.9666614045537,SITE01,XYZ402,A,101,1.784,SSB_2,SSB_3,2,60,30,6,2,7,1.4,-109,-10,8,7,17,15,9.32,7.46,292,54,19,24,83,EXEC_FAILURE,Excellent,49
2026-07-01 20:00:00,UE01940,32.939370513521666,-96.95532662563204,SITE01,XYZ403,C,102,1.756,SSB_3,SSB_4,3,120,30,6,2,9,1.8,-103,-10,8,7,17,15,8.73,6.98,285,49,47,92,66,SUCCESS,Excellent,50
2026-07-01 21:00:00,UE01941,32.93403838027136,-96.98363057504379,SITE01,XYZ401,C,100,0.114,SSB_4,SSB_5,4,180,30,6,2,14,2.8,-75,-10,23,14,24,22,1.66,1.33,565,126,97,85,80,SUCCESS,Poor,100
2026-07-01 22:00:00,UE01942,32.90734078816433,-97.00267973989348,SITE01,XYZ402,A,101,2.163,SSB_5,SSB_6,5,240,30,6,2,21,4.2,-110,-10,6,6,16,14,9.59,7.67,277,57,125,59,25,SUCCESS,Excellent,42
2026-07-01 23:00:00,UE01943,32.92781149344101,-96.97621117523305,SITE01,XYZ403,C,102,0.721,SSB_6,SSB_1,6,300,30,6,2,27,5.4,-88,-10,16,11,21,19,5.43,4.34,435,74,95,63,50,EXEC_FAILURE,Good,81
2026-07-01 00:00:00,UE01944,32.95438425905726,-96.96949099336399,SITE01,XYZ401,B,100,1.616,SSB_1,SSB_2,1,0,30,6,2,7,1.4,-98,-10,10,8,18,16,7.48,5.98,348,60,110,36,72,PREP_FAILURE,Good,58
2026-07-01 01:00:00,UE01945,32.94715387619035,-96.99675592400924,SITE01,XYZ402,A,101,1.071,SSB_2,SSB_3,2,60,30,6,2,32,6.4,-92,-10,8,7,17,15,8.47,6.78,330,47,67,75,33,EXEC_FAILURE,Coverage_Hole,50
2026-07-01 02:00:00,UE01946,32.907574425254445,-96.95198155947294,SITE01,XYZ403,C,102,2.7,SSB_3,SSB_4,3,120,30,6,2,25,5.0,-117,-10,1,4,14,12,11.08,8.86,165,29,91,59,70,EXEC_FAILURE,Excellent,24
2026-07-01 03:00:00,UE01947,32.93705779361802,-96.94655496832951,SITE01,XYZ401,B,100,2.242,SSB_4,SSB_5,4,180,30,6,2,13,2.6,-101,-10,4,6,16,14,9.53,7.62,257,43,118,49,52,PREP_FAILURE,Good,37
2026-07-01 04:00:00,UE01948,32.9430049002506,-96.97002798883908,SITE01,XYZ402,C,101,1.037,SSB_5,SSB_6,5,240,30,6,2,6,1.2,-89,-10,13,9,19,17,6.71,5.37,479,58,62,87,62,SUCCESS,Coverage_Hole,68
2026-07-01 05:00:00,UE01949,32.93382211906855,-96.98835839632068,SITE01,XYZ403,C,102,0.201,SSB_6,SSB_1,6,300,30,6,2,30,6.0,-75,-10,18,12,22,20,4.59,3.67,526,105,115,63,73,EXEC_FAILURE,Fair,89
2026-07-01 06:00:00,UE01950,32.92615215174662,-96.95524664510822,SITE01,XYZ401,B,100,1.84,SSB_1,SSB_2,1,0,30,6,2,16,3.2,-102,-10,4,6,16,14,10.0,8.0,269,49,28,36,52,SUCCESS,Coverage_Hole,37
2026-07-01 07:00:00,UE01951,32.94189161194736,-97.00470805490694,SITE01,XYZ402,C,101,1.225,SSB_2,SSB_3,2,60,30,6,2,13,2.6,-94,-10,5,6,16,14,10.22,8.18,268,49,90,94,83,EXEC_FAILURE,Good,39
2026-07-01 08:00:00,UE01952,32.9431299141479,-96.96434883670277,SITE01,XYZ403,A,102,1.33,SSB_3,SSB_4,3,120,30,6,2,11,2.2,-92,-10,11,9,19,17,7.58,6.06,470,74,16,93,46,SUCCESS,Good,62
2026-07-01 09:00:00,UE01953,32.92015729839343,-97.01790166299604,SITE01,XYZ401,B,100,2.154,SSB_4,SSB_5,4,180,30,6,2,9,1.8,-102,-10,4,6,16,14,10.06,8.05,310,53,74,30,15,PREP_FAILURE,Good,36
2026-07-01 10:00:00,UE01954,32.90855662059618,-96.97388757582986,SITE01,XYZ402,C,101,1.941,SSB_5,SSB_6,5,240,30,6,2,30,6.0,-102,-10,0,4,14,12,12.4,9.92,189,37,35,26,28,EXEC_FAILURE,Excellent,20
2026-07-01 11:00:00,UE01955,32.901688687170626,-96.99198720661386,SITE01,XYZ403,C,102,2.334,SSB_6,SSB_1,6,300,30,6,2,12,2.4,-115,-10,0,4,14,12,12.27,9.82,182,33,98,40,61,EXEC_FAILURE,Good,20
2026-07-01 12:00:00,UE01956,32.89667310201059,-96.99020237578809,SITE01,XYZ401,B,100,2.663,SSB_1,SSB_2,1,0,30,6,2,29,5.8,-120,-10,-1,3,13,11,13.68,10.94,118,26,119,70,36,SUCCESS,Good,14
2026-07-01 13:00:00,UE01957,32.9221791762165,-96.96213878902827,SITE01,XYZ402,C,101,1.603,SSB_2,SSB_3,2,60,30,6,2,12,2.4,-98,-10,9,8,18,16,7.02,5.62,364,56,101,66,68,EXEC_FAILURE,Poor,56
2026-07-01 14:00:00,UE01958,32.90022545655171,-97.00265834611591,SITE01,XYZ403,C,102,2.606,SSB_3,SSB_4,3,120,30,6,2,7,1.4,-110,-10,1,4,14,12,11.97,9.58,188,32,91,61,81,PREP_FAILURE,Coverage_Hole,23
2026-07-01 15:00:00,UE01959,32.91520452768752,-96.98496433925358,SITE01,XYZ401,C,100,1.368,SSB_4,SSB_5,4,180,30,6,2,27,5.4,-95,-10,12,9,19,17,7.71,6.17,350,83,102,68,43,EXEC_FAILURE,Good,65
2026-07-01 16:00:00,UE01960,32.95854408471042,-96.96209397092974,SITE01,XYZ402,C,101,2.103,SSB_5,SSB_6,5,240,30,6,2,24,4.8,-96,-10,0,4,14,12,12.26,9.81,215,37,44,60,18,EXEC_FAILURE,Fair,20
2026-07-01 17:00:00,UE01961,32.91293616274524,-96.95953012117822,SITE01,XYZ403,B,102,2.13,SSB_6,SSB_1,6,300,30,6,2,27,5.4,-102,-10,2,5,15,13,11.87,9.5,258,40,72,72,64,EXEC_FAILURE,Poor,28
2026-07-01 18:00:00,UE01962,32.92841015096139,-96.99098724431951,SITE01,XYZ401,B,100,0.567,SSB_1,SSB_2,1,0,30,6,2,15,3.0,-90,-10,19,12,22,20,4.87,3.9,441,111,116,30,39,SUCCESS,Fair,91
2026-07-01 19:00:00,UE01963,32.97716742591034,-96.97867226467501,SITE01,XYZ402,A,101,2.932,SSB_2,SSB_3,2,60,30,6,2,27,5.4,-111,-10,-5,2,12,10,14.06,11.25,105,12,66,34,59,PREP_FAILURE,Fair,5
2026-07-01 20:00:00,UE01964,32.92198259566591,-97.01632256172869,SITE01,XYZ403,B,102,2.015,SSB_3,SSB_4,3,120,30,6,2,10,2.0,-106,-10,4,6,16,14,10.91,8.73,314,56,95,37,51,EXEC_FAILURE,Excellent,36
2026-07-01 21:00:00,UE01965,32.90978290968009,-97.01858977433321,SITE01,XYZ401,C,100,2.603,SSB_4,SSB_5,4,180,30,6,2,34,6.8,-112,-10,2,5,15,13,10.26,8.21,195,34,82,23,32,EXEC_FAILURE,Poor,29
2026-07-01 22:00:00,UE01966,32.96550956552685,-96.98527941895077,SITE01,XYZ402,C,101,2.103,SSB_5,SSB_6,5,240,30,6,2,32,6.4,-109,-10,3,5,15,13,11.01,8.81,191,39,69,25,53,SUCCESS,Good,31
2026-07-01 23:00:00,UE01967,32.962711330866796,-96.98014431193684,SITE01,XYZ403,C,102,1.932,SSB_6,SSB_1,6,300,30,6,2,4,0.8,-99,-10,4,6,16,14,10.59,8.47,269,47,40,20,15,EXEC_FAILURE,Excellent,36
2026-07-01 00:00:00,UE01968,32.91960405446185,-96.95457318544781,SITE01,XYZ401,B,100,2.069,SSB_1,SSB_2,1,0,30,6,2,22,4.4,-101,-10,8,7,17,15,8.76,7.01,252,50,96,28,64,PREP_FAILURE,Good,50
2026-07-01 01:00:00,UE01969,32.97486735661752,-97.00210478298415,SITE01,XYZ402,A,101,2.917,SSB_2,SSB_3,2,60,30,6,2,19,3.8,-113,-10,-4,2,12,10,14.19,11.35,107,15,64,26,43,SUCCESS,Fair,5
2026-07-01 02:00:00,UE01970,32.9616269124504,-96.99691688852398,SITE01,XYZ403,B,102,1.956,SSB_3,SSB_4,3,120,30,6,2,17,3.4,-94,-10,5,6,16,14,10.25,8.2,230,45,89,57,27,PREP_FAILURE,Good,39
2026-07-01 03:00:00,UE01971,32.91973464247569,-96.96736830637789,SITE01,XYZ401,C,100,1.477,SSB_4,SSB_5,4,180,30,6,2,6,1.2,-103,-10,10,8,18,16,7.46,5.97,400,75,87,31,66,SUCCESS,Poor,58
2026-07-01 04:00:00,UE01972,32.90190551935141,-96.99212010931883,SITE01,XYZ402,C,101,2.321,SSB_5,SSB_6,5,240,30,6,2,23,4.6,-113,-10,0,4,14,12,12.16,9.73,194,26,107,52,29,EXEC_FAILURE,Good,20
2026-07-01 05:00:00,UE01973,32.93058802148238,-96.96197650309159,SITE01,XYZ403,C,102,1.38,SSB_6,SSB_1,6,300,30,6,2,5,1.0,-101,-10,13,9,19,17,6.45,5.16,462,63,110,89,27,SUCCESS,Coverage_Hole,69
2026-07-01 06:00:00,UE01974,32.95432007866162,-96.97002780227675,SITE01,XYZ401,A,100,1.595,SSB_1,SSB_2,1,0,30,6,2,11,2.2,-98,-10,14,10,20,18,5.41,4.33,400,64,35,92,86,PREP_FAILURE,Poor,74
2026-07-01 07:00:00,UE01975,32.902178965893306,-97.00101965992775,SITE01,XYZ402,A,101,2.445,SSB_2,SSB_3,2,60,30,6,2,28,5.6,-106,-10,1,4,14,12,11.44,9.15,197,27,81,72,74,SUCCESS,Good,24
2026-07-01 08:00:00,UE01976,32.967028519889716,-97.00620688462925,SITE01,XYZ403,A,102,2.52,SSB_3,SSB_4,3,120,30,6,2,26,5.2,-116,-10,1,4,14,12,11.25,9.0,162,26,49,74,23,PREP_FAILURE,Poor,24
2026-07-01 09:00:00,UE01977,32.944330528092486,-96.97806979965044,SITE01,XYZ401,A,100,0.763,SSB_4,SSB_5,4,180,30,6,2,18,3.6,-86,-10,13,9,19,17,6.06,4.85,337,84,114,32,44,EXEC_FAILURE,Excellent,69
2026-07-01 10:00:00,UE01978,32.89659905979021,-96.96444210135164,SITE01,XYZ402,C,101,2.912,SSB_5,SSB_6,5,240,30,6,2,20,4.0,-121,-10,0,4,14,12,12.27,9.82,182,33,17,49,81,PREP_FAILURE,Coverage_Hole,20
2026-07-01 11:00:00,UE01979,32.96784255728168,-97.00134907226516,SITE01,XYZ403,A,102,2.449,SSB_6,SSB_1,6,300,30,6,2,8,1.6,-110,-10,0,4,14,12,11.16,8.93,171,27,29,90,30,EXEC_FAILURE,Fair,21
2026-07-01 12:00:00,UE01980,32.94710763390529,-97.02917238318987,SITE01,XYZ401,A,100,2.679,SSB_1,SSB_2,1,0,30,6,2,31,6.2,-118,-10,-1,3,13,11,13.68,10.94,125,26,32,87,49,EXEC_FAILURE,Coverage_Hole,14
2026-07-01 13:00:00,UE01981,32.96993398231061,-96.97319910875008,SITE01,XYZ402,C,101,2.506,SSB_2,SSB_3,2,60,30,6,2,34,6.8,-107,-10,0,4,14,12,11.32,9.06,173,30,113,21,72,EXEC_FAILURE,Good,21
2026-07-01 14:00:00,UE01982,32.902394121442086,-97.00803811197162,SITE01,XYZ403,C,102,2.612,SSB_3,SSB_4,3,120,30,6,2,9,1.8,-112,-10,-2,3,13,11,13.91,11.13,126,25,94,25,20,PREP_FAILURE,Good,12
2026-07-01 15:00:00,UE01983,32.91187252655191,-96.95149552929043,SITE01,XYZ401,A,100,2.523,SSB_4,SSB_5,4,180,30,6,2,10,2.0,-104,-10,-1,3,13,11,12.07,9.66,130,27,33,39,47,SUCCESS,Poor,16
2026-07-01 16:00:00,UE01984,32.89675846673782,-97.00543409135582,SITE01,XYZ402,A,101,2.889,SSB_5,SSB_6,5,240,30,6,2,27,5.4,-117,-10,-3,3,13,11,13.24,10.59,129,19,115,36,84,SUCCESS,Fair,10
2026-07-01 17:00:00,UE01985,32.93428020098165,-96.96105725443688,SITE01,XYZ403,C,102,1.399,SSB_6,SSB_1,6,300,30,6,2,5,1.0,-93,-10,5,6,16,14,9.94,7.95,252,45,60,39,72,EXEC_FAILURE,Fair,39
2026-07-01 18:00:00,UE01986,32.9367893536191,-97.03678630662294,SITE01,XYZ401,B,100,2.99,SSB_1,SSB_2,1,0,30,6,2,1,0.2,-121,-10,2,5,15,13,11.11,8.89,202,32,23,30,32,SUCCESS,Excellent,28
2026-07-01 19:00:00,UE01987,32.92374556429196,-96.99600552961381,SITE01,XYZ402,A,101,0.999,SSB_2,SSB_3,2,60,30,6,2,10,2.0,-82,-10,12,9,19,17,7.13,5.7,374,75,112,38,80,SUCCESS,Poor,65
2026-07-01 20:00:00,UE01988,32.919926297893696,-96.94067742530518,SITE01,XYZ403,C,102,2.781,SSB_3,SSB_4,3,120,30,6,2,34,6.8,-119,-10,0,4,14,12,12.87,10.3,181,31,127,43,39,SUCCESS,Poor,20
2026-07-01 21:00:00,UE01989,32.91311386643631,-96.97053447486398,SITE01,XYZ401,C,100,1.735,SSB_4,SSB_5,4,180,30,6,2,15,3.0,-106,-10,8,7,17,15,8.29,6.63,292,48,34,24,55,PREP_FAILURE,Fair,50
2026-07-01 22:00:00,UE01990,32.93851233900942,-96.99549810206483,SITE01,XYZ402,A,101,0.643,SSB_5,SSB_6,5,240,30,6,2,0,0.0,-94,-10,14,10,20,18,6.22,4.98,486,70,104,57,77,PREP_FAILURE,Excellent,73
2026-07-01 23:00:00,UE01991,32.9410701526539,-96.98330492055607,SITE01,XYZ403,C,102,0.431,SSB_6,SSB_1,6,300,30,6,2,28,5.6,-79,-10,21,13,23,21,2.66,2.13,675,94,81,94,19,EXEC_FAILURE,Poor,100
2026-07-01 00:00:00,UE01992,32.92148480696428,-97.02129095798635,SITE01,XYZ401,B,100,2.29,SSB_1,SSB_2,1,0,30,6,2,17,3.4,-104,-10,7,7,17,15,9.0,7.2,317,59,38,50,72,SUCCESS,Coverage_Hole,47
2026-07-01 01:00:00,UE01993,32.93749660934277,-97.03479459854921,SITE01,XYZ402,C,101,2.877,SSB_2,SSB_3,2,60,30,6,2,21,4.2,-122,-10,0,4,14,12,11.22,8.98,208,37,53,41,33,SUCCESS,Fair,21
2026-07-01 02:00:00,UE01994,32.94691055858682,-97.02971061319583,SITE01,XYZ403,A,102,2.705,SSB_3,SSB_4,3,120,30,6,2,1,0.2,-113,-10,6,6,16,14,10.91,8.73,321,50,101,85,18,PREP_FAILURE,Coverage_Hole,41
2026-07-01 03:00:00,UE01995,32.968786308452906,-96.98567430446667,SITE01,XYZ401,B,100,2.329,SSB_4,SSB_5,4,180,30,6,2,6,1.2,-107,-10,0,4,14,12,12.29,9.83,208,27,46,97,75,SUCCESS,Fair,20
2026-07-01 04:00:00,UE01996,32.929909722766276,-96.99541088163669,SITE01,XYZ402,C,101,0.689,SSB_5,SSB_6,5,240,30,6,2,26,5.2,-85,-10,13,9,19,17,6.11,4.89,327,60,103,69,89,SUCCESS,Excellent,69
2026-07-01 05:00:00,UE01997,32.94764831996375,-96.98743913890318,SITE01,XYZ403,A,102,0.88,SSB_6,SSB_1,6,300,30,6,2,13,2.6,-92,-10,16,11,21,19,4.09,3.27,587,85,90,65,19,PREP_FAILURE,Poor,82
2026-07-01 06:00:00,UE01998,32.94449253151342,-96.95512969294927,SITE01,XYZ401,C,100,1.86,SSB_1,SSB_2,1,0,30,6,2,5,1.0,-101,-10,5,6,16,14,9.93,7.94,301,51,90,50,88,EXEC_FAILURE,Poor,39
2026-07-01 07:00:00,UE01999,32.92417565663839,-96.95203675077177,SITE01,XYZ402,C,101,2.062,SSB_2,SSB_3,2,60,30,6,2,23,4.6,-104,-10,-1,3,13,11,12.61,10.09,156,23,75,55,41,SUCCESS,Poor,15
