ue_id,cell_id,rsrp,sinr,failure_type,timestamp,source_cell,target_cell,serving_rsrp,target_rsrp,serving_sinr,target_sinr,serving_rsrq,target_rsrq,event_type,measurement_event,ho_type,failure_stage,speed_kmph,beam_id,beam_id_target,pci_source,pci_target,time_to_trigger_ms,hysteresis_db,xn_latency_ms,packet_loss_pct,t310_expiry,rlf_detected,result,neighbor_relation_status,missing_neighbor,rca_scenarios
UE10618,XYZ401,-118.0,22.0,WRONG_CELL,2026-07-01T08:02:01+00:00,XYZ401,XYZ403,-118.0,-142.0,22.0,12.0,-121.0,-148.0,HANDOVER,A3,INTRA_NR,HO_EXECUTION,44.0,8,2,101,103,40,0.0,55.0,1.7,False,True,FAILURE,MISSING,True,handover_execution_failure|missing_neighbor|post_ho_rlf|coverage_induced_ho_failure
UE10762,XYZ407,-123.0,15.0,WRONG_CELL,2026-07-01T08:01:32+00:00,XYZ407,XYZ409,-123.0,-143.0,15.0,5.0,-126.0,-156.0,HANDOVER,A3,INTRA_NR,HO_EXECUTION,39.0,6,7,107,109,160,2.0,35.0,1.4,False,True,FAILURE,ACTIVE,False,handover_execution_failure|post_ho_rlf|coverage_induced_ho_failure
UE10935,XYZ405,-101.0,6.0,SUCCESS,2026-07-01T08:01:48+00:00,XYZ405,XYZ406,-101.0,-97.0,6.0,7.0,-113.0,-108.0,HANDOVER,A3,INTRA_NR,SUCCESS,32.0,2,2,105,106,80,0.0,37.0,0.1,False,False,SUCCESS,ACTIVE,False,
UE10220,XYZ401,-121.0,-4.0,WRONG_CELL,2026-07-01T08:04:08+00:00,XYZ401,XYZ403,-121.0,-139.0,-4.0,-13.0,-143.0,-170.0,HANDOVER,A3,INTRA_NR,HO_EXECUTION,46.0,5,8,101,103,40,0.0,29.0,3.0,True,False,FAILURE,MISSING,True,handover_execution_failure|missing_neighbor|coverage_induced_ho_failure|interference_induced_ho_failure
UE10378,XYZ404,-86.0,-3.0,SUCCESS,2026-07-01T08:05:26+00:00,XYZ404,XYZ405,-86.0,-83.0,-3.0,-4.0,-107.0,-105.0,HANDOVER,A3,INTRA_NR,SUCCESS,32.0,7,7,104,105,40,2.0,16.0,0.45,False,False,SUCCESS,ACTIVE,False,
UE10221,XYZ404,-107.0,20.0,SUCCESS,2026-07-01T08:05:35+00:00,XYZ404,XYZ405,-107.0,-104.0,20.0,20.0,-110.0,-107.0,HANDOVER,A3,INTRA_NR,SUCCESS,25.0,8,8,104,105,40,2.0,18.0,0.1,False,False,SUCCESS,ACTIVE,False,
UE10257,XYZ410,-108.0,1.0,SUCCESS,2026-07-01T08:07:25+00:00,XYZ410,XYZ409,-108.0,-103.0,1.0,0.0,-125.0,-121.0,HANDOVER,A3,INTRA_NR,SUCCESS,40.0,2,2,110,109,120,2.0,22.0,0.05,False,False,SUCCESS,ACTIVE,False,
UE10712,XYZ407,-76.0,20.0,TOO_EARLY_HO,2026-07-01T08:08:29+00:00,XYZ407,XYZ408,-76.0,-64.0,20.0,16.0,-79.0,-67.0,HANDOVER,A3,INTRA_NR,HO_DECISION,76.0,4,7,107,108,160,2.0,33.0,0.3,False,False,FAILURE,ACTIVE,False,too_early_handover|mobility_configuration_issue
UE10366,XYZ409,-95.0,8.0,SUCCESS,2026-07-01T08:09:23+00:00,XYZ409,XYZ408,-95.0,-93.0,8.0,7.0,-105.0,-104.0,HANDOVER,A3,INTRA_NR,SUCCESS,40.0,8,8,109,108,80,1.0,33.0,0.25,False,False,SUCCESS,ACTIVE,False,
UE10769,XYZ402,-93.0,-1.0,SUCCESS,2026-07-01T08:06:25+00:00,XYZ402,XYZ403,-93.0,-90.0,-1.0,-2.0,-112.0,-110.0,HANDOVER,A3,INTRA_NR,SUCCESS,27.0,5,5,102,103,80,1.0,15.0,0.3,False,False,SUCCESS,ACTIVE,False,
UE10348,XYZ401,-79.0,1.0,SUCCESS,2026-07-01T08:08:09+00:00,XYZ401,XYZ403,-79.0,-75.0,1.0,0.0,-96.0,-93.0,HANDOVER,A3,INTRA_NR,SUCCESS,36.0,3,3,101,103,40,0.0,27.0,0.1,False,False,SUCCESS,MISSING,True,missing_neighbor
UE10224,XYZ402,-108.0,9.0,SUCCESS,2026-07-01T08:08:38+00:00,XYZ402,XYZ403,-108.0,-104.0,9.0,8.0,-117.0,-114.0,HANDOVER,A3,INTRA_NR,SUCCESS,40.0,1,1,102,103,80,1.0,39.0,0.2,False,False,SUCCESS,ACTIVE,False,
UE10713,XYZ407,-87.0,-4.0,SUCCESS,2026-07-01T08:10:34+00:00,XYZ407,XYZ408,-87.0,-81.0,-4.0,-3.0,-109.0,-102.0,HANDOVER,A3,INTRA_NR,SUCCESS,37.0,6,6,107,108,160,2.0,31.0,0.35,False,False,SUCCESS,ACTIVE,False,
UE10737,XYZ410,-110.0,3.0,SUCCESS,2026-07-01T08:11:03+00:00,XYZ410,XYZ409,-110.0,-105.0,3.0,3.0,-125.0,-120.0,HANDOVER,A3,INTRA_NR,SUCCESS,34.0,6,6,110,109,120,2.0,35.0,0.3,False,False,SUCCESS,ACTIVE,False,
UE10235,XYZ406,-110.0,0.0,TOO_LATE_HO,2026-07-01T08:08:47+00:00,XYZ406,XYZ405,-110.0,-120.0,0.0,-4.0,-128.0,-142.0,HANDOVER,A5,INTRA_NR,HO_DECISION,21.0,4,6,106,105,120,1.0,53.0,0.2,True,True,FAILURE,ACTIVE,False,too_late_handover|mobility_configuration_issue|post_ho_rlf|coverage_induced_ho_failure
UE10182,XYZ404,-79.0,-4.0,PREP_FAILURE,2026-07-01T08:12:54+00:00,XYZ404,XYZ402,-79.0,-89.0,-4.0,-8.0,-101.0,-115.0,HANDOVER,A3,INTRA_NR,HO_PREPARATION,44.0,1,8,104,102,40,2.0,34.0,2.8,False,False,FAILURE,MISSING,True,handover_preparation_failure|missing_neighbor|interference_induced_ho_failure
UE10711,XYZ401,-88.0,18.0,PING_PONG,2026-07-01T08:11:28+00:00,XYZ401,XYZ403,-88.0,-89.0,18.0,15.0,-91.0,-92.0,HANDOVER,A3,INTRA_NR,POST_HO,56.0,1,7,101,103,40,0.0,47.0,2.7,True,True,FAILURE,MISSING,True,ping_pong_handover|mobility_configuration_issue|missing_neighbor|post_ho_rlf|beam_instability
UE10868,XYZ401,-85.0,-1.0,SUCCESS,2026-07-01T08:12:59+00:00,XYZ401,XYZ402,-85.0,-82.0,-1.0,0.0,-104.0,-100.0,HANDOVER,A3,INTRA_NR,SUCCESS,29.0,3,3,101,102,40,0.0,19.0,0.1,False,False,SUCCESS,ACTIVE,False,
UE10757,XYZ405,-119.0,18.0,PING_PONG,2026-07-01T08:11:46+00:00,XYZ405,XYZ404,-119.0,-118.0,18.0,15.0,-122.0,-121.0,HANDOVER,A3,INTRA_NR,POST_HO,56.0,3,6,105,104,80,0.0,59.0,1.2,True,True,FAILURE,ACTIVE,False,ping_pong_handover|mobility_configuration_issue|post_ho_rlf|coverage_induced_ho_failure|beam_instability
UE10443,XYZ401,-112.0,-2.0,PREP_FAILURE,2026-07-01T08:14:26+00:00,XYZ401,XYZ403,-112.0,-123.0,-2.0,-4.0,-132.0,-145.0,HANDOVER,A3,INTRA_NR,HO_PREPARATION,49.0,3,1,101,103,40,0.0,110.0,7.1,False,False,FAILURE,MISSING,True,handover_preparation_failure|missing_neighbor|xn_transport_failure|coverage_induced_ho_failure|interference_induced_ho_failure
UE10864,XYZ407,-83.0,-1.0,PREP_FAILURE,2026-07-01T08:16:26+00:00,XYZ407,XYZ408,-83.0,-101.0,-1.0,-4.0,-102.0,-123.0,HANDOVER,A3,INTRA_NR,HO_PREPARATION,39.0,4,6,107,108,160,2.0,51.0,7.7,False,False,FAILURE,ACTIVE,False,handover_preparation_failure|interference_induced_ho_failure
UE10622,XYZ401,-78.0,8.0,SUCCESS,2026-07-01T08:17:34+00:00,XYZ401,XYZ403,-78.0,-76.0,8.0,9.0,-88.0,-85.0,HANDOVER,A3,INTRA_NR,SUCCESS,38.0,4,4,101,103,40,0.0,32.0,0.0,False,False,SUCCESS,MISSING,True,missing_neighbor
UE10005,XYZ401,-101.0,20.0,SUCCESS,2026-07-01T08:17:48+00:00,XYZ401,XYZ403,-101.0,-96.0,20.0,20.0,-104.0,-99.0,HANDOVER,A3,INTRA_NR,SUCCESS,41.0,7,7,101,103,40,0.0,28.0,0.25,False,False,SUCCESS,MISSING,True,missing_neighbor
UE10235,XYZ402,-94.0,6.0,TOO_LATE_HO,2026-07-01T08:14:20+00:00,XYZ402,XYZ403,-94.0,-110.0,6.0,2.0,-106.0,-126.0,HANDOVER,A5,INTRA_NR,HO_DECISION,21.0,4,6,102,103,80,1.0,53.0,0.2,True,True,FAILURE,ACTIVE,False,too_late_handover|mobility_configuration_issue|post_ho_rlf
UE10126,XYZ410,-88.0,-2.0,SUCCESS,2026-07-01T08:19:44+00:00,XYZ410,XYZ409,-88.0,-84.0,-2.0,-1.0,-108.0,-103.0,HANDOVER,A3,INTRA_NR,SUCCESS,38.0,2,2,110,109,120,2.0,19.0,0.1,False,False,SUCCESS,ACTIVE,False,
UE10103,XYZ403,-104.0,22.0,SUCCESS,2026-07-01T08:16:47+00:00,XYZ403,XYZ404,-104.0,-98.0,22.0,22.0,-107.0,-101.0,HANDOVER,A3,INTRA_NR,SUCCESS,43.0,6,6,103,104,160,2.0,21.0,0.05,False,False,SUCCESS,ACTIVE,False,
UE10748,XYZ401,-110.0,23.0,PING_PONG,2026-07-01T08:18:38+00:00,XYZ401,XYZ403,-110.0,-111.0,23.0,20.0,-113.0,-114.0,HANDOVER,A3,INTRA_NR,POST_HO,46.0,1,8,101,103,40,0.0,34.0,1.2,True,False,FAILURE,MISSING,True,ping_pong_handover|mobility_configuration_issue|missing_neighbor|post_ho_rlf|coverage_induced_ho_failure|beam_instability
UE10914,XYZ409,-97.0,13.0,SUCCESS,2026-07-01T08:21:21+00:00,XYZ409,XYZ407,-97.0,-94.0,13.0,14.0,-102.0,-98.0,HANDOVER,A3,INTRA_NR,SUCCESS,39.0,4,4,109,107,80,1.0,22.0,0.45,False,False,SUCCESS,ACTIVE,False,
UE10479,XYZ410,-110.0,-2.0,SUCCESS,2026-07-01T08:17:48+00:00,XYZ410,XYZ409,-110.0,-107.0,-2.0,-1.0,-130.0,-126.0,HANDOVER,A3,INTRA_NR,SUCCESS,28.0,6,6,110,109,120,2.0,37.0,0.1,False,False,SUCCESS,ACTIVE,False,
UE10154,XYZ408,-114.0,-4.0,SUCCESS,2026-07-01T08:19:17+00:00,XYZ408,XYZ407,-114.0,-108.0,-4.0,-3.0,-136.0,-129.0,HANDOVER,A3,INTRA_NR,SUCCESS,30.0,8,8,108,107,40,0.0,15.0,0.35,False,False,SUCCESS,ACTIVE,False,
UE10256,XYZ405,-109.0,5.0,PING_PONG,2026-07-01T08:22:22+00:00,XYZ405,XYZ403,-109.0,-109.0,5.0,1.0,-122.0,-126.0,HANDOVER,A3,INTRA_NR,POST_HO,52.0,1,4,105,103,80,0.0,38.0,2.3,True,True,FAILURE,MISSING,True,ping_pong_handover|mobility_configuration_issue|missing_neighbor|post_ho_rlf|beam_instability
UE10234,XYZ402,-89.0,8.0,SUCCESS,2026-07-01T08:23:24+00:00,XYZ402,XYZ403,-89.0,-85.0,8.0,8.0,-99.0,-95.0,HANDOVER,A3,INTRA_NR,SUCCESS,25.0,4,4,102,103,80,1.0,26.0,0.3,False,False,SUCCESS,ACTIVE,False,
UE10499,XYZ405,-99.0,-5.0,SUCCESS,2026-07-01T08:21:42+00:00,XYZ405,XYZ404,-99.0,-95.0,-5.0,-6.0,-122.0,-119.0,HANDOVER,A3,INTRA_NR,SUCCESS,36.0,6,6,105,104,80,0.0,20.0,0.4,False,False,SUCCESS,ACTIVE,False,
UE10288,XYZ406,-101.0,0.0,SUCCESS,2026-07-01T08:24:57+00:00,XYZ406,XYZ404,-101.0,-96.0,0.0,1.0,-119.0,-113.0,HANDOVER,A3,INTRA_NR,SUCCESS,42.0,5,5,106,104,120,1.0,22.0,0.0,False,False,SUCCESS,ACTIVE,False,
UE10509,XYZ401,-113.0,1.0,SUCCESS,2026-07-01T08:25:22+00:00,XYZ401,XYZ402,-113.0,-107.0,1.0,0.0,-130.0,-125.0,HANDOVER,A3,INTRA_NR,SUCCESS,27.0,5,5,101,102,40,0.0,22.0,0.4,False,False,SUCCESS,ACTIVE,False,
UE10551,XYZ404,-118.0,2.0,WRONG_CELL,2026-07-01T08:25:44+00:00,XYZ404,XYZ403,-118.0,-133.0,2.0,-7.0,-134.0,-158.0,HANDOVER,A3,INTRA_NR,HO_EXECUTION,33.0,2,4,104,103,40,2.0,63.0,1.9,True,False,FAILURE,ACTIVE,False,handover_execution_failure|coverage_induced_ho_failure
UE10799,XYZ409,-121.0,1.0,PING_PONG,2026-07-01T08:22:13+00:00,XYZ409,XYZ410,-121.0,-121.0,1.0,-1.0,-138.0,-140.0,HANDOVER,A3,INTRA_NR,POST_HO,63.0,7,8,109,110,80,1.0,41.0,0.6,True,True,FAILURE,ACTIVE,False,ping_pong_handover|mobility_configuration_issue|post_ho_rlf|coverage_induced_ho_failure|beam_instability
UE10708,XYZ402,-114.0,10.0,PING_PONG,2026-07-01T08:23:43+00:00,XYZ402,XYZ403,-114.0,-117.0,10.0,7.0,-122.0,-128.0,HANDOVER,A3,INTRA_NR,POST_HO,53.0,3,6,102,103,80,1.0,35.0,2.5,True,False,FAILURE,ACTIVE,False,ping_pong_handover|mobility_configuration_issue|post_ho_rlf|coverage_induced_ho_failure|beam_instability
UE10784,XYZ405,-85.0,-1.0,SUCCESS,2026-07-01T08:26:13+00:00,XYZ405,XYZ406,-85.0,-79.0,-1.0,0.0,-104.0,-97.0,HANDOVER,A3,INTRA_NR,SUCCESS,30.0,5,5,105,106,80,0.0,37.0,0.25,False,False,SUCCESS,ACTIVE,False,
UE10893,XYZ401,-123.0,9.0,WRONG_CELL,2026-07-01T08:27:43+00:00,XYZ401,XYZ402,-123.0,-147.0,9.0,1.0,-132.0,-164.0,HANDOVER,A3,INTRA_NR,HO_EXECUTION,33.0,2,3,101,102,40,0.0,41.0,2.9,False,False,FAILURE,ACTIVE,False,handover_execution_failure|coverage_induced_ho_failure
UE10775,XYZ404,-91.0,17.0,TOO_EARLY_HO,2026-07-01T08:29:34+00:00,XYZ404,XYZ406,-91.0,-81.0,17.0,13.0,-94.0,-86.0,HANDOVER,A3,INTRA_NR,HO_DECISION,80.0,6,1,104,106,40,2.0,45.0,0.35,False,False,FAILURE,ACTIVE,False,too_early_handover|mobility_configuration_issue
UE10568,XYZ404,-93.0,13.0,TOO_EARLY_HO,2026-07-01T08:26:48+00:00,XYZ404,XYZ402,-93.0,-83.0,13.0,11.0,-98.0,-90.0,HANDOVER,A3,INTRA_NR,HO_DECISION,82.0,8,1,104,102,40,2.0,54.0,0.1,False,False,FAILURE,ACTIVE,False,too_early_handover|mobility_configuration_issue
UE10297,XYZ406,-104.0,-6.0,SUCCESS,2026-07-01T08:28:17+00:00,XYZ406,XYZ408,-104.0,-98.0,-6.0,-7.0,-128.0,-123.0,HANDOVER,A3,INTRA_NR,SUCCESS,41.0,7,7,106,108,120,1.0,20.0,0.05,False,False,SUCCESS,ACTIVE,False,
UE10609,XYZ410,-76.0,1.0,PING_PONG,2026-07-01T08:28:00+00:00,XYZ410,XYZ409,-76.0,-73.0,1.0,-2.0,-93.0,-93.0,HANDOVER,A3,INTRA_NR,POST_HO,48.0,2,7,110,109,120,2.0,53.0,1.4,True,False,FAILURE,ACTIVE,False,ping_pong_handover|mobility_configuration_issue|post_ho_rlf|beam_instability
UE10136,XYZ409,-82.0,24.0,PREP_FAILURE,2026-07-01T08:30:10+00:00,XYZ409,XYZ410,-82.0,-91.0,24.0,21.0,-85.0,-94.0,HANDOVER,A3,INTRA_NR,HO_PREPARATION,36.0,8,6,109,110,80,1.0,64.0,5.0,False,False,FAILURE,ACTIVE,False,handover_preparation_failure
UE10375,XYZ403,-117.0,-9.0,WRONG_CELL,2026-07-01T08:31:20+00:00,XYZ403,XYZ404,-117.0,-139.0,-9.0,-18.0,-144.0,-175.0,HANDOVER,A3,INTRA_NR,HO_EXECUTION,33.0,6,6,103,104,160,2.0,26.0,2.9,False,False,FAILURE,ACTIVE,False,handover_execution_failure|coverage_induced_ho_failure|interference_induced_ho_failure
UE10086,XYZ409,-85.0,-2.0,SUCCESS,2026-07-01T08:29:49+00:00,XYZ409,XYZ408,-85.0,-79.0,-2.0,-2.0,-105.0,-99.0,HANDOVER,A3,INTRA_NR,SUCCESS,26.0,5,5,109,108,80,1.0,15.0,0.3,False,False,SUCCESS,ACTIVE,False,
UE10418,XYZ406,-108.0,11.0,SUCCESS,2026-07-01T08:28:59+00:00,XYZ406,XYZ404,-108.0,-103.0,11.0,11.0,-115.0,-110.0,HANDOVER,A3,INTRA_NR,SUCCESS,43.0,4,4,106,104,120,1.0,20.0,0.0,False,False,SUCCESS,ACTIVE,False,
UE10753,XYZ407,-76.0,-6.0,SUCCESS,2026-07-01T08:32:33+00:00,XYZ407,XYZ408,-76.0,-70.0,-6.0,-7.0,-100.0,-95.0,HANDOVER,A3,INTRA_NR,SUCCESS,29.0,5,5,107,108,160,2.0,32.0,0.3,False,False,SUCCESS,ACTIVE,False,
UE10198,XYZ410,-97.0,1.0,SUCCESS,2026-07-01T08:32:07+00:00,XYZ410,XYZ409,-97.0,-92.0,1.0,2.0,-114.0,-108.0,HANDOVER,A3,INTRA_NR,SUCCESS,27.0,5,5,110,109,120,2.0,35.0,0.4,False,False,SUCCESS,ACTIVE,False,
UE10462,XYZ402,-87.0,-10.0,XN_FAILURE,2026-07-01T08:34:43+00:00,XYZ402,XYZ403,-87.0,-96.0,-10.0,-13.0,-115.0,-127.0,HANDOVER,A3,INTER_GNB_XN,HO_PREPARATION,44.0,6,2,102,103,80,1.0,291.0,9.3,False,False,FAILURE,ACTIVE,False,handover_preparation_failure|xn_transport_failure|interference_induced_ho_failure
UE10436,XYZ410,-99.0,11.0,PING_PONG,2026-07-01T08:35:28+00:00,XYZ410,XYZ408,-99.0,-98.0,11.0,8.0,-106.0,-108.0,HANDOVER,A3,INTRA_NR,POST_HO,52.0,8,2,110,108,120,2.0,46.0,0.5,True,True,FAILURE,ACTIVE,False,ping_pong_handover|mobility_configuration_issue|post_ho_rlf|beam_instability
UE10309,XYZ406,-90.0,8.0,SUCCESS,2026-07-01T08:36:21+00:00,XYZ406,XYZ404,-90.0,-86.0,8.0,8.0,-100.0,-96.0,HANDOVER,A3,INTRA_NR,SUCCESS,36.0,5,5,106,104,120,1.0,16.0,0.2,False,False,SUCCESS,ACTIVE,False,
UE10595,XYZ406,-81.0,5.0,XN_FAILURE,2026-07-01T08:36:15+00:00,XYZ406,XYZ407,-81.0,-93.0,5.0,2.0,-94.0,-109.0,HANDOVER,A3,INTER_GNB_XN,HO_PREPARATION,59.0,7,5,106,107,120,1.0,170.0,4.8,False,False,FAILURE,ACTIVE,False,handover_preparation_failure|xn_transport_failure
UE10753,XYZ402,-109.0,20.0,SUCCESS,2026-07-01T08:36:15+00:00,XYZ402,XYZ403,-109.0,-104.0,20.0,19.0,-112.0,-107.0,HANDOVER,A3,INTRA_NR,SUCCESS,29.0,5,5,102,103,80,1.0,32.0,0.3,False,False,SUCCESS,ACTIVE,False,
UE10280,XYZ402,-92.0,-8.0,SUCCESS,2026-07-01T08:38:05+00:00,XYZ402,XYZ403,-92.0,-90.0,-8.0,-7.0,-118.0,-115.0,HANDOVER,A3,INTRA_NR,SUCCESS,37.0,7,7,102,103,80,1.0,28.0,0.35,False,False,SUCCESS,ACTIVE,False,
UE10322,XYZ402,-80.0,12.0,SUCCESS,2026-07-01T08:38:47+00:00,XYZ402,XYZ403,-80.0,-75.0,12.0,12.0,-86.0,-81.0,HANDOVER,A3,INTRA_NR,SUCCESS,42.0,4,4,102,103,80,1.0,22.0,0.4,False,False,SUCCESS,ACTIVE,False,
UE10763,XYZ410,-123.0,7.0,WRONG_CELL,2026-07-01T08:37:16+00:00,XYZ410,XYZ409,-123.0,-143.0,7.0,-2.0,-134.0,-163.0,HANDOVER,A3,INTRA_NR,HO_EXECUTION,45.0,1,3,110,109,120,2.0,60.0,2.6,False,False,FAILURE,ACTIVE,False,handover_execution_failure|coverage_induced_ho_failure
UE10701,XYZ401,-121.0,15.0,PING_PONG,2026-07-01T08:37:21+00:00,XYZ401,XYZ402,-121.0,-122.0,15.0,11.0,-124.0,-129.0,HANDOVER,A3,INTRA_NR,POST_HO,47.0,2,1,101,102,40,0.0,32.0,3.0,True,True,FAILURE,ACTIVE,False,ping_pong_handover|mobility_configuration_issue|post_ho_rlf|coverage_induced_ho_failure|beam_instability
UE10950,XYZ405,-112.0,2.0,SUCCESS,2026-07-01T08:38:51+00:00,XYZ405,XYZ406,-112.0,-106.0,2.0,2.0,-128.0,-122.0,HANDOVER,A3,INTRA_NR,SUCCESS,40.0,2,2,105,106,80,0.0,37.0,0.05,False,False,SUCCESS,ACTIVE,False,
UE10941,XYZ408,-123.0,7.0,WRONG_CELL,2026-07-01T08:40:46+00:00,XYZ408,XYZ406,-123.0,-145.0,7.0,-1.0,-134.0,-164.0,HANDOVER,A3,INTRA_NR,HO_EXECUTION,45.0,4,1,108,106,40,0.0,25.0,2.3,True,False,FAILURE,MISSING,True,handover_execution_failure|missing_neighbor|coverage_induced_ho_failure
UE10151,XYZ402,-103.0,-8.0,SUCCESS,2026-07-01T08:39:42+00:00,XYZ402,XYZ403,-103.0,-100.0,-8.0,-7.0,-129.0,-125.0,HANDOVER,A3,INTRA_NR,SUCCESS,28.0,6,6,102,103,80,1.0,21.0,0.4,False,False,SUCCESS,ACTIVE,False,
UE10993,XYZ405,-87.0,12.0,SUCCESS,2026-07-01T08:39:40+00:00,XYZ405,XYZ407,-87.0,-82.0,12.0,13.0,-93.0,-87.0,HANDOVER,A3,INTRA_NR,SUCCESS,42.0,1,1,105,107,80,0.0,29.0,0.25,False,False,SUCCESS,MISSING,True,missing_neighbor
UE10301,XYZ408,-96.0,-8.0,SUCCESS,2026-07-01T08:42:51+00:00,XYZ408,XYZ406,-96.0,-94.0,-8.0,-7.0,-122.0,-119.0,HANDOVER,A3,INTRA_NR,SUCCESS,39.0,5,5,108,106,40,0.0,18.0,0.3,False,False,SUCCESS,MISSING,True,missing_neighbor
UE10277,XYZ410,-76.0,14.0,TOO_EARLY_HO,2026-07-01T08:42:54+00:00,XYZ410,XYZ408,-76.0,-65.0,14.0,12.0,-80.0,-71.0,HANDOVER,A3,INTRA_NR,HO_DECISION,79.0,5,8,110,108,120,2.0,33.0,0.05,False,False,FAILURE,ACTIVE,False,too_early_handover|mobility_configuration_issue
UE10650,XYZ405,-81.0,16.0,TOO_EARLY_HO,2026-07-01T08:41:50+00:00,XYZ405,XYZ404,-81.0,-68.0,16.0,12.0,-84.0,-74.0,HANDOVER,A3,INTRA_NR,HO_DECISION,91.0,6,5,105,104,80,0.0,37.0,0.25,False,False,FAILURE,ACTIVE,False,too_early_handover|mobility_configuration_issue
UE10687,XYZ402,-103.0,16.0,SUCCESS,2026-07-01T08:42:15+00:00,XYZ402,XYZ403,-103.0,-98.0,16.0,17.0,-106.0,-101.0,HANDOVER,A3,INTRA_NR,SUCCESS,41.0,8,8,102,103,80,1.0,29.0,0.3,False,False,SUCCESS,ACTIVE,False,
UE10007,XYZ403,-99.0,14.0,SUCCESS,2026-07-01T08:41:41+00:00,XYZ403,XYZ402,-99.0,-97.0,14.0,13.0,-103.0,-102.0,HANDOVER,A3,INTRA_NR,SUCCESS,42.0,8,8,103,102,160,2.0,30.0,0.1,False,False,SUCCESS,ACTIVE,False,
UE10806,XYZ406,-116.0,13.0,WRONG_CELL,2026-07-01T08:46:33+00:00,XYZ406,XYZ408,-116.0,-131.0,13.0,4.0,-121.0,-145.0,HANDOVER,A3,INTRA_NR,HO_EXECUTION,46.0,6,3,106,108,120,1.0,57.0,2.7,False,False,FAILURE,ACTIVE,False,handover_execution_failure|coverage_induced_ho_failure
UE10234,XYZ405,-101.0,-3.0,SUCCESS,2026-07-01T08:46:50+00:00,XYZ405,XYZ404,-101.0,-97.0,-3.0,-2.0,-122.0,-117.0,HANDOVER,A3,INTRA_NR,SUCCESS,25.0,4,4,105,104,80,0.0,26.0,0.3,False,False,SUCCESS,ACTIVE,False,
UE10674,XYZ404,-113.0,-2.0,SUCCESS,2026-07-01T08:46:27+00:00,XYZ404,XYZ406,-113.0,-109.0,-2.0,-1.0,-133.0,-128.0,HANDOVER,A3,INTRA_NR,SUCCESS,44.0,6,6,104,106,40,2.0,32.0,0.1,False,False,SUCCESS,ACTIVE,False,
UE10560,XYZ404,-110.0,19.0,PING_PONG,2026-07-01T08:44:25+00:00,XYZ404,XYZ405,-110.0,-111.0,19.0,17.0,-113.0,-114.0,HANDOVER,A3,INTRA_NR,POST_HO,56.0,7,5,104,105,40,2.0,51.0,1.8,True,False,FAILURE,ACTIVE,False,ping_pong_handover|mobility_configuration_issue|post_ho_rlf|coverage_induced_ho_failure|beam_instability
UE10301,XYZ405,-85.0,8.0,SUCCESS,2026-07-01T08:48:24+00:00,XYZ405,XYZ404,-85.0,-83.0,8.0,9.0,-95.0,-92.0,HANDOVER,A3,INTRA_NR,SUCCESS,39.0,5,5,105,104,80,0.0,18.0,0.3,False,False,SUCCESS,ACTIVE,False,
UE10037,XYZ402,-92.0,5.0,SUCCESS,2026-07-01T08:47:40+00:00,XYZ402,XYZ403,-92.0,-89.0,5.0,5.0,-105.0,-102.0,HANDOVER,A3,INTRA_NR,SUCCESS,38.0,4,4,102,103,80,1.0,29.0,0.2,False,False,SUCCESS,ACTIVE,False,
UE10135,XYZ409,-89.0,13.0,TOO_EARLY_HO,2026-07-01T08:49:08+00:00,XYZ409,XYZ407,-89.0,-80.0,13.0,9.0,-94.0,-89.0,HANDOVER,A3,INTRA_NR,HO_DECISION,92.0,8,1,109,107,80,1.0,54.0,0.05,False,False,FAILURE,ACTIVE,False,too_early_handover|mobility_configuration_issue
UE10821,XYZ402,-104.0,10.0,SUCCESS,2026-07-01T08:48:33+00:00,XYZ402,XYZ403,-104.0,-98.0,10.0,11.0,-112.0,-105.0,HANDOVER,A3,INTRA_NR,SUCCESS,31.0,3,3,102,103,80,1.0,21.0,0.15,False,False,SUCCESS,ACTIVE,False,
UE10420,XYZ410,-109.0,-5.0,SUCCESS,2026-07-01T08:46:56+00:00,XYZ410,XYZ409,-109.0,-107.0,-5.0,-4.0,-132.0,-129.0,HANDOVER,A3,INTRA_NR,SUCCESS,38.0,1,1,110,109,120,2.0,36.0,0.2,False,False,SUCCESS,ACTIVE,False,
UE10218,XYZ402,-103.0,-6.0,SUCCESS,2026-07-01T08:52:00+00:00,XYZ402,XYZ403,-103.0,-101.0,-6.0,-5.0,-127.0,-124.0,HANDOVER,A3,INTRA_NR,SUCCESS,26.0,1,1,102,103,80,1.0,15.0,0.05,False,False,SUCCESS,ACTIVE,False,
UE10347,XYZ410,-90.0,3.0,SUCCESS,2026-07-01T08:51:55+00:00,XYZ410,XYZ408,-90.0,-88.0,3.0,2.0,-105.0,-104.0,HANDOVER,A3,INTRA_NR,SUCCESS,26.0,6,6,110,108,120,2.0,21.0,0.25,False,False,SUCCESS,ACTIVE,False,
UE10807,XYZ409,-77.0,-7.0,SUCCESS,2026-07-01T08:52:50+00:00,XYZ409,XYZ408,-77.0,-72.0,-7.0,-8.0,-102.0,-98.0,HANDOVER,A3,INTRA_NR,SUCCESS,32.0,5,5,109,108,80,1.0,34.0,0.35,False,False,SUCCESS,ACTIVE,False,
UE10545,XYZ403,-117.0,-3.0,WRONG_CELL,2026-07-01T08:50:26+00:00,XYZ403,XYZ405,-117.0,-136.0,-3.0,-12.0,-138.0,-166.0,HANDOVER,A3,INTRA_NR,HO_EXECUTION,50.0,8,1,103,105,160,2.0,48.0,0.8,True,False,FAILURE,ACTIVE,False,handover_execution_failure|coverage_induced_ho_failure|interference_induced_ho_failure
UE10863,XYZ410,-124.0,13.0,WRONG_CELL,2026-07-01T08:50:32+00:00,XYZ410,XYZ408,-124.0,-139.0,13.0,4.0,-129.0,-153.0,HANDOVER,A3,INTRA_NR,HO_EXECUTION,48.0,4,1,110,108,120,2.0,49.0,2.1,False,True,FAILURE,ACTIVE,False,handover_execution_failure|post_ho_rlf|coverage_induced_ho_failure
UE10078,XYZ407,-94.0,0.0,SUCCESS,2026-07-01T08:55:30+00:00,XYZ407,XYZ406,-94.0,-90.0,0.0,-1.0,-112.0,-109.0,HANDOVER,A3,INTRA_NR,SUCCESS,27.0,1,1,107,106,160,2.0,28.0,0.15,False,False,SUCCESS,ACTIVE,False,
UE10747,XYZ404,-76.0,6.0,SUCCESS,2026-07-01T08:51:50+00:00,XYZ404,XYZ406,-76.0,-72.0,6.0,5.0,-88.0,-85.0,HANDOVER,A3,INTRA_NR,SUCCESS,26.0,6,6,104,106,40,2.0,26.0,0.1,False,False,SUCCESS,ACTIVE,False,
UE10894,XYZ406,-104.0,10.0,SUCCESS,2026-07-01T08:56:15+00:00,XYZ406,XYZ408,-104.0,-101.0,10.0,9.0,-112.0,-110.0,HANDOVER,A3,INTRA_NR,SUCCESS,41.0,7,7,106,108,120,1.0,30.0,0.4,False,False,SUCCESS,ACTIVE,False,
UE10272,XYZ404,-83.0,15.0,TOO_EARLY_HO,2026-07-01T08:54:38+00:00,XYZ404,XYZ402,-83.0,-76.0,15.0,11.0,-86.0,-83.0,HANDOVER,A3,INTRA_NR,HO_DECISION,81.0,7,1,104,102,40,2.0,45.0,0.1,False,False,FAILURE,ACTIVE,False,too_early_handover|mobility_configuration_issue
UE10160,XYZ410,-113.0,16.0,SUCCESS,2026-07-01T08:56:02+00:00,XYZ410,XYZ409,-113.0,-107.0,16.0,17.0,-116.0,-110.0,HANDOVER,A3,INTRA_NR,SUCCESS,37.0,6,6,110,109,120,2.0,38.0,0.25,False,False,SUCCESS,ACTIVE,False,
UE10686,XYZ407,-118.0,5.0,WRONG_CELL,2026-07-01T08:55:57+00:00,XYZ407,XYZ405,-118.0,-138.0,5.0,-4.0,-131.0,-160.0,HANDOVER,A3,INTRA_NR,HO_EXECUTION,41.0,2,7,107,105,160,2.0,56.0,3.2,True,False,FAILURE,ACTIVE,False,handover_execution_failure|coverage_induced_ho_failure
UE10877,XYZ401,-125.0,15.0,WRONG_CELL,2026-07-01T08:56:11+00:00,XYZ401,XYZ403,-125.0,-145.0,15.0,5.0,-128.0,-158.0,HANDOVER,A3,INTRA_NR,HO_EXECUTION,32.0,2,1,101,103,40,0.0,45.0,0.8,True,False,FAILURE,MISSING,True,handover_execution_failure|missing_neighbor|coverage_induced_ho_failure
UE10307,XYZ403,-109.0,22.0,SUCCESS,2026-07-01T08:58:23+00:00,XYZ403,XYZ401,-109.0,-106.0,22.0,21.0,-112.0,-109.0,HANDOVER,A3,INTRA_NR,SUCCESS,43.0,7,7,103,101,160,2.0,20.0,0.35,False,False,SUCCESS,ACTIVE,False,
UE10373,XYZ403,-114.0,20.0,PREP_FAILURE,2026-07-01T08:56:16+00:00,XYZ403,XYZ404,-114.0,-132.0,20.0,17.0,-117.0,-135.0,HANDOVER,A3,INTRA_NR,HO_PREPARATION,42.0,3,2,103,104,160,2.0,62.0,9.4,False,False,FAILURE,MISSING,True,handover_preparation_failure|missing_neighbor|coverage_induced_ho_failure
UE10975,XYZ401,-122.0,-5.0,WRONG_CELL,2026-07-01T08:57:57+00:00,XYZ401,XYZ403,-122.0,-140.0,-5.0,-14.0,-145.0,-172.0,HANDOVER,A3,INTRA_NR,HO_EXECUTION,33.0,2,7,101,103,40,0.0,46.0,2.4,False,False,FAILURE,MISSING,True,handover_execution_failure|missing_neighbor|coverage_induced_ho_failure|interference_induced_ho_failure
UE10732,XYZ406,-113.0,-3.0,SUCCESS,2026-07-01T08:57:37+00:00,XYZ406,XYZ405,-113.0,-107.0,-3.0,-4.0,-134.0,-129.0,HANDOVER,A3,INTRA_NR,SUCCESS,29.0,4,4,106,105,120,1.0,29.0,0.1,False,False,SUCCESS,ACTIVE,False,
UE10008,XYZ409,-95.0,-4.0,SUCCESS,2026-07-01T09:01:15+00:00,XYZ409,XYZ407,-95.0,-92.0,-4.0,-4.0,-117.0,-114.0,HANDOVER,A3,INTRA_NR,SUCCESS,28.0,8,8,109,107,80,1.0,27.0,0.2,False,False,SUCCESS,ACTIVE,False,
UE10800,XYZ408,-85.0,23.0,TOO_EARLY_HO,2026-07-01T09:02:46+00:00,XYZ408,XYZ410,-85.0,-75.0,23.0,20.0,-88.0,-78.0,HANDOVER,A3,INTRA_NR,HO_DECISION,90.0,4,7,108,110,40,0.0,27.0,0.0,False,False,FAILURE,MISSING,True,too_early_handover|mobility_configuration_issue|missing_neighbor
UE10443,XYZ407,-119.0,3.0,WRONG_CELL,2026-07-01T09:01:18+00:00,XYZ407,XYZ406,-119.0,-138.0,3.0,-5.0,-134.0,-161.0,HANDOVER,A3,INTRA_NR,HO_EXECUTION,44.0,3,1,107,106,160,2.0,60.0,2.1,False,False,FAILURE,ACTIVE,False,handover_execution_failure|coverage_induced_ho_failure
UE10112,XYZ410,-103.0,5.0,SUCCESS,2026-07-01T09:03:45+00:00,XYZ410,XYZ408,-103.0,-101.0,5.0,4.0,-116.0,-115.0,HANDOVER,A3,INTRA_NR,SUCCESS,33.0,8,8,110,108,120,2.0,17.0,0.05,False,False,SUCCESS,ACTIVE,False,
UE10988,XYZ408,-102.0,-2.0,SUCCESS,2026-07-01T09:00:55+00:00,XYZ408,XYZ410,-102.0,-97.0,-2.0,-3.0,-122.0,-118.0,HANDOVER,A3,INTRA_NR,SUCCESS,43.0,2,2,108,110,40,0.0,22.0,0.35,False,False,SUCCESS,MISSING,True,missing_neighbor
UE10204,XYZ406,-121.0,-1.0,WRONG_CELL,2026-07-01T09:02:36+00:00,XYZ406,XYZ405,-121.0,-143.0,-1.0,-9.0,-140.0,-170.0,HANDOVER,A3,INTRA_NR,HO_EXECUTION,42.0,6,3,106,105,120,1.0,32.0,1.3,True,False,FAILURE,ACTIVE,False,handover_execution_failure|coverage_induced_ho_failure|interference_induced_ho_failure
UE10404,XYZ409,-121.0,6.0,WRONG_CELL,2026-07-01T09:03:18+00:00,XYZ409,XYZ408,-121.0,-139.0,6.0,-4.0,-133.0,-161.0,HANDOVER,A3,INTRA_NR,HO_EXECUTION,42.0,6,7,109,108,80,1.0,51.0,2.1,False,True,FAILURE,ACTIVE,False,handover_execution_failure|post_ho_rlf|coverage_induced_ho_failure
UE10697,XYZ403,-109.0,1.0,SUCCESS,2026-07-01T09:03:44+00:00,XYZ403,XYZ402,-109.0,-105.0,1.0,2.0,-126.0,-121.0,HANDOVER,A3,INTRA_NR,SUCCESS,38.0,4,4,103,102,160,2.0,17.0,0.2,False,False,SUCCESS,ACTIVE,False,
UE10852,XYZ410,-96.0,-5.0,SUCCESS,2026-07-01T09:04:58+00:00,XYZ410,XYZ409,-96.0,-94.0,-5.0,-6.0,-119.0,-118.0,HANDOVER,A3,INTRA_NR,SUCCESS,28.0,5,5,110,109,120,2.0,16.0,0.05,False,False,SUCCESS,ACTIVE,False,
UE10196,XYZ410,-117.0,8.0,WRONG_CELL,2026-07-01T09:03:52+00:00,XYZ410,XYZ408,-117.0,-138.0,8.0,0.0,-127.0,-156.0,HANDOVER,A3,INTRA_NR,HO_EXECUTION,32.0,8,6,110,108,120,2.0,28.0,1.8,False,False,FAILURE,ACTIVE,False,handover_execution_failure|coverage_induced_ho_failure
UE10777,XYZ409,-120.0,18.0,WRONG_CELL,2026-07-01T09:05:14+00:00,XYZ409,XYZ408,-120.0,-135.0,18.0,10.0,-123.0,-143.0,HANDOVER,A3,INTRA_NR,HO_EXECUTION,39.0,3,3,109,108,80,1.0,46.0,3.1,False,False,FAILURE,ACTIVE,False,handover_execution_failure|coverage_induced_ho_failure
UE10773,XYZ404,-101.0,-5.0,SUCCESS,2026-07-01T09:05:57+00:00,XYZ404,XYZ403,-101.0,-97.0,-5.0,-5.0,-124.0,-120.0,HANDOVER,A3,INTRA_NR,SUCCESS,38.0,8,8,104,103,40,2.0,33.0,0.2,False,False,SUCCESS,ACTIVE,False,
UE10759,XYZ407,-107.0,14.0,SUCCESS,2026-07-01T09:07:49+00:00,XYZ407,XYZ408,-107.0,-103.0,14.0,13.0,-111.0,-108.0,HANDOVER,A3,INTRA_NR,SUCCESS,36.0,4,4,107,108,160,2.0,19.0,0.0,False,False,SUCCESS,ACTIVE,False,
UE10114,XYZ409,-110.0,13.0,SUCCESS,2026-07-01T09:06:52+00:00,XYZ409,XYZ410,-110.0,-106.0,13.0,12.0,-115.0,-112.0,HANDOVER,A3,INTRA_NR,SUCCESS,29.0,7,7,109,110,80,1.0,26.0,0.3,False,False,SUCCESS,ACTIVE,False,
UE10120,XYZ402,-105.0,14.0,PING_PONG,2026-07-01T09:07:20+00:00,XYZ402,XYZ403,-105.0,-103.0,14.0,11.0,-109.0,-110.0,HANDOVER,A3,INTRA_NR,POST_HO,51.0,8,3,102,103,80,1.0,49.0,2.0,True,False,FAILURE,ACTIVE,False,ping_pong_handover|mobility_configuration_issue|post_ho_rlf|beam_instability
UE10652,XYZ402,-124.0,5.0,WRONG_CELL,2026-07-01T09:08:52+00:00,XYZ402,XYZ403,-124.0,-145.0,5.0,-5.0,-137.0,-168.0,HANDOVER,A3,INTRA_NR,HO_EXECUTION,41.0,1,7,102,103,80,1.0,39.0,1.5,False,False,FAILURE,ACTIVE,False,handover_execution_failure|coverage_induced_ho_failure
UE10064,XYZ409,-116.0,5.0,WRONG_CELL,2026-07-01T09:11:06+00:00,XYZ409,XYZ408,-116.0,-136.0,5.0,-4.0,-129.0,-158.0,HANDOVER,A3,INTRA_NR,HO_EXECUTION,47.0,6,2,109,108,80,1.0,33.0,2.3,True,False,FAILURE,ACTIVE,False,handover_execution_failure|coverage_induced_ho_failure
UE10275,XYZ403,-110.0,-5.0,PREP_FAILURE,2026-07-01T09:10:56+00:00,XYZ403,XYZ402,-110.0,-126.0,-5.0,-9.0,-133.0,-153.0,HANDOVER,A3,INTRA_NR,HO_PREPARATION,43.0,3,1,103,102,160,2.0,125.0,3.7,False,False,FAILURE,ACTIVE,False,handover_preparation_failure|xn_transport_failure|coverage_induced_ho_failure|interference_induced_ho_failure
UE10824,XYZ409,-89.0,10.0,SUCCESS,2026-07-01T09:10:49+00:00,XYZ409,XYZ408,-89.0,-83.0,10.0,10.0,-97.0,-91.0,HANDOVER,A3,INTRA_NR,SUCCESS,27.0,7,7,109,108,80,1.0,34.0,0.05,False,False,SUCCESS,ACTIVE,False,
UE10238,XYZ405,-111.0,-7.0,SUCCESS,2026-07-01T09:12:36+00:00,XYZ405,XYZ406,-111.0,-105.0,-7.0,-8.0,-136.0,-131.0,HANDOVER,A3,INTRA_NR,SUCCESS,33.0,5,5,105,106,80,0.0,38.0,0.35,False,False,SUCCESS,ACTIVE,False,
UE10301,XYZ406,-113.0,23.0,PREP_FAILURE,2026-07-01T09:13:41+00:00,XYZ406,XYZ404,-113.0,-131.0,23.0,20.0,-116.0,-134.0,HANDOVER,A3,INTRA_NR,HO_PREPARATION,49.0,5,3,106,104,120,1.0,131.0,2.2,False,False,FAILURE,ACTIVE,False,handover_preparation_failure|xn_transport_failure|coverage_induced_ho_failure
UE10391,XYZ402,-113.0,17.0,SUCCESS,2026-07-01T09:13:10+00:00,XYZ402,XYZ403,-113.0,-108.0,17.0,18.0,-116.0,-111.0,HANDOVER,A3,INTRA_NR,SUCCESS,36.0,6,6,102,103,80,1.0,16.0,0.25,False,False,SUCCESS,ACTIVE,False,
UE10521,XYZ408,-94.0,17.0,TOO_EARLY_HO,2026-07-01T09:12:03+00:00,XYZ408,XYZ407,-94.0,-85.0,17.0,15.0,-97.0,-88.0,HANDOVER,A3,INTRA_NR,HO_DECISION,82.0,3,3,108,107,40,0.0,39.0,0.2,False,False,FAILURE,ACTIVE,False,too_early_handover|mobility_configuration_issue
UE10968,XYZ409,-81.0,6.0,SUCCESS,2026-07-01T09:14:10+00:00,XYZ409,XYZ408,-81.0,-76.0,6.0,6.0,-93.0,-88.0,HANDOVER,A3,INTRA_NR,SUCCESS,27.0,1,1,109,108,80,1.0,27.0,0.0,False,False,SUCCESS,ACTIVE,False,
UE10368,XYZ402,-79.0,3.0,SUCCESS,2026-07-01T09:13:32+00:00,XYZ402,XYZ403,-79.0,-76.0,3.0,2.0,-94.0,-92.0,HANDOVER,A3,INTRA_NR,SUCCESS,28.0,7,7,102,103,80,1.0,31.0,0.1,False,False,SUCCESS,ACTIVE,False,
UE10232,XYZ406,-80.0,-4.0,SUCCESS,2026-07-01T09:12:57+00:00,XYZ406,XYZ404,-80.0,-76.0,-4.0,-3.0,-102.0,-97.0,HANDOVER,A3,INTRA_NR,SUCCESS,39.0,5,5,106,104,120,1.0,23.0,0.2,False,False,SUCCESS,ACTIVE,False,
UE10194,XYZ406,-118.0,11.0,WRONG_CELL,2026-07-01T09:13:54+00:00,XYZ406,XYZ404,-118.0,-134.0,11.0,2.0,-125.0,-150.0,HANDOVER,A3,INTRA_NR,HO_EXECUTION,32.0,1,2,106,104,120,1.0,25.0,2.7,True,False,FAILURE,ACTIVE,False,handover_execution_failure|coverage_induced_ho_failure
UE10906,XYZ408,-83.0,-10.0,PING_PONG,2026-07-01T09:15:29+00:00,XYZ408,XYZ406,-83.0,-82.0,-10.0,-13.0,-111.0,-113.0,HANDOVER,A3,INTRA_NR,POST_HO,53.0,4,1,108,106,40,0.0,26.0,2.0,True,True,FAILURE,MISSING,True,ping_pong_handover|mobility_configuration_issue|missing_neighbor|post_ho_rlf|interference_induced_ho_failure|beam_instability
UE10011,XYZ410,-108.0,18.0,PING_PONG,2026-07-01T09:17:18+00:00,XYZ410,XYZ408,-108.0,-111.0,18.0,14.0,-111.0,-115.0,HANDOVER,A3,INTRA_NR,POST_HO,53.0,2,5,110,108,120,2.0,40.0,3.0,True,False,FAILURE,ACTIVE,False,ping_pong_handover|mobility_configuration_issue|post_ho_rlf|coverage_induced_ho_failure|beam_instability
UE10905,XYZ405,-90.0,20.0,XN_FAILURE,2026-07-01T09:15:28+00:00,XYZ405,XYZ403,-90.0,-108.0,20.0,17.0,-93.0,-111.0,HANDOVER,A3,INTER_GNB_XN,HO_PREPARATION,46.0,6,1,105,103,80,0.0,190.0,7.1,False,False,FAILURE,MISSING,True,handover_preparation_failure|missing_neighbor|xn_transport_failure
UE10920,XYZ409,-100.0,19.0,PREP_FAILURE,2026-07-01T09:19:47+00:00,XYZ409,XYZ408,-100.0,-118.0,19.0,16.0,-103.0,-121.0,HANDOVER,A3,INTRA_NR,HO_PREPARATION,37.0,6,2,109,108,80,1.0,123.0,3.4,False,False,FAILURE,ACTIVE,False,handover_preparation_failure|xn_transport_failure|coverage_induced_ho_failure
UE10688,XYZ401,-116.0,4.0,PING_PONG,2026-07-01T09:18:01+00:00,XYZ401,XYZ403,-116.0,-117.0,4.0,0.0,-130.0,-135.0,HANDOVER,A3,INTRA_NR,POST_HO,54.0,6,8,101,103,40,0.0,58.0,2.7,True,False,FAILURE,MISSING,True,ping_pong_handover|mobility_configuration_issue|missing_neighbor|post_ho_rlf|coverage_induced_ho_failure|beam_instability
UE10176,XYZ409,-95.0,7.0,SUCCESS,2026-07-01T09:19:15+00:00,XYZ409,XYZ410,-95.0,-89.0,7.0,8.0,-106.0,-99.0,HANDOVER,A3,INTRA_NR,SUCCESS,32.0,2,2,109,110,80,1.0,15.0,0.0,False,False,SUCCESS,ACTIVE,False,
UE10216,XYZ410,-93.0,24.0,TOO_EARLY_HO,2026-07-01T09:19:33+00:00,XYZ410,XYZ408,-93.0,-86.0,24.0,21.0,-96.0,-89.0,HANDOVER,A3,INTRA_NR,HO_DECISION,75.0,3,2,110,108,120,2.0,64.0,0.25,False,False,FAILURE,ACTIVE,False,too_early_handover|mobility_configuration_issue
UE10010,XYZ407,-97.0,19.0,SUCCESS,2026-07-01T09:21:12+00:00,XYZ407,XYZ406,-97.0,-95.0,19.0,19.0,-100.0,-98.0,HANDOVER,A3,INTRA_NR,SUCCESS,34.0,4,4,107,106,160,2.0,35.0,0.15,False,False,SUCCESS,ACTIVE,False,
UE10445,XYZ404,-121.0,23.0,PREP_FAILURE,2026-07-01T09:20:10+00:00,XYZ404,XYZ402,-121.0,-139.0,23.0,20.0,-124.0,-142.0,HANDOVER,A3,INTRA_NR,HO_PREPARATION,39.0,8,7,104,102,40,2.0,49.0,9.2,False,False,FAILURE,ACTIVE,False,handover_preparation_failure|coverage_induced_ho_failure
UE10629,XYZ403,-113.0,0.0,SUCCESS,2026-07-01T09:19:55+00:00,XYZ403,XYZ402,-113.0,-110.0,0.0,1.0,-131.0,-127.0,HANDOVER,A3,INTRA_NR,SUCCESS,45.0,7,7,103,102,160,2.0,39.0,0.15,False,False,SUCCESS,ACTIVE,False,
UE10163,XYZ410,-125.0,16.0,WRONG_CELL,2026-07-01T09:20:42+00:00,XYZ410,XYZ409,-125.0,-142.0,16.0,8.0,-128.0,-152.0,HANDOVER,A3,INTRA_NR,HO_EXECUTION,49.0,1,7,110,109,120,2.0,56.0,2.4,True,False,FAILURE,ACTIVE,False,handover_execution_failure|coverage_induced_ho_failure
UE10550,XYZ406,-103.0,13.0,SUCCESS,2026-07-01T09:23:26+00:00,XYZ406,XYZ404,-103.0,-99.0,13.0,14.0,-108.0,-103.0,HANDOVER,A3,INTRA_NR,SUCCESS,42.0,6,6,106,104,120,1.0,20.0,0.2,False,False,SUCCESS,ACTIVE,False,
UE10052,XYZ401,-86.0,24.0,TOO_EARLY_HO,2026-07-01T09:21:47+00:00,XYZ401,XYZ403,-86.0,-78.0,24.0,22.0,-89.0,-81.0,HANDOVER,A3,INTRA_NR,HO_DECISION,87.0,4,2,101,103,40,0.0,43.0,0.15,False,False,FAILURE,MISSING,True,too_early_handover|mobility_configuration_issue|missing_neighbor
UE10217,XYZ403,-123.0,-3.0,WRONG_CELL,2026-07-01T09:23:07+00:00,XYZ403,XYZ404,-123.0,-141.0,-3.0,-13.0,-144.0,-172.0,HANDOVER,A3,INTRA_NR,HO_EXECUTION,43.0,8,6,103,104,160,2.0,31.0,0.4,False,False,FAILURE,ACTIVE,False,handover_execution_failure|coverage_induced_ho_failure|interference_induced_ho_failure
UE10717,XYZ402,-123.0,7.0,WRONG_CELL,2026-07-01T09:27:02+00:00,XYZ402,XYZ403,-123.0,-140.0,7.0,-1.0,-134.0,-159.0,HANDOVER,A3,INTRA_NR,HO_EXECUTION,45.0,5,2,102,103,80,1.0,45.0,1.1,True,True,FAILURE,ACTIVE,False,handover_execution_failure|post_ho_rlf|coverage_induced_ho_failure
UE10998,XYZ409,-119.0,2.0,WRONG_CELL,2026-07-01T09:24:58+00:00,XYZ409,XYZ410,-119.0,-141.0,2.0,-8.0,-135.0,-167.0,HANDOVER,A3,INTRA_NR,HO_EXECUTION,47.0,3,6,109,110,80,1.0,60.0,2.8,False,False,FAILURE,ACTIVE,False,handover_execution_failure|coverage_induced_ho_failure
UE10823,XYZ403,-90.0,13.0,TOO_EARLY_HO,2026-07-01T09:24:52+00:00,XYZ403,XYZ402,-90.0,-79.0,13.0,11.0,-95.0,-86.0,HANDOVER,A3,INTRA_NR,HO_DECISION,85.0,3,8,103,102,160,2.0,61.0,0.25,False,False,FAILURE,ACTIVE,False,too_early_handover|mobility_configuration_issue
UE10359,XYZ402,-91.0,12.0,SUCCESS,2026-07-01T09:29:08+00:00,XYZ402,XYZ403,-91.0,-87.0,12.0,12.0,-97.0,-93.0,HANDOVER,A3,INTRA_NR,SUCCESS,30.0,5,5,102,103,80,1.0,35.0,0.35,False,False,SUCCESS,ACTIVE,False,
UE10384,XYZ404,-111.0,1.0,SUCCESS,2026-07-01T09:25:49+00:00,XYZ404,XYZ405,-111.0,-107.0,1.0,2.0,-128.0,-123.0,HANDOVER,A3,INTRA_NR,SUCCESS,40.0,6,6,104,105,40,2.0,25.0,0.4,False,False,SUCCESS,ACTIVE,False,
UE10055,XYZ402,-86.0,19.0,TOO_EARLY_HO,2026-07-01T09:27:31+00:00,XYZ402,XYZ403,-86.0,-73.0,19.0,15.0,-89.0,-76.0,HANDOVER,A3,INTRA_NR,HO_DECISION,80.0,4,2,102,103,80,1.0,49.0,0.15,False,False,FAILURE,ACTIVE,False,too_early_handover|mobility_configuration_issue
UE10117,XYZ401,-123.0,20.0,WRONG_CELL,2026-07-01T09:28:43+00:00,XYZ401,XYZ403,-123.0,-142.0,20.0,12.0,-126.0,-148.0,HANDOVER,A3,INTRA_NR,HO_EXECUTION,38.0,5,2,101,103,40,0.0,39.0,0.5,False,True,FAILURE,MISSING,True,handover_execution_failure|missing_neighbor|post_ho_rlf|coverage_induced_ho_failure
UE10899,XYZ406,-97.0,17.0,SUCCESS,2026-07-01T09:31:13+00:00,XYZ406,XYZ407,-97.0,-95.0,17.0,18.0,-100.0,-98.0,HANDOVER,A3,INTRA_NR,SUCCESS,27.0,2,2,106,107,120,1.0,21.0,0.35,False,False,SUCCESS,ACTIVE,False,
UE10252,XYZ410,-96.0,11.0,PREP_FAILURE,2026-07-01T09:31:14+00:00,XYZ410,XYZ408,-96.0,-112.0,11.0,7.0,-103.0,-123.0,HANDOVER,A3,INTRA_NR,HO_PREPARATION,39.0,8,6,110,108,120,2.0,128.0,3.2,False,False,FAILURE,MISSING,True,handover_preparation_failure|missing_neighbor|xn_transport_failure|coverage_induced_ho_failure
UE10797,XYZ408,-87.0,17.0,TOO_EARLY_HO,2026-07-01T09:32:12+00:00,XYZ408,XYZ406,-87.0,-79.0,17.0,15.0,-90.0,-82.0,HANDOVER,A3,INTRA_NR,HO_DECISION,88.0,5,1,108,106,40,0.0,27.0,0.4,False,False,FAILURE,MISSING,True,too_early_handover|mobility_configuration_issue|missing_neighbor
UE10779,XYZ410,-108.0,2.0,SUCCESS,2026-07-01T09:31:06+00:00,XYZ410,XYZ408,-108.0,-103.0,2.0,2.0,-124.0,-119.0,HANDOVER,A3,INTRA_NR,SUCCESS,45.0,7,7,110,108,120,2.0,35.0,0.0,False,False,SUCCESS,ACTIVE,False,
UE10802,XYZ410,-115.0,14.0,SUCCESS,2026-07-01T09:32:52+00:00,XYZ410,XYZ408,-115.0,-111.0,14.0,13.0,-119.0,-116.0,HANDOVER,A3,INTRA_NR,SUCCESS,45.0,4,4,110,108,120,2.0,31.0,0.2,False,False,SUCCESS,ACTIVE,False,
UE10844,XYZ402,-83.0,-4.0,SUCCESS,2026-07-01T09:31:32+00:00,XYZ402,XYZ403,-83.0,-77.0,-4.0,-5.0,-105.0,-100.0,HANDOVER,A3,INTRA_NR,SUCCESS,31.0,1,1,102,103,80,1.0,25.0,0.25,False,False,SUCCESS,ACTIVE,False,
UE10179,XYZ409,-77.0,-5.0,XN_FAILURE,2026-07-01T09:35:11+00:00,XYZ409,XYZ410,-77.0,-91.0,-5.0,-7.0,-100.0,-116.0,HANDOVER,A3,INTER_GNB_XN,HO_PREPARATION,58.0,4,3,109,110,80,1.0,201.0,8.6,False,False,FAILURE,ACTIVE,False,handover_preparation_failure|xn_transport_failure|interference_induced_ho_failure
UE10414,XYZ403,-88.0,13.0,TOO_EARLY_HO,2026-07-01T09:34:23+00:00,XYZ403,XYZ405,-88.0,-77.0,13.0,11.0,-93.0,-84.0,HANDOVER,A3,INTRA_NR,HO_DECISION,86.0,3,7,103,105,160,2.0,30.0,0.2,False,False,FAILURE,ACTIVE,False,too_early_handover|mobility_configuration_issue
UE10869,XYZ408,-86.0,8.0,SUCCESS,2026-07-01T09:35:56+00:00,XYZ408,XYZ410,-86.0,-82.0,8.0,8.0,-96.0,-92.0,HANDOVER,A3,INTRA_NR,SUCCESS,45.0,2,2,108,110,40,0.0,30.0,0.15,False,False,SUCCESS,MISSING,True,missing_neighbor
UE10234,XYZ408,-125.0,8.0,WRONG_CELL,2026-07-01T09:36:47+00:00,XYZ408,XYZ409,-125.0,-142.0,8.0,0.0,-135.0,-160.0,HANDOVER,A3,INTRA_NR,HO_EXECUTION,30.0,4,5,108,109,40,0.0,46.0,0.6,True,True,FAILURE,ACTIVE,False,handover_execution_failure|post_ho_rlf|coverage_induced_ho_failure
UE10854,XYZ403,-97.0,-2.0,PING_PONG,2026-07-01T09:36:08+00:00,XYZ403,XYZ401,-97.0,-96.0,-2.0,-5.0,-117.0,-119.0,HANDOVER,A3,INTRA_NR,POST_HO,60.0,5,4,103,101,160,2.0,55.0,2.2,True,False,FAILURE,ACTIVE,False,ping_pong_handover|mobility_configuration_issue|post_ho_rlf|interference_induced_ho_failure|beam_instability
UE10707,XYZ403,-116.0,18.0,WRONG_CELL,2026-07-01T09:38:11+00:00,XYZ403,XYZ402,-116.0,-133.0,18.0,10.0,-119.0,-141.0,HANDOVER,A3,INTRA_NR,HO_EXECUTION,50.0,6,8,103,102,160,2.0,56.0,2.3,True,False,FAILURE,ACTIVE,False,handover_execution_failure|coverage_induced_ho_failure
UE10819,XYZ406,-98.0,13.0,SUCCESS,2026-07-01T09:37:47+00:00,XYZ406,XYZ404,-98.0,-96.0,13.0,12.0,-103.0,-102.0,HANDOVER,A3,INTRA_NR,SUCCESS,27.0,6,6,106,104,120,1.0,38.0,0.0,False,False,SUCCESS,ACTIVE,False,
UE10079,XYZ401,-95.0,-6.0,SUCCESS,2026-07-01T09:38:26+00:00,XYZ401,XYZ403,-95.0,-92.0,-6.0,-5.0,-119.0,-115.0,HANDOVER,A3,INTRA_NR,SUCCESS,37.0,5,5,101,103,40,0.0,31.0,0.1,False,False,SUCCESS,MISSING,True,missing_neighbor
UE10646,XYZ404,-107.0,15.0,PREP_FAILURE,2026-07-01T09:37:56+00:00,XYZ404,XYZ402,-107.0,-119.0,15.0,12.0,-110.0,-125.0,HANDOVER,A3,INTRA_NR,HO_PREPARATION,50.0,6,3,104,102,40,2.0,39.0,8.0,False,False,FAILURE,ACTIVE,False,handover_preparation_failure|coverage_induced_ho_failure
UE10021,XYZ401,-123.0,3.0,WRONG_CELL,2026-07-01T09:37:51+00:00,XYZ401,XYZ403,-123.0,-138.0,3.0,-5.0,-138.0,-161.0,HANDOVER,A3,INTRA_NR,HO_EXECUTION,46.0,5,2,101,103,40,0.0,34.0,3.2,False,False,FAILURE,MISSING,True,handover_execution_failure|missing_neighbor|coverage_induced_ho_failure
UE10476,XYZ403,-90.0,18.0,TOO_EARLY_HO,2026-07-01T09:36:50+00:00,XYZ403,XYZ405,-90.0,-78.0,18.0,14.0,-93.0,-82.0,HANDOVER,A3,INTRA_NR,HO_DECISION,76.0,4,8,103,105,160,2.0,60.0,0.2,False,False,FAILURE,ACTIVE,False,too_early_handover|mobility_configuration_issue
UE10842,XYZ409,-83.0,-5.0,SUCCESS,2026-07-01T09:41:28+00:00,XYZ409,XYZ410,-83.0,-79.0,-5.0,-4.0,-106.0,-101.0,HANDOVER,A3,INTRA_NR,SUCCESS,40.0,3,3,109,110,80,1.0,17.0,0.05,False,False,SUCCESS,ACTIVE,False,
UE10439,XYZ405,-111.0,-4.0,SUCCESS,2026-07-01T09:38:29+00:00,XYZ405,XYZ404,-111.0,-106.0,-4.0,-4.0,-133.0,-128.0,HANDOVER,A3,INTRA_NR,SUCCESS,45.0,2,2,105,104,80,0.0,39.0,0.45,False,False,SUCCESS,ACTIVE,False,
UE10736,XYZ405,-93.0,7.0,SUCCESS,2026-07-01T09:39:55+00:00,XYZ405,XYZ406,-93.0,-87.0,7.0,8.0,-104.0,-97.0,HANDOVER,A3,INTRA_NR,SUCCESS,38.0,1,1,105,106,80,0.0,30.0,0.45,False,False,SUCCESS,ACTIVE,False,
UE10569,XYZ404,-85.0,12.0,SUCCESS,2026-07-01T09:41:03+00:00,XYZ404,XYZ403,-85.0,-81.0,12.0,11.0,-91.0,-88.0,HANDOVER,A3,INTRA_NR,SUCCESS,26.0,4,4,104,103,40,2.0,38.0,0.3,False,False,SUCCESS,ACTIVE,False,
UE10092,XYZ403,-83.0,-10.0,SUCCESS,2026-07-01T09:41:41+00:00,XYZ403,XYZ401,-83.0,-80.0,-10.0,-11.0,-111.0,-109.0,HANDOVER,A3,INTRA_NR,SUCCESS,36.0,7,7,103,101,160,2.0,23.0,0.0,False,False,SUCCESS,ACTIVE,False,
UE10191,XYZ405,-81.0,-7.0,TOO_LATE_HO,2026-07-01T09:44:52+00:00,XYZ405,XYZ403,-81.0,-96.0,-7.0,-10.0,-106.0,-124.0,HANDOVER,A5,INTRA_NR,HO_DECISION,22.0,7,4,105,103,80,0.0,27.0,0.1,True,False,FAILURE,MISSING,True,too_late_handover|mobility_configuration_issue|missing_neighbor|interference_induced_ho_failure
UE10102,XYZ404,-100.0,24.0,SUCCESS,2026-07-01T09:42:08+00:00,XYZ404,XYZ402,-100.0,-94.0,24.0,25.0,-103.0,-97.0,HANDOVER,A3,INTRA_NR,SUCCESS,36.0,2,2,104,102,40,2.0,28.0,0.3,False,False,SUCCESS,ACTIVE,False,
UE10395,XYZ408,-110.0,12.0,SUCCESS,2026-07-01T09:42:50+00:00,XYZ408,XYZ407,-110.0,-108.0,12.0,11.0,-116.0,-115.0,HANDOVER,A3,INTRA_NR,SUCCESS,30.0,7,7,108,107,40,0.0,30.0,0.25,False,False,SUCCESS,ACTIVE,False,
UE10006,XYZ404,-90.0,16.0,TOO_EARLY_HO,2026-07-01T09:46:28+00:00,XYZ404,XYZ405,-90.0,-81.0,16.0,12.0,-93.0,-87.0,HANDOVER,A3,INTRA_NR,HO_DECISION,95.0,7,8,104,105,40,2.0,62.0,0.2,False,False,FAILURE,ACTIVE,False,too_early_handover|mobility_configuration_issue
UE10639,XYZ408,-93.0,15.0,TOO_EARLY_HO,2026-07-01T09:45:45+00:00,XYZ408,XYZ407,-93.0,-86.0,15.0,11.0,-96.0,-93.0,HANDOVER,A3,INTRA_NR,HO_DECISION,84.0,2,6,108,107,40,0.0,46.0,0.05,False,False,FAILURE,ACTIVE,False,too_early_handover|mobility_configuration_issue
UE10566,XYZ406,-106.0,-3.0,PREP_FAILURE,2026-07-01T09:44:04+00:00,XYZ406,XYZ405,-106.0,-115.0,-3.0,-6.0,-127.0,-139.0,HANDOVER,A3,INTRA_NR,HO_PREPARATION,51.0,5,8,106,105,120,1.0,35.0,8.4,False,False,FAILURE,ACTIVE,False,handover_preparation_failure|coverage_induced_ho_failure|interference_induced_ho_failure
UE10230,XYZ405,-113.0,5.0,SUCCESS,2026-07-01T09:47:52+00:00,XYZ405,XYZ407,-113.0,-111.0,5.0,6.0,-126.0,-123.0,HANDOVER,A3,INTRA_NR,SUCCESS,30.0,1,1,105,107,80,0.0,21.0,0.15,False,False,SUCCESS,MISSING,True,missing_neighbor
UE10873,XYZ404,-93.0,-8.0,SUCCESS,2026-07-01T09:47:50+00:00,XYZ404,XYZ406,-93.0,-87.0,-8.0,-7.0,-119.0,-112.0,HANDOVER,A3,INTRA_NR,SUCCESS,32.0,8,8,104,106,40,2.0,15.0,0.45,False,False,SUCCESS,ACTIVE,False,
UE10573,XYZ404,-121.0,21.0,TOO_LATE_HO,2026-07-01T09:45:29+00:00,XYZ404,XYZ405,-121.0,-134.0,21.0,17.0,-124.0,-137.0,HANDOVER,A5,INTRA_NR,HO_DECISION,17.0,6,8,104,105,40,2.0,39.0,0.45,True,True,FAILURE,ACTIVE,False,too_late_handover|mobility_configuration_issue|post_ho_rlf|coverage_induced_ho_failure
UE10239,XYZ404,-89.0,-6.0,SUCCESS,2026-07-01T09:46:22+00:00,XYZ404,XYZ405,-89.0,-83.0,-6.0,-5.0,-113.0,-106.0,HANDOVER,A3,INTRA_NR,SUCCESS,43.0,6,6,104,105,40,2.0,35.0,0.1,False,False,SUCCESS,ACTIVE,False,
UE10089,XYZ409,-112.0,9.0,XN_FAILURE,2026-07-01T09:49:15+00:00,XYZ409,XYZ408,-112.0,-123.0,9.0,7.0,-121.0,-134.0,HANDOVER,A3,INTER_GNB_XN,HO_PREPARATION,55.0,7,4,109,108,80,1.0,211.0,8.3,False,False,FAILURE,ACTIVE,False,handover_preparation_failure|xn_transport_failure|coverage_induced_ho_failure
UE10231,XYZ404,-99.0,3.0,SUCCESS,2026-07-01T09:47:28+00:00,XYZ404,XYZ406,-99.0,-96.0,3.0,2.0,-114.0,-112.0,HANDOVER,A3,INTRA_NR,SUCCESS,39.0,3,3,104,106,40,2.0,31.0,0.2,False,False,SUCCESS,ACTIVE,False,
UE10456,XYZ409,-103.0,21.0,XN_FAILURE,2026-07-01T09:52:15+00:00,XYZ409,XYZ410,-103.0,-111.0,21.0,19.0,-106.0,-114.0,HANDOVER,A3,INTER_GNB_XN,HO_PREPARATION,53.0,2,1,109,110,80,1.0,265.0,5.0,False,False,FAILURE,ACTIVE,False,handover_preparation_failure|xn_transport_failure|coverage_induced_ho_failure
UE10232,XYZ410,-112.0,15.0,SUCCESS,2026-07-01T09:48:43+00:00,XYZ410,XYZ408,-112.0,-108.0,15.0,15.0,-115.0,-111.0,HANDOVER,A3,INTRA_NR,SUCCESS,39.0,5,5,110,108,120,2.0,23.0,0.2,False,False,SUCCESS,ACTIVE,False,
UE10353,XYZ406,-86.0,-5.0,SUCCESS,2026-07-01T09:51:07+00:00,XYZ406,XYZ404,-86.0,-80.0,-5.0,-4.0,-109.0,-102.0,HANDOVER,A3,INTRA_NR,SUCCESS,32.0,1,1,106,104,120,1.0,31.0,0.05,False,False,SUCCESS,ACTIVE,False,
UE10332,XYZ410,-122.0,-6.0,XN_FAILURE,2026-07-01T09:54:31+00:00,XYZ410,XYZ409,-122.0,-136.0,-6.0,-8.0,-146.0,-162.0,HANDOVER,A3,INTER_GNB_XN,HO_PREPARATION,48.0,6,3,110,109,120,2.0,278.0,9.3,False,False,FAILURE,ACTIVE,False,handover_preparation_failure|xn_transport_failure|coverage_induced_ho_failure|interference_induced_ho_failure
UE10438,XYZ407,-87.0,2.0,SUCCESS,2026-07-01T09:53:10+00:00,XYZ407,XYZ406,-87.0,-82.0,2.0,1.0,-103.0,-99.0,HANDOVER,A3,INTRA_NR,SUCCESS,34.0,1,1,107,106,160,2.0,27.0,0.35,False,False,SUCCESS,ACTIVE,False,
UE10374,XYZ410,-107.0,21.0,SUCCESS,2026-07-01T09:53:51+00:00,XYZ410,XYZ409,-107.0,-104.0,21.0,22.0,-110.0,-107.0,HANDOVER,A3,INTRA_NR,SUCCESS,39.0,2,2,110,109,120,2.0,29.0,0.35,False,False,SUCCESS,ACTIVE,False,
UE10291,XYZ403,-79.0,5.0,SUCCESS,2026-07-01T09:55:13+00:00,XYZ403,XYZ404,-79.0,-73.0,5.0,5.0,-92.0,-86.0,HANDOVER,A3,INTRA_NR,SUCCESS,33.0,7,7,103,104,160,2.0,24.0,0.3,False,False,SUCCESS,ACTIVE,False,
UE10344,XYZ408,-122.0,-10.0,PREP_FAILURE,2026-07-01T09:54:03+00:00,XYZ408,XYZ406,-122.0,-136.0,-10.0,-12.0,-150.0,-166.0,HANDOVER,A3,INTRA_NR,HO_PREPARATION,49.0,4,7,108,106,40,0.0,46.0,7.4,False,False,FAILURE,MISSING,True,handover_preparation_failure|missing_neighbor|coverage_induced_ho_failure|interference_induced_ho_failure
UE10663,XYZ403,-96.0,2.0,SUCCESS,2026-07-01T09:56:41+00:00,XYZ403,XYZ402,-96.0,-94.0,2.0,2.0,-112.0,-110.0,HANDOVER,A3,INTRA_NR,SUCCESS,43.0,7,7,103,102,160,2.0,33.0,0.3,False,False,SUCCESS,ACTIVE,False,
UE10427,XYZ401,-107.0,0.0,XN_FAILURE,2026-07-01T09:56:36+00:00,XYZ401,XYZ403,-107.0,-126.0,0.0,-4.0,-125.0,-148.0,HANDOVER,A3,INTER_GNB_XN,HO_PREPARATION,41.0,6,8,101,103,40,0.0,259.0,5.4,False,False,FAILURE,MISSING,True,handover_preparation_failure|missing_neighbor|xn_transport_failure|coverage_induced_ho_failure
UE10656,XYZ410,-95.0,-3.0,SUCCESS,2026-07-01T09:56:14+00:00,XYZ410,XYZ408,-95.0,-91.0,-3.0,-3.0,-116.0,-112.0,HANDOVER,A3,INTRA_NR,SUCCESS,30.0,5,5,110,108,120,2.0,23.0,0.0,False,False,SUCCESS,ACTIVE,False,
UE10129,XYZ405,-95.0,14.0,SUCCESS,2026-07-01T09:58:18+00:00,XYZ405,XYZ403,-95.0,-90.0,14.0,14.0,-99.0,-94.0,HANDOVER,A3,INTRA_NR,SUCCESS,35.0,4,4,105,103,80,0.0,24.0,0.3,False,False,SUCCESS,MISSING,True,missing_neighbor
UE10140,XYZ402,-117.0,21.0,PREP_FAILURE,2026-07-01T09:58:31+00:00,XYZ402,XYZ403,-117.0,-126.0,21.0,18.0,-120.0,-129.0,HANDOVER,A3,INTRA_NR,HO_PREPARATION,37.0,6,2,102,103,80,1.0,115.0,3.4,False,False,FAILURE,ACTIVE,False,handover_preparation_failure|xn_transport_failure|coverage_induced_ho_failure
UE10414,XYZ410,-113.0,13.0,SUCCESS,2026-07-01T09:59:03+00:00,XYZ410,XYZ409,-113.0,-107.0,13.0,13.0,-118.0,-112.0,HANDOVER,A3,INTRA_NR,SUCCESS,36.0,3,3,110,109,120,2.0,32.0,0.2,False,False,SUCCESS,ACTIVE,False,
UE10092,XYZ406,-112.0,17.0,SUCCESS,2026-07-01T09:58:20+00:00,XYZ406,XYZ404,-112.0,-106.0,17.0,18.0,-115.0,-109.0,HANDOVER,A3,INTRA_NR,SUCCESS,36.0,7,7,106,104,120,1.0,23.0,0.0,False,False,SUCCESS,ACTIVE,False,
UE10625,XYZ410,-80.0,3.0,SUCCESS,2026-07-01T10:01:33+00:00,XYZ410,XYZ408,-80.0,-74.0,3.0,4.0,-95.0,-88.0,HANDOVER,A3,INTRA_NR,SUCCESS,29.0,3,3,110,108,120,2.0,30.0,0.0,False,False,SUCCESS,ACTIVE,False,
UE10283,XYZ409,-116.0,-8.0,WRONG_CELL,2026-07-01T10:01:51+00:00,XYZ409,XYZ410,-116.0,-140.0,-8.0,-16.0,-142.0,-174.0,HANDOVER,A3,INTRA_NR,HO_EXECUTION,48.0,8,7,109,110,80,1.0,27.0,2.7,False,True,FAILURE,ACTIVE,False,handover_execution_failure|post_ho_rlf|coverage_induced_ho_failure|interference_induced_ho_failure
UE10955,XYZ401,-78.0,16.0,TOO_EARLY_HO,2026-07-01T10:00:06+00:00,XYZ401,XYZ403,-78.0,-68.0,16.0,14.0,-81.0,-72.0,HANDOVER,A3,INTRA_NR,HO_DECISION,88.0,8,7,101,103,40,0.0,28.0,0.45,False,False,FAILURE,MISSING,True,too_early_handover|mobility_configuration_issue|missing_neighbor
UE10922,XYZ404,-95.0,9.0,PREP_FAILURE,2026-07-01T10:02:25+00:00,XYZ404,XYZ405,-95.0,-104.0,9.0,6.0,-104.0,-116.0,HANDOVER,A3,INTRA_NR,HO_PREPARATION,45.0,1,7,104,105,40,2.0,130.0,9.3,False,False,FAILURE,MISSING,True,handover_preparation_failure|missing_neighbor|xn_transport_failure
UE10654,XYZ401,-89.0,4.0,SUCCESS,2026-07-01T10:01:43+00:00,XYZ401,XYZ403,-89.0,-83.0,4.0,4.0,-103.0,-97.0,HANDOVER,A3,INTRA_NR,SUCCESS,31.0,6,6,101,103,40,0.0,16.0,0.4,False,False,SUCCESS,MISSING,True,missing_neighbor
UE10222,XYZ401,-103.0,16.0,SUCCESS,2026-07-01T10:02:00+00:00,XYZ401,XYZ402,-103.0,-97.0,16.0,17.0,-106.0,-100.0,HANDOVER,A3,INTRA_NR,SUCCESS,36.0,8,8,101,102,40,0.0,35.0,0.25,False,False,SUCCESS,ACTIVE,False,
UE10743,XYZ408,-99.0,17.0,SUCCESS,2026-07-01T10:02:41+00:00,XYZ408,XYZ410,-99.0,-93.0,17.0,16.0,-102.0,-96.0,HANDOVER,A3,INTRA_NR,SUCCESS,38.0,6,6,108,110,40,0.0,26.0,0.1,False,False,SUCCESS,MISSING,True,missing_neighbor
UE10462,XYZ402,-120.0,14.0,WRONG_CELL,2026-07-01T10:05:22+00:00,XYZ402,XYZ403,-120.0,-139.0,14.0,4.0,-124.0,-153.0,HANDOVER,A3,INTRA_NR,HO_EXECUTION,34.0,6,2,102,103,80,1.0,37.0,3.1,False,False,FAILURE,ACTIVE,False,handover_execution_failure|coverage_induced_ho_failure
UE10544,XYZ401,-100.0,22.0,SUCCESS,2026-07-01T10:02:44+00:00,XYZ401,XYZ402,-100.0,-97.0,22.0,23.0,-103.0,-100.0,HANDOVER,A3,INTRA_NR,SUCCESS,25.0,8,8,101,102,40,0.0,18.0,0.1,False,False,SUCCESS,ACTIVE,False,
UE10275,XYZ408,-124.0,3.0,XN_FAILURE,2026-07-01T10:05:49+00:00,XYZ408,XYZ406,-124.0,-134.0,3.0,-1.0,-139.0,-153.0,HANDOVER,A3,INTER_GNB_XN,HO_PREPARATION,48.0,3,1,108,106,40,0.0,216.0,3.7,False,False,FAILURE,MISSING,True,handover_preparation_failure|missing_neighbor|xn_transport_failure|coverage_induced_ho_failure
UE10681,XYZ404,-81.0,-3.0,SUCCESS,2026-07-01T10:06:16+00:00,XYZ404,XYZ405,-81.0,-78.0,-3.0,-3.0,-102.0,-99.0,HANDOVER,A3,INTRA_NR,SUCCESS,44.0,6,6,104,105,40,2.0,16.0,0.35,False,False,SUCCESS,ACTIVE,False,
UE10139,XYZ403,-113.0,3.0,SUCCESS,2026-07-01T10:07:01+00:00,XYZ403,XYZ405,-113.0,-111.0,3.0,2.0,-128.0,-127.0,HANDOVER,A3,INTRA_NR,SUCCESS,36.0,6,6,103,105,160,2.0,33.0,0.25,False,False,SUCCESS,ACTIVE,False,
UE10356,XYZ404,-76.0,-10.0,SUCCESS,2026-07-01T10:07:09+00:00,XYZ404,XYZ405,-76.0,-74.0,-10.0,-9.0,-104.0,-101.0,HANDOVER,A3,INTRA_NR,SUCCESS,44.0,5,5,104,105,40,2.0,20.0,0.15,False,False,SUCCESS,ACTIVE,False,
UE10712,XYZ405,-107.0,5.0,SUCCESS,2026-07-01T10:09:21+00:00,XYZ405,XYZ406,-107.0,-105.0,5.0,4.0,-120.0,-119.0,HANDOVER,A3,INTRA_NR,SUCCESS,26.0,4,4,105,106,80,0.0,20.0,0.3,False,False,SUCCESS,ACTIVE,False,
UE10022,XYZ401,-125.0,7.0,XN_FAILURE,2026-07-01T10:09:29+00:00,XYZ401,XYZ403,-125.0,-134.0,7.0,4.0,-136.0,-148.0,HANDOVER,A3,INTER_GNB_XN,HO_PREPARATION,49.0,5,8,101,103,40,0.0,178.0,5.1,False,False,FAILURE,MISSING,True,handover_preparation_failure|missing_neighbor|xn_transport_failure|coverage_induced_ho_failure
UE10967,XYZ401,-86.0,-4.0,SUCCESS,2026-07-01T10:06:43+00:00,XYZ401,XYZ402,-86.0,-82.0,-4.0,-4.0,-108.0,-104.0,HANDOVER,A3,INTRA_NR,SUCCESS,28.0,8,8,101,102,40,0.0,19.0,0.4,False,False,SUCCESS,ACTIVE,False,
UE10735,XYZ403,-94.0,4.0,SUCCESS,2026-07-01T10:08:03+00:00,XYZ403,XYZ402,-94.0,-89.0,4.0,3.0,-108.0,-104.0,HANDOVER,A3,INTRA_NR,SUCCESS,37.0,2,2,103,102,160,2.0,39.0,0.05,False,False,SUCCESS,ACTIVE,False,
UE10879,XYZ406,-104.0,13.0,SUCCESS,2026-07-01T10:09:32+00:00,XYZ406,XYZ405,-104.0,-102.0,13.0,13.0,-109.0,-107.0,HANDOVER,A3,INTRA_NR,SUCCESS,38.0,7,7,106,105,120,1.0,34.0,0.15,False,False,SUCCESS,ACTIVE,False,
UE10269,XYZ401,-78.0,2.0,SUCCESS,2026-07-01T10:08:29+00:00,XYZ401,XYZ402,-78.0,-74.0,2.0,2.0,-94.0,-90.0,HANDOVER,A3,INTRA_NR,SUCCESS,37.0,5,5,101,102,40,0.0,39.0,0.35,False,False,SUCCESS,ACTIVE,False,
UE10858,XYZ402,-97.0,-2.0,SUCCESS,2026-07-01T10:11:37+00:00,XYZ402,XYZ403,-97.0,-94.0,-2.0,-2.0,-117.0,-114.0,HANDOVER,A3,INTRA_NR,SUCCESS,37.0,5,5,102,103,80,1.0,39.0,0.2,False,False,SUCCESS,ACTIVE,False,
UE10664,XYZ407,-124.0,4.0,WRONG_CELL,2026-07-01T10:11:21+00:00,XYZ407,XYZ405,-124.0,-142.0,4.0,-4.0,-138.0,-164.0,HANDOVER,A3,INTRA_NR,HO_EXECUTION,33.0,3,4,107,105,160,2.0,32.0,1.3,False,False,FAILURE,ACTIVE,False,handover_execution_failure|coverage_induced_ho_failure
UE10332,XYZ401,-86.0,24.0,XN_FAILURE,2026-07-01T10:14:52+00:00,XYZ401,XYZ403,-86.0,-102.0,24.0,20.0,-89.0,-105.0,HANDOVER,A3,INTER_GNB_XN,HO_PREPARATION,48.0,6,3,101,103,40,0.0,278.0,9.3,False,False,FAILURE,MISSING,True,handover_preparation_failure|missing_neighbor|xn_transport_failure
UE10084,XYZ407,-88.0,13.0,PING_PONG,2026-07-01T10:13:48+00:00,XYZ407,XYZ409,-88.0,-91.0,13.0,10.0,-93.0,-99.0,HANDOVER,A3,INTRA_NR,POST_HO,50.0,6,7,107,109,160,2.0,55.0,1.9,True,True,FAILURE,ACTIVE,False,ping_pong_handover|mobility_configuration_issue|post_ho_rlf|beam_instability
UE10620,XYZ404,-78.0,22.0,TOO_EARLY_HO,2026-07-01T10:16:19+00:00,XYZ404,XYZ402,-78.0,-69.0,22.0,19.0,-81.0,-72.0,HANDOVER,A3,INTRA_NR,HO_DECISION,80.0,5,7,104,102,40,2.0,29.0,0.05,False,False,FAILURE,ACTIVE,False,too_early_handover|mobility_configuration_issue
UE10030,XYZ410,-115.0,5.0,SUCCESS,2026-07-01T10:14:41+00:00,XYZ410,XYZ409,-115.0,-111.0,5.0,5.0,-128.0,-124.0,HANDOVER,A3,INTRA_NR,SUCCESS,33.0,5,5,110,109,120,2.0,15.0,0.45,False,False,SUCCESS,ACTIVE,False,
UE10740,XYZ406,-109.0,-3.0,SUCCESS,2026-07-01T10:12:48+00:00,XYZ406,XYZ404,-109.0,-107.0,-3.0,-3.0,-130.0,-128.0,HANDOVER,A3,INTRA_NR,SUCCESS,30.0,2,2,106,104,120,1.0,21.0,0.4,False,False,SUCCESS,ACTIVE,False,
UE10239,XYZ408,-83.0,18.0,PING_PONG,2026-07-01T10:13:30+00:00,XYZ408,XYZ407,-83.0,-80.0,18.0,16.0,-86.0,-83.0,HANDOVER,A3,INTRA_NR,POST_HO,63.0,6,8,108,107,40,0.0,29.0,1.1,True,False,FAILURE,ACTIVE,False,ping_pong_handover|mobility_configuration_issue|post_ho_rlf|beam_instability
UE10889,XYZ409,-118.0,12.0,TOO_LATE_HO,2026-07-01T10:17:08+00:00,XYZ409,XYZ408,-118.0,-130.0,12.0,9.0,-124.0,-139.0,HANDOVER,A5,INTRA_NR,HO_DECISION,22.0,8,8,109,108,80,1.0,25.0,0.45,True,True,FAILURE,ACTIVE,False,too_late_handover|mobility_configuration_issue|post_ho_rlf|coverage_induced_ho_failure
UE10362,XYZ406,-104.0,20.0,SUCCESS,2026-07-01T10:15:01+00:00,XYZ406,XYZ405,-104.0,-101.0,20.0,21.0,-107.0,-104.0,HANDOVER,A3,INTRA_NR,SUCCESS,39.0,8,8,106,105,120,1.0,38.0,0.05,False,False,SUCCESS,ACTIVE,False,
UE10821,XYZ409,-122.0,3.0,WRONG_CELL,2026-07-01T10:17:21+00:00,XYZ409,XYZ410,-122.0,-146.0,3.0,-5.0,-137.0,-169.0,HANDOVER,A3,INTRA_NR,HO_EXECUTION,36.0,3,5,109,110,80,1.0,35.0,1.6,False,True,FAILURE,ACTIVE,False,handover_execution_failure|post_ho_rlf|coverage_induced_ho_failure
UE10388,XYZ404,-115.0,19.0,SUCCESS,2026-07-01T10:16:48+00:00,XYZ404,XYZ405,-115.0,-112.0,19.0,18.0,-118.0,-115.0,HANDOVER,A3,INTRA_NR,SUCCESS,26.0,8,8,104,105,40,2.0,30.0,0.05,False,False,SUCCESS,ACTIVE,False,
UE10652,XYZ406,-118.0,16.0,WRONG_CELL,2026-07-01T10:18:33+00:00,XYZ406,XYZ404,-118.0,-137.0,16.0,6.0,-121.0,-149.0,HANDOVER,A3,INTRA_NR,HO_EXECUTION,41.0,1,7,106,104,120,1.0,39.0,1.5,False,False,FAILURE,ACTIVE,False,handover_execution_failure|coverage_induced_ho_failure
UE10667,XYZ408,-117.0,5.0,WRONG_CELL,2026-07-01T10:19:24+00:00,XYZ408,XYZ410,-117.0,-138.0,5.0,-3.0,-130.0,-159.0,HANDOVER,A3,INTRA_NR,HO_EXECUTION,47.0,2,5,108,110,40,0.0,36.0,0.6,False,False,FAILURE,MISSING,True,handover_execution_failure|missing_neighbor|coverage_induced_ho_failure
UE10298,XYZ409,-100.0,-5.0,SUCCESS,2026-07-01T10:22:25+00:00,XYZ409,XYZ410,-100.0,-95.0,-5.0,-4.0,-123.0,-117.0,HANDOVER,A3,INTRA_NR,SUCCESS,25.0,8,8,109,110,80,1.0,35.0,0.25,False,False,SUCCESS,ACTIVE,False,
UE10856,XYZ403,-124.0,22.0,WRONG_CELL,2026-07-01T10:22:22+00:00,XYZ403,XYZ402,-124.0,-148.0,22.0,14.0,-127.0,-152.0,HANDOVER,A3,INTRA_NR,HO_EXECUTION,39.0,6,2,103,102,160,2.0,44.0,0.7,True,False,FAILURE,ACTIVE,False,handover_execution_failure|coverage_induced_ho_failure
UE10370,XYZ402,-110.0,7.0,SUCCESS,2026-07-01T10:22:12+00:00,XYZ402,XYZ403,-110.0,-107.0,7.0,8.0,-121.0,-117.0,HANDOVER,A3,INTRA_NR,SUCCESS,41.0,4,4,102,103,80,1.0,33.0,0.4,False,False,SUCCESS,ACTIVE,False,
UE10098,XYZ406,-95.0,5.0,SUCCESS,2026-07-01T10:24:13+00:00,XYZ406,XYZ407,-95.0,-92.0,5.0,4.0,-108.0,-106.0,HANDOVER,A3,INTRA_NR,SUCCESS,25.0,1,1,106,107,120,1.0,22.0,0.15,False,False,SUCCESS,ACTIVE,False,
UE10046,XYZ404,-120.0,1.0,WRONG_CELL,2026-07-01T10:22:33+00:00,XYZ404,XYZ405,-120.0,-135.0,1.0,-8.0,-137.0,-161.0,HANDOVER,A3,INTRA_NR,HO_EXECUTION,32.0,8,3,104,105,40,2.0,54.0,2.0,False,False,FAILURE,ACTIVE,False,handover_execution_failure|coverage_induced_ho_failure
UE10998,XYZ401,-105.0,9.0,SUCCESS,2026-07-01T10:22:19+00:00,XYZ401,XYZ403,-105.0,-102.0,9.0,9.0,-114.0,-111.0,HANDOVER,A3,INTRA_NR,SUCCESS,42.0,3,3,101,103,40,0.0,25.0,0.35,False,False,SUCCESS,MISSING,True,missing_neighbor
UE10838,XYZ408,-100.0,18.0,SUCCESS,2026-07-01T10:26:07+00:00,XYZ408,XYZ410,-100.0,-94.0,18.0,17.0,-103.0,-97.0,HANDOVER,A3,INTRA_NR,SUCCESS,28.0,1,1,108,110,40,0.0,28.0,0.35,False,False,SUCCESS,MISSING,True,missing_neighbor
UE10421,XYZ409,-107.0,19.0,SUCCESS,2026-07-01T10:24:28+00:00,XYZ409,XYZ408,-107.0,-103.0,19.0,18.0,-110.0,-106.0,HANDOVER,A3,INTRA_NR,SUCCESS,36.0,5,5,109,108,80,1.0,34.0,0.15,False,False,SUCCESS,ACTIVE,False,
UE10479,XYZ409,-98.0,15.0,SUCCESS,2026-07-01T10:22:59+00:00,XYZ409,XYZ407,-98.0,-94.0,15.0,14.0,-101.0,-98.0,HANDOVER,A3,INTRA_NR,SUCCESS,28.0,6,6,109,107,80,1.0,37.0,0.1,False,False,SUCCESS,ACTIVE,False,
UE10578,XYZ402,-118.0,11.0,WRONG_CELL,2026-07-01T10:25:27+00:00,XYZ402,XYZ403,-118.0,-142.0,11.0,1.0,-125.0,-159.0,HANDOVER,A3,INTRA_NR,HO_EXECUTION,39.0,8,7,102,103,80,1.0,45.0,2.2,True,False,FAILURE,ACTIVE,False,handover_execution_failure|coverage_induced_ho_failure
UE10061,XYZ409,-112.0,22.0,SUCCESS,2026-07-01T10:28:32+00:00,XYZ409,XYZ407,-112.0,-108.0,22.0,21.0,-115.0,-111.0,HANDOVER,A3,INTRA_NR,SUCCESS,43.0,1,1,109,107,80,1.0,18.0,0.4,False,False,SUCCESS,ACTIVE,False,
UE10108,XYZ407,-102.0,18.0,SUCCESS,2026-07-01T10:27:15+00:00,XYZ407,XYZ406,-102.0,-96.0,18.0,17.0,-105.0,-99.0,HANDOVER,A3,INTRA_NR,SUCCESS,29.0,5,5,107,106,160,2.0,21.0,0.35,False,False,SUCCESS,ACTIVE,False,
UE10678,XYZ405,-78.0,11.0,SUCCESS,2026-07-01T10:27:04+00:00,XYZ405,XYZ404,-78.0,-73.0,11.0,12.0,-85.0,-79.0,HANDOVER,A3,INTRA_NR,SUCCESS,28.0,3,3,105,104,80,0.0,17.0,0.1,False,False,SUCCESS,ACTIVE,False,
UE10548,XYZ407,-82.0,2.0,SUCCESS,2026-07-01T10:26:38+00:00,XYZ407,XYZ406,-82.0,-78.0,2.0,2.0,-98.0,-94.0,HANDOVER,A3,INTRA_NR,SUCCESS,34.0,6,6,107,106,160,2.0,39.0,0.2,False,False,SUCCESS,ACTIVE,False,
UE10118,XYZ409,-89.0,-2.0,SUCCESS,2026-07-01T10:26:13+00:00,XYZ409,XYZ410,-89.0,-87.0,-2.0,-2.0,-109.0,-107.0,HANDOVER,A3,INTRA_NR,SUCCESS,27.0,4,4,109,110,80,1.0,17.0,0.4,False,False,SUCCESS,ACTIVE,False,
UE10597,XYZ408,-100.0,13.0,SUCCESS,2026-07-01T10:27:05+00:00,XYZ408,XYZ409,-100.0,-94.0,13.0,14.0,-105.0,-98.0,HANDOVER,A3,INTRA_NR,SUCCESS,38.0,1,1,108,109,40,0.0,23.0,0.0,False,False,SUCCESS,ACTIVE,False,
UE10381,XYZ406,-95.0,4.0,SUCCESS,2026-07-01T10:27:46+00:00,XYZ406,XYZ404,-95.0,-90.0,4.0,5.0,-109.0,-103.0,HANDOVER,A3,INTRA_NR,SUCCESS,39.0,2,2,106,104,120,1.0,35.0,0.05,False,False,SUCCESS,ACTIVE,False,
UE10391,XYZ404,-94.0,2.0,SUCCESS,2026-07-01T10:30:52+00:00,XYZ404,XYZ403,-94.0,-92.0,2.0,3.0,-110.0,-107.0,HANDOVER,A3,INTRA_NR,SUCCESS,36.0,6,6,104,103,40,2.0,16.0,0.25,False,False,SUCCESS,ACTIVE,False,
UE10976,XYZ401,-76.0,16.0,TOO_EARLY_HO,2026-07-01T10:33:35+00:00,XYZ401,XYZ402,-76.0,-67.0,16.0,12.0,-79.0,-73.0,HANDOVER,A3,INTRA_NR,HO_DECISION,83.0,8,6,101,102,40,0.0,60.0,0.05,False,False,FAILURE,ACTIVE,False,too_early_handover|mobility_configuration_issue
UE10051,XYZ406,-85.0,-4.0,SUCCESS,2026-07-01T10:31:39+00:00,XYZ406,XYZ404,-85.0,-83.0,-4.0,-4.0,-107.0,-105.0,HANDOVER,A3,INTRA_NR,SUCCESS,31.0,3,3,106,104,120,1.0,18.0,0.25,False,False,SUCCESS,ACTIVE,False,
UE10602,XYZ403,-124.0,-3.0,WRONG_CELL,2026-07-01T10:31:02+00:00,XYZ403,XYZ405,-124.0,-143.0,-3.0,-11.0,-145.0,-172.0,HANDOVER,A3,INTRA_NR,HO_EXECUTION,42.0,6,8,103,105,160,2.0,41.0,3.0,True,False,FAILURE,ACTIVE,False,handover_execution_failure|coverage_induced_ho_failure|interference_induced_ho_failure
UE10288,XYZ406,-101.0,3.0,SUCCESS,2026-07-01T10:35:04+00:00,XYZ406,XYZ408,-101.0,-97.0,3.0,3.0,-116.0,-112.0,HANDOVER,A3,INTRA_NR,SUCCESS,42.0,5,5,106,108,120,1.0,22.0,0.0,False,False,SUCCESS,ACTIVE,False,
UE10336,XYZ406,-82.0,1.0,SUCCESS,2026-07-01T10:35:22+00:00,XYZ406,XYZ408,-82.0,-79.0,1.0,2.0,-99.0,-95.0,HANDOVER,A3,INTRA_NR,SUCCESS,45.0,4,4,106,108,120,1.0,20.0,0.15,False,False,SUCCESS,ACTIVE,False,
UE10809,XYZ404,-124.0,6.0,PING_PONG,2026-07-01T10:34:18+00:00,XYZ404,XYZ402,-124.0,-123.0,6.0,2.0,-136.0,-139.0,HANDOVER,A3,INTRA_NR,POST_HO,53.0,3,7,104,102,40,2.0,48.0,2.4,True,False,FAILURE,ACTIVE,False,ping_pong_handover|mobility_configuration_issue|post_ho_rlf|coverage_induced_ho_failure|beam_instability
UE10203,XYZ402,-84.0,18.0,TOO_EARLY_HO,2026-07-01T10:35:07+00:00,XYZ402,XYZ403,-84.0,-77.0,18.0,14.0,-87.0,-81.0,HANDOVER,A3,INTRA_NR,HO_DECISION,91.0,8,1,102,103,80,1.0,30.0,0.45,False,False,FAILURE,ACTIVE,False,too_early_handover|mobility_configuration_issue
UE10879,XYZ409,-125.0,16.0,WRONG_CELL,2026-07-01T10:34:49+00:00,XYZ409,XYZ410,-125.0,-145.0,16.0,6.0,-128.0,-157.0,HANDOVER,A3,INTRA_NR,HO_EXECUTION,43.0,7,4,109,110,80,1.0,25.0,2.9,False,False,FAILURE,ACTIVE,False,handover_execution_failure|coverage_induced_ho_failure
UE10237,XYZ402,-90.0,-10.0,SUCCESS,2026-07-01T10:34:48+00:00,XYZ402,XYZ403,-90.0,-86.0,-10.0,-10.0,-118.0,-114.0,HANDOVER,A3,INTRA_NR,SUCCESS,35.0,4,4,102,103,80,1.0,34.0,0.15,False,False,SUCCESS,ACTIVE,False,
UE10381,XYZ403,-114.0,23.0,PING_PONG,2026-07-01T10:34:33+00:00,XYZ403,XYZ405,-114.0,-116.0,23.0,21.0,-117.0,-119.0,HANDOVER,A3,INTRA_NR,POST_HO,59.0,2,4,103,105,160,2.0,37.0,1.1,True,True,FAILURE,ACTIVE,False,ping_pong_handover|mobility_configuration_issue|post_ho_rlf|coverage_induced_ho_failure|beam_instability
UE10666,XYZ410,-117.0,-7.0,WRONG_CELL,2026-07-01T10:39:08+00:00,XYZ410,XYZ408,-117.0,-132.0,-7.0,-15.0,-142.0,-165.0,HANDOVER,A3,INTRA_NR,HO_EXECUTION,45.0,1,3,110,108,120,2.0,31.0,1.1,True,True,FAILURE,ACTIVE,False,handover_execution_failure|post_ho_rlf|coverage_induced_ho_failure|interference_induced_ho_failure
UE10751,XYZ401,-90.0,13.0,TOO_EARLY_HO,2026-07-01T10:39:06+00:00,XYZ401,XYZ403,-90.0,-80.0,13.0,11.0,-95.0,-87.0,HANDOVER,A3,INTRA_NR,HO_DECISION,81.0,1,7,101,103,40,0.0,33.0,0.05,False,False,FAILURE,MISSING,True,too_early_handover|mobility_configuration_issue|missing_neighbor
UE10135,XYZ407,-85.0,10.0,PREP_FAILURE,2026-07-01T10:39:31+00:00,XYZ407,XYZ408,-85.0,-98.0,10.0,6.0,-93.0,-110.0,HANDOVER,A3,INTRA_NR,HO_PREPARATION,52.0,8,1,107,108,160,2.0,54.0,5.6,False,False,FAILURE,MISSING,True,handover_preparation_failure|missing_neighbor
UE10406,XYZ401,-98.0,22.0,SUCCESS,2026-07-01T10:40:45+00:00,XYZ401,XYZ403,-98.0,-95.0,22.0,21.0,-101.0,-98.0,HANDOVER,A3,INTRA_NR,SUCCESS,44.0,7,7,101,103,40,0.0,34.0,0.3,False,False,SUCCESS,MISSING,True,missing_neighbor
UE10507,XYZ409,-88.0,-4.0,PREP_FAILURE,2026-07-01T10:38:07+00:00,XYZ409,XYZ407,-88.0,-104.0,-4.0,-8.0,-110.0,-130.0,HANDOVER,A3,INTRA_NR,HO_PREPARATION,50.0,5,4,109,107,80,1.0,43.0,4.8,False,False,FAILURE,ACTIVE,False,handover_preparation_failure|interference_induced_ho_failure
UE10361,XYZ401,-93.0,-10.0,PREP_FAILURE,2026-07-01T10:41:10+00:00,XYZ401,XYZ403,-93.0,-109.0,-10.0,-14.0,-121.0,-141.0,HANDOVER,A3,INTRA_NR,HO_PREPARATION,40.0,1,3,101,103,40,0.0,97.0,6.9,False,False,FAILURE,MISSING,True,handover_preparation_failure|missing_neighbor|interference_induced_ho_failure
UE10380,XYZ405,-84.0,-8.0,SUCCESS,2026-07-01T10:38:39+00:00,XYZ405,XYZ406,-84.0,-81.0,-8.0,-7.0,-110.0,-106.0,HANDOVER,A3,INTRA_NR,SUCCESS,33.0,3,3,105,106,80,0.0,21.0,0.2,False,False,SUCCESS,ACTIVE,False,
UE10880,XYZ407,-80.0,4.0,SUCCESS,2026-07-01T10:42:45+00:00,XYZ407,XYZ406,-80.0,-77.0,4.0,3.0,-94.0,-92.0,HANDOVER,A3,INTRA_NR,SUCCESS,39.0,7,7,107,106,160,2.0,27.0,0.4,False,False,SUCCESS,ACTIVE,False,
UE10575,XYZ403,-104.0,20.0,SUCCESS,2026-07-01T10:41:08+00:00,XYZ403,XYZ402,-104.0,-98.0,20.0,21.0,-107.0,-101.0,HANDOVER,A3,INTRA_NR,SUCCESS,33.0,8,8,103,102,160,2.0,30.0,0.05,False,False,SUCCESS,ACTIVE,False,
UE10634,XYZ409,-101.0,5.0,SUCCESS,2026-07-01T10:41:29+00:00,XYZ409,XYZ407,-101.0,-99.0,5.0,4.0,-114.0,-113.0,HANDOVER,A3,INTRA_NR,SUCCESS,37.0,3,3,109,107,80,1.0,25.0,0.35,False,False,SUCCESS,ACTIVE,False,
UE10253,XYZ408,-108.0,-1.0,SUCCESS,2026-07-01T10:42:55+00:00,XYZ408,XYZ407,-108.0,-102.0,-1.0,-1.0,-127.0,-121.0,HANDOVER,A3,INTRA_NR,SUCCESS,40.0,7,7,108,107,40,0.0,16.0,0.25,False,False,SUCCESS,ACTIVE,False,
UE10476,XYZ403,-120.0,18.0,WRONG_CELL,2026-07-01T10:41:35+00:00,XYZ403,XYZ401,-120.0,-138.0,18.0,10.0,-123.0,-146.0,HANDOVER,A3,INTRA_NR,HO_EXECUTION,31.0,4,8,103,101,160,2.0,60.0,2.7,True,False,FAILURE,ACTIVE,False,handover_execution_failure|coverage_induced_ho_failure
UE10113,XYZ405,-108.0,-5.0,SUCCESS,2026-07-01T10:46:54+00:00,XYZ405,XYZ403,-108.0,-104.0,-5.0,-6.0,-131.0,-128.0,HANDOVER,A3,INTRA_NR,SUCCESS,33.0,2,2,105,103,80,0.0,18.0,0.0,False,False,SUCCESS,MISSING,True,missing_neighbor
UE10019,XYZ407,-110.0,18.0,SUCCESS,2026-07-01T10:47:09+00:00,XYZ407,XYZ405,-110.0,-105.0,18.0,19.0,-113.0,-108.0,HANDOVER,A3,INTRA_NR,SUCCESS,28.0,8,8,107,105,160,2.0,34.0,0.25,False,False,SUCCESS,ACTIVE,False,
UE10527,XYZ404,-111.0,6.0,SUCCESS,2026-07-01T10:48:00+00:00,XYZ404,XYZ405,-111.0,-107.0,6.0,5.0,-123.0,-120.0,HANDOVER,A3,INTRA_NR,SUCCESS,43.0,5,5,104,105,40,2.0,19.0,0.1,False,False,SUCCESS,ACTIVE,False,
UE10144,XYZ405,-78.0,11.0,SUCCESS,2026-07-01T10:47:47+00:00,XYZ405,XYZ407,-78.0,-72.0,11.0,10.0,-85.0,-80.0,HANDOVER,A3,INTRA_NR,SUCCESS,39.0,8,8,105,107,80,0.0,32.0,0.15,False,False,SUCCESS,MISSING,True,missing_neighbor
UE10207,XYZ403,-118.0,13.0,WRONG_CELL,2026-07-01T10:48:26+00:00,XYZ403,XYZ402,-118.0,-136.0,13.0,4.0,-123.0,-150.0,HANDOVER,A3,INTRA_NR,HO_EXECUTION,46.0,5,4,103,102,160,2.0,52.0,2.4,False,False,FAILURE,ACTIVE,False,handover_execution_failure|coverage_induced_ho_failure
UE10530,XYZ409,-113.0,6.0,SUCCESS,2026-07-01T10:45:27+00:00,XYZ409,XYZ407,-113.0,-110.0,6.0,6.0,-125.0,-122.0,HANDOVER,A3,INTRA_NR,SUCCESS,30.0,1,1,109,107,80,1.0,31.0,0.15,False,False,SUCCESS,ACTIVE,False,
UE10375,XYZ410,-83.0,10.0,SUCCESS,2026-07-01T10:49:28+00:00,XYZ410,XYZ409,-83.0,-80.0,10.0,11.0,-91.0,-87.0,HANDOVER,A3,INTRA_NR,SUCCESS,28.0,6,6,110,109,120,2.0,38.0,0.45,False,False,SUCCESS,ACTIVE,False,
UE10503,XYZ409,-119.0,0.0,WRONG_CELL,2026-07-01T10:50:54+00:00,XYZ409,XYZ408,-119.0,-140.0,0.0,-8.0,-137.0,-166.0,HANDOVER,A3,INTRA_NR,HO_EXECUTION,31.0,6,1,109,108,80,1.0,57.0,0.9,True,False,FAILURE,ACTIVE,False,handover_execution_failure|coverage_induced_ho_failure
UE10903,XYZ407,-109.0,-4.0,SUCCESS,2026-07-01T10:49:06+00:00,XYZ407,XYZ405,-109.0,-107.0,-4.0,-4.0,-131.0,-129.0,HANDOVER,A3,INTRA_NR,SUCCESS,34.0,1,1,107,105,160,2.0,26.0,0.1,False,False,SUCCESS,ACTIVE,False,
UE10165,XYZ410,-76.0,-6.0,TOO_LATE_HO,2026-07-01T10:49:58+00:00,XYZ410,XYZ409,-76.0,-94.0,-6.0,-9.0,-100.0,-121.0,HANDOVER,A5,INTRA_NR,HO_DECISION,23.0,5,4,110,109,120,2.0,49.0,0.0,False,True,FAILURE,ACTIVE,False,too_late_handover|mobility_configuration_issue|post_ho_rlf|interference_induced_ho_failure
UE10549,XYZ402,-94.0,10.0,SUCCESS,2026-07-01T10:49:48+00:00,XYZ402,XYZ403,-94.0,-92.0,10.0,10.0,-102.0,-100.0,HANDOVER,A3,INTRA_NR,SUCCESS,42.0,3,3,102,103,80,1.0,39.0,0.2,False,False,SUCCESS,ACTIVE,False,
UE10180,XYZ407,-104.0,7.0,SUCCESS,2026-07-01T10:53:36+00:00,XYZ407,XYZ405,-104.0,-100.0,7.0,6.0,-115.0,-112.0,HANDOVER,A3,INTRA_NR,SUCCESS,26.0,2,2,107,105,160,2.0,37.0,0.0,False,False,SUCCESS,ACTIVE,False,
UE10860,XYZ407,-113.0,24.0,SUCCESS,2026-07-01T10:53:52+00:00,XYZ407,XYZ409,-113.0,-111.0,24.0,24.0,-116.0,-114.0,HANDOVER,A3,INTRA_NR,SUCCESS,38.0,5,5,107,109,160,2.0,27.0,0.4,False,False,SUCCESS,ACTIVE,False,
UE10616,XYZ405,-79.0,9.0,SUCCESS,2026-07-01T10:52:18+00:00,XYZ405,XYZ406,-79.0,-74.0,9.0,8.0,-88.0,-84.0,HANDOVER,A3,INTRA_NR,SUCCESS,43.0,4,4,105,106,80,0.0,25.0,0.3,False,False,SUCCESS,ACTIVE,False,
UE10611,XYZ409,-103.0,4.0,SUCCESS,2026-07-01T10:51:25+00:00,XYZ409,XYZ410,-103.0,-101.0,4.0,5.0,-117.0,-114.0,HANDOVER,A3,INTRA_NR,SUCCESS,42.0,7,7,109,110,80,1.0,17.0,0.3,False,False,SUCCESS,ACTIVE,False,
UE10601,XYZ403,-97.0,-6.0,SUCCESS,2026-07-01T10:54:15+00:00,XYZ403,XYZ404,-97.0,-91.0,-6.0,-6.0,-121.0,-115.0,HANDOVER,A3,INTRA_NR,SUCCESS,35.0,8,8,103,104,160,2.0,18.0,0.15,False,False,SUCCESS,ACTIVE,False,
UE10926,XYZ404,-104.0,2.0,SUCCESS,2026-07-01T10:53:14+00:00,XYZ404,XYZ403,-104.0,-98.0,2.0,3.0,-120.0,-113.0,HANDOVER,A3,INTRA_NR,SUCCESS,31.0,6,6,104,103,40,2.0,32.0,0.2,False,False,SUCCESS,ACTIVE,False,
UE10811,XYZ401,-125.0,1.0,XN_FAILURE,2026-07-01T10:56:43+00:00,XYZ401,XYZ403,-125.0,-138.0,1.0,-3.0,-142.0,-159.0,HANDOVER,A3,INTER_GNB_XN,HO_PREPARATION,53.0,3,4,101,103,40,0.0,292.0,2.3,False,False,FAILURE,MISSING,True,handover_preparation_failure|missing_neighbor|xn_transport_failure|coverage_induced_ho_failure
UE10443,XYZ406,-97.0,10.0,SUCCESS,2026-07-01T10:56:00+00:00,XYZ406,XYZ405,-97.0,-92.0,10.0,11.0,-105.0,-99.0,HANDOVER,A3,INTRA_NR,SUCCESS,39.0,3,3,106,105,120,1.0,28.0,0.05,False,False,SUCCESS,ACTIVE,False,
UE10331,XYZ404,-78.0,-5.0,SUCCESS,2026-07-01T10:55:08+00:00,XYZ404,XYZ403,-78.0,-76.0,-5.0,-5.0,-101.0,-99.0,HANDOVER,A3,INTRA_NR,SUCCESS,28.0,2,2,104,103,40,2.0,26.0,0.15,False,False,SUCCESS,ACTIVE,False,
UE10502,XYZ401,-121.0,-4.0,XN_FAILURE,2026-07-01T10:55:04+00:00,XYZ401,XYZ403,-121.0,-136.0,-4.0,-7.0,-143.0,-161.0,HANDOVER,A3,INTER_GNB_XN,HO_PREPARATION,42.0,6,5,101,103,40,0.0,257.0,4.5,False,False,FAILURE,MISSING,True,handover_preparation_failure|missing_neighbor|xn_transport_failure|coverage_induced_ho_failure|interference_induced_ho_failure
UE10912,XYZ402,-91.0,15.0,TOO_EARLY_HO,2026-07-01T10:59:02+00:00,XYZ402,XYZ403,-91.0,-82.0,15.0,11.0,-94.0,-89.0,HANDOVER,A3,INTRA_NR,HO_DECISION,76.0,1,7,102,103,80,1.0,46.0,0.25,False,False,FAILURE,ACTIVE,False,too_early_handover|mobility_configuration_issue
UE10078,XYZ403,-116.0,-3.0,WRONG_CELL,2026-07-01T11:00:41+00:00,XYZ403,XYZ404,-116.0,-133.0,-3.0,-13.0,-137.0,-164.0,HANDOVER,A3,INTRA_NR,HO_EXECUTION,32.0,1,8,103,104,160,2.0,43.0,3.0,False,True,FAILURE,ACTIVE,False,handover_execution_failure|post_ho_rlf|coverage_induced_ho_failure|interference_induced_ho_failure
UE10584,XYZ409,-107.0,-2.0,SUCCESS,2026-07-01T10:58:29+00:00,XYZ409,XYZ408,-107.0,-103.0,-2.0,-3.0,-127.0,-124.0,HANDOVER,A3,INTRA_NR,SUCCESS,26.0,4,4,109,108,80,1.0,18.0,0.05,False,False,SUCCESS,ACTIVE,False,
UE10934,XYZ408,-89.0,16.0,TOO_EARLY_HO,2026-07-01T11:00:55+00:00,XYZ408,XYZ406,-89.0,-78.0,16.0,13.0,-92.0,-83.0,HANDOVER,A3,INTRA_NR,HO_DECISION,83.0,5,1,108,106,40,0.0,26.0,0.25,False,False,FAILURE,MISSING,True,too_early_handover|mobility_configuration_issue|missing_neighbor
UE10937,XYZ407,-119.0,-7.0,WRONG_CELL,2026-07-01T10:58:02+00:00,XYZ407,XYZ409,-119.0,-140.0,-7.0,-15.0,-144.0,-173.0,HANDOVER,A3,INTRA_NR,HO_EXECUTION,31.0,5,1,107,109,160,2.0,35.0,2.9,False,False,FAILURE,ACTIVE,False,handover_execution_failure|coverage_induced_ho_failure|interference_induced_ho_failure
UE10687,XYZ404,-80.0,10.0,SUCCESS,2026-07-01T10:59:46+00:00,XYZ404,XYZ403,-80.0,-75.0,10.0,10.0,-88.0,-83.0,HANDOVER,A3,INTRA_NR,SUCCESS,41.0,8,8,104,103,40,2.0,29.0,0.3,False,False,SUCCESS,ACTIVE,False,
UE10395,XYZ401,-91.0,20.0,PREP_FAILURE,2026-07-01T10:59:55+00:00,XYZ401,XYZ403,-91.0,-101.0,20.0,16.0,-94.0,-104.0,HANDOVER,A3,INTRA_NR,HO_PREPARATION,40.0,7,6,101,103,40,0.0,25.0,7.6,False,False,FAILURE,MISSING,True,handover_preparation_failure|missing_neighbor
UE10607,XYZ408,-81.0,10.0,TOO_LATE_HO,2026-07-01T11:04:24+00:00,XYZ408,XYZ406,-81.0,-92.0,10.0,8.0,-89.0,-102.0,HANDOVER,A5,INTRA_NR,HO_DECISION,23.0,7,5,108,106,40,0.0,58.0,0.0,False,False,FAILURE,MISSING,True,too_late_handover|mobility_configuration_issue|missing_neighbor
UE10856,XYZ404,-113.0,14.0,PING_PONG,2026-07-01T11:04:18+00:00,XYZ404,XYZ402,-113.0,-111.0,14.0,12.0,-117.0,-117.0,HANDOVER,A3,INTRA_NR,POST_HO,54.0,6,2,104,102,40,2.0,44.0,0.7,True,True,FAILURE,ACTIVE,False,ping_pong_handover|mobility_configuration_issue|post_ho_rlf|coverage_induced_ho_failure|beam_instability
UE10102,XYZ403,-116.0,4.0,PING_PONG,2026-07-01T11:01:41+00:00,XYZ403,XYZ404,-116.0,-119.0,4.0,2.0,-130.0,-135.0,HANDOVER,A3,INTRA_NR,POST_HO,56.0,2,3,103,104,160,2.0,58.0,0.4,True,False,FAILURE,ACTIVE,False,ping_pong_handover|mobility_configuration_issue|post_ho_rlf|coverage_induced_ho_failure|beam_instability
UE10401,XYZ409,-124.0,24.0,WRONG_CELL,2026-07-01T11:01:46+00:00,XYZ409,XYZ408,-124.0,-144.0,24.0,16.0,-127.0,-147.0,HANDOVER,A3,INTRA_NR,HO_EXECUTION,36.0,5,8,109,108,80,1.0,46.0,0.9,False,False,FAILURE,ACTIVE,False,handover_execution_failure|coverage_induced_ho_failure
UE10974,XYZ410,-120.0,17.0,WRONG_CELL,2026-07-01T11:04:20+00:00,XYZ410,XYZ408,-120.0,-138.0,17.0,7.0,-123.0,-149.0,HANDOVER,A3,INTRA_NR,HO_EXECUTION,38.0,7,2,110,108,120,2.0,64.0,0.8,False,False,FAILURE,ACTIVE,False,handover_execution_failure|coverage_induced_ho_failure
UE10223,XYZ404,-118.0,3.0,WRONG_CELL,2026-07-01T11:05:16+00:00,XYZ404,XYZ403,-118.0,-134.0,3.0,-7.0,-133.0,-159.0,HANDOVER,A3,INTRA_NR,HO_EXECUTION,45.0,2,3,104,103,40,2.0,55.0,2.5,False,True,FAILURE,ACTIVE,False,handover_execution_failure|post_ho_rlf|coverage_induced_ho_failure
UE10517,XYZ404,-90.0,-7.0,SUCCESS,2026-07-01T11:04:45+00:00,XYZ404,XYZ405,-90.0,-87.0,-7.0,-7.0,-115.0,-112.0,HANDOVER,A3,INTRA_NR,SUCCESS,42.0,4,4,104,105,40,2.0,33.0,0.2,False,False,SUCCESS,ACTIVE,False,
UE10633,XYZ409,-101.0,9.0,XN_FAILURE,2026-07-01T11:04:05+00:00,XYZ409,XYZ408,-101.0,-113.0,9.0,6.0,-110.0,-125.0,HANDOVER,A3,INTER_GNB_XN,HO_PREPARATION,48.0,1,7,109,108,80,1.0,265.0,6.6,False,False,FAILURE,ACTIVE,False,handover_preparation_failure|xn_transport_failure|coverage_induced_ho_failure
UE10235,XYZ402,-82.0,23.0,TOO_EARLY_HO,2026-07-01T11:04:32+00:00,XYZ402,XYZ403,-82.0,-73.0,23.0,21.0,-85.0,-76.0,HANDOVER,A3,INTRA_NR,HO_DECISION,91.0,4,6,102,103,80,1.0,53.0,0.2,False,False,FAILURE,ACTIVE,False,too_early_handover|mobility_configuration_issue
UE10426,XYZ405,-79.0,1.0,PING_PONG,2026-07-01T11:08:30+00:00,XYZ405,XYZ403,-79.0,-78.0,1.0,-1.0,-96.0,-97.0,HANDOVER,A3,INTRA_NR,POST_HO,45.0,7,2,105,103,80,0.0,38.0,0.9,True,False,FAILURE,MISSING,True,ping_pong_handover|mobility_configuration_issue|missing_neighbor|post_ho_rlf|beam_instability
UE10115,XYZ404,-86.0,22.0,PREP_FAILURE,2026-07-01T11:07:27+00:00,XYZ404,XYZ405,-86.0,-103.0,22.0,20.0,-89.0,-106.0,HANDOVER,A3,INTRA_NR,HO_PREPARATION,35.0,3,2,104,105,40,2.0,47.0,8.5,False,False,FAILURE,MISSING,True,handover_preparation_failure|missing_neighbor
UE10162,XYZ409,-119.0,13.0,TOO_LATE_HO,2026-07-01T11:08:59+00:00,XYZ409,XYZ410,-119.0,-131.0,13.0,10.0,-124.0,-139.0,HANDOVER,A5,INTRA_NR,HO_DECISION,15.0,6,3,109,110,80,1.0,48.0,0.05,False,True,FAILURE,ACTIVE,False,too_late_handover|mobility_configuration_issue|post_ho_rlf|coverage_induced_ho_failure
UE10225,XYZ405,-80.0,9.0,XN_FAILURE,2026-07-01T11:10:49+00:00,XYZ405,XYZ403,-80.0,-98.0,9.0,6.0,-89.0,-110.0,HANDOVER,A3,INTER_GNB_XN,HO_PREPARATION,45.0,8,7,105,103,80,0.0,148.0,4.9,False,False,FAILURE,MISSING,True,handover_preparation_failure|missing_neighbor|xn_transport_failure
UE10229,XYZ409,-103.0,-6.0,SUCCESS,2026-07-01T11:08:45+00:00,XYZ409,XYZ408,-103.0,-101.0,-6.0,-5.0,-127.0,-124.0,HANDOVER,A3,INTRA_NR,SUCCESS,37.0,6,6,109,108,80,1.0,26.0,0.25,False,False,SUCCESS,ACTIVE,False,
UE10181,XYZ409,-107.0,19.0,SUCCESS,2026-07-01T11:08:38+00:00,XYZ409,XYZ408,-107.0,-103.0,19.0,18.0,-110.0,-106.0,HANDOVER,A3,INTRA_NR,SUCCESS,40.0,7,7,109,108,80,1.0,18.0,0.25,False,False,SUCCESS,ACTIVE,False,
UE10248,XYZ402,-80.0,13.0,TOO_EARLY_HO,2026-07-01T11:11:27+00:00,XYZ402,XYZ403,-80.0,-71.0,13.0,9.0,-85.0,-80.0,HANDOVER,A3,INTRA_NR,HO_DECISION,92.0,5,3,102,103,80,1.0,30.0,0.15,False,False,FAILURE,ACTIVE,False,too_early_handover|mobility_configuration_issue
UE10317,XYZ409,-104.0,-4.0,SUCCESS,2026-07-01T11:12:11+00:00,XYZ409,XYZ410,-104.0,-98.0,-4.0,-4.0,-126.0,-120.0,HANDOVER,A3,INTRA_NR,SUCCESS,36.0,3,3,109,110,80,1.0,23.0,0.3,False,False,SUCCESS,ACTIVE,False,
UE10964,XYZ403,-113.0,5.0,SUCCESS,2026-07-01T11:11:39+00:00,XYZ403,XYZ405,-113.0,-108.0,5.0,5.0,-126.0,-121.0,HANDOVER,A3,INTRA_NR,SUCCESS,26.0,8,8,103,105,160,2.0,25.0,0.4,False,False,SUCCESS,ACTIVE,False,
UE10209,XYZ404,-105.0,4.0,PREP_FAILURE,2026-07-01T11:14:43+00:00,XYZ404,XYZ402,-105.0,-114.0,4.0,1.0,-119.0,-131.0,HANDOVER,A3,INTRA_NR,HO_PREPARATION,42.0,2,3,104,102,40,2.0,37.0,3.1,False,False,FAILURE,MISSING,True,handover_preparation_failure|missing_neighbor|coverage_induced_ho_failure
UE10655,XYZ401,-125.0,12.0,XN_FAILURE,2026-07-01T11:14:24+00:00,XYZ401,XYZ403,-125.0,-137.0,12.0,9.0,-131.0,-146.0,HANDOVER,A3,INTER_GNB_XN,HO_PREPARATION,40.0,7,6,101,103,40,0.0,146.0,8.5,False,False,FAILURE,MISSING,True,handover_preparation_failure|missing_neighbor|xn_transport_failure|coverage_induced_ho_failure
UE10391,XYZ401,-107.0,1.0,SUCCESS,2026-07-01T11:14:39+00:00,XYZ401,XYZ402,-107.0,-102.0,1.0,0.0,-124.0,-120.0,HANDOVER,A3,INTRA_NR,SUCCESS,36.0,6,6,101,102,40,0.0,16.0,0.25,False,False,SUCCESS,ACTIVE,False,
UE10856,XYZ401,-93.0,18.0,TOO_EARLY_HO,2026-07-01T11:16:38+00:00,XYZ401,XYZ403,-93.0,-86.0,18.0,16.0,-96.0,-89.0,HANDOVER,A3,INTRA_NR,HO_DECISION,84.0,6,2,101,103,40,0.0,44.0,0.05,False,False,FAILURE,MISSING,True,too_early_handover|mobility_configuration_issue|missing_neighbor
UE10095,XYZ409,-122.0,4.0,WRONG_CELL,2026-07-01T11:14:22+00:00,XYZ409,XYZ410,-122.0,-144.0,4.0,-6.0,-136.0,-168.0,HANDOVER,A3,INTRA_NR,HO_EXECUTION,41.0,6,2,109,110,80,1.0,56.0,0.7,False,True,FAILURE,ACTIVE,False,handover_execution_failure|post_ho_rlf|coverage_induced_ho_failure
UE10893,XYZ408,-84.0,18.0,TOO_EARLY_HO,2026-07-01T11:17:18+00:00,XYZ408,XYZ406,-84.0,-74.0,18.0,15.0,-87.0,-77.0,HANDOVER,A3,INTRA_NR,HO_DECISION,78.0,2,3,108,106,40,0.0,41.0,0.15,False,False,FAILURE,MISSING,True,too_early_handover|mobility_configuration_issue|missing_neighbor
UE10857,XYZ405,-123.0,10.0,WRONG_CELL,2026-07-01T11:18:25+00:00,XYZ405,XYZ407,-123.0,-141.0,10.0,0.0,-131.0,-159.0,HANDOVER,A3,INTRA_NR,HO_EXECUTION,41.0,2,7,105,107,80,0.0,37.0,0.8,False,False,FAILURE,MISSING,True,handover_execution_failure|missing_neighbor|coverage_induced_ho_failure
UE10755,XYZ405,-99.0,4.0,SUCCESS,2026-07-01T11:19:19+00:00,XYZ405,XYZ404,-99.0,-94.0,4.0,5.0,-113.0,-107.0,HANDOVER,A3,INTRA_NR,SUCCESS,37.0,4,4,105,104,80,0.0,18.0,0.35,False,False,SUCCESS,ACTIVE,False,
UE10085,XYZ409,-85.0,3.0,SUCCESS,2026-07-01T11:16:51+00:00,XYZ409,XYZ407,-85.0,-83.0,3.0,4.0,-100.0,-97.0,HANDOVER,A3,INTRA_NR,SUCCESS,42.0,8,8,109,107,80,1.0,35.0,0.1,False,False,SUCCESS,ACTIVE,False,
UE10414,XYZ403,-91.0,5.0,SUCCESS,2026-07-01T11:19:13+00:00,XYZ403,XYZ402,-91.0,-85.0,5.0,4.0,-104.0,-99.0,HANDOVER,A3,INTRA_NR,SUCCESS,36.0,3,3,103,102,160,2.0,32.0,0.2,False,False,SUCCESS,ACTIVE,False,
UE10393,XYZ403,-98.0,4.0,SUCCESS,2026-07-01T11:17:30+00:00,XYZ403,XYZ402,-98.0,-95.0,4.0,3.0,-112.0,-110.0,HANDOVER,A3,INTRA_NR,SUCCESS,32.0,2,2,103,102,160,2.0,33.0,0.1,False,False,SUCCESS,ACTIVE,False,
UE10695,XYZ407,-120.0,-7.0,WRONG_CELL,2026-07-01T11:21:48+00:00,XYZ407,XYZ408,-120.0,-141.0,-7.0,-15.0,-145.0,-174.0,HANDOVER,A3,INTRA_NR,HO_EXECUTION,49.0,6,6,107,108,160,2.0,32.0,0.9,True,False,FAILURE,ACTIVE,False,handover_execution_failure|coverage_induced_ho_failure|interference_induced_ho_failure
UE10632,XYZ409,-120.0,16.0,WRONG_CELL,2026-07-01T11:21:33+00:00,XYZ409,XYZ410,-120.0,-142.0,16.0,6.0,-123.0,-154.0,HANDOVER,A3,INTRA_NR,HO_EXECUTION,39.0,5,6,109,110,80,1.0,34.0,1.9,False,False,FAILURE,ACTIVE,False,handover_execution_failure|coverage_induced_ho_failure
UE10843,XYZ406,-82.0,12.0,SUCCESS,2026-07-01T11:21:59+00:00,XYZ406,XYZ404,-82.0,-80.0,12.0,13.0,-88.0,-85.0,HANDOVER,A3,INTRA_NR,SUCCESS,29.0,8,8,106,104,120,1.0,28.0,0.1,False,False,SUCCESS,ACTIVE,False,
UE10500,XYZ402,-103.0,18.0,SUCCESS,2026-07-01T11:21:29+00:00,XYZ402,XYZ403,-103.0,-99.0,18.0,18.0,-106.0,-102.0,HANDOVER,A3,INTRA_NR,SUCCESS,39.0,2,2,102,103,80,1.0,31.0,0.4,False,False,SUCCESS,ACTIVE,False,
UE10603,XYZ401,-93.0,-2.0,TOO_LATE_HO,2026-07-01T11:22:38+00:00,XYZ401,XYZ402,-93.0,-104.0,-2.0,-4.0,-113.0,-126.0,HANDOVER,A5,INTRA_NR,HO_DECISION,10.0,4,5,101,102,40,0.0,40.0,0.35,False,False,FAILURE,ACTIVE,False,too_late_handover|mobility_configuration_issue|interference_induced_ho_failure
UE10581,XYZ402,-110.0,-4.0,SUCCESS,2026-07-01T11:24:32+00:00,XYZ402,XYZ403,-110.0,-107.0,-4.0,-4.0,-132.0,-129.0,HANDOVER,A3,INTRA_NR,SUCCESS,42.0,4,4,102,103,80,1.0,32.0,0.3,False,False,SUCCESS,ACTIVE,False,
UE10915,XYZ401,-102.0,-7.0,SUCCESS,2026-07-01T11:25:12+00:00,XYZ401,XYZ403,-102.0,-97.0,-7.0,-7.0,-127.0,-122.0,HANDOVER,A3,INTRA_NR,SUCCESS,42.0,8,8,101,103,40,0.0,18.0,0.25,False,False,SUCCESS,MISSING,True,missing_neighbor
UE10132,XYZ410,-121.0,-6.0,WRONG_CELL,2026-07-01T11:24:59+00:00,XYZ410,XYZ409,-121.0,-143.0,-6.0,-15.0,-145.0,-176.0,HANDOVER,A3,INTRA_NR,HO_EXECUTION,49.0,7,5,110,109,120,2.0,29.0,2.7,False,False,FAILURE,ACTIVE,False,handover_execution_failure|coverage_induced_ho_failure|interference_induced_ho_failure
UE10790,XYZ410,-85.0,-6.0,SUCCESS,2026-07-01T11:26:31+00:00,XYZ410,XYZ408,-85.0,-80.0,-6.0,-7.0,-109.0,-105.0,HANDOVER,A3,INTRA_NR,SUCCESS,40.0,1,1,110,108,120,2.0,33.0,0.15,False,False,SUCCESS,ACTIVE,False,
UE10648,XYZ409,-84.0,0.0,PING_PONG,2026-07-01T11:25:40+00:00,XYZ409,XYZ410,-84.0,-82.0,0.0,-3.0,-102.0,-103.0,HANDOVER,A3,INTRA_NR,POST_HO,60.0,5,6,109,110,80,1.0,28.0,0.5,True,False,FAILURE,ACTIVE,False,ping_pong_handover|mobility_configuration_issue|post_ho_rlf|beam_instability
UE10313,XYZ410,-113.0,17.0,SUCCESS,2026-07-01T11:26:40+00:00,XYZ410,XYZ408,-113.0,-107.0,17.0,18.0,-116.0,-110.0,HANDOVER,A3,INTRA_NR,SUCCESS,33.0,4,4,110,108,120,2.0,24.0,0.1,False,False,SUCCESS,ACTIVE,False,
UE10698,XYZ408,-79.0,5.0,SUCCESS,2026-07-01T11:25:31+00:00,XYZ408,XYZ410,-79.0,-75.0,5.0,5.0,-92.0,-88.0,HANDOVER,A3,INTRA_NR,SUCCESS,39.0,5,5,108,110,40,0.0,20.0,0.35,False,False,SUCCESS,MISSING,True,missing_neighbor
UE10220,XYZ407,-114.0,19.0,SUCCESS,2026-07-01T11:27:01+00:00,XYZ407,XYZ409,-114.0,-109.0,19.0,18.0,-117.0,-112.0,HANDOVER,A3,INTRA_NR,SUCCESS,41.0,5,5,107,109,160,2.0,33.0,0.4,False,False,SUCCESS,ACTIVE,False,
UE10975,XYZ403,-121.0,-7.0,WRONG_CELL,2026-07-01T11:27:11+00:00,XYZ403,XYZ401,-121.0,-139.0,-7.0,-15.0,-146.0,-172.0,HANDOVER,A3,INTRA_NR,HO_EXECUTION,33.0,2,7,103,101,160,2.0,46.0,2.4,False,False,FAILURE,ACTIVE,False,handover_execution_failure|coverage_induced_ho_failure|interference_induced_ho_failure
UE10437,XYZ408,-89.0,-9.0,SUCCESS,2026-07-01T11:27:49+00:00,XYZ408,XYZ407,-89.0,-84.0,-9.0,-8.0,-116.0,-110.0,HANDOVER,A3,INTRA_NR,SUCCESS,25.0,5,5,108,107,40,0.0,31.0,0.0,False,False,SUCCESS,ACTIVE,False,
UE10045,XYZ402,-95.0,-8.0,SUCCESS,2026-07-01T11:27:26+00:00,XYZ402,XYZ403,-95.0,-93.0,-8.0,-7.0,-121.0,-118.0,HANDOVER,A3,INTRA_NR,SUCCESS,28.0,6,6,102,103,80,1.0,28.0,0.25,False,False,SUCCESS,ACTIVE,False,
UE10789,XYZ402,-98.0,10.0,SUCCESS,2026-07-01T11:28:14+00:00,XYZ402,XYZ403,-98.0,-92.0,10.0,10.0,-106.0,-100.0,HANDOVER,A3,INTRA_NR,SUCCESS,45.0,6,6,102,103,80,1.0,23.0,0.45,False,False,SUCCESS,ACTIVE,False,
UE10191,XYZ410,-98.0,-5.0,SUCCESS,2026-07-01T11:32:10+00:00,XYZ410,XYZ409,-98.0,-94.0,-5.0,-6.0,-121.0,-118.0,HANDOVER,A3,INTRA_NR,SUCCESS,42.0,7,7,110,109,120,2.0,32.0,0.1,False,False,SUCCESS,ACTIVE,False,
UE10519,XYZ403,-96.0,7.0,SUCCESS,2026-07-01T11:28:59+00:00,XYZ403,XYZ404,-96.0,-91.0,7.0,7.0,-107.0,-102.0,HANDOVER,A3,INTRA_NR,SUCCESS,31.0,7,7,103,104,160,2.0,18.0,0.4,False,False,SUCCESS,ACTIVE,False,
UE10378,XYZ407,-108.0,-6.0,SUCCESS,2026-07-01T11:32:01+00:00,XYZ407,XYZ408,-108.0,-102.0,-6.0,-7.0,-132.0,-127.0,HANDOVER,A3,INTRA_NR,SUCCESS,32.0,7,7,107,108,160,2.0,16.0,0.45,False,False,SUCCESS,ACTIVE,False,
UE10787,XYZ401,-82.0,-2.0,SUCCESS,2026-07-01T11:32:59+00:00,XYZ401,XYZ402,-82.0,-77.0,-2.0,-1.0,-102.0,-96.0,HANDOVER,A3,INTRA_NR,SUCCESS,42.0,6,6,101,102,40,0.0,30.0,0.25,False,False,SUCCESS,ACTIVE,False,
UE10690,XYZ408,-99.0,9.0,SUCCESS,2026-07-01T11:33:55+00:00,XYZ408,XYZ406,-99.0,-96.0,9.0,8.0,-108.0,-106.0,HANDOVER,A3,INTRA_NR,SUCCESS,41.0,2,2,108,106,40,0.0,29.0,0.05,False,False,SUCCESS,MISSING,True,missing_neighbor
UE10333,XYZ407,-91.0,17.0,TOO_EARLY_HO,2026-07-01T11:32:53+00:00,XYZ407,XYZ406,-91.0,-79.0,17.0,15.0,-94.0,-82.0,HANDOVER,A3,INTRA_NR,HO_DECISION,89.0,5,6,107,106,160,2.0,41.0,0.4,False,False,FAILURE,ACTIVE,False,too_early_handover|mobility_configuration_issue
UE10038,XYZ404,-100.0,15.0,SUCCESS,2026-07-01T11:32:01+00:00,XYZ404,XYZ403,-100.0,-98.0,15.0,14.0,-103.0,-102.0,HANDOVER,A3,INTRA_NR,SUCCESS,30.0,3,3,104,103,40,2.0,27.0,0.2,False,False,SUCCESS,ACTIVE,False,
UE10292,XYZ405,-87.0,7.0,SUCCESS,2026-07-01T11:36:54+00:00,XYZ405,XYZ404,-87.0,-83.0,7.0,6.0,-98.0,-95.0,HANDOVER,A3,INTRA_NR,SUCCESS,37.0,3,3,105,104,80,0.0,26.0,0.4,False,False,SUCCESS,ACTIVE,False,
UE10689,XYZ410,-77.0,8.0,SUCCESS,2026-07-01T11:37:19+00:00,XYZ410,XYZ409,-77.0,-71.0,8.0,9.0,-87.0,-80.0,HANDOVER,A3,INTRA_NR,SUCCESS,26.0,1,1,110,109,120,2.0,32.0,0.05,False,False,SUCCESS,ACTIVE,False,
UE10161,XYZ401,-108.0,-8.0,SUCCESS,2026-07-01T11:37:31+00:00,XYZ401,XYZ403,-108.0,-105.0,-8.0,-9.0,-134.0,-132.0,HANDOVER,A3,INTRA_NR,SUCCESS,25.0,2,2,101,103,40,0.0,26.0,0.4,False,False,SUCCESS,MISSING,True,missing_neighbor
UE10330,XYZ404,-93.0,-2.0,SUCCESS,2026-07-01T11:37:59+00:00,XYZ404,XYZ405,-93.0,-90.0,-2.0,-1.0,-113.0,-109.0,HANDOVER,A3,INTRA_NR,SUCCESS,26.0,2,2,104,105,40,2.0,20.0,0.25,False,False,SUCCESS,ACTIVE,False,
UE10885,XYZ401,-101.0,20.0,PING_PONG,2026-07-01T11:38:45+00:00,XYZ401,XYZ402,-101.0,-100.0,20.0,18.0,-104.0,-103.0,HANDOVER,A3,INTRA_NR,POST_HO,47.0,6,8,101,102,40,0.0,62.0,1.2,True,True,FAILURE,ACTIVE,False,ping_pong_handover|mobility_configuration_issue|post_ho_rlf|beam_instability
UE10103,XYZ401,-95.0,6.0,SUCCESS,2026-07-01T11:36:35+00:00,XYZ401,XYZ402,-95.0,-90.0,6.0,5.0,-107.0,-103.0,HANDOVER,A3,INTRA_NR,SUCCESS,43.0,6,6,101,102,40,0.0,21.0,0.05,False,False,SUCCESS,ACTIVE,False,
UE10160,XYZ410,-89.0,12.0,SUCCESS,2026-07-01T11:38:50+00:00,XYZ410,XYZ408,-89.0,-87.0,12.0,11.0,-95.0,-94.0,HANDOVER,A3,INTRA_NR,SUCCESS,37.0,6,6,110,108,120,2.0,38.0,0.25,False,False,SUCCESS,ACTIVE,False,
UE10798,XYZ401,-124.0,23.0,WRONG_CELL,2026-07-01T11:39:32+00:00,XYZ401,XYZ402,-124.0,-140.0,23.0,14.0,-127.0,-144.0,HANDOVER,A3,INTRA_NR,HO_EXECUTION,50.0,8,4,101,102,40,0.0,26.0,1.7,False,False,FAILURE,ACTIVE,False,handover_execution_failure|coverage_induced_ho_failure
UE10634,XYZ407,-93.0,-6.0,XN_FAILURE,2026-07-01T11:38:13+00:00,XYZ407,XYZ408,-93.0,-102.0,-6.0,-9.0,-117.0,-129.0,HANDOVER,A3,INTER_GNB_XN,HO_PREPARATION,52.0,3,6,107,108,160,2.0,282.0,2.5,False,False,FAILURE,ACTIVE,False,handover_preparation_failure|xn_transport_failure|interference_induced_ho_failure
UE10053,XYZ407,-87.0,4.0,SUCCESS,2026-07-01T11:39:10+00:00,XYZ407,XYZ409,-87.0,-84.0,4.0,4.0,-101.0,-98.0,HANDOVER,A3,INTRA_NR,SUCCESS,29.0,3,3,107,109,160,2.0,28.0,0.0,False,False,SUCCESS,ACTIVE,False,
UE10939,XYZ404,-83.0,-8.0,TOO_LATE_HO,2026-07-01T11:38:27+00:00,XYZ404,XYZ405,-83.0,-96.0,-8.0,-12.0,-109.0,-126.0,HANDOVER,A5,INTRA_NR,HO_DECISION,14.0,7,8,104,105,40,2.0,64.0,0.2,False,False,FAILURE,ACTIVE,False,too_late_handover|mobility_configuration_issue|interference_induced_ho_failure
UE10033,XYZ402,-83.0,8.0,PING_PONG,2026-07-01T11:42:14+00:00,XYZ402,XYZ403,-83.0,-83.0,8.0,4.0,-93.0,-97.0,HANDOVER,A3,INTRA_NR,POST_HO,61.0,2,4,102,103,80,1.0,41.0,2.2,True,True,FAILURE,ACTIVE,False,ping_pong_handover|mobility_configuration_issue|post_ho_rlf|beam_instability
UE10241,XYZ403,-94.0,17.0,TOO_EARLY_HO,2026-07-01T11:40:10+00:00,XYZ403,XYZ404,-94.0,-86.0,17.0,15.0,-97.0,-89.0,HANDOVER,A3,INTRA_NR,HO_DECISION,76.0,2,4,103,104,160,2.0,37.0,0.35,False,False,FAILURE,ACTIVE,False,too_early_handover|mobility_configuration_issue
UE10966,XYZ408,-108.0,-8.0,PING_PONG,2026-07-01T11:44:36+00:00,XYZ408,XYZ406,-108.0,-105.0,-8.0,-12.0,-134.0,-135.0,HANDOVER,A3,INTRA_NR,POST_HO,45.0,4,7,108,106,40,0.0,55.0,0.3,True,False,FAILURE,MISSING,True,ping_pong_handover|mobility_configuration_issue|missing_neighbor|post_ho_rlf|interference_induced_ho_failure|beam_instability
UE10889,XYZ408,-109.0,-7.0,SUCCESS,2026-07-01T11:44:05+00:00,XYZ408,XYZ410,-109.0,-105.0,-7.0,-8.0,-134.0,-131.0,HANDOVER,A3,INTRA_NR,SUCCESS,42.0,8,8,108,110,40,0.0,22.0,0.45,False,False,SUCCESS,MISSING,True,missing_neighbor
UE10112,XYZ406,-92.0,13.0,PREP_FAILURE,2026-07-01T11:45:56+00:00,XYZ406,XYZ408,-92.0,-102.0,13.0,9.0,-97.0,-111.0,HANDOVER,A3,INTRA_NR,HO_PREPARATION,43.0,8,3,106,108,120,1.0,105.0,6.4,False,False,FAILURE,ACTIVE,False,handover_preparation_failure|xn_transport_failure
UE10317,XYZ410,-87.0,20.0,TOO_EARLY_HO,2026-07-01T11:44:52+00:00,XYZ410,XYZ409,-87.0,-75.0,20.0,16.0,-90.0,-78.0,HANDOVER,A3,INTRA_NR,HO_DECISION,86.0,3,5,110,109,120,2.0,62.0,0.3,False,False,FAILURE,ACTIVE,False,too_early_handover|mobility_configuration_issue
UE10022,XYZ409,-119.0,0.0,WRONG_CELL,2026-07-01T11:46:18+00:00,XYZ409,XYZ408,-119.0,-135.0,0.0,-9.0,-137.0,-162.0,HANDOVER,A3,INTRA_NR,HO_EXECUTION,39.0,5,8,109,108,80,1.0,53.0,1.1,False,False,FAILURE,ACTIVE,False,handover_execution_failure|coverage_induced_ho_failure
UE10557,XYZ409,-84.0,-10.0,SUCCESS,2026-07-01T11:45:49+00:00,XYZ409,XYZ410,-84.0,-80.0,-10.0,-11.0,-112.0,-109.0,HANDOVER,A3,INTRA_NR,SUCCESS,43.0,2,2,109,110,80,1.0,36.0,0.25,False,False,SUCCESS,ACTIVE,False,
UE10823,XYZ404,-91.0,-2.0,SUCCESS,2026-07-01T11:44:51+00:00,XYZ404,XYZ402,-91.0,-86.0,-2.0,-2.0,-111.0,-106.0,HANDOVER,A3,INTRA_NR,SUCCESS,35.0,3,3,104,102,40,2.0,36.0,0.25,False,False,SUCCESS,ACTIVE,False,
UE10646,XYZ401,-96.0,6.0,SUCCESS,2026-07-01T11:46:49+00:00,XYZ401,XYZ402,-96.0,-90.0,6.0,5.0,-108.0,-103.0,HANDOVER,A3,INTRA_NR,SUCCESS,40.0,6,6,101,102,40,0.0,19.0,0.25,False,False,SUCCESS,ACTIVE,False,
UE10117,XYZ401,-114.0,-10.0,SUCCESS,2026-07-01T11:47:28+00:00,XYZ401,XYZ403,-114.0,-108.0,-10.0,-10.0,-142.0,-136.0,HANDOVER,A3,INTRA_NR,SUCCESS,33.0,5,5,101,103,40,0.0,18.0,0.0,False,False,SUCCESS,MISSING,True,missing_neighbor
UE10984,XYZ410,-91.0,-8.0,SUCCESS,2026-07-01T11:49:32+00:00,XYZ410,XYZ408,-91.0,-86.0,-8.0,-8.0,-117.0,-112.0,HANDOVER,A3,INTRA_NR,SUCCESS,44.0,4,4,110,108,120,2.0,30.0,0.15,False,False,SUCCESS,ACTIVE,False,
UE10700,XYZ405,-115.0,15.0,SUCCESS,2026-07-01T11:47:35+00:00,XYZ405,XYZ407,-115.0,-109.0,15.0,16.0,-118.0,-112.0,HANDOVER,A3,INTRA_NR,SUCCESS,36.0,2,2,105,107,80,0.0,16.0,0.0,False,False,SUCCESS,MISSING,True,missing_neighbor
UE10642,XYZ402,-82.0,20.0,TOO_EARLY_HO,2026-07-01T11:50:49+00:00,XYZ402,XYZ403,-82.0,-73.0,20.0,17.0,-85.0,-76.0,HANDOVER,A3,INTRA_NR,HO_DECISION,76.0,1,6,102,103,80,1.0,39.0,0.3,False,False,FAILURE,ACTIVE,False,too_early_handover|mobility_configuration_issue
UE10933,XYZ406,-122.0,15.0,WRONG_CELL,2026-07-01T11:50:23+00:00,XYZ406,XYZ404,-122.0,-142.0,15.0,5.0,-125.0,-155.0,HANDOVER,A3,INTRA_NR,HO_EXECUTION,48.0,6,7,106,104,120,1.0,62.0,0.9,False,False,FAILURE,ACTIVE,False,handover_execution_failure|coverage_induced_ho_failure
UE10211,XYZ407,-101.0,12.0,SUCCESS,2026-07-01T11:49:19+00:00,XYZ407,XYZ409,-101.0,-96.0,12.0,13.0,-107.0,-101.0,HANDOVER,A3,INTRA_NR,SUCCESS,27.0,7,7,107,109,160,2.0,25.0,0.05,False,False,SUCCESS,ACTIVE,False,
UE10417,XYZ401,-78.0,19.0,TOO_EARLY_HO,2026-07-01T11:49:22+00:00,XYZ401,XYZ403,-78.0,-65.0,19.0,15.0,-81.0,-68.0,HANDOVER,A3,INTRA_NR,HO_DECISION,94.0,6,6,101,103,40,0.0,62.0,0.15,False,False,FAILURE,MISSING,True,too_early_handover|mobility_configuration_issue|missing_neighbor
UE10112,XYZ406,-94.0,-1.0,SUCCESS,2026-07-01T11:53:57+00:00,XYZ406,XYZ404,-94.0,-92.0,-1.0,-2.0,-113.0,-112.0,HANDOVER,A3,INTRA_NR,SUCCESS,33.0,8,8,106,104,120,1.0,17.0,0.05,False,False,SUCCESS,ACTIVE,False,
UE10043,XYZ408,-106.0,-3.0,SUCCESS,2026-07-01T11:54:49+00:00,XYZ408,XYZ409,-106.0,-104.0,-3.0,-3.0,-127.0,-125.0,HANDOVER,A3,INTRA_NR,SUCCESS,37.0,1,1,108,109,40,0.0,38.0,0.15,False,False,SUCCESS,ACTIVE,False,
UE10127,XYZ405,-76.0,14.0,TOO_EARLY_HO,2026-07-01T11:54:36+00:00,XYZ405,XYZ403,-76.0,-69.0,14.0,10.0,-80.0,-77.0,HANDOVER,A3,INTRA_NR,HO_DECISION,94.0,1,7,105,103,80,0.0,62.0,0.15,False,False,FAILURE,MISSING,True,too_early_handover|mobility_configuration_issue|missing_neighbor
UE10875,XYZ407,-95.0,11.0,TOO_LATE_HO,2026-07-01T11:52:51+00:00,XYZ407,XYZ406,-95.0,-111.0,11.0,7.0,-102.0,-122.0,HANDOVER,A5,INTRA_NR,HO_DECISION,8.0,3,8,107,106,160,2.0,32.0,0.3,True,True,FAILURE,ACTIVE,False,too_late_handover|mobility_configuration_issue|post_ho_rlf|coverage_induced_ho_failure
UE10157,XYZ410,-122.0,4.0,WRONG_CELL,2026-07-01T11:53:31+00:00,XYZ410,XYZ408,-122.0,-140.0,4.0,-5.0,-136.0,-163.0,HANDOVER,A3,INTRA_NR,HO_EXECUTION,37.0,3,2,110,108,120,2.0,32.0,0.4,False,True,FAILURE,ACTIVE,False,handover_execution_failure|post_ho_rlf|coverage_induced_ho_failure
UE10784,XYZ406,-88.0,-1.0,PING_PONG,2026-07-01T11:55:16+00:00,XYZ406,XYZ404,-88.0,-88.0,-1.0,-3.0,-107.0,-109.0,HANDOVER,A3,INTRA_NR,POST_HO,50.0,5,3,106,104,120,1.0,27.0,2.0,True,False,FAILURE,ACTIVE,False,ping_pong_handover|mobility_configuration_issue|post_ho_rlf|interference_induced_ho_failure|beam_instability
UE10826,XYZ404,-79.0,9.0,SUCCESS,2026-07-01T11:53:40+00:00,XYZ404,XYZ402,-79.0,-73.0,9.0,10.0,-88.0,-81.0,HANDOVER,A3,INTRA_NR,SUCCESS,29.0,8,8,104,102,40,2.0,34.0,0.4,False,False,SUCCESS,ACTIVE,False,
UE10393,XYZ407,-125.0,12.0,WRONG_CELL,2026-07-01T11:54:30+00:00,XYZ407,XYZ408,-125.0,-146.0,12.0,2.0,-131.0,-162.0,HANDOVER,A3,INTRA_NR,HO_EXECUTION,37.0,2,3,107,108,160,2.0,26.0,1.0,True,False,FAILURE,ACTIVE,False,handover_execution_failure|coverage_induced_ho_failure
UE10866,XYZ410,-123.0,-10.0,WRONG_CELL,2026-07-01T11:59:15+00:00,XYZ410,XYZ409,-123.0,-139.0,-10.0,-19.0,-151.0,-176.0,HANDOVER,A3,INTRA_NR,HO_EXECUTION,31.0,6,4,110,109,120,2.0,29.0,0.8,True,False,FAILURE,ACTIVE,False,handover_execution_failure|coverage_induced_ho_failure|interference_induced_ho_failure
UE10851,XYZ409,-89.0,-9.0,PREP_FAILURE,2026-07-01T11:57:17+00:00,XYZ409,XYZ408,-89.0,-103.0,-9.0,-11.0,-116.0,-132.0,HANDOVER,A3,INTRA_NR,HO_PREPARATION,40.0,2,8,109,108,80,1.0,49.0,7.6,False,False,FAILURE,ACTIVE,False,handover_preparation_failure|interference_induced_ho_failure
UE10511,XYZ410,-104.0,8.0,SUCCESS,2026-07-01T11:59:55+00:00,XYZ410,XYZ408,-104.0,-101.0,8.0,7.0,-114.0,-112.0,HANDOVER,A3,INTRA_NR,SUCCESS,33.0,8,8,110,108,120,2.0,21.0,0.3,False,False,SUCCESS,ACTIVE,False,
UE10913,XYZ410,-109.0,3.0,SUCCESS,2026-07-01T12:00:09+00:00,XYZ410,XYZ409,-109.0,-105.0,3.0,2.0,-124.0,-121.0,HANDOVER,A3,INTRA_NR,SUCCESS,43.0,5,5,110,109,120,2.0,32.0,0.15,False,False,SUCCESS,ACTIVE,False,
UE10044,XYZ407,-112.0,-3.0,SUCCESS,2026-07-01T11:58:57+00:00,XYZ407,XYZ405,-112.0,-106.0,-3.0,-3.0,-133.0,-127.0,HANDOVER,A3,INTRA_NR,SUCCESS,42.0,6,6,107,105,160,2.0,19.0,0.15,False,False,SUCCESS,ACTIVE,False,
UE10107,XYZ405,-85.0,1.0,SUCCESS,2026-07-01T11:57:30+00:00,XYZ405,XYZ407,-85.0,-80.0,1.0,0.0,-102.0,-98.0,HANDOVER,A3,INTRA_NR,SUCCESS,34.0,1,1,105,107,80,0.0,19.0,0.05,False,False,SUCCESS,MISSING,True,missing_neighbor
UE10218,XYZ407,-91.0,15.0,PREP_FAILURE,2026-07-01T12:02:33+00:00,XYZ407,XYZ405,-91.0,-101.0,15.0,11.0,-94.0,-108.0,HANDOVER,A3,INTRA_NR,HO_PREPARATION,36.0,1,4,107,105,160,2.0,94.0,4.5,False,False,FAILURE,ACTIVE,False,handover_preparation_failure
UE10442,XYZ403,-113.0,16.0,SUCCESS,2026-07-01T11:58:47+00:00,XYZ403,XYZ401,-113.0,-111.0,16.0,17.0,-116.0,-114.0,HANDOVER,A3,INTRA_NR,SUCCESS,26.0,7,7,103,101,160,2.0,35.0,0.2,False,False,SUCCESS,ACTIVE,False,
UE10829,XYZ402,-91.0,18.0,TOO_EARLY_HO,2026-07-01T12:03:34+00:00,XYZ402,XYZ403,-91.0,-78.0,18.0,16.0,-94.0,-81.0,HANDOVER,A3,INTRA_NR,HO_DECISION,86.0,2,6,102,103,80,1.0,33.0,0.4,False,False,FAILURE,ACTIVE,False,too_early_handover|mobility_configuration_issue
UE10314,XYZ405,-83.0,4.0,SUCCESS,2026-07-01T12:00:34+00:00,XYZ405,XYZ406,-83.0,-78.0,4.0,5.0,-97.0,-91.0,HANDOVER,A3,INTRA_NR,SUCCESS,36.0,5,5,105,106,80,0.0,31.0,0.45,False,False,SUCCESS,ACTIVE,False,
UE10176,XYZ404,-124.0,-10.0,WRONG_CELL,2026-07-01T12:02:40+00:00,XYZ404,XYZ406,-124.0,-146.0,-10.0,-19.0,-152.0,-183.0,HANDOVER,A3,INTRA_NR,HO_EXECUTION,37.0,2,8,104,106,40,2.0,55.0,2.9,False,False,FAILURE,ACTIVE,False,handover_execution_failure|coverage_induced_ho_failure|interference_induced_ho_failure
UE10227,XYZ405,-79.0,17.0,TOO_EARLY_HO,2026-07-01T12:02:10+00:00,XYZ405,XYZ406,-79.0,-73.0,17.0,14.0,-82.0,-77.0,HANDOVER,A3,INTRA_NR,HO_DECISION,93.0,6,8,105,106,80,0.0,34.0,0.3,False,False,FAILURE,ACTIVE,False,too_early_handover|mobility_configuration_issue
UE10702,XYZ408,-113.0,-8.0,SUCCESS,2026-07-01T12:04:09+00:00,XYZ408,XYZ409,-113.0,-110.0,-8.0,-8.0,-139.0,-136.0,HANDOVER,A3,INTRA_NR,SUCCESS,39.0,5,5,108,109,40,0.0,19.0,0.35,False,False,SUCCESS,ACTIVE,False,
UE10982,XYZ404,-110.0,7.0,XN_FAILURE,2026-07-01T12:06:48+00:00,XYZ404,XYZ405,-110.0,-127.0,7.0,5.0,-121.0,-140.0,HANDOVER,A3,INTER_GNB_XN,HO_PREPARATION,44.0,4,3,104,105,40,2.0,271.0,7.8,False,False,FAILURE,ACTIVE,False,handover_preparation_failure|xn_transport_failure|coverage_induced_ho_failure
UE10671,XYZ409,-108.0,23.0,SUCCESS,2026-07-01T12:04:41+00:00,XYZ409,XYZ408,-108.0,-106.0,23.0,22.0,-111.0,-109.0,HANDOVER,A3,INTRA_NR,SUCCESS,44.0,4,4,109,108,80,1.0,17.0,0.4,False,False,SUCCESS,ACTIVE,False,
UE10905,XYZ407,-119.0,21.0,PREP_FAILURE,2026-07-01T12:03:49+00:00,XYZ407,XYZ408,-119.0,-129.0,21.0,17.0,-122.0,-132.0,HANDOVER,A3,INTRA_NR,HO_PREPARATION,41.0,6,1,107,108,160,2.0,46.0,7.1,False,False,FAILURE,ACTIVE,False,handover_preparation_failure|coverage_induced_ho_failure
UE10266,XYZ410,-81.0,18.0,TOO_EARLY_HO,2026-07-01T12:05:02+00:00,XYZ410,XYZ408,-81.0,-72.0,18.0,15.0,-84.0,-75.0,HANDOVER,A3,INTRA_NR,HO_DECISION,91.0,3,3,110,108,120,2.0,64.0,0.05,False,False,FAILURE,ACTIVE,False,too_early_handover|mobility_configuration_issue
UE10869,XYZ407,-90.0,14.0,TOO_EARLY_HO,2026-07-01T12:08:52+00:00,XYZ407,XYZ405,-90.0,-81.0,14.0,12.0,-94.0,-87.0,HANDOVER,A3,INTRA_NR,HO_DECISION,95.0,2,4,107,105,160,2.0,32.0,0.15,False,False,FAILURE,ACTIVE,False,too_early_handover|mobility_configuration_issue
UE10837,XYZ408,-85.0,15.0,TOO_EARLY_HO,2026-07-01T12:08:29+00:00,XYZ408,XYZ409,-85.0,-73.0,15.0,12.0,-88.0,-79.0,HANDOVER,A3,INTRA_NR,HO_DECISION,85.0,3,3,108,109,40,0.0,51.0,0.0,False,False,FAILURE,ACTIVE,False,too_early_handover|mobility_configuration_issue
UE10378,XYZ406,-96.0,-3.0,SUCCESS,2026-07-01T12:09:01+00:00,XYZ406,XYZ407,-96.0,-91.0,-3.0,-2.0,-117.0,-111.0,HANDOVER,A3,INTRA_NR,SUCCESS,32.0,7,7,106,107,120,1.0,16.0,0.45,False,False,SUCCESS,ACTIVE,False,
UE10488,XYZ408,-84.0,8.0,SUCCESS,2026-07-01T12:06:56+00:00,XYZ408,XYZ410,-84.0,-78.0,8.0,9.0,-94.0,-87.0,HANDOVER,A3,INTRA_NR,SUCCESS,26.0,6,6,108,110,40,0.0,29.0,0.15,False,False,SUCCESS,MISSING,True,missing_neighbor
UE10701,XYZ403,-85.0,11.0,SUCCESS,2026-07-01T12:08:52+00:00,XYZ403,XYZ402,-85.0,-79.0,11.0,11.0,-92.0,-86.0,HANDOVER,A3,INTRA_NR,SUCCESS,27.0,2,2,103,102,160,2.0,20.0,0.1,False,False,SUCCESS,ACTIVE,False,
UE10686,XYZ410,-119.0,18.0,WRONG_CELL,2026-07-01T12:10:12+00:00,XYZ410,XYZ409,-119.0,-139.0,18.0,10.0,-122.0,-147.0,HANDOVER,A3,INTRA_NR,HO_EXECUTION,41.0,2,7,110,109,120,2.0,56.0,3.2,True,False,FAILURE,ACTIVE,False,handover_execution_failure|coverage_induced_ho_failure
UE10289,XYZ410,-111.0,22.0,SUCCESS,2026-07-01T12:09:00+00:00,XYZ410,XYZ409,-111.0,-105.0,22.0,23.0,-114.0,-108.0,HANDOVER,A3,INTRA_NR,SUCCESS,28.0,1,1,110,109,120,2.0,21.0,0.25,False,False,SUCCESS,ACTIVE,False,
UE10995,XYZ401,-86.0,24.0,TOO_EARLY_HO,2026-07-01T12:12:58+00:00,XYZ401,XYZ403,-86.0,-74.0,24.0,20.0,-89.0,-77.0,HANDOVER,A3,INTRA_NR,HO_DECISION,79.0,2,8,101,103,40,0.0,46.0,0.45,False,False,FAILURE,MISSING,True,too_early_handover|mobility_configuration_issue|missing_neighbor
UE10356,XYZ406,-107.0,-8.0,SUCCESS,2026-07-01T12:12:20+00:00,XYZ406,XYZ404,-107.0,-102.0,-8.0,-7.0,-133.0,-127.0,HANDOVER,A3,INTRA_NR,SUCCESS,44.0,5,5,106,104,120,1.0,20.0,0.15,False,False,SUCCESS,ACTIVE,False,
UE10656,XYZ401,-83.0,8.0,SUCCESS,2026-07-01T12:12:31+00:00,XYZ401,XYZ403,-83.0,-80.0,8.0,8.0,-93.0,-90.0,HANDOVER,A3,INTRA_NR,SUCCESS,30.0,5,5,101,103,40,0.0,23.0,0.0,False,False,SUCCESS,MISSING,True,missing_neighbor
UE10743,XYZ409,-89.0,-1.0,SUCCESS,2026-07-01T12:12:48+00:00,XYZ409,XYZ410,-89.0,-86.0,-1.0,-2.0,-108.0,-106.0,HANDOVER,A3,INTRA_NR,SUCCESS,38.0,6,6,109,110,80,1.0,26.0,0.1,False,False,SUCCESS,ACTIVE,False,
UE10871,XYZ402,-124.0,16.0,WRONG_CELL,2026-07-01T12:15:15+00:00,XYZ402,XYZ403,-124.0,-144.0,16.0,7.0,-127.0,-155.0,HANDOVER,A3,INTRA_NR,HO_EXECUTION,41.0,2,5,102,103,80,1.0,38.0,2.8,False,True,FAILURE,ACTIVE,False,handover_execution_failure|post_ho_rlf|coverage_induced_ho_failure
UE10949,XYZ402,-84.0,4.0,SUCCESS,2026-07-01T12:13:14+00:00,XYZ402,XYZ403,-84.0,-78.0,4.0,5.0,-98.0,-91.0,HANDOVER,A3,INTRA_NR,SUCCESS,36.0,8,8,102,103,80,1.0,24.0,0.2,False,False,SUCCESS,ACTIVE,False,
UE10203,XYZ407,-78.0,0.0,PING_PONG,2026-07-01T12:15:38+00:00,XYZ407,XYZ408,-78.0,-76.0,0.0,-2.0,-96.0,-96.0,HANDOVER,A3,INTRA_NR,POST_HO,61.0,8,1,107,108,160,2.0,30.0,1.6,True,True,FAILURE,ACTIVE,False,ping_pong_handover|mobility_configuration_issue|post_ho_rlf|beam_instability
UE10212,XYZ402,-113.0,15.0,PREP_FAILURE,2026-07-01T12:16:40+00:00,XYZ402,XYZ403,-113.0,-125.0,15.0,12.0,-116.0,-131.0,HANDOVER,A3,INTRA_NR,HO_PREPARATION,44.0,5,2,102,103,80,1.0,46.0,7.2,False,False,FAILURE,ACTIVE,False,handover_preparation_failure|coverage_induced_ho_failure
UE10551,XYZ410,-86.0,13.0,TOO_EARLY_HO,2026-07-01T12:18:13+00:00,XYZ410,XYZ408,-86.0,-73.0,13.0,11.0,-91.0,-80.0,HANDOVER,A3,INTRA_NR,HO_DECISION,78.0,2,4,110,108,120,2.0,63.0,0.35,False,False,FAILURE,ACTIVE,False,too_early_handover|mobility_configuration_issue
UE10786,XYZ408,-85.0,2.0,SUCCESS,2026-07-01T12:17:50+00:00,XYZ408,XYZ407,-85.0,-80.0,2.0,3.0,-101.0,-95.0,HANDOVER,A3,INTRA_NR,SUCCESS,41.0,7,7,108,107,40,0.0,25.0,0.35,False,False,SUCCESS,ACTIVE,False,
UE10322,XYZ406,-83.0,21.0,TOO_EARLY_HO,2026-07-01T12:19:33+00:00,XYZ406,XYZ407,-83.0,-75.0,21.0,19.0,-86.0,-78.0,HANDOVER,A3,INTRA_NR,HO_DECISION,92.0,4,6,106,107,120,1.0,41.0,0.4,False,False,FAILURE,ACTIVE,False,too_early_handover|mobility_configuration_issue
UE10593,XYZ407,-83.0,-7.0,SUCCESS,2026-07-01T12:17:57+00:00,XYZ407,XYZ409,-83.0,-79.0,-7.0,-7.0,-108.0,-104.0,HANDOVER,A3,INTRA_NR,SUCCESS,41.0,5,5,107,109,160,2.0,26.0,0.1,False,False,SUCCESS,ACTIVE,False,
UE10180,XYZ407,-95.0,2.0,SUCCESS,2026-07-01T12:21:10+00:00,XYZ407,XYZ405,-95.0,-90.0,2.0,3.0,-111.0,-105.0,HANDOVER,A3,INTRA_NR,SUCCESS,26.0,2,2,107,105,160,2.0,37.0,0.0,False,False,SUCCESS,ACTIVE,False,
UE10498,XYZ406,-110.0,-2.0,SUCCESS,2026-07-01T12:19:53+00:00,XYZ406,XYZ404,-110.0,-104.0,-2.0,-3.0,-130.0,-125.0,HANDOVER,A3,INTRA_NR,SUCCESS,40.0,7,7,106,104,120,1.0,35.0,0.05,False,False,SUCCESS,ACTIVE,False,
UE10319,XYZ410,-84.0,23.0,TOO_EARLY_HO,2026-07-01T12:18:46+00:00,XYZ410,XYZ409,-84.0,-74.0,23.0,20.0,-87.0,-77.0,HANDOVER,A3,INTRA_NR,HO_DECISION,84.0,5,1,110,109,120,2.0,45.0,0.0,False,False,FAILURE,ACTIVE,False,too_early_handover|mobility_configuration_issue
UE10082,XYZ409,-82.0,-4.0,SUCCESS,2026-07-01T12:22:24+00:00,XYZ409,XYZ408,-82.0,-78.0,-4.0,-5.0,-104.0,-101.0,HANDOVER,A3,INTRA_NR,SUCCESS,36.0,8,8,109,108,80,1.0,17.0,0.45,False,False,SUCCESS,ACTIVE,False,
UE10302,XYZ409,-120.0,-10.0,WRONG_CELL,2026-07-01T12:20:35+00:00,XYZ409,XYZ408,-120.0,-135.0,-10.0,-18.0,-148.0,-171.0,HANDOVER,A3,INTRA_NR,HO_EXECUTION,39.0,6,4,109,108,80,1.0,49.0,2.7,False,False,FAILURE,ACTIVE,False,handover_execution_failure|coverage_induced_ho_failure|interference_induced_ho_failure
UE10261,XYZ407,-98.0,1.0,SUCCESS,2026-07-01T12:22:01+00:00,XYZ407,XYZ405,-98.0,-93.0,1.0,1.0,-115.0,-110.0,HANDOVER,A3,INTRA_NR,SUCCESS,34.0,3,3,107,105,160,2.0,38.0,0.1,False,False,SUCCESS,ACTIVE,False,
UE10783,XYZ409,-94.0,10.0,SUCCESS,2026-07-01T12:23:06+00:00,XYZ409,XYZ410,-94.0,-89.0,10.0,10.0,-102.0,-97.0,HANDOVER,A3,INTRA_NR,SUCCESS,44.0,8,8,109,110,80,1.0,17.0,0.1,False,False,SUCCESS,ACTIVE,False,
UE10199,XYZ410,-82.0,0.0,SUCCESS,2026-07-01T12:25:08+00:00,XYZ410,XYZ409,-82.0,-80.0,0.0,0.0,-100.0,-98.0,HANDOVER,A3,INTRA_NR,SUCCESS,29.0,5,5,110,109,120,2.0,26.0,0.35,False,False,SUCCESS,ACTIVE,False,
UE10239,XYZ403,-116.0,3.0,WRONG_CELL,2026-07-01T12:21:46+00:00,XYZ403,XYZ402,-116.0,-132.0,3.0,-7.0,-131.0,-157.0,HANDOVER,A3,INTRA_NR,HO_EXECUTION,48.0,6,8,103,102,160,2.0,29.0,1.1,False,True,FAILURE,ACTIVE,False,handover_execution_failure|post_ho_rlf|coverage_induced_ho_failure
UE10913,XYZ403,-76.0,23.0,TOO_EARLY_HO,2026-07-01T12:26:03+00:00,XYZ403,XYZ401,-76.0,-68.0,23.0,19.0,-79.0,-71.0,HANDOVER,A3,INTRA_NR,HO_DECISION,93.0,5,4,103,101,160,2.0,26.0,0.15,False,False,FAILURE,ACTIVE,False,too_early_handover|mobility_configuration_issue
UE10691,XYZ401,-108.0,23.0,SUCCESS,2026-07-01T12:24:07+00:00,XYZ401,XYZ403,-108.0,-105.0,23.0,24.0,-111.0,-108.0,HANDOVER,A3,INTRA_NR,SUCCESS,45.0,7,7,101,103,40,0.0,26.0,0.05,False,False,SUCCESS,MISSING,True,missing_neighbor
UE10943,XYZ405,-122.0,14.0,WRONG_CELL,2026-07-01T12:24:31+00:00,XYZ405,XYZ404,-122.0,-137.0,14.0,4.0,-126.0,-151.0,HANDOVER,A3,INTRA_NR,HO_EXECUTION,48.0,4,3,105,104,80,0.0,61.0,2.4,False,False,FAILURE,ACTIVE,False,handover_execution_failure|coverage_induced_ho_failure
UE10682,XYZ404,-117.0,-7.0,WRONG_CELL,2026-07-01T12:27:06+00:00,XYZ404,XYZ406,-117.0,-132.0,-7.0,-15.0,-142.0,-165.0,HANDOVER,A3,INTRA_NR,HO_EXECUTION,46.0,4,7,104,106,40,2.0,39.0,0.9,True,False,FAILURE,ACTIVE,False,handover_execution_failure|coverage_induced_ho_failure|interference_induced_ho_failure
UE10294,XYZ402,-119.0,15.0,WRONG_CELL,2026-07-01T12:27:20+00:00,XYZ402,XYZ403,-119.0,-138.0,15.0,6.0,-122.0,-150.0,HANDOVER,A3,INTRA_NR,HO_EXECUTION,43.0,8,1,102,103,80,1.0,56.0,2.5,False,False,FAILURE,ACTIVE,False,handover_execution_failure|coverage_induced_ho_failure
UE10511,XYZ409,-76.0,5.0,SUCCESS,2026-07-01T12:29:31+00:00,XYZ409,XYZ407,-76.0,-71.0,5.0,5.0,-89.0,-84.0,HANDOVER,A3,INTRA_NR,SUCCESS,33.0,8,8,109,107,80,1.0,21.0,0.3,False,False,SUCCESS,ACTIVE,False,
UE10688,XYZ403,-118.0,-1.0,WRONG_CELL,2026-07-01T12:27:20+00:00,XYZ403,XYZ404,-118.0,-140.0,-1.0,-10.0,-137.0,-168.0,HANDOVER,A3,INTRA_NR,HO_EXECUTION,39.0,6,8,103,104,160,2.0,58.0,2.7,True,False,FAILURE,ACTIVE,False,handover_execution_failure|coverage_induced_ho_failure|interference_induced_ho_failure
UE10880,XYZ408,-83.0,-9.0,PREP_FAILURE,2026-07-01T12:30:03+00:00,XYZ408,XYZ406,-83.0,-100.0,-9.0,-11.0,-110.0,-129.0,HANDOVER,A3,INTRA_NR,HO_PREPARATION,49.0,7,3,108,106,40,0.0,36.0,2.0,False,False,FAILURE,MISSING,True,handover_preparation_failure|missing_neighbor|interference_induced_ho_failure
UE10395,XYZ406,-119.0,24.0,WRONG_CELL,2026-07-01T12:28:06+00:00,XYZ406,XYZ408,-119.0,-142.0,24.0,15.0,-122.0,-145.0,HANDOVER,A3,INTRA_NR,HO_EXECUTION,35.0,7,6,106,108,120,1.0,25.0,0.5,True,False,FAILURE,ACTIVE,False,handover_execution_failure|coverage_induced_ho_failure
UE10748,XYZ405,-85.0,8.0,SUCCESS,2026-07-01T12:30:14+00:00,XYZ405,XYZ407,-85.0,-81.0,8.0,8.0,-95.0,-91.0,HANDOVER,A3,INTRA_NR,SUCCESS,26.0,1,1,105,107,80,0.0,16.0,0.4,False,False,SUCCESS,MISSING,True,missing_neighbor
UE10137,XYZ401,-86.0,-5.0,SUCCESS,2026-07-01T12:30:16+00:00,XYZ401,XYZ403,-86.0,-81.0,-5.0,-6.0,-109.0,-105.0,HANDOVER,A3,INTRA_NR,SUCCESS,35.0,5,5,101,103,40,0.0,19.0,0.1,False,False,SUCCESS,MISSING,True,missing_neighbor
UE10838,XYZ404,-123.0,8.0,WRONG_CELL,2026-07-01T12:33:46+00:00,XYZ404,XYZ406,-123.0,-144.0,8.0,0.0,-133.0,-162.0,HANDOVER,A3,INTRA_NR,HO_EXECUTION,33.0,1,8,104,106,40,2.0,61.0,0.5,True,False,FAILURE,ACTIVE,False,handover_execution_failure|coverage_induced_ho_failure
UE10877,XYZ403,-109.0,-3.0,SUCCESS,2026-07-01T12:31:24+00:00,XYZ403,XYZ405,-109.0,-103.0,-3.0,-3.0,-130.0,-124.0,HANDOVER,A3,INTRA_NR,SUCCESS,27.0,2,2,103,105,160,2.0,18.0,0.4,False,False,SUCCESS,ACTIVE,False,
UE10822,XYZ401,-124.0,3.0,PING_PONG,2026-07-01T12:30:46+00:00,XYZ401,XYZ403,-124.0,-126.0,3.0,0.0,-139.0,-144.0,HANDOVER,A3,INTRA_NR,POST_HO,45.0,6,5,101,103,40,0.0,40.0,1.7,True,False,FAILURE,MISSING,True,ping_pong_handover|mobility_configuration_issue|missing_neighbor|post_ho_rlf|coverage_induced_ho_failure|beam_instability
UE10128,XYZ405,-111.0,-1.0,SUCCESS,2026-07-01T12:33:59+00:00,XYZ405,XYZ404,-111.0,-109.0,-1.0,-2.0,-130.0,-129.0,HANDOVER,A3,INTRA_NR,SUCCESS,31.0,2,2,105,104,80,0.0,29.0,0.0,False,False,SUCCESS,ACTIVE,False,
UE10048,XYZ406,-80.0,-8.0,TOO_LATE_HO,2026-07-01T12:31:34+00:00,XYZ406,XYZ407,-80.0,-96.0,-8.0,-12.0,-106.0,-126.0,HANDOVER,A5,INTRA_NR,HO_DECISION,13.0,7,6,106,107,120,1.0,29.0,0.3,False,True,FAILURE,ACTIVE,False,too_late_handover|mobility_configuration_issue|post_ho_rlf|interference_induced_ho_failure
UE10675,XYZ402,-97.0,18.0,XN_FAILURE,2026-07-01T12:34:11+00:00,XYZ402,XYZ403,-97.0,-107.0,18.0,14.0,-100.0,-111.0,HANDOVER,A3,INTER_GNB_XN,HO_PREPARATION,45.0,4,6,102,103,80,1.0,126.0,4.1,False,False,FAILURE,ACTIVE,False,handover_preparation_failure|xn_transport_failure
UE10788,XYZ403,-76.0,4.0,SUCCESS,2026-07-01T12:36:26+00:00,XYZ403,XYZ401,-76.0,-71.0,4.0,5.0,-90.0,-84.0,HANDOVER,A3,INTRA_NR,SUCCESS,30.0,2,2,103,101,160,2.0,17.0,0.45,False,False,SUCCESS,ACTIVE,False,
UE10292,XYZ406,-78.0,12.0,PING_PONG,2026-07-01T12:37:57+00:00,XYZ406,XYZ408,-78.0,-76.0,12.0,8.0,-84.0,-86.0,HANDOVER,A3,INTRA_NR,POST_HO,57.0,3,7,106,108,120,1.0,56.0,1.0,True,False,FAILURE,ACTIVE,False,ping_pong_handover|mobility_configuration_issue|post_ho_rlf|beam_instability
UE10627,XYZ404,-104.0,12.0,SUCCESS,2026-07-01T12:37:05+00:00,XYZ404,XYZ405,-104.0,-101.0,12.0,12.0,-110.0,-107.0,HANDOVER,A3,INTRA_NR,SUCCESS,41.0,1,1,104,105,40,2.0,18.0,0.1,False,False,SUCCESS,ACTIVE,False,
UE10535,XYZ409,-122.0,7.0,WRONG_CELL,2026-07-01T12:38:37+00:00,XYZ409,XYZ408,-122.0,-144.0,7.0,-3.0,-133.0,-165.0,HANDOVER,A3,INTRA_NR,HO_EXECUTION,32.0,7,3,109,108,80,1.0,64.0,0.7,False,True,FAILURE,ACTIVE,False,handover_execution_failure|post_ho_rlf|coverage_induced_ho_failure
UE10310,XYZ405,-120.0,8.0,WRONG_CELL,2026-07-01T12:37:57+00:00,XYZ405,XYZ404,-120.0,-140.0,8.0,-1.0,-130.0,-159.0,HANDOVER,A3,INTRA_NR,HO_EXECUTION,33.0,6,1,105,104,80,0.0,55.0,0.8,True,True,FAILURE,ACTIVE,False,handover_execution_failure|post_ho_rlf|coverage_induced_ho_failure
UE10536,XYZ404,-88.0,17.0,TOO_EARLY_HO,2026-07-01T12:38:01+00:00,XYZ404,XYZ403,-88.0,-78.0,17.0,14.0,-91.0,-82.0,HANDOVER,A3,INTRA_NR,HO_DECISION,83.0,5,8,104,103,40,2.0,56.0,0.2,False,False,FAILURE,ACTIVE,False,too_early_handover|mobility_configuration_issue
UE10902,XYZ402,-100.0,15.0,SUCCESS,2026-07-01T12:37:00+00:00,XYZ402,XYZ403,-100.0,-95.0,15.0,16.0,-103.0,-98.0,HANDOVER,A3,INTRA_NR,SUCCESS,35.0,7,7,102,103,80,1.0,25.0,0.15,False,False,SUCCESS,ACTIVE,False,
UE10638,XYZ406,-115.0,-1.0,SUCCESS,2026-07-01T12:37:57+00:00,XYZ406,XYZ404,-115.0,-111.0,-1.0,-1.0,-134.0,-130.0,HANDOVER,A3,INTRA_NR,SUCCESS,27.0,3,3,106,104,120,1.0,20.0,0.4,False,False,SUCCESS,ACTIVE,False,
UE10233,XYZ410,-100.0,-7.0,SUCCESS,2026-07-01T12:41:08+00:00,XYZ410,XYZ409,-100.0,-98.0,-7.0,-7.0,-125.0,-123.0,HANDOVER,A3,INTRA_NR,SUCCESS,38.0,5,5,110,109,120,2.0,26.0,0.05,False,False,SUCCESS,ACTIVE,False,
UE10208,XYZ402,-109.0,-9.0,SUCCESS,2026-07-01T12:38:43+00:00,XYZ402,XYZ403,-109.0,-103.0,-9.0,-9.0,-136.0,-130.0,HANDOVER,A3,INTRA_NR,SUCCESS,43.0,1,1,102,103,80,1.0,17.0,0.05,False,False,SUCCESS,ACTIVE,False,
UE10604,XYZ407,-102.0,-8.0,SUCCESS,2026-07-01T12:42:33+00:00,XYZ407,XYZ409,-102.0,-96.0,-8.0,-7.0,-128.0,-121.0,HANDOVER,A3,INTRA_NR,SUCCESS,26.0,4,4,107,109,160,2.0,25.0,0.45,False,False,SUCCESS,ACTIVE,False,
UE10093,XYZ403,-98.0,-4.0,XN_FAILURE,2026-07-01T12:39:32+00:00,XYZ403,XYZ401,-98.0,-108.0,-4.0,-8.0,-120.0,-134.0,HANDOVER,A3,INTER_GNB_XN,HO_PREPARATION,52.0,3,8,103,101,160,2.0,231.0,6.3,False,False,FAILURE,ACTIVE,False,handover_preparation_failure|xn_transport_failure|interference_induced_ho_failure
UE10326,XYZ409,-91.0,5.0,SUCCESS,2026-07-01T12:43:08+00:00,XYZ409,XYZ407,-91.0,-86.0,5.0,6.0,-104.0,-98.0,HANDOVER,A3,INTRA_NR,SUCCESS,33.0,3,3,109,107,80,1.0,20.0,0.35,False,False,SUCCESS,ACTIVE,False,
UE10224,XYZ405,-95.0,20.0,SUCCESS,2026-07-01T12:42:26+00:00,XYZ405,XYZ407,-95.0,-89.0,20.0,21.0,-98.0,-92.0,HANDOVER,A3,INTRA_NR,SUCCESS,40.0,1,1,105,107,80,0.0,39.0,0.2,False,False,SUCCESS,MISSING,True,missing_neighbor
UE10966,XYZ408,-113.0,-1.0,SUCCESS,2026-07-01T12:45:39+00:00,XYZ408,XYZ406,-113.0,-108.0,-1.0,-1.0,-132.0,-127.0,HANDOVER,A3,INTRA_NR,SUCCESS,25.0,4,4,108,106,40,0.0,25.0,0.05,False,False,SUCCESS,MISSING,True,missing_neighbor
UE10889,XYZ406,-91.0,8.0,SUCCESS,2026-07-01T12:45:08+00:00,XYZ406,XYZ408,-91.0,-87.0,8.0,8.0,-101.0,-97.0,HANDOVER,A3,INTRA_NR,SUCCESS,42.0,8,8,106,108,120,1.0,22.0,0.45,False,False,SUCCESS,ACTIVE,False,
UE10791,XYZ410,-110.0,17.0,SUCCESS,2026-07-01T12:45:01+00:00,XYZ410,XYZ409,-110.0,-106.0,17.0,17.0,-113.0,-109.0,HANDOVER,A3,INTRA_NR,SUCCESS,33.0,5,5,110,109,120,2.0,33.0,0.15,False,False,SUCCESS,ACTIVE,False,
UE10010,XYZ408,-111.0,6.0,SUCCESS,2026-07-01T12:45:56+00:00,XYZ408,XYZ407,-111.0,-108.0,6.0,7.0,-123.0,-119.0,HANDOVER,A3,INTRA_NR,SUCCESS,34.0,4,4,108,107,40,0.0,35.0,0.15,False,False,SUCCESS,ACTIVE,False,
UE10328,XYZ403,-83.0,17.0,TOO_EARLY_HO,2026-07-01T12:43:40+00:00,XYZ403,XYZ404,-83.0,-72.0,17.0,13.0,-86.0,-77.0,HANDOVER,A3,INTRA_NR,HO_DECISION,75.0,1,4,103,104,160,2.0,40.0,0.15,False,False,FAILURE,ACTIVE,False,too_early_handover|mobility_configuration_issue
UE10011,XYZ403,-108.0,8.0,SUCCESS,2026-07-01T12:46:58+00:00,XYZ403,XYZ401,-108.0,-102.0,8.0,7.0,-118.0,-113.0,HANDOVER,A3,INTRA_NR,SUCCESS,33.0,2,2,103,101,160,2.0,24.0,0.2,False,False,SUCCESS,ACTIVE,False,
UE10034,XYZ405,-79.0,12.0,PING_PONG,2026-07-01T12:48:54+00:00,XYZ405,XYZ406,-79.0,-80.0,12.0,8.0,-85.0,-90.0,HANDOVER,A3,INTRA_NR,POST_HO,59.0,6,1,105,106,80,0.0,54.0,3.1,True,False,FAILURE,ACTIVE,False,ping_pong_handover|mobility_configuration_issue|post_ho_rlf|beam_instability
UE10446,XYZ410,-89.0,9.0,SUCCESS,2026-07-01T12:50:14+00:00,XYZ410,XYZ408,-89.0,-85.0,9.0,9.0,-98.0,-94.0,HANDOVER,A3,INTRA_NR,SUCCESS,45.0,3,3,110,108,120,2.0,27.0,0.4,False,False,SUCCESS,ACTIVE,False,
UE10451,XYZ403,-78.0,2.0,SUCCESS,2026-07-01T12:49:23+00:00,XYZ403,XYZ405,-78.0,-74.0,2.0,3.0,-94.0,-89.0,HANDOVER,A3,INTRA_NR,SUCCESS,25.0,1,1,103,105,160,2.0,20.0,0.25,False,False,SUCCESS,ACTIVE,False,
UE10739,XYZ408,-78.0,2.0,SUCCESS,2026-07-01T12:47:13+00:00,XYZ408,XYZ406,-78.0,-74.0,2.0,1.0,-94.0,-91.0,HANDOVER,A3,INTRA_NR,SUCCESS,36.0,5,5,108,106,40,0.0,27.0,0.45,False,False,SUCCESS,MISSING,True,missing_neighbor
UE10219,XYZ410,-77.0,0.0,SUCCESS,2026-07-01T12:49:50+00:00,XYZ410,XYZ408,-77.0,-71.0,0.0,1.0,-95.0,-88.0,HANDOVER,A3,INTRA_NR,SUCCESS,39.0,5,5,110,108,120,2.0,19.0,0.25,False,False,SUCCESS,ACTIVE,False,
UE10440,XYZ408,-85.0,4.0,SUCCESS,2026-07-01T12:51:41+00:00,XYZ408,XYZ410,-85.0,-81.0,4.0,5.0,-99.0,-94.0,HANDOVER,A3,INTRA_NR,SUCCESS,44.0,3,3,108,110,40,0.0,22.0,0.15,False,False,SUCCESS,MISSING,True,missing_neighbor
UE10652,XYZ402,-99.0,6.0,SUCCESS,2026-07-01T12:50:52+00:00,XYZ402,XYZ403,-99.0,-94.0,6.0,5.0,-111.0,-107.0,HANDOVER,A3,INTRA_NR,SUCCESS,36.0,1,1,102,103,80,1.0,16.0,0.05,False,False,SUCCESS,ACTIVE,False,
UE10534,XYZ404,-91.0,17.0,TOO_EARLY_HO,2026-07-01T12:53:54+00:00,XYZ404,XYZ402,-91.0,-84.0,17.0,14.0,-94.0,-88.0,HANDOVER,A3,INTRA_NR,HO_DECISION,82.0,6,3,104,102,40,2.0,29.0,0.25,False,False,FAILURE,ACTIVE,False,too_early_handover|mobility_configuration_issue
UE10594,XYZ410,-81.0,8.0,SUCCESS,2026-07-01T12:52:32+00:00,XYZ410,XYZ408,-81.0,-78.0,8.0,9.0,-91.0,-87.0,HANDOVER,A3,INTRA_NR,SUCCESS,41.0,4,4,110,108,120,2.0,39.0,0.15,False,False,SUCCESS,ACTIVE,False,
UE10228,XYZ401,-91.0,-7.0,SUCCESS,2026-07-01T12:54:51+00:00,XYZ401,XYZ403,-91.0,-86.0,-7.0,-6.0,-116.0,-110.0,HANDOVER,A3,INTRA_NR,SUCCESS,43.0,8,8,101,103,40,0.0,34.0,0.45,False,False,SUCCESS,MISSING,True,missing_neighbor
UE10934,XYZ404,-98.0,11.0,SUCCESS,2026-07-01T12:55:00+00:00,XYZ404,XYZ402,-98.0,-96.0,11.0,12.0,-105.0,-102.0,HANDOVER,A3,INTRA_NR,SUCCESS,33.0,5,5,104,102,40,2.0,17.0,0.25,False,False,SUCCESS,ACTIVE,False,
UE10343,XYZ404,-87.0,11.0,SUCCESS,2026-07-01T12:54:48+00:00,XYZ404,XYZ403,-87.0,-83.0,11.0,12.0,-94.0,-89.0,HANDOVER,A3,INTRA_NR,SUCCESS,37.0,2,2,104,103,40,2.0,25.0,0.45,False,False,SUCCESS,ACTIVE,False,
UE10079,XYZ410,-88.0,23.0,TOO_EARLY_HO,2026-07-01T12:55:46+00:00,XYZ410,XYZ408,-88.0,-76.0,23.0,21.0,-91.0,-79.0,HANDOVER,A3,INTRA_NR,HO_DECISION,87.0,5,2,110,108,120,2.0,50.0,0.1,False,False,FAILURE,ACTIVE,False,too_early_handover|mobility_configuration_issue
UE10352,XYZ409,-117.0,22.0,SUCCESS,2026-07-01T12:54:27+00:00,XYZ409,XYZ410,-117.0,-111.0,22.0,21.0,-120.0,-114.0,HANDOVER,A3,INTRA_NR,SUCCESS,27.0,6,6,109,110,80,1.0,22.0,0.35,False,False,SUCCESS,ACTIVE,False,
UE10395,XYZ403,-114.0,22.0,SUCCESS,2026-07-01T12:54:37+00:00,XYZ403,XYZ405,-114.0,-108.0,22.0,23.0,-117.0,-111.0,HANDOVER,A3,INTRA_NR,SUCCESS,30.0,7,7,103,105,160,2.0,30.0,0.25,False,False,SUCCESS,ACTIVE,False,
UE10289,XYZ402,-111.0,1.0,SUCCESS,2026-07-01T12:54:38+00:00,XYZ402,XYZ403,-111.0,-108.0,1.0,2.0,-128.0,-124.0,HANDOVER,A3,INTRA_NR,SUCCESS,28.0,1,1,102,103,80,1.0,21.0,0.25,False,False,SUCCESS,ACTIVE,False,
UE10454,XYZ409,-105.0,-9.0,SUCCESS,2026-07-01T12:55:35+00:00,XYZ409,XYZ408,-105.0,-101.0,-9.0,-10.0,-132.0,-129.0,HANDOVER,A3,INTRA_NR,SUCCESS,37.0,2,2,109,108,80,1.0,25.0,0.05,False,False,SUCCESS,ACTIVE,False,
UE10842,XYZ409,-91.0,17.0,TOO_EARLY_HO,2026-07-01T12:59:25+00:00,XYZ409,XYZ408,-91.0,-82.0,17.0,13.0,-94.0,-87.0,HANDOVER,A3,INTRA_NR,HO_DECISION,90.0,3,6,109,108,80,1.0,55.0,0.05,False,False,FAILURE,ACTIVE,False,too_early_handover|mobility_configuration_issue
UE10670,XYZ401,-84.0,-1.0,SUCCESS,2026-07-01T12:56:50+00:00,XYZ401,XYZ402,-84.0,-82.0,-1.0,-2.0,-103.0,-102.0,HANDOVER,A3,INTRA_NR,SUCCESS,27.0,3,3,101,102,40,0.0,35.0,0.2,False,False,SUCCESS,ACTIVE,False,
UE10988,XYZ406,-93.0,11.0,SUCCESS,2026-07-01T12:57:43+00:00,XYZ406,XYZ404,-93.0,-88.0,11.0,12.0,-100.0,-94.0,HANDOVER,A3,INTRA_NR,SUCCESS,43.0,2,2,106,104,120,1.0,22.0,0.35,False,False,SUCCESS,ACTIVE,False,
UE10127,XYZ410,-107.0,6.0,PING_PONG,2026-07-01T13:01:12+00:00,XYZ410,XYZ408,-107.0,-107.0,6.0,3.0,-119.0,-122.0,HANDOVER,A3,INTRA_NR,POST_HO,64.0,1,7,110,108,120,2.0,62.0,2.9,True,False,FAILURE,ACTIVE,False,ping_pong_handover|mobility_configuration_issue|post_ho_rlf|beam_instability
UE10701,XYZ408,-103.0,15.0,SUCCESS,2026-07-01T12:59:26+00:00,XYZ408,XYZ410,-103.0,-100.0,15.0,14.0,-106.0,-104.0,HANDOVER,A3,INTRA_NR,SUCCESS,27.0,2,2,108,110,40,0.0,20.0,0.1,False,False,SUCCESS,MISSING,True,missing_neighbor
UE10908,XYZ403,-113.0,-8.0,SUCCESS,2026-07-01T12:59:49+00:00,XYZ403,XYZ402,-113.0,-108.0,-8.0,-7.0,-139.0,-133.0,HANDOVER,A3,INTRA_NR,SUCCESS,31.0,5,5,103,102,160,2.0,27.0,0.25,False,False,SUCCESS,ACTIVE,False,
UE10542,XYZ409,-82.0,-4.0,PREP_FAILURE,2026-07-01T12:59:26+00:00,XYZ409,XYZ408,-82.0,-99.0,-4.0,-6.0,-104.0,-123.0,HANDOVER,A3,INTRA_NR,HO_PREPARATION,53.0,7,8,109,108,80,1.0,33.0,3.0,False,False,FAILURE,ACTIVE,False,handover_preparation_failure|interference_induced_ho_failure
UE10897,XYZ402,-125.0,-3.0,SUCCESS,2026-07-01T13:01:58+00:00,XYZ402,XYZ403,-125.0,-119.0,-3.0,-2.0,-146.0,-139.0,HANDOVER,A3,INTRA_NR,SUCCESS,40.0,1,1,102,103,80,1.0,28.0,0.05,False,False,SUCCESS,ACTIVE,False,
UE10358,XYZ406,-97.0,9.0,SUCCESS,2026-07-01T13:04:51+00:00,XYZ406,XYZ407,-97.0,-94.0,9.0,10.0,-106.0,-102.0,HANDOVER,A3,INTRA_NR,SUCCESS,36.0,2,2,106,107,120,1.0,37.0,0.45,False,False,SUCCESS,ACTIVE,False,
UE10526,XYZ401,-102.0,1.0,SUCCESS,2026-07-01T13:04:09+00:00,XYZ401,XYZ402,-102.0,-97.0,1.0,1.0,-119.0,-114.0,HANDOVER,A3,INTRA_NR,SUCCESS,34.0,5,5,101,102,40,0.0,31.0,0.0,False,False,SUCCESS,ACTIVE,False,
UE10312,XYZ407,-110.0,24.0,SUCCESS,2026-07-01T13:03:01+00:00,XYZ407,XYZ405,-110.0,-105.0,24.0,24.0,-113.0,-108.0,HANDOVER,A3,INTRA_NR,SUCCESS,28.0,2,2,107,105,160,2.0,29.0,0.3,False,False,SUCCESS,ACTIVE,False,
UE10074,XYZ403,-101.0,6.0,SUCCESS,2026-07-01T13:02:50+00:00,XYZ403,XYZ401,-101.0,-98.0,6.0,5.0,-113.0,-111.0,HANDOVER,A3,INTRA_NR,SUCCESS,45.0,3,3,103,101,160,2.0,31.0,0.3,False,False,SUCCESS,ACTIVE,False,
UE10545,XYZ407,-103.0,17.0,SUCCESS,2026-07-01T13:03:53+00:00,XYZ407,XYZ406,-103.0,-99.0,17.0,18.0,-106.0,-102.0,HANDOVER,A3,INTRA_NR,SUCCESS,45.0,8,8,107,106,160,2.0,37.0,0.3,False,False,SUCCESS,ACTIVE,False,
UE10870,XYZ404,-98.0,-1.0,SUCCESS,2026-07-01T13:07:25+00:00,XYZ404,XYZ405,-98.0,-95.0,-1.0,-1.0,-117.0,-114.0,HANDOVER,A3,INTRA_NR,SUCCESS,34.0,2,2,104,105,40,2.0,36.0,0.45,False,False,SUCCESS,ACTIVE,False,
UE10195,XYZ409,-79.0,11.0,SUCCESS,2026-07-01T13:04:28+00:00,XYZ409,XYZ408,-79.0,-75.0,11.0,11.0,-86.0,-82.0,HANDOVER,A3,INTRA_NR,SUCCESS,26.0,4,4,109,108,80,1.0,25.0,0.25,False,False,SUCCESS,ACTIVE,False,
UE10842,XYZ405,-110.0,22.0,SUCCESS,2026-07-01T13:08:40+00:00,XYZ405,XYZ407,-110.0,-106.0,22.0,21.0,-113.0,-109.0,HANDOVER,A3,INTRA_NR,SUCCESS,40.0,3,3,105,107,80,0.0,17.0,0.05,False,False,SUCCESS,MISSING,True,missing_neighbor
UE10028,XYZ403,-83.0,11.0,SUCCESS,2026-07-01T13:09:28+00:00,XYZ403,XYZ401,-83.0,-78.0,11.0,10.0,-90.0,-86.0,HANDOVER,A3,INTRA_NR,SUCCESS,30.0,6,6,103,101,160,2.0,32.0,0.15,False,False,SUCCESS,ACTIVE,False,
UE10705,XYZ408,-88.0,2.0,SUCCESS,2026-07-01T13:09:28+00:00,XYZ408,XYZ410,-88.0,-85.0,2.0,1.0,-104.0,-102.0,HANDOVER,A3,INTRA_NR,SUCCESS,31.0,7,7,108,110,40,0.0,19.0,0.25,False,False,SUCCESS,MISSING,True,missing_neighbor
UE10015,XYZ406,-115.0,16.0,SUCCESS,2026-07-01T13:07:37+00:00,XYZ406,XYZ405,-115.0,-111.0,16.0,17.0,-118.0,-114.0,HANDOVER,A3,INTRA_NR,SUCCESS,29.0,6,6,106,105,120,1.0,33.0,0.2,False,False,SUCCESS,ACTIVE,False,
UE10422,XYZ402,-123.0,4.0,SUCCESS,2026-07-01T13:08:52+00:00,XYZ402,XYZ403,-123.0,-121.0,4.0,5.0,-137.0,-134.0,HANDOVER,A3,INTRA_NR,SUCCESS,44.0,3,3,102,103,80,1.0,39.0,0.3,False,False,SUCCESS,ACTIVE,False,
UE10588,XYZ403,-111.0,11.0,SUCCESS,2026-07-01T13:09:38+00:00,XYZ403,XYZ405,-111.0,-108.0,11.0,11.0,-118.0,-115.0,HANDOVER,A3,INTRA_NR,SUCCESS,40.0,5,5,103,105,160,2.0,26.0,0.2,False,False,SUCCESS,ACTIVE,False,
UE10804,XYZ408,-125.0,19.0,SUCCESS,2026-07-01T13:10:28+00:00,XYZ408,XYZ410,-125.0,-121.0,19.0,19.0,-128.0,-124.0,HANDOVER,A3,INTRA_NR,SUCCESS,39.0,1,1,108,110,40,0.0,17.0,0.0,False,False,SUCCESS,MISSING,True,missing_neighbor
UE10592,XYZ410,-119.0,23.0,SUCCESS,2026-07-01T13:12:06+00:00,XYZ410,XYZ408,-119.0,-114.0,23.0,22.0,-122.0,-117.0,HANDOVER,A3,INTRA_NR,SUCCESS,40.0,3,3,110,108,120,2.0,26.0,0.35,False,False,SUCCESS,ACTIVE,False,
UE10404,XYZ407,-125.0,23.0,PING_PONG,2026-07-01T13:11:49+00:00,XYZ407,XYZ406,-125.0,-123.0,23.0,21.0,-128.0,-126.0,HANDOVER,A3,INTRA_NR,POST_HO,57.0,6,7,107,106,160,2.0,51.0,2.1,True,False,FAILURE,ACTIVE,False,ping_pong_handover|mobility_configuration_issue|post_ho_rlf|coverage_induced_ho_failure|beam_instability
UE10939,XYZ410,-77.0,24.0,TOO_EARLY_HO,2026-07-01T13:10:20+00:00,XYZ410,XYZ409,-77.0,-67.0,24.0,22.0,-80.0,-70.0,HANDOVER,A3,INTRA_NR,HO_DECISION,84.0,7,8,110,109,120,2.0,64.0,0.2,False,False,FAILURE,ACTIVE,False,too_early_handover|mobility_configuration_issue
UE10635,XYZ406,-94.0,8.0,SUCCESS,2026-07-01T13:11:08+00:00,XYZ406,XYZ408,-94.0,-88.0,8.0,8.0,-104.0,-98.0,HANDOVER,A3,INTRA_NR,SUCCESS,40.0,6,6,106,108,120,1.0,18.0,0.25,False,False,SUCCESS,ACTIVE,False,
UE10530,XYZ401,-117.0,-3.0,SUCCESS,2026-07-01T13:11:36+00:00,XYZ401,XYZ402,-117.0,-114.0,-3.0,-3.0,-138.0,-135.0,HANDOVER,A3,INTRA_NR,SUCCESS,30.0,1,1,101,102,40,0.0,31.0,0.15,False,False,SUCCESS,ACTIVE,False,
UE10966,XYZ409,-97.0,22.0,SUCCESS,2026-07-01T13:16:29+00:00,XYZ409,XYZ408,-97.0,-95.0,22.0,22.0,-100.0,-98.0,HANDOVER,A3,INTRA_NR,SUCCESS,25.0,4,4,109,108,80,1.0,25.0,0.05,False,False,SUCCESS,ACTIVE,False,
UE10613,XYZ403,-100.0,17.0,SUCCESS,2026-07-01T13:15:42+00:00,XYZ403,XYZ405,-100.0,-95.0,17.0,18.0,-103.0,-98.0,HANDOVER,A3,INTRA_NR,SUCCESS,43.0,4,4,103,105,160,2.0,29.0,0.45,False,False,SUCCESS,ACTIVE,False,
UE10903,XYZ405,-103.0,14.0,SUCCESS,2026-07-01T13:15:15+00:00,XYZ405,XYZ406,-103.0,-100.0,14.0,13.0,-107.0,-105.0,HANDOVER,A3,INTRA_NR,SUCCESS,34.0,1,1,105,106,80,0.0,26.0,0.1,False,False,SUCCESS,ACTIVE,False,
UE10076,XYZ407,-81.0,6.0,PREP_FAILURE,2026-07-01T13:18:04+00:00,XYZ407,XYZ405,-81.0,-96.0,6.0,3.0,-93.0,-111.0,HANDOVER,A3,INTRA_NR,HO_PREPARATION,47.0,5,3,107,105,160,2.0,57.0,6.8,False,False,FAILURE,ACTIVE,False,handover_preparation_failure
UE10228,XYZ407,-83.0,13.0,TOO_EARLY_HO,2026-07-01T13:18:54+00:00,XYZ407,XYZ406,-83.0,-70.0,13.0,10.0,-88.0,-78.0,HANDOVER,A3,INTRA_NR,HO_DECISION,93.0,8,8,107,106,160,2.0,53.0,0.45,False,False,FAILURE,ACTIVE,False,too_early_handover|mobility_configuration_issue
UE10961,XYZ403,-97.0,10.0,SUCCESS,2026-07-01T13:19:05+00:00,XYZ403,XYZ402,-97.0,-94.0,10.0,9.0,-105.0,-103.0,HANDOVER,A3,INTRA_NR,SUCCESS,38.0,6,6,103,102,160,2.0,21.0,0.05,False,False,SUCCESS,ACTIVE,False,
UE10296,XYZ404,-88.0,-9.0,SUCCESS,2026-07-01T13:17:14+00:00,XYZ404,XYZ405,-88.0,-84.0,-9.0,-8.0,-115.0,-110.0,HANDOVER,A3,INTRA_NR,SUCCESS,33.0,4,4,104,105,40,2.0,33.0,0.25,False,False,SUCCESS,ACTIVE,False,
UE10509,XYZ410,-93.0,20.0,TOO_EARLY_HO,2026-07-01T13:20:45+00:00,XYZ410,XYZ409,-93.0,-80.0,20.0,18.0,-96.0,-83.0,HANDOVER,A3,INTRA_NR,HO_DECISION,77.0,5,6,110,109,120,2.0,27.0,0.4,False,False,FAILURE,ACTIVE,False,too_early_handover|mobility_configuration_issue
UE10714,XYZ407,-119.0,22.0,SUCCESS,2026-07-01T13:17:13+00:00,XYZ407,XYZ409,-119.0,-115.0,22.0,22.0,-122.0,-118.0,HANDOVER,A3,INTRA_NR,SUCCESS,27.0,7,7,107,109,160,2.0,29.0,0.0,False,False,SUCCESS,ACTIVE,False,
UE10983,XYZ408,-114.0,19.0,PREP_FAILURE,2026-07-01T13:19:10+00:00,XYZ408,XYZ406,-114.0,-123.0,19.0,16.0,-117.0,-126.0,HANDOVER,A3,INTRA_NR,HO_PREPARATION,37.0,2,3,108,106,40,0.0,27.0,3.1,False,False,FAILURE,MISSING,True,handover_preparation_failure|missing_neighbor|coverage_induced_ho_failure
UE10965,XYZ402,-95.0,1.0,TOO_LATE_HO,2026-07-01T13:20:10+00:00,XYZ402,XYZ403,-95.0,-110.0,1.0,-2.0,-112.0,-130.0,HANDOVER,A5,INTRA_NR,HO_DECISION,12.0,1,6,102,103,80,1.0,52.0,0.1,True,False,FAILURE,ACTIVE,False,too_late_handover|mobility_configuration_issue
UE10572,XYZ409,-94.0,1.0,SUCCESS,2026-07-01T13:21:19+00:00,XYZ409,XYZ407,-94.0,-91.0,1.0,0.0,-111.0,-109.0,HANDOVER,A3,INTRA_NR,SUCCESS,33.0,5,5,109,107,80,1.0,36.0,0.45,False,False,SUCCESS,ACTIVE,False,
UE10537,XYZ407,-106.0,13.0,SUCCESS,2026-07-01T13:21:24+00:00,XYZ407,XYZ408,-106.0,-100.0,13.0,14.0,-111.0,-104.0,HANDOVER,A3,INTRA_NR,SUCCESS,34.0,5,5,107,108,160,2.0,20.0,0.35,False,False,SUCCESS,ACTIVE,False,
UE10582,XYZ408,-109.0,13.0,PREP_FAILURE,2026-07-01T13:21:32+00:00,XYZ408,XYZ406,-109.0,-126.0,13.0,11.0,-114.0,-133.0,HANDOVER,A3,INTRA_NR,HO_PREPARATION,41.0,7,1,108,106,40,0.0,47.0,4.1,False,False,FAILURE,MISSING,True,handover_preparation_failure|missing_neighbor|coverage_induced_ho_failure
UE10614,XYZ406,-90.0,0.0,SUCCESS,2026-07-01T13:22:12+00:00,XYZ406,XYZ404,-90.0,-85.0,0.0,-1.0,-108.0,-104.0,HANDOVER,A3,INTRA_NR,SUCCESS,39.0,7,7,106,104,120,1.0,18.0,0.4,False,False,SUCCESS,ACTIVE,False,
UE10978,XYZ406,-123.0,2.0,SUCCESS,2026-07-01T13:22:57+00:00,XYZ406,XYZ404,-123.0,-117.0,2.0,2.0,-139.0,-133.0,HANDOVER,A3,INTRA_NR,SUCCESS,32.0,5,5,106,104,120,1.0,30.0,0.15,False,False,SUCCESS,ACTIVE,False,
UE10325,XYZ409,-125.0,16.0,SUCCESS,2026-07-01T13:25:27+00:00,XYZ409,XYZ407,-125.0,-121.0,16.0,17.0,-128.0,-124.0,HANDOVER,A3,INTRA_NR,SUCCESS,39.0,3,3,109,107,80,1.0,34.0,0.0,False,False,SUCCESS,ACTIVE,False,
UE10362,XYZ404,-76.0,-3.0,SUCCESS,2026-07-01T13:23:06+00:00,XYZ404,XYZ403,-76.0,-71.0,-3.0,-2.0,-97.0,-91.0,HANDOVER,A3,INTRA_NR,SUCCESS,39.0,8,8,104,103,40,2.0,38.0,0.05,False,False,SUCCESS,ACTIVE,False,
UE10668,XYZ405,-99.0,-1.0,SUCCESS,2026-07-01T13:24:45+00:00,XYZ405,XYZ407,-99.0,-94.0,-1.0,0.0,-118.0,-112.0,HANDOVER,A3,INTRA_NR,SUCCESS,36.0,2,2,105,107,80,0.0,16.0,0.25,False,False,SUCCESS,MISSING,True,missing_neighbor
UE10874,XYZ409,-79.0,-3.0,PREP_FAILURE,2026-07-01T13:26:51+00:00,XYZ409,XYZ410,-79.0,-97.0,-3.0,-6.0,-100.0,-121.0,HANDOVER,A3,INTRA_NR,HO_PREPARATION,36.0,8,6,109,110,80,1.0,52.0,7.6,False,False,FAILURE,ACTIVE,False,handover_preparation_failure|interference_induced_ho_failure
UE10358,XYZ401,-86.0,9.0,SUCCESS,2026-07-01T13:28:54+00:00,XYZ401,XYZ402,-86.0,-82.0,9.0,8.0,-95.0,-92.0,HANDOVER,A3,INTRA_NR,SUCCESS,36.0,2,2,101,102,40,0.0,37.0,0.45,False,False,SUCCESS,ACTIVE,False,
UE10705,XYZ404,-93.0,-3.0,SUCCESS,2026-07-01T13:28:35+00:00,XYZ404,XYZ402,-93.0,-91.0,-3.0,-3.0,-114.0,-112.0,HANDOVER,A3,INTRA_NR,SUCCESS,31.0,7,7,104,102,40,2.0,19.0,0.25,False,False,SUCCESS,ACTIVE,False,
UE10786,XYZ407,-106.0,-2.0,SUCCESS,2026-07-01T13:28:45+00:00,XYZ407,XYZ409,-106.0,-102.0,-2.0,-1.0,-126.0,-121.0,HANDOVER,A3,INTRA_NR,SUCCESS,41.0,7,7,107,109,160,2.0,25.0,0.35,False,False,SUCCESS,ACTIVE,False,
UE10323,XYZ409,-112.0,-4.0,PREP_FAILURE,2026-07-01T13:28:49+00:00,XYZ409,XYZ408,-112.0,-124.0,-4.0,-7.0,-134.0,-149.0,HANDOVER,A3,INTRA_NR,HO_PREPARATION,36.0,3,3,109,108,80,1.0,59.0,5.8,False,False,FAILURE,ACTIVE,False,handover_preparation_failure|coverage_induced_ho_failure|interference_induced_ho_failure
UE10697,XYZ410,-90.0,3.0,SUCCESS,2026-07-01T13:28:54+00:00,XYZ410,XYZ408,-90.0,-85.0,3.0,3.0,-105.0,-100.0,HANDOVER,A3,INTRA_NR,SUCCESS,38.0,4,4,110,108,120,2.0,17.0,0.2,False,False,SUCCESS,ACTIVE,False,
UE10325,XYZ406,-121.0,17.0,SUCCESS,2026-07-01T13:31:00+00:00,XYZ406,XYZ408,-121.0,-118.0,17.0,17.0,-124.0,-121.0,HANDOVER,A3,INTRA_NR,SUCCESS,39.0,3,3,106,108,120,1.0,34.0,0.0,False,False,SUCCESS,ACTIVE,False,
UE10624,XYZ408,-103.0,-9.0,SUCCESS,2026-07-01T13:29:35+00:00,XYZ408,XYZ409,-103.0,-97.0,-9.0,-8.0,-130.0,-123.0,HANDOVER,A3,INTRA_NR,SUCCESS,27.0,2,2,108,109,40,0.0,19.0,0.45,False,False,SUCCESS,ACTIVE,False,
UE10824,XYZ409,-81.0,-3.0,SUCCESS,2026-07-01T13:31:03+00:00,XYZ409,XYZ410,-81.0,-77.0,-3.0,-2.0,-102.0,-97.0,HANDOVER,A3,INTRA_NR,SUCCESS,27.0,7,7,109,110,80,1.0,34.0,0.05,False,False,SUCCESS,ACTIVE,False,
UE10164,XYZ410,-111.0,2.0,SUCCESS,2026-07-01T13:34:16+00:00,XYZ410,XYZ409,-111.0,-106.0,2.0,2.0,-127.0,-122.0,HANDOVER,A3,INTRA_NR,SUCCESS,28.0,7,7,110,109,120,2.0,33.0,0.4,False,False,SUCCESS,ACTIVE,False,
UE10572,XYZ404,-120.0,10.0,SUCCESS,2026-07-01T13:32:25+00:00,XYZ404,XYZ403,-120.0,-116.0,10.0,10.0,-128.0,-124.0,HANDOVER,A3,INTRA_NR,SUCCESS,33.0,5,5,104,103,40,2.0,36.0,0.45,False,False,SUCCESS,ACTIVE,False,
UE10603,XYZ401,-93.0,17.0,TOO_EARLY_HO,2026-07-01T13:33:22+00:00,XYZ401,XYZ403,-93.0,-84.0,17.0,13.0,-96.0,-89.0,HANDOVER,A3,INTRA_NR,HO_DECISION,80.0,4,5,101,103,40,0.0,40.0,0.35,False,False,FAILURE,MISSING,True,too_early_handover|mobility_configuration_issue|missing_neighbor
UE10797,XYZ408,-107.0,24.0,XN_FAILURE,2026-07-01T13:35:10+00:00,XYZ408,XYZ406,-107.0,-123.0,24.0,20.0,-110.0,-126.0,HANDOVER,A3,INTER_GNB_XN,HO_PREPARATION,53.0,5,1,108,106,40,0.0,159.0,8.5,False,False,FAILURE,MISSING,True,handover_preparation_failure|missing_neighbor|xn_transport_failure|coverage_induced_ho_failure
UE10454,XYZ402,-113.0,12.0,SUCCESS,2026-07-01T13:32:35+00:00,XYZ402,XYZ403,-113.0,-107.0,12.0,11.0,-119.0,-114.0,HANDOVER,A3,INTRA_NR,SUCCESS,37.0,2,2,102,103,80,1.0,25.0,0.05,False,False,SUCCESS,ACTIVE,False,
UE10968,XYZ401,-97.0,4.0,SUCCESS,2026-07-01T13:35:01+00:00,XYZ401,XYZ403,-97.0,-93.0,4.0,3.0,-111.0,-108.0,HANDOVER,A3,INTRA_NR,SUCCESS,27.0,1,1,101,103,40,0.0,27.0,0.0,False,False,SUCCESS,MISSING,True,missing_neighbor
UE10152,XYZ407,-120.0,-9.0,SUCCESS,2026-07-01T13:33:22+00:00,XYZ407,XYZ409,-120.0,-114.0,-9.0,-10.0,-147.0,-142.0,HANDOVER,A3,INTRA_NR,SUCCESS,44.0,2,2,107,109,160,2.0,36.0,0.2,False,False,SUCCESS,ACTIVE,False,
UE10736,XYZ410,-111.0,1.0,SUCCESS,2026-07-01T13:34:52+00:00,XYZ410,XYZ408,-111.0,-108.0,1.0,2.0,-128.0,-124.0,HANDOVER,A3,INTRA_NR,SUCCESS,38.0,1,1,110,108,120,2.0,30.0,0.45,False,False,SUCCESS,ACTIVE,False,
UE10126,XYZ409,-110.0,-8.0,SUCCESS,2026-07-01T13:39:10+00:00,XYZ409,XYZ407,-110.0,-106.0,-8.0,-9.0,-136.0,-133.0,HANDOVER,A3,INTRA_NR,SUCCESS,38.0,2,2,109,107,80,1.0,19.0,0.1,False,False,SUCCESS,ACTIVE,False,
UE10192,XYZ409,-102.0,-6.0,SUCCESS,2026-07-01T13:35:52+00:00,XYZ409,XYZ408,-102.0,-99.0,-6.0,-7.0,-126.0,-124.0,HANDOVER,A3,INTRA_NR,SUCCESS,29.0,5,5,109,108,80,1.0,34.0,0.1,False,False,SUCCESS,ACTIVE,False,
UE10626,XYZ403,-103.0,-8.0,SUCCESS,2026-07-01T13:37:38+00:00,XYZ403,XYZ405,-103.0,-99.0,-8.0,-9.0,-129.0,-126.0,HANDOVER,A3,INTRA_NR,SUCCESS,38.0,3,3,103,105,160,2.0,15.0,0.05,False,False,SUCCESS,ACTIVE,False,
UE10773,XYZ406,-78.0,8.0,SUCCESS,2026-07-01T13:37:54+00:00,XYZ406,XYZ405,-78.0,-74.0,8.0,8.0,-88.0,-84.0,HANDOVER,A3,INTRA_NR,SUCCESS,38.0,8,8,106,105,120,1.0,33.0,0.2,False,False,SUCCESS,ACTIVE,False,
UE10529,XYZ407,-116.0,-9.0,SUCCESS,2026-07-01T13:41:36+00:00,XYZ407,XYZ406,-116.0,-111.0,-9.0,-9.0,-143.0,-138.0,HANDOVER,A3,INTRA_NR,SUCCESS,34.0,5,5,107,106,160,2.0,35.0,0.4,False,False,SUCCESS,ACTIVE,False,
UE10009,XYZ410,-85.0,6.0,SUCCESS,2026-07-01T13:39:14+00:00,XYZ410,XYZ409,-85.0,-82.0,6.0,6.0,-97.0,-94.0,HANDOVER,A3,INTRA_NR,SUCCESS,31.0,1,1,110,109,120,2.0,35.0,0.1,False,False,SUCCESS,ACTIVE,False,
UE10091,XYZ409,-85.0,3.0,SUCCESS,2026-07-01T13:42:30+00:00,XYZ409,XYZ407,-85.0,-80.0,3.0,3.0,-100.0,-95.0,HANDOVER,A3,INTRA_NR,SUCCESS,41.0,1,1,109,107,80,1.0,20.0,0.0,False,False,SUCCESS,ACTIVE,False,
UE10138,XYZ402,-77.0,17.0,TOO_EARLY_HO,2026-07-01T13:43:22+00:00,XYZ402,XYZ403,-77.0,-67.0,17.0,15.0,-80.0,-70.0,HANDOVER,A3,INTRA_NR,HO_DECISION,94.0,4,4,102,103,80,1.0,59.0,0.05,False,False,FAILURE,ACTIVE,False,too_early_handover|mobility_configuration_issue
UE10480,XYZ408,-109.0,16.0,SUCCESS,2026-07-01T13:40:30+00:00,XYZ408,XYZ406,-109.0,-107.0,16.0,17.0,-112.0,-110.0,HANDOVER,A3,INTRA_NR,SUCCESS,33.0,1,1,108,106,40,0.0,18.0,0.4,False,False,SUCCESS,MISSING,True,missing_neighbor
UE10448,XYZ407,-77.0,-1.0,TOO_LATE_HO,2026-07-01T13:40:32+00:00,XYZ407,XYZ405,-77.0,-87.0,-1.0,-5.0,-96.0,-110.0,HANDOVER,A5,INTRA_NR,HO_DECISION,24.0,1,3,107,105,160,2.0,40.0,0.35,False,True,FAILURE,ACTIVE,False,too_late_handover|mobility_configuration_issue|post_ho_rlf|interference_induced_ho_failure
UE10332,XYZ404,-82.0,-8.0,PREP_FAILURE,2026-07-01T13:45:09+00:00,XYZ404,XYZ405,-82.0,-91.0,-8.0,-11.0,-108.0,-120.0,HANDOVER,A3,INTRA_NR,HO_PREPARATION,43.0,6,3,104,105,40,2.0,52.0,9.3,False,False,FAILURE,ACTIVE,False,handover_preparation_failure|interference_induced_ho_failure
UE10868,XYZ402,-81.0,14.0,TOO_EARLY_HO,2026-07-01T13:43:31+00:00,XYZ402,XYZ403,-81.0,-69.0,14.0,12.0,-85.0,-75.0,HANDOVER,A3,INTRA_NR,HO_DECISION,79.0,3,7,102,103,80,1.0,28.0,0.1,False,False,FAILURE,ACTIVE,False,too_early_handover|mobility_configuration_issue
UE10339,XYZ408,-96.0,11.0,SUCCESS,2026-07-01T13:42:01+00:00,XYZ408,XYZ410,-96.0,-94.0,11.0,11.0,-103.0,-101.0,HANDOVER,A3,INTRA_NR,SUCCESS,32.0,6,6,108,110,40,0.0,19.0,0.35,False,False,SUCCESS,MISSING,True,missing_neighbor
UE10960,XYZ405,-82.0,19.0,TOO_EARLY_HO,2026-07-01T13:43:41+00:00,XYZ405,XYZ403,-82.0,-70.0,19.0,17.0,-85.0,-73.0,HANDOVER,A3,INTRA_NR,HO_DECISION,78.0,7,2,105,103,80,0.0,64.0,0.35,False,False,FAILURE,MISSING,True,too_early_handover|mobility_configuration_issue|missing_neighbor
UE10051,XYZ406,-80.0,10.0,SUCCESS,2026-07-01T13:45:17+00:00,XYZ406,XYZ405,-80.0,-76.0,10.0,11.0,-88.0,-83.0,HANDOVER,A3,INTRA_NR,SUCCESS,31.0,3,3,106,105,120,1.0,18.0,0.25,False,False,SUCCESS,ACTIVE,False,
UE10706,XYZ407,-116.0,19.0,SUCCESS,2026-07-01T13:46:30+00:00,XYZ407,XYZ408,-116.0,-111.0,19.0,19.0,-119.0,-114.0,HANDOVER,A3,INTRA_NR,SUCCESS,34.0,5,5,107,108,160,2.0,16.0,0.4,False,False,SUCCESS,ACTIVE,False,
UE10465,XYZ410,-107.0,17.0,SUCCESS,2026-07-01T13:47:29+00:00,XYZ410,XYZ409,-107.0,-105.0,17.0,16.0,-110.0,-108.0,HANDOVER,A3,INTRA_NR,SUCCESS,33.0,8,8,110,109,120,2.0,31.0,0.1,False,False,SUCCESS,ACTIVE,False,
UE10717,XYZ401,-97.0,20.0,SUCCESS,2026-07-01T13:49:07+00:00,XYZ401,XYZ403,-97.0,-91.0,20.0,21.0,-100.0,-94.0,HANDOVER,A3,INTRA_NR,SUCCESS,40.0,5,5,101,103,40,0.0,23.0,0.1,False,False,SUCCESS,MISSING,True,missing_neighbor
UE10798,XYZ408,-124.0,15.0,SUCCESS,2026-07-01T13:48:25+00:00,XYZ408,XYZ410,-124.0,-121.0,15.0,16.0,-127.0,-124.0,HANDOVER,A3,INTRA_NR,SUCCESS,45.0,8,8,108,110,40,0.0,38.0,0.2,False,False,SUCCESS,MISSING,True,missing_neighbor
UE10474,XYZ404,-90.0,11.0,SUCCESS,2026-07-01T13:45:57+00:00,XYZ404,XYZ405,-90.0,-88.0,11.0,11.0,-97.0,-95.0,HANDOVER,A3,INTRA_NR,SUCCESS,26.0,4,4,104,105,40,2.0,25.0,0.45,False,False,SUCCESS,ACTIVE,False,
UE10400,XYZ409,-107.0,10.0,SUCCESS,2026-07-01T13:46:45+00:00,XYZ409,XYZ410,-107.0,-103.0,10.0,10.0,-115.0,-111.0,HANDOVER,A3,INTRA_NR,SUCCESS,36.0,4,4,109,110,80,1.0,19.0,0.4,False,False,SUCCESS,ACTIVE,False,
UE10438,XYZ401,-119.0,-10.0,SUCCESS,2026-07-01T13:49:58+00:00,XYZ401,XYZ403,-119.0,-114.0,-10.0,-10.0,-147.0,-142.0,HANDOVER,A3,INTRA_NR,SUCCESS,34.0,1,1,101,103,40,0.0,27.0,0.35,False,False,SUCCESS,MISSING,True,missing_neighbor
UE10877,XYZ402,-100.0,2.0,SUCCESS,2026-07-01T13:49:43+00:00,XYZ402,XYZ403,-100.0,-94.0,2.0,2.0,-116.0,-110.0,HANDOVER,A3,INTRA_NR,SUCCESS,27.0,2,2,102,103,80,1.0,18.0,0.4,False,False,SUCCESS,ACTIVE,False,
UE10604,XYZ406,-111.0,10.0,SUCCESS,2026-07-01T13:52:14+00:00,XYZ406,XYZ407,-111.0,-109.0,10.0,11.0,-119.0,-116.0,HANDOVER,A3,INTRA_NR,SUCCESS,26.0,4,4,106,107,120,1.0,25.0,0.45,False,False,SUCCESS,ACTIVE,False,
UE10931,XYZ410,-79.0,-2.0,SUCCESS,2026-07-01T13:53:49+00:00,XYZ410,XYZ408,-79.0,-73.0,-2.0,-2.0,-99.0,-93.0,HANDOVER,A3,INTRA_NR,SUCCESS,27.0,7,7,110,108,120,2.0,27.0,0.3,False,False,SUCCESS,ACTIVE,False,
UE10996,XYZ401,-88.0,6.0,SUCCESS,2026-07-01T13:52:13+00:00,XYZ401,XYZ402,-88.0,-83.0,6.0,7.0,-100.0,-94.0,HANDOVER,A3,INTRA_NR,SUCCESS,38.0,3,3,101,102,40,0.0,33.0,0.3,False,False,SUCCESS,ACTIVE,False,
UE10921,XYZ404,-123.0,10.0,XN_FAILURE,2026-07-01T13:52:30+00:00,XYZ404,XYZ406,-123.0,-131.0,10.0,8.0,-131.0,-141.0,HANDOVER,A3,INTER_GNB_XN,HO_PREPARATION,48.0,1,1,104,106,40,2.0,196.0,2.1,False,False,FAILURE,ACTIVE,False,handover_preparation_failure|xn_transport_failure|coverage_induced_ho_failure
UE10820,XYZ408,-88.0,20.0,TOO_EARLY_HO,2026-07-01T13:55:35+00:00,XYZ408,XYZ407,-88.0,-76.0,20.0,17.0,-91.0,-79.0,HANDOVER,A3,INTRA_NR,HO_DECISION,90.0,1,4,108,107,40,0.0,35.0,0.0,False,False,FAILURE,ACTIVE,False,too_early_handover|mobility_configuration_issue
UE10656,XYZ410,-110.0,11.0,SUCCESS,2026-07-01T13:53:39+00:00,XYZ410,XYZ408,-110.0,-108.0,11.0,10.0,-117.0,-116.0,HANDOVER,A3,INTRA_NR,SUCCESS,30.0,5,5,110,108,120,2.0,23.0,0.0,False,False,SUCCESS,ACTIVE,False,
UE10597,XYZ405,-124.0,1.0,SUCCESS,2026-07-01T13:52:26+00:00,XYZ405,XYZ403,-124.0,-121.0,1.0,0.0,-141.0,-139.0,HANDOVER,A3,INTRA_NR,SUCCESS,38.0,1,1,105,103,80,0.0,23.0,0.0,False,False,SUCCESS,MISSING,True,missing_neighbor
UE10508,XYZ409,-95.0,-5.0,SUCCESS,2026-07-01T13:54:54+00:00,XYZ409,XYZ410,-95.0,-92.0,-5.0,-6.0,-118.0,-116.0,HANDOVER,A3,INTRA_NR,SUCCESS,45.0,3,3,109,110,80,1.0,22.0,0.4,False,False,SUCCESS,ACTIVE,False,
UE10152,XYZ406,-98.0,5.0,SUCCESS,2026-07-01T13:53:43+00:00,XYZ406,XYZ405,-98.0,-96.0,5.0,4.0,-111.0,-110.0,HANDOVER,A3,INTRA_NR,SUCCESS,44.0,2,2,106,105,120,1.0,36.0,0.2,False,False,SUCCESS,ACTIVE,False,
UE10513,XYZ401,-119.0,15.0,SUCCESS,2026-07-01T13:58:25+00:00,XYZ401,XYZ402,-119.0,-114.0,15.0,14.0,-122.0,-118.0,HANDOVER,A3,INTRA_NR,SUCCESS,44.0,2,2,101,102,40,0.0,28.0,0.25,False,False,SUCCESS,ACTIVE,False,
UE10502,XYZ406,-96.0,-6.0,PING_PONG,2026-07-01T13:55:08+00:00,XYZ406,XYZ408,-96.0,-98.0,-6.0,-10.0,-120.0,-126.0,HANDOVER,A3,INTRA_NR,POST_HO,47.0,6,5,106,108,120,1.0,44.0,0.6,True,False,FAILURE,ACTIVE,False,ping_pong_handover|mobility_configuration_issue|post_ho_rlf|interference_induced_ho_failure|beam_instability
UE10853,XYZ406,-83.0,-2.0,SUCCESS,2026-07-01T13:57:52+00:00,XYZ406,XYZ407,-83.0,-80.0,-2.0,-1.0,-103.0,-99.0,HANDOVER,A3,INTRA_NR,SUCCESS,26.0,7,7,106,107,120,1.0,30.0,0.2,False,False,SUCCESS,ACTIVE,False,
UE10900,XYZ406,-119.0,3.0,SUCCESS,2026-07-01T13:57:54+00:00,XYZ406,XYZ407,-119.0,-116.0,3.0,2.0,-134.0,-132.0,HANDOVER,A3,INTRA_NR,SUCCESS,40.0,5,5,106,107,120,1.0,39.0,0.25,False,False,SUCCESS,ACTIVE,False,
UE10771,XYZ408,-90.0,19.0,TOO_EARLY_HO,2026-07-01T13:59:14+00:00,XYZ408,XYZ409,-90.0,-82.0,19.0,15.0,-93.0,-85.0,HANDOVER,A3,INTRA_NR,HO_DECISION,89.0,2,3,108,109,40,0.0,57.0,0.1,False,False,FAILURE,ACTIVE,False,too_early_handover|mobility_configuration_issue
UE10675,XYZ406,-97.0,15.0,SUCCESS,2026-07-01T13:59:17+00:00,XYZ406,XYZ405,-97.0,-95.0,15.0,14.0,-100.0,-99.0,HANDOVER,A3,INTRA_NR,SUCCESS,30.0,4,4,106,105,120,1.0,20.0,0.35,False,False,SUCCESS,ACTIVE,False,
UE10005,XYZ405,-102.0,18.0,SUCCESS,2026-07-01T14:01:54+00:00,XYZ405,XYZ407,-102.0,-99.0,18.0,17.0,-105.0,-102.0,HANDOVER,A3,INTRA_NR,SUCCESS,41.0,7,7,105,107,80,0.0,28.0,0.25,False,False,SUCCESS,MISSING,True,missing_neighbor
UE10499,XYZ402,-87.0,8.0,SUCCESS,2026-07-01T14:00:15+00:00,XYZ402,XYZ403,-87.0,-82.0,8.0,8.0,-97.0,-92.0,HANDOVER,A3,INTRA_NR,SUCCESS,36.0,6,6,102,103,80,1.0,20.0,0.4,False,False,SUCCESS,ACTIVE,False,
UE10660,XYZ404,-122.0,-3.0,SUCCESS,2026-07-01T14:02:28+00:00,XYZ404,XYZ405,-122.0,-120.0,-3.0,-2.0,-143.0,-140.0,HANDOVER,A3,INTRA_NR,SUCCESS,43.0,2,2,104,105,40,2.0,38.0,0.15,False,False,SUCCESS,ACTIVE,False,
UE10716,XYZ410,-97.0,12.0,TOO_LATE_HO,2026-07-01T13:59:44+00:00,XYZ410,XYZ409,-97.0,-116.0,12.0,8.0,-103.0,-126.0,HANDOVER,A5,INTRA_NR,HO_DECISION,7.0,7,4,110,109,120,2.0,56.0,0.3,False,False,FAILURE,ACTIVE,False,too_late_handover|mobility_configuration_issue|coverage_induced_ho_failure
UE10117,XYZ405,-82.0,24.0,TOO_EARLY_HO,2026-07-01T14:02:31+00:00,XYZ405,XYZ407,-82.0,-73.0,24.0,20.0,-85.0,-76.0,HANDOVER,A3,INTRA_NR,HO_DECISION,83.0,5,2,105,107,80,0.0,39.0,0.0,False,False,FAILURE,MISSING,True,too_early_handover|mobility_configuration_issue|missing_neighbor
UE10484,XYZ410,-121.0,20.0,SUCCESS,2026-07-01T14:02:31+00:00,XYZ410,XYZ408,-121.0,-115.0,20.0,21.0,-124.0,-118.0,HANDOVER,A3,INTRA_NR,SUCCESS,32.0,6,6,110,108,120,2.0,35.0,0.05,False,False,SUCCESS,ACTIVE,False,
UE10600,XYZ404,-97.0,24.0,PING_PONG,2026-07-01T14:03:53+00:00,XYZ404,XYZ403,-97.0,-95.0,24.0,20.0,-100.0,-98.0,HANDOVER,A3,INTRA_NR,POST_HO,55.0,4,1,104,103,40,2.0,43.0,0.4,True,False,FAILURE,ACTIVE,False,ping_pong_handover|mobility_configuration_issue|post_ho_rlf|beam_instability
UE10665,XYZ402,-96.0,21.0,SUCCESS,2026-07-01T14:02:13+00:00,XYZ402,XYZ403,-96.0,-93.0,21.0,20.0,-99.0,-96.0,HANDOVER,A3,INTRA_NR,SUCCESS,28.0,4,4,102,103,80,1.0,30.0,0.2,False,False,SUCCESS,ACTIVE,False,
UE10950,XYZ407,-97.0,-6.0,TOO_LATE_HO,2026-07-01T14:05:04+00:00,XYZ407,XYZ406,-97.0,-108.0,-6.0,-8.0,-121.0,-134.0,HANDOVER,A5,INTRA_NR,HO_DECISION,20.0,2,3,107,106,160,2.0,38.0,0.05,True,False,FAILURE,ACTIVE,False,too_late_handover|mobility_configuration_issue|interference_induced_ho_failure
UE10678,XYZ410,-100.0,5.0,PING_PONG,2026-07-01T14:05:22+00:00,XYZ410,XYZ408,-100.0,-102.0,5.0,3.0,-113.0,-117.0,HANDOVER,A3,INTRA_NR,POST_HO,48.0,3,8,110,108,120,2.0,53.0,0.3,True,True,FAILURE,ACTIVE,False,ping_pong_handover|mobility_configuration_issue|post_ho_rlf|beam_instability
UE10467,XYZ410,-107.0,6.0,N2_FAILURE,2026-07-01T14:04:37+00:00,XYZ410,XYZ409,-107.0,-118.0,6.0,4.0,-119.0,-132.0,HANDOVER,A3,INTER_GNB_NG,HO_PREPARATION,57.0,8,2,110,109,120,2.0,38.0,2.4,False,False,FAILURE,ACTIVE,False,handover_preparation_failure|coverage_induced_ho_failure
UE10160,XYZ402,-100.0,21.0,SUCCESS,2026-07-01T14:07:27+00:00,XYZ402,XYZ403,-100.0,-97.0,21.0,22.0,-103.0,-100.0,HANDOVER,A3,INTRA_NR,SUCCESS,37.0,6,6,102,103,80,1.0,38.0,0.25,False,False,SUCCESS,ACTIVE,False,
UE10269,XYZ401,-89.0,21.0,TOO_EARLY_HO,2026-07-01T14:05:17+00:00,XYZ401,XYZ402,-89.0,-82.0,21.0,19.0,-92.0,-85.0,HANDOVER,A3,INTRA_NR,HO_DECISION,87.0,5,8,101,102,40,0.0,60.0,0.35,False,False,FAILURE,ACTIVE,False,too_early_handover|mobility_configuration_issue
UE10055,XYZ405,-99.0,9.0,SUCCESS,2026-07-01T14:07:29+00:00,XYZ405,XYZ403,-99.0,-94.0,9.0,10.0,-108.0,-102.0,HANDOVER,A3,INTRA_NR,SUCCESS,30.0,4,4,105,103,80,0.0,37.0,0.15,False,False,SUCCESS,MISSING,True,missing_neighbor
UE10227,XYZ401,-96.0,-9.0,TOO_LATE_HO,2026-07-01T14:07:21+00:00,XYZ401,XYZ402,-96.0,-113.0,-9.0,-11.0,-123.0,-142.0,HANDOVER,A5,INTRA_NR,HO_DECISION,23.0,6,8,101,102,40,0.0,34.0,0.3,False,False,FAILURE,ACTIVE,False,too_late_handover|mobility_configuration_issue|coverage_induced_ho_failure|interference_induced_ho_failure
UE10848,XYZ401,-96.0,9.0,SUCCESS,2026-07-01T14:08:09+00:00,XYZ401,XYZ402,-96.0,-92.0,9.0,8.0,-105.0,-102.0,HANDOVER,A3,INTRA_NR,SUCCESS,30.0,6,6,101,102,40,0.0,15.0,0.4,False,False,SUCCESS,ACTIVE,False,
UE10148,XYZ401,-123.0,7.0,SUCCESS,2026-07-01T14:11:53+00:00,XYZ401,XYZ403,-123.0,-121.0,7.0,8.0,-134.0,-131.0,HANDOVER,A3,INTRA_NR,SUCCESS,39.0,6,6,101,103,40,0.0,31.0,0.05,False,False,SUCCESS,MISSING,True,missing_neighbor
UE10045,XYZ406,-83.0,-10.0,SUCCESS,2026-07-01T14:09:00+00:00,XYZ406,XYZ404,-83.0,-77.0,-10.0,-10.0,-111.0,-105.0,HANDOVER,A3,INTRA_NR,SUCCESS,28.0,6,6,106,104,120,1.0,28.0,0.25,False,False,SUCCESS,ACTIVE,False,
UE10143,XYZ409,-119.0,18.0,SUCCESS,2026-07-01T14:13:28+00:00,XYZ409,XYZ408,-119.0,-113.0,18.0,17.0,-122.0,-116.0,HANDOVER,A3,INTRA_NR,SUCCESS,37.0,5,5,109,108,80,1.0,15.0,0.3,False,False,SUCCESS,ACTIVE,False,
UE10749,XYZ410,-77.0,18.0,TOO_EARLY_HO,2026-07-01T14:12:46+00:00,XYZ410,XYZ408,-77.0,-71.0,18.0,16.0,-80.0,-74.0,HANDOVER,A3,INTRA_NR,HO_DECISION,85.0,8,5,110,108,120,2.0,29.0,0.45,False,False,FAILURE,ACTIVE,False,too_early_handover|mobility_configuration_issue
UE10783,XYZ401,-117.0,8.0,SUCCESS,2026-07-01T14:12:52+00:00,XYZ401,XYZ402,-117.0,-111.0,8.0,7.0,-127.0,-122.0,HANDOVER,A3,INTRA_NR,SUCCESS,44.0,8,8,101,102,40,0.0,17.0,0.1,False,False,SUCCESS,ACTIVE,False,
UE10631,XYZ405,-85.0,-5.0,SUCCESS,2026-07-01T14:11:36+00:00,XYZ405,XYZ406,-85.0,-82.0,-5.0,-4.0,-108.0,-104.0,HANDOVER,A3,INTRA_NR,SUCCESS,43.0,2,2,105,106,80,0.0,23.0,0.15,False,False,SUCCESS,ACTIVE,False,
UE10339,XYZ409,-84.0,-3.0,SUCCESS,2026-07-01T14:11:37+00:00,XYZ409,XYZ408,-84.0,-78.0,-3.0,-4.0,-105.0,-100.0,HANDOVER,A3,INTRA_NR,SUCCESS,32.0,6,6,109,108,80,1.0,19.0,0.35,False,False,SUCCESS,ACTIVE,False,
UE10412,XYZ409,-113.0,13.0,TOO_LATE_HO,2026-07-01T14:14:58+00:00,XYZ409,XYZ410,-113.0,-129.0,13.0,9.0,-118.0,-138.0,HANDOVER,A5,INTRA_NR,HO_DECISION,20.0,2,7,109,110,80,1.0,54.0,0.05,False,False,FAILURE,ACTIVE,False,too_late_handover|mobility_configuration_issue|coverage_induced_ho_failure
UE10731,XYZ401,-111.0,9.0,SUCCESS,2026-07-01T14:16:56+00:00,XYZ401,XYZ402,-111.0,-108.0,9.0,10.0,-120.0,-116.0,HANDOVER,A3,INTRA_NR,SUCCESS,26.0,8,8,101,102,40,0.0,15.0,0.2,False,False,SUCCESS,ACTIVE,False,
UE10519,XYZ408,-121.0,3.0,SUCCESS,2026-07-01T14:13:38+00:00,XYZ408,XYZ406,-121.0,-119.0,3.0,3.0,-136.0,-134.0,HANDOVER,A3,INTRA_NR,SUCCESS,31.0,7,7,108,106,40,0.0,18.0,0.4,False,False,SUCCESS,MISSING,True,missing_neighbor
UE10343,XYZ401,-97.0,-6.0,SUCCESS,2026-07-01T14:16:49+00:00,XYZ401,XYZ402,-97.0,-92.0,-6.0,-7.0,-121.0,-117.0,HANDOVER,A3,INTRA_NR,SUCCESS,37.0,2,2,101,102,40,0.0,25.0,0.45,False,False,SUCCESS,ACTIVE,False,
UE10386,XYZ408,-91.0,23.0,TOO_EARLY_HO,2026-07-01T14:18:23+00:00,XYZ408,XYZ409,-91.0,-85.0,23.0,19.0,-94.0,-88.0,HANDOVER,A3,INTRA_NR,HO_DECISION,83.0,2,7,108,109,40,0.0,44.0,0.35,False,False,FAILURE,ACTIVE,False,too_early_handover|mobility_configuration_issue
UE10472,XYZ401,-99.0,5.0,SUCCESS,2026-07-01T14:15:30+00:00,XYZ401,XYZ402,-99.0,-95.0,5.0,6.0,-112.0,-107.0,HANDOVER,A3,INTRA_NR,SUCCESS,34.0,4,4,101,102,40,0.0,30.0,0.0,False,False,SUCCESS,ACTIVE,False,
UE10274,XYZ405,-99.0,-4.0,PING_PONG,2026-07-01T14:17:07+00:00,XYZ405,XYZ404,-99.0,-99.0,-4.0,-8.0,-121.0,-125.0,HANDOVER,A3,INTRA_NR,POST_HO,58.0,1,4,105,104,80,0.0,31.0,0.8,True,False,FAILURE,ACTIVE,False,ping_pong_handover|mobility_configuration_issue|post_ho_rlf|interference_induced_ho_failure|beam_instability
UE10352,XYZ408,-118.0,5.0,SUCCESS,2026-07-01T14:17:42+00:00,XYZ408,XYZ406,-118.0,-116.0,5.0,4.0,-131.0,-130.0,HANDOVER,A3,INTRA_NR,SUCCESS,27.0,6,6,108,106,40,0.0,22.0,0.35,False,False,SUCCESS,MISSING,True,missing_neighbor
UE10065,XYZ406,-94.0,-4.0,SUCCESS,2026-07-01T14:20:06+00:00,XYZ406,XYZ407,-94.0,-89.0,-4.0,-4.0,-116.0,-111.0,HANDOVER,A3,INTRA_NR,SUCCESS,40.0,4,4,106,107,120,1.0,39.0,0.35,False,False,SUCCESS,ACTIVE,False,
UE10078,XYZ409,-106.0,16.0,SUCCESS,2026-07-01T14:22:20+00:00,XYZ409,XYZ408,-106.0,-103.0,16.0,16.0,-109.0,-106.0,HANDOVER,A3,INTRA_NR,SUCCESS,27.0,1,1,109,108,80,1.0,28.0,0.15,False,False,SUCCESS,ACTIVE,False,
UE10597,XYZ401,-116.0,3.0,SUCCESS,2026-07-01T14:18:20+00:00,XYZ401,XYZ402,-116.0,-113.0,3.0,4.0,-131.0,-127.0,HANDOVER,A3,INTRA_NR,SUCCESS,38.0,1,1,101,102,40,0.0,23.0,0.0,False,False,SUCCESS,ACTIVE,False,
UE10635,XYZ409,-113.0,3.0,SUCCESS,2026-07-01T14:18:58+00:00,XYZ409,XYZ410,-113.0,-109.0,3.0,3.0,-128.0,-124.0,HANDOVER,A3,INTRA_NR,SUCCESS,40.0,6,6,109,110,80,1.0,18.0,0.25,False,False,SUCCESS,ACTIVE,False,
UE10201,XYZ401,-97.0,22.0,SUCCESS,2026-07-01T14:23:05+00:00,XYZ401,XYZ403,-97.0,-93.0,22.0,21.0,-100.0,-96.0,HANDOVER,A3,INTRA_NR,SUCCESS,39.0,5,5,101,103,40,0.0,22.0,0.3,False,False,SUCCESS,MISSING,True,missing_neighbor
UE10977,XYZ410,-91.0,22.0,TOO_EARLY_HO,2026-07-01T14:24:32+00:00,XYZ410,XYZ408,-91.0,-81.0,22.0,18.0,-94.0,-84.0,HANDOVER,A3,INTRA_NR,HO_DECISION,79.0,6,8,110,108,120,2.0,36.0,0.35,False,False,FAILURE,ACTIVE,False,too_early_handover|mobility_configuration_issue
UE10661,XYZ410,-118.0,9.0,SUCCESS,2026-07-01T14:24:16+00:00,XYZ410,XYZ409,-118.0,-114.0,9.0,9.0,-127.0,-123.0,HANDOVER,A3,INTRA_NR,SUCCESS,40.0,8,8,110,109,120,2.0,15.0,0.45,False,False,SUCCESS,ACTIVE,False,
UE10557,XYZ403,-97.0,-4.0,SUCCESS,2026-07-01T14:23:41+00:00,XYZ403,XYZ402,-97.0,-91.0,-4.0,-3.0,-119.0,-112.0,HANDOVER,A3,INTRA_NR,SUCCESS,43.0,2,2,103,102,160,2.0,36.0,0.25,False,False,SUCCESS,ACTIVE,False,
UE10112,XYZ401,-95.0,21.0,SUCCESS,2026-07-01T14:26:16+00:00,XYZ401,XYZ402,-95.0,-93.0,21.0,22.0,-98.0,-96.0,HANDOVER,A3,INTRA_NR,SUCCESS,33.0,8,8,101,102,40,0.0,17.0,0.05,False,False,SUCCESS,ACTIVE,False,
UE10090,XYZ403,-85.0,-8.0,SUCCESS,2026-07-01T14:23:41+00:00,XYZ403,XYZ404,-85.0,-80.0,-8.0,-9.0,-111.0,-107.0,HANDOVER,A3,INTRA_NR,SUCCESS,43.0,4,4,103,104,160,2.0,20.0,0.05,False,False,SUCCESS,ACTIVE,False,
UE10140,XYZ402,-96.0,18.0,SUCCESS,2026-07-01T14:26:09+00:00,XYZ402,XYZ403,-96.0,-91.0,18.0,19.0,-99.0,-94.0,HANDOVER,A3,INTRA_NR,SUCCESS,27.0,6,6,102,103,80,1.0,31.0,0.0,False,False,SUCCESS,ACTIVE,False,
UE10288,XYZ402,-104.0,13.0,PING_PONG,2026-07-01T14:28:10+00:00,XYZ402,XYZ403,-104.0,-107.0,13.0,9.0,-109.0,-116.0,HANDOVER,A3,INTRA_NR,POST_HO,62.0,5,7,102,103,80,1.0,40.0,2.5,True,True,FAILURE,ACTIVE,False,ping_pong_handover|mobility_configuration_issue|post_ho_rlf|beam_instability
UE10900,XYZ409,-105.0,11.0,SUCCESS,2026-07-01T14:26:16+00:00,XYZ409,XYZ408,-105.0,-100.0,11.0,11.0,-112.0,-107.0,HANDOVER,A3,INTRA_NR,SUCCESS,40.0,5,5,109,108,80,1.0,39.0,0.25,False,False,SUCCESS,ACTIVE,False,
UE10729,XYZ408,-114.0,-5.0,SUCCESS,2026-07-01T14:26:51+00:00,XYZ408,XYZ406,-114.0,-109.0,-5.0,-6.0,-137.0,-133.0,HANDOVER,A3,INTRA_NR,SUCCESS,35.0,5,5,108,106,40,0.0,32.0,0.35,False,False,SUCCESS,MISSING,True,missing_neighbor
UE10588,XYZ401,-115.0,13.0,PING_PONG,2026-07-01T14:27:20+00:00,XYZ401,XYZ403,-115.0,-116.0,13.0,9.0,-120.0,-125.0,HANDOVER,A3,INTRA_NR,POST_HO,60.0,5,6,101,103,40,0.0,26.0,2.4,True,False,FAILURE,MISSING,True,ping_pong_handover|mobility_configuration_issue|missing_neighbor|post_ho_rlf|coverage_induced_ho_failure|beam_instability
UE10410,XYZ404,-124.0,12.0,SUCCESS,2026-07-01T14:30:40+00:00,XYZ404,XYZ403,-124.0,-118.0,12.0,11.0,-130.0,-125.0,HANDOVER,A3,INTRA_NR,SUCCESS,29.0,1,1,104,103,40,2.0,15.0,0.3,False,False,SUCCESS,ACTIVE,False,
UE10376,XYZ401,-76.0,-1.0,SUCCESS,2026-07-01T14:30:34+00:00,XYZ401,XYZ403,-76.0,-74.0,-1.0,0.0,-95.0,-92.0,HANDOVER,A3,INTRA_NR,SUCCESS,45.0,4,4,101,103,40,0.0,30.0,0.1,False,False,SUCCESS,MISSING,True,missing_neighbor
UE10383,XYZ401,-85.0,5.0,SUCCESS,2026-07-01T14:32:11+00:00,XYZ401,XYZ403,-85.0,-80.0,5.0,4.0,-98.0,-94.0,HANDOVER,A3,INTRA_NR,SUCCESS,40.0,5,5,101,103,40,0.0,21.0,0.25,False,False,SUCCESS,MISSING,True,missing_neighbor
UE10845,XYZ404,-124.0,0.0,SUCCESS,2026-07-01T14:28:52+00:00,XYZ404,XYZ402,-124.0,-122.0,0.0,-1.0,-142.0,-141.0,HANDOVER,A3,INTRA_NR,SUCCESS,27.0,1,1,104,102,40,2.0,30.0,0.45,False,False,SUCCESS,ACTIVE,False,
UE10151,XYZ402,-92.0,21.0,TOO_EARLY_HO,2026-07-01T14:30:35+00:00,XYZ402,XYZ403,-92.0,-86.0,21.0,18.0,-95.0,-89.0,HANDOVER,A3,INTRA_NR,HO_DECISION,78.0,6,5,102,103,80,1.0,46.0,0.4,False,False,FAILURE,ACTIVE,False,too_early_handover|mobility_configuration_issue
UE10834,XYZ403,-123.0,-5.0,SUCCESS,2026-07-01T14:33:23+00:00,XYZ403,XYZ404,-123.0,-120.0,-5.0,-4.0,-146.0,-142.0,HANDOVER,A3,INTRA_NR,SUCCESS,36.0,3,3,103,104,160,2.0,22.0,0.25,False,False,SUCCESS,ACTIVE,False,
UE10750,XYZ409,-110.0,13.0,SUCCESS,2026-07-01T14:31:43+00:00,XYZ409,XYZ407,-110.0,-105.0,13.0,13.0,-115.0,-110.0,HANDOVER,A3,INTRA_NR,SUCCESS,38.0,2,2,109,107,80,1.0,20.0,0.3,False,False,SUCCESS,ACTIVE,False,
UE10626,XYZ402,-122.0,22.0,SUCCESS,2026-07-01T14:32:31+00:00,XYZ402,XYZ403,-122.0,-119.0,22.0,22.0,-125.0,-122.0,HANDOVER,A3,INTRA_NR,SUCCESS,38.0,3,3,102,103,80,1.0,15.0,0.05,False,False,SUCCESS,ACTIVE,False,
UE10318,XYZ404,-103.0,1.0,TOO_LATE_HO,2026-07-01T14:32:31+00:00,XYZ404,XYZ403,-103.0,-121.0,1.0,-2.0,-120.0,-141.0,HANDOVER,A5,INTRA_NR,HO_DECISION,25.0,4,8,104,103,40,2.0,37.0,0.45,False,False,FAILURE,ACTIVE,False,too_late_handover|mobility_configuration_issue|coverage_induced_ho_failure
UE10368,XYZ401,-76.0,16.0,TOO_EARLY_HO,2026-07-01T14:32:58+00:00,XYZ401,XYZ402,-76.0,-65.0,16.0,13.0,-79.0,-70.0,HANDOVER,A3,INTRA_NR,HO_DECISION,78.0,7,3,101,102,40,0.0,54.0,0.1,False,False,FAILURE,ACTIVE,False,too_early_handover|mobility_configuration_issue
UE10605,XYZ402,-106.0,7.0,SUCCESS,2026-07-01T14:32:31+00:00,XYZ402,XYZ403,-106.0,-102.0,7.0,8.0,-117.0,-112.0,HANDOVER,A3,INTRA_NR,SUCCESS,45.0,3,3,102,103,80,1.0,36.0,0.45,False,False,SUCCESS,ACTIVE,False,
UE10994,XYZ405,-101.0,2.0,PREP_FAILURE,2026-07-01T14:37:35+00:00,XYZ405,XYZ403,-101.0,-117.0,2.0,-2.0,-117.0,-137.0,HANDOVER,A3,INTRA_NR,HO_PREPARATION,47.0,2,3,105,103,80,0.0,59.0,2.0,False,False,FAILURE,MISSING,True,handover_preparation_failure|missing_neighbor|coverage_induced_ho_failure
UE10559,XYZ410,-96.0,19.0,SUCCESS,2026-07-01T14:35:32+00:00,XYZ410,XYZ409,-96.0,-93.0,19.0,19.0,-99.0,-96.0,HANDOVER,A3,INTRA_NR,SUCCESS,27.0,3,3,110,109,120,2.0,16.0,0.1,False,False,SUCCESS,ACTIVE,False,
UE10702,XYZ401,-108.0,2.0,SUCCESS,2026-07-01T14:36:28+00:00,XYZ401,XYZ402,-108.0,-102.0,2.0,3.0,-124.0,-117.0,HANDOVER,A3,INTRA_NR,SUCCESS,39.0,5,5,101,102,40,0.0,19.0,0.35,False,False,SUCCESS,ACTIVE,False,
UE10461,XYZ407,-84.0,23.0,TOO_LATE_HO,2026-07-01T14:35:48+00:00,XYZ407,XYZ408,-84.0,-100.0,23.0,19.0,-87.0,-103.0,HANDOVER,A5,INTRA_NR,HO_DECISION,12.0,5,4,107,108,160,2.0,52.0,0.4,False,False,FAILURE,ACTIVE,False,too_late_handover|mobility_configuration_issue
UE10011,XYZ404,-115.0,19.0,SUCCESS,2026-07-01T14:37:58+00:00,XYZ404,XYZ403,-115.0,-113.0,19.0,18.0,-118.0,-116.0,HANDOVER,A3,INTRA_NR,SUCCESS,33.0,2,2,104,103,40,2.0,24.0,0.2,False,False,SUCCESS,ACTIVE,False,
UE10155,XYZ406,-97.0,14.0,SUCCESS,2026-07-01T14:39:45+00:00,XYZ406,XYZ405,-97.0,-91.0,14.0,14.0,-101.0,-95.0,HANDOVER,A3,INTRA_NR,SUCCESS,25.0,1,1,106,105,120,1.0,26.0,0.45,False,False,SUCCESS,ACTIVE,False,
UE10683,XYZ408,-109.0,-9.0,SUCCESS,2026-07-01T14:41:04+00:00,XYZ408,XYZ409,-109.0,-105.0,-9.0,-10.0,-136.0,-133.0,HANDOVER,A3,INTRA_NR,SUCCESS,28.0,8,8,108,109,40,0.0,16.0,0.0,False,False,SUCCESS,ACTIVE,False,
UE10476,XYZ406,-100.0,7.0,SUCCESS,2026-07-01T14:37:09+00:00,XYZ406,XYZ407,-100.0,-95.0,7.0,7.0,-111.0,-106.0,HANDOVER,A3,INTRA_NR,SUCCESS,26.0,4,4,106,107,120,1.0,17.0,0.2,False,False,SUCCESS,ACTIVE,False,
UE10938,XYZ402,-103.0,-6.0,SUCCESS,2026-07-01T14:41:03+00:00,XYZ402,XYZ403,-103.0,-98.0,-6.0,-5.0,-127.0,-121.0,HANDOVER,A3,INTRA_NR,SUCCESS,28.0,8,8,102,103,80,1.0,39.0,0.0,False,False,SUCCESS,ACTIVE,False,
UE10400,XYZ401,-78.0,8.0,SUCCESS,2026-07-01T14:38:33+00:00,XYZ401,XYZ403,-78.0,-76.0,8.0,8.0,-88.0,-86.0,HANDOVER,A3,INTRA_NR,SUCCESS,36.0,4,4,101,103,40,0.0,19.0,0.4,False,False,SUCCESS,MISSING,True,missing_neighbor
UE10807,XYZ408,-106.0,7.0,SUCCESS,2026-07-01T14:43:06+00:00,XYZ408,XYZ409,-106.0,-102.0,7.0,7.0,-117.0,-113.0,HANDOVER,A3,INTRA_NR,SUCCESS,32.0,5,5,108,109,40,0.0,34.0,0.35,False,False,SUCCESS,ACTIVE,False,
UE10176,XYZ408,-81.0,21.0,TOO_EARLY_HO,2026-07-01T14:41:46+00:00,XYZ408,XYZ407,-81.0,-74.0,21.0,18.0,-84.0,-77.0,HANDOVER,A3,INTRA_NR,HO_DECISION,82.0,2,8,108,107,40,0.0,55.0,0.0,False,False,FAILURE,ACTIVE,False,too_early_handover|mobility_configuration_issue
UE10340,XYZ409,-124.0,10.0,SUCCESS,2026-07-01T14:42:15+00:00,XYZ409,XYZ410,-124.0,-122.0,10.0,9.0,-132.0,-131.0,HANDOVER,A3,INTRA_NR,SUCCESS,40.0,1,1,109,110,80,1.0,21.0,0.2,False,False,SUCCESS,ACTIVE,False,
UE10056,XYZ406,-102.0,-1.0,SUCCESS,2026-07-01T14:42:55+00:00,XYZ406,XYZ404,-102.0,-99.0,-1.0,0.0,-121.0,-117.0,HANDOVER,A3,INTRA_NR,SUCCESS,25.0,4,4,106,104,120,1.0,20.0,0.1,False,False,SUCCESS,ACTIVE,False,
UE10854,XYZ401,-95.0,11.0,SUCCESS,2026-07-01T14:44:28+00:00,XYZ401,XYZ403,-95.0,-92.0,11.0,11.0,-102.0,-99.0,HANDOVER,A3,INTRA_NR,SUCCESS,40.0,5,5,101,103,40,0.0,31.0,0.45,False,False,SUCCESS,MISSING,True,missing_neighbor
UE10851,XYZ409,-99.0,2.0,SUCCESS,2026-07-01T14:44:24+00:00,XYZ409,XYZ408,-99.0,-97.0,2.0,3.0,-115.0,-112.0,HANDOVER,A3,INTRA_NR,SUCCESS,30.0,2,2,109,108,80,1.0,38.0,0.2,False,False,SUCCESS,ACTIVE,False,
UE10447,XYZ403,-124.0,6.0,SUCCESS,2026-07-01T14:43:49+00:00,XYZ403,XYZ405,-124.0,-121.0,6.0,5.0,-136.0,-134.0,HANDOVER,A3,INTRA_NR,SUCCESS,30.0,6,6,103,105,160,2.0,33.0,0.05,False,False,SUCCESS,ACTIVE,False,
UE10202,XYZ406,-112.0,-2.0,SUCCESS,2026-07-01T14:47:13+00:00,XYZ406,XYZ404,-112.0,-108.0,-2.0,-3.0,-132.0,-129.0,HANDOVER,A3,INTRA_NR,SUCCESS,32.0,6,6,106,104,120,1.0,16.0,0.25,False,False,SUCCESS,ACTIVE,False,
UE10696,XYZ410,-122.0,13.0,SUCCESS,2026-07-01T14:48:51+00:00,XYZ410,XYZ408,-122.0,-120.0,13.0,12.0,-127.0,-126.0,HANDOVER,A3,INTRA_NR,SUCCESS,40.0,5,5,110,108,120,2.0,31.0,0.35,False,False,SUCCESS,ACTIVE,False,
UE10632,XYZ410,-77.0,3.0,SUCCESS,2026-07-01T14:48:08+00:00,XYZ410,XYZ409,-77.0,-71.0,3.0,3.0,-92.0,-86.0,HANDOVER,A3,INTRA_NR,SUCCESS,34.0,5,5,110,109,120,2.0,18.0,0.4,False,False,SUCCESS,ACTIVE,False,
UE10737,XYZ409,-113.0,-3.0,N2_FAILURE,2026-07-01T14:48:11+00:00,XYZ409,XYZ408,-113.0,-124.0,-3.0,-6.0,-134.0,-148.0,HANDOVER,A3,INTER_GNB_NG,HO_PREPARATION,47.0,6,6,109,108,80,1.0,33.0,4.2,False,False,FAILURE,ACTIVE,False,handover_preparation_failure|coverage_induced_ho_failure|interference_induced_ho_failure
UE10201,XYZ403,-90.0,8.0,SUCCESS,2026-07-01T14:49:36+00:00,XYZ403,XYZ402,-90.0,-85.0,8.0,8.0,-100.0,-95.0,HANDOVER,A3,INTRA_NR,SUCCESS,39.0,5,5,103,102,160,2.0,22.0,0.3,False,False,SUCCESS,ACTIVE,False,
UE10329,XYZ405,-91.0,17.0,TOO_LATE_HO,2026-07-01T14:49:00+00:00,XYZ405,XYZ404,-91.0,-103.0,17.0,14.0,-94.0,-107.0,HANDOVER,A5,INTRA_NR,HO_DECISION,18.0,1,4,105,104,80,0.0,53.0,0.05,True,False,FAILURE,ACTIVE,False,too_late_handover|mobility_configuration_issue
UE10362,XYZ405,-82.0,19.0,TOO_EARLY_HO,2026-07-01T14:47:35+00:00,XYZ405,XYZ407,-82.0,-70.0,19.0,17.0,-85.0,-73.0,HANDOVER,A3,INTRA_NR,HO_DECISION,89.0,8,3,105,107,80,0.0,36.0,0.05,False,False,FAILURE,MISSING,True,too_early_handover|mobility_configuration_issue|missing_neighbor
UE10891,XYZ410,-118.0,-4.0,SUCCESS,2026-07-01T14:47:40+00:00,XYZ410,XYZ408,-118.0,-115.0,-4.0,-4.0,-140.0,-137.0,HANDOVER,A3,INTRA_NR,SUCCESS,39.0,8,8,110,108,120,2.0,26.0,0.4,False,False,SUCCESS,ACTIVE,False,
UE10453,XYZ407,-124.0,15.0,N2_FAILURE,2026-07-01T14:50:24+00:00,XYZ407,XYZ406,-124.0,-135.0,15.0,11.0,-127.0,-142.0,HANDOVER,A3,INTER_GNB_NG,HO_PREPARATION,44.0,1,8,107,106,160,2.0,51.0,9.4,False,False,FAILURE,ACTIVE,False,handover_preparation_failure|coverage_induced_ho_failure
UE10355,XYZ404,-120.0,0.0,SUCCESS,2026-07-01T14:52:10+00:00,XYZ404,XYZ402,-120.0,-118.0,0.0,0.0,-138.0,-136.0,HANDOVER,A3,INTRA_NR,SUCCESS,39.0,6,6,104,102,40,2.0,34.0,0.2,False,False,SUCCESS,ACTIVE,False,
UE10215,XYZ404,-95.0,3.0,SUCCESS,2026-07-01T14:52:17+00:00,XYZ404,XYZ402,-95.0,-92.0,3.0,2.0,-110.0,-108.0,HANDOVER,A3,INTRA_NR,SUCCESS,45.0,8,8,104,102,40,2.0,36.0,0.1,False,False,SUCCESS,ACTIVE,False,
UE10971,XYZ407,-116.0,10.0,PREP_FAILURE,2026-07-01T14:52:52+00:00,XYZ407,XYZ406,-116.0,-131.0,10.0,7.0,-124.0,-142.0,HANDOVER,A3,INTRA_NR,HO_PREPARATION,45.0,1,6,107,106,160,2.0,32.0,1.9,False,False,FAILURE,ACTIVE,False,handover_preparation_failure|coverage_induced_ho_failure
UE10554,XYZ409,-82.0,-3.0,N2_FAILURE,2026-07-01T14:52:02+00:00,XYZ409,XYZ407,-82.0,-88.0,-3.0,-7.0,-103.0,-113.0,HANDOVER,A3,INTER_GNB_NG,HO_PREPARATION,58.0,5,2,109,107,80,1.0,26.0,6.3,False,False,FAILURE,ACTIVE,False,handover_preparation_failure|interference_induced_ho_failure
UE10886,XYZ404,-105.0,-8.0,TOO_LATE_HO,2026-07-01T14:53:20+00:00,XYZ404,XYZ405,-105.0,-116.0,-8.0,-10.0,-131.0,-144.0,HANDOVER,A5,INTRA_NR,HO_DECISION,16.0,3,7,104,105,40,2.0,37.0,0.0,False,False,FAILURE,ACTIVE,False,too_late_handover|mobility_configuration_issue|coverage_induced_ho_failure|interference_induced_ho_failure
UE10022,XYZ404,-84.0,17.0,TOO_EARLY_HO,2026-07-01T14:55:37+00:00,XYZ404,XYZ402,-84.0,-74.0,17.0,14.0,-87.0,-78.0,HANDOVER,A3,INTRA_NR,HO_DECISION,84.0,5,8,104,102,40,2.0,53.0,0.05,False,False,FAILURE,ACTIVE,False,too_early_handover|mobility_configuration_issue
UE10154,XYZ406,-116.0,18.0,SUCCESS,2026-07-01T14:53:57+00:00,XYZ406,XYZ404,-116.0,-112.0,18.0,17.0,-119.0,-115.0,HANDOVER,A3,INTRA_NR,SUCCESS,30.0,8,8,106,104,120,1.0,15.0,0.35,False,False,SUCCESS,ACTIVE,False,
UE10185,XYZ406,-103.0,12.0,SUCCESS,2026-07-01T14:55:46+00:00,XYZ406,XYZ405,-103.0,-100.0,12.0,12.0,-109.0,-106.0,HANDOVER,A3,INTRA_NR,SUCCESS,33.0,6,6,106,105,120,1.0,22.0,0.15,False,False,SUCCESS,ACTIVE,False,
UE10248,XYZ407,-123.0,7.0,SUCCESS,2026-07-01T14:56:32+00:00,XYZ407,XYZ408,-123.0,-121.0,7.0,7.0,-134.0,-132.0,HANDOVER,A3,INTRA_NR,SUCCESS,42.0,5,5,107,108,160,2.0,33.0,0.15,False,False,SUCCESS,ACTIVE,False,
UE10748,XYZ401,-94.0,24.0,PREP_FAILURE,2026-07-01T14:57:00+00:00,XYZ401,XYZ403,-94.0,-106.0,24.0,21.0,-97.0,-109.0,HANDOVER,A3,INTRA_NR,HO_PREPARATION,36.0,1,8,101,103,40,0.0,34.0,8.8,False,False,FAILURE,MISSING,True,handover_preparation_failure|missing_neighbor
UE10804,XYZ403,-106.0,2.0,SUCCESS,2026-07-01T14:57:09+00:00,XYZ403,XYZ405,-106.0,-101.0,2.0,1.0,-122.0,-118.0,HANDOVER,A3,INTRA_NR,SUCCESS,39.0,1,1,103,105,160,2.0,17.0,0.0,False,False,SUCCESS,ACTIVE,False,
UE10133,XYZ409,-116.0,1.0,SUCCESS,2026-07-01T14:55:54+00:00,XYZ409,XYZ407,-116.0,-113.0,1.0,1.0,-133.0,-130.0,HANDOVER,A3,INTRA_NR,SUCCESS,35.0,2,2,109,107,80,1.0,27.0,0.1,False,False,SUCCESS,ACTIVE,False,
UE10320,XYZ406,-97.0,-6.0,SUCCESS,2026-07-01T14:57:43+00:00,XYZ406,XYZ404,-97.0,-93.0,-6.0,-6.0,-121.0,-117.0,HANDOVER,A3,INTRA_NR,SUCCESS,35.0,4,4,106,104,120,1.0,37.0,0.25,False,False,SUCCESS,ACTIVE,False,
UE10389,XYZ406,-85.0,0.0,SUCCESS,2026-07-01T14:57:18+00:00,XYZ406,XYZ407,-85.0,-82.0,0.0,-1.0,-103.0,-101.0,HANDOVER,A3,INTRA_NR,SUCCESS,28.0,4,4,106,107,120,1.0,37.0,0.4,False,False,SUCCESS,ACTIVE,False,
UE10433,XYZ405,-80.0,0.0,TOO_LATE_HO,2026-07-01T15:02:01+00:00,XYZ405,XYZ406,-80.0,-89.0,0.0,-3.0,-98.0,-110.0,HANDOVER,A5,INTRA_NR,HO_DECISION,25.0,2,8,105,106,80,0.0,35.0,0.2,True,False,FAILURE,ACTIVE,False,too_late_handover|mobility_configuration_issue
UE10021,XYZ403,-92.0,20.0,TOO_EARLY_HO,2026-07-01T14:59:45+00:00,XYZ403,XYZ401,-92.0,-85.0,20.0,16.0,-95.0,-88.0,HANDOVER,A3,INTRA_NR,HO_DECISION,91.0,5,2,103,101,160,2.0,34.0,0.4,False,False,FAILURE,ACTIVE,False,too_early_handover|mobility_configuration_issue
UE10872,XYZ405,-89.0,20.0,TOO_EARLY_HO,2026-07-01T14:59:47+00:00,XYZ405,XYZ407,-89.0,-78.0,20.0,18.0,-92.0,-81.0,HANDOVER,A3,INTRA_NR,HO_DECISION,76.0,1,3,105,107,80,0.0,51.0,0.15,False,False,FAILURE,MISSING,True,too_early_handover|mobility_configuration_issue|missing_neighbor
UE10599,XYZ401,-106.0,2.0,N2_FAILURE,2026-07-01T15:02:37+00:00,XYZ401,XYZ402,-106.0,-114.0,2.0,0.0,-122.0,-132.0,HANDOVER,A3,INTER_GNB_NG,HO_PREPARATION,47.0,7,6,101,102,40,0.0,44.0,6.0,False,False,FAILURE,ACTIVE,False,handover_preparation_failure|coverage_induced_ho_failure
UE10664,XYZ403,-118.0,3.0,SUCCESS,2026-07-01T15:01:48+00:00,XYZ403,XYZ401,-118.0,-116.0,3.0,3.0,-133.0,-131.0,HANDOVER,A3,INTRA_NR,SUCCESS,28.0,3,3,103,101,160,2.0,34.0,0.05,False,False,SUCCESS,ACTIVE,False,
UE10124,XYZ404,-119.0,14.0,SUCCESS,2026-07-01T15:04:24+00:00,XYZ404,XYZ402,-119.0,-116.0,14.0,15.0,-123.0,-119.0,HANDOVER,A3,INTRA_NR,SUCCESS,38.0,7,7,104,102,40,2.0,30.0,0.05,False,False,SUCCESS,ACTIVE,False,
UE10078,XYZ405,-120.0,22.0,SUCCESS,2026-07-01T15:06:07+00:00,XYZ405,XYZ407,-120.0,-116.0,22.0,23.0,-123.0,-119.0,HANDOVER,A3,INTRA_NR,SUCCESS,27.0,1,1,105,107,80,0.0,28.0,0.15,False,False,SUCCESS,MISSING,True,missing_neighbor
UE10857,XYZ410,-115.0,22.0,SUCCESS,2026-07-01T15:05:58+00:00,XYZ410,XYZ409,-115.0,-113.0,22.0,22.0,-118.0,-116.0,HANDOVER,A3,INTRA_NR,SUCCESS,36.0,2,2,110,109,120,2.0,23.0,0.4,False,False,SUCCESS,ACTIVE,False,
UE10967,XYZ409,-82.0,4.0,SUCCESS,2026-07-01T15:02:43+00:00,XYZ409,XYZ407,-82.0,-76.0,4.0,3.0,-96.0,-91.0,HANDOVER,A3,INTRA_NR,SUCCESS,28.0,8,8,109,107,80,1.0,19.0,0.4,False,False,SUCCESS,ACTIVE,False,
UE10050,XYZ404,-108.0,5.0,PREP_FAILURE,2026-07-01T15:05:42+00:00,XYZ404,XYZ402,-108.0,-124.0,5.0,1.0,-121.0,-141.0,HANDOVER,A3,INTRA_NR,HO_PREPARATION,42.0,4,3,104,102,40,2.0,99.0,2.1,False,False,FAILURE,ACTIVE,False,handover_preparation_failure|coverage_induced_ho_failure
UE10727,XYZ403,-84.0,-5.0,SUCCESS,2026-07-01T15:05:35+00:00,XYZ403,XYZ405,-84.0,-81.0,-5.0,-6.0,-107.0,-105.0,HANDOVER,A3,INTRA_NR,SUCCESS,26.0,1,1,103,105,160,2.0,16.0,0.0,False,False,SUCCESS,ACTIVE,False,
UE10175,XYZ410,-97.0,14.0,PING_PONG,2026-07-01T15:04:29+00:00,XYZ410,XYZ409,-97.0,-94.0,14.0,12.0,-101.0,-100.0,HANDOVER,A3,INTRA_NR,POST_HO,46.0,2,3,110,109,120,2.0,57.0,1.4,True,False,FAILURE,ACTIVE,False,ping_pong_handover|mobility_configuration_issue|post_ho_rlf|beam_instability
UE10869,XYZ401,-101.0,4.0,PREP_FAILURE,2026-07-01T15:08:56+00:00,XYZ401,XYZ403,-101.0,-112.0,4.0,2.0,-115.0,-128.0,HANDOVER,A3,INTRA_NR,HO_PREPARATION,55.0,2,4,101,103,40,0.0,113.0,2.3,False,False,FAILURE,MISSING,True,handover_preparation_failure|missing_neighbor|xn_transport_failure|coverage_induced_ho_failure
UE10252,XYZ410,-105.0,-7.0,SUCCESS,2026-07-01T15:09:10+00:00,XYZ410,XYZ408,-105.0,-103.0,-7.0,-7.0,-130.0,-128.0,HANDOVER,A3,INTRA_NR,SUCCESS,29.0,8,8,110,108,120,2.0,17.0,0.45,False,False,SUCCESS,ACTIVE,False,
UE10965,XYZ406,-80.0,-7.0,SUCCESS,2026-07-01T15:08:05+00:00,XYZ406,XYZ408,-80.0,-78.0,-7.0,-8.0,-105.0,-104.0,HANDOVER,A3,INTRA_NR,SUCCESS,32.0,1,1,106,108,120,1.0,33.0,0.1,False,False,SUCCESS,ACTIVE,False,
UE10245,XYZ407,-123.0,19.0,SUCCESS,2026-07-01T15:07:41+00:00,XYZ407,XYZ408,-123.0,-120.0,19.0,18.0,-126.0,-123.0,HANDOVER,A3,INTRA_NR,SUCCESS,29.0,2,2,107,108,160,2.0,30.0,0.4,False,False,SUCCESS,ACTIVE,False,
UE10738,XYZ410,-108.0,23.0,SUCCESS,2026-07-01T15:12:20+00:00,XYZ410,XYZ408,-108.0,-103.0,23.0,22.0,-111.0,-106.0,HANDOVER,A3,INTRA_NR,SUCCESS,36.0,1,1,110,108,120,2.0,33.0,0.05,False,False,SUCCESS,ACTIVE,False,
UE10105,XYZ408,-102.0,16.0,PING_PONG,2026-07-01T15:11:14+00:00,XYZ408,XYZ410,-102.0,-102.0,16.0,12.0,-105.0,-108.0,HANDOVER,A3,INTRA_NR,POST_HO,57.0,6,8,108,110,40,0.0,49.0,1.7,True,False,FAILURE,MISSING,True,ping_pong_handover|mobility_configuration_issue|missing_neighbor|post_ho_rlf|beam_instability
UE10192,XYZ401,-79.0,20.0,TOO_EARLY_HO,2026-07-01T15:09:36+00:00,XYZ401,XYZ403,-79.0,-66.0,20.0,17.0,-82.0,-69.0,HANDOVER,A3,INTRA_NR,HO_DECISION,79.0,5,4,101,103,40,0.0,33.0,0.1,False,False,FAILURE,MISSING,True,too_early_handover|mobility_configuration_issue|missing_neighbor
UE10315,XYZ404,-88.0,21.0,TOO_EARLY_HO,2026-07-01T15:11:14+00:00,XYZ404,XYZ405,-88.0,-75.0,21.0,17.0,-91.0,-78.0,HANDOVER,A3,INTRA_NR,HO_DECISION,88.0,1,7,104,105,40,2.0,39.0,0.3,False,False,FAILURE,ACTIVE,False,too_early_handover|mobility_configuration_issue
UE10301,XYZ405,-116.0,-2.0,SUCCESS,2026-07-01T15:13:49+00:00,XYZ405,XYZ403,-116.0,-114.0,-2.0,-1.0,-136.0,-133.0,HANDOVER,A3,INTRA_NR,SUCCESS,39.0,5,5,105,103,80,0.0,18.0,0.3,False,False,SUCCESS,MISSING,True,missing_neighbor
UE10547,XYZ402,-99.0,-3.0,SUCCESS,2026-07-01T15:11:42+00:00,XYZ402,XYZ403,-99.0,-96.0,-3.0,-2.0,-120.0,-116.0,HANDOVER,A3,INTRA_NR,SUCCESS,26.0,8,8,102,103,80,1.0,23.0,0.35,False,False,SUCCESS,ACTIVE,False,
UE10953,XYZ401,-114.0,3.0,SUCCESS,2026-07-01T15:14:15+00:00,XYZ401,XYZ403,-114.0,-112.0,3.0,3.0,-129.0,-127.0,HANDOVER,A3,INTRA_NR,SUCCESS,27.0,8,8,101,103,40,0.0,28.0,0.2,False,False,SUCCESS,MISSING,True,missing_neighbor
UE10715,XYZ408,-119.0,22.0,SUCCESS,2026-07-01T15:13:43+00:00,XYZ408,XYZ406,-119.0,-115.0,22.0,21.0,-122.0,-118.0,HANDOVER,A3,INTRA_NR,SUCCESS,44.0,3,3,108,106,40,0.0,28.0,0.35,False,False,SUCCESS,MISSING,True,missing_neighbor
UE10933,XYZ406,-109.0,12.0,SUCCESS,2026-07-01T15:15:07+00:00,XYZ406,XYZ405,-109.0,-106.0,12.0,13.0,-115.0,-111.0,HANDOVER,A3,INTRA_NR,SUCCESS,43.0,6,6,106,105,120,1.0,39.0,0.45,False,False,SUCCESS,ACTIVE,False,
UE10778,XYZ405,-125.0,10.0,SUCCESS,2026-07-01T15:16:13+00:00,XYZ405,XYZ404,-125.0,-123.0,10.0,11.0,-133.0,-130.0,HANDOVER,A3,INTRA_NR,SUCCESS,45.0,5,5,105,104,80,0.0,22.0,0.4,False,False,SUCCESS,ACTIVE,False,
UE10267,XYZ409,-76.0,1.0,SUCCESS,2026-07-01T15:14:42+00:00,XYZ409,XYZ407,-76.0,-73.0,1.0,1.0,-93.0,-90.0,HANDOVER,A3,INTRA_NR,SUCCESS,35.0,7,7,109,107,80,1.0,21.0,0.25,False,False,SUCCESS,ACTIVE,False,
UE10169,XYZ402,-100.0,-9.0,SUCCESS,2026-07-01T15:17:15+00:00,XYZ402,XYZ403,-100.0,-95.0,-9.0,-8.0,-127.0,-121.0,HANDOVER,A3,INTRA_NR,SUCCESS,28.0,3,3,102,103,80,1.0,21.0,0.35,False,False,SUCCESS,ACTIVE,False,
UE10550,XYZ410,-111.0,2.0,SUCCESS,2026-07-01T15:17:24+00:00,XYZ410,XYZ408,-111.0,-105.0,2.0,3.0,-127.0,-120.0,HANDOVER,A3,INTRA_NR,SUCCESS,42.0,6,6,110,108,120,2.0,20.0,0.2,False,False,SUCCESS,ACTIVE,False,
UE10454,XYZ408,-93.0,-7.0,SUCCESS,2026-07-01T15:16:11+00:00,XYZ408,XYZ409,-93.0,-87.0,-7.0,-6.0,-118.0,-111.0,HANDOVER,A3,INTRA_NR,SUCCESS,37.0,2,2,108,109,40,0.0,25.0,0.05,False,False,SUCCESS,ACTIVE,False,
UE10650,XYZ410,-89.0,9.0,SUCCESS,2026-07-01T15:17:44+00:00,XYZ410,XYZ409,-89.0,-85.0,9.0,9.0,-98.0,-94.0,HANDOVER,A3,INTRA_NR,SUCCESS,41.0,6,6,110,109,120,2.0,15.0,0.25,False,False,SUCCESS,ACTIVE,False,
UE10291,XYZ409,-79.0,3.0,SUCCESS,2026-07-01T15:20:12+00:00,XYZ409,XYZ407,-79.0,-76.0,3.0,2.0,-94.0,-92.0,HANDOVER,A3,INTRA_NR,SUCCESS,33.0,7,7,109,107,80,1.0,24.0,0.3,False,False,SUCCESS,ACTIVE,False,
UE10563,XYZ401,-95.0,19.0,PING_PONG,2026-07-01T15:18:02+00:00,XYZ401,XYZ402,-95.0,-96.0,19.0,17.0,-98.0,-99.0,HANDOVER,A3,INTRA_NR,POST_HO,62.0,6,6,101,102,40,0.0,39.0,0.7,True,True,FAILURE,ACTIVE,False,ping_pong_handover|mobility_configuration_issue|post_ho_rlf
UE10798,XYZ407,-91.0,18.0,TOO_EARLY_HO,2026-07-01T15:20:55+00:00,XYZ407,XYZ405,-91.0,-80.0,18.0,16.0,-94.0,-83.0,HANDOVER,A3,INTRA_NR,HO_DECISION,95.0,8,4,107,105,160,2.0,26.0,0.2,False,False,FAILURE,ACTIVE,False,too_early_handover|mobility_configuration_issue
UE10800,XYZ408,-125.0,-3.0,SUCCESS,2026-07-01T15:23:15+00:00,XYZ408,XYZ409,-125.0,-123.0,-3.0,-2.0,-146.0,-143.0,HANDOVER,A3,INTRA_NR,SUCCESS,40.0,4,4,108,109,40,0.0,18.0,0.0,False,False,SUCCESS,ACTIVE,False,
UE10140,XYZ403,-118.0,1.0,N2_FAILURE,2026-07-01T15:22:16+00:00,XYZ403,XYZ401,-118.0,-128.0,1.0,-1.0,-135.0,-147.0,HANDOVER,A3,INTER_GNB_NG,HO_PREPARATION,40.0,6,2,103,101,160,2.0,62.0,3.4,False,False,FAILURE,ACTIVE,False,handover_preparation_failure|coverage_induced_ho_failure
UE10145,XYZ404,-114.0,15.0,PREP_FAILURE,2026-07-01T15:23:27+00:00,XYZ404,XYZ402,-114.0,-130.0,15.0,11.0,-117.0,-137.0,HANDOVER,A3,INTRA_NR,HO_PREPARATION,43.0,4,1,104,102,40,2.0,82.0,1.8,False,False,FAILURE,ACTIVE,False,handover_preparation_failure|coverage_induced_ho_failure
UE10424,XYZ403,-107.0,-9.0,SUCCESS,2026-07-01T15:22:45+00:00,XYZ403,XYZ405,-107.0,-103.0,-9.0,-9.0,-134.0,-130.0,HANDOVER,A3,INTRA_NR,SUCCESS,25.0,5,5,103,105,160,2.0,28.0,0.4,False,False,SUCCESS,ACTIVE,False,
UE10313,XYZ407,-101.0,3.0,SUCCESS,2026-07-01T15:24:05+00:00,XYZ407,XYZ408,-101.0,-99.0,3.0,4.0,-116.0,-113.0,HANDOVER,A3,INTRA_NR,SUCCESS,33.0,4,4,107,108,160,2.0,24.0,0.1,False,False,SUCCESS,ACTIVE,False,
UE10183,XYZ409,-94.0,-5.0,SUCCESS,2026-07-01T15:24:22+00:00,XYZ409,XYZ408,-94.0,-92.0,-5.0,-6.0,-117.0,-116.0,HANDOVER,A3,INTRA_NR,SUCCESS,39.0,4,4,109,108,80,1.0,26.0,0.35,False,False,SUCCESS,ACTIVE,False,
UE10663,XYZ403,-114.0,20.0,SUCCESS,2026-07-01T15:25:59+00:00,XYZ403,XYZ405,-114.0,-112.0,20.0,20.0,-117.0,-115.0,HANDOVER,A3,INTRA_NR,SUCCESS,43.0,7,7,103,105,160,2.0,33.0,0.3,False,False,SUCCESS,ACTIVE,False,
UE10712,XYZ406,-113.0,6.0,PREP_FAILURE,2026-07-01T15:26:56+00:00,XYZ406,XYZ405,-113.0,-129.0,6.0,2.0,-125.0,-145.0,HANDOVER,A3,INTRA_NR,HO_PREPARATION,36.0,4,7,106,105,120,1.0,33.0,4.6,False,False,FAILURE,ACTIVE,False,handover_preparation_failure|coverage_induced_ho_failure
UE10127,XYZ408,-98.0,14.0,SUCCESS,2026-07-01T15:27:21+00:00,XYZ408,XYZ410,-98.0,-94.0,14.0,13.0,-102.0,-99.0,HANDOVER,A3,INTRA_NR,SUCCESS,44.0,1,1,108,110,40,0.0,31.0,0.15,False,False,SUCCESS,MISSING,True,missing_neighbor
UE10286,XYZ406,-125.0,21.0,SUCCESS,2026-07-01T15:28:30+00:00,XYZ406,XYZ405,-125.0,-123.0,21.0,22.0,-128.0,-126.0,HANDOVER,A3,INTRA_NR,SUCCESS,37.0,5,5,106,105,120,1.0,22.0,0.05,False,False,SUCCESS,ACTIVE,False,
UE10822,XYZ402,-120.0,1.0,SUCCESS,2026-07-01T15:25:17+00:00,XYZ402,XYZ403,-120.0,-117.0,1.0,0.0,-137.0,-135.0,HANDOVER,A3,INTRA_NR,SUCCESS,25.0,6,6,102,103,80,1.0,18.0,0.2,False,False,SUCCESS,ACTIVE,False,
UE10252,XYZ407,-118.0,2.0,SUCCESS,2026-07-01T15:28:54+00:00,XYZ407,XYZ405,-118.0,-113.0,2.0,2.0,-134.0,-129.0,HANDOVER,A3,INTRA_NR,SUCCESS,29.0,8,8,107,105,160,2.0,17.0,0.45,False,False,SUCCESS,ACTIVE,False,
UE10777,XYZ402,-122.0,8.0,SUCCESS,2026-07-01T15:27:34+00:00,XYZ402,XYZ403,-122.0,-116.0,8.0,8.0,-132.0,-126.0,HANDOVER,A3,INTRA_NR,SUCCESS,34.0,3,3,102,103,80,1.0,17.0,0.45,False,False,SUCCESS,ACTIVE,False,
UE10699,XYZ402,-121.0,14.0,PREP_FAILURE,2026-07-01T15:30:48+00:00,XYZ402,XYZ403,-121.0,-135.0,14.0,12.0,-125.0,-141.0,HANDOVER,A3,INTRA_NR,HO_PREPARATION,39.0,6,6,102,103,80,1.0,82.0,1.7,False,False,FAILURE,ACTIVE,False,handover_preparation_failure|coverage_induced_ho_failure
UE10385,XYZ402,-101.0,20.0,SUCCESS,2026-07-01T15:31:45+00:00,XYZ402,XYZ403,-101.0,-98.0,20.0,21.0,-104.0,-101.0,HANDOVER,A3,INTRA_NR,SUCCESS,33.0,8,8,102,103,80,1.0,17.0,0.35,False,False,SUCCESS,ACTIVE,False,
UE10229,XYZ401,-104.0,14.0,SUCCESS,2026-07-01T15:28:59+00:00,XYZ401,XYZ403,-104.0,-98.0,14.0,15.0,-108.0,-101.0,HANDOVER,A3,INTRA_NR,SUCCESS,37.0,6,6,101,103,40,0.0,26.0,0.25,False,False,SUCCESS,MISSING,True,missing_neighbor
UE10270,XYZ401,-98.0,5.0,SUCCESS,2026-07-01T15:28:43+00:00,XYZ401,XYZ403,-98.0,-92.0,5.0,6.0,-111.0,-104.0,HANDOVER,A3,INTRA_NR,SUCCESS,42.0,1,1,101,103,40,0.0,36.0,0.45,False,False,SUCCESS,MISSING,True,missing_neighbor
UE10770,XYZ407,-87.0,12.0,SUCCESS,2026-07-01T15:29:30+00:00,XYZ407,XYZ405,-87.0,-83.0,12.0,11.0,-93.0,-90.0,HANDOVER,A3,INTRA_NR,SUCCESS,36.0,4,4,107,105,160,2.0,26.0,0.15,False,False,SUCCESS,ACTIVE,False,
UE10810,XYZ405,-103.0,3.0,SUCCESS,2026-07-01T15:33:09+00:00,XYZ405,XYZ406,-103.0,-97.0,3.0,2.0,-118.0,-113.0,HANDOVER,A3,INTRA_NR,SUCCESS,42.0,4,4,105,106,80,0.0,17.0,0.05,False,False,SUCCESS,ACTIVE,False,
UE10414,XYZ403,-122.0,-5.0,PING_PONG,2026-07-01T15:33:17+00:00,XYZ403,XYZ404,-122.0,-119.0,-5.0,-8.0,-145.0,-145.0,HANDOVER,A3,INTRA_NR,POST_HO,56.0,3,7,103,104,160,2.0,30.0,2.0,True,True,FAILURE,ACTIVE,False,ping_pong_handover|mobility_configuration_issue|post_ho_rlf|coverage_induced_ho_failure|interference_induced_ho_failure|beam_instability
UE10197,XYZ401,-122.0,14.0,SUCCESS,2026-07-01T15:32:10+00:00,XYZ401,XYZ402,-122.0,-118.0,14.0,13.0,-126.0,-123.0,HANDOVER,A3,INTRA_NR,SUCCESS,37.0,1,1,101,102,40,0.0,38.0,0.05,False,False,SUCCESS,ACTIVE,False,
UE10322,XYZ410,-79.0,12.0,PREP_FAILURE,2026-07-01T15:35:39+00:00,XYZ410,XYZ408,-79.0,-87.0,12.0,10.0,-85.0,-95.0,HANDOVER,A3,INTRA_NR,HO_PREPARATION,52.0,4,6,110,108,120,2.0,41.0,6.1,False,False,FAILURE,ACTIVE,False,handover_preparation_failure
UE10055,XYZ406,-105.0,1.0,SUCCESS,2026-07-01T15:33:49+00:00,XYZ406,XYZ404,-105.0,-100.0,1.0,0.0,-122.0,-118.0,HANDOVER,A3,INTRA_NR,SUCCESS,30.0,4,4,106,104,120,1.0,37.0,0.15,False,False,SUCCESS,ACTIVE,False,
UE10830,XYZ401,-89.0,2.0,SUCCESS,2026-07-01T15:35:58+00:00,XYZ401,XYZ403,-89.0,-83.0,2.0,1.0,-105.0,-100.0,HANDOVER,A3,INTRA_NR,SUCCESS,39.0,1,1,101,103,40,0.0,30.0,0.15,False,False,SUCCESS,MISSING,True,missing_neighbor
UE10202,XYZ409,-85.0,23.0,TOO_EARLY_HO,2026-07-01T15:37:10+00:00,XYZ409,XYZ410,-85.0,-74.0,23.0,20.0,-88.0,-77.0,HANDOVER,A3,INTRA_NR,HO_DECISION,82.0,6,2,109,110,80,1.0,27.0,0.25,False,False,FAILURE,ACTIVE,False,too_early_handover|mobility_configuration_issue
UE10782,XYZ402,-124.0,-5.0,SUCCESS,2026-07-01T15:37:42+00:00,XYZ402,XYZ403,-124.0,-120.0,-5.0,-5.0,-147.0,-143.0,HANDOVER,A3,INTRA_NR,SUCCESS,42.0,8,8,102,103,80,1.0,23.0,0.2,False,False,SUCCESS,ACTIVE,False,
UE10620,XYZ401,-119.0,-3.0,PING_PONG,2026-07-01T15:39:27+00:00,XYZ401,XYZ403,-119.0,-120.0,-3.0,-7.0,-140.0,-145.0,HANDOVER,A3,INTRA_NR,POST_HO,50.0,5,7,101,103,40,0.0,29.0,0.5,True,True,FAILURE,MISSING,True,ping_pong_handover|mobility_configuration_issue|missing_neighbor|post_ho_rlf|coverage_induced_ho_failure|interference_induced_ho_failure|beam_instability
UE10627,XYZ407,-77.0,-3.0,SUCCESS,2026-07-01T15:38:23+00:00,XYZ407,XYZ405,-77.0,-74.0,-3.0,-3.0,-98.0,-95.0,HANDOVER,A3,INTRA_NR,SUCCESS,41.0,1,1,107,105,160,2.0,18.0,0.1,False,False,SUCCESS,ACTIVE,False,
UE10603,XYZ406,-110.0,22.0,SUCCESS,2026-07-01T15:38:33+00:00,XYZ406,XYZ407,-110.0,-105.0,22.0,21.0,-113.0,-108.0,HANDOVER,A3,INTRA_NR,SUCCESS,30.0,4,4,106,107,120,1.0,33.0,0.35,False,False,SUCCESS,ACTIVE,False,
UE10137,XYZ406,-109.0,23.0,SUCCESS,2026-07-01T15:38:21+00:00,XYZ406,XYZ408,-109.0,-105.0,23.0,24.0,-112.0,-108.0,HANDOVER,A3,INTRA_NR,SUCCESS,35.0,5,5,106,108,120,1.0,19.0,0.1,False,False,SUCCESS,ACTIVE,False,
UE10421,XYZ405,-106.0,4.0,PING_PONG,2026-07-01T15:39:35+00:00,XYZ405,XYZ407,-106.0,-108.0,4.0,2.0,-120.0,-124.0,HANDOVER,A3,INTRA_NR,POST_HO,56.0,5,8,105,107,80,0.0,33.0,2.6,True,False,FAILURE,MISSING,True,ping_pong_handover|mobility_configuration_issue|missing_neighbor|post_ho_rlf|beam_instability
UE10814,XYZ404,-103.0,24.0,SUCCESS,2026-07-01T15:42:09+00:00,XYZ404,XYZ405,-103.0,-98.0,24.0,25.0,-106.0,-101.0,HANDOVER,A3,INTRA_NR,SUCCESS,31.0,8,8,104,105,40,2.0,38.0,0.45,False,False,SUCCESS,ACTIVE,False,
UE10056,XYZ404,-92.0,11.0,SUCCESS,2026-07-01T15:40:16+00:00,XYZ404,XYZ403,-92.0,-86.0,11.0,11.0,-99.0,-93.0,HANDOVER,A3,INTRA_NR,SUCCESS,25.0,4,4,104,103,40,2.0,20.0,0.1,False,False,SUCCESS,ACTIVE,False,
UE10561,XYZ403,-115.0,12.0,SUCCESS,2026-07-01T15:42:03+00:00,XYZ403,XYZ404,-115.0,-113.0,12.0,12.0,-121.0,-119.0,HANDOVER,A3,INTRA_NR,SUCCESS,34.0,4,4,103,104,160,2.0,34.0,0.45,False,False,SUCCESS,ACTIVE,False,
UE10070,XYZ410,-92.0,11.0,SUCCESS,2026-07-01T15:43:04+00:00,XYZ410,XYZ408,-92.0,-86.0,11.0,11.0,-99.0,-93.0,HANDOVER,A3,INTRA_NR,SUCCESS,33.0,4,4,110,108,120,2.0,29.0,0.2,False,False,SUCCESS,ACTIVE,False,
UE10910,XYZ408,-93.0,-6.0,SUCCESS,2026-07-01T15:44:15+00:00,XYZ408,XYZ409,-93.0,-88.0,-6.0,-5.0,-117.0,-111.0,HANDOVER,A3,INTRA_NR,SUCCESS,27.0,7,7,108,109,40,0.0,17.0,0.3,False,False,SUCCESS,ACTIVE,False,
UE10913,XYZ407,-100.0,20.0,N2_FAILURE,2026-07-01T15:44:37+00:00,XYZ407,XYZ406,-100.0,-107.0,20.0,18.0,-103.0,-110.0,HANDOVER,A3,INTER_GNB_NG,HO_PREPARATION,56.0,5,4,107,106,160,2.0,26.0,2.9,False,False,FAILURE,ACTIVE,False,handover_preparation_failure
UE10593,XYZ409,-124.0,2.0,SUCCESS,2026-07-01T15:43:18+00:00,XYZ409,XYZ407,-124.0,-119.0,2.0,1.0,-140.0,-136.0,HANDOVER,A3,INTRA_NR,SUCCESS,41.0,5,5,109,107,80,1.0,26.0,0.1,False,False,SUCCESS,ACTIVE,False,
UE10371,XYZ401,-103.0,17.0,SUCCESS,2026-07-01T15:44:53+00:00,XYZ401,XYZ402,-103.0,-99.0,17.0,17.0,-106.0,-102.0,HANDOVER,A3,INTRA_NR,SUCCESS,33.0,8,8,101,102,40,0.0,17.0,0.4,False,False,SUCCESS,ACTIVE,False,
UE10616,XYZ407,-85.0,9.0,SUCCESS,2026-07-01T15:44:36+00:00,XYZ407,XYZ405,-85.0,-79.0,9.0,10.0,-94.0,-87.0,HANDOVER,A3,INTRA_NR,SUCCESS,43.0,4,4,107,105,160,2.0,25.0,0.3,False,False,SUCCESS,ACTIVE,False,
UE10599,XYZ410,-104.0,22.0,SUCCESS,2026-07-01T15:46:24+00:00,XYZ410,XYZ409,-104.0,-101.0,22.0,23.0,-107.0,-104.0,HANDOVER,A3,INTRA_NR,SUCCESS,34.0,7,7,110,109,120,2.0,30.0,0.2,False,False,SUCCESS,ACTIVE,False,
UE10513,XYZ404,-92.0,5.0,SUCCESS,2026-07-01T15:48:11+00:00,XYZ404,XYZ402,-92.0,-88.0,5.0,5.0,-105.0,-101.0,HANDOVER,A3,INTRA_NR,SUCCESS,44.0,2,2,104,102,40,2.0,28.0,0.25,False,False,SUCCESS,ACTIVE,False,
UE10871,XYZ407,-111.0,18.0,TOO_LATE_HO,2026-07-01T15:48:00+00:00,XYZ407,XYZ409,-111.0,-124.0,18.0,14.0,-114.0,-128.0,HANDOVER,A5,INTRA_NR,HO_DECISION,16.0,2,5,107,109,160,2.0,38.0,0.05,False,True,FAILURE,ACTIVE,False,too_late_handover|mobility_configuration_issue|post_ho_rlf|coverage_induced_ho_failure
UE10083,XYZ401,-116.0,12.0,PREP_FAILURE,2026-07-01T15:48:16+00:00,XYZ401,XYZ403,-116.0,-134.0,12.0,9.0,-122.0,-143.0,HANDOVER,A3,INTRA_NR,HO_PREPARATION,37.0,8,8,101,103,40,0.0,59.0,6.0,False,False,FAILURE,MISSING,True,handover_preparation_failure|missing_neighbor|coverage_induced_ho_failure
UE10993,XYZ405,-111.0,13.0,N2_FAILURE,2026-07-01T15:47:01+00:00,XYZ405,XYZ407,-111.0,-119.0,13.0,11.0,-116.0,-126.0,HANDOVER,A3,INTER_GNB_NG,HO_PREPARATION,55.0,1,2,105,107,80,0.0,29.0,8.0,False,False,FAILURE,MISSING,True,handover_preparation_failure|missing_neighbor|coverage_induced_ho_failure
UE10042,XYZ403,-84.0,23.0,PREP_FAILURE,2026-07-01T15:46:41+00:00,XYZ403,XYZ404,-84.0,-94.0,23.0,19.0,-87.0,-97.0,HANDOVER,A3,INTRA_NR,HO_PREPARATION,37.0,6,3,103,104,160,2.0,35.0,7.1,False,False,FAILURE,ACTIVE,False,handover_preparation_failure
UE10665,XYZ405,-97.0,-4.0,SUCCESS,2026-07-01T15:47:03+00:00,XYZ405,XYZ407,-97.0,-92.0,-4.0,-5.0,-119.0,-115.0,HANDOVER,A3,INTRA_NR,SUCCESS,28.0,4,4,105,107,80,0.0,30.0,0.2,False,False,SUCCESS,MISSING,True,missing_neighbor
UE10838,XYZ404,-103.0,-7.0,SUCCESS,2026-07-01T15:52:20+00:00,XYZ404,XYZ403,-103.0,-98.0,-7.0,-8.0,-128.0,-124.0,HANDOVER,A3,INTRA_NR,SUCCESS,28.0,1,1,104,103,40,2.0,28.0,0.35,False,False,SUCCESS,ACTIVE,False,
UE10933,XYZ402,-109.0,23.0,SUCCESS,2026-07-01T15:50:53+00:00,XYZ402,XYZ403,-109.0,-107.0,23.0,24.0,-112.0,-110.0,HANDOVER,A3,INTRA_NR,SUCCESS,43.0,6,6,102,103,80,1.0,39.0,0.45,False,False,SUCCESS,ACTIVE,False,
UE10605,XYZ404,-117.0,11.0,SUCCESS,2026-07-01T15:48:59+00:00,XYZ404,XYZ403,-117.0,-111.0,11.0,12.0,-124.0,-117.0,HANDOVER,A3,INTRA_NR,SUCCESS,45.0,3,3,104,103,40,2.0,36.0,0.45,False,False,SUCCESS,ACTIVE,False,
UE10809,XYZ403,-76.0,-6.0,SUCCESS,2026-07-01T15:51:53+00:00,XYZ403,XYZ401,-76.0,-73.0,-6.0,-7.0,-100.0,-98.0,HANDOVER,A3,INTRA_NR,SUCCESS,33.0,3,3,103,101,160,2.0,32.0,0.15,False,False,SUCCESS,ACTIVE,False,
UE10132,XYZ401,-90.0,12.0,SUCCESS,2026-07-01T15:53:14+00:00,XYZ401,XYZ402,-90.0,-85.0,12.0,13.0,-96.0,-90.0,HANDOVER,A3,INTRA_NR,SUCCESS,44.0,7,7,101,102,40,0.0,20.0,0.05,False,False,SUCCESS,ACTIVE,False,
UE10394,XYZ410,-117.0,4.0,SUCCESS,2026-07-01T15:53:26+00:00,XYZ410,XYZ408,-117.0,-115.0,4.0,3.0,-131.0,-130.0,HANDOVER,A3,INTRA_NR,SUCCESS,25.0,1,1,110,108,120,2.0,33.0,0.15,False,False,SUCCESS,ACTIVE,False,
UE10064,XYZ408,-110.0,20.0,N2_FAILURE,2026-07-01T15:55:01+00:00,XYZ408,XYZ407,-110.0,-118.0,20.0,18.0,-113.0,-121.0,HANDOVER,A3,INTER_GNB_NG,HO_PREPARATION,55.0,6,2,108,107,40,0.0,33.0,2.1,False,False,FAILURE,ACTIVE,False,handover_preparation_failure|coverage_induced_ho_failure
UE10289,XYZ405,-90.0,-2.0,SUCCESS,2026-07-01T15:52:14+00:00,XYZ405,XYZ404,-90.0,-88.0,-2.0,-3.0,-110.0,-109.0,HANDOVER,A3,INTRA_NR,SUCCESS,28.0,1,1,105,104,80,0.0,21.0,0.25,False,False,SUCCESS,ACTIVE,False,
UE10375,XYZ404,-78.0,14.0,PING_PONG,2026-07-01T15:55:57+00:00,XYZ404,XYZ402,-78.0,-76.0,14.0,12.0,-82.0,-82.0,HANDOVER,A3,INTRA_NR,POST_HO,48.0,6,6,104,102,40,2.0,26.0,2.9,True,False,FAILURE,ACTIVE,False,ping_pong_handover|mobility_configuration_issue|post_ho_rlf
UE10768,XYZ410,-93.0,14.0,TOO_EARLY_HO,2026-07-01T15:55:58+00:00,XYZ410,XYZ408,-93.0,-82.0,14.0,12.0,-97.0,-88.0,HANDOVER,A3,INTRA_NR,HO_DECISION,87.0,5,4,110,108,120,2.0,52.0,0.15,False,False,FAILURE,ACTIVE,False,too_early_handover|mobility_configuration_issue
UE10466,XYZ405,-95.0,10.0,SUCCESS,2026-07-01T15:54:41+00:00,XYZ405,XYZ407,-95.0,-92.0,10.0,10.0,-103.0,-100.0,HANDOVER,A3,INTRA_NR,SUCCESS,25.0,8,8,105,107,80,0.0,20.0,0.0,False,False,SUCCESS,MISSING,True,missing_neighbor
UE10897,XYZ404,-120.0,-2.0,SUCCESS,2026-07-01T15:56:29+00:00,XYZ404,XYZ405,-120.0,-116.0,-2.0,-3.0,-140.0,-137.0,HANDOVER,A3,INTRA_NR,SUCCESS,40.0,1,1,104,105,40,2.0,28.0,0.05,False,False,SUCCESS,ACTIVE,False,
UE10212,XYZ403,-116.0,11.0,SUCCESS,2026-07-01T15:58:03+00:00,XYZ403,XYZ404,-116.0,-113.0,11.0,12.0,-123.0,-119.0,HANDOVER,A3,INTRA_NR,SUCCESS,34.0,5,5,103,104,160,2.0,16.0,0.4,False,False,SUCCESS,ACTIVE,False,
UE10147,XYZ405,-110.0,12.0,SUCCESS,2026-07-01T15:56:41+00:00,XYZ405,XYZ407,-110.0,-106.0,12.0,13.0,-116.0,-111.0,HANDOVER,A3,INTRA_NR,SUCCESS,44.0,1,1,105,107,80,0.0,28.0,0.15,False,False,SUCCESS,MISSING,True,missing_neighbor
UE10572,XYZ404,-122.0,-7.0,SUCCESS,2026-07-01T15:58:34+00:00,XYZ404,XYZ406,-122.0,-116.0,-7.0,-8.0,-147.0,-142.0,HANDOVER,A3,INTRA_NR,SUCCESS,33.0,5,5,104,106,40,2.0,36.0,0.45,False,False,SUCCESS,ACTIVE,False,
UE10470,XYZ401,-104.0,18.0,SUCCESS,2026-07-01T16:01:02+00:00,XYZ401,XYZ403,-104.0,-101.0,18.0,17.0,-107.0,-104.0,HANDOVER,A3,INTRA_NR,SUCCESS,29.0,7,7,101,103,40,0.0,27.0,0.1,False,False,SUCCESS,MISSING,True,missing_neighbor
UE10148,XYZ403,-113.0,4.0,SUCCESS,2026-07-01T16:01:39+00:00,XYZ403,XYZ402,-113.0,-108.0,4.0,5.0,-127.0,-121.0,HANDOVER,A3,INTRA_NR,SUCCESS,39.0,6,6,103,102,160,2.0,31.0,0.05,False,False,SUCCESS,ACTIVE,False,
UE10087,XYZ410,-110.0,-10.0,SUCCESS,2026-07-01T15:59:41+00:00,XYZ410,XYZ408,-110.0,-105.0,-10.0,-9.0,-138.0,-132.0,HANDOVER,A3,INTRA_NR,SUCCESS,35.0,1,1,110,108,120,2.0,35.0,0.45,False,False,SUCCESS,ACTIVE,False,
UE10323,XYZ410,-97.0,19.0,SUCCESS,2026-07-01T16:01:08+00:00,XYZ410,XYZ409,-97.0,-93.0,19.0,18.0,-100.0,-96.0,HANDOVER,A3,INTRA_NR,SUCCESS,26.0,3,3,110,109,120,2.0,30.0,0.1,False,False,SUCCESS,ACTIVE,False,
UE10894,XYZ408,-120.0,18.0,SUCCESS,2026-07-01T16:03:36+00:00,XYZ408,XYZ407,-120.0,-117.0,18.0,17.0,-123.0,-120.0,HANDOVER,A3,INTRA_NR,SUCCESS,41.0,7,7,108,107,40,0.0,30.0,0.4,False,False,SUCCESS,ACTIVE,False,
UE10395,XYZ407,-100.0,9.0,SUCCESS,2026-07-01T16:00:51+00:00,XYZ407,XYZ405,-100.0,-95.0,9.0,10.0,-109.0,-103.0,HANDOVER,A3,INTRA_NR,SUCCESS,30.0,7,7,107,105,160,2.0,30.0,0.25,False,False,SUCCESS,ACTIVE,False,
UE10789,XYZ402,-115.0,22.0,SUCCESS,2026-07-01T16:01:25+00:00,XYZ402,XYZ403,-115.0,-112.0,22.0,21.0,-118.0,-115.0,HANDOVER,A3,INTRA_NR,SUCCESS,45.0,6,6,102,103,80,1.0,23.0,0.45,False,False,SUCCESS,ACTIVE,False,
UE10403,XYZ401,-102.0,11.0,SUCCESS,2026-07-01T16:02:09+00:00,XYZ401,XYZ402,-102.0,-99.0,11.0,11.0,-109.0,-106.0,HANDOVER,A3,INTRA_NR,SUCCESS,41.0,2,2,101,102,40,0.0,18.0,0.1,False,False,SUCCESS,ACTIVE,False,
UE10081,XYZ403,-97.0,2.0,SUCCESS,2026-07-01T16:06:24+00:00,XYZ403,XYZ401,-97.0,-92.0,2.0,2.0,-113.0,-108.0,HANDOVER,A3,INTRA_NR,SUCCESS,41.0,6,6,103,101,160,2.0,27.0,0.3,False,False,SUCCESS,ACTIVE,False,
UE10640,XYZ405,-123.0,-4.0,SUCCESS,2026-07-01T16:07:01+00:00,XYZ405,XYZ404,-123.0,-117.0,-4.0,-5.0,-145.0,-140.0,HANDOVER,A3,INTRA_NR,SUCCESS,44.0,4,4,105,104,80,0.0,37.0,0.0,False,False,SUCCESS,ACTIVE,False,
UE10285,XYZ410,-116.0,-3.0,SUCCESS,2026-07-01T16:07:42+00:00,XYZ410,XYZ409,-116.0,-112.0,-3.0,-3.0,-137.0,-133.0,HANDOVER,A3,INTRA_NR,SUCCESS,41.0,1,1,110,109,120,2.0,20.0,0.3,False,False,SUCCESS,ACTIVE,False,
UE10381,XYZ401,-125.0,17.0,SUCCESS,2026-07-01T16:03:51+00:00,XYZ401,XYZ402,-125.0,-119.0,17.0,18.0,-128.0,-122.0,HANDOVER,A3,INTRA_NR,SUCCESS,39.0,2,2,101,102,40,0.0,35.0,0.05,False,False,SUCCESS,ACTIVE,False,
UE10864,XYZ403,-83.0,-2.0,SUCCESS,2026-07-01T16:08:11+00:00,XYZ403,XYZ404,-83.0,-80.0,-2.0,-2.0,-103.0,-100.0,HANDOVER,A3,INTRA_NR,SUCCESS,29.0,4,4,103,104,160,2.0,24.0,0.3,False,False,SUCCESS,ACTIVE,False,
UE10791,XYZ403,-100.0,14.0,SUCCESS,2026-07-01T16:07:17+00:00,XYZ403,XYZ402,-100.0,-98.0,14.0,14.0,-104.0,-102.0,HANDOVER,A3,INTRA_NR,SUCCESS,33.0,5,5,103,102,160,2.0,33.0,0.15,False,False,SUCCESS,ACTIVE,False,
UE10269,XYZ405,-114.0,5.0,SUCCESS,2026-07-01T16:05:32+00:00,XYZ405,XYZ404,-114.0,-112.0,5.0,5.0,-127.0,-125.0,HANDOVER,A3,INTRA_NR,SUCCESS,37.0,5,5,105,104,80,0.0,39.0,0.35,False,False,SUCCESS,ACTIVE,False,
UE10291,XYZ403,-112.0,-1.0,SUCCESS,2026-07-01T16:09:32+00:00,XYZ403,XYZ401,-112.0,-108.0,-1.0,-1.0,-131.0,-127.0,HANDOVER,A3,INTRA_NR,SUCCESS,33.0,7,7,103,101,160,2.0,24.0,0.3,False,False,SUCCESS,ACTIVE,False,
UE10452,XYZ409,-101.0,0.0,SUCCESS,2026-07-01T16:11:28+00:00,XYZ409,XYZ408,-101.0,-96.0,0.0,-1.0,-119.0,-115.0,HANDOVER,A3,INTRA_NR,SUCCESS,38.0,4,4,109,108,80,1.0,27.0,0.0,False,False,SUCCESS,ACTIVE,False,
UE10714,XYZ401,-118.0,20.0,SUCCESS,2026-07-01T16:07:25+00:00,XYZ401,XYZ402,-118.0,-112.0,20.0,20.0,-121.0,-115.0,HANDOVER,A3,INTRA_NR,SUCCESS,27.0,7,7,101,102,40,0.0,29.0,0.0,False,False,SUCCESS,ACTIVE,False,
UE10023,XYZ404,-83.0,1.0,SUCCESS,2026-07-01T16:08:44+00:00,XYZ404,XYZ403,-83.0,-80.0,1.0,2.0,-100.0,-96.0,HANDOVER,A3,INTRA_NR,SUCCESS,40.0,3,3,104,103,40,2.0,39.0,0.45,False,False,SUCCESS,ACTIVE,False,
UE10955,XYZ410,-122.0,20.0,SUCCESS,2026-07-01T16:10:06+00:00,XYZ410,XYZ409,-122.0,-116.0,20.0,21.0,-125.0,-119.0,HANDOVER,A3,INTRA_NR,SUCCESS,38.0,8,8,110,109,120,2.0,25.0,0.45,False,False,SUCCESS,ACTIVE,False,
UE10862,XYZ410,-98.0,3.0,SUCCESS,2026-07-01T16:11:24+00:00,XYZ410,XYZ408,-98.0,-96.0,3.0,2.0,-113.0,-112.0,HANDOVER,A3,INTRA_NR,SUCCESS,34.0,3,3,110,108,120,2.0,17.0,0.3,False,False,SUCCESS,ACTIVE,False,
UE10310,XYZ404,-119.0,21.0,SUCCESS,2026-07-01T16:12:33+00:00,XYZ404,XYZ406,-119.0,-113.0,21.0,20.0,-122.0,-116.0,HANDOVER,A3,INTRA_NR,SUCCESS,28.0,6,6,104,106,40,2.0,37.0,0.35,False,False,SUCCESS,ACTIVE,False,
UE10460,XYZ401,-116.0,6.0,SUCCESS,2026-07-01T16:15:03+00:00,XYZ401,XYZ402,-116.0,-113.0,6.0,5.0,-128.0,-126.0,HANDOVER,A3,INTRA_NR,SUCCESS,32.0,4,4,101,102,40,0.0,35.0,0.25,False,False,SUCCESS,ACTIVE,False,
UE10207,XYZ402,-90.0,24.0,TOO_EARLY_HO,2026-07-01T16:14:39+00:00,XYZ402,XYZ403,-90.0,-84.0,24.0,20.0,-93.0,-87.0,HANDOVER,A3,INTRA_NR,HO_DECISION,91.0,5,4,102,103,80,1.0,52.0,0.15,False,False,FAILURE,ACTIVE,False,too_early_handover|mobility_configuration_issue
UE10791,XYZ401,-124.0,-10.0,TOO_LATE_HO,2026-07-01T16:14:04+00:00,XYZ401,XYZ403,-124.0,-135.0,-10.0,-12.0,-152.0,-165.0,HANDOVER,A5,INTRA_NR,HO_DECISION,13.0,5,6,101,103,40,0.0,55.0,0.15,False,False,FAILURE,MISSING,True,too_late_handover|mobility_configuration_issue|missing_neighbor|coverage_induced_ho_failure|interference_induced_ho_failure
UE10716,XYZ406,-100.0,18.0,TOO_LATE_HO,2026-07-01T16:12:19+00:00,XYZ406,XYZ405,-100.0,-118.0,18.0,15.0,-103.0,-121.0,HANDOVER,A5,INTRA_NR,HO_DECISION,7.0,7,4,106,105,120,1.0,56.0,0.3,False,False,FAILURE,ACTIVE,False,too_late_handover|mobility_configuration_issue|coverage_induced_ho_failure
UE10663,XYZ403,-76.0,-7.0,SUCCESS,2026-07-01T16:16:33+00:00,XYZ403,XYZ401,-76.0,-72.0,-7.0,-7.0,-101.0,-97.0,HANDOVER,A3,INTRA_NR,SUCCESS,43.0,7,7,103,101,160,2.0,33.0,0.3,False,False,SUCCESS,ACTIVE,False,
UE10437,XYZ407,-112.0,12.0,SUCCESS,2026-07-01T16:15:11+00:00,XYZ407,XYZ409,-112.0,-109.0,12.0,13.0,-118.0,-114.0,HANDOVER,A3,INTRA_NR,SUCCESS,25.0,5,5,107,109,160,2.0,31.0,0.0,False,False,SUCCESS,ACTIVE,False,
UE10537,XYZ405,-110.0,17.0,SUCCESS,2026-07-01T16:15:55+00:00,XYZ405,XYZ407,-110.0,-108.0,17.0,18.0,-113.0,-111.0,HANDOVER,A3,INTRA_NR,SUCCESS,34.0,5,5,105,107,80,0.0,20.0,0.35,False,False,SUCCESS,MISSING,True,missing_neighbor
UE10705,XYZ409,-83.0,5.0,SUCCESS,2026-07-01T16:18:10+00:00,XYZ409,XYZ408,-83.0,-78.0,5.0,6.0,-96.0,-90.0,HANDOVER,A3,INTRA_NR,SUCCESS,31.0,7,7,109,108,80,1.0,19.0,0.25,False,False,SUCCESS,ACTIVE,False,
UE10335,XYZ407,-84.0,1.0,PREP_FAILURE,2026-07-01T16:15:52+00:00,XYZ407,XYZ409,-84.0,-100.0,1.0,-3.0,-101.0,-121.0,HANDOVER,A3,INTRA_NR,HO_PREPARATION,35.0,4,8,107,109,160,2.0,108.0,3.6,False,False,FAILURE,ACTIVE,False,handover_preparation_failure|xn_transport_failure
UE10421,XYZ404,-109.0,10.0,TOO_LATE_HO,2026-07-01T16:18:26+00:00,XYZ404,XYZ406,-109.0,-124.0,10.0,7.0,-117.0,-135.0,HANDOVER,A5,INTRA_NR,HO_DECISION,16.0,5,8,104,106,40,2.0,33.0,0.15,True,False,FAILURE,ACTIVE,False,too_late_handover|mobility_configuration_issue|coverage_induced_ho_failure
UE10749,XYZ405,-80.0,6.0,SUCCESS,2026-07-01T16:19:48+00:00,XYZ405,XYZ406,-80.0,-74.0,6.0,6.0,-92.0,-86.0,HANDOVER,A3,INTRA_NR,SUCCESS,35.0,8,8,105,106,80,0.0,25.0,0.45,False,False,SUCCESS,ACTIVE,False,
UE10320,XYZ405,-104.0,2.0,SUCCESS,2026-07-01T16:18:30+00:00,XYZ405,XYZ406,-104.0,-102.0,2.0,3.0,-120.0,-117.0,HANDOVER,A3,INTRA_NR,SUCCESS,35.0,4,4,105,106,80,0.0,37.0,0.25,False,False,SUCCESS,ACTIVE,False,
UE10496,XYZ405,-122.0,21.0,SUCCESS,2026-07-01T16:22:31+00:00,XYZ405,XYZ406,-122.0,-120.0,21.0,22.0,-125.0,-123.0,HANDOVER,A3,INTRA_NR,SUCCESS,36.0,5,5,105,106,80,0.0,31.0,0.4,False,False,SUCCESS,ACTIVE,False,
UE10586,XYZ410,-107.0,4.0,SUCCESS,2026-07-01T16:18:40+00:00,XYZ410,XYZ408,-107.0,-104.0,4.0,3.0,-121.0,-119.0,HANDOVER,A3,INTRA_NR,SUCCESS,36.0,5,5,110,108,120,2.0,26.0,0.45,False,False,SUCCESS,ACTIVE,False,
UE10946,XYZ409,-124.0,1.0,PING_PONG,2026-07-01T16:23:38+00:00,XYZ409,XYZ408,-124.0,-126.0,1.0,-3.0,-141.0,-147.0,HANDOVER,A3,INTRA_NR,POST_HO,53.0,4,8,109,108,80,1.0,37.0,1.8,True,False,FAILURE,ACTIVE,False,ping_pong_handover|mobility_configuration_issue|post_ho_rlf|coverage_induced_ho_failure|beam_instability
UE10162,XYZ410,-87.0,4.0,N2_FAILURE,2026-07-01T16:22:15+00:00,XYZ410,XYZ408,-87.0,-99.0,4.0,1.0,-101.0,-116.0,HANDOVER,A3,INTER_GNB_NG,HO_PREPARATION,48.0,6,3,110,108,120,2.0,48.0,4.4,False,False,FAILURE,ACTIVE,False,handover_preparation_failure
UE10810,XYZ403,-117.0,23.0,SUCCESS,2026-07-01T16:23:43+00:00,XYZ403,XYZ402,-117.0,-113.0,23.0,23.0,-120.0,-116.0,HANDOVER,A3,INTRA_NR,SUCCESS,42.0,4,4,103,102,160,2.0,17.0,0.05,False,False,SUCCESS,ACTIVE,False,
UE10540,XYZ406,-107.0,-5.0,SUCCESS,2026-07-01T16:21:58+00:00,XYZ406,XYZ408,-107.0,-101.0,-5.0,-4.0,-130.0,-123.0,HANDOVER,A3,INTRA_NR,SUCCESS,31.0,3,3,106,108,120,1.0,38.0,0.35,False,False,SUCCESS,ACTIVE,False,
UE10164,XYZ408,-110.0,6.0,SUCCESS,2026-07-01T16:26:19+00:00,XYZ408,XYZ407,-110.0,-104.0,6.0,5.0,-122.0,-117.0,HANDOVER,A3,INTRA_NR,SUCCESS,28.0,7,7,108,107,40,0.0,33.0,0.4,False,False,SUCCESS,ACTIVE,False,
UE10848,XYZ409,-101.0,9.0,SUCCESS,2026-07-01T16:23:12+00:00,XYZ409,XYZ408,-101.0,-96.0,9.0,8.0,-110.0,-106.0,HANDOVER,A3,INTRA_NR,SUCCESS,30.0,6,6,109,108,80,1.0,15.0,0.4,False,False,SUCCESS,ACTIVE,False,
UE10697,XYZ407,-78.0,-2.0,PREP_FAILURE,2026-07-01T16:24:39+00:00,XYZ407,XYZ409,-78.0,-87.0,-2.0,-5.0,-98.0,-110.0,HANDOVER,A3,INTRA_NR,HO_PREPARATION,48.0,4,6,107,109,160,2.0,41.0,5.9,False,False,FAILURE,MISSING,True,handover_preparation_failure|missing_neighbor|interference_induced_ho_failure
UE10565,XYZ403,-108.0,-6.0,SUCCESS,2026-07-01T16:27:32+00:00,XYZ403,XYZ401,-108.0,-103.0,-6.0,-6.0,-132.0,-127.0,HANDOVER,A3,INTRA_NR,SUCCESS,35.0,2,2,103,101,160,2.0,16.0,0.1,False,False,SUCCESS,ACTIVE,False,
UE10294,XYZ401,-103.0,12.0,SUCCESS,2026-07-01T16:26:36+00:00,XYZ401,XYZ402,-103.0,-97.0,12.0,13.0,-109.0,-102.0,HANDOVER,A3,INTRA_NR,SUCCESS,38.0,8,8,101,102,40,0.0,24.0,0.2,False,False,SUCCESS,ACTIVE,False,
UE10041,XYZ404,-105.0,22.0,SUCCESS,2026-07-01T16:26:48+00:00,XYZ404,XYZ402,-105.0,-102.0,22.0,22.0,-108.0,-105.0,HANDOVER,A3,INTRA_NR,SUCCESS,29.0,7,7,104,102,40,2.0,34.0,0.35,False,False,SUCCESS,ACTIVE,False,
UE10923,XYZ406,-115.0,3.0,PREP_FAILURE,2026-07-01T16:25:26+00:00,XYZ406,XYZ405,-115.0,-126.0,3.0,1.0,-130.0,-143.0,HANDOVER,A3,INTRA_NR,HO_PREPARATION,38.0,6,4,106,105,120,1.0,59.0,8.7,False,False,FAILURE,MISSING,True,handover_preparation_failure|missing_neighbor|coverage_induced_ho_failure
UE10284,XYZ403,-87.0,6.0,SUCCESS,2026-07-01T16:28:19+00:00,XYZ403,XYZ402,-87.0,-81.0,6.0,5.0,-99.0,-94.0,HANDOVER,A3,INTRA_NR,SUCCESS,38.0,6,6,103,102,160,2.0,23.0,0.2,False,False,SUCCESS,ACTIVE,False,
UE10938,XYZ401,-85.0,8.0,N2_FAILURE,2026-07-01T16:29:35+00:00,XYZ401,XYZ403,-85.0,-91.0,8.0,6.0,-95.0,-103.0,HANDOVER,A3,INTER_GNB_NG,HO_PREPARATION,41.0,8,2,101,103,40,0.0,63.0,7.4,False,False,FAILURE,MISSING,True,handover_preparation_failure|missing_neighbor
UE10386,XYZ406,-122.0,22.0,N2_FAILURE,2026-07-01T16:30:58+00:00,XYZ406,XYZ408,-122.0,-128.0,22.0,19.0,-125.0,-131.0,HANDOVER,A3,INTER_GNB_NG,HO_PREPARATION,46.0,2,7,106,108,120,1.0,44.0,3.0,False,False,FAILURE,ACTIVE,False,handover_preparation_failure|coverage_induced_ho_failure
UE10137,XYZ401,-101.0,-10.0,PING_PONG,2026-07-01T16:29:32+00:00,XYZ401,XYZ403,-101.0,-104.0,-10.0,-13.0,-129.0,-135.0,HANDOVER,A3,INTRA_NR,POST_HO,55.0,5,6,101,103,40,0.0,48.0,3.2,True,True,FAILURE,MISSING,True,ping_pong_handover|mobility_configuration_issue|missing_neighbor|post_ho_rlf|interference_induced_ho_failure|beam_instability
UE10186,XYZ409,-94.0,2.0,SUCCESS,2026-07-01T16:32:44+00:00,XYZ409,XYZ408,-94.0,-92.0,2.0,2.0,-110.0,-108.0,HANDOVER,A3,INTRA_NR,SUCCESS,28.0,3,3,109,108,80,1.0,38.0,0.0,False,False,SUCCESS,ACTIVE,False,
UE10909,XYZ401,-96.0,16.0,SUCCESS,2026-07-01T16:30:42+00:00,XYZ401,XYZ402,-96.0,-90.0,16.0,17.0,-99.0,-93.0,HANDOVER,A3,INTRA_NR,SUCCESS,40.0,4,4,101,102,40,0.0,26.0,0.25,False,False,SUCCESS,ACTIVE,False,
UE10715,XYZ406,-81.0,-5.0,SUCCESS,2026-07-01T16:31:25+00:00,XYZ406,XYZ404,-81.0,-78.0,-5.0,-6.0,-104.0,-102.0,HANDOVER,A3,INTRA_NR,SUCCESS,44.0,3,3,106,104,120,1.0,28.0,0.35,False,False,SUCCESS,ACTIVE,False,
UE10430,XYZ401,-100.0,-5.0,SUCCESS,2026-07-01T16:33:34+00:00,XYZ401,XYZ403,-100.0,-98.0,-5.0,-6.0,-123.0,-122.0,HANDOVER,A3,INTRA_NR,SUCCESS,45.0,8,8,101,103,40,0.0,19.0,0.0,False,False,SUCCESS,MISSING,True,missing_neighbor
UE10553,XYZ407,-90.0,22.0,TOO_EARLY_HO,2026-07-01T16:33:11+00:00,XYZ407,XYZ405,-90.0,-83.0,22.0,19.0,-93.0,-86.0,HANDOVER,A3,INTRA_NR,HO_DECISION,84.0,7,4,107,105,160,2.0,54.0,0.4,False,False,FAILURE,ACTIVE,False,too_early_handover|mobility_configuration_issue
UE10861,XYZ403,-92.0,19.0,TOO_EARLY_HO,2026-07-01T16:31:16+00:00,XYZ403,XYZ404,-92.0,-86.0,19.0,16.0,-95.0,-89.0,HANDOVER,A3,INTRA_NR,HO_DECISION,91.0,7,1,103,104,160,2.0,26.0,0.1,False,False,FAILURE,ACTIVE,False,too_early_handover|mobility_configuration_issue
UE10415,XYZ406,-117.0,24.0,SUCCESS,2026-07-01T16:32:54+00:00,XYZ406,XYZ408,-117.0,-111.0,24.0,25.0,-120.0,-114.0,HANDOVER,A3,INTRA_NR,SUCCESS,42.0,8,8,106,108,120,1.0,29.0,0.0,False,False,SUCCESS,ACTIVE,False,
UE10799,XYZ407,-114.0,12.0,N2_FAILURE,2026-07-01T16:32:28+00:00,XYZ407,XYZ406,-114.0,-121.0,12.0,8.0,-120.0,-131.0,HANDOVER,A3,INTER_GNB_NG,HO_PREPARATION,56.0,7,8,107,106,160,2.0,41.0,2.6,False,False,FAILURE,ACTIVE,False,handover_preparation_failure|coverage_induced_ho_failure
UE10425,XYZ401,-124.0,-1.0,SUCCESS,2026-07-01T16:36:54+00:00,XYZ401,XYZ402,-124.0,-121.0,-1.0,-1.0,-143.0,-140.0,HANDOVER,A3,INTRA_NR,SUCCESS,30.0,4,4,101,102,40,0.0,24.0,0.1,False,False,SUCCESS,ACTIVE,False,
UE10415,XYZ401,-88.0,8.0,SUCCESS,2026-07-01T16:34:45+00:00,XYZ401,XYZ403,-88.0,-84.0,8.0,8.0,-98.0,-94.0,HANDOVER,A3,INTRA_NR,SUCCESS,42.0,8,8,101,103,40,0.0,29.0,0.0,False,False,SUCCESS,MISSING,True,missing_neighbor
UE10025,XYZ405,-121.0,17.0,SUCCESS,2026-07-01T16:37:22+00:00,XYZ405,XYZ406,-121.0,-117.0,17.0,16.0,-124.0,-120.0,HANDOVER,A3,INTRA_NR,SUCCESS,36.0,6,6,105,106,80,0.0,25.0,0.4,False,False,SUCCESS,ACTIVE,False,
UE10370,XYZ406,-121.0,12.0,SUCCESS,2026-07-01T16:38:22+00:00,XYZ406,XYZ405,-121.0,-116.0,12.0,13.0,-127.0,-121.0,HANDOVER,A3,INTRA_NR,SUCCESS,41.0,4,4,106,105,120,1.0,33.0,0.4,False,False,SUCCESS,ACTIVE,False,
UE10384,XYZ409,-104.0,-7.0,N2_FAILURE,2026-07-01T16:36:15+00:00,XYZ409,XYZ408,-104.0,-110.0,-7.0,-9.0,-129.0,-137.0,HANDOVER,A3,INTER_GNB_NG,HO_PREPARATION,53.0,6,6,109,108,80,1.0,31.0,2.8,False,False,FAILURE,ACTIVE,False,handover_preparation_failure|interference_induced_ho_failure
UE10055,XYZ401,-121.0,9.0,SUCCESS,2026-07-01T16:37:57+00:00,XYZ401,XYZ403,-121.0,-116.0,9.0,10.0,-130.0,-124.0,HANDOVER,A3,INTRA_NR,SUCCESS,30.0,4,4,101,103,40,0.0,37.0,0.15,False,False,SUCCESS,MISSING,True,missing_neighbor
UE10252,XYZ404,-122.0,8.0,PING_PONG,2026-07-01T16:40:26+00:00,XYZ404,XYZ403,-122.0,-124.0,8.0,5.0,-132.0,-137.0,HANDOVER,A3,INTRA_NR,POST_HO,49.0,8,6,104,103,40,2.0,64.0,2.5,True,True,FAILURE,ACTIVE,False,ping_pong_handover|mobility_configuration_issue|post_ho_rlf|coverage_induced_ho_failure|beam_instability
UE10633,XYZ410,-117.0,16.0,SUCCESS,2026-07-01T16:37:42+00:00,XYZ410,XYZ409,-117.0,-112.0,16.0,16.0,-120.0,-115.0,HANDOVER,A3,INTRA_NR,SUCCESS,33.0,1,1,110,109,120,2.0,21.0,0.35,False,False,SUCCESS,ACTIVE,False,
UE10105,XYZ408,-97.0,23.0,SUCCESS,2026-07-01T16:41:16+00:00,XYZ408,XYZ409,-97.0,-91.0,23.0,23.0,-100.0,-94.0,HANDOVER,A3,INTRA_NR,SUCCESS,37.0,6,6,108,109,40,0.0,17.0,0.35,False,False,SUCCESS,ACTIVE,False,
UE10129,XYZ410,-104.0,-7.0,SUCCESS,2026-07-01T16:42:13+00:00,XYZ410,XYZ409,-104.0,-100.0,-7.0,-6.0,-129.0,-124.0,HANDOVER,A3,INTRA_NR,SUCCESS,35.0,4,4,110,109,120,2.0,24.0,0.3,False,False,SUCCESS,ACTIVE,False,
UE10848,XYZ409,-99.0,-4.0,SUCCESS,2026-07-01T16:40:28+00:00,XYZ409,XYZ408,-99.0,-94.0,-4.0,-5.0,-121.0,-117.0,HANDOVER,A3,INTRA_NR,SUCCESS,30.0,6,6,109,108,80,1.0,15.0,0.4,False,False,SUCCESS,ACTIVE,False,
UE10669,XYZ403,-116.0,-4.0,SUCCESS,2026-07-01T16:42:45+00:00,XYZ403,XYZ404,-116.0,-112.0,-4.0,-5.0,-138.0,-135.0,HANDOVER,A3,INTRA_NR,SUCCESS,39.0,7,7,103,104,160,2.0,22.0,0.05,False,False,SUCCESS,ACTIVE,False,
UE10375,XYZ402,-110.0,15.0,SUCCESS,2026-07-01T16:44:03+00:00,XYZ402,XYZ403,-110.0,-104.0,15.0,16.0,-113.0,-107.0,HANDOVER,A3,INTRA_NR,SUCCESS,28.0,6,6,102,103,80,1.0,38.0,0.45,False,False,SUCCESS,ACTIVE,False,
UE10742,XYZ404,-84.0,15.0,TOO_EARLY_HO,2026-07-01T16:42:21+00:00,XYZ404,XYZ406,-84.0,-76.0,15.0,13.0,-87.0,-81.0,HANDOVER,A3,INTRA_NR,HO_DECISION,84.0,4,5,104,106,40,2.0,27.0,0.0,False,False,FAILURE,ACTIVE,False,too_early_handover|mobility_configuration_issue
UE10966,XYZ402,-84.0,8.0,SUCCESS,2026-07-01T16:46:09+00:00,XYZ402,XYZ403,-84.0,-81.0,8.0,7.0,-94.0,-92.0,HANDOVER,A3,INTRA_NR,SUCCESS,25.0,4,4,102,103,80,1.0,25.0,0.05,False,False,SUCCESS,ACTIVE,False,
UE10307,XYZ401,-116.0,-2.0,SUCCESS,2026-07-01T16:45:49+00:00,XYZ401,XYZ403,-116.0,-113.0,-2.0,-3.0,-136.0,-134.0,HANDOVER,A3,INTRA_NR,SUCCESS,43.0,7,7,101,103,40,0.0,20.0,0.35,False,False,SUCCESS,MISSING,True,missing_neighbor
UE10090,XYZ403,-120.0,9.0,PING_PONG,2026-07-01T16:44:17+00:00,XYZ403,XYZ401,-120.0,-119.0,9.0,6.0,-129.0,-131.0,HANDOVER,A3,INTRA_NR,POST_HO,63.0,4,2,103,101,160,2.0,32.0,2.2,True,True,FAILURE,ACTIVE,False,ping_pong_handover|mobility_configuration_issue|post_ho_rlf|coverage_induced_ho_failure|beam_instability
UE10392,XYZ407,-77.0,5.0,SUCCESS,2026-07-01T16:44:12+00:00,XYZ407,XYZ409,-77.0,-72.0,5.0,6.0,-90.0,-84.0,HANDOVER,A3,INTRA_NR,SUCCESS,25.0,1,1,107,109,160,2.0,37.0,0.45,False,False,SUCCESS,ACTIVE,False,
UE10533,XYZ401,-121.0,6.0,SUCCESS,2026-07-01T16:46:23+00:00,XYZ401,XYZ402,-121.0,-116.0,6.0,7.0,-133.0,-127.0,HANDOVER,A3,INTRA_NR,SUCCESS,35.0,2,2,101,102,40,0.0,17.0,0.45,False,False,SUCCESS,ACTIVE,False,
UE10801,XYZ402,-120.0,11.0,SUCCESS,2026-07-01T16:45:43+00:00,XYZ402,XYZ403,-120.0,-118.0,11.0,12.0,-127.0,-124.0,HANDOVER,A3,INTRA_NR,SUCCESS,45.0,5,5,102,103,80,1.0,15.0,0.05,False,False,SUCCESS,ACTIVE,False,
UE10109,XYZ401,-79.0,2.0,PING_PONG,2026-07-01T16:48:31+00:00,XYZ401,XYZ402,-79.0,-82.0,2.0,0.0,-95.0,-100.0,HANDOVER,A3,INTRA_NR,POST_HO,57.0,7,1,101,102,40,0.0,33.0,2.4,True,False,FAILURE,ACTIVE,False,ping_pong_handover|mobility_configuration_issue|post_ho_rlf|beam_instability
UE10560,XYZ408,-101.0,1.0,N2_FAILURE,2026-07-01T16:46:39+00:00,XYZ408,XYZ409,-101.0,-109.0,1.0,-2.0,-118.0,-129.0,HANDOVER,A3,INTER_GNB_NG,HO_PREPARATION,49.0,7,5,108,109,40,0.0,51.0,8.0,False,False,FAILURE,ACTIVE,False,handover_preparation_failure
UE10640,XYZ405,-76.0,-1.0,SUCCESS,2026-07-01T16:51:25+00:00,XYZ405,XYZ403,-76.0,-72.0,-1.0,0.0,-95.0,-90.0,HANDOVER,A3,INTRA_NR,SUCCESS,44.0,4,4,105,103,80,0.0,37.0,0.0,False,False,SUCCESS,MISSING,True,missing_neighbor
UE10584,XYZ408,-122.0,-10.0,SUCCESS,2026-07-01T16:49:22+00:00,XYZ408,XYZ410,-122.0,-116.0,-10.0,-10.0,-150.0,-144.0,HANDOVER,A3,INTRA_NR,SUCCESS,26.0,4,4,108,110,40,0.0,18.0,0.05,False,False,SUCCESS,MISSING,True,missing_neighbor
UE10339,XYZ403,-86.0,21.0,TOO_EARLY_HO,2026-07-01T16:48:15+00:00,XYZ403,XYZ405,-86.0,-79.0,21.0,19.0,-89.0,-82.0,HANDOVER,A3,INTRA_NR,HO_DECISION,82.0,6,3,103,105,160,2.0,63.0,0.35,False,False,FAILURE,ACTIVE,False,too_early_handover|mobility_configuration_issue
UE10564,XYZ407,-78.0,19.0,TOO_LATE_HO,2026-07-01T16:52:26+00:00,XYZ407,XYZ408,-78.0,-95.0,19.0,17.0,-81.0,-98.0,HANDOVER,A5,INTRA_NR,HO_DECISION,9.0,5,5,107,108,160,2.0,35.0,0.4,True,False,FAILURE,ACTIVE,False,too_late_handover|mobility_configuration_issue
UE10978,XYZ408,-94.0,-3.0,N2_FAILURE,2026-07-01T16:50:46+00:00,XYZ408,XYZ410,-94.0,-102.0,-3.0,-5.0,-115.0,-125.0,HANDOVER,A3,INTER_GNB_NG,HO_PREPARATION,45.0,5,1,108,110,40,0.0,46.0,3.5,False,False,FAILURE,MISSING,True,handover_preparation_failure|missing_neighbor|interference_induced_ho_failure
UE10355,XYZ406,-91.0,10.0,N2_FAILURE,2026-07-01T16:53:02+00:00,XYZ406,XYZ407,-91.0,-103.0,10.0,7.0,-99.0,-114.0,HANDOVER,A3,INTER_GNB_NG,HO_PREPARATION,52.0,6,8,106,107,120,1.0,30.0,5.1,False,False,FAILURE,ACTIVE,False,handover_preparation_failure
UE10891,XYZ407,-116.0,11.0,SUCCESS,2026-07-01T16:50:23+00:00,XYZ407,XYZ408,-116.0,-112.0,11.0,12.0,-123.0,-118.0,HANDOVER,A3,INTRA_NR,SUCCESS,39.0,8,8,107,108,160,2.0,26.0,0.4,False,False,SUCCESS,ACTIVE,False,
UE10167,XYZ402,-92.0,7.0,SUCCESS,2026-07-01T16:53:07+00:00,XYZ402,XYZ403,-92.0,-88.0,7.0,7.0,-103.0,-99.0,HANDOVER,A3,INTRA_NR,SUCCESS,40.0,2,2,102,103,80,1.0,37.0,0.45,False,False,SUCCESS,ACTIVE,False,
UE10556,XYZ408,-90.0,-9.0,N2_FAILURE,2026-07-01T16:53:28+00:00,XYZ408,XYZ407,-90.0,-102.0,-9.0,-11.0,-117.0,-131.0,HANDOVER,A3,INTER_GNB_NG,HO_PREPARATION,44.0,4,2,108,107,40,0.0,59.0,2.6,False,False,FAILURE,ACTIVE,False,handover_preparation_failure|interference_induced_ho_failure
UE10451,XYZ405,-120.0,-2.0,SUCCESS,2026-07-01T16:55:26+00:00,XYZ405,XYZ407,-120.0,-118.0,-2.0,-1.0,-140.0,-137.0,HANDOVER,A3,INTRA_NR,SUCCESS,25.0,1,1,105,107,80,0.0,20.0,0.25,False,False,SUCCESS,MISSING,True,missing_neighbor
UE10904,XYZ407,-83.0,-8.0,SUCCESS,2026-07-01T16:53:12+00:00,XYZ407,XYZ408,-83.0,-79.0,-8.0,-8.0,-109.0,-105.0,HANDOVER,A3,INTRA_NR,SUCCESS,26.0,1,1,107,108,160,2.0,38.0,0.45,False,False,SUCCESS,ACTIVE,False,
UE10104,XYZ401,-80.0,15.0,TOO_EARLY_HO,2026-07-01T16:57:08+00:00,XYZ401,XYZ402,-80.0,-73.0,15.0,12.0,-83.0,-79.0,HANDOVER,A3,INTRA_NR,HO_DECISION,84.0,5,3,101,102,40,0.0,42.0,0.05,False,False,FAILURE,ACTIVE,False,too_early_handover|mobility_configuration_issue
UE10149,XYZ405,-110.0,10.0,PING_PONG,2026-07-01T16:57:47+00:00,XYZ405,XYZ406,-110.0,-109.0,10.0,6.0,-118.0,-121.0,HANDOVER,A3,INTRA_NR,POST_HO,57.0,7,6,105,106,80,0.0,62.0,2.3,True,False,FAILURE,ACTIVE,False,ping_pong_handover|mobility_configuration_issue|post_ho_rlf|beam_instability
UE10145,XYZ401,-107.0,19.0,SUCCESS,2026-07-01T16:58:25+00:00,XYZ401,XYZ402,-107.0,-105.0,19.0,18.0,-110.0,-108.0,HANDOVER,A3,INTRA_NR,SUCCESS,33.0,4,4,101,102,40,0.0,17.0,0.0,False,False,SUCCESS,ACTIVE,False,
UE10715,XYZ408,-92.0,17.0,TOO_EARLY_HO,2026-07-01T16:57:19+00:00,XYZ408,XYZ409,-92.0,-86.0,17.0,14.0,-95.0,-90.0,HANDOVER,A3,INTRA_NR,HO_DECISION,94.0,3,4,108,109,40,0.0,44.0,0.35,False,False,FAILURE,ACTIVE,False,too_early_handover|mobility_configuration_issue
UE10873,XYZ404,-101.0,15.0,SUCCESS,2026-07-01T16:58:53+00:00,XYZ404,XYZ405,-101.0,-98.0,15.0,15.0,-104.0,-101.0,HANDOVER,A3,INTRA_NR,SUCCESS,32.0,8,8,104,105,40,2.0,15.0,0.45,False,False,SUCCESS,ACTIVE,False,
UE10298,XYZ404,-95.0,23.0,SUCCESS,2026-07-01T17:01:24+00:00,XYZ404,XYZ403,-95.0,-92.0,23.0,24.0,-98.0,-95.0,HANDOVER,A3,INTRA_NR,SUCCESS,25.0,8,8,104,103,40,2.0,35.0,0.25,False,False,SUCCESS,ACTIVE,False,
UE10166,XYZ402,-77.0,-3.0,SUCCESS,2026-07-01T17:01:13+00:00,XYZ402,XYZ403,-77.0,-73.0,-3.0,-4.0,-98.0,-95.0,HANDOVER,A3,INTRA_NR,SUCCESS,30.0,6,6,102,103,80,1.0,32.0,0.4,False,False,SUCCESS,ACTIVE,False,
UE10712,XYZ405,-85.0,-1.0,SUCCESS,2026-07-01T17:01:54+00:00,XYZ405,XYZ403,-85.0,-81.0,-1.0,-1.0,-104.0,-100.0,HANDOVER,A3,INTRA_NR,SUCCESS,26.0,4,4,105,103,80,0.0,20.0,0.3,False,False,SUCCESS,MISSING,True,missing_neighbor
UE10645,XYZ401,-109.0,3.0,SUCCESS,2026-07-01T16:59:38+00:00,XYZ401,XYZ403,-109.0,-106.0,3.0,3.0,-124.0,-121.0,HANDOVER,A3,INTRA_NR,SUCCESS,30.0,4,4,101,103,40,0.0,34.0,0.3,False,False,SUCCESS,MISSING,True,missing_neighbor
UE10722,XYZ409,-79.0,4.0,SUCCESS,2026-07-01T16:59:07+00:00,XYZ409,XYZ408,-79.0,-75.0,4.0,5.0,-93.0,-88.0,HANDOVER,A3,INTRA_NR,SUCCESS,25.0,3,3,109,108,80,1.0,28.0,0.45,False,False,SUCCESS,ACTIVE,False,
UE10047,XYZ405,-96.0,6.0,TOO_LATE_HO,2026-07-01T17:03:06+00:00,XYZ405,XYZ403,-96.0,-113.0,6.0,4.0,-108.0,-127.0,HANDOVER,A5,INTRA_NR,HO_DECISION,8.0,5,4,105,103,80,0.0,40.0,0.3,False,False,FAILURE,MISSING,True,too_late_handover|mobility_configuration_issue|missing_neighbor|coverage_induced_ho_failure
UE10637,XYZ406,-87.0,7.0,PREP_FAILURE,2026-07-01T17:01:35+00:00,XYZ406,XYZ408,-87.0,-95.0,7.0,5.0,-98.0,-108.0,HANDOVER,A3,INTRA_NR,HO_PREPARATION,49.0,3,4,106,108,120,1.0,34.0,3.0,False,False,FAILURE,ACTIVE,False,handover_preparation_failure
UE10238,XYZ402,-95.0,21.0,SUCCESS,2026-07-01T17:04:21+00:00,XYZ402,XYZ403,-95.0,-89.0,21.0,22.0,-98.0,-92.0,HANDOVER,A3,INTRA_NR,SUCCESS,33.0,5,5,102,103,80,1.0,38.0,0.35,False,False,SUCCESS,ACTIVE,False,
UE10006,XYZ410,-107.0,12.0,PING_PONG,2026-07-01T17:05:32+00:00,XYZ410,XYZ408,-107.0,-107.0,12.0,8.0,-113.0,-117.0,HANDOVER,A3,INTRA_NR,POST_HO,65.0,7,8,110,108,120,2.0,62.0,2.0,True,False,FAILURE,ACTIVE,False,ping_pong_handover|mobility_configuration_issue|post_ho_rlf|beam_instability
UE10463,XYZ410,-91.0,12.0,SUCCESS,2026-07-01T17:04:13+00:00,XYZ410,XYZ408,-91.0,-87.0,12.0,13.0,-97.0,-92.0,HANDOVER,A3,INTRA_NR,SUCCESS,37.0,8,8,110,108,120,2.0,28.0,0.05,False,False,SUCCESS,ACTIVE,False,
UE10452,XYZ401,-97.0,24.0,SUCCESS,2026-07-01T17:07:35+00:00,XYZ401,XYZ402,-97.0,-94.0,24.0,24.0,-100.0,-97.0,HANDOVER,A3,INTRA_NR,SUCCESS,38.0,4,4,101,102,40,0.0,27.0,0.0,False,False,SUCCESS,ACTIVE,False,
UE10783,XYZ404,-125.0,4.0,SUCCESS,2026-07-01T17:06:09+00:00,XYZ404,XYZ405,-125.0,-119.0,4.0,4.0,-139.0,-133.0,HANDOVER,A3,INTRA_NR,SUCCESS,44.0,8,8,104,105,40,2.0,17.0,0.1,False,False,SUCCESS,ACTIVE,False,
UE10896,XYZ407,-122.0,13.0,SUCCESS,2026-07-01T17:06:19+00:00,XYZ407,XYZ406,-122.0,-117.0,13.0,12.0,-127.0,-123.0,HANDOVER,A3,INTRA_NR,SUCCESS,30.0,1,1,107,106,160,2.0,18.0,0.15,False,False,SUCCESS,ACTIVE,False,
UE10370,XYZ406,-98.0,17.0,SUCCESS,2026-07-01T17:07:58+00:00,XYZ406,XYZ405,-98.0,-94.0,17.0,16.0,-101.0,-97.0,HANDOVER,A3,INTRA_NR,SUCCESS,41.0,4,4,106,105,120,1.0,33.0,0.4,False,False,SUCCESS,ACTIVE,False,
UE10548,XYZ410,-108.0,5.0,SUCCESS,2026-07-01T17:06:14+00:00,XYZ410,XYZ409,-108.0,-105.0,5.0,5.0,-121.0,-118.0,HANDOVER,A3,INTRA_NR,SUCCESS,34.0,6,6,110,109,120,2.0,39.0,0.2,False,False,SUCCESS,ACTIVE,False,
UE10486,XYZ401,-100.0,5.0,SUCCESS,2026-07-01T17:07:39+00:00,XYZ401,XYZ402,-100.0,-94.0,5.0,6.0,-113.0,-106.0,HANDOVER,A3,INTRA_NR,SUCCESS,27.0,2,2,101,102,40,0.0,25.0,0.45,False,False,SUCCESS,ACTIVE,False,
UE10210,XYZ401,-86.0,-5.0,SUCCESS,2026-07-01T17:08:28+00:00,XYZ401,XYZ403,-86.0,-81.0,-5.0,-6.0,-109.0,-105.0,HANDOVER,A3,INTRA_NR,SUCCESS,43.0,5,5,101,103,40,0.0,21.0,0.15,False,False,SUCCESS,MISSING,True,missing_neighbor
UE10164,XYZ408,-107.0,-9.0,SUCCESS,2026-07-01T17:11:57+00:00,XYZ408,XYZ409,-107.0,-102.0,-9.0,-10.0,-134.0,-130.0,HANDOVER,A3,INTRA_NR,SUCCESS,28.0,7,7,108,109,40,0.0,33.0,0.4,False,False,SUCCESS,ACTIVE,False,
UE10124,XYZ404,-120.0,2.0,SUCCESS,2026-07-01T17:11:26+00:00,XYZ404,XYZ403,-120.0,-114.0,2.0,2.0,-136.0,-130.0,HANDOVER,A3,INTRA_NR,SUCCESS,38.0,7,7,104,103,40,2.0,30.0,0.05,False,False,SUCCESS,ACTIVE,False,
UE10336,XYZ405,-125.0,-2.0,SUCCESS,2026-07-01T17:12:30+00:00,XYZ405,XYZ407,-125.0,-121.0,-2.0,-3.0,-145.0,-142.0,HANDOVER,A3,INTRA_NR,SUCCESS,45.0,4,4,105,107,80,0.0,20.0,0.15,False,False,SUCCESS,MISSING,True,missing_neighbor
UE10191,XYZ407,-118.0,23.0,SUCCESS,2026-07-01T17:13:11+00:00,XYZ407,XYZ406,-118.0,-112.0,23.0,24.0,-121.0,-115.0,HANDOVER,A3,INTRA_NR,SUCCESS,42.0,7,7,107,106,160,2.0,32.0,0.1,False,False,SUCCESS,ACTIVE,False,
UE10729,XYZ408,-93.0,6.0,SUCCESS,2026-07-01T17:11:30+00:00,XYZ408,XYZ407,-93.0,-90.0,6.0,7.0,-105.0,-101.0,HANDOVER,A3,INTRA_NR,SUCCESS,35.0,5,5,108,107,40,0.0,32.0,0.35,False,False,SUCCESS,ACTIVE,False,
UE10213,XYZ410,-83.0,16.0,TOO_EARLY_HO,2026-07-01T17:14:37+00:00,XYZ410,XYZ409,-83.0,-71.0,16.0,13.0,-86.0,-76.0,HANDOVER,A3,INTRA_NR,HO_DECISION,79.0,3,7,110,109,120,2.0,64.0,0.4,False,False,FAILURE,ACTIVE,False,too_early_handover|mobility_configuration_issue
UE10573,XYZ407,-105.0,18.0,SUCCESS,2026-07-01T17:10:43+00:00,XYZ407,XYZ409,-105.0,-102.0,18.0,19.0,-108.0,-105.0,HANDOVER,A3,INTRA_NR,SUCCESS,37.0,6,6,107,109,160,2.0,36.0,0.45,False,False,SUCCESS,ACTIVE,False,
UE10327,XYZ402,-102.0,11.0,SUCCESS,2026-07-01T17:11:50+00:00,XYZ402,XYZ403,-102.0,-99.0,11.0,10.0,-109.0,-107.0,HANDOVER,A3,INTRA_NR,SUCCESS,30.0,6,6,102,103,80,1.0,24.0,0.1,False,False,SUCCESS,ACTIVE,False,
UE10956,XYZ404,-101.0,13.0,N2_FAILURE,2026-07-01T17:14:19+00:00,XYZ404,XYZ402,-101.0,-106.0,13.0,10.0,-106.0,-114.0,HANDOVER,A3,INTER_GNB_NG,HO_PREPARATION,53.0,8,2,104,102,40,2.0,50.0,2.2,False,False,FAILURE,ACTIVE,False,handover_preparation_failure
UE10380,XYZ410,-79.0,-4.0,PING_PONG,2026-07-01T17:12:42+00:00,XYZ410,XYZ409,-79.0,-77.0,-4.0,-8.0,-101.0,-103.0,HANDOVER,A3,INTRA_NR,POST_HO,53.0,3,1,110,109,120,2.0,48.0,3.2,True,True,FAILURE,ACTIVE,False,ping_pong_handover|mobility_configuration_issue|post_ho_rlf|interference_induced_ho_failure|beam_instability
UE10672,XYZ401,-83.0,23.0,PREP_FAILURE,2026-07-01T17:14:29+00:00,XYZ401,XYZ403,-83.0,-97.0,23.0,21.0,-86.0,-100.0,HANDOVER,A3,INTRA_NR,HO_PREPARATION,53.0,2,8,101,103,40,0.0,42.0,5.2,False,False,FAILURE,MISSING,True,handover_preparation_failure|missing_neighbor
UE10577,XYZ410,-107.0,1.0,SUCCESS,2026-07-01T17:16:55+00:00,XYZ410,XYZ408,-107.0,-103.0,1.0,2.0,-124.0,-119.0,HANDOVER,A3,INTRA_NR,SUCCESS,26.0,3,3,110,108,120,2.0,31.0,0.4,False,False,SUCCESS,ACTIVE,False,
UE10797,XYZ409,-97.0,12.0,SUCCESS,2026-07-01T17:18:24+00:00,XYZ409,XYZ407,-97.0,-95.0,12.0,13.0,-103.0,-100.0,HANDOVER,A3,INTRA_NR,SUCCESS,38.0,5,5,109,107,80,1.0,31.0,0.4,False,False,SUCCESS,ACTIVE,False,
UE10238,XYZ403,-116.0,4.0,TOO_LATE_HO,2026-07-01T17:18:32+00:00,XYZ403,XYZ404,-116.0,-135.0,4.0,0.0,-130.0,-153.0,HANDOVER,A5,INTRA_NR,HO_DECISION,13.0,5,6,103,104,160,2.0,32.0,0.35,True,False,FAILURE,ACTIVE,False,too_late_handover|mobility_configuration_issue|coverage_induced_ho_failure
UE10531,XYZ403,-114.0,22.0,SUCCESS,2026-07-01T17:20:29+00:00,XYZ403,XYZ404,-114.0,-112.0,22.0,22.0,-117.0,-115.0,HANDOVER,A3,INTRA_NR,SUCCESS,39.0,4,4,103,104,160,2.0,29.0,0.3,False,False,SUCCESS,ACTIVE,False,
UE10699,XYZ410,-93.0,2.0,SUCCESS,2026-07-01T17:20:34+00:00,XYZ410,XYZ409,-93.0,-89.0,2.0,1.0,-109.0,-106.0,HANDOVER,A3,INTRA_NR,SUCCESS,29.0,6,6,110,109,120,2.0,22.0,0.45,False,False,SUCCESS,ACTIVE,False,
UE10081,XYZ409,-119.0,12.0,SUCCESS,2026-07-01T17:21:38+00:00,XYZ409,XYZ408,-119.0,-114.0,12.0,13.0,-125.0,-119.0,HANDOVER,A3,INTRA_NR,SUCCESS,41.0,6,6,109,108,80,1.0,27.0,0.3,False,False,SUCCESS,ACTIVE,False,
UE10362,XYZ410,-109.0,21.0,SUCCESS,2026-07-01T17:18:03+00:00,XYZ410,XYZ409,-109.0,-104.0,21.0,20.0,-112.0,-107.0,HANDOVER,A3,INTRA_NR,SUCCESS,39.0,8,8,110,109,120,2.0,38.0,0.05,False,False,SUCCESS,ACTIVE,False,
UE10504,XYZ403,-116.0,24.0,TOO_LATE_HO,2026-07-01T17:22:45+00:00,XYZ403,XYZ402,-116.0,-132.0,24.0,20.0,-119.0,-135.0,HANDOVER,A5,INTRA_NR,HO_DECISION,23.0,3,6,103,102,160,2.0,36.0,0.4,False,False,FAILURE,ACTIVE,False,too_late_handover|mobility_configuration_issue|coverage_induced_ho_failure
UE10201,XYZ408,-95.0,-10.0,SUCCESS,2026-07-01T17:22:32+00:00,XYZ408,XYZ407,-95.0,-93.0,-10.0,-10.0,-123.0,-121.0,HANDOVER,A3,INTRA_NR,SUCCESS,39.0,5,5,108,107,40,0.0,22.0,0.3,False,False,SUCCESS,ACTIVE,False,
UE10919,XYZ402,-120.0,-6.0,SUCCESS,2026-07-01T17:23:46+00:00,XYZ402,XYZ403,-120.0,-116.0,-6.0,-6.0,-144.0,-140.0,HANDOVER,A3,INTRA_NR,SUCCESS,41.0,6,6,102,103,80,1.0,26.0,0.0,False,False,SUCCESS,ACTIVE,False,
UE10503,XYZ403,-109.0,2.0,SUCCESS,2026-07-01T17:24:20+00:00,XYZ403,XYZ401,-109.0,-107.0,2.0,1.0,-125.0,-124.0,HANDOVER,A3,INTRA_NR,SUCCESS,26.0,6,6,103,101,160,2.0,17.0,0.35,False,False,SUCCESS,ACTIVE,False,
UE10643,XYZ402,-76.0,-6.0,SUCCESS,2026-07-01T17:23:03+00:00,XYZ402,XYZ403,-76.0,-73.0,-6.0,-7.0,-100.0,-98.0,HANDOVER,A3,INTRA_NR,SUCCESS,43.0,6,6,102,103,80,1.0,26.0,0.35,False,False,SUCCESS,ACTIVE,False,
UE10036,XYZ401,-89.0,21.0,TOO_EARLY_HO,2026-07-01T17:22:10+00:00,XYZ401,XYZ403,-89.0,-80.0,21.0,17.0,-92.0,-83.0,HANDOVER,A3,INTRA_NR,HO_DECISION,76.0,2,6,101,103,40,0.0,59.0,0.15,False,False,FAILURE,MISSING,True,too_early_handover|mobility_configuration_issue|missing_neighbor
UE10643,XYZ402,-108.0,10.0,SUCCESS,2026-07-01T17:24:17+00:00,XYZ402,XYZ403,-108.0,-105.0,10.0,11.0,-116.0,-112.0,HANDOVER,A3,INTRA_NR,SUCCESS,43.0,6,6,102,103,80,1.0,26.0,0.35,False,False,SUCCESS,ACTIVE,False,
UE10588,XYZ408,-100.0,13.0,SUCCESS,2026-07-01T17:24:19+00:00,XYZ408,XYZ406,-100.0,-96.0,13.0,14.0,-105.0,-100.0,HANDOVER,A3,INTRA_NR,SUCCESS,40.0,5,5,108,106,40,0.0,26.0,0.2,False,False,SUCCESS,MISSING,True,missing_neighbor
UE10600,XYZ409,-77.0,7.0,SUCCESS,2026-07-01T17:25:32+00:00,XYZ409,XYZ410,-77.0,-72.0,7.0,6.0,-88.0,-84.0,HANDOVER,A3,INTRA_NR,SUCCESS,35.0,4,4,109,110,80,1.0,27.0,0.05,False,False,SUCCESS,ACTIVE,False,
UE10972,XYZ402,-110.0,10.0,SUCCESS,2026-07-01T17:27:29+00:00,XYZ402,XYZ403,-110.0,-105.0,10.0,9.0,-118.0,-114.0,HANDOVER,A3,INTRA_NR,SUCCESS,37.0,4,4,102,103,80,1.0,33.0,0.25,False,False,SUCCESS,ACTIVE,False,
UE10401,XYZ407,-118.0,-1.0,SUCCESS,2026-07-01T17:24:43+00:00,XYZ407,XYZ405,-118.0,-114.0,-1.0,0.0,-137.0,-132.0,HANDOVER,A3,INTRA_NR,SUCCESS,31.0,5,5,107,105,160,2.0,37.0,0.1,False,False,SUCCESS,ACTIVE,False,
UE10764,XYZ405,-102.0,13.0,SUCCESS,2026-07-01T17:27:11+00:00,XYZ405,XYZ403,-102.0,-99.0,13.0,12.0,-107.0,-105.0,HANDOVER,A3,INTRA_NR,SUCCESS,29.0,3,3,105,103,80,0.0,18.0,0.35,False,False,SUCCESS,MISSING,True,missing_neighbor
UE10855,XYZ403,-113.0,10.0,SUCCESS,2026-07-01T17:30:18+00:00,XYZ403,XYZ405,-113.0,-110.0,10.0,10.0,-121.0,-118.0,HANDOVER,A3,INTRA_NR,SUCCESS,43.0,3,3,103,105,160,2.0,33.0,0.15,False,False,SUCCESS,ACTIVE,False,
UE10705,XYZ409,-97.0,14.0,SUCCESS,2026-07-01T17:29:42+00:00,XYZ409,XYZ408,-97.0,-95.0,14.0,13.0,-101.0,-100.0,HANDOVER,A3,INTRA_NR,SUCCESS,31.0,7,7,109,108,80,1.0,19.0,0.25,False,False,SUCCESS,ACTIVE,False,
UE10175,XYZ406,-94.0,12.0,PREP_FAILURE,2026-07-01T17:26:56+00:00,XYZ406,XYZ404,-94.0,-111.0,12.0,10.0,-100.0,-119.0,HANDOVER,A3,INTRA_NR,HO_PREPARATION,36.0,2,3,106,104,120,1.0,57.0,4.3,False,False,FAILURE,MISSING,True,handover_preparation_failure|missing_neighbor|coverage_induced_ho_failure
UE10544,XYZ401,-102.0,11.0,PREP_FAILURE,2026-07-01T17:27:58+00:00,XYZ401,XYZ403,-102.0,-119.0,11.0,9.0,-109.0,-128.0,HANDOVER,A3,INTRA_NR,HO_PREPARATION,35.0,8,3,101,103,40,0.0,45.0,3.1,False,False,FAILURE,MISSING,True,handover_preparation_failure|missing_neighbor|coverage_induced_ho_failure
UE10569,XYZ405,-110.0,-7.0,SUCCESS,2026-07-01T17:29:43+00:00,XYZ405,XYZ404,-110.0,-108.0,-7.0,-7.0,-135.0,-133.0,HANDOVER,A3,INTRA_NR,SUCCESS,26.0,4,4,105,104,80,0.0,38.0,0.3,False,False,SUCCESS,ACTIVE,False,
UE10466,XYZ407,-115.0,23.0,SUCCESS,2026-07-01T17:29:39+00:00,XYZ407,XYZ408,-115.0,-113.0,23.0,22.0,-118.0,-116.0,HANDOVER,A3,INTRA_NR,SUCCESS,25.0,8,8,107,108,160,2.0,20.0,0.0,False,False,SUCCESS,ACTIVE,False,
UE10200,XYZ404,-94.0,-5.0,SUCCESS,2026-07-01T17:31:56+00:00,XYZ404,XYZ402,-94.0,-91.0,-5.0,-4.0,-117.0,-113.0,HANDOVER,A3,INTRA_NR,SUCCESS,28.0,8,8,104,102,40,2.0,33.0,0.2,False,False,SUCCESS,ACTIVE,False,
UE10539,XYZ408,-120.0,17.0,SUCCESS,2026-07-01T17:31:08+00:00,XYZ408,XYZ406,-120.0,-118.0,17.0,16.0,-123.0,-121.0,HANDOVER,A3,INTRA_NR,SUCCESS,32.0,3,3,108,106,40,0.0,27.0,0.15,False,False,SUCCESS,MISSING,True,missing_neighbor
UE10546,XYZ410,-91.0,20.0,TOO_EARLY_HO,2026-07-01T17:32:26+00:00,XYZ410,XYZ408,-91.0,-79.0,20.0,18.0,-94.0,-82.0,HANDOVER,A3,INTRA_NR,HO_DECISION,81.0,4,4,110,108,120,2.0,38.0,0.4,False,False,FAILURE,ACTIVE,False,too_early_handover|mobility_configuration_issue
UE10998,XYZ405,-93.0,24.0,TOO_LATE_HO,2026-07-01T17:32:45+00:00,XYZ405,XYZ403,-93.0,-104.0,24.0,22.0,-96.0,-107.0,HANDOVER,A5,INTRA_NR,HO_DECISION,22.0,3,6,105,103,80,0.0,60.0,0.35,False,False,FAILURE,MISSING,True,too_late_handover|mobility_configuration_issue|missing_neighbor
UE10636,XYZ409,-108.0,12.0,SUCCESS,2026-07-01T17:36:07+00:00,XYZ409,XYZ407,-108.0,-102.0,12.0,13.0,-114.0,-107.0,HANDOVER,A3,INTRA_NR,SUCCESS,45.0,1,1,109,107,80,1.0,33.0,0.4,False,False,SUCCESS,ACTIVE,False,
UE10393,XYZ409,-89.0,-5.0,TOO_LATE_HO,2026-07-01T17:33:03+00:00,XYZ409,XYZ407,-89.0,-106.0,-5.0,-7.0,-112.0,-131.0,HANDOVER,A5,INTRA_NR,HO_DECISION,12.0,2,3,109,107,80,1.0,26.0,0.1,True,False,FAILURE,ACTIVE,False,too_late_handover|mobility_configuration_issue|interference_induced_ho_failure
UE10832,XYZ409,-113.0,5.0,SUCCESS,2026-07-01T17:34:08+00:00,XYZ409,XYZ408,-113.0,-108.0,5.0,4.0,-126.0,-122.0,HANDOVER,A3,INTRA_NR,SUCCESS,31.0,3,3,109,108,80,1.0,21.0,0.0,False,False,SUCCESS,ACTIVE,False,
UE10041,XYZ401,-116.0,-9.0,SUCCESS,2026-07-01T17:35:52+00:00,XYZ401,XYZ402,-116.0,-111.0,-9.0,-8.0,-143.0,-137.0,HANDOVER,A3,INTRA_NR,SUCCESS,29.0,7,7,101,102,40,0.0,34.0,0.35,False,False,SUCCESS,ACTIVE,False,
UE10596,XYZ402,-89.0,13.0,TOO_EARLY_HO,2026-07-01T17:37:04+00:00,XYZ402,XYZ403,-89.0,-78.0,13.0,11.0,-94.0,-85.0,HANDOVER,A3,INTRA_NR,HO_DECISION,75.0,6,6,102,103,80,1.0,26.0,0.4,False,False,FAILURE,ACTIVE,False,too_early_handover|mobility_configuration_issue
UE10392,XYZ403,-100.0,6.0,SUCCESS,2026-07-01T17:35:23+00:00,XYZ403,XYZ405,-100.0,-97.0,6.0,5.0,-112.0,-110.0,HANDOVER,A3,INTRA_NR,SUCCESS,25.0,1,1,103,105,160,2.0,37.0,0.45,False,False,SUCCESS,ACTIVE,False,
UE10699,XYZ404,-80.0,-10.0,SUCCESS,2026-07-01T17:39:41+00:00,XYZ404,XYZ406,-80.0,-75.0,-10.0,-10.0,-108.0,-103.0,HANDOVER,A3,INTRA_NR,SUCCESS,29.0,6,6,104,106,40,2.0,22.0,0.45,False,False,SUCCESS,ACTIVE,False,
UE10622,XYZ410,-109.0,-5.0,SUCCESS,2026-07-01T17:40:35+00:00,XYZ410,XYZ409,-109.0,-103.0,-5.0,-6.0,-132.0,-127.0,HANDOVER,A3,INTRA_NR,SUCCESS,38.0,4,4,110,109,120,2.0,32.0,0.0,False,False,SUCCESS,ACTIVE,False,
UE10782,XYZ409,-125.0,-6.0,SUCCESS,2026-07-01T17:40:25+00:00,XYZ409,XYZ407,-125.0,-121.0,-6.0,-6.0,-149.0,-145.0,HANDOVER,A3,INTRA_NR,SUCCESS,42.0,8,8,109,107,80,1.0,23.0,0.2,False,False,SUCCESS,ACTIVE,False,
UE10994,XYZ410,-101.0,18.0,SUCCESS,2026-07-01T17:41:58+00:00,XYZ410,XYZ408,-101.0,-99.0,18.0,19.0,-104.0,-102.0,HANDOVER,A3,INTRA_NR,SUCCESS,37.0,2,2,110,108,120,2.0,21.0,0.35,False,False,SUCCESS,ACTIVE,False,
UE10440,XYZ406,-92.0,1.0,SUCCESS,2026-07-01T17:41:31+00:00,XYZ406,XYZ404,-92.0,-90.0,1.0,2.0,-109.0,-106.0,HANDOVER,A3,INTRA_NR,SUCCESS,44.0,3,3,106,104,120,1.0,22.0,0.15,False,False,SUCCESS,ACTIVE,False,
UE10836,XYZ401,-87.0,-8.0,SUCCESS,2026-07-01T17:42:19+00:00,XYZ401,XYZ403,-87.0,-84.0,-8.0,-9.0,-113.0,-111.0,HANDOVER,A3,INTRA_NR,SUCCESS,29.0,6,6,101,103,40,0.0,23.0,0.1,False,False,SUCCESS,MISSING,True,missing_neighbor
UE10616,XYZ409,-116.0,-10.0,SUCCESS,2026-07-01T17:41:09+00:00,XYZ409,XYZ408,-116.0,-114.0,-10.0,-9.0,-144.0,-141.0,HANDOVER,A3,INTRA_NR,SUCCESS,43.0,4,4,109,108,80,1.0,25.0,0.3,False,False,SUCCESS,ACTIVE,False,
UE10505,XYZ406,-106.0,16.0,SUCCESS,2026-07-01T17:42:10+00:00,XYZ406,XYZ405,-106.0,-100.0,16.0,17.0,-109.0,-103.0,HANDOVER,A3,INTRA_NR,SUCCESS,26.0,4,4,106,105,120,1.0,26.0,0.35,False,False,SUCCESS,ACTIVE,False,
UE10917,XYZ404,-119.0,13.0,SUCCESS,2026-07-01T17:40:48+00:00,XYZ404,XYZ406,-119.0,-117.0,13.0,13.0,-124.0,-122.0,HANDOVER,A3,INTRA_NR,SUCCESS,30.0,1,1,104,106,40,2.0,24.0,0.45,False,False,SUCCESS,ACTIVE,False,
UE10319,XYZ404,-110.0,8.0,SUCCESS,2026-07-01T17:41:54+00:00,XYZ404,XYZ403,-110.0,-105.0,8.0,9.0,-120.0,-114.0,HANDOVER,A3,INTRA_NR,SUCCESS,34.0,5,5,104,103,40,2.0,29.0,0.0,False,False,SUCCESS,ACTIVE,False,
UE10552,XYZ403,-89.0,-3.0,SUCCESS,2026-07-01T17:43:25+00:00,XYZ403,XYZ401,-89.0,-87.0,-3.0,-3.0,-110.0,-108.0,HANDOVER,A3,INTRA_NR,SUCCESS,38.0,2,2,103,101,160,2.0,28.0,0.4,False,False,SUCCESS,ACTIVE,False,
UE10214,XYZ407,-97.0,-9.0,SUCCESS,2026-07-01T17:44:02+00:00,XYZ407,XYZ408,-97.0,-94.0,-9.0,-8.0,-124.0,-120.0,HANDOVER,A3,INTRA_NR,SUCCESS,36.0,2,2,107,108,160,2.0,34.0,0.15,False,False,SUCCESS,ACTIVE,False,
UE10070,XYZ403,-114.0,19.0,SUCCESS,2026-07-01T17:46:24+00:00,XYZ403,XYZ401,-114.0,-108.0,19.0,20.0,-117.0,-111.0,HANDOVER,A3,INTRA_NR,SUCCESS,33.0,4,4,103,101,160,2.0,29.0,0.2,False,False,SUCCESS,ACTIVE,False,
UE10567,XYZ402,-109.0,19.0,SUCCESS,2026-07-01T17:47:00+00:00,XYZ402,XYZ403,-109.0,-107.0,19.0,20.0,-112.0,-110.0,HANDOVER,A3,INTRA_NR,SUCCESS,36.0,2,2,102,103,80,1.0,37.0,0.05,False,False,SUCCESS,ACTIVE,False,
UE10918,XYZ410,-78.0,21.0,TOO_EARLY_HO,2026-07-01T17:44:43+00:00,XYZ410,XYZ409,-78.0,-65.0,21.0,18.0,-81.0,-68.0,HANDOVER,A3,INTRA_NR,HO_DECISION,76.0,5,5,110,109,120,2.0,47.0,0.45,False,False,FAILURE,ACTIVE,False,too_early_handover|mobility_configuration_issue
UE10235,XYZ408,-106.0,-10.0,N2_FAILURE,2026-07-01T17:44:45+00:00,XYZ408,XYZ407,-106.0,-112.0,-10.0,-14.0,-134.0,-144.0,HANDOVER,A3,INTER_GNB_NG,HO_PREPARATION,54.0,4,6,108,107,40,0.0,53.0,7.4,False,False,FAILURE,ACTIVE,False,handover_preparation_failure|coverage_induced_ho_failure|interference_induced_ho_failure
UE10280,XYZ404,-100.0,2.0,SUCCESS,2026-07-01T17:49:23+00:00,XYZ404,XYZ402,-100.0,-95.0,2.0,2.0,-116.0,-111.0,HANDOVER,A3,INTRA_NR,SUCCESS,37.0,7,7,104,102,40,2.0,28.0,0.35,False,False,SUCCESS,ACTIVE,False,
UE10986,XYZ408,-78.0,0.0,SUCCESS,2026-07-01T17:49:36+00:00,XYZ408,XYZ407,-78.0,-74.0,0.0,-1.0,-96.0,-93.0,HANDOVER,A3,INTRA_NR,SUCCESS,37.0,7,7,108,107,40,0.0,30.0,0.1,False,False,SUCCESS,ACTIVE,False,
UE10616,XYZ401,-107.0,-1.0,PREP_FAILURE,2026-07-01T17:48:33+00:00,XYZ401,XYZ403,-107.0,-115.0,-1.0,-3.0,-126.0,-136.0,HANDOVER,A3,INTRA_NR,HO_PREPARATION,53.0,4,7,101,103,40,0.0,29.0,6.9,False,False,FAILURE,MISSING,True,handover_preparation_failure|missing_neighbor|coverage_induced_ho_failure|interference_induced_ho_failure
UE10901,XYZ405,-79.0,15.0,TOO_EARLY_HO,2026-07-01T17:48:48+00:00,XYZ405,XYZ403,-79.0,-69.0,15.0,13.0,-82.0,-74.0,HANDOVER,A3,INTRA_NR,HO_DECISION,81.0,2,6,105,103,80,0.0,40.0,0.2,False,False,FAILURE,MISSING,True,too_early_handover|mobility_configuration_issue|missing_neighbor
UE10886,XYZ409,-114.0,9.0,PREP_FAILURE,2026-07-01T17:49:42+00:00,XYZ409,XYZ410,-114.0,-123.0,9.0,6.0,-123.0,-135.0,HANDOVER,A3,INTRA_NR,HO_PREPARATION,46.0,3,7,109,110,80,1.0,37.0,8.5,False,False,FAILURE,ACTIVE,False,handover_preparation_failure|coverage_induced_ho_failure
UE10161,XYZ401,-105.0,6.0,SUCCESS,2026-07-01T17:52:27+00:00,XYZ401,XYZ402,-105.0,-100.0,6.0,6.0,-117.0,-112.0,HANDOVER,A3,INTRA_NR,SUCCESS,25.0,2,2,101,102,40,0.0,26.0,0.4,False,False,SUCCESS,ACTIVE,False,
UE10190,XYZ404,-84.0,6.0,SUCCESS,2026-07-01T17:52:22+00:00,XYZ404,XYZ406,-84.0,-79.0,6.0,5.0,-96.0,-92.0,HANDOVER,A3,INTRA_NR,SUCCESS,29.0,3,3,104,106,40,2.0,35.0,0.45,False,False,SUCCESS,ACTIVE,False,
UE10008,XYZ406,-92.0,-7.0,TOO_LATE_HO,2026-07-01T17:53:26+00:00,XYZ406,XYZ407,-92.0,-109.0,-7.0,-9.0,-117.0,-136.0,HANDOVER,A5,INTRA_NR,HO_DECISION,8.0,8,7,106,107,120,1.0,27.0,0.2,False,False,FAILURE,ACTIVE,False,too_late_handover|mobility_configuration_issue|interference_induced_ho_failure
UE10059,XYZ410,-119.0,-6.0,SUCCESS,2026-07-01T17:51:20+00:00,XYZ410,XYZ408,-119.0,-116.0,-6.0,-7.0,-143.0,-141.0,HANDOVER,A3,INTRA_NR,SUCCESS,43.0,3,3,110,108,120,2.0,39.0,0.0,False,False,SUCCESS,ACTIVE,False,
UE10892,XYZ408,-81.0,12.0,SUCCESS,2026-07-01T17:52:53+00:00,XYZ408,XYZ407,-81.0,-77.0,12.0,13.0,-87.0,-82.0,HANDOVER,A3,INTRA_NR,SUCCESS,45.0,2,2,108,107,40,0.0,21.0,0.25,False,False,SUCCESS,ACTIVE,False,
UE10816,XYZ403,-91.0,-1.0,SUCCESS,2026-07-01T17:53:11+00:00,XYZ403,XYZ402,-91.0,-85.0,-1.0,0.0,-110.0,-103.0,HANDOVER,A3,INTRA_NR,SUCCESS,37.0,7,7,103,102,160,2.0,35.0,0.15,False,False,SUCCESS,ACTIVE,False,
UE10224,XYZ405,-111.0,17.0,SUCCESS,2026-07-01T17:53:51+00:00,XYZ405,XYZ404,-111.0,-105.0,17.0,18.0,-114.0,-108.0,HANDOVER,A3,INTRA_NR,SUCCESS,40.0,1,1,105,104,80,0.0,39.0,0.2,False,False,SUCCESS,ACTIVE,False,
UE10818,XYZ407,-125.0,22.0,SUCCESS,2026-07-01T17:54:31+00:00,XYZ407,XYZ405,-125.0,-120.0,22.0,22.0,-128.0,-123.0,HANDOVER,A3,INTRA_NR,SUCCESS,33.0,1,1,107,105,160,2.0,32.0,0.05,False,False,SUCCESS,ACTIVE,False,
UE10699,XYZ401,-100.0,15.0,SUCCESS,2026-07-01T17:57:34+00:00,XYZ401,XYZ402,-100.0,-97.0,15.0,16.0,-103.0,-100.0,HANDOVER,A3,INTRA_NR,SUCCESS,29.0,6,6,101,102,40,0.0,22.0,0.45,False,False,SUCCESS,ACTIVE,False,
UE10581,XYZ407,-91.0,18.0,TOO_EARLY_HO,2026-07-01T17:57:58+00:00,XYZ407,XYZ408,-91.0,-85.0,18.0,14.0,-94.0,-89.0,HANDOVER,A3,INTRA_NR,HO_DECISION,92.0,4,6,107,108,160,2.0,36.0,0.3,False,False,FAILURE,ACTIVE,False,too_early_handover|mobility_configuration_issue
UE10804,XYZ408,-101.0,16.0,SUCCESS,2026-07-01T17:56:36+00:00,XYZ408,XYZ410,-101.0,-96.0,16.0,16.0,-104.0,-99.0,HANDOVER,A3,INTRA_NR,SUCCESS,39.0,1,1,108,110,40,0.0,17.0,0.0,False,False,SUCCESS,MISSING,True,missing_neighbor
UE10286,XYZ408,-84.0,7.0,SUCCESS,2026-07-01T17:59:35+00:00,XYZ408,XYZ409,-84.0,-78.0,7.0,7.0,-95.0,-89.0,HANDOVER,A3,INTRA_NR,SUCCESS,37.0,5,5,108,109,40,0.0,22.0,0.05,False,False,SUCCESS,ACTIVE,False,
UE10993,XYZ409,-111.0,-1.0,SUCCESS,2026-07-01T17:57:08+00:00,XYZ409,XYZ408,-111.0,-106.0,-1.0,-1.0,-130.0,-125.0,HANDOVER,A3,INTRA_NR,SUCCESS,42.0,1,1,109,108,80,1.0,29.0,0.25,False,False,SUCCESS,ACTIVE,False,
UE10168,XYZ406,-104.0,-6.0,SUCCESS,2026-07-01T17:58:39+00:00,XYZ406,XYZ404,-104.0,-102.0,-6.0,-7.0,-128.0,-127.0,HANDOVER,A3,INTRA_NR,SUCCESS,31.0,1,1,106,104,120,1.0,17.0,0.1,False,False,SUCCESS,ACTIVE,False,
UE10061,XYZ406,-120.0,-1.0,PING_PONG,2026-07-01T18:01:47+00:00,XYZ406,XYZ405,-120.0,-120.0,-1.0,-5.0,-139.0,-143.0,HANDOVER,A3,INTRA_NR,POST_HO,63.0,1,6,106,105,120,1.0,54.0,1.2,True,False,FAILURE,ACTIVE,False,ping_pong_handover|mobility_configuration_issue|post_ho_rlf|coverage_induced_ho_failure|interference_induced_ho_failure|beam_instability
UE10348,XYZ402,-111.0,10.0,SUCCESS,2026-07-01T17:59:32+00:00,XYZ402,XYZ403,-111.0,-109.0,10.0,9.0,-119.0,-118.0,HANDOVER,A3,INTRA_NR,SUCCESS,36.0,3,3,102,103,80,1.0,27.0,0.1,False,False,SUCCESS,ACTIVE,False,
UE10441,XYZ403,-102.0,13.0,SUCCESS,2026-07-01T18:03:06+00:00,XYZ403,XYZ405,-102.0,-97.0,13.0,13.0,-107.0,-102.0,HANDOVER,A3,INTRA_NR,SUCCESS,44.0,3,3,103,105,160,2.0,20.0,0.15,False,False,SUCCESS,ACTIVE,False,
UE10013,XYZ404,-105.0,-8.0,SUCCESS,2026-07-01T17:59:02+00:00,XYZ404,XYZ405,-105.0,-102.0,-8.0,-8.0,-131.0,-128.0,HANDOVER,A3,INTRA_NR,SUCCESS,30.0,1,1,104,105,40,2.0,28.0,0.4,False,False,SUCCESS,ACTIVE,False,
UE10163,XYZ404,-119.0,20.0,SUCCESS,2026-07-01T17:59:56+00:00,XYZ404,XYZ403,-119.0,-117.0,20.0,21.0,-122.0,-120.0,HANDOVER,A3,INTRA_NR,SUCCESS,44.0,1,1,104,103,40,2.0,23.0,0.0,False,False,SUCCESS,ACTIVE,False,
UE10419,XYZ408,-97.0,-9.0,SUCCESS,2026-07-01T18:00:49+00:00,XYZ408,XYZ410,-97.0,-94.0,-9.0,-9.0,-124.0,-121.0,HANDOVER,A3,INTRA_NR,SUCCESS,26.0,8,8,108,110,40,0.0,16.0,0.3,False,False,SUCCESS,MISSING,True,missing_neighbor
UE10756,XYZ401,-94.0,-9.0,N2_FAILURE,2026-07-01T18:03:49+00:00,XYZ401,XYZ402,-94.0,-105.0,-9.0,-11.0,-121.0,-134.0,HANDOVER,A3,INTER_GNB_NG,HO_PREPARATION,57.0,8,1,101,102,40,0.0,51.0,4.4,False,False,FAILURE,ACTIVE,False,handover_preparation_failure|interference_induced_ho_failure
UE10846,XYZ410,-94.0,23.0,SUCCESS,2026-07-01T18:04:04+00:00,XYZ410,XYZ409,-94.0,-88.0,23.0,24.0,-97.0,-91.0,HANDOVER,A3,INTRA_NR,SUCCESS,37.0,7,7,110,109,120,2.0,38.0,0.1,False,False,SUCCESS,ACTIVE,False,
UE10519,XYZ404,-121.0,9.0,N2_FAILURE,2026-07-01T18:02:25+00:00,XYZ404,XYZ403,-121.0,-130.0,9.0,5.0,-130.0,-143.0,HANDOVER,A3,INTER_GNB_NG,HO_PREPARATION,44.0,7,2,104,103,40,2.0,58.0,2.7,False,False,FAILURE,ACTIVE,False,handover_preparation_failure|coverage_induced_ho_failure
UE10665,XYZ404,-122.0,22.0,SUCCESS,2026-07-01T18:02:43+00:00,XYZ404,XYZ402,-122.0,-119.0,22.0,23.0,-125.0,-122.0,HANDOVER,A3,INTRA_NR,SUCCESS,28.0,4,4,104,102,40,2.0,30.0,0.2,False,False,SUCCESS,ACTIVE,False,
UE10547,XYZ401,-104.0,-7.0,SUCCESS,2026-07-01T18:04:22+00:00,XYZ401,XYZ402,-104.0,-100.0,-7.0,-7.0,-129.0,-125.0,HANDOVER,A3,INTRA_NR,SUCCESS,26.0,8,8,101,102,40,0.0,23.0,0.35,False,False,SUCCESS,ACTIVE,False,
UE10559,XYZ403,-108.0,0.0,SUCCESS,2026-07-01T18:05:49+00:00,XYZ403,XYZ401,-108.0,-104.0,0.0,0.0,-126.0,-122.0,HANDOVER,A3,INTRA_NR,SUCCESS,27.0,3,3,103,101,160,2.0,16.0,0.1,False,False,SUCCESS,ACTIVE,False,
UE10596,XYZ405,-91.0,-6.0,SUCCESS,2026-07-01T18:07:17+00:00,XYZ405,XYZ403,-91.0,-86.0,-6.0,-5.0,-115.0,-109.0,HANDOVER,A3,INTRA_NR,SUCCESS,25.0,6,6,105,103,80,0.0,33.0,0.4,False,False,SUCCESS,MISSING,True,missing_neighbor
UE10027,XYZ406,-109.0,14.0,SUCCESS,2026-07-01T18:07:05+00:00,XYZ406,XYZ407,-109.0,-106.0,14.0,15.0,-113.0,-109.0,HANDOVER,A3,INTRA_NR,SUCCESS,39.0,4,4,106,107,120,1.0,23.0,0.45,False,False,SUCCESS,ACTIVE,False,
UE10707,XYZ409,-76.0,23.0,SUCCESS,2026-07-01T18:10:01+00:00,XYZ409,XYZ408,-76.0,-72.0,23.0,24.0,-79.0,-75.0,HANDOVER,A3,INTRA_NR,SUCCESS,45.0,6,6,109,108,80,1.0,34.0,0.05,False,False,SUCCESS,ACTIVE,False,
UE10445,XYZ409,-76.0,-2.0,SUCCESS,2026-07-01T18:07:25+00:00,XYZ409,XYZ410,-76.0,-72.0,-2.0,-2.0,-96.0,-92.0,HANDOVER,A3,INTRA_NR,SUCCESS,29.0,8,8,109,110,80,1.0,22.0,0.05,False,False,SUCCESS,ACTIVE,False,
UE10207,XYZ409,-102.0,-5.0,PING_PONG,2026-07-01T18:10:35+00:00,XYZ409,XYZ410,-102.0,-103.0,-5.0,-7.0,-125.0,-128.0,HANDOVER,A3,INTRA_NR,POST_HO,61.0,5,4,109,110,80,1.0,52.0,2.4,True,False,FAILURE,ACTIVE,False,ping_pong_handover|mobility_configuration_issue|post_ho_rlf|interference_induced_ho_failure|beam_instability
UE10469,XYZ401,-124.0,7.0,PREP_FAILURE,2026-07-01T18:09:02+00:00,XYZ401,XYZ403,-124.0,-133.0,7.0,4.0,-135.0,-147.0,HANDOVER,A3,INTRA_NR,HO_PREPARATION,49.0,1,2,101,103,40,0.0,40.0,8.0,False,False,FAILURE,MISSING,True,handover_preparation_failure|missing_neighbor|coverage_induced_ho_failure
UE10715,XYZ409,-113.0,3.0,SUCCESS,2026-07-01T18:10:05+00:00,XYZ409,XYZ410,-113.0,-109.0,3.0,2.0,-128.0,-125.0,HANDOVER,A3,INTRA_NR,SUCCESS,44.0,3,3,109,110,80,1.0,28.0,0.35,False,False,SUCCESS,ACTIVE,False,
UE10975,XYZ408,-111.0,8.0,SUCCESS,2026-07-01T18:10:29+00:00,XYZ408,XYZ409,-111.0,-106.0,8.0,7.0,-121.0,-117.0,HANDOVER,A3,INTRA_NR,SUCCESS,28.0,2,2,108,109,40,0.0,31.0,0.25,False,False,SUCCESS,ACTIVE,False,
UE10818,XYZ402,-121.0,3.0,SUCCESS,2026-07-01T18:11:10+00:00,XYZ402,XYZ403,-121.0,-115.0,3.0,3.0,-136.0,-130.0,HANDOVER,A3,INTRA_NR,SUCCESS,33.0,1,1,102,103,80,1.0,32.0,0.05,False,False,SUCCESS,ACTIVE,False,
UE10103,XYZ401,-123.0,6.0,SUCCESS,2026-07-01T18:11:15+00:00,XYZ401,XYZ402,-123.0,-119.0,6.0,5.0,-135.0,-132.0,HANDOVER,A3,INTRA_NR,SUCCESS,43.0,6,6,101,102,40,0.0,21.0,0.05,False,False,SUCCESS,ACTIVE,False,
UE10741,XYZ401,-89.0,24.0,PING_PONG,2026-07-01T18:12:51+00:00,XYZ401,XYZ403,-89.0,-90.0,24.0,21.0,-92.0,-93.0,HANDOVER,A3,INTRA_NR,POST_HO,47.0,2,5,101,103,40,0.0,44.0,0.9,True,False,FAILURE,MISSING,True,ping_pong_handover|mobility_configuration_issue|missing_neighbor|post_ho_rlf|beam_instability
UE10425,XYZ406,-89.0,18.0,SUCCESS,2026-07-01T18:14:57+00:00,XYZ406,XYZ404,-89.0,-86.0,18.0,19.0,-92.0,-89.0,HANDOVER,A3,INTRA_NR,SUCCESS,30.0,4,4,106,104,120,1.0,24.0,0.1,False,False,SUCCESS,ACTIVE,False,
UE10100,XYZ409,-89.0,6.0,SUCCESS,2026-07-01T18:16:00+00:00,XYZ409,XYZ408,-89.0,-87.0,6.0,7.0,-101.0,-98.0,HANDOVER,A3,INTRA_NR,SUCCESS,26.0,7,7,109,108,80,1.0,25.0,0.2,False,False,SUCCESS,ACTIVE,False,
UE10540,XYZ407,-123.0,-3.0,SUCCESS,2026-07-01T18:13:35+00:00,XYZ407,XYZ408,-123.0,-119.0,-3.0,-3.0,-144.0,-140.0,HANDOVER,A3,INTRA_NR,SUCCESS,31.0,3,3,107,108,160,2.0,38.0,0.35,False,False,SUCCESS,ACTIVE,False,
UE10638,XYZ405,-91.0,-10.0,SUCCESS,2026-07-01T18:14:02+00:00,XYZ405,XYZ406,-91.0,-86.0,-10.0,-9.0,-119.0,-113.0,HANDOVER,A3,INTRA_NR,SUCCESS,27.0,3,3,105,106,80,0.0,20.0,0.4,False,False,SUCCESS,ACTIVE,False,
UE10849,XYZ402,-103.0,-4.0,SUCCESS,2026-07-01T18:15:19+00:00,XYZ402,XYZ403,-103.0,-98.0,-4.0,-3.0,-125.0,-119.0,HANDOVER,A3,INTRA_NR,SUCCESS,35.0,1,1,102,103,80,1.0,28.0,0.1,False,False,SUCCESS,ACTIVE,False,
UE10521,XYZ401,-98.0,-6.0,SUCCESS,2026-07-01T18:15:20+00:00,XYZ401,XYZ403,-98.0,-96.0,-6.0,-7.0,-122.0,-121.0,HANDOVER,A3,INTRA_NR,SUCCESS,32.0,3,3,101,103,40,0.0,26.0,0.2,False,False,SUCCESS,MISSING,True,missing_neighbor
UE10105,XYZ402,-96.0,13.0,SUCCESS,2026-07-01T18:18:05+00:00,XYZ402,XYZ403,-96.0,-93.0,13.0,13.0,-101.0,-98.0,HANDOVER,A3,INTRA_NR,SUCCESS,37.0,6,6,102,103,80,1.0,17.0,0.35,False,False,SUCCESS,ACTIVE,False,
UE10678,XYZ401,-108.0,17.0,SUCCESS,2026-07-01T18:17:35+00:00,XYZ401,XYZ403,-108.0,-105.0,17.0,18.0,-111.0,-108.0,HANDOVER,A3,INTRA_NR,SUCCESS,28.0,3,3,101,103,40,0.0,17.0,0.1,False,False,SUCCESS,MISSING,True,missing_neighbor
UE10977,XYZ403,-90.0,6.0,SUCCESS,2026-07-01T18:20:43+00:00,XYZ403,XYZ405,-90.0,-85.0,6.0,5.0,-102.0,-98.0,HANDOVER,A3,INTRA_NR,SUCCESS,29.0,6,6,103,105,160,2.0,29.0,0.35,False,False,SUCCESS,ACTIVE,False,
