timestamp,cell_id,ue_id,issue_domain,event_type,result,cause,rsrp,sinr,cqi,target_cell,source_cell,dl_tp,prb_util,severity,alarm_name,module,event_code,message,details,beam_id,beam_health_score,beam_switch_rate
,XYZ401,UE10618,handover,WRONG_CELL,FAIL,,-118,22,,,XYZ401,,,,,,,,,,,
,XYZ407,UE10762,handover,WRONG_CELL,FAIL,,-123,15,,,XYZ407,,,,,,,,,,,
,XYZ405,UE10935,handover,SUCCESS,SUCCESS,,-101,6,,,XYZ405,,,,,,,,,,,
,XYZ401,UE10220,handover,WRONG_CELL,FAIL,,-121,-4,,,XYZ401,,,,,,,,,,,
,XYZ404,UE10378,handover,SUCCESS,SUCCESS,,-86,-3,,,XYZ404,,,,,,,,,,,
,XYZ404,UE10221,handover,SUCCESS,SUCCESS,,-107,20,,,XYZ404,,,,,,,,,,,
,XYZ410,UE10257,handover,SUCCESS,SUCCESS,,-108,1,,,XYZ410,,,,,,,,,,,
,XYZ407,UE10712,handover,TOO_EARLY_HO,FAIL,,-76,20,,,XYZ407,,,,,,,,,,,
,XYZ409,UE10366,handover,SUCCESS,SUCCESS,,-95,8,,,XYZ409,,,,,,,,,,,
,XYZ402,UE10769,handover,SUCCESS,SUCCESS,,-93,-1,,,XYZ402,,,,,,,,,,,
,XYZ401,UE10348,handover,SUCCESS,SUCCESS,,-79,1,,,XYZ401,,,,,,,,,,,
,XYZ402,UE10224,handover,SUCCESS,SUCCESS,,-108,9,,,XYZ402,,,,,,,,,,,
,XYZ407,UE10713,handover,SUCCESS,SUCCESS,,-87,-4,,,XYZ407,,,,,,,,,,,
,XYZ410,UE10737,handover,SUCCESS,SUCCESS,,-110,3,,,XYZ410,,,,,,,,,,,
,XYZ406,UE10235,handover,TOO_LATE_HO,FAIL,,-110,0,,,XYZ406,,,,,,,,,,,
,XYZ404,UE10182,handover,PREP_FAILURE,FAIL,,-79,-4,,,XYZ404,,,,,,,,,,,
,XYZ401,UE10711,handover,PING_PONG,FAIL,,-88,18,,,XYZ401,,,,,,,,,,,
,XYZ401,UE10868,handover,SUCCESS,SUCCESS,,-85,-1,,,XYZ401,,,,,,,,,,,
,XYZ405,UE10757,handover,PING_PONG,FAIL,,-119,18,,,XYZ405,,,,,,,,,,,
,XYZ401,UE10443,handover,PREP_FAILURE,FAIL,,-112,-2,,,XYZ401,,,,,,,,,,,
,XYZ407,UE10864,handover,PREP_FAILURE,FAIL,,-83,-1,,,XYZ407,,,,,,,,,,,
,XYZ401,UE10622,handover,SUCCESS,SUCCESS,,-78,8,,,XYZ401,,,,,,,,,,,
,XYZ401,UE10005,handover,SUCCESS,SUCCESS,,-101,20,,,XYZ401,,,,,,,,,,,
,XYZ402,UE10235,handover,TOO_LATE_HO,FAIL,,-94,6,,,XYZ402,,,,,,,,,,,
,XYZ410,UE10126,handover,SUCCESS,SUCCESS,,-88,-2,,,XYZ410,,,,,,,,,,,
,XYZ403,UE10103,handover,SUCCESS,SUCCESS,,-104,22,,,XYZ403,,,,,,,,,,,
,XYZ401,UE10748,handover,PING_PONG,FAIL,,-110,23,,,XYZ401,,,,,,,,,,,
,XYZ409,UE10914,handover,SUCCESS,SUCCESS,,-97,13,,,XYZ409,,,,,,,,,,,
,XYZ410,UE10479,handover,SUCCESS,SUCCESS,,-110,-2,,,XYZ410,,,,,,,,,,,
,XYZ408,UE10154,handover,SUCCESS,SUCCESS,,-114,-4,,,XYZ408,,,,,,,,,,,
,XYZ405,UE10256,handover,PING_PONG,FAIL,,-109,5,,,XYZ405,,,,,,,,,,,
,XYZ402,UE10234,handover,SUCCESS,SUCCESS,,-89,8,,,XYZ402,,,,,,,,,,,
,XYZ405,UE10499,handover,SUCCESS,SUCCESS,,-99,-5,,,XYZ405,,,,,,,,,,,
,XYZ406,UE10288,handover,SUCCESS,SUCCESS,,-101,0,,,XYZ406,,,,,,,,,,,
,XYZ401,UE10509,handover,SUCCESS,SUCCESS,,-113,1,,,XYZ401,,,,,,,,,,,
,XYZ404,UE10551,handover,WRONG_CELL,FAIL,,-118,2,,,XYZ404,,,,,,,,,,,
,XYZ409,UE10799,handover,PING_PONG,FAIL,,-121,1,,,XYZ409,,,,,,,,,,,
,XYZ402,UE10708,handover,PING_PONG,FAIL,,-114,10,,,XYZ402,,,,,,,,,,,
,XYZ405,UE10784,handover,SUCCESS,SUCCESS,,-85,-1,,,XYZ405,,,,,,,,,,,
,XYZ401,UE10893,handover,WRONG_CELL,FAIL,,-123,9,,,XYZ401,,,,,,,,,,,
,XYZ404,UE10775,handover,TOO_EARLY_HO,FAIL,,-91,17,,,XYZ404,,,,,,,,,,,
,XYZ404,UE10568,handover,TOO_EARLY_HO,FAIL,,-93,13,,,XYZ404,,,,,,,,,,,
,XYZ406,UE10297,handover,SUCCESS,SUCCESS,,-104,-6,,,XYZ406,,,,,,,,,,,
,XYZ410,UE10609,handover,PING_PONG,FAIL,,-76,1,,,XYZ410,,,,,,,,,,,
,XYZ409,UE10136,handover,PREP_FAILURE,FAIL,,-82,24,,,XYZ409,,,,,,,,,,,
,XYZ403,UE10375,handover,WRONG_CELL,FAIL,,-117,-9,,,XYZ403,,,,,,,,,,,
,XYZ409,UE10086,handover,SUCCESS,SUCCESS,,-85,-2,,,XYZ409,,,,,,,,,,,
,XYZ406,UE10418,handover,SUCCESS,SUCCESS,,-108,11,,,XYZ406,,,,,,,,,,,
,XYZ407,UE10753,handover,SUCCESS,SUCCESS,,-76,-6,,,XYZ407,,,,,,,,,,,
,XYZ410,UE10198,handover,SUCCESS,SUCCESS,,-97,1,,,XYZ410,,,,,,,,,,,
,XYZ402,UE10462,handover,XN_FAILURE,FAIL,,-87,-10,,,XYZ402,,,,,,,,,,,
,XYZ410,UE10436,handover,PING_PONG,FAIL,,-99,11,,,XYZ410,,,,,,,,,,,
,XYZ406,UE10309,handover,SUCCESS,SUCCESS,,-90,8,,,XYZ406,,,,,,,,,,,
,XYZ406,UE10595,handover,XN_FAILURE,FAIL,,-81,5,,,XYZ406,,,,,,,,,,,
,XYZ402,UE10753,handover,SUCCESS,SUCCESS,,-109,20,,,XYZ402,,,,,,,,,,,
,XYZ402,UE10280,handover,SUCCESS,SUCCESS,,-92,-8,,,XYZ402,,,,,,,,,,,
,XYZ402,UE10322,handover,SUCCESS,SUCCESS,,-80,12,,,XYZ402,,,,,,,,,,,
,XYZ410,UE10763,handover,WRONG_CELL,FAIL,,-123,7,,,XYZ410,,,,,,,,,,,
,XYZ401,UE10701,handover,PING_PONG,FAIL,,-121,15,,,XYZ401,,,,,,,,,,,
,XYZ405,UE10950,handover,SUCCESS,SUCCESS,,-112,2,,,XYZ405,,,,,,,,,,,
,XYZ408,UE10941,handover,WRONG_CELL,FAIL,,-123,7,,,XYZ408,,,,,,,,,,,
,XYZ402,UE10151,handover,SUCCESS,SUCCESS,,-103,-8,,,XYZ402,,,,,,,,,,,
,XYZ405,UE10993,handover,SUCCESS,SUCCESS,,-87,12,,,XYZ405,,,,,,,,,,,
,XYZ408,UE10301,handover,SUCCESS,SUCCESS,,-96,-8,,,XYZ408,,,,,,,,,,,
,XYZ410,UE10277,handover,TOO_EARLY_HO,FAIL,,-76,14,,,XYZ410,,,,,,,,,,,
,XYZ405,UE10650,handover,TOO_EARLY_HO,FAIL,,-81,16,,,XYZ405,,,,,,,,,,,
,XYZ402,UE10687,handover,SUCCESS,SUCCESS,,-103,16,,,XYZ402,,,,,,,,,,,
,XYZ403,UE10007,handover,SUCCESS,SUCCESS,,-99,14,,,XYZ403,,,,,,,,,,,
,XYZ406,UE10806,handover,WRONG_CELL,FAIL,,-116,13,,,XYZ406,,,,,,,,,,,
,XYZ405,UE10234,handover,SUCCESS,SUCCESS,,-101,-3,,,XYZ405,,,,,,,,,,,
,XYZ404,UE10674,handover,SUCCESS,SUCCESS,,-113,-2,,,XYZ404,,,,,,,,,,,
,XYZ404,UE10560,handover,PING_PONG,FAIL,,-110,19,,,XYZ404,,,,,,,,,,,
,XYZ405,UE10301,handover,SUCCESS,SUCCESS,,-85,8,,,XYZ405,,,,,,,,,,,
,XYZ402,UE10037,handover,SUCCESS,SUCCESS,,-92,5,,,XYZ402,,,,,,,,,,,
,XYZ409,UE10135,handover,TOO_EARLY_HO,FAIL,,-89,13,,,XYZ409,,,,,,,,,,,
,XYZ402,UE10821,handover,SUCCESS,SUCCESS,,-104,10,,,XYZ402,,,,,,,,,,,
,XYZ410,UE10420,handover,SUCCESS,SUCCESS,,-109,-5,,,XYZ410,,,,,,,,,,,
,XYZ402,UE10218,handover,SUCCESS,SUCCESS,,-103,-6,,,XYZ402,,,,,,,,,,,
,XYZ410,UE10347,handover,SUCCESS,SUCCESS,,-90,3,,,XYZ410,,,,,,,,,,,
,XYZ409,UE10807,handover,SUCCESS,SUCCESS,,-77,-7,,,XYZ409,,,,,,,,,,,
,XYZ403,UE10545,handover,WRONG_CELL,FAIL,,-117,-3,,,XYZ403,,,,,,,,,,,
,XYZ410,UE10863,handover,WRONG_CELL,FAIL,,-124,13,,,XYZ410,,,,,,,,,,,
,XYZ407,UE10078,handover,SUCCESS,SUCCESS,,-94,0,,,XYZ407,,,,,,,,,,,
,XYZ404,UE10747,handover,SUCCESS,SUCCESS,,-76,6,,,XYZ404,,,,,,,,,,,
,XYZ406,UE10894,handover,SUCCESS,SUCCESS,,-104,10,,,XYZ406,,,,,,,,,,,
,XYZ404,UE10272,handover,TOO_EARLY_HO,FAIL,,-83,15,,,XYZ404,,,,,,,,,,,
,XYZ410,UE10160,handover,SUCCESS,SUCCESS,,-113,16,,,XYZ410,,,,,,,,,,,
,XYZ407,UE10686,handover,WRONG_CELL,FAIL,,-118,5,,,XYZ407,,,,,,,,,,,
,XYZ401,UE10877,handover,WRONG_CELL,FAIL,,-125,15,,,XYZ401,,,,,,,,,,,
,XYZ403,UE10307,handover,SUCCESS,SUCCESS,,-109,22,,,XYZ403,,,,,,,,,,,
,XYZ403,UE10373,handover,PREP_FAILURE,FAIL,,-114,20,,,XYZ403,,,,,,,,,,,
,XYZ401,UE10975,handover,WRONG_CELL,FAIL,,-122,-5,,,XYZ401,,,,,,,,,,,
,XYZ406,UE10732,handover,SUCCESS,SUCCESS,,-113,-3,,,XYZ406,,,,,,,,,,,
,XYZ409,UE10008,handover,SUCCESS,SUCCESS,,-95,-4,,,XYZ409,,,,,,,,,,,
,XYZ408,UE10800,handover,TOO_EARLY_HO,FAIL,,-85,23,,,XYZ408,,,,,,,,,,,
,XYZ407,UE10443,handover,WRONG_CELL,FAIL,,-119,3,,,XYZ407,,,,,,,,,,,
,XYZ410,UE10112,handover,SUCCESS,SUCCESS,,-103,5,,,XYZ410,,,,,,,,,,,
,XYZ408,UE10988,handover,SUCCESS,SUCCESS,,-102,-2,,,XYZ408,,,,,,,,,,,
,XYZ406,UE10204,handover,WRONG_CELL,FAIL,,-121,-1,,,XYZ406,,,,,,,,,,,
,XYZ409,UE10404,handover,WRONG_CELL,FAIL,,-121,6,,,XYZ409,,,,,,,,,,,
,XYZ403,UE10697,handover,SUCCESS,SUCCESS,,-109,1,,,XYZ403,,,,,,,,,,,
,XYZ410,UE10852,handover,SUCCESS,SUCCESS,,-96,-5,,,XYZ410,,,,,,,,,,,
,XYZ410,UE10196,handover,WRONG_CELL,FAIL,,-117,8,,,XYZ410,,,,,,,,,,,
,XYZ409,UE10777,handover,WRONG_CELL,FAIL,,-120,18,,,XYZ409,,,,,,,,,,,
,XYZ404,UE10773,handover,SUCCESS,SUCCESS,,-101,-5,,,XYZ404,,,,,,,,,,,
,XYZ407,UE10759,handover,SUCCESS,SUCCESS,,-107,14,,,XYZ407,,,,,,,,,,,
,XYZ409,UE10114,handover,SUCCESS,SUCCESS,,-110,13,,,XYZ409,,,,,,,,,,,
,XYZ402,UE10120,handover,PING_PONG,FAIL,,-105,14,,,XYZ402,,,,,,,,,,,
,XYZ402,UE10652,handover,WRONG_CELL,FAIL,,-124,5,,,XYZ402,,,,,,,,,,,
,XYZ409,UE10064,handover,WRONG_CELL,FAIL,,-116,5,,,XYZ409,,,,,,,,,,,
,XYZ403,UE10275,handover,PREP_FAILURE,FAIL,,-110,-5,,,XYZ403,,,,,,,,,,,
,XYZ409,UE10824,handover,SUCCESS,SUCCESS,,-89,10,,,XYZ409,,,,,,,,,,,
,XYZ405,UE10238,handover,SUCCESS,SUCCESS,,-111,-7,,,XYZ405,,,,,,,,,,,
,XYZ406,UE10301,handover,PREP_FAILURE,FAIL,,-113,23,,,XYZ406,,,,,,,,,,,
,XYZ402,UE10391,handover,SUCCESS,SUCCESS,,-113,17,,,XYZ402,,,,,,,,,,,
,XYZ408,UE10521,handover,TOO_EARLY_HO,FAIL,,-94,17,,,XYZ408,,,,,,,,,,,
,XYZ409,UE10968,handover,SUCCESS,SUCCESS,,-81,6,,,XYZ409,,,,,,,,,,,
,XYZ402,UE10368,handover,SUCCESS,SUCCESS,,-79,3,,,XYZ402,,,,,,,,,,,
,XYZ406,UE10232,handover,SUCCESS,SUCCESS,,-80,-4,,,XYZ406,,,,,,,,,,,
,XYZ406,UE10194,handover,WRONG_CELL,FAIL,,-118,11,,,XYZ406,,,,,,,,,,,
,XYZ408,UE10906,handover,PING_PONG,FAIL,,-83,-10,,,XYZ408,,,,,,,,,,,
,XYZ410,UE10011,handover,PING_PONG,FAIL,,-108,18,,,XYZ410,,,,,,,,,,,
,XYZ405,UE10905,handover,XN_FAILURE,FAIL,,-90,20,,,XYZ405,,,,,,,,,,,
,XYZ409,UE10920,handover,PREP_FAILURE,FAIL,,-100,19,,,XYZ409,,,,,,,,,,,
,XYZ401,UE10688,handover,PING_PONG,FAIL,,-116,4,,,XYZ401,,,,,,,,,,,
,XYZ409,UE10176,handover,SUCCESS,SUCCESS,,-95,7,,,XYZ409,,,,,,,,,,,
,XYZ410,UE10216,handover,TOO_EARLY_HO,FAIL,,-93,24,,,XYZ410,,,,,,,,,,,
,XYZ407,UE10010,handover,SUCCESS,SUCCESS,,-97,19,,,XYZ407,,,,,,,,,,,
,XYZ404,UE10445,handover,PREP_FAILURE,FAIL,,-121,23,,,XYZ404,,,,,,,,,,,
,XYZ403,UE10629,handover,SUCCESS,SUCCESS,,-113,0,,,XYZ403,,,,,,,,,,,
,XYZ410,UE10163,handover,WRONG_CELL,FAIL,,-125,16,,,XYZ410,,,,,,,,,,,
,XYZ406,UE10550,handover,SUCCESS,SUCCESS,,-103,13,,,XYZ406,,,,,,,,,,,
,XYZ401,UE10052,handover,TOO_EARLY_HO,FAIL,,-86,24,,,XYZ401,,,,,,,,,,,
,XYZ403,UE10217,handover,WRONG_CELL,FAIL,,-123,-3,,,XYZ403,,,,,,,,,,,
,XYZ402,UE10717,handover,WRONG_CELL,FAIL,,-123,7,,,XYZ402,,,,,,,,,,,
,XYZ409,UE10998,handover,WRONG_CELL,FAIL,,-119,2,,,XYZ409,,,,,,,,,,,
,XYZ403,UE10823,handover,TOO_EARLY_HO,FAIL,,-90,13,,,XYZ403,,,,,,,,,,,
,XYZ402,UE10359,handover,SUCCESS,SUCCESS,,-91,12,,,XYZ402,,,,,,,,,,,
,XYZ404,UE10384,handover,SUCCESS,SUCCESS,,-111,1,,,XYZ404,,,,,,,,,,,
,XYZ402,UE10055,handover,TOO_EARLY_HO,FAIL,,-86,19,,,XYZ402,,,,,,,,,,,
,XYZ401,UE10117,handover,WRONG_CELL,FAIL,,-123,20,,,XYZ401,,,,,,,,,,,
,XYZ406,UE10899,handover,SUCCESS,SUCCESS,,-97,17,,,XYZ406,,,,,,,,,,,
,XYZ410,UE10252,handover,PREP_FAILURE,FAIL,,-96,11,,,XYZ410,,,,,,,,,,,
,XYZ408,UE10797,handover,TOO_EARLY_HO,FAIL,,-87,17,,,XYZ408,,,,,,,,,,,
,XYZ410,UE10779,handover,SUCCESS,SUCCESS,,-108,2,,,XYZ410,,,,,,,,,,,
,XYZ410,UE10802,handover,SUCCESS,SUCCESS,,-115,14,,,XYZ410,,,,,,,,,,,
,XYZ402,UE10844,handover,SUCCESS,SUCCESS,,-83,-4,,,XYZ402,,,,,,,,,,,
,XYZ409,UE10179,handover,XN_FAILURE,FAIL,,-77,-5,,,XYZ409,,,,,,,,,,,
,XYZ403,UE10414,handover,TOO_EARLY_HO,FAIL,,-88,13,,,XYZ403,,,,,,,,,,,
,XYZ408,UE10869,handover,SUCCESS,SUCCESS,,-86,8,,,XYZ408,,,,,,,,,,,
,XYZ408,UE10234,handover,WRONG_CELL,FAIL,,-125,8,,,XYZ408,,,,,,,,,,,
,XYZ403,UE10854,handover,PING_PONG,FAIL,,-97,-2,,,XYZ403,,,,,,,,,,,
,XYZ403,UE10707,handover,WRONG_CELL,FAIL,,-116,18,,,XYZ403,,,,,,,,,,,
,XYZ406,UE10819,handover,SUCCESS,SUCCESS,,-98,13,,,XYZ406,,,,,,,,,,,
,XYZ401,UE10079,handover,SUCCESS,SUCCESS,,-95,-6,,,XYZ401,,,,,,,,,,,
,XYZ404,UE10646,handover,PREP_FAILURE,FAIL,,-107,15,,,XYZ404,,,,,,,,,,,
,XYZ401,UE10021,handover,WRONG_CELL,FAIL,,-123,3,,,XYZ401,,,,,,,,,,,
,XYZ403,UE10476,handover,TOO_EARLY_HO,FAIL,,-90,18,,,XYZ403,,,,,,,,,,,
,XYZ409,UE10842,handover,SUCCESS,SUCCESS,,-83,-5,,,XYZ409,,,,,,,,,,,
,XYZ405,UE10439,handover,SUCCESS,SUCCESS,,-111,-4,,,XYZ405,,,,,,,,,,,
,XYZ405,UE10736,handover,SUCCESS,SUCCESS,,-93,7,,,XYZ405,,,,,,,,,,,
,XYZ404,UE10569,handover,SUCCESS,SUCCESS,,-85,12,,,XYZ404,,,,,,,,,,,
,XYZ403,UE10092,handover,SUCCESS,SUCCESS,,-83,-10,,,XYZ403,,,,,,,,,,,
,XYZ405,UE10191,handover,TOO_LATE_HO,FAIL,,-81,-7,,,XYZ405,,,,,,,,,,,
,XYZ404,UE10102,handover,SUCCESS,SUCCESS,,-100,24,,,XYZ404,,,,,,,,,,,
,XYZ408,UE10395,handover,SUCCESS,SUCCESS,,-110,12,,,XYZ408,,,,,,,,,,,
,XYZ404,UE10006,handover,TOO_EARLY_HO,FAIL,,-90,16,,,XYZ404,,,,,,,,,,,
,XYZ408,UE10639,handover,TOO_EARLY_HO,FAIL,,-93,15,,,XYZ408,,,,,,,,,,,
,XYZ406,UE10566,handover,PREP_FAILURE,FAIL,,-106,-3,,,XYZ406,,,,,,,,,,,
,XYZ405,UE10230,handover,SUCCESS,SUCCESS,,-113,5,,,XYZ405,,,,,,,,,,,
,XYZ404,UE10873,handover,SUCCESS,SUCCESS,,-93,-8,,,XYZ404,,,,,,,,,,,
,XYZ404,UE10573,handover,TOO_LATE_HO,FAIL,,-121,21,,,XYZ404,,,,,,,,,,,
,XYZ404,UE10239,handover,SUCCESS,SUCCESS,,-89,-6,,,XYZ404,,,,,,,,,,,
,XYZ409,UE10089,handover,XN_FAILURE,FAIL,,-112,9,,,XYZ409,,,,,,,,,,,
,XYZ404,UE10231,handover,SUCCESS,SUCCESS,,-99,3,,,XYZ404,,,,,,,,,,,
,XYZ409,UE10456,handover,XN_FAILURE,FAIL,,-103,21,,,XYZ409,,,,,,,,,,,
,XYZ410,UE10232,handover,SUCCESS,SUCCESS,,-112,15,,,XYZ410,,,,,,,,,,,
,XYZ406,UE10353,handover,SUCCESS,SUCCESS,,-86,-5,,,XYZ406,,,,,,,,,,,
,XYZ410,UE10332,handover,XN_FAILURE,FAIL,,-122,-6,,,XYZ410,,,,,,,,,,,
,XYZ407,UE10438,handover,SUCCESS,SUCCESS,,-87,2,,,XYZ407,,,,,,,,,,,
,XYZ410,UE10374,handover,SUCCESS,SUCCESS,,-107,21,,,XYZ410,,,,,,,,,,,
,XYZ403,UE10291,handover,SUCCESS,SUCCESS,,-79,5,,,XYZ403,,,,,,,,,,,
,XYZ408,UE10344,handover,PREP_FAILURE,FAIL,,-122,-10,,,XYZ408,,,,,,,,,,,
,XYZ403,UE10663,handover,SUCCESS,SUCCESS,,-96,2,,,XYZ403,,,,,,,,,,,
,XYZ401,UE10427,handover,XN_FAILURE,FAIL,,-107,0,,,XYZ401,,,,,,,,,,,
,XYZ410,UE10656,handover,SUCCESS,SUCCESS,,-95,-3,,,XYZ410,,,,,,,,,,,
,XYZ405,UE10129,handover,SUCCESS,SUCCESS,,-95,14,,,XYZ405,,,,,,,,,,,
,XYZ402,UE10140,handover,PREP_FAILURE,FAIL,,-117,21,,,XYZ402,,,,,,,,,,,
,XYZ410,UE10414,handover,SUCCESS,SUCCESS,,-113,13,,,XYZ410,,,,,,,,,,,
,XYZ406,UE10092,handover,SUCCESS,SUCCESS,,-112,17,,,XYZ406,,,,,,,,,,,
,XYZ410,UE10625,handover,SUCCESS,SUCCESS,,-80,3,,,XYZ410,,,,,,,,,,,
,XYZ409,UE10283,handover,WRONG_CELL,FAIL,,-116,-8,,,XYZ409,,,,,,,,,,,
,XYZ401,UE10955,handover,TOO_EARLY_HO,FAIL,,-78,16,,,XYZ401,,,,,,,,,,,
,XYZ404,UE10922,handover,PREP_FAILURE,FAIL,,-95,9,,,XYZ404,,,,,,,,,,,
,XYZ401,UE10654,handover,SUCCESS,SUCCESS,,-89,4,,,XYZ401,,,,,,,,,,,
,XYZ401,UE10222,handover,SUCCESS,SUCCESS,,-103,16,,,XYZ401,,,,,,,,,,,
,XYZ408,UE10743,handover,SUCCESS,SUCCESS,,-99,17,,,XYZ408,,,,,,,,,,,
,XYZ402,UE10462,handover,WRONG_CELL,FAIL,,-120,14,,,XYZ402,,,,,,,,,,,
,XYZ401,UE10544,handover,SUCCESS,SUCCESS,,-100,22,,,XYZ401,,,,,,,,,,,
,XYZ408,UE10275,handover,XN_FAILURE,FAIL,,-124,3,,,XYZ408,,,,,,,,,,,
,XYZ404,UE10681,handover,SUCCESS,SUCCESS,,-81,-3,,,XYZ404,,,,,,,,,,,
,XYZ403,UE10139,handover,SUCCESS,SUCCESS,,-113,3,,,XYZ403,,,,,,,,,,,
,XYZ404,UE10356,handover,SUCCESS,SUCCESS,,-76,-10,,,XYZ404,,,,,,,,,,,
,XYZ405,UE10712,handover,SUCCESS,SUCCESS,,-107,5,,,XYZ405,,,,,,,,,,,
,XYZ401,UE10022,handover,XN_FAILURE,FAIL,,-125,7,,,XYZ401,,,,,,,,,,,
,XYZ401,UE10967,handover,SUCCESS,SUCCESS,,-86,-4,,,XYZ401,,,,,,,,,,,
,XYZ403,UE10735,handover,SUCCESS,SUCCESS,,-94,4,,,XYZ403,,,,,,,,,,,
,XYZ406,UE10879,handover,SUCCESS,SUCCESS,,-104,13,,,XYZ406,,,,,,,,,,,
,XYZ401,UE10269,handover,SUCCESS,SUCCESS,,-78,2,,,XYZ401,,,,,,,,,,,
,XYZ402,UE10858,handover,SUCCESS,SUCCESS,,-97,-2,,,XYZ402,,,,,,,,,,,
,XYZ407,UE10664,handover,WRONG_CELL,FAIL,,-124,4,,,XYZ407,,,,,,,,,,,
,XYZ401,UE10332,handover,XN_FAILURE,FAIL,,-86,24,,,XYZ401,,,,,,,,,,,
,XYZ407,UE10084,handover,PING_PONG,FAIL,,-88,13,,,XYZ407,,,,,,,,,,,
,XYZ404,UE10620,handover,TOO_EARLY_HO,FAIL,,-78,22,,,XYZ404,,,,,,,,,,,
,XYZ410,UE10030,handover,SUCCESS,SUCCESS,,-115,5,,,XYZ410,,,,,,,,,,,
,XYZ406,UE10740,handover,SUCCESS,SUCCESS,,-109,-3,,,XYZ406,,,,,,,,,,,
,XYZ408,UE10239,handover,PING_PONG,FAIL,,-83,18,,,XYZ408,,,,,,,,,,,
,XYZ409,UE10889,handover,TOO_LATE_HO,FAIL,,-118,12,,,XYZ409,,,,,,,,,,,
,XYZ406,UE10362,handover,SUCCESS,SUCCESS,,-104,20,,,XYZ406,,,,,,,,,,,
,XYZ409,UE10821,handover,WRONG_CELL,FAIL,,-122,3,,,XYZ409,,,,,,,,,,,
,XYZ404,UE10388,handover,SUCCESS,SUCCESS,,-115,19,,,XYZ404,,,,,,,,,,,
,XYZ406,UE10652,handover,WRONG_CELL,FAIL,,-118,16,,,XYZ406,,,,,,,,,,,
,XYZ408,UE10667,handover,WRONG_CELL,FAIL,,-117,5,,,XYZ408,,,,,,,,,,,
,XYZ409,UE10298,handover,SUCCESS,SUCCESS,,-100,-5,,,XYZ409,,,,,,,,,,,
,XYZ403,UE10856,handover,WRONG_CELL,FAIL,,-124,22,,,XYZ403,,,,,,,,,,,
,XYZ402,UE10370,handover,SUCCESS,SUCCESS,,-110,7,,,XYZ402,,,,,,,,,,,
,XYZ406,UE10098,handover,SUCCESS,SUCCESS,,-95,5,,,XYZ406,,,,,,,,,,,
,XYZ404,UE10046,handover,WRONG_CELL,FAIL,,-120,1,,,XYZ404,,,,,,,,,,,
,XYZ401,UE10998,handover,SUCCESS,SUCCESS,,-105,9,,,XYZ401,,,,,,,,,,,
,XYZ408,UE10838,handover,SUCCESS,SUCCESS,,-100,18,,,XYZ408,,,,,,,,,,,
,XYZ409,UE10421,handover,SUCCESS,SUCCESS,,-107,19,,,XYZ409,,,,,,,,,,,
,XYZ409,UE10479,handover,SUCCESS,SUCCESS,,-98,15,,,XYZ409,,,,,,,,,,,
,XYZ402,UE10578,handover,WRONG_CELL,FAIL,,-118,11,,,XYZ402,,,,,,,,,,,
,XYZ409,UE10061,handover,SUCCESS,SUCCESS,,-112,22,,,XYZ409,,,,,,,,,,,
,XYZ407,UE10108,handover,SUCCESS,SUCCESS,,-102,18,,,XYZ407,,,,,,,,,,,
,XYZ405,UE10678,handover,SUCCESS,SUCCESS,,-78,11,,,XYZ405,,,,,,,,,,,
,XYZ407,UE10548,handover,SUCCESS,SUCCESS,,-82,2,,,XYZ407,,,,,,,,,,,
,XYZ409,UE10118,handover,SUCCESS,SUCCESS,,-89,-2,,,XYZ409,,,,,,,,,,,
,XYZ408,UE10597,handover,SUCCESS,SUCCESS,,-100,13,,,XYZ408,,,,,,,,,,,
,XYZ406,UE10381,handover,SUCCESS,SUCCESS,,-95,4,,,XYZ406,,,,,,,,,,,
,XYZ404,UE10391,handover,SUCCESS,SUCCESS,,-94,2,,,XYZ404,,,,,,,,,,,
,XYZ401,UE10976,handover,TOO_EARLY_HO,FAIL,,-76,16,,,XYZ401,,,,,,,,,,,
,XYZ406,UE10051,handover,SUCCESS,SUCCESS,,-85,-4,,,XYZ406,,,,,,,,,,,
,XYZ403,UE10602,handover,WRONG_CELL,FAIL,,-124,-3,,,XYZ403,,,,,,,,,,,
,XYZ406,UE10288,handover,SUCCESS,SUCCESS,,-101,3,,,XYZ406,,,,,,,,,,,
,XYZ406,UE10336,handover,SUCCESS,SUCCESS,,-82,1,,,XYZ406,,,,,,,,,,,
,XYZ404,UE10809,handover,PING_PONG,FAIL,,-124,6,,,XYZ404,,,,,,,,,,,
,XYZ402,UE10203,handover,TOO_EARLY_HO,FAIL,,-84,18,,,XYZ402,,,,,,,,,,,
,XYZ409,UE10879,handover,WRONG_CELL,FAIL,,-125,16,,,XYZ409,,,,,,,,,,,
,XYZ402,UE10237,handover,SUCCESS,SUCCESS,,-90,-10,,,XYZ402,,,,,,,,,,,
,XYZ403,UE10381,handover,PING_PONG,FAIL,,-114,23,,,XYZ403,,,,,,,,,,,
,XYZ410,UE10666,handover,WRONG_CELL,FAIL,,-117,-7,,,XYZ410,,,,,,,,,,,
,XYZ401,UE10751,handover,TOO_EARLY_HO,FAIL,,-90,13,,,XYZ401,,,,,,,,,,,
,XYZ407,UE10135,handover,PREP_FAILURE,FAIL,,-85,10,,,XYZ407,,,,,,,,,,,
,XYZ401,UE10406,handover,SUCCESS,SUCCESS,,-98,22,,,XYZ401,,,,,,,,,,,
,XYZ409,UE10507,handover,PREP_FAILURE,FAIL,,-88,-4,,,XYZ409,,,,,,,,,,,
,XYZ401,UE10361,handover,PREP_FAILURE,FAIL,,-93,-10,,,XYZ401,,,,,,,,,,,
,XYZ405,UE10380,handover,SUCCESS,SUCCESS,,-84,-8,,,XYZ405,,,,,,,,,,,
,XYZ407,UE10880,handover,SUCCESS,SUCCESS,,-80,4,,,XYZ407,,,,,,,,,,,
,XYZ403,UE10575,handover,SUCCESS,SUCCESS,,-104,20,,,XYZ403,,,,,,,,,,,
,XYZ409,UE10634,handover,SUCCESS,SUCCESS,,-101,5,,,XYZ409,,,,,,,,,,,
,XYZ408,UE10253,handover,SUCCESS,SUCCESS,,-108,-1,,,XYZ408,,,,,,,,,,,
,XYZ403,UE10476,handover,WRONG_CELL,FAIL,,-120,18,,,XYZ403,,,,,,,,,,,
,XYZ405,UE10113,handover,SUCCESS,SUCCESS,,-108,-5,,,XYZ405,,,,,,,,,,,
,XYZ407,UE10019,handover,SUCCESS,SUCCESS,,-110,18,,,XYZ407,,,,,,,,,,,
,XYZ404,UE10527,handover,SUCCESS,SUCCESS,,-111,6,,,XYZ404,,,,,,,,,,,
,XYZ405,UE10144,handover,SUCCESS,SUCCESS,,-78,11,,,XYZ405,,,,,,,,,,,
,XYZ403,UE10207,handover,WRONG_CELL,FAIL,,-118,13,,,XYZ403,,,,,,,,,,,
,XYZ409,UE10530,handover,SUCCESS,SUCCESS,,-113,6,,,XYZ409,,,,,,,,,,,
,XYZ410,UE10375,handover,SUCCESS,SUCCESS,,-83,10,,,XYZ410,,,,,,,,,,,
,XYZ409,UE10503,handover,WRONG_CELL,FAIL,,-119,0,,,XYZ409,,,,,,,,,,,
,XYZ407,UE10903,handover,SUCCESS,SUCCESS,,-109,-4,,,XYZ407,,,,,,,,,,,
,XYZ410,UE10165,handover,TOO_LATE_HO,FAIL,,-76,-6,,,XYZ410,,,,,,,,,,,
,XYZ402,UE10549,handover,SUCCESS,SUCCESS,,-94,10,,,XYZ402,,,,,,,,,,,
,XYZ407,UE10180,handover,SUCCESS,SUCCESS,,-104,7,,,XYZ407,,,,,,,,,,,
,XYZ407,UE10860,handover,SUCCESS,SUCCESS,,-113,24,,,XYZ407,,,,,,,,,,,
,XYZ405,UE10616,handover,SUCCESS,SUCCESS,,-79,9,,,XYZ405,,,,,,,,,,,
,XYZ409,UE10611,handover,SUCCESS,SUCCESS,,-103,4,,,XYZ409,,,,,,,,,,,
,XYZ403,UE10601,handover,SUCCESS,SUCCESS,,-97,-6,,,XYZ403,,,,,,,,,,,
,XYZ404,UE10926,handover,SUCCESS,SUCCESS,,-104,2,,,XYZ404,,,,,,,,,,,
,XYZ401,UE10811,handover,XN_FAILURE,FAIL,,-125,1,,,XYZ401,,,,,,,,,,,
,XYZ406,UE10443,handover,SUCCESS,SUCCESS,,-97,10,,,XYZ406,,,,,,,,,,,
,XYZ404,UE10331,handover,SUCCESS,SUCCESS,,-78,-5,,,XYZ404,,,,,,,,,,,
,XYZ401,UE10502,handover,XN_FAILURE,FAIL,,-121,-4,,,XYZ401,,,,,,,,,,,
,XYZ402,UE10912,handover,TOO_EARLY_HO,FAIL,,-91,15,,,XYZ402,,,,,,,,,,,
,XYZ403,UE10078,handover,WRONG_CELL,FAIL,,-116,-3,,,XYZ403,,,,,,,,,,,
,XYZ409,UE10584,handover,SUCCESS,SUCCESS,,-107,-2,,,XYZ409,,,,,,,,,,,
,XYZ408,UE10934,handover,TOO_EARLY_HO,FAIL,,-89,16,,,XYZ408,,,,,,,,,,,
,XYZ407,UE10937,handover,WRONG_CELL,FAIL,,-119,-7,,,XYZ407,,,,,,,,,,,
,XYZ404,UE10687,handover,SUCCESS,SUCCESS,,-80,10,,,XYZ404,,,,,,,,,,,
,XYZ401,UE10395,handover,PREP_FAILURE,FAIL,,-91,20,,,XYZ401,,,,,,,,,,,
,XYZ408,UE10607,handover,TOO_LATE_HO,FAIL,,-81,10,,,XYZ408,,,,,,,,,,,
,XYZ404,UE10856,handover,PING_PONG,FAIL,,-113,14,,,XYZ404,,,,,,,,,,,
,XYZ403,UE10102,handover,PING_PONG,FAIL,,-116,4,,,XYZ403,,,,,,,,,,,
,XYZ409,UE10401,handover,WRONG_CELL,FAIL,,-124,24,,,XYZ409,,,,,,,,,,,
,XYZ410,UE10974,handover,WRONG_CELL,FAIL,,-120,17,,,XYZ410,,,,,,,,,,,
,XYZ404,UE10223,handover,WRONG_CELL,FAIL,,-118,3,,,XYZ404,,,,,,,,,,,
,XYZ404,UE10517,handover,SUCCESS,SUCCESS,,-90,-7,,,XYZ404,,,,,,,,,,,
,XYZ409,UE10633,handover,XN_FAILURE,FAIL,,-101,9,,,XYZ409,,,,,,,,,,,
,XYZ402,UE10235,handover,TOO_EARLY_HO,FAIL,,-82,23,,,XYZ402,,,,,,,,,,,
,XYZ405,UE10426,handover,PING_PONG,FAIL,,-79,1,,,XYZ405,,,,,,,,,,,
,XYZ404,UE10115,handover,PREP_FAILURE,FAIL,,-86,22,,,XYZ404,,,,,,,,,,,
,XYZ409,UE10162,handover,TOO_LATE_HO,FAIL,,-119,13,,,XYZ409,,,,,,,,,,,
,XYZ405,UE10225,handover,XN_FAILURE,FAIL,,-80,9,,,XYZ405,,,,,,,,,,,
,XYZ409,UE10229,handover,SUCCESS,SUCCESS,,-103,-6,,,XYZ409,,,,,,,,,,,
,XYZ409,UE10181,handover,SUCCESS,SUCCESS,,-107,19,,,XYZ409,,,,,,,,,,,
,XYZ402,UE10248,handover,TOO_EARLY_HO,FAIL,,-80,13,,,XYZ402,,,,,,,,,,,
,XYZ409,UE10317,handover,SUCCESS,SUCCESS,,-104,-4,,,XYZ409,,,,,,,,,,,
,XYZ403,UE10964,handover,SUCCESS,SUCCESS,,-113,5,,,XYZ403,,,,,,,,,,,
,XYZ404,UE10209,handover,PREP_FAILURE,FAIL,,-105,4,,,XYZ404,,,,,,,,,,,
,XYZ401,UE10655,handover,XN_FAILURE,FAIL,,-125,12,,,XYZ401,,,,,,,,,,,
,XYZ401,UE10391,handover,SUCCESS,SUCCESS,,-107,1,,,XYZ401,,,,,,,,,,,
,XYZ401,UE10856,handover,TOO_EARLY_HO,FAIL,,-93,18,,,XYZ401,,,,,,,,,,,
,XYZ409,UE10095,handover,WRONG_CELL,FAIL,,-122,4,,,XYZ409,,,,,,,,,,,
,XYZ408,UE10893,handover,TOO_EARLY_HO,FAIL,,-84,18,,,XYZ408,,,,,,,,,,,
,XYZ405,UE10857,handover,WRONG_CELL,FAIL,,-123,10,,,XYZ405,,,,,,,,,,,
,XYZ405,UE10755,handover,SUCCESS,SUCCESS,,-99,4,,,XYZ405,,,,,,,,,,,
,XYZ409,UE10085,handover,SUCCESS,SUCCESS,,-85,3,,,XYZ409,,,,,,,,,,,
,XYZ403,UE10414,handover,SUCCESS,SUCCESS,,-91,5,,,XYZ403,,,,,,,,,,,
,XYZ403,UE10393,handover,SUCCESS,SUCCESS,,-98,4,,,XYZ403,,,,,,,,,,,
,XYZ407,UE10695,handover,WRONG_CELL,FAIL,,-120,-7,,,XYZ407,,,,,,,,,,,
,XYZ409,UE10632,handover,WRONG_CELL,FAIL,,-120,16,,,XYZ409,,,,,,,,,,,
,XYZ406,UE10843,handover,SUCCESS,SUCCESS,,-82,12,,,XYZ406,,,,,,,,,,,
,XYZ402,UE10500,handover,SUCCESS,SUCCESS,,-103,18,,,XYZ402,,,,,,,,,,,
,XYZ401,UE10603,handover,TOO_LATE_HO,FAIL,,-93,-2,,,XYZ401,,,,,,,,,,,
,XYZ402,UE10581,handover,SUCCESS,SUCCESS,,-110,-4,,,XYZ402,,,,,,,,,,,
,XYZ401,UE10915,handover,SUCCESS,SUCCESS,,-102,-7,,,XYZ401,,,,,,,,,,,
,XYZ410,UE10132,handover,WRONG_CELL,FAIL,,-121,-6,,,XYZ410,,,,,,,,,,,
,XYZ410,UE10790,handover,SUCCESS,SUCCESS,,-85,-6,,,XYZ410,,,,,,,,,,,
,XYZ409,UE10648,handover,PING_PONG,FAIL,,-84,0,,,XYZ409,,,,,,,,,,,
,XYZ410,UE10313,handover,SUCCESS,SUCCESS,,-113,17,,,XYZ410,,,,,,,,,,,
,XYZ408,UE10698,handover,SUCCESS,SUCCESS,,-79,5,,,XYZ408,,,,,,,,,,,
,XYZ407,UE10220,handover,SUCCESS,SUCCESS,,-114,19,,,XYZ407,,,,,,,,,,,
,XYZ403,UE10975,handover,WRONG_CELL,FAIL,,-121,-7,,,XYZ403,,,,,,,,,,,
,XYZ408,UE10437,handover,SUCCESS,SUCCESS,,-89,-9,,,XYZ408,,,,,,,,,,,
,XYZ402,UE10045,handover,SUCCESS,SUCCESS,,-95,-8,,,XYZ402,,,,,,,,,,,
,XYZ402,UE10789,handover,SUCCESS,SUCCESS,,-98,10,,,XYZ402,,,,,,,,,,,
,XYZ410,UE10191,handover,SUCCESS,SUCCESS,,-98,-5,,,XYZ410,,,,,,,,,,,
,XYZ403,UE10519,handover,SUCCESS,SUCCESS,,-96,7,,,XYZ403,,,,,,,,,,,
,XYZ407,UE10378,handover,SUCCESS,SUCCESS,,-108,-6,,,XYZ407,,,,,,,,,,,
,XYZ401,UE10787,handover,SUCCESS,SUCCESS,,-82,-2,,,XYZ401,,,,,,,,,,,
,XYZ408,UE10690,handover,SUCCESS,SUCCESS,,-99,9,,,XYZ408,,,,,,,,,,,
,XYZ407,UE10333,handover,TOO_EARLY_HO,FAIL,,-91,17,,,XYZ407,,,,,,,,,,,
,XYZ404,UE10038,handover,SUCCESS,SUCCESS,,-100,15,,,XYZ404,,,,,,,,,,,
,XYZ405,UE10292,handover,SUCCESS,SUCCESS,,-87,7,,,XYZ405,,,,,,,,,,,
,XYZ410,UE10689,handover,SUCCESS,SUCCESS,,-77,8,,,XYZ410,,,,,,,,,,,
,XYZ401,UE10161,handover,SUCCESS,SUCCESS,,-108,-8,,,XYZ401,,,,,,,,,,,
,XYZ404,UE10330,handover,SUCCESS,SUCCESS,,-93,-2,,,XYZ404,,,,,,,,,,,
,XYZ401,UE10885,handover,PING_PONG,FAIL,,-101,20,,,XYZ401,,,,,,,,,,,
,XYZ401,UE10103,handover,SUCCESS,SUCCESS,,-95,6,,,XYZ401,,,,,,,,,,,
,XYZ410,UE10160,handover,SUCCESS,SUCCESS,,-89,12,,,XYZ410,,,,,,,,,,,
,XYZ401,UE10798,handover,WRONG_CELL,FAIL,,-124,23,,,XYZ401,,,,,,,,,,,
,XYZ407,UE10634,handover,XN_FAILURE,FAIL,,-93,-6,,,XYZ407,,,,,,,,,,,
,XYZ407,UE10053,handover,SUCCESS,SUCCESS,,-87,4,,,XYZ407,,,,,,,,,,,
,XYZ404,UE10939,handover,TOO_LATE_HO,FAIL,,-83,-8,,,XYZ404,,,,,,,,,,,
,XYZ402,UE10033,handover,PING_PONG,FAIL,,-83,8,,,XYZ402,,,,,,,,,,,
,XYZ403,UE10241,handover,TOO_EARLY_HO,FAIL,,-94,17,,,XYZ403,,,,,,,,,,,
,XYZ408,UE10966,handover,PING_PONG,FAIL,,-108,-8,,,XYZ408,,,,,,,,,,,
,XYZ408,UE10889,handover,SUCCESS,SUCCESS,,-109,-7,,,XYZ408,,,,,,,,,,,
,XYZ406,UE10112,handover,PREP_FAILURE,FAIL,,-92,13,,,XYZ406,,,,,,,,,,,
,XYZ410,UE10317,handover,TOO_EARLY_HO,FAIL,,-87,20,,,XYZ410,,,,,,,,,,,
,XYZ409,UE10022,handover,WRONG_CELL,FAIL,,-119,0,,,XYZ409,,,,,,,,,,,
,XYZ409,UE10557,handover,SUCCESS,SUCCESS,,-84,-10,,,XYZ409,,,,,,,,,,,
,XYZ404,UE10823,handover,SUCCESS,SUCCESS,,-91,-2,,,XYZ404,,,,,,,,,,,
,XYZ401,UE10646,handover,SUCCESS,SUCCESS,,-96,6,,,XYZ401,,,,,,,,,,,
,XYZ401,UE10117,handover,SUCCESS,SUCCESS,,-114,-10,,,XYZ401,,,,,,,,,,,
,XYZ410,UE10984,handover,SUCCESS,SUCCESS,,-91,-8,,,XYZ410,,,,,,,,,,,
,XYZ405,UE10700,handover,SUCCESS,SUCCESS,,-115,15,,,XYZ405,,,,,,,,,,,
,XYZ402,UE10642,handover,TOO_EARLY_HO,FAIL,,-82,20,,,XYZ402,,,,,,,,,,,
,XYZ406,UE10933,handover,WRONG_CELL,FAIL,,-122,15,,,XYZ406,,,,,,,,,,,
,XYZ407,UE10211,handover,SUCCESS,SUCCESS,,-101,12,,,XYZ407,,,,,,,,,,,
,XYZ401,UE10417,handover,TOO_EARLY_HO,FAIL,,-78,19,,,XYZ401,,,,,,,,,,,
,XYZ406,UE10112,handover,SUCCESS,SUCCESS,,-94,-1,,,XYZ406,,,,,,,,,,,
,XYZ408,UE10043,handover,SUCCESS,SUCCESS,,-106,-3,,,XYZ408,,,,,,,,,,,
,XYZ405,UE10127,handover,TOO_EARLY_HO,FAIL,,-76,14,,,XYZ405,,,,,,,,,,,
,XYZ407,UE10875,handover,TOO_LATE_HO,FAIL,,-95,11,,,XYZ407,,,,,,,,,,,
,XYZ410,UE10157,handover,WRONG_CELL,FAIL,,-122,4,,,XYZ410,,,,,,,,,,,
,XYZ406,UE10784,handover,PING_PONG,FAIL,,-88,-1,,,XYZ406,,,,,,,,,,,
,XYZ404,UE10826,handover,SUCCESS,SUCCESS,,-79,9,,,XYZ404,,,,,,,,,,,
,XYZ407,UE10393,handover,WRONG_CELL,FAIL,,-125,12,,,XYZ407,,,,,,,,,,,
,XYZ410,UE10866,handover,WRONG_CELL,FAIL,,-123,-10,,,XYZ410,,,,,,,,,,,
,XYZ409,UE10851,handover,PREP_FAILURE,FAIL,,-89,-9,,,XYZ409,,,,,,,,,,,
,XYZ410,UE10511,handover,SUCCESS,SUCCESS,,-104,8,,,XYZ410,,,,,,,,,,,
,XYZ410,UE10913,handover,SUCCESS,SUCCESS,,-109,3,,,XYZ410,,,,,,,,,,,
,XYZ407,UE10044,handover,SUCCESS,SUCCESS,,-112,-3,,,XYZ407,,,,,,,,,,,
,XYZ405,UE10107,handover,SUCCESS,SUCCESS,,-85,1,,,XYZ405,,,,,,,,,,,
,XYZ407,UE10218,handover,PREP_FAILURE,FAIL,,-91,15,,,XYZ407,,,,,,,,,,,
,XYZ403,UE10442,handover,SUCCESS,SUCCESS,,-113,16,,,XYZ403,,,,,,,,,,,
,XYZ402,UE10829,handover,TOO_EARLY_HO,FAIL,,-91,18,,,XYZ402,,,,,,,,,,,
,XYZ405,UE10314,handover,SUCCESS,SUCCESS,,-83,4,,,XYZ405,,,,,,,,,,,
,XYZ404,UE10176,handover,WRONG_CELL,FAIL,,-124,-10,,,XYZ404,,,,,,,,,,,
,XYZ405,UE10227,handover,TOO_EARLY_HO,FAIL,,-79,17,,,XYZ405,,,,,,,,,,,
,XYZ408,UE10702,handover,SUCCESS,SUCCESS,,-113,-8,,,XYZ408,,,,,,,,,,,
,XYZ404,UE10982,handover,XN_FAILURE,FAIL,,-110,7,,,XYZ404,,,,,,,,,,,
,XYZ409,UE10671,handover,SUCCESS,SUCCESS,,-108,23,,,XYZ409,,,,,,,,,,,
,XYZ407,UE10905,handover,PREP_FAILURE,FAIL,,-119,21,,,XYZ407,,,,,,,,,,,
,XYZ410,UE10266,handover,TOO_EARLY_HO,FAIL,,-81,18,,,XYZ410,,,,,,,,,,,
,XYZ407,UE10869,handover,TOO_EARLY_HO,FAIL,,-90,14,,,XYZ407,,,,,,,,,,,
,XYZ408,UE10837,handover,TOO_EARLY_HO,FAIL,,-85,15,,,XYZ408,,,,,,,,,,,
,XYZ406,UE10378,handover,SUCCESS,SUCCESS,,-96,-3,,,XYZ406,,,,,,,,,,,
,XYZ408,UE10488,handover,SUCCESS,SUCCESS,,-84,8,,,XYZ408,,,,,,,,,,,
,XYZ403,UE10701,handover,SUCCESS,SUCCESS,,-85,11,,,XYZ403,,,,,,,,,,,
,XYZ410,UE10686,handover,WRONG_CELL,FAIL,,-119,18,,,XYZ410,,,,,,,,,,,
,XYZ410,UE10289,handover,SUCCESS,SUCCESS,,-111,22,,,XYZ410,,,,,,,,,,,
,XYZ401,UE10995,handover,TOO_EARLY_HO,FAIL,,-86,24,,,XYZ401,,,,,,,,,,,
,XYZ406,UE10356,handover,SUCCESS,SUCCESS,,-107,-8,,,XYZ406,,,,,,,,,,,
,XYZ401,UE10656,handover,SUCCESS,SUCCESS,,-83,8,,,XYZ401,,,,,,,,,,,
,XYZ409,UE10743,handover,SUCCESS,SUCCESS,,-89,-1,,,XYZ409,,,,,,,,,,,
,XYZ402,UE10871,handover,WRONG_CELL,FAIL,,-124,16,,,XYZ402,,,,,,,,,,,
,XYZ402,UE10949,handover,SUCCESS,SUCCESS,,-84,4,,,XYZ402,,,,,,,,,,,
,XYZ407,UE10203,handover,PING_PONG,FAIL,,-78,0,,,XYZ407,,,,,,,,,,,
,XYZ402,UE10212,handover,PREP_FAILURE,FAIL,,-113,15,,,XYZ402,,,,,,,,,,,
,XYZ410,UE10551,handover,TOO_EARLY_HO,FAIL,,-86,13,,,XYZ410,,,,,,,,,,,
,XYZ408,UE10786,handover,SUCCESS,SUCCESS,,-85,2,,,XYZ408,,,,,,,,,,,
,XYZ406,UE10322,handover,TOO_EARLY_HO,FAIL,,-83,21,,,XYZ406,,,,,,,,,,,
,XYZ407,UE10593,handover,SUCCESS,SUCCESS,,-83,-7,,,XYZ407,,,,,,,,,,,
,XYZ407,UE10180,handover,SUCCESS,SUCCESS,,-95,2,,,XYZ407,,,,,,,,,,,
,XYZ406,UE10498,handover,SUCCESS,SUCCESS,,-110,-2,,,XYZ406,,,,,,,,,,,
,XYZ410,UE10319,handover,TOO_EARLY_HO,FAIL,,-84,23,,,XYZ410,,,,,,,,,,,
,XYZ409,UE10082,handover,SUCCESS,SUCCESS,,-82,-4,,,XYZ409,,,,,,,,,,,
,XYZ409,UE10302,handover,WRONG_CELL,FAIL,,-120,-10,,,XYZ409,,,,,,,,,,,
,XYZ407,UE10261,handover,SUCCESS,SUCCESS,,-98,1,,,XYZ407,,,,,,,,,,,
,XYZ409,UE10783,handover,SUCCESS,SUCCESS,,-94,10,,,XYZ409,,,,,,,,,,,
,XYZ410,UE10199,handover,SUCCESS,SUCCESS,,-82,0,,,XYZ410,,,,,,,,,,,
,XYZ403,UE10239,handover,WRONG_CELL,FAIL,,-116,3,,,XYZ403,,,,,,,,,,,
,XYZ403,UE10913,handover,TOO_EARLY_HO,FAIL,,-76,23,,,XYZ403,,,,,,,,,,,
,XYZ401,UE10691,handover,SUCCESS,SUCCESS,,-108,23,,,XYZ401,,,,,,,,,,,
,XYZ405,UE10943,handover,WRONG_CELL,FAIL,,-122,14,,,XYZ405,,,,,,,,,,,
,XYZ404,UE10682,handover,WRONG_CELL,FAIL,,-117,-7,,,XYZ404,,,,,,,,,,,
,XYZ402,UE10294,handover,WRONG_CELL,FAIL,,-119,15,,,XYZ402,,,,,,,,,,,
,XYZ409,UE10511,handover,SUCCESS,SUCCESS,,-76,5,,,XYZ409,,,,,,,,,,,
,XYZ403,UE10688,handover,WRONG_CELL,FAIL,,-118,-1,,,XYZ403,,,,,,,,,,,
,XYZ408,UE10880,handover,PREP_FAILURE,FAIL,,-83,-9,,,XYZ408,,,,,,,,,,,
,XYZ406,UE10395,handover,WRONG_CELL,FAIL,,-119,24,,,XYZ406,,,,,,,,,,,
,XYZ405,UE10748,handover,SUCCESS,SUCCESS,,-85,8,,,XYZ405,,,,,,,,,,,
,XYZ401,UE10137,handover,SUCCESS,SUCCESS,,-86,-5,,,XYZ401,,,,,,,,,,,
,XYZ404,UE10838,handover,WRONG_CELL,FAIL,,-123,8,,,XYZ404,,,,,,,,,,,
,XYZ403,UE10877,handover,SUCCESS,SUCCESS,,-109,-3,,,XYZ403,,,,,,,,,,,
,XYZ401,UE10822,handover,PING_PONG,FAIL,,-124,3,,,XYZ401,,,,,,,,,,,
,XYZ405,UE10128,handover,SUCCESS,SUCCESS,,-111,-1,,,XYZ405,,,,,,,,,,,
,XYZ406,UE10048,handover,TOO_LATE_HO,FAIL,,-80,-8,,,XYZ406,,,,,,,,,,,
,XYZ402,UE10675,handover,XN_FAILURE,FAIL,,-97,18,,,XYZ402,,,,,,,,,,,
,XYZ403,UE10788,handover,SUCCESS,SUCCESS,,-76,4,,,XYZ403,,,,,,,,,,,
,XYZ406,UE10292,handover,PING_PONG,FAIL,,-78,12,,,XYZ406,,,,,,,,,,,
,XYZ404,UE10627,handover,SUCCESS,SUCCESS,,-104,12,,,XYZ404,,,,,,,,,,,
,XYZ409,UE10535,handover,WRONG_CELL,FAIL,,-122,7,,,XYZ409,,,,,,,,,,,
,XYZ405,UE10310,handover,WRONG_CELL,FAIL,,-120,8,,,XYZ405,,,,,,,,,,,
,XYZ404,UE10536,handover,TOO_EARLY_HO,FAIL,,-88,17,,,XYZ404,,,,,,,,,,,
,XYZ402,UE10902,handover,SUCCESS,SUCCESS,,-100,15,,,XYZ402,,,,,,,,,,,
,XYZ406,UE10638,handover,SUCCESS,SUCCESS,,-115,-1,,,XYZ406,,,,,,,,,,,
,XYZ410,UE10233,handover,SUCCESS,SUCCESS,,-100,-7,,,XYZ410,,,,,,,,,,,
,XYZ402,UE10208,handover,SUCCESS,SUCCESS,,-109,-9,,,XYZ402,,,,,,,,,,,
,XYZ407,UE10604,handover,SUCCESS,SUCCESS,,-102,-8,,,XYZ407,,,,,,,,,,,
,XYZ403,UE10093,handover,XN_FAILURE,FAIL,,-98,-4,,,XYZ403,,,,,,,,,,,
,XYZ409,UE10326,handover,SUCCESS,SUCCESS,,-91,5,,,XYZ409,,,,,,,,,,,
,XYZ405,UE10224,handover,SUCCESS,SUCCESS,,-95,20,,,XYZ405,,,,,,,,,,,
,XYZ408,UE10966,handover,SUCCESS,SUCCESS,,-113,-1,,,XYZ408,,,,,,,,,,,
,XYZ406,UE10889,handover,SUCCESS,SUCCESS,,-91,8,,,XYZ406,,,,,,,,,,,
,XYZ410,UE10791,handover,SUCCESS,SUCCESS,,-110,17,,,XYZ410,,,,,,,,,,,
,XYZ408,UE10010,handover,SUCCESS,SUCCESS,,-111,6,,,XYZ408,,,,,,,,,,,
,XYZ403,UE10328,handover,TOO_EARLY_HO,FAIL,,-83,17,,,XYZ403,,,,,,,,,,,
,XYZ403,UE10011,handover,SUCCESS,SUCCESS,,-108,8,,,XYZ403,,,,,,,,,,,
,XYZ405,UE10034,handover,PING_PONG,FAIL,,-79,12,,,XYZ405,,,,,,,,,,,
,XYZ410,UE10446,handover,SUCCESS,SUCCESS,,-89,9,,,XYZ410,,,,,,,,,,,
,XYZ403,UE10451,handover,SUCCESS,SUCCESS,,-78,2,,,XYZ403,,,,,,,,,,,
,XYZ408,UE10739,handover,SUCCESS,SUCCESS,,-78,2,,,XYZ408,,,,,,,,,,,
,XYZ410,UE10219,handover,SUCCESS,SUCCESS,,-77,0,,,XYZ410,,,,,,,,,,,
,XYZ408,UE10440,handover,SUCCESS,SUCCESS,,-85,4,,,XYZ408,,,,,,,,,,,
,XYZ402,UE10652,handover,SUCCESS,SUCCESS,,-99,6,,,XYZ402,,,,,,,,,,,
,XYZ404,UE10534,handover,TOO_EARLY_HO,FAIL,,-91,17,,,XYZ404,,,,,,,,,,,
,XYZ410,UE10594,handover,SUCCESS,SUCCESS,,-81,8,,,XYZ410,,,,,,,,,,,
,XYZ401,UE10228,handover,SUCCESS,SUCCESS,,-91,-7,,,XYZ401,,,,,,,,,,,
,XYZ404,UE10934,handover,SUCCESS,SUCCESS,,-98,11,,,XYZ404,,,,,,,,,,,
,XYZ404,UE10343,handover,SUCCESS,SUCCESS,,-87,11,,,XYZ404,,,,,,,,,,,
,XYZ410,UE10079,handover,TOO_EARLY_HO,FAIL,,-88,23,,,XYZ410,,,,,,,,,,,
,XYZ409,UE10352,handover,SUCCESS,SUCCESS,,-117,22,,,XYZ409,,,,,,,,,,,
,XYZ403,UE10395,handover,SUCCESS,SUCCESS,,-114,22,,,XYZ403,,,,,,,,,,,
,XYZ402,UE10289,handover,SUCCESS,SUCCESS,,-111,1,,,XYZ402,,,,,,,,,,,
,XYZ409,UE10454,handover,SUCCESS,SUCCESS,,-105,-9,,,XYZ409,,,,,,,,,,,
,XYZ409,UE10842,handover,TOO_EARLY_HO,FAIL,,-91,17,,,XYZ409,,,,,,,,,,,
,XYZ401,UE10670,handover,SUCCESS,SUCCESS,,-84,-1,,,XYZ401,,,,,,,,,,,
,XYZ406,UE10988,handover,SUCCESS,SUCCESS,,-93,11,,,XYZ406,,,,,,,,,,,
,XYZ410,UE10127,handover,PING_PONG,FAIL,,-107,6,,,XYZ410,,,,,,,,,,,
,XYZ408,UE10701,handover,SUCCESS,SUCCESS,,-103,15,,,XYZ408,,,,,,,,,,,
,XYZ403,UE10908,handover,SUCCESS,SUCCESS,,-113,-8,,,XYZ403,,,,,,,,,,,
,XYZ409,UE10542,handover,PREP_FAILURE,FAIL,,-82,-4,,,XYZ409,,,,,,,,,,,
,XYZ402,UE10897,handover,SUCCESS,SUCCESS,,-125,-3,,,XYZ402,,,,,,,,,,,
,XYZ406,UE10358,handover,SUCCESS,SUCCESS,,-97,9,,,XYZ406,,,,,,,,,,,
,XYZ401,UE10526,handover,SUCCESS,SUCCESS,,-102,1,,,XYZ401,,,,,,,,,,,
,XYZ407,UE10312,handover,SUCCESS,SUCCESS,,-110,24,,,XYZ407,,,,,,,,,,,
,XYZ403,UE10074,handover,SUCCESS,SUCCESS,,-101,6,,,XYZ403,,,,,,,,,,,
,XYZ407,UE10545,handover,SUCCESS,SUCCESS,,-103,17,,,XYZ407,,,,,,,,,,,
,XYZ404,UE10870,handover,SUCCESS,SUCCESS,,-98,-1,,,XYZ404,,,,,,,,,,,
,XYZ409,UE10195,handover,SUCCESS,SUCCESS,,-79,11,,,XYZ409,,,,,,,,,,,
,XYZ405,UE10842,handover,SUCCESS,SUCCESS,,-110,22,,,XYZ405,,,,,,,,,,,
,XYZ403,UE10028,handover,SUCCESS,SUCCESS,,-83,11,,,XYZ403,,,,,,,,,,,
,XYZ408,UE10705,handover,SUCCESS,SUCCESS,,-88,2,,,XYZ408,,,,,,,,,,,
,XYZ406,UE10015,handover,SUCCESS,SUCCESS,,-115,16,,,XYZ406,,,,,,,,,,,
,XYZ402,UE10422,handover,SUCCESS,SUCCESS,,-123,4,,,XYZ402,,,,,,,,,,,
,XYZ403,UE10588,handover,SUCCESS,SUCCESS,,-111,11,,,XYZ403,,,,,,,,,,,
,XYZ408,UE10804,handover,SUCCESS,SUCCESS,,-125,19,,,XYZ408,,,,,,,,,,,
,XYZ410,UE10592,handover,SUCCESS,SUCCESS,,-119,23,,,XYZ410,,,,,,,,,,,
,XYZ407,UE10404,handover,PING_PONG,FAIL,,-125,23,,,XYZ407,,,,,,,,,,,
,XYZ410,UE10939,handover,TOO_EARLY_HO,FAIL,,-77,24,,,XYZ410,,,,,,,,,,,
,XYZ406,UE10635,handover,SUCCESS,SUCCESS,,-94,8,,,XYZ406,,,,,,,,,,,
,XYZ401,UE10530,handover,SUCCESS,SUCCESS,,-117,-3,,,XYZ401,,,,,,,,,,,
,XYZ409,UE10966,handover,SUCCESS,SUCCESS,,-97,22,,,XYZ409,,,,,,,,,,,
,XYZ403,UE10613,handover,SUCCESS,SUCCESS,,-100,17,,,XYZ403,,,,,,,,,,,
,XYZ405,UE10903,handover,SUCCESS,SUCCESS,,-103,14,,,XYZ405,,,,,,,,,,,
,XYZ407,UE10076,handover,PREP_FAILURE,FAIL,,-81,6,,,XYZ407,,,,,,,,,,,
,XYZ407,UE10228,handover,TOO_EARLY_HO,FAIL,,-83,13,,,XYZ407,,,,,,,,,,,
,XYZ403,UE10961,handover,SUCCESS,SUCCESS,,-97,10,,,XYZ403,,,,,,,,,,,
,XYZ404,UE10296,handover,SUCCESS,SUCCESS,,-88,-9,,,XYZ404,,,,,,,,,,,
,XYZ410,UE10509,handover,TOO_EARLY_HO,FAIL,,-93,20,,,XYZ410,,,,,,,,,,,
,XYZ407,UE10714,handover,SUCCESS,SUCCESS,,-119,22,,,XYZ407,,,,,,,,,,,
,XYZ408,UE10983,handover,PREP_FAILURE,FAIL,,-114,19,,,XYZ408,,,,,,,,,,,
,XYZ402,UE10965,handover,TOO_LATE_HO,FAIL,,-95,1,,,XYZ402,,,,,,,,,,,
,XYZ409,UE10572,handover,SUCCESS,SUCCESS,,-94,1,,,XYZ409,,,,,,,,,,,
,XYZ407,UE10537,handover,SUCCESS,SUCCESS,,-106,13,,,XYZ407,,,,,,,,,,,
,XYZ408,UE10582,handover,PREP_FAILURE,FAIL,,-109,13,,,XYZ408,,,,,,,,,,,
,XYZ406,UE10614,handover,SUCCESS,SUCCESS,,-90,0,,,XYZ406,,,,,,,,,,,
,XYZ406,UE10978,handover,SUCCESS,SUCCESS,,-123,2,,,XYZ406,,,,,,,,,,,
,XYZ409,UE10325,handover,SUCCESS,SUCCESS,,-125,16,,,XYZ409,,,,,,,,,,,
,XYZ404,UE10362,handover,SUCCESS,SUCCESS,,-76,-3,,,XYZ404,,,,,,,,,,,
,XYZ405,UE10668,handover,SUCCESS,SUCCESS,,-99,-1,,,XYZ405,,,,,,,,,,,
,XYZ409,UE10874,handover,PREP_FAILURE,FAIL,,-79,-3,,,XYZ409,,,,,,,,,,,
,XYZ401,UE10358,handover,SUCCESS,SUCCESS,,-86,9,,,XYZ401,,,,,,,,,,,
,XYZ404,UE10705,handover,SUCCESS,SUCCESS,,-93,-3,,,XYZ404,,,,,,,,,,,
,XYZ407,UE10786,handover,SUCCESS,SUCCESS,,-106,-2,,,XYZ407,,,,,,,,,,,
,XYZ409,UE10323,handover,PREP_FAILURE,FAIL,,-112,-4,,,XYZ409,,,,,,,,,,,
,XYZ410,UE10697,handover,SUCCESS,SUCCESS,,-90,3,,,XYZ410,,,,,,,,,,,
,XYZ406,UE10325,handover,SUCCESS,SUCCESS,,-121,17,,,XYZ406,,,,,,,,,,,
,XYZ408,UE10624,handover,SUCCESS,SUCCESS,,-103,-9,,,XYZ408,,,,,,,,,,,
,XYZ409,UE10824,handover,SUCCESS,SUCCESS,,-81,-3,,,XYZ409,,,,,,,,,,,
,XYZ410,UE10164,handover,SUCCESS,SUCCESS,,-111,2,,,XYZ410,,,,,,,,,,,
,XYZ404,UE10572,handover,SUCCESS,SUCCESS,,-120,10,,,XYZ404,,,,,,,,,,,
,XYZ401,UE10603,handover,TOO_EARLY_HO,FAIL,,-93,17,,,XYZ401,,,,,,,,,,,
,XYZ408,UE10797,handover,XN_FAILURE,FAIL,,-107,24,,,XYZ408,,,,,,,,,,,
,XYZ402,UE10454,handover,SUCCESS,SUCCESS,,-113,12,,,XYZ402,,,,,,,,,,,
,XYZ401,UE10968,handover,SUCCESS,SUCCESS,,-97,4,,,XYZ401,,,,,,,,,,,
,XYZ407,UE10152,handover,SUCCESS,SUCCESS,,-120,-9,,,XYZ407,,,,,,,,,,,
,XYZ410,UE10736,handover,SUCCESS,SUCCESS,,-111,1,,,XYZ410,,,,,,,,,,,
,XYZ409,UE10126,handover,SUCCESS,SUCCESS,,-110,-8,,,XYZ409,,,,,,,,,,,
,XYZ409,UE10192,handover,SUCCESS,SUCCESS,,-102,-6,,,XYZ409,,,,,,,,,,,
,XYZ403,UE10626,handover,SUCCESS,SUCCESS,,-103,-8,,,XYZ403,,,,,,,,,,,
,XYZ406,UE10773,handover,SUCCESS,SUCCESS,,-78,8,,,XYZ406,,,,,,,,,,,
,XYZ407,UE10529,handover,SUCCESS,SUCCESS,,-116,-9,,,XYZ407,,,,,,,,,,,
,XYZ410,UE10009,handover,SUCCESS,SUCCESS,,-85,6,,,XYZ410,,,,,,,,,,,
,XYZ409,UE10091,handover,SUCCESS,SUCCESS,,-85,3,,,XYZ409,,,,,,,,,,,
,XYZ402,UE10138,handover,TOO_EARLY_HO,FAIL,,-77,17,,,XYZ402,,,,,,,,,,,
,XYZ408,UE10480,handover,SUCCESS,SUCCESS,,-109,16,,,XYZ408,,,,,,,,,,,
,XYZ407,UE10448,handover,TOO_LATE_HO,FAIL,,-77,-1,,,XYZ407,,,,,,,,,,,
,XYZ404,UE10332,handover,PREP_FAILURE,FAIL,,-82,-8,,,XYZ404,,,,,,,,,,,
,XYZ402,UE10868,handover,TOO_EARLY_HO,FAIL,,-81,14,,,XYZ402,,,,,,,,,,,
,XYZ408,UE10339,handover,SUCCESS,SUCCESS,,-96,11,,,XYZ408,,,,,,,,,,,
,XYZ405,UE10960,handover,TOO_EARLY_HO,FAIL,,-82,19,,,XYZ405,,,,,,,,,,,
,XYZ406,UE10051,handover,SUCCESS,SUCCESS,,-80,10,,,XYZ406,,,,,,,,,,,
,XYZ407,UE10706,handover,SUCCESS,SUCCESS,,-116,19,,,XYZ407,,,,,,,,,,,
,XYZ410,UE10465,handover,SUCCESS,SUCCESS,,-107,17,,,XYZ410,,,,,,,,,,,
,XYZ401,UE10717,handover,SUCCESS,SUCCESS,,-97,20,,,XYZ401,,,,,,,,,,,
,XYZ408,UE10798,handover,SUCCESS,SUCCESS,,-124,15,,,XYZ408,,,,,,,,,,,
,XYZ404,UE10474,handover,SUCCESS,SUCCESS,,-90,11,,,XYZ404,,,,,,,,,,,
,XYZ409,UE10400,handover,SUCCESS,SUCCESS,,-107,10,,,XYZ409,,,,,,,,,,,
,XYZ401,UE10438,handover,SUCCESS,SUCCESS,,-119,-10,,,XYZ401,,,,,,,,,,,
,XYZ402,UE10877,handover,SUCCESS,SUCCESS,,-100,2,,,XYZ402,,,,,,,,,,,
,XYZ406,UE10604,handover,SUCCESS,SUCCESS,,-111,10,,,XYZ406,,,,,,,,,,,
,XYZ410,UE10931,handover,SUCCESS,SUCCESS,,-79,-2,,,XYZ410,,,,,,,,,,,
,XYZ401,UE10996,handover,SUCCESS,SUCCESS,,-88,6,,,XYZ401,,,,,,,,,,,
,XYZ404,UE10921,handover,XN_FAILURE,FAIL,,-123,10,,,XYZ404,,,,,,,,,,,
,XYZ408,UE10820,handover,TOO_EARLY_HO,FAIL,,-88,20,,,XYZ408,,,,,,,,,,,
,XYZ410,UE10656,handover,SUCCESS,SUCCESS,,-110,11,,,XYZ410,,,,,,,,,,,
,XYZ405,UE10597,handover,SUCCESS,SUCCESS,,-124,1,,,XYZ405,,,,,,,,,,,
,XYZ409,UE10508,handover,SUCCESS,SUCCESS,,-95,-5,,,XYZ409,,,,,,,,,,,
,XYZ406,UE10152,handover,SUCCESS,SUCCESS,,-98,5,,,XYZ406,,,,,,,,,,,
,XYZ401,UE10513,handover,SUCCESS,SUCCESS,,-119,15,,,XYZ401,,,,,,,,,,,
,XYZ406,UE10502,handover,PING_PONG,FAIL,,-96,-6,,,XYZ406,,,,,,,,,,,
,XYZ406,UE10853,handover,SUCCESS,SUCCESS,,-83,-2,,,XYZ406,,,,,,,,,,,
,XYZ406,UE10900,handover,SUCCESS,SUCCESS,,-119,3,,,XYZ406,,,,,,,,,,,
,XYZ408,UE10771,handover,TOO_EARLY_HO,FAIL,,-90,19,,,XYZ408,,,,,,,,,,,
,XYZ406,UE10675,handover,SUCCESS,SUCCESS,,-97,15,,,XYZ406,,,,,,,,,,,
,XYZ405,UE10005,handover,SUCCESS,SUCCESS,,-102,18,,,XYZ405,,,,,,,,,,,
,XYZ402,UE10499,handover,SUCCESS,SUCCESS,,-87,8,,,XYZ402,,,,,,,,,,,
,XYZ404,UE10660,handover,SUCCESS,SUCCESS,,-122,-3,,,XYZ404,,,,,,,,,,,
,XYZ410,UE10716,handover,TOO_LATE_HO,FAIL,,-97,12,,,XYZ410,,,,,,,,,,,
,XYZ405,UE10117,handover,TOO_EARLY_HO,FAIL,,-82,24,,,XYZ405,,,,,,,,,,,
,XYZ410,UE10484,handover,SUCCESS,SUCCESS,,-121,20,,,XYZ410,,,,,,,,,,,
,XYZ404,UE10600,handover,PING_PONG,FAIL,,-97,24,,,XYZ404,,,,,,,,,,,
,XYZ402,UE10665,handover,SUCCESS,SUCCESS,,-96,21,,,XYZ402,,,,,,,,,,,
,XYZ407,UE10950,handover,TOO_LATE_HO,FAIL,,-97,-6,,,XYZ407,,,,,,,,,,,
,XYZ410,UE10678,handover,PING_PONG,FAIL,,-100,5,,,XYZ410,,,,,,,,,,,
,XYZ410,UE10467,handover,N2_FAILURE,FAIL,,-107,6,,,XYZ410,,,,,,,,,,,
,XYZ402,UE10160,handover,SUCCESS,SUCCESS,,-100,21,,,XYZ402,,,,,,,,,,,
,XYZ401,UE10269,handover,TOO_EARLY_HO,FAIL,,-89,21,,,XYZ401,,,,,,,,,,,
,XYZ405,UE10055,handover,SUCCESS,SUCCESS,,-99,9,,,XYZ405,,,,,,,,,,,
,XYZ401,UE10227,handover,TOO_LATE_HO,FAIL,,-96,-9,,,XYZ401,,,,,,,,,,,
,XYZ401,UE10848,handover,SUCCESS,SUCCESS,,-96,9,,,XYZ401,,,,,,,,,,,
,XYZ401,UE10148,handover,SUCCESS,SUCCESS,,-123,7,,,XYZ401,,,,,,,,,,,
,XYZ406,UE10045,handover,SUCCESS,SUCCESS,,-83,-10,,,XYZ406,,,,,,,,,,,
,XYZ409,UE10143,handover,SUCCESS,SUCCESS,,-119,18,,,XYZ409,,,,,,,,,,,
,XYZ410,UE10749,handover,TOO_EARLY_HO,FAIL,,-77,18,,,XYZ410,,,,,,,,,,,
,XYZ401,UE10783,handover,SUCCESS,SUCCESS,,-117,8,,,XYZ401,,,,,,,,,,,
,XYZ405,UE10631,handover,SUCCESS,SUCCESS,,-85,-5,,,XYZ405,,,,,,,,,,,
,XYZ409,UE10339,handover,SUCCESS,SUCCESS,,-84,-3,,,XYZ409,,,,,,,,,,,
,XYZ409,UE10412,handover,TOO_LATE_HO,FAIL,,-113,13,,,XYZ409,,,,,,,,,,,
,XYZ401,UE10731,handover,SUCCESS,SUCCESS,,-111,9,,,XYZ401,,,,,,,,,,,
,XYZ408,UE10519,handover,SUCCESS,SUCCESS,,-121,3,,,XYZ408,,,,,,,,,,,
,XYZ401,UE10343,handover,SUCCESS,SUCCESS,,-97,-6,,,XYZ401,,,,,,,,,,,
,XYZ408,UE10386,handover,TOO_EARLY_HO,FAIL,,-91,23,,,XYZ408,,,,,,,,,,,
,XYZ401,UE10472,handover,SUCCESS,SUCCESS,,-99,5,,,XYZ401,,,,,,,,,,,
,XYZ405,UE10274,handover,PING_PONG,FAIL,,-99,-4,,,XYZ405,,,,,,,,,,,
,XYZ408,UE10352,handover,SUCCESS,SUCCESS,,-118,5,,,XYZ408,,,,,,,,,,,
,XYZ406,UE10065,handover,SUCCESS,SUCCESS,,-94,-4,,,XYZ406,,,,,,,,,,,
,XYZ409,UE10078,handover,SUCCESS,SUCCESS,,-106,16,,,XYZ409,,,,,,,,,,,
,XYZ401,UE10597,handover,SUCCESS,SUCCESS,,-116,3,,,XYZ401,,,,,,,,,,,
,XYZ409,UE10635,handover,SUCCESS,SUCCESS,,-113,3,,,XYZ409,,,,,,,,,,,
,XYZ401,UE10201,handover,SUCCESS,SUCCESS,,-97,22,,,XYZ401,,,,,,,,,,,
,XYZ410,UE10977,handover,TOO_EARLY_HO,FAIL,,-91,22,,,XYZ410,,,,,,,,,,,
,XYZ410,UE10661,handover,SUCCESS,SUCCESS,,-118,9,,,XYZ410,,,,,,,,,,,
,XYZ403,UE10557,handover,SUCCESS,SUCCESS,,-97,-4,,,XYZ403,,,,,,,,,,,
,XYZ401,UE10112,handover,SUCCESS,SUCCESS,,-95,21,,,XYZ401,,,,,,,,,,,
,XYZ403,UE10090,handover,SUCCESS,SUCCESS,,-85,-8,,,XYZ403,,,,,,,,,,,
,XYZ402,UE10140,handover,SUCCESS,SUCCESS,,-96,18,,,XYZ402,,,,,,,,,,,
,XYZ402,UE10288,handover,PING_PONG,FAIL,,-104,13,,,XYZ402,,,,,,,,,,,
,XYZ409,UE10900,handover,SUCCESS,SUCCESS,,-105,11,,,XYZ409,,,,,,,,,,,
,XYZ408,UE10729,handover,SUCCESS,SUCCESS,,-114,-5,,,XYZ408,,,,,,,,,,,
,XYZ401,UE10588,handover,PING_PONG,FAIL,,-115,13,,,XYZ401,,,,,,,,,,,
,XYZ404,UE10410,handover,SUCCESS,SUCCESS,,-124,12,,,XYZ404,,,,,,,,,,,
,XYZ401,UE10376,handover,SUCCESS,SUCCESS,,-76,-1,,,XYZ401,,,,,,,,,,,
,XYZ401,UE10383,handover,SUCCESS,SUCCESS,,-85,5,,,XYZ401,,,,,,,,,,,
,XYZ404,UE10845,handover,SUCCESS,SUCCESS,,-124,0,,,XYZ404,,,,,,,,,,,
,XYZ402,UE10151,handover,TOO_EARLY_HO,FAIL,,-92,21,,,XYZ402,,,,,,,,,,,
,XYZ403,UE10834,handover,SUCCESS,SUCCESS,,-123,-5,,,XYZ403,,,,,,,,,,,
,XYZ409,UE10750,handover,SUCCESS,SUCCESS,,-110,13,,,XYZ409,,,,,,,,,,,
,XYZ402,UE10626,handover,SUCCESS,SUCCESS,,-122,22,,,XYZ402,,,,,,,,,,,
,XYZ404,UE10318,handover,TOO_LATE_HO,FAIL,,-103,1,,,XYZ404,,,,,,,,,,,
,XYZ401,UE10368,handover,TOO_EARLY_HO,FAIL,,-76,16,,,XYZ401,,,,,,,,,,,
,XYZ402,UE10605,handover,SUCCESS,SUCCESS,,-106,7,,,XYZ402,,,,,,,,,,,
,XYZ405,UE10994,handover,PREP_FAILURE,FAIL,,-101,2,,,XYZ405,,,,,,,,,,,
,XYZ410,UE10559,handover,SUCCESS,SUCCESS,,-96,19,,,XYZ410,,,,,,,,,,,
,XYZ401,UE10702,handover,SUCCESS,SUCCESS,,-108,2,,,XYZ401,,,,,,,,,,,
,XYZ407,UE10461,handover,TOO_LATE_HO,FAIL,,-84,23,,,XYZ407,,,,,,,,,,,
,XYZ404,UE10011,handover,SUCCESS,SUCCESS,,-115,19,,,XYZ404,,,,,,,,,,,
,XYZ406,UE10155,handover,SUCCESS,SUCCESS,,-97,14,,,XYZ406,,,,,,,,,,,
,XYZ408,UE10683,handover,SUCCESS,SUCCESS,,-109,-9,,,XYZ408,,,,,,,,,,,
,XYZ406,UE10476,handover,SUCCESS,SUCCESS,,-100,7,,,XYZ406,,,,,,,,,,,
,XYZ402,UE10938,handover,SUCCESS,SUCCESS,,-103,-6,,,XYZ402,,,,,,,,,,,
,XYZ401,UE10400,handover,SUCCESS,SUCCESS,,-78,8,,,XYZ401,,,,,,,,,,,
,XYZ408,UE10807,handover,SUCCESS,SUCCESS,,-106,7,,,XYZ408,,,,,,,,,,,
,XYZ408,UE10176,handover,TOO_EARLY_HO,FAIL,,-81,21,,,XYZ408,,,,,,,,,,,
,XYZ409,UE10340,handover,SUCCESS,SUCCESS,,-124,10,,,XYZ409,,,,,,,,,,,
,XYZ406,UE10056,handover,SUCCESS,SUCCESS,,-102,-1,,,XYZ406,,,,,,,,,,,
,XYZ401,UE10854,handover,SUCCESS,SUCCESS,,-95,11,,,XYZ401,,,,,,,,,,,
,XYZ409,UE10851,handover,SUCCESS,SUCCESS,,-99,2,,,XYZ409,,,,,,,,,,,
,XYZ403,UE10447,handover,SUCCESS,SUCCESS,,-124,6,,,XYZ403,,,,,,,,,,,
,XYZ406,UE10202,handover,SUCCESS,SUCCESS,,-112,-2,,,XYZ406,,,,,,,,,,,
,XYZ410,UE10696,handover,SUCCESS,SUCCESS,,-122,13,,,XYZ410,,,,,,,,,,,
,XYZ410,UE10632,handover,SUCCESS,SUCCESS,,-77,3,,,XYZ410,,,,,,,,,,,
,XYZ409,UE10737,handover,N2_FAILURE,FAIL,,-113,-3,,,XYZ409,,,,,,,,,,,
,XYZ403,UE10201,handover,SUCCESS,SUCCESS,,-90,8,,,XYZ403,,,,,,,,,,,
,XYZ405,UE10329,handover,TOO_LATE_HO,FAIL,,-91,17,,,XYZ405,,,,,,,,,,,
,XYZ405,UE10362,handover,TOO_EARLY_HO,FAIL,,-82,19,,,XYZ405,,,,,,,,,,,
,XYZ410,UE10891,handover,SUCCESS,SUCCESS,,-118,-4,,,XYZ410,,,,,,,,,,,
,XYZ407,UE10453,handover,N2_FAILURE,FAIL,,-124,15,,,XYZ407,,,,,,,,,,,
,XYZ404,UE10355,handover,SUCCESS,SUCCESS,,-120,0,,,XYZ404,,,,,,,,,,,
,XYZ404,UE10215,handover,SUCCESS,SUCCESS,,-95,3,,,XYZ404,,,,,,,,,,,
,XYZ407,UE10971,handover,PREP_FAILURE,FAIL,,-116,10,,,XYZ407,,,,,,,,,,,
,XYZ409,UE10554,handover,N2_FAILURE,FAIL,,-82,-3,,,XYZ409,,,,,,,,,,,
,XYZ404,UE10886,handover,TOO_LATE_HO,FAIL,,-105,-8,,,XYZ404,,,,,,,,,,,
,XYZ404,UE10022,handover,TOO_EARLY_HO,FAIL,,-84,17,,,XYZ404,,,,,,,,,,,
,XYZ406,UE10154,handover,SUCCESS,SUCCESS,,-116,18,,,XYZ406,,,,,,,,,,,
,XYZ406,UE10185,handover,SUCCESS,SUCCESS,,-103,12,,,XYZ406,,,,,,,,,,,
,XYZ407,UE10248,handover,SUCCESS,SUCCESS,,-123,7,,,XYZ407,,,,,,,,,,,
,XYZ401,UE10748,handover,PREP_FAILURE,FAIL,,-94,24,,,XYZ401,,,,,,,,,,,
,XYZ403,UE10804,handover,SUCCESS,SUCCESS,,-106,2,,,XYZ403,,,,,,,,,,,
,XYZ409,UE10133,handover,SUCCESS,SUCCESS,,-116,1,,,XYZ409,,,,,,,,,,,
,XYZ406,UE10320,handover,SUCCESS,SUCCESS,,-97,-6,,,XYZ406,,,,,,,,,,,
,XYZ406,UE10389,handover,SUCCESS,SUCCESS,,-85,0,,,XYZ406,,,,,,,,,,,
,XYZ405,UE10433,handover,TOO_LATE_HO,FAIL,,-80,0,,,XYZ405,,,,,,,,,,,
,XYZ403,UE10021,handover,TOO_EARLY_HO,FAIL,,-92,20,,,XYZ403,,,,,,,,,,,
,XYZ405,UE10872,handover,TOO_EARLY_HO,FAIL,,-89,20,,,XYZ405,,,,,,,,,,,
,XYZ401,UE10599,handover,N2_FAILURE,FAIL,,-106,2,,,XYZ401,,,,,,,,,,,
,XYZ403,UE10664,handover,SUCCESS,SUCCESS,,-118,3,,,XYZ403,,,,,,,,,,,
,XYZ404,UE10124,handover,SUCCESS,SUCCESS,,-119,14,,,XYZ404,,,,,,,,,,,
,XYZ405,UE10078,handover,SUCCESS,SUCCESS,,-120,22,,,XYZ405,,,,,,,,,,,
,XYZ410,UE10857,handover,SUCCESS,SUCCESS,,-115,22,,,XYZ410,,,,,,,,,,,
,XYZ409,UE10967,handover,SUCCESS,SUCCESS,,-82,4,,,XYZ409,,,,,,,,,,,
,XYZ404,UE10050,handover,PREP_FAILURE,FAIL,,-108,5,,,XYZ404,,,,,,,,,,,
,XYZ403,UE10727,handover,SUCCESS,SUCCESS,,-84,-5,,,XYZ403,,,,,,,,,,,
,XYZ410,UE10175,handover,PING_PONG,FAIL,,-97,14,,,XYZ410,,,,,,,,,,,
,XYZ401,UE10869,handover,PREP_FAILURE,FAIL,,-101,4,,,XYZ401,,,,,,,,,,,
,XYZ410,UE10252,handover,SUCCESS,SUCCESS,,-105,-7,,,XYZ410,,,,,,,,,,,
,XYZ406,UE10965,handover,SUCCESS,SUCCESS,,-80,-7,,,XYZ406,,,,,,,,,,,
,XYZ407,UE10245,handover,SUCCESS,SUCCESS,,-123,19,,,XYZ407,,,,,,,,,,,
,XYZ410,UE10738,handover,SUCCESS,SUCCESS,,-108,23,,,XYZ410,,,,,,,,,,,
,XYZ408,UE10105,handover,PING_PONG,FAIL,,-102,16,,,XYZ408,,,,,,,,,,,
,XYZ401,UE10192,handover,TOO_EARLY_HO,FAIL,,-79,20,,,XYZ401,,,,,,,,,,,
,XYZ404,UE10315,handover,TOO_EARLY_HO,FAIL,,-88,21,,,XYZ404,,,,,,,,,,,
,XYZ405,UE10301,handover,SUCCESS,SUCCESS,,-116,-2,,,XYZ405,,,,,,,,,,,
,XYZ402,UE10547,handover,SUCCESS,SUCCESS,,-99,-3,,,XYZ402,,,,,,,,,,,
,XYZ401,UE10953,handover,SUCCESS,SUCCESS,,-114,3,,,XYZ401,,,,,,,,,,,
,XYZ408,UE10715,handover,SUCCESS,SUCCESS,,-119,22,,,XYZ408,,,,,,,,,,,
,XYZ406,UE10933,handover,SUCCESS,SUCCESS,,-109,12,,,XYZ406,,,,,,,,,,,
,XYZ405,UE10778,handover,SUCCESS,SUCCESS,,-125,10,,,XYZ405,,,,,,,,,,,
,XYZ409,UE10267,handover,SUCCESS,SUCCESS,,-76,1,,,XYZ409,,,,,,,,,,,
,XYZ402,UE10169,handover,SUCCESS,SUCCESS,,-100,-9,,,XYZ402,,,,,,,,,,,
,XYZ410,UE10550,handover,SUCCESS,SUCCESS,,-111,2,,,XYZ410,,,,,,,,,,,
,XYZ408,UE10454,handover,SUCCESS,SUCCESS,,-93,-7,,,XYZ408,,,,,,,,,,,
,XYZ410,UE10650,handover,SUCCESS,SUCCESS,,-89,9,,,XYZ410,,,,,,,,,,,
,XYZ409,UE10291,handover,SUCCESS,SUCCESS,,-79,3,,,XYZ409,,,,,,,,,,,
,XYZ401,UE10563,handover,PING_PONG,FAIL,,-95,19,,,XYZ401,,,,,,,,,,,
,XYZ407,UE10798,handover,TOO_EARLY_HO,FAIL,,-91,18,,,XYZ407,,,,,,,,,,,
,XYZ408,UE10800,handover,SUCCESS,SUCCESS,,-125,-3,,,XYZ408,,,,,,,,,,,
,XYZ403,UE10140,handover,N2_FAILURE,FAIL,,-118,1,,,XYZ403,,,,,,,,,,,
,XYZ404,UE10145,handover,PREP_FAILURE,FAIL,,-114,15,,,XYZ404,,,,,,,,,,,
,XYZ403,UE10424,handover,SUCCESS,SUCCESS,,-107,-9,,,XYZ403,,,,,,,,,,,
,XYZ407,UE10313,handover,SUCCESS,SUCCESS,,-101,3,,,XYZ407,,,,,,,,,,,
,XYZ409,UE10183,handover,SUCCESS,SUCCESS,,-94,-5,,,XYZ409,,,,,,,,,,,
,XYZ403,UE10663,handover,SUCCESS,SUCCESS,,-114,20,,,XYZ403,,,,,,,,,,,
,XYZ406,UE10712,handover,PREP_FAILURE,FAIL,,-113,6,,,XYZ406,,,,,,,,,,,
,XYZ408,UE10127,handover,SUCCESS,SUCCESS,,-98,14,,,XYZ408,,,,,,,,,,,
,XYZ406,UE10286,handover,SUCCESS,SUCCESS,,-125,21,,,XYZ406,,,,,,,,,,,
,XYZ402,UE10822,handover,SUCCESS,SUCCESS,,-120,1,,,XYZ402,,,,,,,,,,,
,XYZ407,UE10252,handover,SUCCESS,SUCCESS,,-118,2,,,XYZ407,,,,,,,,,,,
,XYZ402,UE10777,handover,SUCCESS,SUCCESS,,-122,8,,,XYZ402,,,,,,,,,,,
,XYZ402,UE10699,handover,PREP_FAILURE,FAIL,,-121,14,,,XYZ402,,,,,,,,,,,
,XYZ402,UE10385,handover,SUCCESS,SUCCESS,,-101,20,,,XYZ402,,,,,,,,,,,
,XYZ401,UE10229,handover,SUCCESS,SUCCESS,,-104,14,,,XYZ401,,,,,,,,,,,
,XYZ401,UE10270,handover,SUCCESS,SUCCESS,,-98,5,,,XYZ401,,,,,,,,,,,
,XYZ407,UE10770,handover,SUCCESS,SUCCESS,,-87,12,,,XYZ407,,,,,,,,,,,
,XYZ405,UE10810,handover,SUCCESS,SUCCESS,,-103,3,,,XYZ405,,,,,,,,,,,
,XYZ403,UE10414,handover,PING_PONG,FAIL,,-122,-5,,,XYZ403,,,,,,,,,,,
,XYZ401,UE10197,handover,SUCCESS,SUCCESS,,-122,14,,,XYZ401,,,,,,,,,,,
,XYZ410,UE10322,handover,PREP_FAILURE,FAIL,,-79,12,,,XYZ410,,,,,,,,,,,
,XYZ406,UE10055,handover,SUCCESS,SUCCESS,,-105,1,,,XYZ406,,,,,,,,,,,
,XYZ401,UE10830,handover,SUCCESS,SUCCESS,,-89,2,,,XYZ401,,,,,,,,,,,
,XYZ409,UE10202,handover,TOO_EARLY_HO,FAIL,,-85,23,,,XYZ409,,,,,,,,,,,
,XYZ402,UE10782,handover,SUCCESS,SUCCESS,,-124,-5,,,XYZ402,,,,,,,,,,,
,XYZ401,UE10620,handover,PING_PONG,FAIL,,-119,-3,,,XYZ401,,,,,,,,,,,
,XYZ407,UE10627,handover,SUCCESS,SUCCESS,,-77,-3,,,XYZ407,,,,,,,,,,,
,XYZ406,UE10603,handover,SUCCESS,SUCCESS,,-110,22,,,XYZ406,,,,,,,,,,,
,XYZ406,UE10137,handover,SUCCESS,SUCCESS,,-109,23,,,XYZ406,,,,,,,,,,,
,XYZ405,UE10421,handover,PING_PONG,FAIL,,-106,4,,,XYZ405,,,,,,,,,,,
,XYZ404,UE10814,handover,SUCCESS,SUCCESS,,-103,24,,,XYZ404,,,,,,,,,,,
,XYZ404,UE10056,handover,SUCCESS,SUCCESS,,-92,11,,,XYZ404,,,,,,,,,,,
,XYZ403,UE10561,handover,SUCCESS,SUCCESS,,-115,12,,,XYZ403,,,,,,,,,,,
,XYZ410,UE10070,handover,SUCCESS,SUCCESS,,-92,11,,,XYZ410,,,,,,,,,,,
,XYZ408,UE10910,handover,SUCCESS,SUCCESS,,-93,-6,,,XYZ408,,,,,,,,,,,
,XYZ407,UE10913,handover,N2_FAILURE,FAIL,,-100,20,,,XYZ407,,,,,,,,,,,
,XYZ409,UE10593,handover,SUCCESS,SUCCESS,,-124,2,,,XYZ409,,,,,,,,,,,
,XYZ401,UE10371,handover,SUCCESS,SUCCESS,,-103,17,,,XYZ401,,,,,,,,,,,
,XYZ407,UE10616,handover,SUCCESS,SUCCESS,,-85,9,,,XYZ407,,,,,,,,,,,
,XYZ410,UE10599,handover,SUCCESS,SUCCESS,,-104,22,,,XYZ410,,,,,,,,,,,
,XYZ404,UE10513,handover,SUCCESS,SUCCESS,,-92,5,,,XYZ404,,,,,,,,,,,
,XYZ407,UE10871,handover,TOO_LATE_HO,FAIL,,-111,18,,,XYZ407,,,,,,,,,,,
,XYZ401,UE10083,handover,PREP_FAILURE,FAIL,,-116,12,,,XYZ401,,,,,,,,,,,
,XYZ405,UE10993,handover,N2_FAILURE,FAIL,,-111,13,,,XYZ405,,,,,,,,,,,
,XYZ403,UE10042,handover,PREP_FAILURE,FAIL,,-84,23,,,XYZ403,,,,,,,,,,,
,XYZ405,UE10665,handover,SUCCESS,SUCCESS,,-97,-4,,,XYZ405,,,,,,,,,,,
,XYZ404,UE10838,handover,SUCCESS,SUCCESS,,-103,-7,,,XYZ404,,,,,,,,,,,
,XYZ402,UE10933,handover,SUCCESS,SUCCESS,,-109,23,,,XYZ402,,,,,,,,,,,
,XYZ404,UE10605,handover,SUCCESS,SUCCESS,,-117,11,,,XYZ404,,,,,,,,,,,
,XYZ403,UE10809,handover,SUCCESS,SUCCESS,,-76,-6,,,XYZ403,,,,,,,,,,,
,XYZ401,UE10132,handover,SUCCESS,SUCCESS,,-90,12,,,XYZ401,,,,,,,,,,,
,XYZ410,UE10394,handover,SUCCESS,SUCCESS,,-117,4,,,XYZ410,,,,,,,,,,,
,XYZ408,UE10064,handover,N2_FAILURE,FAIL,,-110,20,,,XYZ408,,,,,,,,,,,
,XYZ405,UE10289,handover,SUCCESS,SUCCESS,,-90,-2,,,XYZ405,,,,,,,,,,,
,XYZ404,UE10375,handover,PING_PONG,FAIL,,-78,14,,,XYZ404,,,,,,,,,,,
,XYZ410,UE10768,handover,TOO_EARLY_HO,FAIL,,-93,14,,,XYZ410,,,,,,,,,,,
,XYZ405,UE10466,handover,SUCCESS,SUCCESS,,-95,10,,,XYZ405,,,,,,,,,,,
,XYZ404,UE10897,handover,SUCCESS,SUCCESS,,-120,-2,,,XYZ404,,,,,,,,,,,
,XYZ403,UE10212,handover,SUCCESS,SUCCESS,,-116,11,,,XYZ403,,,,,,,,,,,
,XYZ405,UE10147,handover,SUCCESS,SUCCESS,,-110,12,,,XYZ405,,,,,,,,,,,
,XYZ404,UE10572,handover,SUCCESS,SUCCESS,,-122,-7,,,XYZ404,,,,,,,,,,,
,XYZ401,UE10470,handover,SUCCESS,SUCCESS,,-104,18,,,XYZ401,,,,,,,,,,,
,XYZ403,UE10148,handover,SUCCESS,SUCCESS,,-113,4,,,XYZ403,,,,,,,,,,,
,XYZ410,UE10087,handover,SUCCESS,SUCCESS,,-110,-10,,,XYZ410,,,,,,,,,,,
,XYZ410,UE10323,handover,SUCCESS,SUCCESS,,-97,19,,,XYZ410,,,,,,,,,,,
,XYZ408,UE10894,handover,SUCCESS,SUCCESS,,-120,18,,,XYZ408,,,,,,,,,,,
,XYZ407,UE10395,handover,SUCCESS,SUCCESS,,-100,9,,,XYZ407,,,,,,,,,,,
,XYZ402,UE10789,handover,SUCCESS,SUCCESS,,-115,22,,,XYZ402,,,,,,,,,,,
,XYZ401,UE10403,handover,SUCCESS,SUCCESS,,-102,11,,,XYZ401,,,,,,,,,,,
,XYZ403,UE10081,handover,SUCCESS,SUCCESS,,-97,2,,,XYZ403,,,,,,,,,,,
,XYZ405,UE10640,handover,SUCCESS,SUCCESS,,-123,-4,,,XYZ405,,,,,,,,,,,
,XYZ410,UE10285,handover,SUCCESS,SUCCESS,,-116,-3,,,XYZ410,,,,,,,,,,,
,XYZ401,UE10381,handover,SUCCESS,SUCCESS,,-125,17,,,XYZ401,,,,,,,,,,,
,XYZ403,UE10864,handover,SUCCESS,SUCCESS,,-83,-2,,,XYZ403,,,,,,,,,,,
,XYZ403,UE10791,handover,SUCCESS,SUCCESS,,-100,14,,,XYZ403,,,,,,,,,,,
,XYZ405,UE10269,handover,SUCCESS,SUCCESS,,-114,5,,,XYZ405,,,,,,,,,,,
,XYZ403,UE10291,handover,SUCCESS,SUCCESS,,-112,-1,,,XYZ403,,,,,,,,,,,
,XYZ409,UE10452,handover,SUCCESS,SUCCESS,,-101,0,,,XYZ409,,,,,,,,,,,
,XYZ401,UE10714,handover,SUCCESS,SUCCESS,,-118,20,,,XYZ401,,,,,,,,,,,
,XYZ404,UE10023,handover,SUCCESS,SUCCESS,,-83,1,,,XYZ404,,,,,,,,,,,
,XYZ410,UE10955,handover,SUCCESS,SUCCESS,,-122,20,,,XYZ410,,,,,,,,,,,
,XYZ410,UE10862,handover,SUCCESS,SUCCESS,,-98,3,,,XYZ410,,,,,,,,,,,
,XYZ404,UE10310,handover,SUCCESS,SUCCESS,,-119,21,,,XYZ404,,,,,,,,,,,
,XYZ401,UE10460,handover,SUCCESS,SUCCESS,,-116,6,,,XYZ401,,,,,,,,,,,
,XYZ402,UE10207,handover,TOO_EARLY_HO,FAIL,,-90,24,,,XYZ402,,,,,,,,,,,
,XYZ401,UE10791,handover,TOO_LATE_HO,FAIL,,-124,-10,,,XYZ401,,,,,,,,,,,
,XYZ406,UE10716,handover,TOO_LATE_HO,FAIL,,-100,18,,,XYZ406,,,,,,,,,,,
,XYZ403,UE10663,handover,SUCCESS,SUCCESS,,-76,-7,,,XYZ403,,,,,,,,,,,
,XYZ407,UE10437,handover,SUCCESS,SUCCESS,,-112,12,,,XYZ407,,,,,,,,,,,
,XYZ405,UE10537,handover,SUCCESS,SUCCESS,,-110,17,,,XYZ405,,,,,,,,,,,
,XYZ409,UE10705,handover,SUCCESS,SUCCESS,,-83,5,,,XYZ409,,,,,,,,,,,
,XYZ407,UE10335,handover,PREP_FAILURE,FAIL,,-84,1,,,XYZ407,,,,,,,,,,,
,XYZ404,UE10421,handover,TOO_LATE_HO,FAIL,,-109,10,,,XYZ404,,,,,,,,,,,
,XYZ405,UE10749,handover,SUCCESS,SUCCESS,,-80,6,,,XYZ405,,,,,,,,,,,
,XYZ405,UE10320,handover,SUCCESS,SUCCESS,,-104,2,,,XYZ405,,,,,,,,,,,
,XYZ405,UE10496,handover,SUCCESS,SUCCESS,,-122,21,,,XYZ405,,,,,,,,,,,
,XYZ410,UE10586,handover,SUCCESS,SUCCESS,,-107,4,,,XYZ410,,,,,,,,,,,
,XYZ409,UE10946,handover,PING_PONG,FAIL,,-124,1,,,XYZ409,,,,,,,,,,,
,XYZ410,UE10162,handover,N2_FAILURE,FAIL,,-87,4,,,XYZ410,,,,,,,,,,,
,XYZ403,UE10810,handover,SUCCESS,SUCCESS,,-117,23,,,XYZ403,,,,,,,,,,,
,XYZ406,UE10540,handover,SUCCESS,SUCCESS,,-107,-5,,,XYZ406,,,,,,,,,,,
,XYZ408,UE10164,handover,SUCCESS,SUCCESS,,-110,6,,,XYZ408,,,,,,,,,,,
,XYZ409,UE10848,handover,SUCCESS,SUCCESS,,-101,9,,,XYZ409,,,,,,,,,,,
,XYZ407,UE10697,handover,PREP_FAILURE,FAIL,,-78,-2,,,XYZ407,,,,,,,,,,,
,XYZ403,UE10565,handover,SUCCESS,SUCCESS,,-108,-6,,,XYZ403,,,,,,,,,,,
,XYZ401,UE10294,handover,SUCCESS,SUCCESS,,-103,12,,,XYZ401,,,,,,,,,,,
,XYZ404,UE10041,handover,SUCCESS,SUCCESS,,-105,22,,,XYZ404,,,,,,,,,,,
,XYZ406,UE10923,handover,PREP_FAILURE,FAIL,,-115,3,,,XYZ406,,,,,,,,,,,
,XYZ403,UE10284,handover,SUCCESS,SUCCESS,,-87,6,,,XYZ403,,,,,,,,,,,
,XYZ401,UE10938,handover,N2_FAILURE,FAIL,,-85,8,,,XYZ401,,,,,,,,,,,
,XYZ406,UE10386,handover,N2_FAILURE,FAIL,,-122,22,,,XYZ406,,,,,,,,,,,
,XYZ401,UE10137,handover,PING_PONG,FAIL,,-101,-10,,,XYZ401,,,,,,,,,,,
,XYZ409,UE10186,handover,SUCCESS,SUCCESS,,-94,2,,,XYZ409,,,,,,,,,,,
,XYZ401,UE10909,handover,SUCCESS,SUCCESS,,-96,16,,,XYZ401,,,,,,,,,,,
,XYZ406,UE10715,handover,SUCCESS,SUCCESS,,-81,-5,,,XYZ406,,,,,,,,,,,
,XYZ401,UE10430,handover,SUCCESS,SUCCESS,,-100,-5,,,XYZ401,,,,,,,,,,,
,XYZ407,UE10553,handover,TOO_EARLY_HO,FAIL,,-90,22,,,XYZ407,,,,,,,,,,,
,XYZ403,UE10861,handover,TOO_EARLY_HO,FAIL,,-92,19,,,XYZ403,,,,,,,,,,,
,XYZ406,UE10415,handover,SUCCESS,SUCCESS,,-117,24,,,XYZ406,,,,,,,,,,,
,XYZ407,UE10799,handover,N2_FAILURE,FAIL,,-114,12,,,XYZ407,,,,,,,,,,,
,XYZ401,UE10425,handover,SUCCESS,SUCCESS,,-124,-1,,,XYZ401,,,,,,,,,,,
,XYZ401,UE10415,handover,SUCCESS,SUCCESS,,-88,8,,,XYZ401,,,,,,,,,,,
,XYZ405,UE10025,handover,SUCCESS,SUCCESS,,-121,17,,,XYZ405,,,,,,,,,,,
,XYZ406,UE10370,handover,SUCCESS,SUCCESS,,-121,12,,,XYZ406,,,,,,,,,,,
,XYZ409,UE10384,handover,N2_FAILURE,FAIL,,-104,-7,,,XYZ409,,,,,,,,,,,
,XYZ401,UE10055,handover,SUCCESS,SUCCESS,,-121,9,,,XYZ401,,,,,,,,,,,
,XYZ404,UE10252,handover,PING_PONG,FAIL,,-122,8,,,XYZ404,,,,,,,,,,,
,XYZ410,UE10633,handover,SUCCESS,SUCCESS,,-117,16,,,XYZ410,,,,,,,,,,,
,XYZ408,UE10105,handover,SUCCESS,SUCCESS,,-97,23,,,XYZ408,,,,,,,,,,,
,XYZ410,UE10129,handover,SUCCESS,SUCCESS,,-104,-7,,,XYZ410,,,,,,,,,,,
,XYZ409,UE10848,handover,SUCCESS,SUCCESS,,-99,-4,,,XYZ409,,,,,,,,,,,
,XYZ403,UE10669,handover,SUCCESS,SUCCESS,,-116,-4,,,XYZ403,,,,,,,,,,,
,XYZ402,UE10375,handover,SUCCESS,SUCCESS,,-110,15,,,XYZ402,,,,,,,,,,,
,XYZ404,UE10742,handover,TOO_EARLY_HO,FAIL,,-84,15,,,XYZ404,,,,,,,,,,,
,XYZ402,UE10966,handover,SUCCESS,SUCCESS,,-84,8,,,XYZ402,,,,,,,,,,,
,XYZ401,UE10307,handover,SUCCESS,SUCCESS,,-116,-2,,,XYZ401,,,,,,,,,,,
,XYZ403,UE10090,handover,PING_PONG,FAIL,,-120,9,,,XYZ403,,,,,,,,,,,
,XYZ407,UE10392,handover,SUCCESS,SUCCESS,,-77,5,,,XYZ407,,,,,,,,,,,
,XYZ401,UE10533,handover,SUCCESS,SUCCESS,,-121,6,,,XYZ401,,,,,,,,,,,
,XYZ402,UE10801,handover,SUCCESS,SUCCESS,,-120,11,,,XYZ402,,,,,,,,,,,
,XYZ401,UE10109,handover,PING_PONG,FAIL,,-79,2,,,XYZ401,,,,,,,,,,,
,XYZ408,UE10560,handover,N2_FAILURE,FAIL,,-101,1,,,XYZ408,,,,,,,,,,,
,XYZ405,UE10640,handover,SUCCESS,SUCCESS,,-76,-1,,,XYZ405,,,,,,,,,,,
,XYZ408,UE10584,handover,SUCCESS,SUCCESS,,-122,-10,,,XYZ408,,,,,,,,,,,
,XYZ403,UE10339,handover,TOO_EARLY_HO,FAIL,,-86,21,,,XYZ403,,,,,,,,,,,
,XYZ407,UE10564,handover,TOO_LATE_HO,FAIL,,-78,19,,,XYZ407,,,,,,,,,,,
,XYZ408,UE10978,handover,N2_FAILURE,FAIL,,-94,-3,,,XYZ408,,,,,,,,,,,
,XYZ406,UE10355,handover,N2_FAILURE,FAIL,,-91,10,,,XYZ406,,,,,,,,,,,
,XYZ407,UE10891,handover,SUCCESS,SUCCESS,,-116,11,,,XYZ407,,,,,,,,,,,
,XYZ402,UE10167,handover,SUCCESS,SUCCESS,,-92,7,,,XYZ402,,,,,,,,,,,
,XYZ408,UE10556,handover,N2_FAILURE,FAIL,,-90,-9,,,XYZ408,,,,,,,,,,,
,XYZ405,UE10451,handover,SUCCESS,SUCCESS,,-120,-2,,,XYZ405,,,,,,,,,,,
,XYZ407,UE10904,handover,SUCCESS,SUCCESS,,-83,-8,,,XYZ407,,,,,,,,,,,
,XYZ401,UE10104,handover,TOO_EARLY_HO,FAIL,,-80,15,,,XYZ401,,,,,,,,,,,
,XYZ405,UE10149,handover,PING_PONG,FAIL,,-110,10,,,XYZ405,,,,,,,,,,,
,XYZ401,UE10145,handover,SUCCESS,SUCCESS,,-107,19,,,XYZ401,,,,,,,,,,,
,XYZ408,UE10715,handover,TOO_EARLY_HO,FAIL,,-92,17,,,XYZ408,,,,,,,,,,,
,XYZ404,UE10873,handover,SUCCESS,SUCCESS,,-101,15,,,XYZ404,,,,,,,,,,,
,XYZ404,UE10298,handover,SUCCESS,SUCCESS,,-95,23,,,XYZ404,,,,,,,,,,,
,XYZ402,UE10166,handover,SUCCESS,SUCCESS,,-77,-3,,,XYZ402,,,,,,,,,,,
,XYZ405,UE10712,handover,SUCCESS,SUCCESS,,-85,-1,,,XYZ405,,,,,,,,,,,
,XYZ401,UE10645,handover,SUCCESS,SUCCESS,,-109,3,,,XYZ401,,,,,,,,,,,
,XYZ409,UE10722,handover,SUCCESS,SUCCESS,,-79,4,,,XYZ409,,,,,,,,,,,
,XYZ405,UE10047,handover,TOO_LATE_HO,FAIL,,-96,6,,,XYZ405,,,,,,,,,,,
,XYZ406,UE10637,handover,PREP_FAILURE,FAIL,,-87,7,,,XYZ406,,,,,,,,,,,
,XYZ402,UE10238,handover,SUCCESS,SUCCESS,,-95,21,,,XYZ402,,,,,,,,,,,
,XYZ410,UE10006,handover,PING_PONG,FAIL,,-107,12,,,XYZ410,,,,,,,,,,,
,XYZ410,UE10463,handover,SUCCESS,SUCCESS,,-91,12,,,XYZ410,,,,,,,,,,,
,XYZ401,UE10452,handover,SUCCESS,SUCCESS,,-97,24,,,XYZ401,,,,,,,,,,,
,XYZ404,UE10783,handover,SUCCESS,SUCCESS,,-125,4,,,XYZ404,,,,,,,,,,,
,XYZ407,UE10896,handover,SUCCESS,SUCCESS,,-122,13,,,XYZ407,,,,,,,,,,,
,XYZ406,UE10370,handover,SUCCESS,SUCCESS,,-98,17,,,XYZ406,,,,,,,,,,,
,XYZ410,UE10548,handover,SUCCESS,SUCCESS,,-108,5,,,XYZ410,,,,,,,,,,,
,XYZ401,UE10486,handover,SUCCESS,SUCCESS,,-100,5,,,XYZ401,,,,,,,,,,,
,XYZ401,UE10210,handover,SUCCESS,SUCCESS,,-86,-5,,,XYZ401,,,,,,,,,,,
,XYZ408,UE10164,handover,SUCCESS,SUCCESS,,-107,-9,,,XYZ408,,,,,,,,,,,
,XYZ404,UE10124,handover,SUCCESS,SUCCESS,,-120,2,,,XYZ404,,,,,,,,,,,
,XYZ405,UE10336,handover,SUCCESS,SUCCESS,,-125,-2,,,XYZ405,,,,,,,,,,,
,XYZ407,UE10191,handover,SUCCESS,SUCCESS,,-118,23,,,XYZ407,,,,,,,,,,,
,XYZ408,UE10729,handover,SUCCESS,SUCCESS,,-93,6,,,XYZ408,,,,,,,,,,,
,XYZ410,UE10213,handover,TOO_EARLY_HO,FAIL,,-83,16,,,XYZ410,,,,,,,,,,,
,XYZ407,UE10573,handover,SUCCESS,SUCCESS,,-105,18,,,XYZ407,,,,,,,,,,,
,XYZ402,UE10327,handover,SUCCESS,SUCCESS,,-102,11,,,XYZ402,,,,,,,,,,,
,XYZ404,UE10956,handover,N2_FAILURE,FAIL,,-101,13,,,XYZ404,,,,,,,,,,,
,XYZ410,UE10380,handover,PING_PONG,FAIL,,-79,-4,,,XYZ410,,,,,,,,,,,
,XYZ401,UE10672,handover,PREP_FAILURE,FAIL,,-83,23,,,XYZ401,,,,,,,,,,,
,XYZ410,UE10577,handover,SUCCESS,SUCCESS,,-107,1,,,XYZ410,,,,,,,,,,,
,XYZ409,UE10797,handover,SUCCESS,SUCCESS,,-97,12,,,XYZ409,,,,,,,,,,,
,XYZ403,UE10238,handover,TOO_LATE_HO,FAIL,,-116,4,,,XYZ403,,,,,,,,,,,
,XYZ403,UE10531,handover,SUCCESS,SUCCESS,,-114,22,,,XYZ403,,,,,,,,,,,
,XYZ410,UE10699,handover,SUCCESS,SUCCESS,,-93,2,,,XYZ410,,,,,,,,,,,
,XYZ409,UE10081,handover,SUCCESS,SUCCESS,,-119,12,,,XYZ409,,,,,,,,,,,
,XYZ410,UE10362,handover,SUCCESS,SUCCESS,,-109,21,,,XYZ410,,,,,,,,,,,
,XYZ403,UE10504,handover,TOO_LATE_HO,FAIL,,-116,24,,,XYZ403,,,,,,,,,,,
,XYZ408,UE10201,handover,SUCCESS,SUCCESS,,-95,-10,,,XYZ408,,,,,,,,,,,
,XYZ402,UE10919,handover,SUCCESS,SUCCESS,,-120,-6,,,XYZ402,,,,,,,,,,,
,XYZ403,UE10503,handover,SUCCESS,SUCCESS,,-109,2,,,XYZ403,,,,,,,,,,,
,XYZ402,UE10643,handover,SUCCESS,SUCCESS,,-76,-6,,,XYZ402,,,,,,,,,,,
,XYZ401,UE10036,handover,TOO_EARLY_HO,FAIL,,-89,21,,,XYZ401,,,,,,,,,,,
,XYZ402,UE10643,handover,SUCCESS,SUCCESS,,-108,10,,,XYZ402,,,,,,,,,,,
,XYZ408,UE10588,handover,SUCCESS,SUCCESS,,-100,13,,,XYZ408,,,,,,,,,,,
,XYZ409,UE10600,handover,SUCCESS,SUCCESS,,-77,7,,,XYZ409,,,,,,,,,,,
,XYZ402,UE10972,handover,SUCCESS,SUCCESS,,-110,10,,,XYZ402,,,,,,,,,,,
,XYZ407,UE10401,handover,SUCCESS,SUCCESS,,-118,-1,,,XYZ407,,,,,,,,,,,
,XYZ405,UE10764,handover,SUCCESS,SUCCESS,,-102,13,,,XYZ405,,,,,,,,,,,
,XYZ403,UE10855,handover,SUCCESS,SUCCESS,,-113,10,,,XYZ403,,,,,,,,,,,
,XYZ409,UE10705,handover,SUCCESS,SUCCESS,,-97,14,,,XYZ409,,,,,,,,,,,
,XYZ406,UE10175,handover,PREP_FAILURE,FAIL,,-94,12,,,XYZ406,,,,,,,,,,,
,XYZ401,UE10544,handover,PREP_FAILURE,FAIL,,-102,11,,,XYZ401,,,,,,,,,,,
,XYZ405,UE10569,handover,SUCCESS,SUCCESS,,-110,-7,,,XYZ405,,,,,,,,,,,
,XYZ407,UE10466,handover,SUCCESS,SUCCESS,,-115,23,,,XYZ407,,,,,,,,,,,
,XYZ404,UE10200,handover,SUCCESS,SUCCESS,,-94,-5,,,XYZ404,,,,,,,,,,,
,XYZ408,UE10539,handover,SUCCESS,SUCCESS,,-120,17,,,XYZ408,,,,,,,,,,,
,XYZ410,UE10546,handover,TOO_EARLY_HO,FAIL,,-91,20,,,XYZ410,,,,,,,,,,,
,XYZ405,UE10998,handover,TOO_LATE_HO,FAIL,,-93,24,,,XYZ405,,,,,,,,,,,
,XYZ409,UE10636,handover,SUCCESS,SUCCESS,,-108,12,,,XYZ409,,,,,,,,,,,
,XYZ409,UE10393,handover,TOO_LATE_HO,FAIL,,-89,-5,,,XYZ409,,,,,,,,,,,
,XYZ409,UE10832,handover,SUCCESS,SUCCESS,,-113,5,,,XYZ409,,,,,,,,,,,
,XYZ401,UE10041,handover,SUCCESS,SUCCESS,,-116,-9,,,XYZ401,,,,,,,,,,,
,XYZ402,UE10596,handover,TOO_EARLY_HO,FAIL,,-89,13,,,XYZ402,,,,,,,,,,,
,XYZ403,UE10392,handover,SUCCESS,SUCCESS,,-100,6,,,XYZ403,,,,,,,,,,,
,XYZ404,UE10699,handover,SUCCESS,SUCCESS,,-80,-10,,,XYZ404,,,,,,,,,,,
,XYZ410,UE10622,handover,SUCCESS,SUCCESS,,-109,-5,,,XYZ410,,,,,,,,,,,
,XYZ409,UE10782,handover,SUCCESS,SUCCESS,,-125,-6,,,XYZ409,,,,,,,,,,,
,XYZ410,UE10994,handover,SUCCESS,SUCCESS,,-101,18,,,XYZ410,,,,,,,,,,,
,XYZ406,UE10440,handover,SUCCESS,SUCCESS,,-92,1,,,XYZ406,,,,,,,,,,,
,XYZ401,UE10836,handover,SUCCESS,SUCCESS,,-87,-8,,,XYZ401,,,,,,,,,,,
,XYZ409,UE10616,handover,SUCCESS,SUCCESS,,-116,-10,,,XYZ409,,,,,,,,,,,
,XYZ406,UE10505,handover,SUCCESS,SUCCESS,,-106,16,,,XYZ406,,,,,,,,,,,
,XYZ404,UE10917,handover,SUCCESS,SUCCESS,,-119,13,,,XYZ404,,,,,,,,,,,
,XYZ404,UE10319,handover,SUCCESS,SUCCESS,,-110,8,,,XYZ404,,,,,,,,,,,
,XYZ403,UE10552,handover,SUCCESS,SUCCESS,,-89,-3,,,XYZ403,,,,,,,,,,,
,XYZ407,UE10214,handover,SUCCESS,SUCCESS,,-97,-9,,,XYZ407,,,,,,,,,,,
,XYZ403,UE10070,handover,SUCCESS,SUCCESS,,-114,19,,,XYZ403,,,,,,,,,,,
,XYZ402,UE10567,handover,SUCCESS,SUCCESS,,-109,19,,,XYZ402,,,,,,,,,,,
,XYZ410,UE10918,handover,TOO_EARLY_HO,FAIL,,-78,21,,,XYZ410,,,,,,,,,,,
,XYZ408,UE10235,handover,N2_FAILURE,FAIL,,-106,-10,,,XYZ408,,,,,,,,,,,
,XYZ404,UE10280,handover,SUCCESS,SUCCESS,,-100,2,,,XYZ404,,,,,,,,,,,
,XYZ408,UE10986,handover,SUCCESS,SUCCESS,,-78,0,,,XYZ408,,,,,,,,,,,
,XYZ401,UE10616,handover,PREP_FAILURE,FAIL,,-107,-1,,,XYZ401,,,,,,,,,,,
,XYZ405,UE10901,handover,TOO_EARLY_HO,FAIL,,-79,15,,,XYZ405,,,,,,,,,,,
,XYZ409,UE10886,handover,PREP_FAILURE,FAIL,,-114,9,,,XYZ409,,,,,,,,,,,
,XYZ401,UE10161,handover,SUCCESS,SUCCESS,,-105,6,,,XYZ401,,,,,,,,,,,
,XYZ404,UE10190,handover,SUCCESS,SUCCESS,,-84,6,,,XYZ404,,,,,,,,,,,
,XYZ406,UE10008,handover,TOO_LATE_HO,FAIL,,-92,-7,,,XYZ406,,,,,,,,,,,
,XYZ410,UE10059,handover,SUCCESS,SUCCESS,,-119,-6,,,XYZ410,,,,,,,,,,,
,XYZ408,UE10892,handover,SUCCESS,SUCCESS,,-81,12,,,XYZ408,,,,,,,,,,,
,XYZ403,UE10816,handover,SUCCESS,SUCCESS,,-91,-1,,,XYZ403,,,,,,,,,,,
,XYZ405,UE10224,handover,SUCCESS,SUCCESS,,-111,17,,,XYZ405,,,,,,,,,,,
,XYZ407,UE10818,handover,SUCCESS,SUCCESS,,-125,22,,,XYZ407,,,,,,,,,,,
,XYZ401,UE10699,handover,SUCCESS,SUCCESS,,-100,15,,,XYZ401,,,,,,,,,,,
,XYZ407,UE10581,handover,TOO_EARLY_HO,FAIL,,-91,18,,,XYZ407,,,,,,,,,,,
,XYZ408,UE10804,handover,SUCCESS,SUCCESS,,-101,16,,,XYZ408,,,,,,,,,,,
,XYZ408,UE10286,handover,SUCCESS,SUCCESS,,-84,7,,,XYZ408,,,,,,,,,,,
,XYZ409,UE10993,handover,SUCCESS,SUCCESS,,-111,-1,,,XYZ409,,,,,,,,,,,
,XYZ406,UE10168,handover,SUCCESS,SUCCESS,,-104,-6,,,XYZ406,,,,,,,,,,,
,XYZ406,UE10061,handover,PING_PONG,FAIL,,-120,-1,,,XYZ406,,,,,,,,,,,
,XYZ402,UE10348,handover,SUCCESS,SUCCESS,,-111,10,,,XYZ402,,,,,,,,,,,
,XYZ403,UE10441,handover,SUCCESS,SUCCESS,,-102,13,,,XYZ403,,,,,,,,,,,
,XYZ404,UE10013,handover,SUCCESS,SUCCESS,,-105,-8,,,XYZ404,,,,,,,,,,,
,XYZ404,UE10163,handover,SUCCESS,SUCCESS,,-119,20,,,XYZ404,,,,,,,,,,,
,XYZ408,UE10419,handover,SUCCESS,SUCCESS,,-97,-9,,,XYZ408,,,,,,,,,,,
,XYZ401,UE10756,handover,N2_FAILURE,FAIL,,-94,-9,,,XYZ401,,,,,,,,,,,
,XYZ410,UE10846,handover,SUCCESS,SUCCESS,,-94,23,,,XYZ410,,,,,,,,,,,
,XYZ404,UE10519,handover,N2_FAILURE,FAIL,,-121,9,,,XYZ404,,,,,,,,,,,
,XYZ404,UE10665,handover,SUCCESS,SUCCESS,,-122,22,,,XYZ404,,,,,,,,,,,
,XYZ401,UE10547,handover,SUCCESS,SUCCESS,,-104,-7,,,XYZ401,,,,,,,,,,,
,XYZ403,UE10559,handover,SUCCESS,SUCCESS,,-108,0,,,XYZ403,,,,,,,,,,,
,XYZ405,UE10596,handover,SUCCESS,SUCCESS,,-91,-6,,,XYZ405,,,,,,,,,,,
,XYZ406,UE10027,handover,SUCCESS,SUCCESS,,-109,14,,,XYZ406,,,,,,,,,,,
,XYZ409,UE10707,handover,SUCCESS,SUCCESS,,-76,23,,,XYZ409,,,,,,,,,,,
,XYZ409,UE10445,handover,SUCCESS,SUCCESS,,-76,-2,,,XYZ409,,,,,,,,,,,
,XYZ409,UE10207,handover,PING_PONG,FAIL,,-102,-5,,,XYZ409,,,,,,,,,,,
,XYZ401,UE10469,handover,PREP_FAILURE,FAIL,,-124,7,,,XYZ401,,,,,,,,,,,
,XYZ409,UE10715,handover,SUCCESS,SUCCESS,,-113,3,,,XYZ409,,,,,,,,,,,
,XYZ408,UE10975,handover,SUCCESS,SUCCESS,,-111,8,,,XYZ408,,,,,,,,,,,
,XYZ402,UE10818,handover,SUCCESS,SUCCESS,,-121,3,,,XYZ402,,,,,,,,,,,
,XYZ401,UE10103,handover,SUCCESS,SUCCESS,,-123,6,,,XYZ401,,,,,,,,,,,
,XYZ401,UE10741,handover,PING_PONG,FAIL,,-89,24,,,XYZ401,,,,,,,,,,,
,XYZ406,UE10425,handover,SUCCESS,SUCCESS,,-89,18,,,XYZ406,,,,,,,,,,,
,XYZ409,UE10100,handover,SUCCESS,SUCCESS,,-89,6,,,XYZ409,,,,,,,,,,,
,XYZ407,UE10540,handover,SUCCESS,SUCCESS,,-123,-3,,,XYZ407,,,,,,,,,,,
,XYZ405,UE10638,handover,SUCCESS,SUCCESS,,-91,-10,,,XYZ405,,,,,,,,,,,
,XYZ402,UE10849,handover,SUCCESS,SUCCESS,,-103,-4,,,XYZ402,,,,,,,,,,,
,XYZ401,UE10521,handover,SUCCESS,SUCCESS,,-98,-6,,,XYZ401,,,,,,,,,,,
,XYZ402,UE10105,handover,SUCCESS,SUCCESS,,-96,13,,,XYZ402,,,,,,,,,,,
,XYZ401,UE10678,handover,SUCCESS,SUCCESS,,-108,17,,,XYZ401,,,,,,,,,,,
,XYZ403,UE10977,handover,SUCCESS,SUCCESS,,-90,6,,,XYZ403,,,,,,,,,,,
,XYZ408,UE10718,rlf,RLF,FAIL,Coverage,-114,-10,,,,,,,,,,,,,,
,XYZ401,UE10946,rlf,RLF,FAIL,Post_HO,-96,2,,,,,,,,,,,,,,
,XYZ402,UE10436,rlf,RLF,FAIL,Post_HO,-93,18,,,,,,,,,,,,,,
,XYZ408,UE10526,rlf,RLF,FAIL,Interference,-108,-6,,,,,,,,,,,,,,
,XYZ406,UE10689,rlf,RLF,FAIL,Post_HO,-112,17,,,,,,,,,,,,,,
,XYZ410,UE10966,rlf,RLF,FAIL,Interference,-104,10,,,,,,,,,,,,,,
,XYZ402,UE10377,rlf,RLF,FAIL,Interference,-105,-3,,,,,,,,,,,,,,
,XYZ402,UE10586,rlf,RLF,FAIL,Coverage,-125,6,,,,,,,,,,,,,,
,XYZ407,UE10103,rlf,RLF,FAIL,Coverage,-83,12,,,,,,,,,,,,,,
,XYZ405,UE10805,rlf,RLF,FAIL,Interference,-111,12,,,,,,,,,,,,,,
,XYZ405,UE10679,rlf,RLF,FAIL,Coverage,-90,2,,,,,,,,,,,,,,
,XYZ408,UE10961,rlf,RLF,FAIL,Coverage,-104,-2,,,,,,,,,,,,,,
,XYZ407,UE10626,rlf,RLF,FAIL,Interference,-94,-9,,,,,,,,,,,,,,
,XYZ409,UE10038,rlf,RLF,FAIL,Interference,-93,8,,,,,,,,,,,,,,
,XYZ404,UE10457,rlf,RLF,FAIL,Interference,-85,9,,,,,,,,,,,,,,
,XYZ410,UE10363,rlf,RLF,FAIL,Post_HO,-87,6,,,,,,,,,,,,,,
,XYZ404,UE10784,rlf,RLF,FAIL,Interference,-103,-4,,,,,,,,,,,,,,
,XYZ402,UE10134,rlf,RLF,FAIL,Interference,-83,19,,,,,,,,,,,,,,
,XYZ403,UE10373,rlf,RLF,FAIL,Post_HO,-124,15,,,,,,,,,,,,,,
,XYZ401,UE10231,rlf,RLF,FAIL,Interference,-124,-8,,,,,,,,,,,,,,
,XYZ401,UE10038,rlf,RLF,FAIL,Post_HO,-88,8,,,,,,,,,,,,,,
,XYZ407,UE10963,rlf,RLF,FAIL,Coverage,-97,8,,,,,,,,,,,,,,
,XYZ405,UE10802,rlf,RLF,FAIL,Post_HO,-123,13,,,,,,,,,,,,,,
,XYZ403,UE10818,rlf,RLF,FAIL,Post_HO,-87,-2,,,,,,,,,,,,,,
,XYZ407,UE10046,rlf,RLF,FAIL,Coverage,-119,-1,,,,,,,,,,,,,,
,XYZ402,UE10035,rlf,RLF,FAIL,Post_HO,-90,18,,,,,,,,,,,,,,
,XYZ403,UE10831,rlf,RLF,FAIL,Coverage,-97,3,,,,,,,,,,,,,,
,XYZ401,UE10094,rlf,RLF,FAIL,Post_HO,-89,7,,,,,,,,,,,,,,
,XYZ408,UE10984,rlf,RLF,FAIL,Post_HO,-90,15,,,,,,,,,,,,,,
,XYZ402,UE10360,rlf,RLF,FAIL,Post_HO,-103,4,,,,,,,,,,,,,,
,XYZ407,UE10524,rlf,RLF,FAIL,Coverage,-81,15,,,,,,,,,,,,,,
,XYZ409,UE10145,rlf,RLF,FAIL,Coverage,-110,-10,,,,,,,,,,,,,,
,XYZ406,UE10916,rlf,RLF,FAIL,Post_HO,-95,19,,,,,,,,,,,,,,
,XYZ402,UE10367,rlf,RLF,FAIL,Coverage,-92,14,,,,,,,,,,,,,,
,XYZ402,UE10064,rlf,RLF,FAIL,Coverage,-125,-5,,,,,,,,,,,,,,
,XYZ409,UE10227,rlf,RLF,FAIL,Post_HO,-108,19,,,,,,,,,,,,,,
,XYZ410,UE10753,rlf,RLF,FAIL,Interference,-86,4,,,,,,,,,,,,,,
,XYZ408,UE10519,rlf,RLF,FAIL,Interference,-83,14,,,,,,,,,,,,,,
,XYZ409,UE10815,rlf,RLF,FAIL,Coverage,-111,-5,,,,,,,,,,,,,,
,XYZ404,UE10852,rlf,RLF,FAIL,Post_HO,-109,7,,,,,,,,,,,,,,
,XYZ404,UE10554,rlf,RLF,FAIL,Interference,-82,-10,,,,,,,,,,,,,,
,XYZ402,UE10755,rlf,RLF,FAIL,Coverage,-116,19,,,,,,,,,,,,,,
,XYZ410,UE10180,rlf,RLF,FAIL,Coverage,-106,13,,,,,,,,,,,,,,
,XYZ401,UE10500,rlf,RLF,FAIL,Coverage,-120,-8,,,,,,,,,,,,,,
,XYZ410,UE10596,rlf,RLF,FAIL,Coverage,-118,6,,,,,,,,,,,,,,
,XYZ404,UE10154,rlf,RLF,FAIL,Post_HO,-81,5,,,,,,,,,,,,,,
,XYZ410,UE10786,rlf,RLF,FAIL,Coverage,-92,-3,,,,,,,,,,,,,,
,XYZ410,UE10534,rlf,RLF,FAIL,Coverage,-94,17,,,,,,,,,,,,,,
,XYZ408,UE10626,rlf,RLF,FAIL,Coverage,-84,6,,,,,,,,,,,,,,
,XYZ402,UE10817,rlf,RLF,FAIL,Coverage,-122,-3,,,,,,,,,,,,,,
,XYZ408,UE10434,rlf,RLF,FAIL,Post_HO,-82,6,,,,,,,,,,,,,,
,XYZ401,UE10810,rlf,RLF,FAIL,Post_HO,-87,14,,,,,,,,,,,,,,
,XYZ401,UE10098,rlf,RLF,FAIL,Post_HO,-106,19,,,,,,,,,,,,,,
,XYZ404,UE10615,rlf,RLF,FAIL,Interference,-102,-2,,,,,,,,,,,,,,
,XYZ407,UE10371,rlf,RLF,FAIL,Post_HO,-102,1,,,,,,,,,,,,,,
,XYZ409,UE10562,rlf,RLF,FAIL,Post_HO,-100,18,,,,,,,,,,,,,,
,XYZ405,UE10361,rlf,RLF,FAIL,Post_HO,-101,14,,,,,,,,,,,,,,
,XYZ402,UE10111,rlf,RLF,FAIL,Coverage,-90,8,,,,,,,,,,,,,,
,XYZ407,UE10452,rlf,RLF,FAIL,Post_HO,-119,-7,,,,,,,,,,,,,,
,XYZ402,UE10755,rlf,RLF,FAIL,Coverage,-116,10,,,,,,,,,,,,,,
,XYZ409,UE10168,rlf,RLF,FAIL,Post_HO,-114,11,,,,,,,,,,,,,,
,XYZ409,UE10583,rlf,RLF,FAIL,Interference,-125,14,,,,,,,,,,,,,,
,XYZ403,UE10138,rlf,RLF,FAIL,Post_HO,-101,18,,,,,,,,,,,,,,
,XYZ408,UE10847,rlf,RLF,FAIL,Post_HO,-110,0,,,,,,,,,,,,,,
,XYZ404,UE10230,rlf,RLF,FAIL,Coverage,-121,17,,,,,,,,,,,,,,
,XYZ403,UE10238,rlf,RLF,FAIL,Post_HO,-107,-7,,,,,,,,,,,,,,
,XYZ401,UE10983,rlf,RLF,FAIL,Post_HO,-122,3,,,,,,,,,,,,,,
,XYZ405,UE10252,rlf,RLF,FAIL,Coverage,-120,3,,,,,,,,,,,,,,
,XYZ404,UE10980,rlf,RLF,FAIL,Interference,-100,-5,,,,,,,,,,,,,,
,XYZ401,UE10435,rlf,RLF,FAIL,Interference,-87,18,,,,,,,,,,,,,,
,XYZ410,UE10918,rlf,RLF,FAIL,Interference,-87,6,,,,,,,,,,,,,,
,XYZ408,UE10560,rlf,RLF,FAIL,Post_HO,-117,-9,,,,,,,,,,,,,,
,XYZ408,UE10421,rlf,RLF,FAIL,Coverage,-81,-3,,,,,,,,,,,,,,
,XYZ408,UE10302,rlf,RLF,FAIL,Interference,-112,-7,,,,,,,,,,,,,,
,XYZ403,UE10071,rlf,RLF,FAIL,Interference,-117,-1,,,,,,,,,,,,,,
,XYZ406,UE10262,rlf,RLF,FAIL,Interference,-111,-4,,,,,,,,,,,,,,
,XYZ407,UE10833,rlf,RLF,FAIL,Interference,-89,-7,,,,,,,,,,,,,,
,XYZ409,UE10221,rlf,RLF,FAIL,Coverage,-106,5,,,,,,,,,,,,,,
,XYZ405,UE10076,rlf,RLF,FAIL,Interference,-118,3,,,,,,,,,,,,,,
,XYZ409,UE10061,rlf,RLF,FAIL,Post_HO,-94,5,,,,,,,,,,,,,,
,XYZ406,UE10470,rlf,RLF,FAIL,Post_HO,-105,14,,,,,,,,,,,,,,
,XYZ410,UE10156,rlf,RLF,FAIL,Coverage,-85,-2,,,,,,,,,,,,,,
,XYZ410,UE10805,rlf,RLF,FAIL,Interference,-107,-7,,,,,,,,,,,,,,
,XYZ410,UE10124,rlf,RLF,FAIL,Interference,-97,18,,,,,,,,,,,,,,
,XYZ404,UE10740,rlf,RLF,FAIL,Interference,-95,13,,,,,,,,,,,,,,
,XYZ401,UE10851,rlf,RLF,FAIL,Post_HO,-120,-5,,,,,,,,,,,,,,
,XYZ401,UE10160,rlf,RLF,FAIL,Coverage,-122,-10,,,,,,,,,,,,,,
,XYZ410,UE10540,rlf,RLF,FAIL,Interference,-83,-4,,,,,,,,,,,,,,
,XYZ405,UE10625,rlf,RLF,FAIL,Post_HO,-97,-10,,,,,,,,,,,,,,
,XYZ403,UE10590,rlf,RLF,FAIL,Post_HO,-84,8,,,,,,,,,,,,,,
,XYZ405,UE10534,rlf,RLF,FAIL,Coverage,-123,-3,,,,,,,,,,,,,,
,XYZ405,UE10105,rlf,RLF,FAIL,Coverage,-125,14,,,,,,,,,,,,,,
,XYZ401,UE10130,rlf,RLF,FAIL,Coverage,-82,-8,,,,,,,,,,,,,,
,XYZ408,UE10356,rlf,RLF,FAIL,Post_HO,-111,-10,,,,,,,,,,,,,,
,XYZ405,UE10988,rlf,RLF,FAIL,Coverage,-105,-10,,,,,,,,,,,,,,
,XYZ405,UE10684,rlf,RLF,FAIL,Post_HO,-95,-4,,,,,,,,,,,,,,
,XYZ409,UE10775,rlf,RLF,FAIL,Post_HO,-119,10,,,,,,,,,,,,,,
,XYZ408,UE10853,rlf,RLF,FAIL,Interference,-109,2,,,,,,,,,,,,,,
,XYZ401,UE10884,rlf,RLF,FAIL,Post_HO,-107,19,,,,,,,,,,,,,,
,XYZ403,UE10796,rlf,RLF,FAIL,Post_HO,-87,-10,,,,,,,,,,,,,,
,XYZ407,UE10001,rlf,RLF,FAIL,Interference,-123,5,,,,,,,,,,,,,,
,XYZ401,UE10232,rlf,RLF,FAIL,Post_HO,-96,11,,,,,,,,,,,,,,
,XYZ401,UE10368,rlf,RLF,FAIL,Interference,-91,19,,,,,,,,,,,,,,
,XYZ405,UE10250,rlf,RLF,FAIL,Interference,-97,11,,,,,,,,,,,,,,
,XYZ409,UE10945,rlf,RLF,FAIL,Coverage,-112,3,,,,,,,,,,,,,,
,XYZ406,UE10832,rlf,RLF,FAIL,Coverage,-91,-7,,,,,,,,,,,,,,
,XYZ410,UE10107,rlf,RLF,FAIL,Interference,-98,12,,,,,,,,,,,,,,
,XYZ402,UE10275,rlf,RLF,FAIL,Coverage,-96,12,,,,,,,,,,,,,,
,XYZ409,UE10179,rlf,RLF,FAIL,Interference,-100,1,,,,,,,,,,,,,,
,XYZ406,UE10724,rlf,RLF,FAIL,Coverage,-119,14,,,,,,,,,,,,,,
,XYZ405,UE10292,rlf,RLF,FAIL,Post_HO,-87,1,,,,,,,,,,,,,,
,XYZ405,UE10583,rlf,RLF,FAIL,Coverage,-95,6,,,,,,,,,,,,,,
,XYZ403,UE10794,rlf,RLF,FAIL,Coverage,-121,10,,,,,,,,,,,,,,
,XYZ406,UE10174,rlf,RLF,FAIL,Post_HO,-91,4,,,,,,,,,,,,,,
,XYZ404,UE10122,rlf,RLF,FAIL,Interference,-112,-1,,,,,,,,,,,,,,
,XYZ410,UE10226,rlf,RLF,FAIL,Coverage,-90,-8,,,,,,,,,,,,,,
,XYZ402,UE10901,rlf,RLF,FAIL,Coverage,-99,12,,,,,,,,,,,,,,
,XYZ403,UE10443,rlf,RLF,FAIL,Post_HO,-102,9,,,,,,,,,,,,,,
,XYZ409,UE10812,rlf,RLF,FAIL,Post_HO,-86,9,,,,,,,,,,,,,,
,XYZ409,UE10427,rlf,RLF,FAIL,Post_HO,-97,18,,,,,,,,,,,,,,
,XYZ406,UE10082,rlf,RLF,FAIL,Post_HO,-81,1,,,,,,,,,,,,,,
,XYZ410,UE10764,rlf,RLF,FAIL,Post_HO,-104,-10,,,,,,,,,,,,,,
,XYZ410,UE10657,rlf,RLF,FAIL,Interference,-118,-10,,,,,,,,,,,,,,
,XYZ409,UE10631,rlf,RLF,FAIL,Coverage,-111,-1,,,,,,,,,,,,,,
,XYZ404,UE10064,rlf,RLF,FAIL,Coverage,-121,7,,,,,,,,,,,,,,
,XYZ405,UE10280,rlf,RLF,FAIL,Coverage,-122,4,,,,,,,,,,,,,,
,XYZ410,UE10794,rlf,RLF,FAIL,Coverage,-115,-9,,,,,,,,,,,,,,
,XYZ406,UE10390,rlf,RLF,FAIL,Coverage,-108,6,,,,,,,,,,,,,,
,XYZ409,UE10427,rlf,RLF,FAIL,Interference,-84,-3,,,,,,,,,,,,,,
,XYZ405,UE10617,rlf,RLF,FAIL,Coverage,-96,11,,,,,,,,,,,,,,
,XYZ408,UE10924,rlf,RLF,FAIL,Interference,-111,11,,,,,,,,,,,,,,
,XYZ401,UE10990,rlf,RLF,FAIL,Coverage,-120,15,,,,,,,,,,,,,,
,XYZ405,UE10811,rlf,RLF,FAIL,Interference,-110,15,,,,,,,,,,,,,,
,XYZ410,UE10106,rlf,RLF,FAIL,Post_HO,-86,-2,,,,,,,,,,,,,,
,XYZ401,UE10547,rlf,RLF,FAIL,Post_HO,-117,10,,,,,,,,,,,,,,
,XYZ410,UE10658,rlf,RLF,FAIL,Post_HO,-83,9,,,,,,,,,,,,,,
,XYZ406,UE10261,rlf,RLF,FAIL,Coverage,-92,0,,,,,,,,,,,,,,
,XYZ407,UE10920,rlf,RLF,FAIL,Interference,-99,-5,,,,,,,,,,,,,,
,XYZ405,UE10158,rlf,RLF,FAIL,Post_HO,-113,13,,,,,,,,,,,,,,
,XYZ401,UE10264,rlf,RLF,FAIL,Interference,-90,3,,,,,,,,,,,,,,
,XYZ406,UE10467,rlf,RLF,FAIL,Post_HO,-99,-10,,,,,,,,,,,,,,
,XYZ410,UE10201,rlf,RLF,FAIL,Interference,-117,-4,,,,,,,,,,,,,,
,XYZ405,UE10932,rlf,RLF,FAIL,Coverage,-121,13,,,,,,,,,,,,,,
,XYZ406,UE10154,rlf,RLF,FAIL,Interference,-104,-2,,,,,,,,,,,,,,
,XYZ410,UE10012,rlf,RLF,FAIL,Coverage,-95,0,,,,,,,,,,,,,,
,XYZ407,UE10296,rlf,RLF,FAIL,Interference,-123,13,,,,,,,,,,,,,,
,XYZ407,UE10895,rlf,RLF,FAIL,Post_HO,-96,12,,,,,,,,,,,,,,
,XYZ402,UE10833,rlf,RLF,FAIL,Post_HO,-105,5,,,,,,,,,,,,,,
,XYZ403,UE10497,rlf,RLF,FAIL,Post_HO,-91,8,,,,,,,,,,,,,,
,XYZ406,UE10596,rlf,RLF,FAIL,Coverage,-120,-9,,,,,,,,,,,,,,
,XYZ403,UE10992,rlf,RLF,FAIL,Coverage,-98,4,,,,,,,,,,,,,,
,XYZ402,UE10791,rlf,RLF,FAIL,Coverage,-94,-8,,,,,,,,,,,,,,
,XYZ404,UE10244,rlf,RLF,FAIL,Post_HO,-84,-7,,,,,,,,,,,,,,
,XYZ405,UE10299,rlf,RLF,FAIL,Post_HO,-89,9,,,,,,,,,,,,,,
,XYZ410,UE10361,rlf,RLF,FAIL,Post_HO,-101,11,,,,,,,,,,,,,,
,XYZ409,UE10353,rlf,RLF,FAIL,Coverage,-94,17,,,,,,,,,,,,,,
,XYZ403,UE10827,rlf,RLF,FAIL,Interference,-91,-4,,,,,,,,,,,,,,
,XYZ403,UE10520,rlf,RLF,FAIL,Post_HO,-104,1,,,,,,,,,,,,,,
,XYZ406,UE10385,rlf,RLF,FAIL,Interference,-102,-7,,,,,,,,,,,,,,
,XYZ405,UE10758,rlf,RLF,FAIL,Coverage,-87,-1,,,,,,,,,,,,,,
,XYZ406,UE10311,rlf,RLF,FAIL,Interference,-96,-5,,,,,,,,,,,,,,
,XYZ407,UE10413,rlf,RLF,FAIL,Post_HO,-94,14,,,,,,,,,,,,,,
,XYZ403,UE10277,rlf,RLF,FAIL,Interference,-95,19,,,,,,,,,,,,,,
,XYZ405,UE10749,rlf,RLF,FAIL,Interference,-103,11,,,,,,,,,,,,,,
,XYZ408,UE10714,rlf,RLF,FAIL,Post_HO,-86,3,,,,,,,,,,,,,,
,XYZ404,UE10758,rlf,RLF,FAIL,Post_HO,-93,-8,,,,,,,,,,,,,,
,XYZ410,UE10746,rlf,RLF,FAIL,Post_HO,-101,6,,,,,,,,,,,,,,
,XYZ402,UE10592,rlf,RLF,FAIL,Coverage,-90,0,,,,,,,,,,,,,,
,XYZ404,UE10355,rlf,RLF,FAIL,Interference,-102,-1,,,,,,,,,,,,,,
,XYZ402,UE10524,rlf,RLF,FAIL,Post_HO,-95,15,,,,,,,,,,,,,,
,XYZ403,UE10838,rlf,RLF,FAIL,Post_HO,-87,18,,,,,,,,,,,,,,
,XYZ404,UE10015,rlf,RLF,FAIL,Coverage,-113,10,,,,,,,,,,,,,,
,XYZ404,UE10992,rlf,RLF,FAIL,Post_HO,-116,-1,,,,,,,,,,,,,,
,XYZ410,UE10044,rlf,RLF,FAIL,Interference,-103,-1,,,,,,,,,,,,,,
,XYZ409,UE10320,rlf,RLF,FAIL,Interference,-108,-8,,,,,,,,,,,,,,
,XYZ410,UE10650,rlf,RLF,FAIL,Interference,-94,13,,,,,,,,,,,,,,
,XYZ406,UE10325,rlf,RLF,FAIL,Interference,-93,15,,,,,,,,,,,,,,
,XYZ409,UE10147,rlf,RLF,FAIL,Interference,-90,4,,,,,,,,,,,,,,
,XYZ404,UE10354,rlf,RLF,FAIL,Post_HO,-98,6,,,,,,,,,,,,,,
,XYZ409,UE10235,rlf,RLF,FAIL,Interference,-110,16,,,,,,,,,,,,,,
,XYZ409,UE10702,rlf,RLF,FAIL,Coverage,-110,7,,,,,,,,,,,,,,
,XYZ406,UE10612,rlf,RLF,FAIL,Post_HO,-108,8,,,,,,,,,,,,,,
,XYZ405,UE10104,rlf,RLF,FAIL,Interference,-118,8,,,,,,,,,,,,,,
,XYZ403,UE10473,rlf,RLF,FAIL,Post_HO,-84,1,,,,,,,,,,,,,,
,XYZ405,UE10761,rlf,RLF,FAIL,Coverage,-110,13,,,,,,,,,,,,,,
,XYZ403,UE10395,rlf,RLF,FAIL,Coverage,-115,-6,,,,,,,,,,,,,,
,XYZ405,UE10445,rlf,RLF,FAIL,Post_HO,-120,13,,,,,,,,,,,,,,
,XYZ405,UE10605,rlf,RLF,FAIL,Interference,-125,16,,,,,,,,,,,,,,
,XYZ402,UE10219,rlf,RLF,FAIL,Coverage,-114,5,,,,,,,,,,,,,,
,XYZ409,UE10986,rlf,RLF,FAIL,Post_HO,-88,19,,,,,,,,,,,,,,
,XYZ407,UE10809,rlf,RLF,FAIL,Post_HO,-98,4,,,,,,,,,,,,,,
,XYZ406,UE10850,rlf,RLF,FAIL,Post_HO,-81,4,,,,,,,,,,,,,,
,XYZ405,UE10964,rlf,RLF,FAIL,Post_HO,-109,16,,,,,,,,,,,,,,
,XYZ404,UE10441,rlf,RLF,FAIL,Post_HO,-125,-5,,,,,,,,,,,,,,
,XYZ408,UE10644,rlf,RLF,FAIL,Post_HO,-94,1,,,,,,,,,,,,,,
,XYZ402,UE10872,rlf,RLF,FAIL,Post_HO,-118,-9,,,,,,,,,,,,,,
,XYZ408,UE10666,rlf,RLF,FAIL,Interference,-86,16,,,,,,,,,,,,,,
,XYZ401,UE10027,rlf,RLF,FAIL,Interference,-83,9,,,,,,,,,,,,,,
,XYZ410,UE10793,rlf,RLF,FAIL,Post_HO,-102,-2,,,,,,,,,,,,,,
,XYZ401,UE10474,rlf,RLF,FAIL,Post_HO,-116,-7,,,,,,,,,,,,,,
,XYZ403,UE10627,rlf,RLF,FAIL,Coverage,-87,-6,,,,,,,,,,,,,,
,XYZ405,UE10304,rlf,RLF,FAIL,Post_HO,-87,10,,,,,,,,,,,,,,
,XYZ406,UE10745,rlf,RLF,FAIL,Interference,-116,15,,,,,,,,,,,,,,
,XYZ404,UE10404,rlf,RLF,FAIL,Interference,-90,-3,,,,,,,,,,,,,,
,XYZ407,UE10512,rlf,RLF,FAIL,Coverage,-101,11,,,,,,,,,,,,,,
,XYZ407,UE10501,rlf,RLF,FAIL,Post_HO,-116,-1,,,,,,,,,,,,,,
,XYZ402,UE10347,rlf,RLF,FAIL,Post_HO,-107,-4,,,,,,,,,,,,,,
,XYZ402,UE10239,rlf,RLF,FAIL,Coverage,-81,11,,,,,,,,,,,,,,
,XYZ402,UE10569,rlf,RLF,FAIL,Coverage,-111,3,,,,,,,,,,,,,,
,XYZ402,UE10846,rlf,RLF,FAIL,Post_HO,-110,19,,,,,,,,,,,,,,
,XYZ409,UE10694,rlf,RLF,FAIL,Post_HO,-124,19,,,,,,,,,,,,,,
,XYZ405,UE10336,rlf,RLF,FAIL,Interference,-97,-6,,,,,,,,,,,,,,
,XYZ408,UE10025,rlf,RLF,FAIL,Coverage,-122,5,,,,,,,,,,,,,,
,XYZ405,UE10979,rlf,RLF,FAIL,Coverage,-97,4,,,,,,,,,,,,,,
,XYZ405,UE10408,rlf,RLF,FAIL,Coverage,-95,-6,,,,,,,,,,,,,,
,XYZ401,UE10076,rlf,RLF,FAIL,Coverage,-109,-8,,,,,,,,,,,,,,
,XYZ406,UE10928,rlf,RLF,FAIL,Post_HO,-116,12,,,,,,,,,,,,,,
,XYZ404,UE10216,rlf,RLF,FAIL,Coverage,-99,18,,,,,,,,,,,,,,
,XYZ403,UE10327,rlf,RLF,FAIL,Post_HO,-85,-1,,,,,,,,,,,,,,
,XYZ406,UE10836,rlf,RLF,FAIL,Interference,-111,-6,,,,,,,,,,,,,,
,XYZ402,UE10773,rlf,RLF,FAIL,Post_HO,-82,12,,,,,,,,,,,,,,
,XYZ408,UE10022,rlf,RLF,FAIL,Post_HO,-95,4,,,,,,,,,,,,,,
,XYZ401,UE10755,rlf,RLF,FAIL,Interference,-105,7,,,,,,,,,,,,,,
,XYZ409,UE10669,rlf,RLF,FAIL,Coverage,-85,14,,,,,,,,,,,,,,
,XYZ408,UE10717,rlf,RLF,FAIL,Post_HO,-81,-3,,,,,,,,,,,,,,
,XYZ401,UE10309,rlf,RLF,FAIL,Post_HO,-100,10,,,,,,,,,,,,,,
,XYZ410,UE10598,rlf,RLF,FAIL,Post_HO,-88,-9,,,,,,,,,,,,,,
,XYZ409,UE10266,rlf,RLF,FAIL,Post_HO,-90,11,,,,,,,,,,,,,,
,XYZ402,UE10414,rlf,RLF,FAIL,Coverage,-109,-3,,,,,,,,,,,,,,
,XYZ403,UE10645,rlf,RLF,FAIL,Post_HO,-123,12,,,,,,,,,,,,,,
,XYZ402,UE10266,rlf,RLF,FAIL,Post_HO,-112,-3,,,,,,,,,,,,,,
,XYZ408,UE10332,rlf,RLF,FAIL,Post_HO,-113,-7,,,,,,,,,,,,,,
,XYZ402,UE10779,rlf,RLF,FAIL,Interference,-85,19,,,,,,,,,,,,,,
,XYZ410,UE10449,rlf,RLF,FAIL,Post_HO,-99,8,,,,,,,,,,,,,,
,XYZ402,UE10564,rlf,RLF,FAIL,Interference,-125,12,,,,,,,,,,,,,,
,XYZ401,UE10610,rlf,RLF,FAIL,Post_HO,-109,7,,,,,,,,,,,,,,
,XYZ407,UE10246,rlf,RLF,FAIL,Post_HO,-92,19,,,,,,,,,,,,,,
,XYZ402,UE10035,rlf,RLF,FAIL,Post_HO,-112,10,,,,,,,,,,,,,,
,XYZ410,UE10400,rlf,RLF,FAIL,Interference,-109,18,,,,,,,,,,,,,,
,XYZ405,UE10027,rlf,RLF,FAIL,Post_HO,-123,12,,,,,,,,,,,,,,
,XYZ405,UE10219,rlf,RLF,FAIL,Coverage,-92,-10,,,,,,,,,,,,,,
,XYZ403,UE10405,rlf,RLF,FAIL,Post_HO,-86,9,,,,,,,,,,,,,,
,XYZ403,UE10613,rlf,RLF,FAIL,Interference,-101,4,,,,,,,,,,,,,,
,XYZ403,UE10774,rlf,RLF,FAIL,Interference,-124,7,,,,,,,,,,,,,,
,XYZ406,UE10270,rlf,RLF,FAIL,Coverage,-92,11,,,,,,,,,,,,,,
,XYZ404,UE10735,rlf,RLF,FAIL,Post_HO,-100,1,,,,,,,,,,,,,,
,XYZ403,UE10650,rlf,RLF,FAIL,Coverage,-95,-10,,,,,,,,,,,,,,
,XYZ402,UE10791,rlf,RLF,FAIL,Coverage,-117,-4,,,,,,,,,,,,,,
,XYZ403,UE10510,rlf,RLF,FAIL,Interference,-96,8,,,,,,,,,,,,,,
,XYZ404,UE10962,rlf,RLF,FAIL,Post_HO,-106,17,,,,,,,,,,,,,,
,XYZ406,UE10285,rlf,RLF,FAIL,Post_HO,-105,-10,,,,,,,,,,,,,,
,XYZ404,UE10453,rlf,RLF,FAIL,Post_HO,-97,13,,,,,,,,,,,,,,
,XYZ408,UE10761,rlf,RLF,FAIL,Interference,-101,-4,,,,,,,,,,,,,,
,XYZ403,UE10833,rlf,RLF,FAIL,Interference,-88,-9,,,,,,,,,,,,,,
,XYZ403,UE10316,rlf,RLF,FAIL,Interference,-82,-4,,,,,,,,,,,,,,
,XYZ403,UE10589,rlf,RLF,FAIL,Coverage,-101,8,,,,,,,,,,,,,,
,XYZ408,UE10296,rlf,RLF,FAIL,Coverage,-117,2,,,,,,,,,,,,,,
,XYZ404,UE10337,rlf,RLF,FAIL,Post_HO,-87,14,,,,,,,,,,,,,,
,XYZ401,UE10306,rlf,RLF,FAIL,Coverage,-82,13,,,,,,,,,,,,,,
,XYZ402,UE10427,rlf,RLF,FAIL,Post_HO,-100,-6,,,,,,,,,,,,,,
,XYZ410,UE10350,rlf,RLF,FAIL,Post_HO,-89,12,,,,,,,,,,,,,,
,XYZ402,UE10510,rlf,RLF,FAIL,Post_HO,-110,8,,,,,,,,,,,,,,
,XYZ403,UE10524,rlf,RLF,FAIL,Post_HO,-89,-10,,,,,,,,,,,,,,
,XYZ406,UE10857,rlf,RLF,FAIL,Interference,-114,-10,,,,,,,,,,,,,,
,XYZ408,UE10491,rlf,RLF,FAIL,Post_HO,-102,16,,,,,,,,,,,,,,
,XYZ401,UE10907,rlf,RLF,FAIL,Coverage,-100,7,,,,,,,,,,,,,,
,XYZ409,UE10593,rlf,RLF,FAIL,Coverage,-106,13,,,,,,,,,,,,,,
,XYZ401,UE10008,rlf,RLF,FAIL,Coverage,-117,-10,,,,,,,,,,,,,,
,XYZ410,UE10496,rlf,RLF,FAIL,Coverage,-103,16,,,,,,,,,,,,,,
,XYZ402,UE10724,rlf,RLF,FAIL,Interference,-87,17,,,,,,,,,,,,,,
,XYZ403,UE10559,rlf,RLF,FAIL,Interference,-97,-6,,,,,,,,,,,,,,
,XYZ407,UE10560,rlf,RLF,FAIL,Interference,-95,-2,,,,,,,,,,,,,,
,XYZ409,UE10820,rlf,RLF,FAIL,Post_HO,-107,1,,,,,,,,,,,,,,
,XYZ403,UE10439,rlf,RLF,FAIL,Post_HO,-106,-2,,,,,,,,,,,,,,
,XYZ408,UE10551,rlf,RLF,FAIL,Coverage,-103,7,,,,,,,,,,,,,,
,XYZ409,UE10874,rlf,RLF,FAIL,Coverage,-83,12,,,,,,,,,,,,,,
,XYZ410,UE10791,rlf,RLF,FAIL,Interference,-99,0,,,,,,,,,,,,,,
,XYZ407,UE10737,rlf,RLF,FAIL,Interference,-96,-10,,,,,,,,,,,,,,
,XYZ404,UE10967,rlf,RLF,FAIL,Coverage,-105,8,,,,,,,,,,,,,,
,XYZ404,UE10107,rlf,RLF,FAIL,Post_HO,-82,11,,,,,,,,,,,,,,
,XYZ404,UE10244,rlf,RLF,FAIL,Interference,-91,14,,,,,,,,,,,,,,
,XYZ406,UE10254,rlf,RLF,FAIL,Interference,-119,-1,,,,,,,,,,,,,,
,XYZ404,UE10032,rlf,RLF,FAIL,Interference,-104,-9,,,,,,,,,,,,,,
,XYZ405,UE10022,rlf,RLF,FAIL,Coverage,-116,-4,,,,,,,,,,,,,,
,XYZ409,UE10844,rlf,RLF,FAIL,Post_HO,-103,9,,,,,,,,,,,,,,
,XYZ407,UE10565,rlf,RLF,FAIL,Interference,-111,-9,,,,,,,,,,,,,,
,XYZ408,UE10820,rlf,RLF,FAIL,Interference,-96,8,,,,,,,,,,,,,,
,XYZ405,UE10048,rlf,RLF,FAIL,Coverage,-92,-5,,,,,,,,,,,,,,
,XYZ405,UE10461,rlf,RLF,FAIL,Post_HO,-113,-1,,,,,,,,,,,,,,
,XYZ407,UE10589,rlf,RLF,FAIL,Coverage,-122,-2,,,,,,,,,,,,,,
,XYZ408,UE10335,rlf,RLF,FAIL,Coverage,-108,-3,,,,,,,,,,,,,,
,XYZ409,UE10944,rlf,RLF,FAIL,Interference,-103,15,,,,,,,,,,,,,,
,XYZ402,UE10357,rlf,RLF,FAIL,Coverage,-93,19,,,,,,,,,,,,,,
,XYZ403,UE10121,rlf,RLF,FAIL,Interference,-92,0,,,,,,,,,,,,,,
,XYZ402,UE10443,rlf,RLF,FAIL,Post_HO,-92,-2,,,,,,,,,,,,,,
,XYZ410,UE10358,rlf,RLF,FAIL,Interference,-90,9,,,,,,,,,,,,,,
,XYZ407,UE10601,rlf,RLF,FAIL,Coverage,-91,17,,,,,,,,,,,,,,
,XYZ402,UE10345,rlf,RLF,FAIL,Post_HO,-109,9,,,,,,,,,,,,,,
,XYZ402,UE10192,rlf,RLF,FAIL,Interference,-98,-2,,,,,,,,,,,,,,
,XYZ402,UE10415,rlf,RLF,FAIL,Coverage,-112,-3,,,,,,,,,,,,,,
,XYZ404,UE10376,rlf,RLF,FAIL,Interference,-92,17,,,,,,,,,,,,,,
,XYZ401,UE10462,rlf,RLF,FAIL,Post_HO,-115,4,,,,,,,,,,,,,,
,XYZ402,UE10755,rlf,RLF,FAIL,Coverage,-113,-9,,,,,,,,,,,,,,
,XYZ403,UE10660,rlf,RLF,FAIL,Post_HO,-93,13,,,,,,,,,,,,,,
,XYZ407,UE10145,rlf,RLF,FAIL,Coverage,-124,-10,,,,,,,,,,,,,,
,XYZ410,UE10477,rlf,RLF,FAIL,Interference,-92,-2,,,,,,,,,,,,,,
,XYZ401,UE10827,rlf,RLF,FAIL,Interference,-97,-2,,,,,,,,,,,,,,
,XYZ406,UE10889,rlf,RLF,FAIL,Post_HO,-89,2,,,,,,,,,,,,,,
,XYZ403,UE10652,rlf,RLF,FAIL,Coverage,-122,-3,,,,,,,,,,,,,,
,XYZ403,UE10407,rlf,RLF,FAIL,Interference,-114,16,,,,,,,,,,,,,,
,XYZ404,UE10285,rlf,RLF,FAIL,Post_HO,-100,10,,,,,,,,,,,,,,
,XYZ404,UE10897,rlf,RLF,FAIL,Interference,-98,-6,,,,,,,,,,,,,,
,XYZ407,UE10850,rlf,RLF,FAIL,Post_HO,-123,18,,,,,,,,,,,,,,
,XYZ403,UE10110,rlf,RLF,FAIL,Interference,-106,-8,,,,,,,,,,,,,,
,XYZ408,UE10619,rlf,RLF,FAIL,Coverage,-116,10,,,,,,,,,,,,,,
,XYZ408,UE10878,rlf,RLF,FAIL,Interference,-108,-7,,,,,,,,,,,,,,
,XYZ407,UE10792,rlf,RLF,FAIL,Coverage,-99,6,,,,,,,,,,,,,,
,XYZ402,UE10049,rlf,RLF,FAIL,Post_HO,-95,5,,,,,,,,,,,,,,
,XYZ405,UE10013,rlf,RLF,FAIL,Post_HO,-99,5,,,,,,,,,,,,,,
,XYZ406,UE10133,rlf,RLF,FAIL,Post_HO,-84,14,,,,,,,,,,,,,,
,XYZ410,UE10587,rlf,RLF,FAIL,Coverage,-125,15,,,,,,,,,,,,,,
,XYZ404,UE10595,rlf,RLF,FAIL,Interference,-120,19,,,,,,,,,,,,,,
,XYZ410,UE10342,rlf,RLF,FAIL,Coverage,-115,9,,,,,,,,,,,,,,
,XYZ405,UE10669,rlf,RLF,FAIL,Coverage,-92,-8,,,,,,,,,,,,,,
,XYZ409,UE10285,rlf,RLF,FAIL,Post_HO,-87,-5,,,,,,,,,,,,,,
,XYZ407,UE10933,rlf,RLF,FAIL,Post_HO,-106,-10,,,,,,,,,,,,,,
,XYZ402,UE10313,rlf,RLF,FAIL,Interference,-105,10,,,,,,,,,,,,,,
,XYZ401,UE10605,rlf,RLF,FAIL,Post_HO,-105,5,,,,,,,,,,,,,,
,XYZ402,UE10296,rlf,RLF,FAIL,Interference,-108,4,,,,,,,,,,,,,,
,XYZ403,UE10605,rlf,RLF,FAIL,Interference,-105,-4,,,,,,,,,,,,,,
,XYZ402,UE10568,rlf,RLF,FAIL,Coverage,-107,-9,,,,,,,,,,,,,,
,XYZ403,UE10163,rlf,RLF,FAIL,Coverage,-122,-1,,,,,,,,,,,,,,
,XYZ410,UE10831,rlf,RLF,FAIL,Post_HO,-113,14,,,,,,,,,,,,,,
,XYZ409,UE10496,rlf,RLF,FAIL,Coverage,-108,17,,,,,,,,,,,,,,
,XYZ404,UE10609,rlf,RLF,FAIL,Coverage,-97,4,,,,,,,,,,,,,,
,XYZ409,UE10015,rlf,RLF,FAIL,Interference,-101,-5,,,,,,,,,,,,,,
,XYZ403,UE10343,rlf,RLF,FAIL,Interference,-113,-9,,,,,,,,,,,,,,
,XYZ401,UE10077,rlf,RLF,FAIL,Coverage,-99,13,,,,,,,,,,,,,,
,XYZ405,UE10345,rlf,RLF,FAIL,Interference,-107,13,,,,,,,,,,,,,,
,XYZ410,UE10071,rlf,RLF,FAIL,Coverage,-125,6,,,,,,,,,,,,,,
,XYZ410,UE10269,rlf,RLF,FAIL,Post_HO,-88,17,,,,,,,,,,,,,,
,XYZ402,UE10286,rlf,RLF,FAIL,Interference,-107,-10,,,,,,,,,,,,,,
,XYZ404,UE10065,rlf,RLF,FAIL,Coverage,-125,-10,,,,,,,,,,,,,,
,XYZ402,UE10879,rlf,RLF,FAIL,Coverage,-86,17,,,,,,,,,,,,,,
,XYZ402,UE10067,rlf,RLF,FAIL,Interference,-109,-7,,,,,,,,,,,,,,
,XYZ403,UE10192,rlf,RLF,FAIL,Post_HO,-105,9,,,,,,,,,,,,,,
,XYZ405,UE10054,rlf,RLF,FAIL,Coverage,-104,5,,,,,,,,,,,,,,
,XYZ404,UE10979,rlf,RLF,FAIL,Interference,-111,-3,,,,,,,,,,,,,,
,XYZ402,UE10378,rlf,RLF,FAIL,Interference,-87,-10,,,,,,,,,,,,,,
,XYZ410,UE10973,rlf,RLF,FAIL,Interference,-87,15,,,,,,,,,,,,,,
,XYZ402,UE10167,rlf,RLF,FAIL,Coverage,-94,8,,,,,,,,,,,,,,
,XYZ406,UE10408,rlf,RLF,FAIL,Interference,-122,0,,,,,,,,,,,,,,
,XYZ407,UE10507,rlf,RLF,FAIL,Interference,-82,6,,,,,,,,,,,,,,
,XYZ410,UE10536,rlf,RLF,FAIL,Post_HO,-81,14,,,,,,,,,,,,,,
,XYZ406,UE10642,rlf,RLF,FAIL,Post_HO,-94,-1,,,,,,,,,,,,,,
,XYZ407,UE10836,rlf,RLF,FAIL,Coverage,-122,1,,,,,,,,,,,,,,
,XYZ401,UE10101,rlf,RLF,FAIL,Post_HO,-125,-2,,,,,,,,,,,,,,
,XYZ406,UE10885,rlf,RLF,FAIL,Post_HO,-93,-4,,,,,,,,,,,,,,
,XYZ403,UE10793,rlf,RLF,FAIL,Post_HO,-119,18,,,,,,,,,,,,,,
,XYZ401,UE10807,rlf,RLF,FAIL,Interference,-117,1,,,,,,,,,,,,,,
,XYZ408,UE10805,rlf,RLF,FAIL,Interference,-125,4,,,,,,,,,,,,,,
,XYZ404,UE10421,rlf,RLF,FAIL,Post_HO,-110,-3,,,,,,,,,,,,,,
,XYZ410,UE10963,rlf,RLF,FAIL,Coverage,-108,6,,,,,,,,,,,,,,
,XYZ408,UE10774,rlf,RLF,FAIL,Post_HO,-120,-6,,,,,,,,,,,,,,
,XYZ410,UE10477,rlf,RLF,FAIL,Coverage,-124,3,,,,,,,,,,,,,,
,XYZ404,UE10925,rlf,RLF,FAIL,Interference,-117,-9,,,,,,,,,,,,,,
,XYZ404,UE10119,rlf,RLF,FAIL,Coverage,-122,5,,,,,,,,,,,,,,
,XYZ410,UE10914,rlf,RLF,FAIL,Interference,-81,18,,,,,,,,,,,,,,
,XYZ404,UE10742,rlf,RLF,FAIL,Coverage,-103,6,,,,,,,,,,,,,,
,XYZ406,UE10290,rlf,RLF,FAIL,Interference,-83,-8,,,,,,,,,,,,,,
,XYZ409,UE10487,rlf,RLF,FAIL,Interference,-81,12,,,,,,,,,,,,,,
,XYZ405,UE10160,rlf,RLF,FAIL,Post_HO,-83,-10,,,,,,,,,,,,,,
,XYZ410,UE10672,rlf,RLF,FAIL,Coverage,-118,16,,,,,,,,,,,,,,
,XYZ408,UE10077,rlf,RLF,FAIL,Post_HO,-87,7,,,,,,,,,,,,,,
,XYZ408,UE10037,rlf,RLF,FAIL,Interference,-101,7,,,,,,,,,,,,,,
,XYZ404,UE10393,rlf,RLF,FAIL,Post_HO,-110,-7,,,,,,,,,,,,,,
,XYZ410,UE10440,rlf,RLF,FAIL,Post_HO,-91,4,,,,,,,,,,,,,,
,XYZ409,UE10539,rlf,RLF,FAIL,Post_HO,-109,17,,,,,,,,,,,,,,
,XYZ409,UE10461,rlf,RLF,FAIL,Post_HO,-108,8,,,,,,,,,,,,,,
,XYZ405,UE10611,rlf,RLF,FAIL,Post_HO,-99,8,,,,,,,,,,,,,,
,XYZ406,UE10293,rlf,RLF,FAIL,Coverage,-111,-1,,,,,,,,,,,,,,
,XYZ405,UE10399,rlf,RLF,FAIL,Interference,-109,-6,,,,,,,,,,,,,,
,XYZ403,UE10635,rlf,RLF,FAIL,Coverage,-83,8,,,,,,,,,,,,,,
,XYZ408,UE10916,rlf,RLF,FAIL,Coverage,-121,0,,,,,,,,,,,,,,
,XYZ409,UE10091,rlf,RLF,FAIL,Interference,-110,-4,,,,,,,,,,,,,,
,XYZ404,UE10766,rlf,RLF,FAIL,Coverage,-111,-6,,,,,,,,,,,,,,
,XYZ409,UE10608,rlf,RLF,FAIL,Post_HO,-84,9,,,,,,,,,,,,,,
,XYZ409,UE10005,rlf,RLF,FAIL,Post_HO,-92,1,,,,,,,,,,,,,,
,XYZ407,UE10680,rlf,RLF,FAIL,Post_HO,-107,8,,,,,,,,,,,,,,
,XYZ408,UE10894,rlf,RLF,FAIL,Interference,-118,4,,,,,,,,,,,,,,
,XYZ403,UE10270,rlf,RLF,FAIL,Post_HO,-116,1,,,,,,,,,,,,,,
,XYZ405,UE10619,rlf,RLF,FAIL,Coverage,-121,-7,,,,,,,,,,,,,,
,XYZ403,UE10898,rlf,RLF,FAIL,Post_HO,-100,19,,,,,,,,,,,,,,
,XYZ407,UE10810,rlf,RLF,FAIL,Interference,-104,1,,,,,,,,,,,,,,
,XYZ406,UE10558,rlf,RLF,FAIL,Post_HO,-82,7,,,,,,,,,,,,,,
,XYZ403,UE10098,rlf,RLF,FAIL,Post_HO,-103,6,,,,,,,,,,,,,,
,XYZ409,UE10525,rlf,RLF,FAIL,Coverage,-113,8,,,,,,,,,,,,,,
,XYZ401,UE10193,rlf,RLF,FAIL,Interference,-117,5,,,,,,,,,,,,,,
,XYZ410,UE10156,rlf,RLF,FAIL,Interference,-106,0,,,,,,,,,,,,,,
,XYZ403,UE10899,rlf,RLF,FAIL,Interference,-98,-9,,,,,,,,,,,,,,
,XYZ410,UE10665,rlf,RLF,FAIL,Post_HO,-82,5,,,,,,,,,,,,,,
,XYZ407,UE10114,rlf,RLF,FAIL,Coverage,-89,-10,,,,,,,,,,,,,,
,XYZ403,UE10395,rlf,RLF,FAIL,Interference,-102,6,,,,,,,,,,,,,,
,XYZ403,UE10769,rlf,RLF,FAIL,Post_HO,-82,7,,,,,,,,,,,,,,
,XYZ402,UE10656,rlf,RLF,FAIL,Coverage,-93,18,,,,,,,,,,,,,,
,XYZ409,UE10802,rlf,RLF,FAIL,Post_HO,-106,18,,,,,,,,,,,,,,
,XYZ404,UE10521,rlf,RLF,FAIL,Post_HO,-96,14,,,,,,,,,,,,,,
,XYZ410,UE10879,rlf,RLF,FAIL,Coverage,-82,18,,,,,,,,,,,,,,
,XYZ406,UE10213,rlf,RLF,FAIL,Coverage,-117,2,,,,,,,,,,,,,,
,XYZ402,UE10744,rlf,RLF,FAIL,Interference,-81,-6,,,,,,,,,,,,,,
,XYZ409,UE10682,rlf,RLF,FAIL,Post_HO,-109,14,,,,,,,,,,,,,,
,XYZ407,UE10532,rlf,RLF,FAIL,Post_HO,-90,13,,,,,,,,,,,,,,
,XYZ410,UE10014,rlf,RLF,FAIL,Coverage,-112,18,,,,,,,,,,,,,,
,XYZ405,UE10418,rlf,RLF,FAIL,Coverage,-107,16,,,,,,,,,,,,,,
,XYZ407,UE10367,rlf,RLF,FAIL,Post_HO,-119,-5,,,,,,,,,,,,,,
,XYZ404,UE10637,rlf,RLF,FAIL,Coverage,-123,-10,,,,,,,,,,,,,,
,XYZ410,UE10852,rlf,RLF,FAIL,Interference,-93,-1,,,,,,,,,,,,,,
,XYZ407,UE10852,rlf,RLF,FAIL,Interference,-82,-6,,,,,,,,,,,,,,
,XYZ402,UE10212,rlf,RLF,FAIL,Coverage,-94,17,,,,,,,,,,,,,,
,XYZ407,UE10699,rlf,RLF,FAIL,Coverage,-115,-10,,,,,,,,,,,,,,
,XYZ404,UE10683,rlf,RLF,FAIL,Post_HO,-84,12,,,,,,,,,,,,,,
,XYZ404,UE10991,rlf,RLF,FAIL,Post_HO,-124,15,,,,,,,,,,,,,,
,XYZ401,UE10758,rlf,RLF,FAIL,Coverage,-100,19,,,,,,,,,,,,,,
,XYZ403,UE10004,rlf,RLF,FAIL,Coverage,-122,0,,,,,,,,,,,,,,
,XYZ405,UE10230,rlf,RLF,FAIL,Interference,-109,13,,,,,,,,,,,,,,
,XYZ405,UE10200,rlf,RLF,FAIL,Interference,-109,13,,,,,,,,,,,,,,
,XYZ402,UE10884,rlf,RLF,FAIL,Interference,-98,-4,,,,,,,,,,,,,,
,XYZ404,UE10401,rlf,RLF,FAIL,Coverage,-96,7,,,,,,,,,,,,,,
,XYZ401,UE10148,rlf,RLF,FAIL,Post_HO,-86,10,,,,,,,,,,,,,,
,XYZ409,UE10583,rlf,RLF,FAIL,Post_HO,-103,9,,,,,,,,,,,,,,
,XYZ401,UE10491,rlf,RLF,FAIL,Coverage,-102,10,,,,,,,,,,,,,,
,XYZ406,UE10225,rlf,RLF,FAIL,Post_HO,-97,-1,,,,,,,,,,,,,,
,XYZ407,UE10585,rlf,RLF,FAIL,Post_HO,-122,14,,,,,,,,,,,,,,
,XYZ403,UE10818,rlf,RLF,FAIL,Interference,-88,4,,,,,,,,,,,,,,
,XYZ401,UE10168,rlf,RLF,FAIL,Post_HO,-97,-7,,,,,,,,,,,,,,
,XYZ407,UE10760,rlf,RLF,FAIL,Post_HO,-107,5,,,,,,,,,,,,,,
,XYZ403,UE10791,rlf,RLF,FAIL,Coverage,-99,4,,,,,,,,,,,,,,
,XYZ410,UE10999,rlf,RLF,FAIL,Interference,-97,4,,,,,,,,,,,,,,
,XYZ406,UE10151,rlf,RLF,FAIL,Post_HO,-90,1,,,,,,,,,,,,,,
,XYZ406,UE10223,rlf,RLF,FAIL,Interference,-91,-3,,,,,,,,,,,,,,
,XYZ404,UE10503,rlf,RLF,FAIL,Interference,-120,-3,,,,,,,,,,,,,,
,XYZ406,UE10736,rlf,RLF,FAIL,Coverage,-103,7,,,,,,,,,,,,,,
,XYZ410,UE10549,rlf,RLF,FAIL,Post_HO,-87,19,,,,,,,,,,,,,,
,XYZ404,UE10043,rlf,RLF,FAIL,Interference,-82,-5,,,,,,,,,,,,,,
,XYZ408,UE10696,rlf,RLF,FAIL,Coverage,-118,-6,,,,,,,,,,,,,,
,XYZ409,UE10503,rlf,RLF,FAIL,Coverage,-124,-9,,,,,,,,,,,,,,
,XYZ402,UE10954,rlf,RLF,FAIL,Coverage,-113,1,,,,,,,,,,,,,,
,XYZ407,UE10240,rlf,RLF,FAIL,Post_HO,-86,15,,,,,,,,,,,,,,
,XYZ409,UE10929,rlf,RLF,FAIL,Coverage,-105,-7,,,,,,,,,,,,,,
,XYZ409,UE10842,rlf,RLF,FAIL,Interference,-95,12,,,,,,,,,,,,,,
,XYZ405,UE10350,rlf,RLF,FAIL,Post_HO,-90,2,,,,,,,,,,,,,,
,XYZ401,UE10721,rlf,RLF,FAIL,Interference,-88,6,,,,,,,,,,,,,,
,XYZ406,UE10022,rlf,RLF,FAIL,Interference,-99,5,,,,,,,,,,,,,,
,XYZ408,UE10635,rlf,RLF,FAIL,Post_HO,-90,-2,,,,,,,,,,,,,,
,XYZ401,UE10597,rlf,RLF,FAIL,Post_HO,-103,15,,,,,,,,,,,,,,
,XYZ402,UE10042,rlf,RLF,FAIL,Interference,-105,17,,,,,,,,,,,,,,
,XYZ401,UE10465,rlf,RLF,FAIL,Post_HO,-113,-10,,,,,,,,,,,,,,
,XYZ405,UE10039,rlf,RLF,FAIL,Post_HO,-89,4,,,,,,,,,,,,,,
,XYZ402,UE10302,rlf,RLF,FAIL,Interference,-100,1,,,,,,,,,,,,,,
,XYZ410,UE10680,rlf,RLF,FAIL,Coverage,-86,-6,,,,,,,,,,,,,,
,XYZ410,UE10174,rlf,RLF,FAIL,Post_HO,-119,12,,,,,,,,,,,,,,
,XYZ404,UE10998,rlf,RLF,FAIL,Post_HO,-87,13,,,,,,,,,,,,,,
,XYZ401,UE10531,rlf,RLF,FAIL,Coverage,-104,7,,,,,,,,,,,,,,
,XYZ407,UE10460,rlf,RLF,FAIL,Coverage,-87,9,,,,,,,,,,,,,,
,XYZ408,UE10620,rlf,RLF,FAIL,Coverage,-103,-9,,,,,,,,,,,,,,
,XYZ405,UE10192,rlf,RLF,FAIL,Interference,-96,-7,,,,,,,,,,,,,,
,XYZ402,UE10243,rlf,RLF,FAIL,Coverage,-108,4,,,,,,,,,,,,,,
,XYZ408,UE10835,rlf,RLF,FAIL,Interference,-84,-5,,,,,,,,,,,,,,
,XYZ401,UE10279,rlf,RLF,FAIL,Post_HO,-108,11,,,,,,,,,,,,,,
,XYZ407,UE10739,rlf,RLF,FAIL,Coverage,-116,1,,,,,,,,,,,,,,
,XYZ401,UE10035,rlf,RLF,FAIL,Coverage,-87,18,,,,,,,,,,,,,,
,XYZ406,UE10556,rlf,RLF,FAIL,Coverage,-96,7,,,,,,,,,,,,,,
,XYZ406,UE10897,rlf,RLF,FAIL,Post_HO,-100,16,,,,,,,,,,,,,,
,XYZ405,UE10539,rlf,RLF,FAIL,Interference,-119,9,,,,,,,,,,,,,,
,XYZ402,UE10153,rlf,RLF,FAIL,Interference,-119,-7,,,,,,,,,,,,,,
,XYZ402,UE10022,rlf,RLF,FAIL,Coverage,-121,19,,,,,,,,,,,,,,
,XYZ409,UE10718,rlf,RLF,FAIL,Coverage,-125,-10,,,,,,,,,,,,,,
,XYZ405,UE10931,rlf,RLF,FAIL,Coverage,-108,4,,,,,,,,,,,,,,
,XYZ405,UE10090,rlf,RLF,FAIL,Coverage,-113,19,,,,,,,,,,,,,,
,XYZ407,UE10389,rlf,RLF,FAIL,Post_HO,-101,7,,,,,,,,,,,,,,
,XYZ406,UE10930,rlf,RLF,FAIL,Coverage,-86,3,,,,,,,,,,,,,,
,XYZ402,UE10358,rlf,RLF,FAIL,Interference,-118,-8,,,,,,,,,,,,,,
,XYZ401,UE10549,rlf,RLF,FAIL,Post_HO,-116,18,,,,,,,,,,,,,,
,XYZ405,UE10930,rlf,RLF,FAIL,Interference,-94,4,,,,,,,,,,,,,,
,XYZ404,UE10227,rlf,RLF,FAIL,Post_HO,-109,16,,,,,,,,,,,,,,
,XYZ403,UE10201,rlf,RLF,FAIL,Interference,-88,-6,,,,,,,,,,,,,,
,XYZ402,UE10349,rlf,RLF,FAIL,Post_HO,-111,16,,,,,,,,,,,,,,
,XYZ410,UE10820,rlf,RLF,FAIL,Interference,-111,13,,,,,,,,,,,,,,
,XYZ402,UE10765,rlf,RLF,FAIL,Post_HO,-86,11,,,,,,,,,,,,,,
,XYZ404,UE10037,rlf,RLF,FAIL,Interference,-106,-8,,,,,,,,,,,,,,
,XYZ402,UE10732,rlf,RLF,FAIL,Interference,-111,11,,,,,,,,,,,,,,
,XYZ404,UE10499,rlf,RLF,FAIL,Coverage,-91,-4,,,,,,,,,,,,,,
,XYZ403,UE10698,rlf,RLF,FAIL,Post_HO,-120,-5,,,,,,,,,,,,,,
,XYZ409,UE10042,rlf,RLF,FAIL,Interference,-96,15,,,,,,,,,,,,,,
,XYZ407,UE10870,rlf,RLF,FAIL,Post_HO,-118,11,,,,,,,,,,,,,,
,XYZ403,UE10625,rlf,RLF,FAIL,Interference,-95,-10,,,,,,,,,,,,,,
,XYZ408,UE10771,rlf,RLF,FAIL,Interference,-94,8,,,,,,,,,,,,,,
,XYZ409,UE10516,rlf,RLF,FAIL,Coverage,-81,-4,,,,,,,,,,,,,,
,XYZ407,UE10067,rlf,RLF,FAIL,Coverage,-111,-7,,,,,,,,,,,,,,
,XYZ406,UE10739,rlf,RLF,FAIL,Post_HO,-108,1,,,,,,,,,,,,,,
,XYZ404,UE10122,rlf,RLF,FAIL,Coverage,-113,9,,,,,,,,,,,,,,
,XYZ405,UE10684,rlf,RLF,FAIL,Post_HO,-102,12,,,,,,,,,,,,,,
,XYZ408,UE10335,rlf,RLF,FAIL,Post_HO,-86,14,,,,,,,,,,,,,,
,XYZ403,UE10152,rlf,RLF,FAIL,Interference,-112,19,,,,,,,,,,,,,,
,XYZ402,UE10973,rlf,RLF,FAIL,Interference,-98,16,,,,,,,,,,,,,,
,XYZ403,UE10778,rlf,RLF,FAIL,Post_HO,-115,18,,,,,,,,,,,,,,
,XYZ407,UE10668,rlf,RLF,FAIL,Interference,-120,18,,,,,,,,,,,,,,
,XYZ408,UE10161,rlf,RLF,FAIL,Interference,-101,7,,,,,,,,,,,,,,
,XYZ401,UE10213,rlf,RLF,FAIL,Interference,-125,-2,,,,,,,,,,,,,,
,XYZ407,UE10909,rlf,RLF,FAIL,Post_HO,-101,8,,,,,,,,,,,,,,
,XYZ409,UE10375,rlf,RLF,FAIL,Coverage,-124,11,,,,,,,,,,,,,,
,XYZ403,UE10919,rlf,RLF,FAIL,Interference,-94,-7,,,,,,,,,,,,,,
,XYZ403,UE10442,rlf,RLF,FAIL,Coverage,-113,-10,,,,,,,,,,,,,,
,XYZ408,UE10422,rlf,RLF,FAIL,Interference,-93,-2,,,,,,,,,,,,,,
,XYZ404,UE10537,rlf,RLF,FAIL,Post_HO,-94,16,,,,,,,,,,,,,,
,XYZ408,UE10938,rlf,RLF,FAIL,Post_HO,-102,4,,,,,,,,,,,,,,
,XYZ405,UE10803,rlf,RLF,FAIL,Interference,-99,11,,,,,,,,,,,,,,
,XYZ403,UE10934,rlf,RLF,FAIL,Coverage,-122,-3,,,,,,,,,,,,,,
,XYZ404,UE10700,rlf,RLF,FAIL,Post_HO,-102,4,,,,,,,,,,,,,,
,XYZ404,UE10911,rlf,RLF,FAIL,Coverage,-103,4,,,,,,,,,,,,,,
,XYZ408,UE10633,rlf,RLF,FAIL,Interference,-97,7,,,,,,,,,,,,,,
,XYZ406,UE10229,rlf,RLF,FAIL,Interference,-92,-4,,,,,,,,,,,,,,
,XYZ407,UE10058,rlf,RLF,FAIL,Coverage,-105,11,,,,,,,,,,,,,,
,XYZ409,UE10095,rlf,RLF,FAIL,Post_HO,-96,7,,,,,,,,,,,,,,
,XYZ406,UE10261,rlf,RLF,FAIL,Post_HO,-100,5,,,,,,,,,,,,,,
,XYZ403,UE10353,rlf,RLF,FAIL,Interference,-106,-9,,,,,,,,,,,,,,
,XYZ403,UE10311,rlf,RLF,FAIL,Post_HO,-110,-7,,,,,,,,,,,,,,
,XYZ403,UE10135,rlf,RLF,FAIL,Coverage,-123,9,,,,,,,,,,,,,,
,XYZ410,UE10861,rlf,RLF,FAIL,Post_HO,-89,5,,,,,,,,,,,,,,
,XYZ402,UE10794,rlf,RLF,FAIL,Interference,-86,-8,,,,,,,,,,,,,,
,XYZ401,UE10966,rlf,RLF,FAIL,Post_HO,-82,13,,,,,,,,,,,,,,
,XYZ410,UE10922,rlf,RLF,FAIL,Interference,-101,19,,,,,,,,,,,,,,
,XYZ401,UE10472,rlf,RLF,FAIL,Interference,-103,12,,,,,,,,,,,,,,
,XYZ404,UE10631,rlf,RLF,FAIL,Interference,-82,-9,,,,,,,,,,,,,,
,XYZ403,UE10429,rlf,RLF,FAIL,Interference,-125,-8,,,,,,,,,,,,,,
,XYZ405,UE10936,rlf,RLF,FAIL,Post_HO,-93,15,,,,,,,,,,,,,,
,XYZ409,UE10974,rlf,RLF,FAIL,Post_HO,-111,14,,,,,,,,,,,,,,
,XYZ408,UE10536,rlf,RLF,FAIL,Post_HO,-109,18,,,,,,,,,,,,,,
,XYZ409,UE10853,rlf,RLF,FAIL,Coverage,-92,-6,,,,,,,,,,,,,,
,XYZ405,UE10145,rlf,RLF,FAIL,Interference,-109,-9,,,,,,,,,,,,,,
,XYZ408,UE10523,rlf,RLF,FAIL,Post_HO,-85,8,,,,,,,,,,,,,,
,XYZ404,UE10086,rlf,RLF,FAIL,Post_HO,-82,13,,,,,,,,,,,,,,
,XYZ405,UE10946,rlf,RLF,FAIL,Coverage,-122,9,,,,,,,,,,,,,,
,XYZ403,UE10108,rlf,RLF,FAIL,Post_HO,-113,19,,,,,,,,,,,,,,
,XYZ405,UE10422,rlf,RLF,FAIL,Coverage,-122,-9,,,,,,,,,,,,,,
,XYZ403,UE10344,rlf,RLF,FAIL,Coverage,-119,-9,,,,,,,,,,,,,,
,XYZ405,UE10265,rlf,RLF,FAIL,Post_HO,-117,11,,,,,,,,,,,,,,
,XYZ405,UE10733,rlf,RLF,FAIL,Post_HO,-103,13,,,,,,,,,,,,,,
,XYZ406,UE10585,rlf,RLF,FAIL,Interference,-93,12,,,,,,,,,,,,,,
,XYZ409,UE10993,rlf,RLF,FAIL,Coverage,-93,9,,,,,,,,,,,,,,
,XYZ401,UE10493,rlf,RLF,FAIL,Post_HO,-106,7,,,,,,,,,,,,,,
,XYZ410,UE10332,rlf,RLF,FAIL,Coverage,-122,14,,,,,,,,,,,,,,
,XYZ406,UE10821,rlf,RLF,FAIL,Coverage,-125,9,,,,,,,,,,,,,,
,XYZ401,UE10412,rlf,RLF,FAIL,Coverage,-84,14,,,,,,,,,,,,,,
,XYZ406,UE10613,rlf,RLF,FAIL,Interference,-92,10,,,,,,,,,,,,,,
,XYZ402,UE10936,rlf,RLF,FAIL,Post_HO,-99,3,,,,,,,,,,,,,,
,XYZ408,UE10648,rlf,RLF,FAIL,Post_HO,-105,17,,,,,,,,,,,,,,
,XYZ403,UE10190,rlf,RLF,FAIL,Post_HO,-102,4,,,,,,,,,,,,,,
,XYZ410,UE10972,rlf,RLF,FAIL,Interference,-111,1,,,,,,,,,,,,,,
,XYZ406,UE10932,rlf,RLF,FAIL,Post_HO,-91,0,,,,,,,,,,,,,,
,XYZ406,UE10141,rlf,RLF,FAIL,Interference,-101,0,,,,,,,,,,,,,,
,XYZ404,UE10868,rlf,RLF,FAIL,Coverage,-117,19,,,,,,,,,,,,,,
,XYZ405,UE10072,rlf,RLF,FAIL,Coverage,-109,-4,,,,,,,,,,,,,,
,XYZ402,UE10839,rlf,RLF,FAIL,Interference,-105,1,,,,,,,,,,,,,,
,XYZ410,UE10166,rlf,RLF,FAIL,Post_HO,-113,5,,,,,,,,,,,,,,
,XYZ410,UE10167,rlf,RLF,FAIL,Interference,-123,-6,,,,,,,,,,,,,,
,XYZ408,UE10565,rlf,RLF,FAIL,Interference,-122,-9,,,,,,,,,,,,,,
,XYZ410,UE10258,rlf,RLF,FAIL,Post_HO,-122,11,,,,,,,,,,,,,,
,XYZ407,UE10438,rlf,RLF,FAIL,Post_HO,-83,5,,,,,,,,,,,,,,
,XYZ410,UE10110,rlf,RLF,FAIL,Interference,-98,12,,,,,,,,,,,,,,
,XYZ406,UE10743,rlf,RLF,FAIL,Coverage,-119,19,,,,,,,,,,,,,,
,XYZ407,UE10672,rlf,RLF,FAIL,Interference,-100,4,,,,,,,,,,,,,,
,XYZ401,UE10863,rlf,RLF,FAIL,Post_HO,-115,0,,,,,,,,,,,,,,
,XYZ405,UE10838,rlf,RLF,FAIL,Interference,-102,18,,,,,,,,,,,,,,
,XYZ407,UE10530,rlf,RLF,FAIL,Post_HO,-83,-5,,,,,,,,,,,,,,
,XYZ401,UE10289,rlf,RLF,FAIL,Coverage,-116,2,,,,,,,,,,,,,,
,XYZ402,UE10973,rlf,RLF,FAIL,Interference,-89,19,,,,,,,,,,,,,,
,XYZ409,UE10561,rlf,RLF,FAIL,Coverage,-113,8,,,,,,,,,,,,,,
,XYZ403,UE10509,rlf,RLF,FAIL,Interference,-82,-1,,,,,,,,,,,,,,
,XYZ406,UE10174,rlf,RLF,FAIL,Interference,-84,13,,,,,,,,,,,,,,
,XYZ407,UE10301,rlf,RLF,FAIL,Post_HO,-87,8,,,,,,,,,,,,,,
,XYZ409,UE10695,rlf,RLF,FAIL,Coverage,-107,19,,,,,,,,,,,,,,
,XYZ405,UE10184,rlf,RLF,FAIL,Post_HO,-107,-6,,,,,,,,,,,,,,
,XYZ404,UE10338,rlf,RLF,FAIL,Interference,-114,14,,,,,,,,,,,,,,
,XYZ402,UE10509,rlf,RLF,FAIL,Coverage,-104,16,,,,,,,,,,,,,,
,XYZ403,UE10818,rlf,RLF,FAIL,Coverage,-89,10,,,,,,,,,,,,,,
,XYZ405,UE10309,rlf,RLF,FAIL,Interference,-96,-4,,,,,,,,,,,,,,
,XYZ402,UE10506,rlf,RLF,FAIL,Interference,-114,0,,,,,,,,,,,,,,
,XYZ404,UE10345,rlf,RLF,FAIL,Post_HO,-97,3,,,,,,,,,,,,,,
,XYZ401,UE10080,rlf,RLF,FAIL,Coverage,-105,12,,,,,,,,,,,,,,
,XYZ404,UE10373,rlf,RLF,FAIL,Coverage,-115,10,,,,,,,,,,,,,,
,XYZ407,UE10155,rlf,RLF,FAIL,Post_HO,-89,5,,,,,,,,,,,,,,
,XYZ403,UE10786,rlf,RLF,FAIL,Post_HO,-108,7,,,,,,,,,,,,,,
,XYZ410,UE10794,rlf,RLF,FAIL,Coverage,-82,10,,,,,,,,,,,,,,
,XYZ408,UE10431,rlf,RLF,FAIL,Post_HO,-99,12,,,,,,,,,,,,,,
,XYZ406,UE10499,rlf,RLF,FAIL,Post_HO,-89,12,,,,,,,,,,,,,,
,XYZ406,UE10760,rlf,RLF,FAIL,Coverage,-114,-7,,,,,,,,,,,,,,
,XYZ401,UE10146,rlf,RLF,FAIL,Interference,-103,-10,,,,,,,,,,,,,,
,XYZ405,UE10480,rlf,RLF,FAIL,Interference,-92,11,,,,,,,,,,,,,,
,XYZ403,UE10434,rlf,RLF,FAIL,Post_HO,-88,18,,,,,,,,,,,,,,
,XYZ410,UE10518,rlf,RLF,FAIL,Post_HO,-103,4,,,,,,,,,,,,,,
,XYZ401,UE10668,rlf,RLF,FAIL,Coverage,-101,3,,,,,,,,,,,,,,
,XYZ408,UE10682,rlf,RLF,FAIL,Coverage,-122,8,,,,,,,,,,,,,,
,XYZ407,UE10068,rlf,RLF,FAIL,Post_HO,-96,16,,,,,,,,,,,,,,
,XYZ407,UE10605,rlf,RLF,FAIL,Post_HO,-96,-6,,,,,,,,,,,,,,
,XYZ410,UE10880,rlf,RLF,FAIL,Coverage,-113,-7,,,,,,,,,,,,,,
,XYZ410,UE10874,rlf,RLF,FAIL,Coverage,-84,2,,,,,,,,,,,,,,
,XYZ410,UE10887,rlf,RLF,FAIL,Coverage,-112,7,,,,,,,,,,,,,,
,XYZ404,UE10185,rlf,RLF,FAIL,Interference,-118,1,,,,,,,,,,,,,,
,XYZ406,UE10903,rlf,RLF,FAIL,Post_HO,-102,12,,,,,,,,,,,,,,
,XYZ409,UE10681,rlf,RLF,FAIL,Post_HO,-108,19,,,,,,,,,,,,,,
,XYZ403,UE10203,rlf,RLF,FAIL,Coverage,-91,10,,,,,,,,,,,,,,
,XYZ409,UE10553,rlf,RLF,FAIL,Post_HO,-101,4,,,,,,,,,,,,,,
,XYZ404,UE10012,rlf,RLF,FAIL,Post_HO,-109,19,,,,,,,,,,,,,,
,XYZ405,UE10665,rlf,RLF,FAIL,Coverage,-94,12,,,,,,,,,,,,,,
,XYZ407,UE10273,rlf,RLF,FAIL,Post_HO,-102,-2,,,,,,,,,,,,,,
,XYZ406,UE10297,rlf,RLF,FAIL,Coverage,-119,-7,,,,,,,,,,,,,,
,XYZ410,UE10050,rlf,RLF,FAIL,Interference,-113,-6,,,,,,,,,,,,,,
,XYZ408,UE10499,rlf,RLF,FAIL,Interference,-99,-2,,,,,,,,,,,,,,
,XYZ408,UE10368,rlf,RLF,FAIL,Interference,-121,2,,,,,,,,,,,,,,
,XYZ408,UE10723,rlf,RLF,FAIL,Interference,-90,-1,,,,,,,,,,,,,,
,XYZ403,UE10655,rlf,RLF,FAIL,Interference,-100,16,,,,,,,,,,,,,,
,XYZ410,UE10356,rlf,RLF,FAIL,Coverage,-84,5,,,,,,,,,,,,,,
,XYZ406,UE10002,rlf,RLF,FAIL,Interference,-81,19,,,,,,,,,,,,,,
,XYZ407,UE10253,rlf,RLF,FAIL,Coverage,-95,2,,,,,,,,,,,,,,
,XYZ409,UE10474,rlf,RLF,FAIL,Post_HO,-116,-7,,,,,,,,,,,,,,
,XYZ410,UE10846,rlf,RLF,FAIL,Post_HO,-100,10,,,,,,,,,,,,,,
,XYZ410,UE10505,rlf,RLF,FAIL,Post_HO,-104,2,,,,,,,,,,,,,,
,XYZ404,UE10255,rlf,RLF,FAIL,Post_HO,-114,10,,,,,,,,,,,,,,
,XYZ405,UE10609,rlf,RLF,FAIL,Interference,-94,-3,,,,,,,,,,,,,,
,XYZ408,UE10684,rlf,RLF,FAIL,Interference,-99,2,,,,,,,,,,,,,,
,XYZ401,UE10149,rlf,RLF,FAIL,Interference,-93,4,,,,,,,,,,,,,,
,XYZ406,UE10487,rlf,RLF,FAIL,Post_HO,-106,9,,,,,,,,,,,,,,
,XYZ404,UE10278,rlf,RLF,FAIL,Post_HO,-87,9,,,,,,,,,,,,,,
,XYZ405,UE10058,rlf,RLF,FAIL,Post_HO,-85,2,,,,,,,,,,,,,,
,XYZ405,UE10445,rlf,RLF,FAIL,Post_HO,-86,12,,,,,,,,,,,,,,
,XYZ402,UE10112,rlf,RLF,FAIL,Coverage,-113,16,,,,,,,,,,,,,,
,XYZ408,UE10835,rlf,RLF,FAIL,Post_HO,-112,-6,,,,,,,,,,,,,,
,XYZ402,UE10754,rlf,RLF,FAIL,Post_HO,-82,11,,,,,,,,,,,,,,
,XYZ404,UE10821,rlf,RLF,FAIL,Post_HO,-86,11,,,,,,,,,,,,,,
,XYZ405,UE10568,rlf,RLF,FAIL,Coverage,-104,17,,,,,,,,,,,,,,
,XYZ401,UE10488,rlf,RLF,FAIL,Coverage,-108,-5,,,,,,,,,,,,,,
,XYZ406,UE10406,rlf,RLF,FAIL,Interference,-97,19,,,,,,,,,,,,,,
,XYZ402,UE10366,rlf,RLF,FAIL,Post_HO,-83,15,,,,,,,,,,,,,,
,XYZ405,UE10059,rlf,RLF,FAIL,Interference,-110,-6,,,,,,,,,,,,,,
,XYZ406,UE10328,rlf,RLF,FAIL,Post_HO,-91,2,,,,,,,,,,,,,,
,XYZ408,UE10727,rlf,RLF,FAIL,Coverage,-92,18,,,,,,,,,,,,,,
,XYZ409,UE10468,rlf,RLF,FAIL,Coverage,-123,-6,,,,,,,,,,,,,,
,XYZ406,UE10744,rlf,RLF,FAIL,Coverage,-122,14,,,,,,,,,,,,,,
,XYZ405,UE10566,rlf,RLF,FAIL,Coverage,-121,2,,,,,,,,,,,,,,
,XYZ404,UE10884,rlf,RLF,FAIL,Coverage,-116,13,,,,,,,,,,,,,,
,XYZ402,UE10719,rlf,RLF,FAIL,Interference,-97,9,,,,,,,,,,,,,,
,XYZ402,UE10062,rlf,RLF,FAIL,Coverage,-94,12,,,,,,,,,,,,,,
,XYZ407,UE10183,rlf,RLF,FAIL,Interference,-95,-3,,,,,,,,,,,,,,
,XYZ405,UE10310,rlf,RLF,FAIL,Post_HO,-124,17,,,,,,,,,,,,,,
,XYZ407,UE10792,rlf,RLF,FAIL,Post_HO,-114,-2,,,,,,,,,,,,,,
,XYZ401,UE10537,rlf,RLF,FAIL,Interference,-99,10,,,,,,,,,,,,,,
,XYZ401,UE10176,rlf,RLF,FAIL,Post_HO,-121,8,,,,,,,,,,,,,,
,XYZ405,UE10574,rlf,RLF,FAIL,Post_HO,-89,18,,,,,,,,,,,,,,
,XYZ402,UE10428,rlf,RLF,FAIL,Post_HO,-99,9,,,,,,,,,,,,,,
,XYZ408,UE10072,rlf,RLF,FAIL,Post_HO,-103,4,,,,,,,,,,,,,,
,XYZ403,UE10846,rlf,RLF,FAIL,Coverage,-93,15,,,,,,,,,,,,,,
,XYZ401,UE10166,rlf,RLF,FAIL,Coverage,-122,11,,,,,,,,,,,,,,
,XYZ402,UE10224,rlf,RLF,FAIL,Coverage,-105,-1,,,,,,,,,,,,,,
,XYZ410,UE10576,rlf,RLF,FAIL,Interference,-102,0,,,,,,,,,,,,,,
,XYZ410,UE10580,rlf,RLF,FAIL,Coverage,-82,-6,,,,,,,,,,,,,,
,XYZ407,UE10951,rlf,RLF,FAIL,Coverage,-95,-2,,,,,,,,,,,,,,
,XYZ406,UE10008,rlf,RLF,FAIL,Post_HO,-82,18,,,,,,,,,,,,,,
,XYZ408,UE10235,rlf,RLF,FAIL,Interference,-102,0,,,,,,,,,,,,,,
,XYZ407,UE10709,rlf,RLF,FAIL,Coverage,-116,16,,,,,,,,,,,,,,
,XYZ410,UE10923,rlf,RLF,FAIL,Interference,-124,19,,,,,,,,,,,,,,
,XYZ408,UE10684,rlf,RLF,FAIL,Post_HO,-95,8,,,,,,,,,,,,,,
,XYZ403,UE10793,rlf,RLF,FAIL,Coverage,-101,-9,,,,,,,,,,,,,,
,XYZ406,UE10027,rlf,RLF,FAIL,Post_HO,-122,-5,,,,,,,,,,,,,,
,XYZ407,UE10807,rlf,RLF,FAIL,Post_HO,-115,18,,,,,,,,,,,,,,
,XYZ410,UE10910,rlf,RLF,FAIL,Interference,-109,12,,,,,,,,,,,,,,
,XYZ401,UE10645,rlf,RLF,FAIL,Interference,-82,10,,,,,,,,,,,,,,
,XYZ401,UE10026,rlf,RLF,FAIL,Interference,-124,-10,,,,,,,,,,,,,,
,XYZ407,UE10549,rlf,RLF,FAIL,Post_HO,-120,-8,,,,,,,,,,,,,,
,XYZ403,UE10195,rlf,RLF,FAIL,Interference,-117,-8,,,,,,,,,,,,,,
,XYZ403,UE10202,rlf,RLF,FAIL,Coverage,-121,17,,,,,,,,,,,,,,
,XYZ405,UE10084,rlf,RLF,FAIL,Post_HO,-106,3,,,,,,,,,,,,,,
,XYZ406,UE10831,rlf,RLF,FAIL,Post_HO,-97,9,,,,,,,,,,,,,,
,XYZ402,UE10029,rlf,RLF,FAIL,Post_HO,-105,19,,,,,,,,,,,,,,
,XYZ403,UE10465,rlf,RLF,FAIL,Interference,-117,15,,,,,,,,,,,,,,
,XYZ406,UE10098,rlf,RLF,FAIL,Post_HO,-98,11,,,,,,,,,,,,,,
,XYZ403,UE10898,rlf,RLF,FAIL,Interference,-118,-6,,,,,,,,,,,,,,
,XYZ405,UE10189,rlf,RLF,FAIL,Post_HO,-95,6,,,,,,,,,,,,,,
,XYZ409,UE10011,rlf,RLF,FAIL,Interference,-106,4,,,,,,,,,,,,,,
,XYZ403,UE10602,rlf,RLF,FAIL,Post_HO,-99,-5,,,,,,,,,,,,,,
,XYZ406,UE10029,rlf,RLF,FAIL,Interference,-118,3,,,,,,,,,,,,,,
,XYZ405,UE10724,rlf,RLF,FAIL,Post_HO,-105,3,,,,,,,,,,,,,,
,XYZ405,UE10037,rlf,RLF,FAIL,Coverage,-98,14,,,,,,,,,,,,,,
,XYZ406,UE10852,rlf,RLF,FAIL,Post_HO,-103,16,,,,,,,,,,,,,,
,XYZ406,UE10571,rlf,RLF,FAIL,Interference,-120,6,,,,,,,,,,,,,,
,XYZ401,UE10293,rlf,RLF,FAIL,Post_HO,-123,-3,,,,,,,,,,,,,,
,XYZ409,UE10359,rlf,RLF,FAIL,Interference,-121,-3,,,,,,,,,,,,,,
,XYZ405,UE10654,rlf,RLF,FAIL,Coverage,-117,8,,,,,,,,,,,,,,
,XYZ401,UE10913,rlf,RLF,FAIL,Coverage,-119,18,,,,,,,,,,,,,,
,XYZ408,UE10179,rlf,RLF,FAIL,Interference,-122,-2,,,,,,,,,,,,,,
,XYZ407,UE10796,rlf,RLF,FAIL,Interference,-87,0,,,,,,,,,,,,,,
,XYZ407,UE10111,rlf,RLF,FAIL,Coverage,-121,2,,,,,,,,,,,,,,
,XYZ405,UE10741,rlf,RLF,FAIL,Post_HO,-115,2,,,,,,,,,,,,,,
,XYZ401,UE10443,rlf,RLF,FAIL,Coverage,-111,16,,,,,,,,,,,,,,
,XYZ409,UE10020,rlf,RLF,FAIL,Interference,-92,13,,,,,,,,,,,,,,
,XYZ409,UE10144,rlf,RLF,FAIL,Interference,-113,8,,,,,,,,,,,,,,
,XYZ408,UE10498,rlf,RLF,FAIL,Coverage,-119,15,,,,,,,,,,,,,,
,XYZ405,UE10145,rlf,RLF,FAIL,Coverage,-86,10,,,,,,,,,,,,,,
,XYZ403,UE10440,rlf,RLF,FAIL,Post_HO,-120,8,,,,,,,,,,,,,,
,XYZ408,UE10886,rlf,RLF,FAIL,Interference,-87,-6,,,,,,,,,,,,,,
,XYZ401,UE10420,rlf,RLF,FAIL,Post_HO,-96,5,,,,,,,,,,,,,,
,XYZ403,UE10315,rlf,RLF,FAIL,Coverage,-104,-2,,,,,,,,,,,,,,
,XYZ407,UE10165,rlf,RLF,FAIL,Coverage,-101,17,,,,,,,,,,,,,,
,XYZ404,UE10651,rlf,RLF,FAIL,Post_HO,-98,9,,,,,,,,,,,,,,
,XYZ407,UE10202,rlf,RLF,FAIL,Interference,-106,11,,,,,,,,,,,,,,
,XYZ405,UE10495,rlf,RLF,FAIL,Coverage,-87,-8,,,,,,,,,,,,,,
,XYZ406,UE10755,rlf,RLF,FAIL,Coverage,-123,8,,,,,,,,,,,,,,
,XYZ407,UE10624,rlf,RLF,FAIL,Coverage,-121,-6,,,,,,,,,,,,,,
,XYZ410,UE10467,rlf,RLF,FAIL,Coverage,-125,-3,,,,,,,,,,,,,,
,XYZ407,UE10712,rlf,RLF,FAIL,Coverage,-111,3,,,,,,,,,,,,,,
,XYZ407,UE10384,rlf,RLF,FAIL,Coverage,-100,13,,,,,,,,,,,,,,
,XYZ407,UE10313,rlf,RLF,FAIL,Post_HO,-123,-8,,,,,,,,,,,,,,
,XYZ407,UE10770,rlf,RLF,FAIL,Coverage,-86,13,,,,,,,,,,,,,,
,XYZ403,UE10254,rlf,RLF,FAIL,Post_HO,-85,2,,,,,,,,,,,,,,
,XYZ403,UE10958,rlf,RLF,FAIL,Interference,-84,0,,,,,,,,,,,,,,
,XYZ407,UE10916,rlf,RLF,FAIL,Interference,-92,18,,,,,,,,,,,,,,
,XYZ402,UE10022,rlf,RLF,FAIL,Coverage,-121,-3,,,,,,,,,,,,,,
,XYZ402,UE10904,rlf,RLF,FAIL,Interference,-95,8,,,,,,,,,,,,,,
,XYZ403,UE10757,rlf,RLF,FAIL,Coverage,-113,-1,,,,,,,,,,,,,,
,XYZ404,UE10338,rlf,RLF,FAIL,Post_HO,-83,18,,,,,,,,,,,,,,
,XYZ406,UE10492,rlf,RLF,FAIL,Coverage,-125,15,,,,,,,,,,,,,,
,XYZ408,UE10822,rlf,RLF,FAIL,Post_HO,-104,7,,,,,,,,,,,,,,
,XYZ410,UE10510,rlf,RLF,FAIL,Coverage,-111,15,,,,,,,,,,,,,,
,XYZ410,UE10365,rlf,RLF,FAIL,Interference,-100,7,,,,,,,,,,,,,,
,XYZ407,UE10371,rlf,RLF,FAIL,Coverage,-108,14,,,,,,,,,,,,,,
,XYZ404,UE10914,rlf,RLF,FAIL,Post_HO,-117,-4,,,,,,,,,,,,,,
,XYZ402,UE10829,rlf,RLF,FAIL,Interference,-125,5,,,,,,,,,,,,,,
,XYZ402,UE10598,rlf,RLF,FAIL,Post_HO,-83,-5,,,,,,,,,,,,,,
,XYZ404,UE10218,rlf,RLF,FAIL,Post_HO,-117,5,,,,,,,,,,,,,,
,XYZ406,UE10474,rlf,RLF,FAIL,Post_HO,-103,5,,,,,,,,,,,,,,
,XYZ403,UE10422,rlf,RLF,FAIL,Coverage,-83,12,,,,,,,,,,,,,,
,XYZ406,UE10355,rlf,RLF,FAIL,Coverage,-81,13,,,,,,,,,,,,,,
,XYZ405,UE10459,rlf,RLF,FAIL,Coverage,-124,17,,,,,,,,,,,,,,
,XYZ405,UE10502,rlf,RLF,FAIL,Coverage,-112,-10,,,,,,,,,,,,,,
,XYZ402,UE10026,rlf,RLF,FAIL,Interference,-88,13,,,,,,,,,,,,,,
,XYZ408,UE10941,rlf,RLF,FAIL,Coverage,-86,8,,,,,,,,,,,,,,
,XYZ405,UE10801,rlf,RLF,FAIL,Interference,-108,-8,,,,,,,,,,,,,,
,XYZ402,UE10800,rlf,RLF,FAIL,Post_HO,-110,-5,,,,,,,,,,,,,,
,XYZ407,UE10859,rlf,RLF,FAIL,Interference,-97,-7,,,,,,,,,,,,,,
,XYZ409,UE10222,rlf,RLF,FAIL,Interference,-82,-7,,,,,,,,,,,,,,
,XYZ409,UE10863,rlf,RLF,FAIL,Coverage,-115,-7,,,,,,,,,,,,,,
,XYZ401,UE10689,rlf,RLF,FAIL,Coverage,-120,-1,,,,,,,,,,,,,,
,XYZ407,UE10147,rlf,RLF,FAIL,Interference,-123,-2,,,,,,,,,,,,,,
,XYZ409,UE10423,rlf,RLF,FAIL,Coverage,-112,-3,,,,,,,,,,,,,,
,XYZ406,UE10738,rlf,RLF,FAIL,Coverage,-124,8,,,,,,,,,,,,,,
,XYZ401,UE10350,rlf,RLF,FAIL,Coverage,-94,6,,,,,,,,,,,,,,
,XYZ402,UE10185,rlf,RLF,FAIL,Interference,-95,6,,,,,,,,,,,,,,
,XYZ404,UE10414,rlf,RLF,FAIL,Coverage,-115,-10,,,,,,,,,,,,,,
,XYZ404,UE10805,rlf,RLF,FAIL,Interference,-104,9,,,,,,,,,,,,,,
,XYZ402,UE10981,rlf,RLF,FAIL,Coverage,-123,3,,,,,,,,,,,,,,
,XYZ408,UE10428,rlf,RLF,FAIL,Post_HO,-95,11,,,,,,,,,,,,,,
,XYZ402,UE10040,rlf,RLF,FAIL,Post_HO,-93,9,,,,,,,,,,,,,,
,XYZ403,UE10904,rlf,RLF,FAIL,Post_HO,-102,16,,,,,,,,,,,,,,
,XYZ404,UE10392,rlf,RLF,FAIL,Post_HO,-125,0,,,,,,,,,,,,,,
,XYZ409,UE10702,rlf,RLF,FAIL,Post_HO,-82,-8,,,,,,,,,,,,,,
,XYZ410,UE10078,rlf,RLF,FAIL,Interference,-111,13,,,,,,,,,,,,,,
,XYZ401,UE10716,rlf,RLF,FAIL,Post_HO,-89,19,,,,,,,,,,,,,,
,XYZ408,UE10895,rlf,RLF,FAIL,Interference,-99,-3,,,,,,,,,,,,,,
,XYZ405,UE10789,rlf,RLF,FAIL,Post_HO,-88,11,,,,,,,,,,,,,,
,XYZ407,UE10783,rlf,RLF,FAIL,Coverage,-99,14,,,,,,,,,,,,,,
,XYZ408,UE10543,rlf,RLF,FAIL,Post_HO,-82,17,,,,,,,,,,,,,,
,XYZ405,UE10449,rlf,RLF,FAIL,Coverage,-114,-1,,,,,,,,,,,,,,
,XYZ408,UE10473,rlf,RLF,FAIL,Interference,-123,6,,,,,,,,,,,,,,
,XYZ410,UE10141,rlf,RLF,FAIL,Post_HO,-96,18,,,,,,,,,,,,,,
,XYZ408,UE10250,rlf,RLF,FAIL,Interference,-94,-3,,,,,,,,,,,,,,
,XYZ409,UE10293,rlf,RLF,FAIL,Interference,-103,11,,,,,,,,,,,,,,
,XYZ402,UE10609,rlf,RLF,FAIL,Post_HO,-124,-10,,,,,,,,,,,,,,
,XYZ403,UE10135,rlf,RLF,FAIL,Interference,-119,9,,,,,,,,,,,,,,
,XYZ401,UE10483,rlf,RLF,FAIL,Post_HO,-92,10,,,,,,,,,,,,,,
,XYZ404,UE10788,rlf,RLF,FAIL,Post_HO,-94,-4,,,,,,,,,,,,,,
,XYZ405,UE10311,rlf,RLF,FAIL,Post_HO,-87,13,,,,,,,,,,,,,,
,XYZ401,UE10813,rlf,RLF,FAIL,Post_HO,-94,-2,,,,,,,,,,,,,,
,XYZ408,UE10554,rlf,RLF,FAIL,Coverage,-83,17,,,,,,,,,,,,,,
,XYZ402,UE10631,rlf,RLF,FAIL,Interference,-83,1,,,,,,,,,,,,,,
,XYZ401,UE10731,rlf,RLF,FAIL,Coverage,-112,11,,,,,,,,,,,,,,
,XYZ402,UE10045,rlf,RLF,FAIL,Interference,-123,15,,,,,,,,,,,,,,
,XYZ405,UE10235,rlf,RLF,FAIL,Interference,-94,-2,,,,,,,,,,,,,,
,XYZ409,UE10047,rlf,RLF,FAIL,Interference,-83,9,,,,,,,,,,,,,,
,XYZ409,UE10197,rlf,RLF,FAIL,Interference,-90,13,,,,,,,,,,,,,,
,XYZ402,UE10083,rlf,RLF,FAIL,Interference,-109,-8,,,,,,,,,,,,,,
,XYZ402,UE10542,rlf,RLF,FAIL,Coverage,-123,-7,,,,,,,,,,,,,,
,XYZ403,UE10160,rlf,RLF,FAIL,Post_HO,-116,-1,,,,,,,,,,,,,,
,XYZ407,UE10427,rlf,RLF,FAIL,Coverage,-86,-7,,,,,,,,,,,,,,
,XYZ403,UE10070,rlf,RLF,FAIL,Interference,-108,11,,,,,,,,,,,,,,
,XYZ401,UE10519,rlf,RLF,FAIL,Coverage,-123,-2,,,,,,,,,,,,,,
,XYZ406,UE10968,rlf,RLF,FAIL,Interference,-87,11,,,,,,,,,,,,,,
,XYZ403,UE10897,rlf,RLF,FAIL,Post_HO,-116,-10,,,,,,,,,,,,,,
,XYZ401,UE10912,rlf,RLF,FAIL,Coverage,-117,-6,,,,,,,,,,,,,,
,XYZ404,UE10051,rlf,RLF,FAIL,Post_HO,-115,-2,,,,,,,,,,,,,,
,XYZ401,UE10044,rlf,RLF,FAIL,Interference,-93,-6,,,,,,,,,,,,,,
,XYZ401,UE10292,rlf,RLF,FAIL,Post_HO,-90,-5,,,,,,,,,,,,,,
,XYZ402,UE10937,rlf,RLF,FAIL,Coverage,-100,8,,,,,,,,,,,,,,
,XYZ410,UE10811,rlf,RLF,FAIL,Interference,-99,-3,,,,,,,,,,,,,,
,XYZ408,UE10464,rlf,RLF,FAIL,Post_HO,-88,-1,,,,,,,,,,,,,,
,XYZ402,UE10884,rlf,RLF,FAIL,Coverage,-104,0,,,,,,,,,,,,,,
,XYZ402,UE10549,rlf,RLF,FAIL,Coverage,-100,2,,,,,,,,,,,,,,
,XYZ410,UE10866,rlf,RLF,FAIL,Interference,-104,9,,,,,,,,,,,,,,
,XYZ410,UE10379,rlf,RLF,FAIL,Post_HO,-121,-7,,,,,,,,,,,,,,
,XYZ408,UE10742,rlf,RLF,FAIL,Interference,-91,0,,,,,,,,,,,,,,
,XYZ406,UE10477,rlf,RLF,FAIL,Interference,-124,1,,,,,,,,,,,,,,
,XYZ404,UE10261,rlf,RLF,FAIL,Post_HO,-91,-6,,,,,,,,,,,,,,
,XYZ403,UE10579,rlf,RLF,FAIL,Post_HO,-117,19,,,,,,,,,,,,,,
,XYZ401,UE10178,rlf,RLF,FAIL,Interference,-108,-1,,,,,,,,,,,,,,
,XYZ403,UE10356,rlf,RLF,FAIL,Interference,-83,14,,,,,,,,,,,,,,
,XYZ409,UE10418,rlf,RLF,FAIL,Interference,-114,18,,,,,,,,,,,,,,
,XYZ405,UE10697,rlf,RLF,FAIL,Coverage,-123,13,,,,,,,,,,,,,,
,XYZ406,UE10952,rlf,RLF,FAIL,Interference,-108,-4,,,,,,,,,,,,,,
,XYZ405,UE10200,rlf,RLF,FAIL,Coverage,-88,10,,,,,,,,,,,,,,
,XYZ401,UE10901,rlf,RLF,FAIL,Coverage,-119,-2,,,,,,,,,,,,,,
,XYZ410,UE10012,rlf,RLF,FAIL,Post_HO,-93,-2,,,,,,,,,,,,,,
,XYZ401,UE10442,rlf,RLF,FAIL,Coverage,-120,-1,,,,,,,,,,,,,,
,XYZ404,UE10725,rlf,RLF,FAIL,Coverage,-108,-1,,,,,,,,,,,,,,
,XYZ403,UE10731,rlf,RLF,FAIL,Interference,-81,-9,,,,,,,,,,,,,,
,XYZ408,UE10285,rlf,RLF,FAIL,Post_HO,-104,-7,,,,,,,,,,,,,,
,XYZ407,UE10755,rlf,RLF,FAIL,Post_HO,-87,-3,,,,,,,,,,,,,,
,XYZ407,UE10867,rlf,RLF,FAIL,Coverage,-117,18,,,,,,,,,,,,,,
,XYZ408,UE10257,rlf,RLF,FAIL,Post_HO,-91,3,,,,,,,,,,,,,,
,XYZ410,UE10569,rlf,RLF,FAIL,Coverage,-103,6,,,,,,,,,,,,,,
,XYZ407,UE10547,rlf,RLF,FAIL,Coverage,-114,2,,,,,,,,,,,,,,
,XYZ410,UE10839,rlf,RLF,FAIL,Post_HO,-102,10,,,,,,,,,,,,,,
,XYZ402,UE10940,rlf,RLF,FAIL,Interference,-86,13,,,,,,,,,,,,,,
,XYZ404,UE10489,rlf,RLF,FAIL,Interference,-117,7,,,,,,,,,,,,,,
,XYZ406,UE10497,rlf,RLF,FAIL,Interference,-113,7,,,,,,,,,,,,,,
,XYZ403,UE10904,rlf,RLF,FAIL,Interference,-86,2,,,,,,,,,,,,,,
,XYZ403,UE10893,rlf,RLF,FAIL,Post_HO,-84,-3,,,,,,,,,,,,,,
,XYZ406,UE10704,rlf,RLF,FAIL,Interference,-109,15,,,,,,,,,,,,,,
,XYZ401,UE10332,rlf,RLF,FAIL,Interference,-119,1,,,,,,,,,,,,,,
,XYZ401,UE10561,rlf,RLF,FAIL,Post_HO,-109,14,,,,,,,,,,,,,,
,XYZ405,UE10974,rlf,RLF,FAIL,Interference,-102,12,,,,,,,,,,,,,,
,XYZ401,UE10031,rlf,RLF,FAIL,Coverage,-124,13,,,,,,,,,,,,,,
,XYZ410,UE10609,rlf,RLF,FAIL,Post_HO,-91,10,,,,,,,,,,,,,,
,XYZ408,UE10042,rlf,RLF,FAIL,Interference,-98,-10,,,,,,,,,,,,,,
,XYZ402,UE10892,rlf,RLF,FAIL,Coverage,-107,9,,,,,,,,,,,,,,
,XYZ406,UE10350,rlf,RLF,FAIL,Post_HO,-93,7,,,,,,,,,,,,,,
,XYZ410,UE10333,rlf,RLF,FAIL,Interference,-105,-8,,,,,,,,,,,,,,
,XYZ410,UE10821,rlf,RLF,FAIL,Coverage,-116,1,,,,,,,,,,,,,,
,XYZ405,UE10558,rlf,RLF,FAIL,Post_HO,-81,8,,,,,,,,,,,,,,
,XYZ410,UE10269,rlf,RLF,FAIL,Post_HO,-117,14,,,,,,,,,,,,,,
,XYZ404,UE10943,rlf,RLF,FAIL,Post_HO,-88,2,,,,,,,,,,,,,,
,XYZ401,UE10822,rlf,RLF,FAIL,Interference,-120,-1,,,,,,,,,,,,,,
,XYZ403,UE10412,rlf,RLF,FAIL,Coverage,-84,4,,,,,,,,,,,,,,
,XYZ404,UE10942,rlf,RLF,FAIL,Coverage,-91,9,,,,,,,,,,,,,,
,XYZ402,UE10574,rlf,RLF,FAIL,Interference,-108,-9,,,,,,,,,,,,,,
,XYZ402,UE10018,rlf,RLF,FAIL,Coverage,-107,8,,,,,,,,,,,,,,
,XYZ402,UE10346,rlf,RLF,FAIL,Post_HO,-121,-8,,,,,,,,,,,,,,
,XYZ401,UE10904,rlf,RLF,FAIL,Interference,-101,3,,,,,,,,,,,,,,
,XYZ410,UE10612,rlf,RLF,FAIL,Interference,-115,-4,,,,,,,,,,,,,,
,XYZ402,UE10036,rlf,RLF,FAIL,Post_HO,-116,-3,,,,,,,,,,,,,,
,XYZ406,UE10618,rlf,RLF,FAIL,Interference,-109,18,,,,,,,,,,,,,,
,XYZ403,UE10091,rlf,RLF,FAIL,Interference,-90,0,,,,,,,,,,,,,,
,XYZ410,UE10819,rlf,RLF,FAIL,Interference,-100,18,,,,,,,,,,,,,,
,XYZ405,UE10184,rlf,RLF,FAIL,Coverage,-95,11,,,,,,,,,,,,,,
,XYZ401,UE10727,rlf,RLF,FAIL,Interference,-94,9,,,,,,,,,,,,,,
,XYZ408,UE10027,rlf,RLF,FAIL,Interference,-105,-5,,,,,,,,,,,,,,
,XYZ404,UE10547,rlf,RLF,FAIL,Post_HO,-108,18,,,,,,,,,,,,,,
,XYZ409,UE10371,rlf,RLF,FAIL,Post_HO,-108,0,,,,,,,,,,,,,,
,XYZ404,UE10831,rlf,RLF,FAIL,Coverage,-125,6,,,,,,,,,,,,,,
,XYZ402,UE10529,rlf,RLF,FAIL,Post_HO,-112,18,,,,,,,,,,,,,,
,XYZ403,UE10344,rlf,RLF,FAIL,Coverage,-118,-1,,,,,,,,,,,,,,
,XYZ405,UE10418,rlf,RLF,FAIL,Coverage,-124,13,,,,,,,,,,,,,,
,XYZ410,UE10195,rlf,RLF,FAIL,Coverage,-111,6,,,,,,,,,,,,,,
,XYZ406,UE10077,rlf,RLF,FAIL,Interference,-92,10,,,,,,,,,,,,,,
,XYZ407,UE10166,rlf,RLF,FAIL,Coverage,-90,-9,,,,,,,,,,,,,,
,XYZ404,UE10089,rlf,RLF,FAIL,Coverage,-125,-5,,,,,,,,,,,,,,
,XYZ407,UE10263,rlf,RLF,FAIL,Interference,-105,14,,,,,,,,,,,,,,
,XYZ410,UE10471,rlf,RLF,FAIL,Coverage,-84,-6,,,,,,,,,,,,,,
,XYZ403,UE10207,rlf,RLF,FAIL,Post_HO,-125,-7,,,,,,,,,,,,,,
,XYZ407,UE10723,rlf,RLF,FAIL,Post_HO,-94,19,,,,,,,,,,,,,,
,XYZ404,UE10270,rlf,RLF,FAIL,Post_HO,-106,-9,,,,,,,,,,,,,,
,XYZ408,UE10262,rlf,RLF,FAIL,Coverage,-90,1,,,,,,,,,,,,,,
,XYZ409,UE10505,rlf,RLF,FAIL,Coverage,-87,-8,,,,,,,,,,,,,,
,XYZ407,UE10784,rlf,RLF,FAIL,Interference,-96,-5,,,,,,,,,,,,,,
,XYZ408,UE10511,rlf,RLF,FAIL,Interference,-119,13,,,,,,,,,,,,,,
,XYZ408,UE10853,rlf,RLF,FAIL,Interference,-104,3,,,,,,,,,,,,,,
,XYZ402,UE10725,rlf,RLF,FAIL,Interference,-81,-3,,,,,,,,,,,,,,
,XYZ409,UE10885,rlf,RLF,FAIL,Interference,-116,10,,,,,,,,,,,,,,
,XYZ406,UE10575,rlf,RLF,FAIL,Coverage,-118,10,,,,,,,,,,,,,,
,XYZ404,UE10523,rlf,RLF,FAIL,Coverage,-99,15,,,,,,,,,,,,,,
,XYZ405,UE10721,rlf,RLF,FAIL,Coverage,-116,3,,,,,,,,,,,,,,
,XYZ410,UE10311,rlf,RLF,FAIL,Interference,-112,18,,,,,,,,,,,,,,
,XYZ405,UE10173,rlf,RLF,FAIL,Coverage,-115,-8,,,,,,,,,,,,,,
,XYZ407,UE10430,rlf,RLF,FAIL,Coverage,-120,5,,,,,,,,,,,,,,
,XYZ409,UE10767,rlf,RLF,FAIL,Coverage,-105,4,,,,,,,,,,,,,,
,XYZ407,UE10462,rlf,RLF,FAIL,Coverage,-93,-4,,,,,,,,,,,,,,
,XYZ409,UE10100,rlf,RLF,FAIL,Interference,-107,4,,,,,,,,,,,,,,
,XYZ404,UE10015,rlf,RLF,FAIL,Interference,-87,2,,,,,,,,,,,,,,
,XYZ410,UE10708,rlf,RLF,FAIL,Coverage,-102,-5,,,,,,,,,,,,,,
,XYZ410,UE10257,rlf,RLF,FAIL,Post_HO,-108,4,,,,,,,,,,,,,,
,XYZ404,UE10895,rlf,RLF,FAIL,Post_HO,-91,6,,,,,,,,,,,,,,
,XYZ406,UE10243,rlf,RLF,FAIL,Interference,-83,-7,,,,,,,,,,,,,,
,XYZ408,UE10347,rlf,RLF,FAIL,Interference,-89,11,,,,,,,,,,,,,,
,XYZ409,UE10248,rlf,RLF,FAIL,Post_HO,-107,16,,,,,,,,,,,,,,
,XYZ401,UE10104,rlf,RLF,FAIL,Interference,-102,11,,,,,,,,,,,,,,
,XYZ401,UE10693,rlf,RLF,FAIL,Post_HO,-92,16,,,,,,,,,,,,,,
,XYZ408,UE10666,rlf,RLF,FAIL,Post_HO,-104,3,,,,,,,,,,,,,,
,XYZ407,UE10286,rlf,RLF,FAIL,Coverage,-122,4,,,,,,,,,,,,,,
,XYZ409,UE10168,rlf,RLF,FAIL,Interference,-116,17,,,,,,,,,,,,,,
,XYZ403,UE10419,rlf,RLF,FAIL,Coverage,-124,1,,,,,,,,,,,,,,
,XYZ410,UE10046,rlf,RLF,FAIL,Post_HO,-118,8,,,,,,,,,,,,,,
,XYZ405,UE10042,rlf,RLF,FAIL,Post_HO,-93,11,,,,,,,,,,,,,,
,XYZ403,UE10320,rlf,RLF,FAIL,Coverage,-88,17,,,,,,,,,,,,,,
,XYZ405,UE10817,rlf,RLF,FAIL,Interference,-83,-1,,,,,,,,,,,,,,
,XYZ410,UE10220,rlf,RLF,FAIL,Coverage,-98,-5,,,,,,,,,,,,,,
,XYZ401,UE10512,rlf,RLF,FAIL,Coverage,-116,17,,,,,,,,,,,,,,
,XYZ404,UE10711,rlf,RLF,FAIL,Post_HO,-81,14,,,,,,,,,,,,,,
,XYZ406,UE10440,rlf,RLF,FAIL,Coverage,-125,-2,,,,,,,,,,,,,,
,XYZ402,UE10143,rlf,RLF,FAIL,Post_HO,-92,-9,,,,,,,,,,,,,,
,XYZ407,UE10889,rlf,RLF,FAIL,Interference,-123,-7,,,,,,,,,,,,,,
,XYZ408,UE10027,rlf,RLF,FAIL,Coverage,-117,-2,,,,,,,,,,,,,,
,XYZ401,UE10853,rlf,RLF,FAIL,Post_HO,-121,4,,,,,,,,,,,,,,
,XYZ404,UE10849,rlf,RLF,FAIL,Post_HO,-84,19,,,,,,,,,,,,,,
,XYZ404,UE10789,rlf,RLF,FAIL,Coverage,-116,2,,,,,,,,,,,,,,
,XYZ405,UE10552,rlf,RLF,FAIL,Coverage,-114,9,,,,,,,,,,,,,,
,XYZ404,UE10843,rlf,RLF,FAIL,Post_HO,-108,-3,,,,,,,,,,,,,,
,XYZ409,UE10658,rlf,RLF,FAIL,Coverage,-105,15,,,,,,,,,,,,,,
,XYZ407,UE10856,rlf,RLF,FAIL,Coverage,-105,17,,,,,,,,,,,,,,
,XYZ402,UE10689,rlf,RLF,FAIL,Coverage,-125,8,,,,,,,,,,,,,,
,XYZ401,UE10826,rlf,RLF,FAIL,Interference,-123,8,,,,,,,,,,,,,,
,XYZ409,UE10836,rlf,RLF,FAIL,Post_HO,-121,14,,,,,,,,,,,,,,
,XYZ401,UE10929,rlf,RLF,FAIL,Coverage,-101,5,,,,,,,,,,,,,,
,XYZ406,UE10166,rlf,RLF,FAIL,Post_HO,-118,0,,,,,,,,,,,,,,
,XYZ402,UE10634,rlf,RLF,FAIL,Interference,-109,-1,,,,,,,,,,,,,,
,XYZ404,UE10585,rlf,RLF,FAIL,Post_HO,-117,-3,,,,,,,,,,,,,,
,XYZ406,UE10750,rlf,RLF,FAIL,Post_HO,-94,-10,,,,,,,,,,,,,,
,XYZ405,UE10248,rlf,RLF,FAIL,Post_HO,-120,-1,,,,,,,,,,,,,,
,XYZ406,UE10774,rlf,RLF,FAIL,Post_HO,-86,19,,,,,,,,,,,,,,
,XYZ403,UE10763,rlf,RLF,FAIL,Interference,-105,7,,,,,,,,,,,,,,
,XYZ405,UE10356,rlf,RLF,FAIL,Interference,-119,-8,,,,,,,,,,,,,,
,XYZ402,UE10110,rlf,RLF,FAIL,Post_HO,-119,19,,,,,,,,,,,,,,
,XYZ407,UE10691,rlf,RLF,FAIL,Post_HO,-87,0,,,,,,,,,,,,,,
,XYZ403,UE10699,rlf,RLF,FAIL,Interference,-99,7,,,,,,,,,,,,,,
,XYZ401,UE10819,rlf,RLF,FAIL,Coverage,-118,-8,,,,,,,,,,,,,,
,XYZ408,UE10718,rlf,RLF,FAIL,Coverage,-117,-3,,,,,,,,,,,,,,
,XYZ408,UE10233,rlf,RLF,FAIL,Interference,-98,16,,,,,,,,,,,,,,
,XYZ403,UE10023,rlf,RLF,FAIL,Post_HO,-111,16,,,,,,,,,,,,,,
,XYZ407,UE10025,rlf,RLF,FAIL,Coverage,-124,17,,,,,,,,,,,,,,
,XYZ409,UE10380,rlf,RLF,FAIL,Coverage,-119,3,,,,,,,,,,,,,,
,XYZ408,UE10729,rlf,RLF,FAIL,Coverage,-108,-5,,,,,,,,,,,,,,
,XYZ403,UE10345,rlf,RLF,FAIL,Post_HO,-104,4,,,,,,,,,,,,,,
,XYZ402,UE10377,rlf,RLF,FAIL,Coverage,-116,3,,,,,,,,,,,,,,
,XYZ410,UE10521,rlf,RLF,FAIL,Interference,-93,-4,,,,,,,,,,,,,,
,XYZ407,UE10016,rlf,RLF,FAIL,Interference,-119,-1,,,,,,,,,,,,,,
,XYZ407,UE10244,rlf,RLF,FAIL,Interference,-123,4,,,,,,,,,,,,,,
,XYZ409,UE10717,rlf,RLF,FAIL,Interference,-112,18,,,,,,,,,,,,,,
,XYZ405,UE10769,rlf,RLF,FAIL,Post_HO,-82,-1,,,,,,,,,,,,,,
,XYZ404,UE10623,rlf,RLF,FAIL,Post_HO,-90,11,,,,,,,,,,,,,,
,XYZ408,UE10716,rlf,RLF,FAIL,Coverage,-113,6,,,,,,,,,,,,,,
,XYZ404,UE10538,rlf,RLF,FAIL,Post_HO,-110,16,,,,,,,,,,,,,,
,XYZ404,UE10968,rlf,RLF,FAIL,Interference,-110,8,,,,,,,,,,,,,,
,XYZ402,UE10582,rlf,RLF,FAIL,Interference,-121,18,,,,,,,,,,,,,,
,XYZ401,UE10687,rlf,RLF,FAIL,Post_HO,-101,6,,,,,,,,,,,,,,
,XYZ404,UE10201,rlf,RLF,FAIL,Coverage,-88,1,,,,,,,,,,,,,,
,XYZ407,UE10247,rlf,RLF,FAIL,Post_HO,-88,4,,,,,,,,,,,,,,
,XYZ409,UE10117,rlf,RLF,FAIL,Post_HO,-88,15,,,,,,,,,,,,,,
,XYZ409,UE10008,rlf,RLF,FAIL,Coverage,-87,1,,,,,,,,,,,,,,
,XYZ410,UE10597,rlf,RLF,FAIL,Post_HO,-85,14,,,,,,,,,,,,,,
,XYZ401,UE10022,rlf,RLF,FAIL,Interference,-100,18,,,,,,,,,,,,,,
,XYZ405,UE10966,rlf,RLF,FAIL,Interference,-113,-2,,,,,,,,,,,,,,
,XYZ407,UE10239,rlf,RLF,FAIL,Interference,-82,-6,,,,,,,,,,,,,,
,XYZ407,UE10584,rlf,RLF,FAIL,Interference,-100,-7,,,,,,,,,,,,,,
,XYZ410,UE10026,rlf,RLF,FAIL,Coverage,-125,1,,,,,,,,,,,,,,
,XYZ406,UE10983,rlf,RLF,FAIL,Coverage,-118,5,,,,,,,,,,,,,,
,XYZ410,UE10860,rlf,RLF,FAIL,Coverage,-122,-2,,,,,,,,,,,,,,
,XYZ404,UE10080,rlf,RLF,FAIL,Post_HO,-105,14,,,,,,,,,,,,,,
,XYZ403,UE10595,rlf,RLF,FAIL,Coverage,-104,-8,,,,,,,,,,,,,,
,XYZ409,UE10198,rlf,RLF,FAIL,Post_HO,-89,10,,,,,,,,,,,,,,
,XYZ410,UE10554,rlf,RLF,FAIL,Coverage,-123,-8,,,,,,,,,,,,,,
,XYZ404,UE10999,rlf,RLF,FAIL,Post_HO,-107,15,,,,,,,,,,,,,,
,XYZ408,UE10774,rlf,RLF,FAIL,Interference,-125,7,,,,,,,,,,,,,,
,XYZ401,UE10091,rlf,RLF,FAIL,Post_HO,-97,6,,,,,,,,,,,,,,
,XYZ407,UE10850,rlf,RLF,FAIL,Interference,-103,17,,,,,,,,,,,,,,
,XYZ406,UE10958,rlf,RLF,FAIL,Post_HO,-93,-1,,,,,,,,,,,,,,
,XYZ401,UE10083,rlf,RLF,FAIL,Interference,-85,-9,,,,,,,,,,,,,,
,XYZ404,UE10299,rlf,RLF,FAIL,Interference,-103,13,,,,,,,,,,,,,,
,XYZ405,UE10934,rlf,RLF,FAIL,Coverage,-121,0,,,,,,,,,,,,,,
,XYZ408,UE10295,rlf,RLF,FAIL,Interference,-119,13,,,,,,,,,,,,,,
,XYZ404,UE10646,rlf,RLF,FAIL,Interference,-120,-8,,,,,,,,,,,,,,
,XYZ403,UE10453,rlf,RLF,FAIL,Interference,-104,12,,,,,,,,,,,,,,
,XYZ402,UE10280,rlf,RLF,FAIL,Interference,-113,12,,,,,,,,,,,,,,
,XYZ404,UE10058,rlf,RLF,FAIL,Coverage,-114,-9,,,,,,,,,,,,,,
,XYZ410,UE10908,rlf,RLF,FAIL,Post_HO,-122,-2,,,,,,,,,,,,,,
,XYZ404,UE10870,rlf,RLF,FAIL,Interference,-118,8,,,,,,,,,,,,,,
,XYZ410,UE10999,rlf,RLF,FAIL,Interference,-89,-9,,,,,,,,,,,,,,
,XYZ405,UE10341,rlf,RLF,FAIL,Post_HO,-95,17,,,,,,,,,,,,,,
,XYZ407,UE10752,rlf,RLF,FAIL,Post_HO,-89,8,,,,,,,,,,,,,,
,XYZ409,UE10464,rlf,RLF,FAIL,Coverage,-81,-9,,,,,,,,,,,,,,
,XYZ402,UE10879,rlf,RLF,FAIL,Coverage,-100,4,,,,,,,,,,,,,,
,XYZ405,UE10341,rlf,RLF,FAIL,Coverage,-83,13,,,,,,,,,,,,,,
,XYZ410,UE10609,rlf,RLF,FAIL,Coverage,-118,10,,,,,,,,,,,,,,
,XYZ409,UE10061,rlf,RLF,FAIL,Interference,-86,-8,,,,,,,,,,,,,,
,XYZ408,UE10587,rach,MSG2,FAIL,,,,,,,,,,,,,,,,,
,XYZ402,UE10734,rach,MSG1,FAIL,,,,,,,,,,,,,,,,,
,XYZ402,UE10688,rach,SUCCESS,SUCCESS,,,,,,,,,,,,,,,,,
,XYZ402,UE10456,rach,SUCCESS,SUCCESS,,,,,,,,,,,,,,,,,
,XYZ403,UE10700,rach,MSG1,FAIL,,,,,,,,,,,,,,,,,
,XYZ406,UE10978,rach,SUCCESS,SUCCESS,,,,,,,,,,,,,,,,,
,XYZ401,UE10301,rach,SUCCESS,SUCCESS,,,,,,,,,,,,,,,,,
,XYZ402,UE10045,rach,MSG2,FAIL,,,,,,,,,,,,,,,,,
,XYZ410,UE10893,rach,MSG3,FAIL,,,,,,,,,,,,,,,,,
,XYZ402,UE10016,rach,SUCCESS,SUCCESS,,,,,,,,,,,,,,,,,
,XYZ401,UE10577,rach,MSG4,FAIL,,,,,,,,,,,,,,,,,
,XYZ403,UE10359,rach,MSG3,FAIL,,,,,,,,,,,,,,,,,
,XYZ410,UE10260,rach,MSG3,FAIL,,,,,,,,,,,,,,,,,
,XYZ407,UE10122,rach,MSG4,FAIL,,,,,,,,,,,,,,,,,
,XYZ401,UE10230,rach,MSG1,FAIL,,,,,,,,,,,,,,,,,
,XYZ407,UE10949,rach,MSG2,FAIL,,,,,,,,,,,,,,,,,
,XYZ405,UE10636,rach,SUCCESS,SUCCESS,,,,,,,,,,,,,,,,,
,XYZ409,UE10111,rach,MSG1,FAIL,,,,,,,,,,,,,,,,,
,XYZ402,UE10783,rach,MSG4,FAIL,,,,,,,,,,,,,,,,,
,XYZ401,UE10592,rach,MSG2,FAIL,,,,,,,,,,,,,,,,,
,XYZ409,UE10245,rach,MSG2,FAIL,,,,,,,,,,,,,,,,,
,XYZ408,UE10858,rach,MSG2,FAIL,,,,,,,,,,,,,,,,,
,XYZ410,UE10390,rach,MSG4,FAIL,,,,,,,,,,,,,,,,,
,XYZ406,UE10391,rach,MSG1,FAIL,,,,,,,,,,,,,,,,,
,XYZ405,UE10327,rach,SUCCESS,SUCCESS,,,,,,,,,,,,,,,,,
,XYZ408,UE10214,rach,MSG2,FAIL,,,,,,,,,,,,,,,,,
,XYZ408,UE10863,rach,MSG2,FAIL,,,,,,,,,,,,,,,,,
,XYZ405,UE10746,rach,MSG1,FAIL,,,,,,,,,,,,,,,,,
,XYZ407,UE10366,rach,MSG2,FAIL,,,,,,,,,,,,,,,,,
,XYZ401,UE10081,rach,MSG2,FAIL,,,,,,,,,,,,,,,,,
,XYZ404,UE10805,rach,MSG4,FAIL,,,,,,,,,,,,,,,,,
,XYZ402,UE10821,rach,MSG3,FAIL,,,,,,,,,,,,,,,,,
,XYZ410,UE10075,rach,MSG1,FAIL,,,,,,,,,,,,,,,,,
,XYZ403,UE10526,rach,MSG1,FAIL,,,,,,,,,,,,,,,,,
,XYZ401,UE10731,rach,MSG1,FAIL,,,,,,,,,,,,,,,,,
,XYZ402,UE10502,rach,MSG4,FAIL,,,,,,,,,,,,,,,,,
,XYZ401,UE10741,rach,MSG4,FAIL,,,,,,,,,,,,,,,,,
,XYZ408,UE10945,rach,SUCCESS,SUCCESS,,,,,,,,,,,,,,,,,
,XYZ404,UE10951,rach,MSG4,FAIL,,,,,,,,,,,,,,,,,
,XYZ403,UE10478,rach,MSG1,FAIL,,,,,,,,,,,,,,,,,
,XYZ401,UE10371,rach,SUCCESS,SUCCESS,,,,,,,,,,,,,,,,,
,XYZ402,UE10264,rach,MSG3,FAIL,,,,,,,,,,,,,,,,,
,XYZ403,UE10263,rach,MSG2,FAIL,,,,,,,,,,,,,,,,,
,XYZ403,UE10109,rach,MSG2,FAIL,,,,,,,,,,,,,,,,,
,XYZ406,UE10914,rach,SUCCESS,SUCCESS,,,,,,,,,,,,,,,,,
,XYZ410,UE10306,rach,MSG3,FAIL,,,,,,,,,,,,,,,,,
,XYZ408,UE10199,rach,MSG2,FAIL,,,,,,,,,,,,,,,,,
,XYZ406,UE10225,rach,SUCCESS,SUCCESS,,,,,,,,,,,,,,,,,
,XYZ402,UE10184,rach,MSG4,FAIL,,,,,,,,,,,,,,,,,
,XYZ402,UE10963,rach,MSG1,FAIL,,,,,,,,,,,,,,,,,
,XYZ407,UE10030,rach,MSG3,FAIL,,,,,,,,,,,,,,,,,
,XYZ401,UE10613,rach,MSG2,FAIL,,,,,,,,,,,,,,,,,
,XYZ401,UE10770,rach,MSG1,FAIL,,,,,,,,,,,,,,,,,
,XYZ407,UE10098,rach,SUCCESS,SUCCESS,,,,,,,,,,,,,,,,,
,XYZ409,UE10338,rach,MSG2,FAIL,,,,,,,,,,,,,,,,,
,XYZ405,UE10810,rach,MSG1,FAIL,,,,,,,,,,,,,,,,,
,XYZ401,UE10796,rach,MSG4,FAIL,,,,,,,,,,,,,,,,,
,XYZ405,UE10265,rach,MSG3,FAIL,,,,,,,,,,,,,,,,,
,XYZ401,UE10651,rach,SUCCESS,SUCCESS,,,,,,,,,,,,,,,,,
,XYZ410,UE10813,rach,MSG2,FAIL,,,,,,,,,,,,,,,,,
,XYZ409,UE10797,rach,MSG4,FAIL,,,,,,,,,,,,,,,,,
,XYZ404,UE10349,rach,MSG3,FAIL,,,,,,,,,,,,,,,,,
,XYZ409,UE10977,rach,MSG3,FAIL,,,,,,,,,,,,,,,,,
,XYZ402,UE10727,rach,MSG4,FAIL,,,,,,,,,,,,,,,,,
,XYZ407,UE10543,rach,MSG2,FAIL,,,,,,,,,,,,,,,,,
,XYZ402,UE10456,rach,MSG3,FAIL,,,,,,,,,,,,,,,,,
,XYZ404,UE10814,rach,SUCCESS,SUCCESS,,,,,,,,,,,,,,,,,
,XYZ406,UE10087,rach,MSG1,FAIL,,,,,,,,,,,,,,,,,
,XYZ402,UE10062,rach,SUCCESS,SUCCESS,,,,,,,,,,,,,,,,,
,XYZ402,UE10921,rach,MSG3,FAIL,,,,,,,,,,,,,,,,,
,XYZ402,UE10386,rach,MSG1,FAIL,,,,,,,,,,,,,,,,,
,XYZ403,UE10790,rach,MSG4,FAIL,,,,,,,,,,,,,,,,,
,XYZ405,UE10458,rach,MSG1,FAIL,,,,,,,,,,,,,,,,,
,XYZ409,UE10585,rach,MSG1,FAIL,,,,,,,,,,,,,,,,,
,XYZ406,UE10817,rach,MSG1,FAIL,,,,,,,,,,,,,,,,,
,XYZ409,UE10931,rach,MSG3,FAIL,,,,,,,,,,,,,,,,,
,XYZ410,UE10635,rach,MSG2,FAIL,,,,,,,,,,,,,,,,,
,XYZ405,UE10268,rach,MSG3,FAIL,,,,,,,,,,,,,,,,,
,XYZ406,UE10893,rach,MSG2,FAIL,,,,,,,,,,,,,,,,,
,XYZ410,UE10796,rach,MSG4,FAIL,,,,,,,,,,,,,,,,,
,XYZ408,UE10933,rach,MSG4,FAIL,,,,,,,,,,,,,,,,,
,XYZ403,UE10972,rach,MSG4,FAIL,,,,,,,,,,,,,,,,,
,XYZ402,UE10632,rach,MSG4,FAIL,,,,,,,,,,,,,,,,,
,XYZ403,UE10345,rach,MSG4,FAIL,,,,,,,,,,,,,,,,,
,XYZ409,UE10723,rach,SUCCESS,SUCCESS,,,,,,,,,,,,,,,,,
,XYZ406,UE10900,rach,MSG3,FAIL,,,,,,,,,,,,,,,,,
,XYZ410,UE10659,rach,MSG2,FAIL,,,,,,,,,,,,,,,,,
,XYZ404,UE10077,rach,MSG4,FAIL,,,,,,,,,,,,,,,,,
,XYZ410,UE10364,rach,SUCCESS,SUCCESS,,,,,,,,,,,,,,,,,
,XYZ403,UE10013,rach,SUCCESS,SUCCESS,,,,,,,,,,,,,,,,,
,XYZ402,UE10135,rach,SUCCESS,SUCCESS,,,,,,,,,,,,,,,,,
,XYZ404,UE10303,rach,MSG3,FAIL,,,,,,,,,,,,,,,,,
,XYZ409,UE10396,rach,MSG4,FAIL,,,,,,,,,,,,,,,,,
,XYZ404,UE10791,rach,SUCCESS,SUCCESS,,,,,,,,,,,,,,,,,
,XYZ405,UE10078,rach,SUCCESS,SUCCESS,,,,,,,,,,,,,,,,,
,XYZ408,UE10754,rach,MSG4,FAIL,,,,,,,,,,,,,,,,,
,XYZ402,UE10704,rach,MSG3,FAIL,,,,,,,,,,,,,,,,,
,XYZ403,UE10981,rach,SUCCESS,SUCCESS,,,,,,,,,,,,,,,,,
,XYZ406,UE10417,rach,MSG2,FAIL,,,,,,,,,,,,,,,,,
,XYZ407,UE10241,rach,MSG1,FAIL,,,,,,,,,,,,,,,,,
,XYZ404,UE10050,rach,MSG1,FAIL,,,,,,,,,,,,,,,,,
,XYZ401,UE10743,rach,MSG1,FAIL,,,,,,,,,,,,,,,,,
,XYZ407,UE10770,rach,MSG3,FAIL,,,,,,,,,,,,,,,,,
,XYZ409,UE10383,rach,SUCCESS,SUCCESS,,,,,,,,,,,,,,,,,
,XYZ401,UE10374,rach,MSG1,FAIL,,,,,,,,,,,,,,,,,
,XYZ401,UE10729,rach,MSG1,FAIL,,,,,,,,,,,,,,,,,
,XYZ401,UE10205,rach,MSG4,FAIL,,,,,,,,,,,,,,,,,
,XYZ410,UE10825,rach,SUCCESS,SUCCESS,,,,,,,,,,,,,,,,,
,XYZ407,UE10488,rach,SUCCESS,SUCCESS,,,,,,,,,,,,,,,,,
,XYZ409,UE10380,rach,MSG4,FAIL,,,,,,,,,,,,,,,,,
,XYZ403,UE10967,rach,SUCCESS,SUCCESS,,,,,,,,,,,,,,,,,
,XYZ408,UE10880,rach,MSG2,FAIL,,,,,,,,,,,,,,,,,
,XYZ409,UE10310,rach,MSG3,FAIL,,,,,,,,,,,,,,,,,
,XYZ403,UE10374,rach,MSG4,FAIL,,,,,,,,,,,,,,,,,
,XYZ403,UE10631,rach,MSG1,FAIL,,,,,,,,,,,,,,,,,
,XYZ401,UE10591,rach,SUCCESS,SUCCESS,,,,,,,,,,,,,,,,,
,XYZ402,UE10041,rach,MSG2,FAIL,,,,,,,,,,,,,,,,,
,XYZ407,UE10532,rach,MSG2,FAIL,,,,,,,,,,,,,,,,,
,XYZ403,UE10521,rach,MSG3,FAIL,,,,,,,,,,,,,,,,,
,XYZ407,UE10824,rach,MSG2,FAIL,,,,,,,,,,,,,,,,,
,XYZ405,UE10152,rach,SUCCESS,SUCCESS,,,,,,,,,,,,,,,,,
,XYZ410,UE10311,rach,SUCCESS,SUCCESS,,,,,,,,,,,,,,,,,
,XYZ408,UE10293,rach,MSG2,FAIL,,,,,,,,,,,,,,,,,
,XYZ405,UE10597,rach,SUCCESS,SUCCESS,,,,,,,,,,,,,,,,,
,XYZ403,UE10112,rach,SUCCESS,SUCCESS,,,,,,,,,,,,,,,,,
,XYZ409,UE10700,rach,MSG1,FAIL,,,,,,,,,,,,,,,,,
,XYZ407,UE10111,rach,MSG4,FAIL,,,,,,,,,,,,,,,,,
,XYZ405,UE10174,rach,SUCCESS,SUCCESS,,,,,,,,,,,,,,,,,
,XYZ407,UE10821,rach,SUCCESS,SUCCESS,,,,,,,,,,,,,,,,,
,XYZ410,UE10301,rach,MSG3,FAIL,,,,,,,,,,,,,,,,,
,XYZ409,UE10963,rach,MSG4,FAIL,,,,,,,,,,,,,,,,,
,XYZ405,UE10515,rach,MSG4,FAIL,,,,,,,,,,,,,,,,,
,XYZ407,UE10733,rach,MSG4,FAIL,,,,,,,,,,,,,,,,,
,XYZ409,UE10961,rach,MSG2,FAIL,,,,,,,,,,,,,,,,,
,XYZ401,UE10220,rach,MSG1,FAIL,,,,,,,,,,,,,,,,,
,XYZ404,UE10170,rach,MSG1,FAIL,,,,,,,,,,,,,,,,,
,XYZ401,UE10317,rach,MSG3,FAIL,,,,,,,,,,,,,,,,,
,XYZ408,UE10995,rach,MSG4,FAIL,,,,,,,,,,,,,,,,,
,XYZ403,UE10212,rach,MSG4,FAIL,,,,,,,,,,,,,,,,,
,XYZ402,UE10252,rach,SUCCESS,SUCCESS,,,,,,,,,,,,,,,,,
,XYZ404,UE10123,rach,MSG2,FAIL,,,,,,,,,,,,,,,,,
,XYZ403,UE10639,rach,MSG2,FAIL,,,,,,,,,,,,,,,,,
,XYZ405,UE10212,rach,MSG3,FAIL,,,,,,,,,,,,,,,,,
,XYZ408,UE10623,rach,MSG1,FAIL,,,,,,,,,,,,,,,,,
,XYZ410,UE10084,rach,MSG4,FAIL,,,,,,,,,,,,,,,,,
,XYZ408,UE10515,rach,MSG3,FAIL,,,,,,,,,,,,,,,,,
,XYZ407,UE10064,rach,MSG2,FAIL,,,,,,,,,,,,,,,,,
,XYZ408,UE10317,rach,MSG2,FAIL,,,,,,,,,,,,,,,,,
,XYZ405,UE10345,rach,MSG2,FAIL,,,,,,,,,,,,,,,,,
,XYZ410,UE10631,rach,MSG4,FAIL,,,,,,,,,,,,,,,,,
,XYZ410,UE10242,rach,MSG4,FAIL,,,,,,,,,,,,,,,,,
,XYZ406,UE10897,rach,MSG4,FAIL,,,,,,,,,,,,,,,,,
,XYZ408,UE10136,rach,SUCCESS,SUCCESS,,,,,,,,,,,,,,,,,
,XYZ401,UE10246,rach,MSG1,FAIL,,,,,,,,,,,,,,,,,
,XYZ406,UE10440,rach,MSG2,FAIL,,,,,,,,,,,,,,,,,
,XYZ406,UE10044,rach,MSG2,FAIL,,,,,,,,,,,,,,,,,
,XYZ405,UE10657,rach,SUCCESS,SUCCESS,,,,,,,,,,,,,,,,,
,XYZ404,UE10879,rach,MSG2,FAIL,,,,,,,,,,,,,,,,,
,XYZ401,UE10687,rach,MSG2,FAIL,,,,,,,,,,,,,,,,,
,XYZ410,UE10553,rach,MSG4,FAIL,,,,,,,,,,,,,,,,,
,XYZ408,UE10808,rach,MSG4,FAIL,,,,,,,,,,,,,,,,,
,XYZ406,UE10970,rach,MSG1,FAIL,,,,,,,,,,,,,,,,,
,XYZ403,UE10088,rach,MSG2,FAIL,,,,,,,,,,,,,,,,,
,XYZ403,UE10729,rach,MSG3,FAIL,,,,,,,,,,,,,,,,,
,XYZ406,UE10953,rach,MSG2,FAIL,,,,,,,,,,,,,,,,,
,XYZ407,UE10227,rach,MSG2,FAIL,,,,,,,,,,,,,,,,,
,XYZ408,UE10809,rach,MSG1,FAIL,,,,,,,,,,,,,,,,,
,XYZ405,UE10290,rach,MSG3,FAIL,,,,,,,,,,,,,,,,,
,XYZ410,UE10421,rach,MSG2,FAIL,,,,,,,,,,,,,,,,,
,XYZ406,UE10066,rach,MSG3,FAIL,,,,,,,,,,,,,,,,,
,XYZ401,UE10250,rach,MSG4,FAIL,,,,,,,,,,,,,,,,,
,XYZ406,UE10040,rach,MSG4,FAIL,,,,,,,,,,,,,,,,,
,XYZ409,UE10098,rach,MSG3,FAIL,,,,,,,,,,,,,,,,,
,XYZ410,UE10305,rach,MSG2,FAIL,,,,,,,,,,,,,,,,,
,XYZ404,UE10871,rach,MSG3,FAIL,,,,,,,,,,,,,,,,,
,XYZ410,UE10853,rach,MSG3,FAIL,,,,,,,,,,,,,,,,,
,XYZ401,UE10455,rach,MSG4,FAIL,,,,,,,,,,,,,,,,,
,XYZ409,UE10590,rach,MSG3,FAIL,,,,,,,,,,,,,,,,,
,XYZ404,UE10300,rach,SUCCESS,SUCCESS,,,,,,,,,,,,,,,,,
,XYZ402,UE10198,rach,SUCCESS,SUCCESS,,,,,,,,,,,,,,,,,
,XYZ401,UE10658,rach,MSG4,FAIL,,,,,,,,,,,,,,,,,
,XYZ403,UE10487,rach,MSG2,FAIL,,,,,,,,,,,,,,,,,
,XYZ407,UE10105,rach,MSG2,FAIL,,,,,,,,,,,,,,,,,
,XYZ410,UE10400,rach,MSG4,FAIL,,,,,,,,,,,,,,,,,
,XYZ402,UE10704,rach,MSG2,FAIL,,,,,,,,,,,,,,,,,
,XYZ409,UE10476,rach,MSG1,FAIL,,,,,,,,,,,,,,,,,
,XYZ402,UE10121,rach,SUCCESS,SUCCESS,,,,,,,,,,,,,,,,,
,XYZ405,UE10076,rach,MSG1,FAIL,,,,,,,,,,,,,,,,,
,XYZ408,UE10311,rach,MSG1,FAIL,,,,,,,,,,,,,,,,,
,XYZ410,UE10111,rach,MSG1,FAIL,,,,,,,,,,,,,,,,,
,XYZ408,UE10860,rach,MSG4,FAIL,,,,,,,,,,,,,,,,,
,XYZ403,UE10808,rach,MSG1,FAIL,,,,,,,,,,,,,,,,,
,XYZ402,UE10681,rach,MSG3,FAIL,,,,,,,,,,,,,,,,,
,XYZ409,UE10517,rach,MSG2,FAIL,,,,,,,,,,,,,,,,,
,XYZ403,UE10196,rach,MSG4,FAIL,,,,,,,,,,,,,,,,,
,XYZ408,UE10097,rach,MSG3,FAIL,,,,,,,,,,,,,,,,,
,XYZ402,UE10458,rach,MSG3,FAIL,,,,,,,,,,,,,,,,,
,XYZ403,UE10840,rach,SUCCESS,SUCCESS,,,,,,,,,,,,,,,,,
,XYZ401,UE10229,rach,SUCCESS,SUCCESS,,,,,,,,,,,,,,,,,
,XYZ406,UE10167,rach,MSG3,FAIL,,,,,,,,,,,,,,,,,
,XYZ407,UE10808,rach,SUCCESS,SUCCESS,,,,,,,,,,,,,,,,,
,XYZ404,UE10776,rach,MSG2,FAIL,,,,,,,,,,,,,,,,,
,XYZ401,UE10007,rach,MSG2,FAIL,,,,,,,,,,,,,,,,,
,XYZ403,UE10171,rach,SUCCESS,SUCCESS,,,,,,,,,,,,,,,,,
,XYZ409,UE10953,rach,MSG1,FAIL,,,,,,,,,,,,,,,,,
,XYZ405,UE10359,rach,MSG3,FAIL,,,,,,,,,,,,,,,,,
,XYZ406,UE10194,rach,MSG2,FAIL,,,,,,,,,,,,,,,,,
,XYZ404,UE10268,rach,SUCCESS,SUCCESS,,,,,,,,,,,,,,,,,
,XYZ401,UE10018,rach,SUCCESS,SUCCESS,,,,,,,,,,,,,,,,,
,XYZ405,UE10353,rach,MSG2,FAIL,,,,,,,,,,,,,,,,,
,XYZ405,UE10863,rach,MSG2,FAIL,,,,,,,,,,,,,,,,,
,XYZ405,UE10048,rach,MSG1,FAIL,,,,,,,,,,,,,,,,,
,XYZ406,UE10463,rach,SUCCESS,SUCCESS,,,,,,,,,,,,,,,,,
,XYZ402,UE10355,rach,SUCCESS,SUCCESS,,,,,,,,,,,,,,,,,
,XYZ401,UE10849,rach,MSG4,FAIL,,,,,,,,,,,,,,,,,
,XYZ402,UE10973,rach,MSG1,FAIL,,,,,,,,,,,,,,,,,
,XYZ410,UE10157,rach,MSG2,FAIL,,,,,,,,,,,,,,,,,
,XYZ406,UE10065,rach,MSG2,FAIL,,,,,,,,,,,,,,,,,
,XYZ405,UE10972,rach,MSG3,FAIL,,,,,,,,,,,,,,,,,
,XYZ405,UE10858,rach,MSG2,FAIL,,,,,,,,,,,,,,,,,
,XYZ406,UE10570,rach,SUCCESS,SUCCESS,,,,,,,,,,,,,,,,,
,XYZ410,UE10820,rach,MSG2,FAIL,,,,,,,,,,,,,,,,,
,XYZ407,UE10307,rach,SUCCESS,SUCCESS,,,,,,,,,,,,,,,,,
,XYZ409,UE10336,rach,SUCCESS,SUCCESS,,,,,,,,,,,,,,,,,
,XYZ407,UE10670,rach,MSG1,FAIL,,,,,,,,,,,,,,,,,
,XYZ402,UE10782,rach,MSG2,FAIL,,,,,,,,,,,,,,,,,
,XYZ406,UE10120,rach,MSG1,FAIL,,,,,,,,,,,,,,,,,
,XYZ409,UE10765,rach,SUCCESS,SUCCESS,,,,,,,,,,,,,,,,,
,XYZ407,UE10403,rach,MSG2,FAIL,,,,,,,,,,,,,,,,,
,XYZ402,UE10772,rach,MSG2,FAIL,,,,,,,,,,,,,,,,,
,XYZ403,UE10646,rach,MSG1,FAIL,,,,,,,,,,,,,,,,,
,XYZ408,UE10785,rach,MSG1,FAIL,,,,,,,,,,,,,,,,,
,XYZ409,UE10567,rach,SUCCESS,SUCCESS,,,,,,,,,,,,,,,,,
,XYZ404,UE10842,rach,SUCCESS,SUCCESS,,,,,,,,,,,,,,,,,
,XYZ409,UE10095,rach,MSG2,FAIL,,,,,,,,,,,,,,,,,
,XYZ402,UE10113,rach,MSG2,FAIL,,,,,,,,,,,,,,,,,
,XYZ405,UE10986,rach,MSG4,FAIL,,,,,,,,,,,,,,,,,
,XYZ402,UE10985,rach,MSG4,FAIL,,,,,,,,,,,,,,,,,
,XYZ401,UE10868,rach,MSG3,FAIL,,,,,,,,,,,,,,,,,
,XYZ405,UE10428,rach,SUCCESS,SUCCESS,,,,,,,,,,,,,,,,,
,XYZ402,UE10539,rach,MSG3,FAIL,,,,,,,,,,,,,,,,,
,XYZ407,UE10817,rach,MSG3,FAIL,,,,,,,,,,,,,,,,,
,XYZ408,UE10001,rach,MSG1,FAIL,,,,,,,,,,,,,,,,,
,XYZ402,UE10211,rach,MSG1,FAIL,,,,,,,,,,,,,,,,,
,XYZ407,UE10579,rach,MSG4,FAIL,,,,,,,,,,,,,,,,,
,XYZ404,UE10639,rach,MSG3,FAIL,,,,,,,,,,,,,,,,,
,XYZ401,UE10332,rach,MSG4,FAIL,,,,,,,,,,,,,,,,,
,XYZ403,UE10023,rach,SUCCESS,SUCCESS,,,,,,,,,,,,,,,,,
,XYZ401,UE10764,rach,MSG2,FAIL,,,,,,,,,,,,,,,,,
,XYZ405,UE10367,rach,MSG1,FAIL,,,,,,,,,,,,,,,,,
,XYZ408,UE10741,rach,SUCCESS,SUCCESS,,,,,,,,,,,,,,,,,
,XYZ401,UE10505,rach,SUCCESS,SUCCESS,,,,,,,,,,,,,,,,,
,XYZ409,UE10999,rach,MSG1,FAIL,,,,,,,,,,,,,,,,,
,XYZ403,UE10175,rach,MSG1,FAIL,,,,,,,,,,,,,,,,,
,XYZ405,UE10428,rach,MSG3,FAIL,,,,,,,,,,,,,,,,,
,XYZ409,UE10886,rach,MSG4,FAIL,,,,,,,,,,,,,,,,,
,XYZ405,UE10732,rach,SUCCESS,SUCCESS,,,,,,,,,,,,,,,,,
,XYZ409,UE10441,rach,MSG3,FAIL,,,,,,,,,,,,,,,,,
,XYZ410,UE10547,rach,MSG3,FAIL,,,,,,,,,,,,,,,,,
,XYZ408,UE10513,rach,SUCCESS,SUCCESS,,,,,,,,,,,,,,,,,
,XYZ407,UE10894,rach,SUCCESS,SUCCESS,,,,,,,,,,,,,,,,,
,XYZ401,UE10360,rach,MSG2,FAIL,,,,,,,,,,,,,,,,,
,XYZ404,UE10273,rach,MSG4,FAIL,,,,,,,,,,,,,,,,,
,XYZ409,UE10176,rach,SUCCESS,SUCCESS,,,,,,,,,,,,,,,,,
,XYZ410,UE10263,rach,MSG1,FAIL,,,,,,,,,,,,,,,,,
,XYZ408,UE10185,rach,MSG2,FAIL,,,,,,,,,,,,,,,,,
,XYZ404,UE10526,rach,MSG4,FAIL,,,,,,,,,,,,,,,,,
,XYZ401,UE10912,rach,MSG1,FAIL,,,,,,,,,,,,,,,,,
,XYZ410,UE10278,rach,MSG1,FAIL,,,,,,,,,,,,,,,,,
,XYZ404,UE10705,rach,MSG4,FAIL,,,,,,,,,,,,,,,,,
,XYZ403,UE10197,rach,MSG2,FAIL,,,,,,,,,,,,,,,,,
,XYZ406,UE10348,rach,MSG1,FAIL,,,,,,,,,,,,,,,,,
,XYZ405,UE10922,rach,MSG3,FAIL,,,,,,,,,,,,,,,,,
,XYZ405,UE10420,rach,MSG4,FAIL,,,,,,,,,,,,,,,,,
,XYZ402,UE10304,rach,MSG4,FAIL,,,,,,,,,,,,,,,,,
,XYZ403,UE10063,rach,SUCCESS,SUCCESS,,,,,,,,,,,,,,,,,
,XYZ406,UE10289,rach,MSG2,FAIL,,,,,,,,,,,,,,,,,
,XYZ402,UE10017,rach,MSG3,FAIL,,,,,,,,,,,,,,,,,
,XYZ404,UE10063,rach,MSG3,FAIL,,,,,,,,,,,,,,,,,
,XYZ402,UE10873,rach,SUCCESS,SUCCESS,,,,,,,,,,,,,,,,,
,XYZ409,UE10329,rach,MSG1,FAIL,,,,,,,,,,,,,,,,,
,XYZ403,UE10869,rach,MSG1,FAIL,,,,,,,,,,,,,,,,,
,XYZ410,UE10762,rach,MSG3,FAIL,,,,,,,,,,,,,,,,,
,XYZ410,UE10939,rach,MSG2,FAIL,,,,,,,,,,,,,,,,,
,XYZ406,UE10016,rach,MSG1,FAIL,,,,,,,,,,,,,,,,,
,XYZ401,UE10442,rach,MSG4,FAIL,,,,,,,,,,,,,,,,,
,XYZ410,UE10140,rach,SUCCESS,SUCCESS,,,,,,,,,,,,,,,,,
,XYZ403,UE10307,rach,MSG2,FAIL,,,,,,,,,,,,,,,,,
,XYZ408,UE10443,rach,MSG1,FAIL,,,,,,,,,,,,,,,,,
,XYZ405,UE10495,rach,MSG3,FAIL,,,,,,,,,,,,,,,,,
,XYZ408,UE10425,rach,SUCCESS,SUCCESS,,,,,,,,,,,,,,,,,
,XYZ402,UE10474,rach,MSG1,FAIL,,,,,,,,,,,,,,,,,
,XYZ407,UE10831,rach,MSG3,FAIL,,,,,,,,,,,,,,,,,
,XYZ409,UE10244,rach,MSG1,FAIL,,,,,,,,,,,,,,,,,
,XYZ407,UE10449,rach,SUCCESS,SUCCESS,,,,,,,,,,,,,,,,,
,XYZ403,UE10801,rach,MSG4,FAIL,,,,,,,,,,,,,,,,,
,XYZ407,UE10350,rach,MSG4,FAIL,,,,,,,,,,,,,,,,,
,XYZ408,UE10598,rach,MSG3,FAIL,,,,,,,,,,,,,,,,,
,XYZ401,UE10710,rach,MSG4,FAIL,,,,,,,,,,,,,,,,,
,XYZ403,UE10869,rach,SUCCESS,SUCCESS,,,,,,,,,,,,,,,,,
,XYZ405,UE10959,rach,MSG3,FAIL,,,,,,,,,,,,,,,,,
,XYZ406,UE10160,rach,MSG1,FAIL,,,,,,,,,,,,,,,,,
,XYZ403,UE10139,rach,MSG2,FAIL,,,,,,,,,,,,,,,,,
,XYZ404,UE10492,rach,MSG1,FAIL,,,,,,,,,,,,,,,,,
,XYZ405,UE10587,rach,SUCCESS,SUCCESS,,,,,,,,,,,,,,,,,
,XYZ403,UE10530,rach,MSG3,FAIL,,,,,,,,,,,,,,,,,
,XYZ404,UE10392,rach,MSG1,FAIL,,,,,,,,,,,,,,,,,
,XYZ405,UE10841,rach,MSG3,FAIL,,,,,,,,,,,,,,,,,
,XYZ402,UE10400,rach,MSG4,FAIL,,,,,,,,,,,,,,,,,
,XYZ410,UE10049,rach,MSG2,FAIL,,,,,,,,,,,,,,,,,
,XYZ409,UE10743,rach,SUCCESS,SUCCESS,,,,,,,,,,,,,,,,,
,XYZ410,UE10294,rach,MSG1,FAIL,,,,,,,,,,,,,,,,,
,XYZ408,UE10424,rach,MSG2,FAIL,,,,,,,,,,,,,,,,,
,XYZ406,UE10905,rach,SUCCESS,SUCCESS,,,,,,,,,,,,,,,,,
,XYZ410,UE10011,rach,SUCCESS,SUCCESS,,,,,,,,,,,,,,,,,
,XYZ403,UE10334,rach,MSG4,FAIL,,,,,,,,,,,,,,,,,
,XYZ402,UE10990,rach,MSG3,FAIL,,,,,,,,,,,,,,,,,
,XYZ407,UE10014,rach,MSG3,FAIL,,,,,,,,,,,,,,,,,
,XYZ408,UE10027,rach,MSG2,FAIL,,,,,,,,,,,,,,,,,
,XYZ410,UE10387,rach,MSG4,FAIL,,,,,,,,,,,,,,,,,
,XYZ401,UE10291,rach,SUCCESS,SUCCESS,,,,,,,,,,,,,,,,,
,XYZ406,UE10886,rach,MSG4,FAIL,,,,,,,,,,,,,,,,,
,XYZ407,UE10832,rach,MSG4,FAIL,,,,,,,,,,,,,,,,,
,XYZ409,UE10249,rach,MSG2,FAIL,,,,,,,,,,,,,,,,,
,XYZ403,UE10504,rach,MSG3,FAIL,,,,,,,,,,,,,,,,,
,XYZ402,UE10097,rach,MSG4,FAIL,,,,,,,,,,,,,,,,,
,XYZ405,UE10814,rach,MSG4,FAIL,,,,,,,,,,,,,,,,,
,XYZ410,UE10336,rach,MSG4,FAIL,,,,,,,,,,,,,,,,,
,XYZ401,UE10038,rach,MSG1,FAIL,,,,,,,,,,,,,,,,,
,XYZ406,UE10037,rach,MSG4,FAIL,,,,,,,,,,,,,,,,,
,XYZ409,UE10299,rach,MSG4,FAIL,,,,,,,,,,,,,,,,,
,XYZ410,UE10178,rach,SUCCESS,SUCCESS,,,,,,,,,,,,,,,,,
,XYZ409,UE10608,rach,MSG1,FAIL,,,,,,,,,,,,,,,,,
,XYZ407,UE10891,rach,MSG4,FAIL,,,,,,,,,,,,,,,,,
,XYZ407,UE10468,rach,MSG4,FAIL,,,,,,,,,,,,,,,,,
,XYZ408,UE10281,rach,MSG2,FAIL,,,,,,,,,,,,,,,,,
,XYZ410,UE10749,rach,MSG2,FAIL,,,,,,,,,,,,,,,,,
,XYZ402,UE10163,rach,MSG1,FAIL,,,,,,,,,,,,,,,,,
,XYZ406,UE10452,rach,SUCCESS,SUCCESS,,,,,,,,,,,,,,,,,
,XYZ405,UE10096,rach,MSG1,FAIL,,,,,,,,,,,,,,,,,
,XYZ405,UE10768,rach,MSG1,FAIL,,,,,,,,,,,,,,,,,
,XYZ403,UE10308,rach,MSG2,FAIL,,,,,,,,,,,,,,,,,
,XYZ403,UE10261,rach,MSG2,FAIL,,,,,,,,,,,,,,,,,
,XYZ406,UE10292,rach,SUCCESS,SUCCESS,,,,,,,,,,,,,,,,,
,XYZ410,UE10769,rach,MSG4,FAIL,,,,,,,,,,,,,,,,,
,XYZ410,UE10248,rach,SUCCESS,SUCCESS,,,,,,,,,,,,,,,,,
,XYZ407,UE10244,rach,MSG4,FAIL,,,,,,,,,,,,,,,,,
,XYZ401,UE10250,rach,MSG3,FAIL,,,,,,,,,,,,,,,,,
,XYZ403,UE10122,rach,MSG2,FAIL,,,,,,,,,,,,,,,,,
,XYZ401,UE10324,rach,MSG3,FAIL,,,,,,,,,,,,,,,,,
,XYZ410,UE10985,rach,MSG3,FAIL,,,,,,,,,,,,,,,,,
,XYZ403,UE10680,rach,MSG2,FAIL,,,,,,,,,,,,,,,,,
,XYZ405,UE10946,rach,MSG3,FAIL,,,,,,,,,,,,,,,,,
,XYZ409,UE10500,rach,MSG1,FAIL,,,,,,,,,,,,,,,,,
,XYZ403,UE10686,rach,MSG4,FAIL,,,,,,,,,,,,,,,,,
,XYZ410,UE10780,rach,SUCCESS,SUCCESS,,,,,,,,,,,,,,,,,
,XYZ410,UE10715,rach,MSG2,FAIL,,,,,,,,,,,,,,,,,
,XYZ409,UE10836,rach,MSG1,FAIL,,,,,,,,,,,,,,,,,
,XYZ401,UE10065,rach,SUCCESS,SUCCESS,,,,,,,,,,,,,,,,,
,XYZ406,UE10826,rach,SUCCESS,SUCCESS,,,,,,,,,,,,,,,,,
,XYZ409,UE10835,rach,SUCCESS,SUCCESS,,,,,,,,,,,,,,,,,
,XYZ405,UE10058,rach,MSG3,FAIL,,,,,,,,,,,,,,,,,
,XYZ410,UE10730,rach,MSG3,FAIL,,,,,,,,,,,,,,,,,
,XYZ402,UE10497,rach,MSG3,FAIL,,,,,,,,,,,,,,,,,
,XYZ405,UE10372,rach,MSG3,FAIL,,,,,,,,,,,,,,,,,
,XYZ401,UE10265,rach,MSG1,FAIL,,,,,,,,,,,,,,,,,
,XYZ409,UE10652,rach,MSG3,FAIL,,,,,,,,,,,,,,,,,
,XYZ410,UE10235,rach,MSG2,FAIL,,,,,,,,,,,,,,,,,
,XYZ410,UE10897,rach,SUCCESS,SUCCESS,,,,,,,,,,,,,,,,,
,XYZ409,UE10217,rach,MSG1,FAIL,,,,,,,,,,,,,,,,,
,XYZ406,UE10526,rach,MSG3,FAIL,,,,,,,,,,,,,,,,,
,XYZ409,UE10813,rach,SUCCESS,SUCCESS,,,,,,,,,,,,,,,,,
,XYZ403,UE10440,rach,MSG1,FAIL,,,,,,,,,,,,,,,,,
,XYZ404,UE10649,rach,SUCCESS,SUCCESS,,,,,,,,,,,,,,,,,
,XYZ406,UE10405,rach,MSG1,FAIL,,,,,,,,,,,,,,,,,
,XYZ404,UE10743,rach,MSG4,FAIL,,,,,,,,,,,,,,,,,
,XYZ401,UE10600,rach,MSG1,FAIL,,,,,,,,,,,,,,,,,
,XYZ407,UE10974,rach,MSG3,FAIL,,,,,,,,,,,,,,,,,
,XYZ405,UE10588,rach,SUCCESS,SUCCESS,,,,,,,,,,,,,,,,,
,XYZ408,UE10647,rach,SUCCESS,SUCCESS,,,,,,,,,,,,,,,,,
,XYZ409,UE10916,rach,SUCCESS,SUCCESS,,,,,,,,,,,,,,,,,
,XYZ405,UE10468,rach,MSG2,FAIL,,,,,,,,,,,,,,,,,
,XYZ408,UE10917,rach,MSG2,FAIL,,,,,,,,,,,,,,,,,
,XYZ401,UE10109,rach,MSG3,FAIL,,,,,,,,,,,,,,,,,
,XYZ401,UE10352,rach,MSG4,FAIL,,,,,,,,,,,,,,,,,
,XYZ407,UE10812,rach,MSG2,FAIL,,,,,,,,,,,,,,,,,
,XYZ406,UE10090,rach,MSG1,FAIL,,,,,,,,,,,,,,,,,
,XYZ405,UE10935,rach,MSG3,FAIL,,,,,,,,,,,,,,,,,
,XYZ405,UE10881,rach,MSG4,FAIL,,,,,,,,,,,,,,,,,
,XYZ409,UE10917,rach,MSG1,FAIL,,,,,,,,,,,,,,,,,
,XYZ401,UE10413,rach,SUCCESS,SUCCESS,,,,,,,,,,,,,,,,,
,XYZ408,UE10701,rach,MSG2,FAIL,,,,,,,,,,,,,,,,,
,XYZ402,UE10072,rach,MSG1,FAIL,,,,,,,,,,,,,,,,,
,XYZ407,UE10684,rach,MSG4,FAIL,,,,,,,,,,,,,,,,,
,XYZ406,UE10546,rach,MSG3,FAIL,,,,,,,,,,,,,,,,,
,XYZ410,UE10721,rach,MSG1,FAIL,,,,,,,,,,,,,,,,,
,XYZ402,UE10297,rach,MSG3,FAIL,,,,,,,,,,,,,,,,,
,XYZ403,UE10644,rach,SUCCESS,SUCCESS,,,,,,,,,,,,,,,,,
,XYZ404,UE10282,rach,MSG4,FAIL,,,,,,,,,,,,,,,,,
,XYZ407,UE10504,rach,MSG4,FAIL,,,,,,,,,,,,,,,,,
,XYZ408,UE10197,rach,MSG2,FAIL,,,,,,,,,,,,,,,,,
,XYZ402,UE10957,rach,MSG4,FAIL,,,,,,,,,,,,,,,,,
,XYZ408,UE10031,rach,MSG1,FAIL,,,,,,,,,,,,,,,,,
,XYZ409,UE10647,rach,MSG1,FAIL,,,,,,,,,,,,,,,,,
,XYZ407,UE10759,rach,MSG1,FAIL,,,,,,,,,,,,,,,,,
,XYZ401,UE10870,rach,SUCCESS,SUCCESS,,,,,,,,,,,,,,,,,
,XYZ406,UE10340,rach,MSG4,FAIL,,,,,,,,,,,,,,,,,
,XYZ408,UE10657,rach,MSG4,FAIL,,,,,,,,,,,,,,,,,
,XYZ405,UE10333,rach,MSG1,FAIL,,,,,,,,,,,,,,,,,
,XYZ402,UE10142,rach,MSG2,FAIL,,,,,,,,,,,,,,,,,
,XYZ405,UE10745,rach,MSG2,FAIL,,,,,,,,,,,,,,,,,
,XYZ408,UE10409,rach,MSG4,FAIL,,,,,,,,,,,,,,,,,
,XYZ402,UE10948,rach,MSG4,FAIL,,,,,,,,,,,,,,,,,
,XYZ401,UE10043,rach,MSG3,FAIL,,,,,,,,,,,,,,,,,
,XYZ404,UE10031,rach,MSG4,FAIL,,,,,,,,,,,,,,,,,
,XYZ404,UE10742,rach,MSG1,FAIL,,,,,,,,,,,,,,,,,
,XYZ409,UE10027,rach,SUCCESS,SUCCESS,,,,,,,,,,,,,,,,,
,XYZ403,UE10422,rach,MSG4,FAIL,,,,,,,,,,,,,,,,,
,XYZ404,UE10490,rach,MSG4,FAIL,,,,,,,,,,,,,,,,,
,XYZ403,UE10159,rach,MSG1,FAIL,,,,,,,,,,,,,,,,,
,XYZ402,UE10844,rach,MSG3,FAIL,,,,,,,,,,,,,,,,,
,XYZ404,UE10206,rach,MSG4,FAIL,,,,,,,,,,,,,,,,,
,XYZ408,UE10017,rach,MSG2,FAIL,,,,,,,,,,,,,,,,,
,XYZ401,UE10102,rach,MSG2,FAIL,,,,,,,,,,,,,,,,,
,XYZ408,UE10581,rach,MSG2,FAIL,,,,,,,,,,,,,,,,,
,XYZ408,UE10630,rach,SUCCESS,SUCCESS,,,,,,,,,,,,,,,,,
,XYZ403,UE10650,rach,SUCCESS,SUCCESS,,,,,,,,,,,,,,,,,
,XYZ410,UE10671,rach,MSG4,FAIL,,,,,,,,,,,,,,,,,
,XYZ410,UE10231,rach,MSG4,FAIL,,,,,,,,,,,,,,,,,
,XYZ406,UE10659,rach,MSG4,FAIL,,,,,,,,,,,,,,,,,
,XYZ404,UE10864,rach,SUCCESS,SUCCESS,,,,,,,,,,,,,,,,,
,XYZ401,UE10423,rach,MSG4,FAIL,,,,,,,,,,,,,,,,,
,XYZ401,UE10903,rach,MSG1,FAIL,,,,,,,,,,,,,,,,,
,XYZ405,UE10754,rach,MSG3,FAIL,,,,,,,,,,,,,,,,,
,XYZ408,UE10546,rach,MSG2,FAIL,,,,,,,,,,,,,,,,,
,XYZ401,UE10836,rach,MSG2,FAIL,,,,,,,,,,,,,,,,,
,XYZ402,UE10893,rach,MSG1,FAIL,,,,,,,,,,,,,,,,,
,XYZ407,UE10866,rach,MSG4,FAIL,,,,,,,,,,,,,,,,,
,XYZ408,UE10238,rach,SUCCESS,SUCCESS,,,,,,,,,,,,,,,,,
,XYZ403,UE10333,rach,MSG4,FAIL,,,,,,,,,,,,,,,,,
,XYZ408,UE10148,rach,MSG4,FAIL,,,,,,,,,,,,,,,,,
,XYZ401,UE10622,rach,MSG2,FAIL,,,,,,,,,,,,,,,,,
,XYZ409,UE10407,rach,MSG2,FAIL,,,,,,,,,,,,,,,,,
,XYZ402,UE10913,rach,MSG2,FAIL,,,,,,,,,,,,,,,,,
,XYZ404,UE10225,rach,MSG4,FAIL,,,,,,,,,,,,,,,,,
,XYZ410,UE10651,rach,MSG1,FAIL,,,,,,,,,,,,,,,,,
,XYZ403,UE10655,rach,SUCCESS,SUCCESS,,,,,,,,,,,,,,,,,
,XYZ404,UE10259,rach,MSG1,FAIL,,,,,,,,,,,,,,,,,
,XYZ406,UE10728,rach,MSG4,FAIL,,,,,,,,,,,,,,,,,
,XYZ407,UE10673,rach,SUCCESS,SUCCESS,,,,,,,,,,,,,,,,,
,XYZ405,UE10603,rach,MSG1,FAIL,,,,,,,,,,,,,,,,,
,XYZ402,UE10173,rach,SUCCESS,SUCCESS,,,,,,,,,,,,,,,,,
,XYZ403,UE10842,rach,MSG4,FAIL,,,,,,,,,,,,,,,,,
,XYZ410,UE10204,rach,SUCCESS,SUCCESS,,,,,,,,,,,,,,,,,
,XYZ403,UE10414,rach,MSG4,FAIL,,,,,,,,,,,,,,,,,
,XYZ405,UE10507,rach,SUCCESS,SUCCESS,,,,,,,,,,,,,,,,,
,XYZ404,UE10102,rach,MSG2,FAIL,,,,,,,,,,,,,,,,,
,XYZ408,UE10713,rach,MSG4,FAIL,,,,,,,,,,,,,,,,,
,XYZ406,UE10791,rach,MSG3,FAIL,,,,,,,,,,,,,,,,,
,XYZ406,UE10064,rach,SUCCESS,SUCCESS,,,,,,,,,,,,,,,,,
,XYZ401,UE10116,rach,MSG1,FAIL,,,,,,,,,,,,,,,,,
,XYZ406,UE10664,rach,MSG2,FAIL,,,,,,,,,,,,,,,,,
,XYZ403,UE10155,rach,MSG2,FAIL,,,,,,,,,,,,,,,,,
,XYZ406,UE10675,rach,SUCCESS,SUCCESS,,,,,,,,,,,,,,,,,
,XYZ410,UE10081,rach,MSG3,FAIL,,,,,,,,,,,,,,,,,
,XYZ406,UE10517,rach,MSG2,FAIL,,,,,,,,,,,,,,,,,
,XYZ402,UE10833,rach,MSG4,FAIL,,,,,,,,,,,,,,,,,
,XYZ401,UE10066,rach,SUCCESS,SUCCESS,,,,,,,,,,,,,,,,,
,XYZ403,UE10237,rach,SUCCESS,SUCCESS,,,,,,,,,,,,,,,,,
,XYZ405,UE10583,rach,MSG3,FAIL,,,,,,,,,,,,,,,,,
,XYZ404,UE10606,rach,MSG4,FAIL,,,,,,,,,,,,,,,,,
,XYZ407,UE10815,rach,MSG4,FAIL,,,,,,,,,,,,,,,,,
,XYZ404,UE10978,rach,MSG3,FAIL,,,,,,,,,,,,,,,,,
,XYZ408,UE10325,rach,MSG1,FAIL,,,,,,,,,,,,,,,,,
,XYZ407,UE10589,rach,MSG4,FAIL,,,,,,,,,,,,,,,,,
,XYZ410,UE10066,rach,MSG1,FAIL,,,,,,,,,,,,,,,,,
,XYZ409,UE10175,rach,MSG1,FAIL,,,,,,,,,,,,,,,,,
,XYZ401,UE10832,rach,SUCCESS,SUCCESS,,,,,,,,,,,,,,,,,
,XYZ405,UE10683,rach,SUCCESS,SUCCESS,,,,,,,,,,,,,,,,,
,XYZ404,UE10477,rach,MSG2,FAIL,,,,,,,,,,,,,,,,,
,XYZ406,UE10254,rach,SUCCESS,SUCCESS,,,,,,,,,,,,,,,,,
,XYZ401,UE10062,rach,MSG4,FAIL,,,,,,,,,,,,,,,,,
,XYZ406,UE10813,rach,MSG4,FAIL,,,,,,,,,,,,,,,,,
,XYZ401,UE10402,rach,MSG1,FAIL,,,,,,,,,,,,,,,,,
,XYZ401,UE10757,rach,MSG4,FAIL,,,,,,,,,,,,,,,,,
,XYZ408,UE10191,rach,SUCCESS,SUCCESS,,,,,,,,,,,,,,,,,
,XYZ402,UE10978,rach,SUCCESS,SUCCESS,,,,,,,,,,,,,,,,,
,XYZ410,UE10328,rach,SUCCESS,SUCCESS,,,,,,,,,,,,,,,,,
,XYZ406,UE10070,rach,MSG3,FAIL,,,,,,,,,,,,,,,,,
,XYZ406,UE10877,rach,MSG4,FAIL,,,,,,,,,,,,,,,,,
,XYZ406,UE10740,rach,MSG2,FAIL,,,,,,,,,,,,,,,,,
,XYZ408,UE10945,rach,MSG4,FAIL,,,,,,,,,,,,,,,,,
,XYZ404,UE10062,rach,MSG4,FAIL,,,,,,,,,,,,,,,,,
,XYZ403,UE10296,rach,MSG3,FAIL,,,,,,,,,,,,,,,,,
,XYZ406,UE10244,rach,MSG4,FAIL,,,,,,,,,,,,,,,,,
,XYZ404,UE10518,rach,MSG1,FAIL,,,,,,,,,,,,,,,,,
,XYZ402,UE10392,rach,SUCCESS,SUCCESS,,,,,,,,,,,,,,,,,
,XYZ406,UE10771,rach,SUCCESS,SUCCESS,,,,,,,,,,,,,,,,,
,XYZ410,UE10600,rach,MSG3,FAIL,,,,,,,,,,,,,,,,,
,XYZ405,UE10176,rach,SUCCESS,SUCCESS,,,,,,,,,,,,,,,,,
,XYZ409,UE10203,rach,MSG1,FAIL,,,,,,,,,,,,,,,,,
,XYZ406,UE10645,rach,MSG3,FAIL,,,,,,,,,,,,,,,,,
,XYZ403,UE10593,rach,MSG2,FAIL,,,,,,,,,,,,,,,,,
,XYZ405,UE10999,rach,SUCCESS,SUCCESS,,,,,,,,,,,,,,,,,
,XYZ410,UE10532,rach,MSG4,FAIL,,,,,,,,,,,,,,,,,
,XYZ408,UE10910,rach,MSG1,FAIL,,,,,,,,,,,,,,,,,
,XYZ409,UE10127,rach,MSG1,FAIL,,,,,,,,,,,,,,,,,
,XYZ408,UE10194,rach,SUCCESS,SUCCESS,,,,,,,,,,,,,,,,,
,XYZ403,UE10193,rach,MSG2,FAIL,,,,,,,,,,,,,,,,,
,XYZ409,UE10183,rach,MSG4,FAIL,,,,,,,,,,,,,,,,,
,XYZ403,UE10246,rach,MSG2,FAIL,,,,,,,,,,,,,,,,,
,XYZ408,UE10872,rach,MSG2,FAIL,,,,,,,,,,,,,,,,,
,XYZ410,UE10871,rach,SUCCESS,SUCCESS,,,,,,,,,,,,,,,,,
,XYZ409,UE10323,rach,MSG4,FAIL,,,,,,,,,,,,,,,,,
,XYZ407,UE10159,rach,SUCCESS,SUCCESS,,,,,,,,,,,,,,,,,
,XYZ404,UE10705,rach,SUCCESS,SUCCESS,,,,,,,,,,,,,,,,,
,XYZ410,UE10621,rach,MSG1,FAIL,,,,,,,,,,,,,,,,,
,XYZ409,UE10924,rach,SUCCESS,SUCCESS,,,,,,,,,,,,,,,,,
,XYZ403,UE10065,rach,MSG3,FAIL,,,,,,,,,,,,,,,,,
,XYZ403,UE10929,rach,MSG4,FAIL,,,,,,,,,,,,,,,,,
,XYZ402,UE10253,rach,MSG1,FAIL,,,,,,,,,,,,,,,,,
,XYZ410,UE10282,rach,MSG4,FAIL,,,,,,,,,,,,,,,,,
,XYZ403,UE10059,rach,MSG1,FAIL,,,,,,,,,,,,,,,,,
,XYZ401,UE10117,rach,MSG3,FAIL,,,,,,,,,,,,,,,,,
,XYZ404,UE10422,rach,SUCCESS,SUCCESS,,,,,,,,,,,,,,,,,
,XYZ408,UE10555,rach,MSG1,FAIL,,,,,,,,,,,,,,,,,
,XYZ405,UE10997,rach,MSG1,FAIL,,,,,,,,,,,,,,,,,
,XYZ402,UE10721,rach,MSG1,FAIL,,,,,,,,,,,,,,,,,
,XYZ403,UE10035,rach,MSG3,FAIL,,,,,,,,,,,,,,,,,
,XYZ401,UE10530,rach,MSG4,FAIL,,,,,,,,,,,,,,,,,
,XYZ402,UE10090,rach,MSG3,FAIL,,,,,,,,,,,,,,,,,
,XYZ401,UE10300,rach,MSG1,FAIL,,,,,,,,,,,,,,,,,
,XYZ402,UE10723,rach,MSG1,FAIL,,,,,,,,,,,,,,,,,
,XYZ403,UE10916,rach,SUCCESS,SUCCESS,,,,,,,,,,,,,,,,,
,XYZ401,UE10918,rach,MSG3,FAIL,,,,,,,,,,,,,,,,,
,XYZ409,UE10733,rach,MSG3,FAIL,,,,,,,,,,,,,,,,,
,XYZ410,UE10216,rach,MSG2,FAIL,,,,,,,,,,,,,,,,,
,XYZ405,UE10734,rach,MSG4,FAIL,,,,,,,,,,,,,,,,,
,XYZ408,UE10922,rach,MSG2,FAIL,,,,,,,,,,,,,,,,,
,XYZ405,UE10097,rach,MSG2,FAIL,,,,,,,,,,,,,,,,,
,XYZ408,UE10455,rach,MSG4,FAIL,,,,,,,,,,,,,,,,,
,XYZ407,UE10530,rach,SUCCESS,SUCCESS,,,,,,,,,,,,,,,,,
,XYZ404,UE10808,rach,SUCCESS,SUCCESS,,,,,,,,,,,,,,,,,
,XYZ407,UE10537,rach,MSG4,FAIL,,,,,,,,,,,,,,,,,
,XYZ406,UE10027,rach,MSG4,FAIL,,,,,,,,,,,,,,,,,
,XYZ403,UE10575,rach,MSG3,FAIL,,,,,,,,,,,,,,,,,
,XYZ409,UE10323,rach,MSG3,FAIL,,,,,,,,,,,,,,,,,
,XYZ410,UE10222,rach,MSG3,FAIL,,,,,,,,,,,,,,,,,
,XYZ409,UE10079,rach,MSG3,FAIL,,,,,,,,,,,,,,,,,
,XYZ405,UE10562,rach,MSG1,FAIL,,,,,,,,,,,,,,,,,
,XYZ408,UE10457,rach,MSG1,FAIL,,,,,,,,,,,,,,,,,
,XYZ407,UE10613,rach,SUCCESS,SUCCESS,,,,,,,,,,,,,,,,,
,XYZ407,UE10521,rach,MSG1,FAIL,,,,,,,,,,,,,,,,,
,XYZ404,UE10748,rach,MSG3,FAIL,,,,,,,,,,,,,,,,,
,XYZ404,UE10456,rach,MSG3,FAIL,,,,,,,,,,,,,,,,,
,XYZ408,UE10422,rach,MSG4,FAIL,,,,,,,,,,,,,,,,,
,XYZ406,UE10099,rach,MSG3,FAIL,,,,,,,,,,,,,,,,,
,XYZ409,UE10889,rach,MSG4,FAIL,,,,,,,,,,,,,,,,,
,XYZ410,UE10739,rach,MSG4,FAIL,,,,,,,,,,,,,,,,,
,XYZ407,UE10402,rach,MSG1,FAIL,,,,,,,,,,,,,,,,,
,XYZ407,UE10575,rach,MSG3,FAIL,,,,,,,,,,,,,,,,,
,XYZ404,UE10379,rach,MSG1,FAIL,,,,,,,,,,,,,,,,,
,XYZ408,UE10331,rach,MSG1,FAIL,,,,,,,,,,,,,,,,,
,XYZ407,UE10317,rach,MSG1,FAIL,,,,,,,,,,,,,,,,,
,XYZ404,UE10652,rach,MSG1,FAIL,,,,,,,,,,,,,,,,,
,XYZ404,UE10536,rach,SUCCESS,SUCCESS,,,,,,,,,,,,,,,,,
,XYZ401,UE10739,rach,MSG1,FAIL,,,,,,,,,,,,,,,,,
,XYZ407,UE10088,rach,MSG2,FAIL,,,,,,,,,,,,,,,,,
,XYZ401,UE10603,rach,MSG2,FAIL,,,,,,,,,,,,,,,,,
,XYZ410,UE10510,rach,MSG2,FAIL,,,,,,,,,,,,,,,,,
,XYZ410,UE10041,rach,MSG4,FAIL,,,,,,,,,,,,,,,,,
,XYZ404,UE10884,rach,MSG1,FAIL,,,,,,,,,,,,,,,,,
,XYZ403,UE10806,rach,MSG2,FAIL,,,,,,,,,,,,,,,,,
,XYZ403,UE10925,rach,MSG4,FAIL,,,,,,,,,,,,,,,,,
,XYZ401,UE10388,rach,MSG2,FAIL,,,,,,,,,,,,,,,,,
,XYZ404,UE10080,rach,MSG3,FAIL,,,,,,,,,,,,,,,,,
,XYZ401,UE10401,rach,SUCCESS,SUCCESS,,,,,,,,,,,,,,,,,
,XYZ408,UE10106,rach,MSG1,FAIL,,,,,,,,,,,,,,,,,
,XYZ401,UE10110,rach,SUCCESS,SUCCESS,,,,,,,,,,,,,,,,,
,XYZ406,UE10276,rach,SUCCESS,SUCCESS,,,,,,,,,,,,,,,,,
,XYZ407,UE10213,rach,MSG3,FAIL,,,,,,,,,,,,,,,,,
,XYZ410,UE10742,rach,MSG3,FAIL,,,,,,,,,,,,,,,,,
,XYZ402,UE10817,rach,MSG3,FAIL,,,,,,,,,,,,,,,,,
,XYZ404,UE10505,rach,MSG4,FAIL,,,,,,,,,,,,,,,,,
,XYZ403,UE10120,rach,MSG2,FAIL,,,,,,,,,,,,,,,,,
,XYZ409,UE10133,rach,MSG1,FAIL,,,,,,,,,,,,,,,,,
,XYZ402,UE10719,rach,MSG1,FAIL,,,,,,,,,,,,,,,,,
,XYZ406,UE10961,rach,MSG1,FAIL,,,,,,,,,,,,,,,,,
,XYZ409,UE10370,rach,MSG1,FAIL,,,,,,,,,,,,,,,,,
,XYZ403,UE10256,rach,MSG3,FAIL,,,,,,,,,,,,,,,,,
,XYZ406,UE10696,rach,MSG3,FAIL,,,,,,,,,,,,,,,,,
,XYZ403,UE10797,rach,MSG2,FAIL,,,,,,,,,,,,,,,,,
,XYZ403,UE10953,rach,MSG3,FAIL,,,,,,,,,,,,,,,,,
,XYZ404,UE10874,rach,MSG3,FAIL,,,,,,,,,,,,,,,,,
,XYZ409,UE10179,rach,MSG1,FAIL,,,,,,,,,,,,,,,,,
,XYZ408,UE10932,rach,MSG2,FAIL,,,,,,,,,,,,,,,,,
,XYZ401,UE10047,rach,SUCCESS,SUCCESS,,,,,,,,,,,,,,,,,
,XYZ401,UE10598,rach,MSG3,FAIL,,,,,,,,,,,,,,,,,
,XYZ407,UE10896,rach,MSG3,FAIL,,,,,,,,,,,,,,,,,
,XYZ403,UE10018,rach,SUCCESS,SUCCESS,,,,,,,,,,,,,,,,,
,XYZ407,UE10045,rach,MSG1,FAIL,,,,,,,,,,,,,,,,,
,XYZ409,UE10450,rach,MSG2,FAIL,,,,,,,,,,,,,,,,,
,XYZ403,UE10897,rach,MSG1,FAIL,,,,,,,,,,,,,,,,,
,XYZ403,UE10055,rach,MSG4,FAIL,,,,,,,,,,,,,,,,,
,XYZ402,UE10740,rach,MSG3,FAIL,,,,,,,,,,,,,,,,,
,XYZ410,UE10656,rach,MSG4,FAIL,,,,,,,,,,,,,,,,,
,XYZ401,UE10091,rach,MSG3,FAIL,,,,,,,,,,,,,,,,,
,XYZ409,UE10081,rach,MSG4,FAIL,,,,,,,,,,,,,,,,,
,XYZ406,UE10736,rach,SUCCESS,SUCCESS,,,,,,,,,,,,,,,,,
,XYZ406,UE10078,rach,MSG3,FAIL,,,,,,,,,,,,,,,,,
,XYZ408,UE10661,rach,MSG3,FAIL,,,,,,,,,,,,,,,,,
,XYZ405,UE10872,rach,MSG4,FAIL,,,,,,,,,,,,,,,,,
,XYZ409,UE10282,rach,MSG2,FAIL,,,,,,,,,,,,,,,,,
,XYZ405,UE10310,rach,MSG4,FAIL,,,,,,,,,,,,,,,,,
,XYZ402,UE10996,rach,MSG3,FAIL,,,,,,,,,,,,,,,,,
,XYZ406,UE10159,rach,MSG3,FAIL,,,,,,,,,,,,,,,,,
,XYZ409,UE10315,rach,MSG2,FAIL,,,,,,,,,,,,,,,,,
,XYZ403,UE10876,rach,MSG1,FAIL,,,,,,,,,,,,,,,,,
,XYZ410,UE10978,rach,MSG2,FAIL,,,,,,,,,,,,,,,,,
,XYZ404,UE10667,rach,MSG1,FAIL,,,,,,,,,,,,,,,,,
,XYZ410,UE10155,rach,MSG3,FAIL,,,,,,,,,,,,,,,,,
,XYZ408,UE10887,rach,SUCCESS,SUCCESS,,,,,,,,,,,,,,,,,
,XYZ406,UE10713,rach,SUCCESS,SUCCESS,,,,,,,,,,,,,,,,,
,XYZ407,UE10467,rach,MSG4,FAIL,,,,,,,,,,,,,,,,,
,XYZ407,UE10920,rach,MSG2,FAIL,,,,,,,,,,,,,,,,,
,XYZ404,UE10852,rach,MSG2,FAIL,,,,,,,,,,,,,,,,,
,XYZ406,UE10461,rach,SUCCESS,SUCCESS,,,,,,,,,,,,,,,,,
,XYZ409,UE10853,rach,MSG1,FAIL,,,,,,,,,,,,,,,,,
,XYZ403,UE10116,rach,MSG2,FAIL,,,,,,,,,,,,,,,,,
,XYZ408,UE10665,rach,MSG1,FAIL,,,,,,,,,,,,,,,,,
,XYZ407,UE10363,rach,MSG1,FAIL,,,,,,,,,,,,,,,,,
,XYZ404,UE10842,rach,MSG1,FAIL,,,,,,,,,,,,,,,,,
,XYZ410,UE10630,rach,MSG1,FAIL,,,,,,,,,,,,,,,,,
,XYZ403,UE10710,rach,MSG4,FAIL,,,,,,,,,,,,,,,,,
,XYZ407,UE10912,rach,MSG4,FAIL,,,,,,,,,,,,,,,,,
,XYZ410,UE10465,rach,SUCCESS,SUCCESS,,,,,,,,,,,,,,,,,
,XYZ409,UE10774,rach,MSG4,FAIL,,,,,,,,,,,,,,,,,
,XYZ410,UE10183,rach,MSG2,FAIL,,,,,,,,,,,,,,,,,
,XYZ403,UE10959,rach,MSG4,FAIL,,,,,,,,,,,,,,,,,
,XYZ409,UE10165,rach,MSG2,FAIL,,,,,,,,,,,,,,,,,
,XYZ408,UE10074,rach,MSG1,FAIL,,,,,,,,,,,,,,,,,
,XYZ403,UE10747,rach,SUCCESS,SUCCESS,,,,,,,,,,,,,,,,,
,XYZ408,UE10825,rach,MSG1,FAIL,,,,,,,,,,,,,,,,,
,XYZ404,UE10271,rach,MSG1,FAIL,,,,,,,,,,,,,,,,,
,XYZ406,UE10690,rach,MSG4,FAIL,,,,,,,,,,,,,,,,,
,XYZ410,UE10502,rach,MSG4,FAIL,,,,,,,,,,,,,,,,,
,XYZ402,UE10794,rach,MSG2,FAIL,,,,,,,,,,,,,,,,,
,XYZ408,UE10562,rach,MSG4,FAIL,,,,,,,,,,,,,,,,,
,XYZ409,UE10586,rach,MSG4,FAIL,,,,,,,,,,,,,,,,,
,XYZ407,UE10655,rach,MSG3,FAIL,,,,,,,,,,,,,,,,,
,XYZ408,UE10342,rach,MSG2,FAIL,,,,,,,,,,,,,,,,,
,XYZ407,UE10699,rach,MSG2,FAIL,,,,,,,,,,,,,,,,,
,XYZ410,UE10634,rach,MSG3,FAIL,,,,,,,,,,,,,,,,,
,XYZ404,UE10843,rach,MSG2,FAIL,,,,,,,,,,,,,,,,,
,XYZ401,UE10250,rach,SUCCESS,SUCCESS,,,,,,,,,,,,,,,,,
,XYZ403,UE10807,rach,SUCCESS,SUCCESS,,,,,,,,,,,,,,,,,
,XYZ407,UE10834,rach,MSG3,FAIL,,,,,,,,,,,,,,,,,
,XYZ407,UE10129,rach,MSG4,FAIL,,,,,,,,,,,,,,,,,
,XYZ403,UE10763,rach,SUCCESS,SUCCESS,,,,,,,,,,,,,,,,,
,XYZ401,UE10357,rach,MSG3,FAIL,,,,,,,,,,,,,,,,,
,XYZ410,UE10943,rach,SUCCESS,SUCCESS,,,,,,,,,,,,,,,,,
,XYZ409,UE10691,rach,MSG1,FAIL,,,,,,,,,,,,,,,,,
,XYZ406,UE10407,rach,MSG3,FAIL,,,,,,,,,,,,,,,,,
,XYZ407,UE10860,rach,MSG2,FAIL,,,,,,,,,,,,,,,,,
,XYZ401,UE10494,rach,SUCCESS,SUCCESS,,,,,,,,,,,,,,,,,
,XYZ401,UE10621,rach,MSG2,FAIL,,,,,,,,,,,,,,,,,
,XYZ404,UE10481,rach,MSG3,FAIL,,,,,,,,,,,,,,,,,
,XYZ407,UE10979,rach,SUCCESS,SUCCESS,,,,,,,,,,,,,,,,,
,XYZ408,UE10849,rach,MSG2,FAIL,,,,,,,,,,,,,,,,,
,XYZ410,UE10077,rach,MSG4,FAIL,,,,,,,,,,,,,,,,,
,XYZ409,UE10977,rach,MSG4,FAIL,,,,,,,,,,,,,,,,,
,XYZ401,UE10513,rach,MSG1,FAIL,,,,,,,,,,,,,,,,,
,XYZ404,UE10320,rach,MSG3,FAIL,,,,,,,,,,,,,,,,,
,XYZ404,UE10787,rach,MSG2,FAIL,,,,,,,,,,,,,,,,,
,XYZ403,UE10289,rach,MSG1,FAIL,,,,,,,,,,,,,,,,,
,XYZ407,UE10296,rach,MSG3,FAIL,,,,,,,,,,,,,,,,,
,XYZ401,UE10680,rach,MSG4,FAIL,,,,,,,,,,,,,,,,,
,XYZ409,UE10751,rach,MSG2,FAIL,,,,,,,,,,,,,,,,,
,XYZ408,UE10970,rach,SUCCESS,SUCCESS,,,,,,,,,,,,,,,,,
,XYZ402,UE10474,rach,MSG4,FAIL,,,,,,,,,,,,,,,,,
,XYZ402,UE10022,rach,SUCCESS,SUCCESS,,,,,,,,,,,,,,,,,
,XYZ408,UE10805,rach,SUCCESS,SUCCESS,,,,,,,,,,,,,,,,,
,XYZ401,UE10171,rach,MSG2,FAIL,,,,,,,,,,,,,,,,,
,XYZ407,UE10834,rach,MSG2,FAIL,,,,,,,,,,,,,,,,,
,XYZ409,UE10317,rach,SUCCESS,SUCCESS,,,,,,,,,,,,,,,,,
,XYZ403,UE10907,rach,MSG1,FAIL,,,,,,,,,,,,,,,,,
,XYZ407,UE10797,rach,SUCCESS,SUCCESS,,,,,,,,,,,,,,,,,
,XYZ406,UE10990,rach,SUCCESS,SUCCESS,,,,,,,,,,,,,,,,,
,XYZ407,UE10854,rach,MSG2,FAIL,,,,,,,,,,,,,,,,,
,XYZ407,UE10192,rach,MSG3,FAIL,,,,,,,,,,,,,,,,,
,XYZ410,UE10680,rach,MSG4,FAIL,,,,,,,,,,,,,,,,,
,XYZ401,UE10915,rach,MSG2,FAIL,,,,,,,,,,,,,,,,,
,XYZ403,UE10117,rach,MSG1,FAIL,,,,,,,,,,,,,,,,,
,XYZ410,UE10005,rach,MSG4,FAIL,,,,,,,,,,,,,,,,,
,XYZ401,UE10842,rach,MSG2,FAIL,,,,,,,,,,,,,,,,,
,XYZ405,UE10482,rach,MSG2,FAIL,,,,,,,,,,,,,,,,,
,XYZ403,UE10131,rach,MSG3,FAIL,,,,,,,,,,,,,,,,,
,XYZ401,UE10092,rach,MSG1,FAIL,,,,,,,,,,,,,,,,,
,XYZ402,UE10762,rach,MSG1,FAIL,,,,,,,,,,,,,,,,,
,XYZ410,UE10521,rach,MSG2,FAIL,,,,,,,,,,,,,,,,,
,XYZ405,UE10562,rach,MSG3,FAIL,,,,,,,,,,,,,,,,,
,XYZ403,UE10860,rach,MSG2,FAIL,,,,,,,,,,,,,,,,,
,XYZ406,UE10293,rach,SUCCESS,SUCCESS,,,,,,,,,,,,,,,,,
,XYZ409,UE10640,rach,SUCCESS,SUCCESS,,,,,,,,,,,,,,,,,
,XYZ406,UE10999,rach,MSG3,FAIL,,,,,,,,,,,,,,,,,
,XYZ402,UE10391,rach,MSG2,FAIL,,,,,,,,,,,,,,,,,
,XYZ402,UE10248,rach,MSG3,FAIL,,,,,,,,,,,,,,,,,
,XYZ408,UE10613,rach,MSG2,FAIL,,,,,,,,,,,,,,,,,
,XYZ408,UE10848,rach,MSG2,FAIL,,,,,,,,,,,,,,,,,
,XYZ406,UE10594,rach,SUCCESS,SUCCESS,,,,,,,,,,,,,,,,,
,XYZ410,UE10702,rach,MSG4,FAIL,,,,,,,,,,,,,,,,,
,XYZ407,UE10416,rach,MSG1,FAIL,,,,,,,,,,,,,,,,,
,XYZ401,UE10142,rach,MSG1,FAIL,,,,,,,,,,,,,,,,,
,XYZ409,UE10236,rach,MSG3,FAIL,,,,,,,,,,,,,,,,,
,XYZ405,UE10286,rach,MSG1,FAIL,,,,,,,,,,,,,,,,,
,XYZ409,UE10276,rach,SUCCESS,SUCCESS,,,,,,,,,,,,,,,,,
,XYZ402,UE10386,rach,MSG4,FAIL,,,,,,,,,,,,,,,,,
,XYZ408,UE10381,rach,MSG2,FAIL,,,,,,,,,,,,,,,,,
,XYZ407,UE10449,rach,MSG2,FAIL,,,,,,,,,,,,,,,,,
,XYZ404,UE10290,rach,SUCCESS,SUCCESS,,,,,,,,,,,,,,,,,
,XYZ403,UE10168,rach,MSG1,FAIL,,,,,,,,,,,,,,,,,
,XYZ404,UE10442,rach,MSG2,FAIL,,,,,,,,,,,,,,,,,
,XYZ404,UE10655,rach,MSG1,FAIL,,,,,,,,,,,,,,,,,
,XYZ410,UE10183,rach,SUCCESS,SUCCESS,,,,,,,,,,,,,,,,,
,XYZ410,UE10044,rach,MSG2,FAIL,,,,,,,,,,,,,,,,,
,XYZ408,UE10754,rach,MSG3,FAIL,,,,,,,,,,,,,,,,,
,XYZ404,UE10826,rach,MSG4,FAIL,,,,,,,,,,,,,,,,,
,XYZ405,UE10945,rach,MSG1,FAIL,,,,,,,,,,,,,,,,,
,XYZ402,UE10980,rach,MSG1,FAIL,,,,,,,,,,,,,,,,,
,XYZ404,UE10267,rach,MSG1,FAIL,,,,,,,,,,,,,,,,,
,XYZ407,UE10475,rach,MSG1,FAIL,,,,,,,,,,,,,,,,,
,XYZ403,UE10252,rach,SUCCESS,SUCCESS,,,,,,,,,,,,,,,,,
,XYZ401,UE10395,rach,SUCCESS,SUCCESS,,,,,,,,,,,,,,,,,
,XYZ408,UE10288,rach,SUCCESS,SUCCESS,,,,,,,,,,,,,,,,,
,XYZ408,UE10211,rach,SUCCESS,SUCCESS,,,,,,,,,,,,,,,,,
,XYZ406,UE10999,rach,MSG2,FAIL,,,,,,,,,,,,,,,,,
,XYZ407,UE10688,rach,SUCCESS,SUCCESS,,,,,,,,,,,,,,,,,
,XYZ410,UE10020,rach,MSG2,FAIL,,,,,,,,,,,,,,,,,
,XYZ402,UE10315,rach,MSG3,FAIL,,,,,,,,,,,,,,,,,
,XYZ405,UE10563,rach,SUCCESS,SUCCESS,,,,,,,,,,,,,,,,,
,XYZ407,UE10437,rach,MSG3,FAIL,,,,,,,,,,,,,,,,,
,XYZ409,UE10422,rach,SUCCESS,SUCCESS,,,,,,,,,,,,,,,,,
,XYZ401,UE10232,rach,MSG3,FAIL,,,,,,,,,,,,,,,,,
,XYZ403,UE10944,rach,MSG4,FAIL,,,,,,,,,,,,,,,,,
,XYZ406,UE10122,rach,MSG3,FAIL,,,,,,,,,,,,,,,,,
,XYZ407,UE10873,rach,MSG2,FAIL,,,,,,,,,,,,,,,,,
,XYZ406,UE10959,rach,MSG1,FAIL,,,,,,,,,,,,,,,,,
,XYZ401,UE10611,rach,MSG3,FAIL,,,,,,,,,,,,,,,,,
,XYZ404,UE10213,rach,MSG1,FAIL,,,,,,,,,,,,,,,,,
,XYZ406,UE10921,rach,MSG4,FAIL,,,,,,,,,,,,,,,,,
,XYZ408,UE10838,rach,MSG4,FAIL,,,,,,,,,,,,,,,,,
,XYZ410,UE10646,rach,MSG2,FAIL,,,,,,,,,,,,,,,,,
,XYZ404,UE10967,rach,MSG2,FAIL,,,,,,,,,,,,,,,,,
,XYZ407,UE10829,rach,MSG3,FAIL,,,,,,,,,,,,,,,,,
,XYZ403,UE10729,rach,SUCCESS,SUCCESS,,,,,,,,,,,,,,,,,
,XYZ408,UE10599,rach,MSG4,FAIL,,,,,,,,,,,,,,,,,
,XYZ401,UE10791,rach,MSG1,FAIL,,,,,,,,,,,,,,,,,
,XYZ404,UE10039,rach,SUCCESS,SUCCESS,,,,,,,,,,,,,,,,,
,XYZ408,UE10751,rach,MSG4,FAIL,,,,,,,,,,,,,,,,,
,XYZ410,UE10331,rach,MSG3,FAIL,,,,,,,,,,,,,,,,,
,XYZ404,UE10942,rach,MSG4,FAIL,,,,,,,,,,,,,,,,,
,XYZ402,UE10647,rach,MSG2,FAIL,,,,,,,,,,,,,,,,,
,XYZ402,UE10181,rach,MSG1,FAIL,,,,,,,,,,,,,,,,,
,XYZ404,UE10264,rach,MSG1,FAIL,,,,,,,,,,,,,,,,,
,XYZ404,UE10770,rach,MSG2,FAIL,,,,,,,,,,,,,,,,,
,XYZ402,UE10693,rach,SUCCESS,SUCCESS,,,,,,,,,,,,,,,,,
,XYZ406,UE10862,rach,MSG1,FAIL,,,,,,,,,,,,,,,,,
,XYZ403,UE10431,rach,MSG3,FAIL,,,,,,,,,,,,,,,,,
,XYZ408,UE10942,rach,SUCCESS,SUCCESS,,,,,,,,,,,,,,,,,
,XYZ408,UE10983,rach,MSG4,FAIL,,,,,,,,,,,,,,,,,
,XYZ401,UE10195,rach,MSG3,FAIL,,,,,,,,,,,,,,,,,
,XYZ403,UE10723,rach,SUCCESS,SUCCESS,,,,,,,,,,,,,,,,,
,XYZ405,UE10508,rach,MSG1,FAIL,,,,,,,,,,,,,,,,,
,XYZ402,UE10446,rach,MSG1,FAIL,,,,,,,,,,,,,,,,,
,XYZ405,UE10527,rach,MSG3,FAIL,,,,,,,,,,,,,,,,,
,XYZ410,UE10201,rach,SUCCESS,SUCCESS,,,,,,,,,,,,,,,,,
,XYZ403,UE10874,rach,MSG4,FAIL,,,,,,,,,,,,,,,,,
,XYZ409,UE10729,rach,MSG4,FAIL,,,,,,,,,,,,,,,,,
,XYZ401,UE10604,rach,MSG2,FAIL,,,,,,,,,,,,,,,,,
,XYZ404,UE10132,rach,MSG3,FAIL,,,,,,,,,,,,,,,,,
,XYZ410,UE10138,rach,SUCCESS,SUCCESS,,,,,,,,,,,,,,,,,
,XYZ406,UE10668,rach,MSG3,FAIL,,,,,,,,,,,,,,,,,
,XYZ409,UE10492,rach,MSG4,FAIL,,,,,,,,,,,,,,,,,
,XYZ403,UE10846,rach,SUCCESS,SUCCESS,,,,,,,,,,,,,,,,,
,XYZ403,UE10069,rach,MSG1,FAIL,,,,,,,,,,,,,,,,,
,XYZ405,UE10815,rach,MSG1,FAIL,,,,,,,,,,,,,,,,,
,XYZ407,UE10014,rach,SUCCESS,SUCCESS,,,,,,,,,,,,,,,,,
,XYZ405,UE10746,rach,MSG3,FAIL,,,,,,,,,,,,,,,,,
,XYZ408,UE10211,rach,MSG3,FAIL,,,,,,,,,,,,,,,,,
,XYZ405,UE10801,rach,MSG1,FAIL,,,,,,,,,,,,,,,,,
,XYZ407,UE10059,rach,MSG1,FAIL,,,,,,,,,,,,,,,,,
,XYZ406,UE10251,rach,MSG4,FAIL,,,,,,,,,,,,,,,,,
,XYZ410,UE10445,rach,SUCCESS,SUCCESS,,,,,,,,,,,,,,,,,
,XYZ402,UE10001,rach,MSG3,FAIL,,,,,,,,,,,,,,,,,
,XYZ403,UE10747,rach,MSG4,FAIL,,,,,,,,,,,,,,,,,
,XYZ404,UE10335,rach,MSG3,FAIL,,,,,,,,,,,,,,,,,
,XYZ405,UE10018,rach,MSG1,FAIL,,,,,,,,,,,,,,,,,
,XYZ409,UE10993,rach,SUCCESS,SUCCESS,,,,,,,,,,,,,,,,,
,XYZ406,UE10560,rach,MSG2,FAIL,,,,,,,,,,,,,,,,,
,XYZ401,UE10077,rach,SUCCESS,SUCCESS,,,,,,,,,,,,,,,,,
,XYZ403,UE10471,rach,MSG2,FAIL,,,,,,,,,,,,,,,,,
,XYZ407,UE10027,rach,MSG4,FAIL,,,,,,,,,,,,,,,,,
,XYZ408,UE10559,rach,MSG2,FAIL,,,,,,,,,,,,,,,,,
,XYZ407,UE10607,rach,MSG2,FAIL,,,,,,,,,,,,,,,,,
,XYZ405,UE10164,rach,MSG4,FAIL,,,,,,,,,,,,,,,,,
,XYZ410,UE10457,rach,SUCCESS,SUCCESS,,,,,,,,,,,,,,,,,
,XYZ408,UE10944,rach,MSG4,FAIL,,,,,,,,,,,,,,,,,
,XYZ409,UE10876,rach,MSG1,FAIL,,,,,,,,,,,,,,,,,
,XYZ407,UE10175,rach,MSG1,FAIL,,,,,,,,,,,,,,,,,
,XYZ409,UE10584,rach,MSG2,FAIL,,,,,,,,,,,,,,,,,
,XYZ401,UE10983,rach,MSG4,FAIL,,,,,,,,,,,,,,,,,
,XYZ409,UE10867,rach,MSG4,FAIL,,,,,,,,,,,,,,,,,
,XYZ403,UE10028,rach,MSG4,FAIL,,,,,,,,,,,,,,,,,
,XYZ406,UE10955,rach,SUCCESS,SUCCESS,,,,,,,,,,,,,,,,,
,XYZ408,UE10668,rach,MSG3,FAIL,,,,,,,,,,,,,,,,,
,XYZ403,UE10825,rach,MSG3,FAIL,,,,,,,,,,,,,,,,,
,XYZ404,UE10815,rach,MSG3,FAIL,,,,,,,,,,,,,,,,,
,XYZ407,UE10278,rach,SUCCESS,SUCCESS,,,,,,,,,,,,,,,,,
,XYZ407,UE10282,rach,MSG4,FAIL,,,,,,,,,,,,,,,,,
,XYZ404,UE10478,rach,MSG3,FAIL,,,,,,,,,,,,,,,,,
,XYZ409,UE10518,rach,MSG4,FAIL,,,,,,,,,,,,,,,,,
,XYZ403,UE10304,rach,MSG2,FAIL,,,,,,,,,,,,,,,,,
,XYZ408,UE10693,rach,MSG3,FAIL,,,,,,,,,,,,,,,,,
,XYZ408,UE10108,rach,MSG2,FAIL,,,,,,,,,,,,,,,,,
,XYZ404,UE10323,rach,SUCCESS,SUCCESS,,,,,,,,,,,,,,,,,
,XYZ407,UE10205,rach,MSG1,FAIL,,,,,,,,,,,,,,,,,
,XYZ404,UE10233,rach,SUCCESS,SUCCESS,,,,,,,,,,,,,,,,,
,XYZ401,UE10937,rach,SUCCESS,SUCCESS,,,,,,,,,,,,,,,,,
,XYZ401,UE10457,rach,SUCCESS,SUCCESS,,,,,,,,,,,,,,,,,
,XYZ401,UE10186,rach,MSG3,FAIL,,,,,,,,,,,,,,,,,
,XYZ402,UE10939,rach,MSG2,FAIL,,,,,,,,,,,,,,,,,
,XYZ406,UE10481,rach,MSG3,FAIL,,,,,,,,,,,,,,,,,
,XYZ410,UE10921,rach,MSG1,FAIL,,,,,,,,,,,,,,,,,
,XYZ405,UE10406,rach,SUCCESS,SUCCESS,,,,,,,,,,,,,,,,,
,XYZ402,UE10840,rach,MSG4,FAIL,,,,,,,,,,,,,,,,,
,XYZ408,UE10508,rach,MSG1,FAIL,,,,,,,,,,,,,,,,,
,XYZ409,UE10868,rach,MSG2,FAIL,,,,,,,,,,,,,,,,,
,XYZ407,UE10519,rach,MSG1,FAIL,,,,,,,,,,,,,,,,,
,XYZ409,UE10052,rach,MSG3,FAIL,,,,,,,,,,,,,,,,,
,XYZ404,UE10397,rach,MSG4,FAIL,,,,,,,,,,,,,,,,,
,XYZ407,UE10198,rach,MSG3,FAIL,,,,,,,,,,,,,,,,,
,XYZ405,UE10390,rach,SUCCESS,SUCCESS,,,,,,,,,,,,,,,,,
,XYZ405,UE10648,rach,SUCCESS,SUCCESS,,,,,,,,,,,,,,,,,
,XYZ403,UE10770,rach,MSG1,FAIL,,,,,,,,,,,,,,,,,
,XYZ409,UE10845,rach,SUCCESS,SUCCESS,,,,,,,,,,,,,,,,,
,XYZ410,UE10912,rach,SUCCESS,SUCCESS,,,,,,,,,,,,,,,,,
,XYZ405,UE10497,rach,MSG2,FAIL,,,,,,,,,,,,,,,,,
,XYZ406,UE10171,rach,MSG2,FAIL,,,,,,,,,,,,,,,,,
,XYZ403,UE10085,rach,MSG3,FAIL,,,,,,,,,,,,,,,,,
,XYZ410,UE10557,rach,MSG3,FAIL,,,,,,,,,,,,,,,,,
,XYZ407,UE10857,rach,MSG2,FAIL,,,,,,,,,,,,,,,,,
,XYZ409,UE10185,rach,MSG1,FAIL,,,,,,,,,,,,,,,,,
,XYZ409,UE10155,rach,MSG2,FAIL,,,,,,,,,,,,,,,,,
,XYZ410,UE10492,rach,MSG3,FAIL,,,,,,,,,,,,,,,,,
,XYZ410,UE10909,rach,MSG4,FAIL,,,,,,,,,,,,,,,,,
,XYZ405,UE10520,rach,SUCCESS,SUCCESS,,,,,,,,,,,,,,,,,
,XYZ407,UE10626,rach,MSG4,FAIL,,,,,,,,,,,,,,,,,
,XYZ403,UE10665,rach,MSG4,FAIL,,,,,,,,,,,,,,,,,
,XYZ406,UE10129,rach,SUCCESS,SUCCESS,,,,,,,,,,,,,,,,,
,XYZ408,UE10842,rach,MSG2,FAIL,,,,,,,,,,,,,,,,,
,XYZ408,UE10080,rach,MSG1,FAIL,,,,,,,,,,,,,,,,,
,XYZ402,UE10383,rach,MSG4,FAIL,,,,,,,,,,,,,,,,,
,XYZ406,UE10801,rach,MSG1,FAIL,,,,,,,,,,,,,,,,,
,XYZ407,UE10658,rach,MSG3,FAIL,,,,,,,,,,,,,,,,,
,XYZ407,UE10294,rach,MSG4,FAIL,,,,,,,,,,,,,,,,,
,XYZ403,UE10977,rach,MSG3,FAIL,,,,,,,,,,,,,,,,,
,XYZ409,UE10268,rach,MSG2,FAIL,,,,,,,,,,,,,,,,,
,XYZ402,UE10644,rach,MSG4,FAIL,,,,,,,,,,,,,,,,,
,XYZ403,UE10561,rach,MSG3,FAIL,,,,,,,,,,,,,,,,,
,XYZ402,UE10534,rach,MSG3,FAIL,,,,,,,,,,,,,,,,,
,XYZ409,UE10377,rach,MSG2,FAIL,,,,,,,,,,,,,,,,,
,XYZ404,UE10375,rach,MSG1,FAIL,,,,,,,,,,,,,,,,,
,XYZ402,UE10087,rach,MSG1,FAIL,,,,,,,,,,,,,,,,,
,XYZ403,UE10924,rach,MSG4,FAIL,,,,,,,,,,,,,,,,,
,XYZ404,UE10623,rach,MSG2,FAIL,,,,,,,,,,,,,,,,,
,XYZ410,UE10110,rach,MSG4,FAIL,,,,,,,,,,,,,,,,,
,XYZ406,UE10583,rach,MSG1,FAIL,,,,,,,,,,,,,,,,,
,XYZ405,UE10153,rach,MSG2,FAIL,,,,,,,,,,,,,,,,,
,XYZ403,UE10462,rach,SUCCESS,SUCCESS,,,,,,,,,,,,,,,,,
,XYZ410,UE10568,rach,MSG2,FAIL,,,,,,,,,,,,,,,,,
,XYZ408,UE10768,rach,MSG2,FAIL,,,,,,,,,,,,,,,,,
,XYZ408,UE10155,rach,SUCCESS,SUCCESS,,,,,,,,,,,,,,,,,
,XYZ407,UE10624,rach,MSG3,FAIL,,,,,,,,,,,,,,,,,
,XYZ403,UE10317,rach,MSG3,FAIL,,,,,,,,,,,,,,,,,
,XYZ401,UE10558,rach,MSG3,FAIL,,,,,,,,,,,,,,,,,
,XYZ405,UE10237,rach,MSG1,FAIL,,,,,,,,,,,,,,,,,
,XYZ401,UE10333,rach,MSG2,FAIL,,,,,,,,,,,,,,,,,
,XYZ406,UE10105,rach,SUCCESS,SUCCESS,,,,,,,,,,,,,,,,,
,XYZ407,UE10481,rach,MSG1,FAIL,,,,,,,,,,,,,,,,,
,XYZ405,UE10698,rach,SUCCESS,SUCCESS,,,,,,,,,,,,,,,,,
,XYZ404,UE10670,rach,MSG1,FAIL,,,,,,,,,,,,,,,,,
,XYZ402,UE10709,rach,MSG1,FAIL,,,,,,,,,,,,,,,,,
,XYZ405,UE10381,rach,MSG1,FAIL,,,,,,,,,,,,,,,,,
,XYZ409,UE10688,rach,SUCCESS,SUCCESS,,,,,,,,,,,,,,,,,
,XYZ404,UE10260,rach,MSG4,FAIL,,,,,,,,,,,,,,,,,
,XYZ402,UE10798,rach,MSG1,FAIL,,,,,,,,,,,,,,,,,
,XYZ406,UE10292,rach,MSG3,FAIL,,,,,,,,,,,,,,,,,
,XYZ408,UE10334,rach,MSG2,FAIL,,,,,,,,,,,,,,,,,
,XYZ402,UE10654,rach,MSG4,FAIL,,,,,,,,,,,,,,,,,
,XYZ409,UE10819,rach,MSG4,FAIL,,,,,,,,,,,,,,,,,
,XYZ407,UE10708,rach,SUCCESS,SUCCESS,,,,,,,,,,,,,,,,,
,XYZ402,UE10475,rach,MSG4,FAIL,,,,,,,,,,,,,,,,,
,XYZ405,UE10224,rach,SUCCESS,SUCCESS,,,,,,,,,,,,,,,,,
,XYZ405,UE10906,rach,SUCCESS,SUCCESS,,,,,,,,,,,,,,,,,
,XYZ407,UE10554,rach,MSG3,FAIL,,,,,,,,,,,,,,,,,
,XYZ405,UE10453,rach,MSG1,FAIL,,,,,,,,,,,,,,,,,
,XYZ406,UE10662,rach,MSG4,FAIL,,,,,,,,,,,,,,,,,
,XYZ409,UE10295,rach,MSG1,FAIL,,,,,,,,,,,,,,,,,
,XYZ403,UE10574,rach,MSG1,FAIL,,,,,,,,,,,,,,,,,
,XYZ403,UE10641,rach,MSG1,FAIL,,,,,,,,,,,,,,,,,
,XYZ408,UE10766,rach,SUCCESS,SUCCESS,,,,,,,,,,,,,,,,,
,XYZ410,UE10462,rach,MSG1,FAIL,,,,,,,,,,,,,,,,,
,XYZ406,UE10854,rach,MSG4,FAIL,,,,,,,,,,,,,,,,,
,XYZ410,UE10213,rach,SUCCESS,SUCCESS,,,,,,,,,,,,,,,,,
,XYZ403,UE10584,rach,MSG4,FAIL,,,,,,,,,,,,,,,,,
,XYZ402,UE10942,rach,SUCCESS,SUCCESS,,,,,,,,,,,,,,,,,
,XYZ402,UE10615,rach,MSG2,FAIL,,,,,,,,,,,,,,,,,
,XYZ402,UE10157,rach,MSG2,FAIL,,,,,,,,,,,,,,,,,
,XYZ405,UE10271,rach,MSG2,FAIL,,,,,,,,,,,,,,,,,
,XYZ405,UE10826,rach,MSG2,FAIL,,,,,,,,,,,,,,,,,
,XYZ401,UE10237,rach,SUCCESS,SUCCESS,,,,,,,,,,,,,,,,,
,XYZ402,UE10302,rach,MSG1,FAIL,,,,,,,,,,,,,,,,,
,XYZ402,UE10883,rach,MSG3,FAIL,,,,,,,,,,,,,,,,,
,XYZ404,UE10669,rach,MSG3,FAIL,,,,,,,,,,,,,,,,,
,XYZ407,UE10620,rach,MSG2,FAIL,,,,,,,,,,,,,,,,,
,XYZ403,UE10520,rach,MSG1,FAIL,,,,,,,,,,,,,,,,,
,XYZ405,UE10320,rach,MSG4,FAIL,,,,,,,,,,,,,,,,,
,XYZ409,UE10058,rach,MSG1,FAIL,,,,,,,,,,,,,,,,,
,XYZ405,UE10357,rach,MSG4,FAIL,,,,,,,,,,,,,,,,,
,XYZ409,UE10703,rach,MSG3,FAIL,,,,,,,,,,,,,,,,,
,XYZ401,UE10647,rach,MSG1,FAIL,,,,,,,,,,,,,,,,,
,XYZ409,UE10250,rach,MSG1,FAIL,,,,,,,,,,,,,,,,,
,XYZ405,UE10890,rach,MSG3,FAIL,,,,,,,,,,,,,,,,,
,XYZ408,UE10435,rach,MSG1,FAIL,,,,,,,,,,,,,,,,,
,XYZ405,UE10145,rach,MSG4,FAIL,,,,,,,,,,,,,,,,,
,XYZ406,UE10858,rach,MSG1,FAIL,,,,,,,,,,,,,,,,,
,XYZ408,UE10977,rach,MSG4,FAIL,,,,,,,,,,,,,,,,,
,XYZ402,UE10351,rach,MSG2,FAIL,,,,,,,,,,,,,,,,,
,XYZ403,UE10569,rach,MSG1,FAIL,,,,,,,,,,,,,,,,,
,XYZ409,UE10688,rach,MSG4,FAIL,,,,,,,,,,,,,,,,,
,XYZ405,UE10799,rach,MSG3,FAIL,,,,,,,,,,,,,,,,,
,XYZ405,UE10244,rach,MSG2,FAIL,,,,,,,,,,,,,,,,,
,XYZ409,UE10559,rach,MSG1,FAIL,,,,,,,,,,,,,,,,,
,XYZ410,UE10300,rach,MSG4,FAIL,,,,,,,,,,,,,,,,,
,XYZ403,UE10437,rach,MSG1,FAIL,,,,,,,,,,,,,,,,,
,XYZ404,UE10867,rach,MSG4,FAIL,,,,,,,,,,,,,,,,,
,XYZ407,UE10099,rach,MSG1,FAIL,,,,,,,,,,,,,,,,,
,XYZ402,UE10724,rach,MSG2,FAIL,,,,,,,,,,,,,,,,,
,XYZ408,UE10813,rach,MSG2,FAIL,,,,,,,,,,,,,,,,,
,XYZ405,UE10479,rach,MSG1,FAIL,,,,,,,,,,,,,,,,,
,XYZ401,UE10414,rach,MSG1,FAIL,,,,,,,,,,,,,,,,,
,XYZ403,UE10164,rach,SUCCESS,SUCCESS,,,,,,,,,,,,,,,,,
,XYZ409,UE10911,rach,MSG1,FAIL,,,,,,,,,,,,,,,,,
,XYZ405,UE10941,rach,MSG1,FAIL,,,,,,,,,,,,,,,,,
,XYZ408,UE10637,rach,MSG2,FAIL,,,,,,,,,,,,,,,,,
,XYZ401,UE10301,rach,MSG1,FAIL,,,,,,,,,,,,,,,,,
,XYZ407,UE10973,rach,MSG3,FAIL,,,,,,,,,,,,,,,,,
,XYZ407,UE10120,rach,MSG1,FAIL,,,,,,,,,,,,,,,,,
,XYZ408,UE10087,rach,SUCCESS,SUCCESS,,,,,,,,,,,,,,,,,
,XYZ403,UE10216,rach,MSG4,FAIL,,,,,,,,,,,,,,,,,
,XYZ401,UE10572,rach,MSG2,FAIL,,,,,,,,,,,,,,,,,
,XYZ409,UE10813,rach,MSG3,FAIL,,,,,,,,,,,,,,,,,
,XYZ401,UE10178,rach,MSG4,FAIL,,,,,,,,,,,,,,,,,
,XYZ406,UE10701,rach,MSG3,FAIL,,,,,,,,,,,,,,,,,
,XYZ409,UE10162,rach,MSG2,FAIL,,,,,,,,,,,,,,,,,
,XYZ402,UE10592,rach,SUCCESS,SUCCESS,,,,,,,,,,,,,,,,,
,XYZ404,UE10169,rach,MSG2,FAIL,,,,,,,,,,,,,,,,,
,XYZ402,UE10300,rach,MSG3,FAIL,,,,,,,,,,,,,,,,,
,XYZ404,UE10373,rach,MSG3,FAIL,,,,,,,,,,,,,,,,,
,XYZ402,UE10707,rach,MSG2,FAIL,,,,,,,,,,,,,,,,,
,XYZ401,UE10202,rach,MSG1,FAIL,,,,,,,,,,,,,,,,,
,XYZ403,UE10046,rach,MSG2,FAIL,,,,,,,,,,,,,,,,,
,XYZ408,UE10462,rach,SUCCESS,SUCCESS,,,,,,,,,,,,,,,,,
,XYZ405,UE10669,rach,MSG2,FAIL,,,,,,,,,,,,,,,,,
,XYZ404,UE10407,rach,MSG4,FAIL,,,,,,,,,,,,,,,,,
,XYZ405,UE10193,rach,MSG1,FAIL,,,,,,,,,,,,,,,,,
,XYZ406,UE10426,rach,MSG4,FAIL,,,,,,,,,,,,,,,,,
,XYZ406,UE10929,rach,MSG2,FAIL,,,,,,,,,,,,,,,,,
,XYZ405,UE10790,rach,MSG1,FAIL,,,,,,,,,,,,,,,,,
,XYZ406,UE10316,rach,MSG4,FAIL,,,,,,,,,,,,,,,,,
,XYZ409,UE10478,rach,MSG4,FAIL,,,,,,,,,,,,,,,,,
,XYZ405,UE10420,rach,MSG1,FAIL,,,,,,,,,,,,,,,,,
,XYZ406,UE10268,rach,MSG1,FAIL,,,,,,,,,,,,,,,,,
,XYZ404,UE10480,rach,MSG3,FAIL,,,,,,,,,,,,,,,,,
,XYZ403,UE10710,rach,MSG1,FAIL,,,,,,,,,,,,,,,,,
,XYZ406,UE10735,rach,MSG2,FAIL,,,,,,,,,,,,,,,,,
,XYZ405,UE10262,rach,SUCCESS,SUCCESS,,,,,,,,,,,,,,,,,
,XYZ404,UE10425,rach,MSG3,FAIL,,,,,,,,,,,,,,,,,
,XYZ405,UE10165,rach,MSG1,FAIL,,,,,,,,,,,,,,,,,
,XYZ407,UE10691,rach,SUCCESS,SUCCESS,,,,,,,,,,,,,,,,,
,XYZ401,UE10427,rach,MSG3,FAIL,,,,,,,,,,,,,,,,,
,XYZ401,UE10703,rach,MSG2,FAIL,,,,,,,,,,,,,,,,,
,XYZ401,UE10396,rach,SUCCESS,SUCCESS,,,,,,,,,,,,,,,,,
,XYZ408,UE99993,rach,MSG2,FAIL,,,,,,,,,,,,,,,,,
,XYZ402,UE99994,rach,MSG1,FAIL,,,,,,,,,,,,,,,,,
,XYZ402,UE99995,rach,SUCCESS,SUCCESS,,,,,,,,,,,,,,,,,
,XYZ402,UE99996,rach,SUCCESS,SUCCESS,,,,,,,,,,,,,,,,,
,XYZ403,UE99997,rach,MSG1,FAIL,,,,,,,,,,,,,,,,,
,XYZ406,UE99998,rach,SUCCESS,SUCCESS,,,,,,,,,,,,,,,,,
,XYZ401,UE99999,rach,SUCCESS,SUCCESS,,,,,,,,,,,,,,,,,
,XYZ401,UE10206,call_drop,Transport,FAIL,Transport,,,,,,,,,,,,,,,,
,XYZ402,UE10911,call_drop,IMS,FAIL,IMS,,,,,,,,,,,,,,,,
,XYZ401,UE10696,call_drop,IMS,FAIL,IMS,,,,,,,,,,,,,,,,
,XYZ405,UE10480,call_drop,IMS,FAIL,IMS,,,,,,,,,,,,,,,,
,XYZ407,UE10649,call_drop,Mobility,FAIL,Mobility,,,,,,,,,,,,,,,,
,XYZ403,UE10402,call_drop,Mobility,FAIL,Mobility,,,,,,,,,,,,,,,,
,XYZ408,UE10996,call_drop,Mobility,FAIL,Mobility,,,,,,,,,,,,,,,,
,XYZ405,UE10834,call_drop,IMS,FAIL,IMS,,,,,,,,,,,,,,,,
,XYZ405,UE10675,call_drop,IMS,FAIL,IMS,,,,,,,,,,,,,,,,
,XYZ405,UE10899,call_drop,Mobility,FAIL,Mobility,,,,,,,,,,,,,,,,
,XYZ408,UE10586,call_drop,IMS,FAIL,IMS,,,,,,,,,,,,,,,,
,XYZ402,UE10232,call_drop,Mobility,FAIL,Mobility,,,,,,,,,,,,,,,,
,XYZ402,UE10928,call_drop,Mobility,FAIL,Mobility,,,,,,,,,,,,,,,,
,XYZ408,UE10283,call_drop,Mobility,FAIL,Mobility,,,,,,,,,,,,,,,,
,XYZ409,UE10479,call_drop,Transport,FAIL,Transport,,,,,,,,,,,,,,,,
,XYZ410,UE10888,call_drop,IMS,FAIL,IMS,,,,,,,,,,,,,,,,
,XYZ410,UE10766,call_drop,Radio,FAIL,Radio,,,,,,,,,,,,,,,,
,XYZ402,UE10975,call_drop,Mobility,FAIL,Mobility,,,,,,,,,,,,,,,,
,XYZ404,UE10008,call_drop,Radio,FAIL,Radio,,,,,,,,,,,,,,,,
,XYZ408,UE10714,call_drop,Transport,FAIL,Transport,,,,,,,,,,,,,,,,
,XYZ402,UE10901,call_drop,IMS,FAIL,IMS,,,,,,,,,,,,,,,,
,XYZ404,UE10378,call_drop,Mobility,FAIL,Mobility,,,,,,,,,,,,,,,,
,XYZ410,UE10816,call_drop,Mobility,FAIL,Mobility,,,,,,,,,,,,,,,,
,XYZ401,UE10602,call_drop,Mobility,FAIL,Mobility,,,,,,,,,,,,,,,,
,XYZ402,UE10380,call_drop,Radio,FAIL,Radio,,,,,,,,,,,,,,,,
,XYZ407,UE10843,call_drop,Transport,FAIL,Transport,,,,,,,,,,,,,,,,
,XYZ401,UE10661,call_drop,IMS,FAIL,IMS,,,,,,,,,,,,,,,,
,XYZ401,UE10359,call_drop,Transport,FAIL,Transport,,,,,,,,,,,,,,,,
,XYZ402,UE10175,call_drop,Mobility,FAIL,Mobility,,,,,,,,,,,,,,,,
,XYZ404,UE10484,call_drop,Transport,FAIL,Transport,,,,,,,,,,,,,,,,
,XYZ407,UE10404,call_drop,Radio,FAIL,Radio,,,,,,,,,,,,,,,,
,XYZ404,UE10032,call_drop,Radio,FAIL,Radio,,,,,,,,,,,,,,,,
,XYZ405,UE10464,call_drop,Radio,FAIL,Radio,,,,,,,,,,,,,,,,
,XYZ404,UE10695,call_drop,IMS,FAIL,IMS,,,,,,,,,,,,,,,,
,XYZ404,UE10156,call_drop,IMS,FAIL,IMS,,,,,,,,,,,,,,,,
,XYZ409,UE10564,call_drop,Transport,FAIL,Transport,,,,,,,,,,,,,,,,
,XYZ406,UE10807,call_drop,IMS,FAIL,IMS,,,,,,,,,,,,,,,,
,XYZ403,UE10201,call_drop,Radio,FAIL,Radio,,,,,,,,,,,,,,,,
,XYZ406,UE10785,call_drop,Mobility,FAIL,Mobility,,,,,,,,,,,,,,,,
,XYZ407,UE10174,call_drop,Mobility,FAIL,Mobility,,,,,,,,,,,,,,,,
,XYZ407,UE10243,call_drop,Transport,FAIL,Transport,,,,,,,,,,,,,,,,
,XYZ408,UE10268,call_drop,Mobility,FAIL,Mobility,,,,,,,,,,,,,,,,
,XYZ404,UE10922,call_drop,Transport,FAIL,Transport,,,,,,,,,,,,,,,,
,XYZ401,UE10445,call_drop,IMS,FAIL,IMS,,,,,,,,,,,,,,,,
,XYZ406,UE10073,call_drop,IMS,FAIL,IMS,,,,,,,,,,,,,,,,
,XYZ408,UE10095,call_drop,Radio,FAIL,Radio,,,,,,,,,,,,,,,,
,XYZ405,UE10872,call_drop,Mobility,FAIL,Mobility,,,,,,,,,,,,,,,,
,XYZ403,UE10172,call_drop,Radio,FAIL,Radio,,,,,,,,,,,,,,,,
,XYZ404,UE10898,call_drop,Radio,FAIL,Radio,,,,,,,,,,,,,,,,
,XYZ408,UE10405,call_drop,Radio,FAIL,Radio,,,,,,,,,,,,,,,,
,XYZ406,UE10154,call_drop,Transport,FAIL,Transport,,,,,,,,,,,,,,,,
,XYZ405,UE10182,call_drop,Transport,FAIL,Transport,,,,,,,,,,,,,,,,
,XYZ409,UE10322,call_drop,Radio,FAIL,Radio,,,,,,,,,,,,,,,,
,XYZ410,UE10288,call_drop,IMS,FAIL,IMS,,,,,,,,,,,,,,,,
,XYZ403,UE10257,call_drop,Transport,FAIL,Transport,,,,,,,,,,,,,,,,
,XYZ407,UE10586,call_drop,Radio,FAIL,Radio,,,,,,,,,,,,,,,,
,XYZ409,UE10173,call_drop,IMS,FAIL,IMS,,,,,,,,,,,,,,,,
,XYZ404,UE10329,call_drop,Radio,FAIL,Radio,,,,,,,,,,,,,,,,
,XYZ410,UE10230,call_drop,Mobility,FAIL,Mobility,,,,,,,,,,,,,,,,
,XYZ410,UE10758,call_drop,Transport,FAIL,Transport,,,,,,,,,,,,,,,,
,XYZ403,UE10160,call_drop,Mobility,FAIL,Mobility,,,,,,,,,,,,,,,,
,XYZ401,UE10185,call_drop,Mobility,FAIL,Mobility,,,,,,,,,,,,,,,,
,XYZ409,UE10902,call_drop,IMS,FAIL,IMS,,,,,,,,,,,,,,,,
,XYZ401,UE10142,call_drop,IMS,FAIL,IMS,,,,,,,,,,,,,,,,
,XYZ402,UE10281,call_drop,Transport,FAIL,Transport,,,,,,,,,,,,,,,,
,XYZ409,UE10906,call_drop,Mobility,FAIL,Mobility,,,,,,,,,,,,,,,,
,XYZ405,UE10639,call_drop,Transport,FAIL,Transport,,,,,,,,,,,,,,,,
,XYZ404,UE10677,call_drop,IMS,FAIL,IMS,,,,,,,,,,,,,,,,
,XYZ409,UE10026,call_drop,Radio,FAIL,Radio,,,,,,,,,,,,,,,,
,XYZ409,UE10245,call_drop,Mobility,FAIL,Mobility,,,,,,,,,,,,,,,,
,XYZ402,UE10486,call_drop,IMS,FAIL,IMS,,,,,,,,,,,,,,,,
,XYZ403,UE10646,call_drop,Transport,FAIL,Transport,,,,,,,,,,,,,,,,
,XYZ403,UE10896,call_drop,IMS,FAIL,IMS,,,,,,,,,,,,,,,,
,XYZ405,UE10201,call_drop,Radio,FAIL,Radio,,,,,,,,,,,,,,,,
,XYZ403,UE10020,call_drop,IMS,FAIL,IMS,,,,,,,,,,,,,,,,
,XYZ410,UE10590,call_drop,Transport,FAIL,Transport,,,,,,,,,,,,,,,,
,XYZ406,UE10669,call_drop,Mobility,FAIL,Mobility,,,,,,,,,,,,,,,,
,XYZ402,UE10093,call_drop,Mobility,FAIL,Mobility,,,,,,,,,,,,,,,,
,XYZ406,UE10007,call_drop,Radio,FAIL,Radio,,,,,,,,,,,,,,,,
,XYZ406,UE10471,call_drop,Transport,FAIL,Transport,,,,,,,,,,,,,,,,
,XYZ402,UE10338,call_drop,IMS,FAIL,IMS,,,,,,,,,,,,,,,,
,XYZ406,UE10258,call_drop,Mobility,FAIL,Mobility,,,,,,,,,,,,,,,,
,XYZ406,UE10054,call_drop,Radio,FAIL,Radio,,,,,,,,,,,,,,,,
,XYZ406,UE10910,call_drop,Transport,FAIL,Transport,,,,,,,,,,,,,,,,
,XYZ405,UE10547,call_drop,Mobility,FAIL,Mobility,,,,,,,,,,,,,,,,
,XYZ407,UE10005,call_drop,Transport,FAIL,Transport,,,,,,,,,,,,,,,,
,XYZ405,UE10376,call_drop,Radio,FAIL,Radio,,,,,,,,,,,,,,,,
,XYZ401,UE10553,call_drop,Transport,FAIL,Transport,,,,,,,,,,,,,,,,
,XYZ409,UE10049,call_drop,Transport,FAIL,Transport,,,,,,,,,,,,,,,,
,XYZ403,UE10111,call_drop,IMS,FAIL,IMS,,,,,,,,,,,,,,,,
,XYZ402,UE10145,call_drop,Transport,FAIL,Transport,,,,,,,,,,,,,,,,
,XYZ410,UE10229,call_drop,Transport,FAIL,Transport,,,,,,,,,,,,,,,,
,XYZ406,UE10722,call_drop,IMS,FAIL,IMS,,,,,,,,,,,,,,,,
,XYZ408,UE10496,call_drop,IMS,FAIL,IMS,,,,,,,,,,,,,,,,
,XYZ402,UE10305,call_drop,Radio,FAIL,Radio,,,,,,,,,,,,,,,,
,XYZ404,UE10541,call_drop,Mobility,FAIL,Mobility,,,,,,,,,,,,,,,,
,XYZ402,UE10460,call_drop,Transport,FAIL,Transport,,,,,,,,,,,,,,,,
,XYZ409,UE10806,call_drop,Transport,FAIL,Transport,,,,,,,,,,,,,,,,
,XYZ410,UE10627,call_drop,Transport,FAIL,Transport,,,,,,,,,,,,,,,,
,XYZ402,UE10907,call_drop,Radio,FAIL,Radio,,,,,,,,,,,,,,,,
,XYZ410,UE10225,call_drop,Mobility,FAIL,Mobility,,,,,,,,,,,,,,,,
,XYZ402,UE10058,call_drop,Mobility,FAIL,Mobility,,,,,,,,,,,,,,,,
,XYZ405,UE10075,call_drop,Mobility,FAIL,Mobility,,,,,,,,,,,,,,,,
,XYZ405,UE10427,call_drop,Mobility,FAIL,Mobility,,,,,,,,,,,,,,,,
,XYZ407,UE10727,call_drop,IMS,FAIL,IMS,,,,,,,,,,,,,,,,
,XYZ401,UE10131,call_drop,Mobility,FAIL,Mobility,,,,,,,,,,,,,,,,
,XYZ402,UE10931,call_drop,IMS,FAIL,IMS,,,,,,,,,,,,,,,,
,XYZ406,UE10497,call_drop,Transport,FAIL,Transport,,,,,,,,,,,,,,,,
,XYZ402,UE10815,call_drop,Radio,FAIL,Radio,,,,,,,,,,,,,,,,
,XYZ404,UE10909,call_drop,IMS,FAIL,IMS,,,,,,,,,,,,,,,,
,XYZ410,UE10592,call_drop,Mobility,FAIL,Mobility,,,,,,,,,,,,,,,,
,XYZ406,UE10304,call_drop,Mobility,FAIL,Mobility,,,,,,,,,,,,,,,,
,XYZ407,UE10066,call_drop,Transport,FAIL,Transport,,,,,,,,,,,,,,,,
,XYZ405,UE10982,call_drop,Radio,FAIL,Radio,,,,,,,,,,,,,,,,
,XYZ408,UE10332,call_drop,IMS,FAIL,IMS,,,,,,,,,,,,,,,,
,XYZ406,UE10904,call_drop,Mobility,FAIL,Mobility,,,,,,,,,,,,,,,,
,XYZ405,UE10276,call_drop,IMS,FAIL,IMS,,,,,,,,,,,,,,,,
,XYZ404,UE10872,call_drop,IMS,FAIL,IMS,,,,,,,,,,,,,,,,
,XYZ406,UE10583,call_drop,IMS,FAIL,IMS,,,,,,,,,,,,,,,,
,XYZ406,UE10720,call_drop,IMS,FAIL,IMS,,,,,,,,,,,,,,,,
,XYZ406,UE10783,call_drop,IMS,FAIL,IMS,,,,,,,,,,,,,,,,
,XYZ401,UE10143,call_drop,Mobility,FAIL,Mobility,,,,,,,,,,,,,,,,
,XYZ406,UE10250,call_drop,Transport,FAIL,Transport,,,,,,,,,,,,,,,,
,XYZ401,UE10795,call_drop,Transport,FAIL,Transport,,,,,,,,,,,,,,,,
,XYZ405,UE10690,call_drop,Mobility,FAIL,Mobility,,,,,,,,,,,,,,,,
,XYZ407,UE10951,call_drop,Transport,FAIL,Transport,,,,,,,,,,,,,,,,
,XYZ401,UE10079,call_drop,IMS,FAIL,IMS,,,,,,,,,,,,,,,,
,XYZ401,UE10056,call_drop,Radio,FAIL,Radio,,,,,,,,,,,,,,,,
,XYZ406,UE10365,call_drop,Transport,FAIL,Transport,,,,,,,,,,,,,,,,
,XYZ407,UE10307,call_drop,Radio,FAIL,Radio,,,,,,,,,,,,,,,,
,XYZ406,UE10173,call_drop,Radio,FAIL,Radio,,,,,,,,,,,,,,,,
,XYZ405,UE10461,call_drop,Mobility,FAIL,Mobility,,,,,,,,,,,,,,,,
,XYZ406,UE10749,call_drop,Transport,FAIL,Transport,,,,,,,,,,,,,,,,
,XYZ403,UE10677,call_drop,IMS,FAIL,IMS,,,,,,,,,,,,,,,,
,XYZ409,UE10595,call_drop,Mobility,FAIL,Mobility,,,,,,,,,,,,,,,,
,XYZ405,UE10492,call_drop,Mobility,FAIL,Mobility,,,,,,,,,,,,,,,,
,XYZ402,UE10559,call_drop,Radio,FAIL,Radio,,,,,,,,,,,,,,,,
,XYZ410,UE10638,call_drop,Transport,FAIL,Transport,,,,,,,,,,,,,,,,
,XYZ410,UE10680,call_drop,Mobility,FAIL,Mobility,,,,,,,,,,,,,,,,
,XYZ407,UE10865,call_drop,IMS,FAIL,IMS,,,,,,,,,,,,,,,,
,XYZ403,UE10373,call_drop,Mobility,FAIL,Mobility,,,,,,,,,,,,,,,,
,XYZ401,UE10954,call_drop,IMS,FAIL,IMS,,,,,,,,,,,,,,,,
,XYZ403,UE10348,call_drop,Transport,FAIL,Transport,,,,,,,,,,,,,,,,
,XYZ409,UE10066,call_drop,IMS,FAIL,IMS,,,,,,,,,,,,,,,,
,XYZ405,UE10329,call_drop,IMS,FAIL,IMS,,,,,,,,,,,,,,,,
,XYZ407,UE10851,call_drop,Radio,FAIL,Radio,,,,,,,,,,,,,,,,
,XYZ403,UE10193,call_drop,Mobility,FAIL,Mobility,,,,,,,,,,,,,,,,
,XYZ404,UE10154,call_drop,Transport,FAIL,Transport,,,,,,,,,,,,,,,,
,XYZ401,UE10159,call_drop,Mobility,FAIL,Mobility,,,,,,,,,,,,,,,,
,XYZ403,UE10695,call_drop,IMS,FAIL,IMS,,,,,,,,,,,,,,,,
,XYZ407,UE10265,call_drop,IMS,FAIL,IMS,,,,,,,,,,,,,,,,
,XYZ404,UE10167,call_drop,Mobility,FAIL,Mobility,,,,,,,,,,,,,,,,
,XYZ402,UE10144,call_drop,Transport,FAIL,Transport,,,,,,,,,,,,,,,,
,XYZ405,UE10185,call_drop,Transport,FAIL,Transport,,,,,,,,,,,,,,,,
,XYZ405,UE10885,call_drop,Radio,FAIL,Radio,,,,,,,,,,,,,,,,
,XYZ402,UE10864,call_drop,IMS,FAIL,IMS,,,,,,,,,,,,,,,,
,XYZ406,UE10773,call_drop,IMS,FAIL,IMS,,,,,,,,,,,,,,,,
,XYZ410,UE10422,call_drop,Radio,FAIL,Radio,,,,,,,,,,,,,,,,
,XYZ404,UE10785,call_drop,Mobility,FAIL,Mobility,,,,,,,,,,,,,,,,
,XYZ401,UE10456,call_drop,IMS,FAIL,IMS,,,,,,,,,,,,,,,,
,XYZ403,UE10839,call_drop,Mobility,FAIL,Mobility,,,,,,,,,,,,,,,,
,XYZ409,UE10344,call_drop,Transport,FAIL,Transport,,,,,,,,,,,,,,,,
,XYZ410,UE10734,call_drop,IMS,FAIL,IMS,,,,,,,,,,,,,,,,
,XYZ407,UE10553,call_drop,Radio,FAIL,Radio,,,,,,,,,,,,,,,,
,XYZ406,UE10515,call_drop,IMS,FAIL,IMS,,,,,,,,,,,,,,,,
,XYZ401,UE10787,call_drop,Radio,FAIL,Radio,,,,,,,,,,,,,,,,
,XYZ409,UE10795,call_drop,Transport,FAIL,Transport,,,,,,,,,,,,,,,,
,XYZ409,UE10935,call_drop,Transport,FAIL,Transport,,,,,,,,,,,,,,,,
,XYZ401,UE10704,call_drop,Transport,FAIL,Transport,,,,,,,,,,,,,,,,
,XYZ406,UE10103,call_drop,Transport,FAIL,Transport,,,,,,,,,,,,,,,,
,XYZ407,UE10246,call_drop,IMS,FAIL,IMS,,,,,,,,,,,,,,,,
,XYZ402,UE10811,call_drop,Mobility,FAIL,Mobility,,,,,,,,,,,,,,,,
,XYZ410,UE10022,call_drop,Mobility,FAIL,Mobility,,,,,,,,,,,,,,,,
,XYZ408,UE10952,call_drop,Radio,FAIL,Radio,,,,,,,,,,,,,,,,
,XYZ408,UE10814,call_drop,Mobility,FAIL,Mobility,,,,,,,,,,,,,,,,
,XYZ406,UE10524,call_drop,Transport,FAIL,Transport,,,,,,,,,,,,,,,,
,XYZ409,UE10143,call_drop,Mobility,FAIL,Mobility,,,,,,,,,,,,,,,,
,XYZ403,UE10729,call_drop,Radio,FAIL,Radio,,,,,,,,,,,,,,,,
,XYZ402,UE10694,call_drop,Mobility,FAIL,Mobility,,,,,,,,,,,,,,,,
,XYZ402,UE10862,call_drop,Radio,FAIL,Radio,,,,,,,,,,,,,,,,
,XYZ406,UE10753,call_drop,IMS,FAIL,IMS,,,,,,,,,,,,,,,,
,XYZ407,UE10192,call_drop,Radio,FAIL,Radio,,,,,,,,,,,,,,,,
,XYZ406,UE10464,call_drop,Radio,FAIL,Radio,,,,,,,,,,,,,,,,
,XYZ403,UE10783,call_drop,Transport,FAIL,Transport,,,,,,,,,,,,,,,,
,XYZ405,UE10374,call_drop,Transport,FAIL,Transport,,,,,,,,,,,,,,,,
,XYZ408,UE10676,call_drop,Transport,FAIL,Transport,,,,,,,,,,,,,,,,
,XYZ406,UE10691,call_drop,Radio,FAIL,Radio,,,,,,,,,,,,,,,,
,XYZ402,UE10628,call_drop,Mobility,FAIL,Mobility,,,,,,,,,,,,,,,,
,XYZ407,UE10265,call_drop,Transport,FAIL,Transport,,,,,,,,,,,,,,,,
,XYZ408,UE10377,call_drop,Transport,FAIL,Transport,,,,,,,,,,,,,,,,
,XYZ404,UE10549,call_drop,Radio,FAIL,Radio,,,,,,,,,,,,,,,,
,XYZ401,UE10555,call_drop,IMS,FAIL,IMS,,,,,,,,,,,,,,,,
,XYZ402,UE10862,call_drop,IMS,FAIL,IMS,,,,,,,,,,,,,,,,
,XYZ404,UE10073,call_drop,Mobility,FAIL,Mobility,,,,,,,,,,,,,,,,
,XYZ407,UE10437,call_drop,IMS,FAIL,IMS,,,,,,,,,,,,,,,,
,XYZ402,UE10880,call_drop,Transport,FAIL,Transport,,,,,,,,,,,,,,,,
,XYZ406,UE10225,call_drop,Transport,FAIL,Transport,,,,,,,,,,,,,,,,
,XYZ402,UE10818,call_drop,Mobility,FAIL,Mobility,,,,,,,,,,,,,,,,
,XYZ407,UE10307,call_drop,Transport,FAIL,Transport,,,,,,,,,,,,,,,,
,XYZ402,UE10965,call_drop,IMS,FAIL,IMS,,,,,,,,,,,,,,,,
,XYZ403,UE10347,call_drop,Transport,FAIL,Transport,,,,,,,,,,,,,,,,
,XYZ409,UE10475,call_drop,Radio,FAIL,Radio,,,,,,,,,,,,,,,,
,XYZ404,UE10314,call_drop,Radio,FAIL,Radio,,,,,,,,,,,,,,,,
,XYZ405,UE10524,call_drop,Radio,FAIL,Radio,,,,,,,,,,,,,,,,
,XYZ409,UE10424,call_drop,IMS,FAIL,IMS,,,,,,,,,,,,,,,,
,XYZ407,UE10523,call_drop,Radio,FAIL,Radio,,,,,,,,,,,,,,,,
,XYZ408,UE10561,call_drop,Core,FAIL,Core,,,,,,,,,,,,,,,,
,XYZ403,UE10999,call_drop,IMS,FAIL,IMS,,,,,,,,,,,,,,,,
,XYZ404,UE10824,call_drop,Radio,FAIL,Radio,,,,,,,,,,,,,,,,
,XYZ407,UE10945,call_drop,Mobility,FAIL,Mobility,,,,,,,,,,,,,,,,
,XYZ404,UE10248,call_drop,Core,FAIL,Core,,,,,,,,,,,,,,,,
,XYZ402,UE10630,call_drop,Core,FAIL,Core,,,,,,,,,,,,,,,,
,XYZ410,UE10568,call_drop,Mobility,FAIL,Mobility,,,,,,,,,,,,,,,,
,XYZ406,UE10181,call_drop,Core,FAIL,Core,,,,,,,,,,,,,,,,
,XYZ409,UE10961,call_drop,IMS,FAIL,IMS,,,,,,,,,,,,,,,,
,XYZ402,UE10775,call_drop,Core,FAIL,Core,,,,,,,,,,,,,,,,
,XYZ401,UE10105,call_drop,Mobility,FAIL,Mobility,,,,,,,,,,,,,,,,
,XYZ408,UE10190,call_drop,Core,FAIL,Core,,,,,,,,,,,,,,,,
,XYZ401,UE10136,call_drop,Core,FAIL,Core,,,,,,,,,,,,,,,,
,XYZ401,UE10699,call_drop,Mobility,FAIL,Mobility,,,,,,,,,,,,,,,,
,XYZ403,UE10119,call_drop,Core,FAIL,Core,,,,,,,,,,,,,,,,
,XYZ405,UE10753,call_drop,IMS,FAIL,IMS,,,,,,,,,,,,,,,,
,XYZ409,UE10830,call_drop,Core,FAIL,Core,,,,,,,,,,,,,,,,
,XYZ410,UE10071,call_drop,Radio,FAIL,Radio,,,,,,,,,,,,,,,,
,XYZ402,UE10754,call_drop,Radio,FAIL,Radio,,,,,,,,,,,,,,,,
,XYZ401,UE10130,call_drop,IMS,FAIL,IMS,,,,,,,,,,,,,,,,
,XYZ401,UE10456,call_drop,Core,FAIL,Core,,,,,,,,,,,,,,,,
,XYZ408,UE10780,call_drop,IMS,FAIL,IMS,,,,,,,,,,,,,,,,
,XYZ410,UE10904,call_drop,Core,FAIL,Core,,,,,,,,,,,,,,,,
,XYZ410,UE10478,call_drop,Radio,FAIL,Radio,,,,,,,,,,,,,,,,
,XYZ410,UE10984,call_drop,Mobility,FAIL,Mobility,,,,,,,,,,,,,,,,
,XYZ402,UE10051,call_drop,IMS,FAIL,IMS,,,,,,,,,,,,,,,,
,XYZ409,UE10573,call_drop,Mobility,FAIL,Mobility,,,,,,,,,,,,,,,,
,XYZ409,UE10118,call_drop,Radio,FAIL,Radio,,,,,,,,,,,,,,,,
,XYZ402,UE10876,call_drop,Core,FAIL,Core,,,,,,,,,,,,,,,,
,XYZ403,UE10263,call_drop,Transport,FAIL,Transport,,,,,,,,,,,,,,,,
,XYZ402,UE10238,call_drop,Mobility,FAIL,Mobility,,,,,,,,,,,,,,,,
,XYZ406,UE10350,call_drop,Core,FAIL,Core,,,,,,,,,,,,,,,,
,XYZ407,UE10892,call_drop,Mobility,FAIL,Mobility,,,,,,,,,,,,,,,,
,XYZ406,UE10254,call_drop,Radio,FAIL,Radio,,,,,,,,,,,,,,,,
,XYZ403,UE10684,call_drop,Radio,FAIL,Radio,,,,,,,,,,,,,,,,
,XYZ403,UE10308,call_drop,IMS,FAIL,IMS,,,,,,,,,,,,,,,,
,XYZ402,UE10748,call_drop,Radio,FAIL,Radio,,,,,,,,,,,,,,,,
,XYZ402,UE10830,call_drop,Radio,FAIL,Radio,,,,,,,,,,,,,,,,
,XYZ405,UE10606,call_drop,Mobility,FAIL,Mobility,,,,,,,,,,,,,,,,
,XYZ408,UE10848,call_drop,Radio,FAIL,Radio,,,,,,,,,,,,,,,,
,XYZ406,UE10494,call_drop,Radio,FAIL,Radio,,,,,,,,,,,,,,,,
,XYZ409,UE10056,call_drop,Mobility,FAIL,Mobility,,,,,,,,,,,,,,,,
,XYZ405,UE10949,call_drop,Radio,FAIL,Radio,,,,,,,,,,,,,,,,
,XYZ410,UE10402,call_drop,Radio,FAIL,Radio,,,,,,,,,,,,,,,,
,XYZ404,UE10066,call_drop,IMS,FAIL,IMS,,,,,,,,,,,,,,,,
,XYZ409,UE10045,call_drop,Radio,FAIL,Radio,,,,,,,,,,,,,,,,
,XYZ410,UE10605,call_drop,Radio,FAIL,Radio,,,,,,,,,,,,,,,,
,XYZ405,UE10649,call_drop,IMS,FAIL,IMS,,,,,,,,,,,,,,,,
,XYZ401,UE10368,call_drop,Mobility,FAIL,Mobility,,,,,,,,,,,,,,,,
,XYZ405,UE10604,call_drop,Radio,FAIL,Radio,,,,,,,,,,,,,,,,
,XYZ405,UE10231,call_drop,Mobility,FAIL,Mobility,,,,,,,,,,,,,,,,
,XYZ405,UE10401,call_drop,Mobility,FAIL,Mobility,,,,,,,,,,,,,,,,
,XYZ402,UE10907,call_drop,Mobility,FAIL,Mobility,,,,,,,,,,,,,,,,
,XYZ406,UE10560,call_drop,Radio,FAIL,Radio,,,,,,,,,,,,,,,,
,XYZ405,UE10022,call_drop,IMS,FAIL,IMS,,,,,,,,,,,,,,,,
,XYZ402,UE10573,call_drop,Mobility,FAIL,Mobility,,,,,,,,,,,,,,,,
,XYZ410,UE10266,call_drop,IMS,FAIL,IMS,,,,,,,,,,,,,,,,
,XYZ408,UE10840,call_drop,Core,FAIL,Core,,,,,,,,,,,,,,,,
,XYZ406,UE10117,call_drop,IMS,FAIL,IMS,,,,,,,,,,,,,,,,
,XYZ410,UE10951,call_drop,Core,FAIL,Core,,,,,,,,,,,,,,,,
,XYZ403,UE10599,call_drop,IMS,FAIL,IMS,,,,,,,,,,,,,,,,
,XYZ409,UE10600,call_drop,Mobility,FAIL,Mobility,,,,,,,,,,,,,,,,
,XYZ404,UE10054,call_drop,IMS,FAIL,IMS,,,,,,,,,,,,,,,,
,XYZ403,UE10152,call_drop,IMS,FAIL,IMS,,,,,,,,,,,,,,,,
,XYZ407,UE10238,call_drop,Core,FAIL,Core,,,,,,,,,,,,,,,,
,XYZ408,UE10264,call_drop,Core,FAIL,Core,,,,,,,,,,,,,,,,
,XYZ407,UE10267,call_drop,Radio,FAIL,Radio,,,,,,,,,,,,,,,,
,XYZ401,UE10906,call_drop,Mobility,FAIL,Mobility,,,,,,,,,,,,,,,,
,XYZ401,UE10112,call_drop,Radio,FAIL,Radio,,,,,,,,,,,,,,,,
,XYZ405,UE10165,call_drop,Core,FAIL,Core,,,,,,,,,,,,,,,,
,XYZ408,UE10667,call_drop,IMS,FAIL,IMS,,,,,,,,,,,,,,,,
,XYZ410,UE10007,call_drop,Core,FAIL,Core,,,,,,,,,,,,,,,,
,XYZ403,UE10713,call_drop,Core,FAIL,Core,,,,,,,,,,,,,,,,
,XYZ408,UE10216,call_drop,IMS,FAIL,IMS,,,,,,,,,,,,,,,,
,XYZ403,UE10430,call_drop,Radio,FAIL,Radio,,,,,,,,,,,,,,,,
,XYZ404,UE10291,call_drop,IMS,FAIL,IMS,,,,,,,,,,,,,,,,
,XYZ410,UE10892,call_drop,IMS,FAIL,IMS,,,,,,,,,,,,,,,,
,XYZ407,UE10049,call_drop,Core,FAIL,Core,,,,,,,,,,,,,,,,
,XYZ403,UE10106,call_drop,Mobility,FAIL,Mobility,,,,,,,,,,,,,,,,
,XYZ404,UE10008,call_drop,Mobility,FAIL,Mobility,,,,,,,,,,,,,,,,
,XYZ408,UE10744,call_drop,Mobility,FAIL,Mobility,,,,,,,,,,,,,,,,
,XYZ404,UE10699,call_drop,Core,FAIL,Core,,,,,,,,,,,,,,,,
,XYZ409,UE10455,call_drop,Mobility,FAIL,Mobility,,,,,,,,,,,,,,,,
,XYZ404,UE10322,call_drop,Mobility,FAIL,Mobility,,,,,,,,,,,,,,,,
,XYZ404,UE10308,call_drop,Core,FAIL,Core,,,,,,,,,,,,,,,,
,XYZ405,UE10849,call_drop,Mobility,FAIL,Mobility,,,,,,,,,,,,,,,,
,XYZ401,UE10621,call_drop,Radio,FAIL,Radio,,,,,,,,,,,,,,,,
,XYZ407,UE10994,call_drop,Core,FAIL,Core,,,,,,,,,,,,,,,,
,XYZ409,UE10144,call_drop,Core,FAIL,Core,,,,,,,,,,,,,,,,
,XYZ409,UE10739,call_drop,IMS,FAIL,IMS,,,,,,,,,,,,,,,,
,XYZ401,UE10820,call_drop,Mobility,FAIL,Mobility,,,,,,,,,,,,,,,,
,XYZ406,UE10411,call_drop,Radio,FAIL,Radio,,,,,,,,,,,,,,,,
,XYZ403,UE10113,call_drop,Transport,FAIL,Transport,,,,,,,,,,,,,,,,
,XYZ404,UE10574,call_drop,Core,FAIL,Core,,,,,,,,,,,,,,,,
,XYZ408,UE10398,call_drop,Mobility,FAIL,Mobility,,,,,,,,,,,,,,,,
,XYZ404,UE10274,call_drop,Transport,FAIL,Transport,,,,,,,,,,,,,,,,
,XYZ408,UE10123,call_drop,Transport,FAIL,Transport,,,,,,,,,,,,,,,,
,XYZ404,UE10085,call_drop,IMS,FAIL,IMS,,,,,,,,,,,,,,,,
,XYZ409,UE10581,call_drop,Transport,FAIL,Transport,,,,,,,,,,,,,,,,
,XYZ406,UE10046,call_drop,Mobility,FAIL,Mobility,,,,,,,,,,,,,,,,
,XYZ401,UE10710,call_drop,Mobility,FAIL,Mobility,,,,,,,,,,,,,,,,
,XYZ410,UE10875,call_drop,Radio,FAIL,Radio,,,,,,,,,,,,,,,,
,XYZ402,UE10943,call_drop,Radio,FAIL,Radio,,,,,,,,,,,,,,,,
,XYZ407,UE10200,call_drop,Transport,FAIL,Transport,,,,,,,,,,,,,,,,
,XYZ410,UE10275,call_drop,Mobility,FAIL,Mobility,,,,,,,,,,,,,,,,
,XYZ407,UE10548,call_drop,IMS,FAIL,IMS,,,,,,,,,,,,,,,,
,XYZ403,UE10714,call_drop,Core,FAIL,Core,,,,,,,,,,,,,,,,
,XYZ401,UE10129,call_drop,Core,FAIL,Core,,,,,,,,,,,,,,,,
,XYZ408,UE10447,call_drop,IMS,FAIL,IMS,,,,,,,,,,,,,,,,
,XYZ410,UE10981,call_drop,Core,FAIL,Core,,,,,,,,,,,,,,,,
,XYZ410,UE10803,call_drop,Core,FAIL,Core,,,,,,,,,,,,,,,,
,XYZ407,UE10388,call_drop,IMS,FAIL,IMS,,,,,,,,,,,,,,,,
,XYZ410,UE10575,call_drop,IMS,FAIL,IMS,,,,,,,,,,,,,,,,
,XYZ408,UE10262,call_drop,Mobility,FAIL,Mobility,,,,,,,,,,,,,,,,
,XYZ401,UE10965,call_drop,IMS,FAIL,IMS,,,,,,,,,,,,,,,,
,XYZ403,UE10631,call_drop,Mobility,FAIL,Mobility,,,,,,,,,,,,,,,,
,XYZ402,UE10277,call_drop,IMS,FAIL,IMS,,,,,,,,,,,,,,,,
,XYZ401,UE10713,call_drop,IMS,FAIL,IMS,,,,,,,,,,,,,,,,
,XYZ405,UE10045,call_drop,IMS,FAIL,IMS,,,,,,,,,,,,,,,,
,XYZ403,UE10167,call_drop,IMS,FAIL,IMS,,,,,,,,,,,,,,,,
,XYZ410,UE10444,call_drop,Mobility,FAIL,Mobility,,,,,,,,,,,,,,,,
,XYZ408,UE10621,call_drop,Mobility,FAIL,Mobility,,,,,,,,,,,,,,,,
,XYZ406,UE10045,call_drop,Radio,FAIL,Radio,,,,,,,,,,,,,,,,
,XYZ410,UE10723,call_drop,Mobility,FAIL,Mobility,,,,,,,,,,,,,,,,
,XYZ409,UE10539,call_drop,Mobility,FAIL,Mobility,,,,,,,,,,,,,,,,
,XYZ409,UE10086,call_drop,Core,FAIL,Core,,,,,,,,,,,,,,,,
,XYZ406,UE10802,call_drop,IMS,FAIL,IMS,,,,,,,,,,,,,,,,
,XYZ402,UE10384,call_drop,Mobility,FAIL,Mobility,,,,,,,,,,,,,,,,
,XYZ409,UE10668,call_drop,IMS,FAIL,IMS,,,,,,,,,,,,,,,,
,XYZ402,UE10264,call_drop,IMS,FAIL,IMS,,,,,,,,,,,,,,,,
,XYZ403,UE10776,call_drop,Core,FAIL,Core,,,,,,,,,,,,,,,,
,XYZ406,UE10021,call_drop,IMS,FAIL,IMS,,,,,,,,,,,,,,,,
,XYZ402,UE10767,call_drop,Mobility,FAIL,Mobility,,,,,,,,,,,,,,,,
,XYZ405,UE10702,call_drop,IMS,FAIL,IMS,,,,,,,,,,,,,,,,
,XYZ402,UE10449,call_drop,Radio,FAIL,Radio,,,,,,,,,,,,,,,,
,XYZ404,UE10975,call_drop,Radio,FAIL,Radio,,,,,,,,,,,,,,,,
,XYZ403,UE10231,call_drop,Core,FAIL,Core,,,,,,,,,,,,,,,,
,XYZ405,UE10185,call_drop,Mobility,FAIL,Mobility,,,,,,,,,,,,,,,,
,XYZ406,UE10325,call_drop,Core,FAIL,Core,,,,,,,,,,,,,,,,
,XYZ407,UE10182,call_drop,Radio,FAIL,Radio,,,,,,,,,,,,,,,,
,XYZ410,UE10396,call_drop,Mobility,FAIL,Mobility,,,,,,,,,,,,,,,,
,XYZ408,UE10480,call_drop,IMS,FAIL,IMS,,,,,,,,,,,,,,,,
,XYZ409,UE10402,call_drop,Mobility,FAIL,Mobility,,,,,,,,,,,,,,,,
,XYZ404,UE10462,call_drop,Radio,FAIL,Radio,,,,,,,,,,,,,,,,
,XYZ404,UE10416,call_drop,Mobility,FAIL,Mobility,,,,,,,,,,,,,,,,
,XYZ407,UE10201,call_drop,IMS,FAIL,IMS,,,,,,,,,,,,,,,,
,XYZ410,UE10064,call_drop,Core,FAIL,Core,,,,,,,,,,,,,,,,
,XYZ410,UE10955,call_drop,Core,FAIL,Core,,,,,,,,,,,,,,,,
,XYZ409,UE10907,call_drop,Mobility,FAIL,Mobility,,,,,,,,,,,,,,,,
,XYZ402,UE10554,call_drop,Core,FAIL,Core,,,,,,,,,,,,,,,,
,XYZ406,UE10732,call_drop,Mobility,FAIL,Mobility,,,,,,,,,,,,,,,,
,XYZ410,UE10016,call_drop,Radio,FAIL,Radio,,,,,,,,,,,,,,,,
,XYZ410,UE10835,call_drop,Radio,FAIL,Radio,,,,,,,,,,,,,,,,
,XYZ408,UE10796,call_drop,IMS,FAIL,IMS,,,,,,,,,,,,,,,,
,XYZ405,UE10182,call_drop,Radio,FAIL,Radio,,,,,,,,,,,,,,,,
,XYZ405,UE10390,call_drop,Radio,FAIL,Radio,,,,,,,,,,,,,,,,
,XYZ408,UE10043,call_drop,Transport,FAIL,Transport,,,,,,,,,,,,,,,,
,XYZ401,UE10972,call_drop,Mobility,FAIL,Mobility,,,,,,,,,,,,,,,,
,XYZ406,UE10900,call_drop,Core,FAIL,Core,,,,,,,,,,,,,,,,
,XYZ410,UE10699,call_drop,Core,FAIL,Core,,,,,,,,,,,,,,,,
,XYZ409,UE10901,call_drop,Mobility,FAIL,Mobility,,,,,,,,,,,,,,,,
,XYZ406,UE10481,call_drop,Core,FAIL,Core,,,,,,,,,,,,,,,,
,XYZ407,UE10262,call_drop,Radio,FAIL,Radio,,,,,,,,,,,,,,,,
,XYZ404,UE10173,call_drop,Mobility,FAIL,Mobility,,,,,,,,,,,,,,,,
,XYZ410,UE10440,call_drop,Core,FAIL,Core,,,,,,,,,,,,,,,,
,XYZ401,UE10565,call_drop,IMS,FAIL,IMS,,,,,,,,,,,,,,,,
,XYZ409,UE10219,call_drop,IMS,FAIL,IMS,,,,,,,,,,,,,,,,
,XYZ406,UE10557,call_drop,Mobility,FAIL,Mobility,,,,,,,,,,,,,,,,
,XYZ403,UE10393,call_drop,Core,FAIL,Core,,,,,,,,,,,,,,,,
,XYZ404,UE10771,call_drop,IMS,FAIL,IMS,,,,,,,,,,,,,,,,
,XYZ410,UE10194,call_drop,Core,FAIL,Core,,,,,,,,,,,,,,,,
,XYZ406,UE10408,call_drop,Mobility,FAIL,Mobility,,,,,,,,,,,,,,,,
,XYZ406,UE10470,call_drop,Mobility,FAIL,Mobility,,,,,,,,,,,,,,,,
,XYZ409,UE10346,call_drop,Core,FAIL,Core,,,,,,,,,,,,,,,,
,XYZ404,UE10461,call_drop,Core,FAIL,Core,,,,,,,,,,,,,,,,
,XYZ405,UE10060,call_drop,Core,FAIL,Core,,,,,,,,,,,,,,,,
,XYZ403,UE10671,call_drop,IMS,FAIL,IMS,,,,,,,,,,,,,,,,
,XYZ402,UE10150,call_drop,IMS,FAIL,IMS,,,,,,,,,,,,,,,,
,XYZ408,UE10110,call_drop,IMS,FAIL,IMS,,,,,,,,,,,,,,,,
,XYZ410,UE10487,call_drop,IMS,FAIL,IMS,,,,,,,,,,,,,,,,
,XYZ409,UE10548,call_drop,Mobility,FAIL,Mobility,,,,,,,,,,,,,,,,
,XYZ410,UE10002,call_drop,Radio,FAIL,Radio,,,,,,,,,,,,,,,,
,XYZ409,UE10482,call_drop,IMS,FAIL,IMS,,,,,,,,,,,,,,,,
,XYZ405,UE10012,call_drop,Core,FAIL,Core,,,,,,,,,,,,,,,,
,XYZ409,UE10161,call_drop,IMS,FAIL,IMS,,,,,,,,,,,,,,,,
,XYZ404,UE10343,call_drop,Radio,FAIL,Radio,,,,,,,,,,,,,,,,
,XYZ402,UE10448,call_drop,Transport,FAIL,Transport,,,,,,,,,,,,,,,,
,XYZ403,UE10331,call_drop,IMS,FAIL,IMS,,,,,,,,,,,,,,,,
,XYZ401,UE10263,call_drop,IMS,FAIL,IMS,,,,,,,,,,,,,,,,
,XYZ405,UE10082,call_drop,Mobility,FAIL,Mobility,,,,,,,,,,,,,,,,
,XYZ401,UE10776,call_drop,Core,FAIL,Core,,,,,,,,,,,,,,,,
,XYZ401,UE10923,call_drop,Core,FAIL,Core,,,,,,,,,,,,,,,,
,XYZ407,UE10333,call_drop,Mobility,FAIL,Mobility,,,,,,,,,,,,,,,,
,XYZ402,UE10379,call_drop,Mobility,FAIL,Mobility,,,,,,,,,,,,,,,,
,XYZ408,UE10218,call_drop,Radio,FAIL,Radio,,,,,,,,,,,,,,,,
,XYZ406,UE10657,call_drop,Core,FAIL,Core,,,,,,,,,,,,,,,,
,XYZ404,UE10809,call_drop,Core,FAIL,Core,,,,,,,,,,,,,,,,
,XYZ409,UE10808,call_drop,Mobility,FAIL,Mobility,,,,,,,,,,,,,,,,
,XYZ410,UE10453,call_drop,Mobility,FAIL,Mobility,,,,,,,,,,,,,,,,
,XYZ408,UE10672,call_drop,Core,FAIL,Core,,,,,,,,,,,,,,,,
,XYZ410,UE10740,call_drop,Mobility,FAIL,Mobility,,,,,,,,,,,,,,,,
,XYZ403,UE10745,call_drop,Radio,FAIL,Radio,,,,,,,,,,,,,,,,
,XYZ403,UE10088,call_drop,Mobility,FAIL,Mobility,,,,,,,,,,,,,,,,
,XYZ404,UE10332,call_drop,Radio,FAIL,Radio,,,,,,,,,,,,,,,,
,XYZ409,UE10309,call_drop,IMS,FAIL,IMS,,,,,,,,,,,,,,,,
,XYZ409,UE10726,call_drop,Core,FAIL,Core,,,,,,,,,,,,,,,,
,XYZ405,UE10419,call_drop,Mobility,FAIL,Mobility,,,,,,,,,,,,,,,,
,XYZ409,UE10608,call_drop,Core,FAIL,Core,,,,,,,,,,,,,,,,
,XYZ406,UE10724,call_drop,Radio,FAIL,Radio,,,,,,,,,,,,,,,,
,XYZ408,UE10353,call_drop,Core,FAIL,Core,,,,,,,,,,,,,,,,
,XYZ408,UE10823,call_drop,Core,FAIL,Core,,,,,,,,,,,,,,,,
,XYZ410,UE10099,call_drop,Mobility,FAIL,Mobility,,,,,,,,,,,,,,,,
,XYZ407,UE10144,call_drop,Core,FAIL,Core,,,,,,,,,,,,,,,,
,XYZ404,UE10009,call_drop,Mobility,FAIL,Mobility,,,,,,,,,,,,,,,,
,XYZ404,UE10982,call_drop,IMS,FAIL,IMS,,,,,,,,,,,,,,,,
,XYZ406,UE10043,call_drop,Mobility,FAIL,Mobility,,,,,,,,,,,,,,,,
,XYZ409,UE10762,call_drop,Radio,FAIL,Radio,,,,,,,,,,,,,,,,
,XYZ407,UE10385,call_drop,Core,FAIL,Core,,,,,,,,,,,,,,,,
,XYZ405,UE10738,call_drop,Core,FAIL,Core,,,,,,,,,,,,,,,,
,XYZ405,UE10909,call_drop,Core,FAIL,Core,,,,,,,,,,,,,,,,
,XYZ408,UE10760,call_drop,Mobility,FAIL,Mobility,,,,,,,,,,,,,,,,
,XYZ406,UE10494,call_drop,Mobility,FAIL,Mobility,,,,,,,,,,,,,,,,
,XYZ401,UE10492,call_drop,Mobility,FAIL,Mobility,,,,,,,,,,,,,,,,
,XYZ401,UE10168,call_drop,Radio,FAIL,Radio,,,,,,,,,,,,,,,,
,XYZ409,UE10641,call_drop,Mobility,FAIL,Mobility,,,,,,,,,,,,,,,,
,XYZ408,UE10530,call_drop,Core,FAIL,Core,,,,,,,,,,,,,,,,
,XYZ406,UE10335,call_drop,IMS,FAIL,IMS,,,,,,,,,,,,,,,,
,XYZ401,UE10746,call_drop,Radio,FAIL,Radio,,,,,,,,,,,,,,,,
,XYZ402,UE10856,call_drop,IMS,FAIL,IMS,,,,,,,,,,,,,,,,
,XYZ410,UE10512,call_drop,Radio,FAIL,Radio,,,,,,,,,,,,,,,,
,XYZ403,UE10129,call_drop,Radio,FAIL,Radio,,,,,,,,,,,,,,,,
,XYZ410,UE10538,call_drop,Core,FAIL,Core,,,,,,,,,,,,,,,,
,XYZ403,UE10513,call_drop,Mobility,FAIL,Mobility,,,,,,,,,,,,,,,,
,XYZ402,UE10249,call_drop,Core,FAIL,Core,,,,,,,,,,,,,,,,
,XYZ402,UE10733,call_drop,Core,FAIL,Core,,,,,,,,,,,,,,,,
,XYZ406,UE10946,call_drop,Core,FAIL,Core,,,,,,,,,,,,,,,,
,XYZ407,UE10137,call_drop,IMS,FAIL,IMS,,,,,,,,,,,,,,,,
,XYZ404,UE10274,call_drop,Radio,FAIL,Radio,,,,,,,,,,,,,,,,
,XYZ401,UE10463,call_drop,IMS,FAIL,IMS,,,,,,,,,,,,,,,,
,XYZ406,UE10140,call_drop,Mobility,FAIL,Mobility,,,,,,,,,,,,,,,,
,XYZ407,UE10943,call_drop,Core,FAIL,Core,,,,,,,,,,,,,,,,
,XYZ404,UE10255,call_drop,Radio,FAIL,Radio,,,,,,,,,,,,,,,,
,XYZ406,UE10881,call_drop,Mobility,FAIL,Mobility,,,,,,,,,,,,,,,,
,XYZ409,UE10823,call_drop,Core,FAIL,Core,,,,,,,,,,,,,,,,
,XYZ404,UE10455,call_drop,Transport,FAIL,Transport,,,,,,,,,,,,,,,,
,XYZ404,UE10433,call_drop,Mobility,FAIL,Mobility,,,,,,,,,,,,,,,,
,XYZ410,UE10606,call_drop,Mobility,FAIL,Mobility,,,,,,,,,,,,,,,,
,XYZ405,UE10172,call_drop,Mobility,FAIL,Mobility,,,,,,,,,,,,,,,,
,XYZ403,UE10472,call_drop,Mobility,FAIL,Mobility,,,,,,,,,,,,,,,,
,XYZ410,UE10954,call_drop,Core,FAIL,Core,,,,,,,,,,,,,,,,
,XYZ402,UE10422,call_drop,Radio,FAIL,Radio,,,,,,,,,,,,,,,,
,XYZ409,UE10916,call_drop,Core,FAIL,Core,,,,,,,,,,,,,,,,
,XYZ401,UE10438,call_drop,IMS,FAIL,IMS,,,,,,,,,,,,,,,,
,XYZ405,UE10056,call_drop,Core,FAIL,Core,,,,,,,,,,,,,,,,
,XYZ405,UE10497,call_drop,Radio,FAIL,Radio,,,,,,,,,,,,,,,,
,XYZ408,UE10613,call_drop,Mobility,FAIL,Mobility,,,,,,,,,,,,,,,,
,XYZ406,UE10168,call_drop,IMS,FAIL,IMS,,,,,,,,,,,,,,,,
,XYZ406,UE10988,call_drop,IMS,FAIL,IMS,,,,,,,,,,,,,,,,
,XYZ406,UE10581,call_drop,Core,FAIL,Core,,,,,,,,,,,,,,,,
,XYZ404,UE10849,call_drop,Mobility,FAIL,Mobility,,,,,,,,,,,,,,,,
,XYZ401,UE10560,call_drop,Radio,FAIL,Radio,,,,,,,,,,,,,,,,
,XYZ403,UE10427,call_drop,Mobility,FAIL,Mobility,,,,,,,,,,,,,,,,
,XYZ410,UE10418,call_drop,Core,FAIL,Core,,,,,,,,,,,,,,,,
,XYZ406,UE10346,call_drop,IMS,FAIL,IMS,,,,,,,,,,,,,,,,
,XYZ405,UE10516,call_drop,Mobility,FAIL,Mobility,,,,,,,,,,,,,,,,
,XYZ410,UE10454,call_drop,Core,FAIL,Core,,,,,,,,,,,,,,,,
,XYZ405,UE10201,call_drop,Mobility,FAIL,Mobility,,,,,,,,,,,,,,,,
,XYZ402,UE10178,call_drop,Radio,FAIL,Radio,,,,,,,,,,,,,,,,
,XYZ404,UE10697,call_drop,Radio,FAIL,Radio,,,,,,,,,,,,,,,,
,XYZ406,UE10603,call_drop,Core,FAIL,Core,,,,,,,,,,,,,,,,
,XYZ407,UE10803,call_drop,Mobility,FAIL,Mobility,,,,,,,,,,,,,,,,
,XYZ409,UE10905,call_drop,Radio,FAIL,Radio,,,,,,,,,,,,,,,,
,XYZ405,UE10945,call_drop,Core,FAIL,Core,,,,,,,,,,,,,,,,
,XYZ408,UE10994,call_drop,Radio,FAIL,Radio,,,,,,,,,,,,,,,,
,XYZ408,UE10500,call_drop,Core,FAIL,Core,,,,,,,,,,,,,,,,
,XYZ409,UE10738,call_drop,Radio,FAIL,Radio,,,,,,,,,,,,,,,,
,XYZ403,UE10932,call_drop,Mobility,FAIL,Mobility,,,,,,,,,,,,,,,,
,XYZ409,UE10147,call_drop,Radio,FAIL,Radio,,,,,,,,,,,,,,,,
,XYZ407,UE10780,call_drop,IMS,FAIL,IMS,,,,,,,,,,,,,,,,
,XYZ404,UE10714,call_drop,Radio,FAIL,Radio,,,,,,,,,,,,,,,,
,XYZ401,UE10377,call_drop,Mobility,FAIL,Mobility,,,,,,,,,,,,,,,,
,XYZ407,UE10876,call_drop,IMS,FAIL,IMS,,,,,,,,,,,,,,,,
,XYZ410,UE10914,call_drop,Core,FAIL,Core,,,,,,,,,,,,,,,,
,XYZ406,UE10347,call_drop,Radio,FAIL,Radio,,,,,,,,,,,,,,,,
,XYZ403,UE10357,call_drop,Radio,FAIL,Radio,,,,,,,,,,,,,,,,
,XYZ405,UE10055,call_drop,Core,FAIL,Core,,,,,,,,,,,,,,,,
,XYZ403,UE10812,call_drop,Mobility,FAIL,Mobility,,,,,,,,,,,,,,,,
,XYZ408,UE10315,call_drop,IMS,FAIL,IMS,,,,,,,,,,,,,,,,
,XYZ405,UE10963,call_drop,Radio,FAIL,Radio,,,,,,,,,,,,,,,,
,XYZ410,UE10184,call_drop,Core,FAIL,Core,,,,,,,,,,,,,,,,
,XYZ410,UE10053,call_drop,IMS,FAIL,IMS,,,,,,,,,,,,,,,,
,XYZ406,UE10036,call_drop,Radio,FAIL,Radio,,,,,,,,,,,,,,,,
,XYZ402,UE10722,call_drop,Mobility,FAIL,Mobility,,,,,,,,,,,,,,,,
,XYZ408,UE10804,call_drop,Core,FAIL,Core,,,,,,,,,,,,,,,,
,XYZ409,UE10269,call_drop,Mobility,FAIL,Mobility,,,,,,,,,,,,,,,,
,XYZ403,UE10862,call_drop,Mobility,FAIL,Mobility,,,,,,,,,,,,,,,,
,XYZ406,UE10731,call_drop,IMS,FAIL,IMS,,,,,,,,,,,,,,,,
,XYZ406,UE10507,call_drop,Core,FAIL,Core,,,,,,,,,,,,,,,,
,XYZ402,UE10227,call_drop,Radio,FAIL,Radio,,,,,,,,,,,,,,,,
,XYZ410,UE10427,call_drop,Radio,FAIL,Radio,,,,,,,,,,,,,,,,
,XYZ408,UE10869,call_drop,IMS,FAIL,IMS,,,,,,,,,,,,,,,,
,XYZ405,UE10722,call_drop,Core,FAIL,Core,,,,,,,,,,,,,,,,
,XYZ408,UE10809,call_drop,IMS,FAIL,IMS,,,,,,,,,,,,,,,,
,XYZ408,UE10000,call_drop,Core,FAIL,Core,,,,,,,,,,,,,,,,
,XYZ403,UE10022,call_drop,Core,FAIL,Core,,,,,,,,,,,,,,,,
,XYZ405,UE10502,call_drop,IMS,FAIL,IMS,,,,,,,,,,,,,,,,
,XYZ407,UE10447,call_drop,Core,FAIL,Core,,,,,,,,,,,,,,,,
,XYZ405,UE10795,call_drop,Mobility,FAIL,Mobility,,,,,,,,,,,,,,,,
,XYZ406,UE10495,call_drop,IMS,FAIL,IMS,,,,,,,,,,,,,,,,
,XYZ402,UE10899,call_drop,Core,FAIL,Core,,,,,,,,,,,,,,,,
,XYZ408,UE10424,call_drop,Radio,FAIL,Radio,,,,,,,,,,,,,,,,
,XYZ405,UE10699,call_drop,Core,FAIL,Core,,,,,,,,,,,,,,,,
,XYZ406,UE10017,call_drop,Radio,FAIL,Radio,,,,,,,,,,,,,,,,
,XYZ401,UE10958,call_drop,Radio,FAIL,Radio,,,,,,,,,,,,,,,,
,XYZ402,UE10560,call_drop,Mobility,FAIL,Mobility,,,,,,,,,,,,,,,,
,XYZ404,UE10558,call_drop,Mobility,FAIL,Mobility,,,,,,,,,,,,,,,,
,XYZ409,UE10626,call_drop,Mobility,FAIL,Mobility,,,,,,,,,,,,,,,,
,XYZ406,UE10038,call_drop,Core,FAIL,Core,,,,,,,,,,,,,,,,
,XYZ408,UE10728,call_drop,Mobility,FAIL,Mobility,,,,,,,,,,,,,,,,
,XYZ402,UE10209,call_drop,Radio,FAIL,Radio,,,,,,,,,,,,,,,,
,XYZ410,UE10773,call_drop,Core,FAIL,Core,,,,,,,,,,,,,,,,
,XYZ405,UE10210,call_drop,Radio,FAIL,Radio,,,,,,,,,,,,,,,,
,XYZ401,UE10564,call_drop,Core,FAIL,Core,,,,,,,,,,,,,,,,
,XYZ404,UE10971,call_drop,Transport,FAIL,Transport,,,,,,,,,,,,,,,,
,XYZ410,UE10280,call_drop,Mobility,FAIL,Mobility,,,,,,,,,,,,,,,,
,XYZ401,UE10866,call_drop,Radio,FAIL,Radio,,,,,,,,,,,,,,,,
,XYZ409,UE10832,call_drop,IMS,FAIL,IMS,,,,,,,,,,,,,,,,
,XYZ402,UE10132,call_drop,Transport,FAIL,Transport,,,,,,,,,,,,,,,,
,XYZ407,UE10448,call_drop,IMS,FAIL,IMS,,,,,,,,,,,,,,,,
,XYZ403,UE10263,call_drop,Core,FAIL,Core,,,,,,,,,,,,,,,,
,XYZ402,UE10806,call_drop,IMS,FAIL,IMS,,,,,,,,,,,,,,,,
,XYZ404,UE10110,call_drop,Radio,FAIL,Radio,,,,,,,,,,,,,,,,
,XYZ407,UE10554,call_drop,Mobility,FAIL,Mobility,,,,,,,,,,,,,,,,
,XYZ407,UE10849,call_drop,Mobility,FAIL,Mobility,,,,,,,,,,,,,,,,
,XYZ409,UE10237,call_drop,Radio,FAIL,Radio,,,,,,,,,,,,,,,,
,XYZ403,UE10890,call_drop,Mobility,FAIL,Mobility,,,,,,,,,,,,,,,,
,XYZ407,UE10456,call_drop,Radio,FAIL,Radio,,,,,,,,,,,,,,,,
,XYZ406,UE10900,call_drop,IMS,FAIL,IMS,,,,,,,,,,,,,,,,
,XYZ410,UE10758,call_drop,IMS,FAIL,IMS,,,,,,,,,,,,,,,,
,XYZ407,UE10515,call_drop,Mobility,FAIL,Mobility,,,,,,,,,,,,,,,,
,XYZ407,UE10875,call_drop,Radio,FAIL,Radio,,,,,,,,,,,,,,,,
,XYZ410,UE10860,call_drop,Mobility,FAIL,Mobility,,,,,,,,,,,,,,,,
,XYZ405,UE10896,call_drop,Core,FAIL,Core,,,,,,,,,,,,,,,,
,XYZ409,UE10861,call_drop,Radio,FAIL,Radio,,,,,,,,,,,,,,,,
,XYZ407,UE10823,call_drop,Radio,FAIL,Radio,,,,,,,,,,,,,,,,
,XYZ407,UE10172,call_drop,IMS,FAIL,IMS,,,,,,,,,,,,,,,,
,XYZ403,UE10192,call_drop,Core,FAIL,Core,,,,,,,,,,,,,,,,
,XYZ401,UE10514,call_drop,IMS,FAIL,IMS,,,,,,,,,,,,,,,,
,XYZ405,UE10789,call_drop,Core,FAIL,Core,,,,,,,,,,,,,,,,
,XYZ408,UE10967,call_drop,Core,FAIL,Core,,,,,,,,,,,,,,,,
,XYZ405,UE10567,call_drop,IMS,FAIL,IMS,,,,,,,,,,,,,,,,
,XYZ410,UE10785,call_drop,IMS,FAIL,IMS,,,,,,,,,,,,,,,,
,XYZ403,UE10408,call_drop,Core,FAIL,Core,,,,,,,,,,,,,,,,
,XYZ409,UE10687,call_drop,Mobility,FAIL,Mobility,,,,,,,,,,,,,,,,
,XYZ402,UE10627,call_drop,Mobility,FAIL,Mobility,,,,,,,,,,,,,,,,
,XYZ403,UE10083,call_drop,Core,FAIL,Core,,,,,,,,,,,,,,,,
,XYZ404,UE10670,call_drop,Mobility,FAIL,Mobility,,,,,,,,,,,,,,,,
,XYZ410,UE10797,call_drop,IMS,FAIL,IMS,,,,,,,,,,,,,,,,
,XYZ404,UE10577,call_drop,Mobility,FAIL,Mobility,,,,,,,,,,,,,,,,
,XYZ404,UE10208,call_drop,IMS,FAIL,IMS,,,,,,,,,,,,,,,,
,XYZ409,UE10521,call_drop,Radio,FAIL,Radio,,,,,,,,,,,,,,,,
,XYZ408,UE10198,call_drop,IMS,FAIL,IMS,,,,,,,,,,,,,,,,
,XYZ402,UE10570,call_drop,Core,FAIL,Core,,,,,,,,,,,,,,,,
,XYZ407,UE10233,call_drop,IMS,FAIL,IMS,,,,,,,,,,,,,,,,
,XYZ406,UE10818,call_drop,Mobility,FAIL,Mobility,,,,,,,,,,,,,,,,
,XYZ407,UE10243,call_drop,Mobility,FAIL,Mobility,,,,,,,,,,,,,,,,
,XYZ404,UE10890,call_drop,IMS,FAIL,IMS,,,,,,,,,,,,,,,,
,XYZ405,UE10392,call_drop,IMS,FAIL,IMS,,,,,,,,,,,,,,,,
,XYZ406,UE10565,call_drop,Transport,FAIL,Transport,,,,,,,,,,,,,,,,
,XYZ409,UE10445,call_drop,Core,FAIL,Core,,,,,,,,,,,,,,,,
,XYZ402,UE10848,call_drop,Core,FAIL,Core,,,,,,,,,,,,,,,,
,XYZ409,UE10392,call_drop,Radio,FAIL,Radio,,,,,,,,,,,,,,,,
,XYZ410,UE10008,call_drop,Core,FAIL,Core,,,,,,,,,,,,,,,,
,XYZ401,UE10612,call_drop,Mobility,FAIL,Mobility,,,,,,,,,,,,,,,,
,XYZ404,UE10919,call_drop,IMS,FAIL,IMS,,,,,,,,,,,,,,,,
,XYZ405,UE10806,call_drop,Core,FAIL,Core,,,,,,,,,,,,,,,,
,XYZ409,UE10714,call_drop,IMS,FAIL,IMS,,,,,,,,,,,,,,,,
,XYZ406,UE10903,call_drop,IMS,FAIL,IMS,,,,,,,,,,,,,,,,
,XYZ404,UE10152,call_drop,Core,FAIL,Core,,,,,,,,,,,,,,,,
,XYZ402,UE10109,call_drop,Core,FAIL,Core,,,,,,,,,,,,,,,,
,XYZ405,UE10833,call_drop,IMS,FAIL,IMS,,,,,,,,,,,,,,,,
,XYZ408,UE10265,call_drop,Radio,FAIL,Radio,,,,,,,,,,,,,,,,
,XYZ408,UE10372,call_drop,Mobility,FAIL,Mobility,,,,,,,,,,,,,,,,
,XYZ406,UE10151,call_drop,Radio,FAIL,Radio,,,,,,,,,,,,,,,,
,XYZ401,UE10975,call_drop,Core,FAIL,Core,,,,,,,,,,,,,,,,
,XYZ408,UE10594,call_drop,Radio,FAIL,Radio,,,,,,,,,,,,,,,,
,XYZ404,UE10954,call_drop,Mobility,FAIL,Mobility,,,,,,,,,,,,,,,,
,XYZ402,UE10414,call_drop,Mobility,FAIL,Mobility,,,,,,,,,,,,,,,,
,XYZ401,UE10906,call_drop,IMS,FAIL,IMS,,,,,,,,,,,,,,,,
,XYZ407,UE10645,call_drop,Transport,FAIL,Transport,,,,,,,,,,,,,,,,
,XYZ402,UE10325,call_drop,IMS,FAIL,IMS,,,,,,,,,,,,,,,,
,XYZ404,UE10671,call_drop,IMS,FAIL,IMS,,,,,,,,,,,,,,,,
,XYZ404,UE10550,call_drop,Core,FAIL,Core,,,,,,,,,,,,,,,,
,XYZ410,UE10175,call_drop,Core,FAIL,Core,,,,,,,,,,,,,,,,
,XYZ401,UE10524,call_drop,IMS,FAIL,IMS,,,,,,,,,,,,,,,,
,XYZ402,UE10314,call_drop,Transport,FAIL,Transport,,,,,,,,,,,,,,,,
,XYZ401,UE10066,call_drop,IMS,FAIL,IMS,,,,,,,,,,,,,,,,
,XYZ406,UE10951,call_drop,Radio,FAIL,Radio,,,,,,,,,,,,,,,,
,XYZ403,UE10759,call_drop,Transport,FAIL,Transport,,,,,,,,,,,,,,,,
,XYZ401,UE10552,call_drop,IMS,FAIL,IMS,,,,,,,,,,,,,,,,
,XYZ408,UE10183,call_drop,Core,FAIL,Core,,,,,,,,,,,,,,,,
,XYZ404,UE10034,call_drop,IMS,FAIL,IMS,,,,,,,,,,,,,,,,
,XYZ410,UE10933,call_drop,Mobility,FAIL,Mobility,,,,,,,,,,,,,,,,
,XYZ407,UE10504,call_drop,IMS,FAIL,IMS,,,,,,,,,,,,,,,,
,XYZ410,UE10848,call_drop,Core,FAIL,Core,,,,,,,,,,,,,,,,
,XYZ402,UE10962,call_drop,IMS,FAIL,IMS,,,,,,,,,,,,,,,,
,XYZ406,UE10801,call_drop,Core,FAIL,Core,,,,,,,,,,,,,,,,
,XYZ406,UE10075,call_drop,Radio,FAIL,Radio,,,,,,,,,,,,,,,,
,XYZ407,UE10471,call_drop,Mobility,FAIL,Mobility,,,,,,,,,,,,,,,,
,XYZ401,UE10581,call_drop,Core,FAIL,Core,,,,,,,,,,,,,,,,
,XYZ401,UE10745,call_drop,Core,FAIL,Core,,,,,,,,,,,,,,,,
,XYZ402,UE10522,call_drop,Mobility,FAIL,Mobility,,,,,,,,,,,,,,,,
,XYZ402,UE10879,call_drop,IMS,FAIL,IMS,,,,,,,,,,,,,,,,
,XYZ405,UE10282,call_drop,Mobility,FAIL,Mobility,,,,,,,,,,,,,,,,
,XYZ401,UE10815,call_drop,Radio,FAIL,Radio,,,,,,,,,,,,,,,,
,XYZ402,UE10535,call_drop,Mobility,FAIL,Mobility,,,,,,,,,,,,,,,,
,XYZ406,UE10273,call_drop,Mobility,FAIL,Mobility,,,,,,,,,,,,,,,,
,XYZ403,UE10538,call_drop,IMS,FAIL,IMS,,,,,,,,,,,,,,,,
,XYZ404,UE10053,call_drop,IMS,FAIL,IMS,,,,,,,,,,,,,,,,
,XYZ401,UE10054,call_drop,Mobility,FAIL,Mobility,,,,,,,,,,,,,,,,
,XYZ405,UE10887,call_drop,IMS,FAIL,IMS,,,,,,,,,,,,,,,,
,XYZ404,UE10744,call_drop,Mobility,FAIL,Mobility,,,,,,,,,,,,,,,,
,XYZ408,UE10276,call_drop,Radio,FAIL,Radio,,,,,,,,,,,,,,,,
,XYZ403,UE10442,call_drop,IMS,FAIL,IMS,,,,,,,,,,,,,,,,
,XYZ410,UE10882,call_drop,IMS,FAIL,IMS,,,,,,,,,,,,,,,,
,XYZ401,UE10417,call_drop,Transport,FAIL,Transport,,,,,,,,,,,,,,,,
,XYZ410,UE10631,call_drop,Mobility,FAIL,Mobility,,,,,,,,,,,,,,,,
,XYZ405,UE10224,call_drop,IMS,FAIL,IMS,,,,,,,,,,,,,,,,
,XYZ401,UE10569,call_drop,IMS,FAIL,IMS,,,,,,,,,,,,,,,,
,XYZ405,UE10254,call_drop,Mobility,FAIL,Mobility,,,,,,,,,,,,,,,,
,XYZ409,UE10175,call_drop,IMS,FAIL,IMS,,,,,,,,,,,,,,,,
,XYZ405,UE10565,call_drop,Mobility,FAIL,Mobility,,,,,,,,,,,,,,,,
,XYZ402,UE10145,call_drop,Radio,FAIL,Radio,,,,,,,,,,,,,,,,
,XYZ402,UE10770,call_drop,Mobility,FAIL,Mobility,,,,,,,,,,,,,,,,
,XYZ410,UE10663,call_drop,IMS,FAIL,IMS,,,,,,,,,,,,,,,,
,XYZ409,UE10384,call_drop,Mobility,FAIL,Mobility,,,,,,,,,,,,,,,,
,XYZ405,UE10261,call_drop,Core,FAIL,Core,,,,,,,,,,,,,,,,
,XYZ410,UE10853,call_drop,IMS,FAIL,IMS,,,,,,,,,,,,,,,,
,XYZ404,UE10370,call_drop,IMS,FAIL,IMS,,,,,,,,,,,,,,,,
,XYZ402,UE10682,call_drop,Radio,FAIL,Radio,,,,,,,,,,,,,,,,
,XYZ404,UE10890,call_drop,Mobility,FAIL,Mobility,,,,,,,,,,,,,,,,
,XYZ404,UE10903,call_drop,Radio,FAIL,Radio,,,,,,,,,,,,,,,,
,XYZ409,UE10196,call_drop,IMS,FAIL,IMS,,,,,,,,,,,,,,,,
,XYZ410,UE10947,call_drop,IMS,FAIL,IMS,,,,,,,,,,,,,,,,
,XYZ406,UE10584,call_drop,Mobility,FAIL,Mobility,,,,,,,,,,,,,,,,
,XYZ410,UE10814,call_drop,Radio,FAIL,Radio,,,,,,,,,,,,,,,,
,XYZ406,UE10596,call_drop,IMS,FAIL,IMS,,,,,,,,,,,,,,,,
,XYZ405,UE10283,call_drop,Core,FAIL,Core,,,,,,,,,,,,,,,,
,XYZ406,UE10301,call_drop,Radio,FAIL,Radio,,,,,,,,,,,,,,,,
,XYZ405,UE10119,call_drop,Radio,FAIL,Radio,,,,,,,,,,,,,,,,
,XYZ406,UE10727,call_drop,Mobility,FAIL,Mobility,,,,,,,,,,,,,,,,
,XYZ408,UE10135,call_drop,Core,FAIL,Core,,,,,,,,,,,,,,,,
,XYZ404,UE10627,call_drop,Mobility,FAIL,Mobility,,,,,,,,,,,,,,,,
,XYZ405,UE10572,call_drop,Radio,FAIL,Radio,,,,,,,,,,,,,,,,
,XYZ404,UE10528,call_drop,Mobility,FAIL,Mobility,,,,,,,,,,,,,,,,
,XYZ407,UE10033,call_drop,Mobility,FAIL,Mobility,,,,,,,,,,,,,,,,
,XYZ410,UE10531,call_drop,Mobility,FAIL,Mobility,,,,,,,,,,,,,,,,
,XYZ406,UE10207,call_drop,Core,FAIL,Core,,,,,,,,,,,,,,,,
,XYZ404,UE10969,call_drop,Mobility,FAIL,Mobility,,,,,,,,,,,,,,,,
,XYZ406,UE10673,call_drop,Radio,FAIL,Radio,,,,,,,,,,,,,,,,
,XYZ404,UE10298,call_drop,Core,FAIL,Core,,,,,,,,,,,,,,,,
,XYZ408,UE10521,call_drop,Core,FAIL,Core,,,,,,,,,,,,,,,,
,XYZ403,UE10093,call_drop,Core,FAIL,Core,,,,,,,,,,,,,,,,
,XYZ408,UE10413,call_drop,IMS,FAIL,IMS,,,,,,,,,,,,,,,,
,XYZ402,UE10370,call_drop,Radio,FAIL,Radio,,,,,,,,,,,,,,,,
,XYZ408,UE10382,call_drop,Transport,FAIL,Transport,,,,,,,,,,,,,,,,
,XYZ401,UE10440,call_drop,Radio,FAIL,Radio,,,,,,,,,,,,,,,,
,XYZ406,UE10877,call_drop,Core,FAIL,Core,,,,,,,,,,,,,,,,
,XYZ409,UE10446,call_drop,Mobility,FAIL,Mobility,,,,,,,,,,,,,,,,
,XYZ410,UE10618,call_drop,Radio,FAIL,Radio,,,,,,,,,,,,,,,,
,XYZ410,UE10616,call_drop,Radio,FAIL,Radio,,,,,,,,,,,,,,,,
,XYZ402,UE10070,call_drop,Radio,FAIL,Radio,,,,,,,,,,,,,,,,
,XYZ401,UE10942,call_drop,Core,FAIL,Core,,,,,,,,,,,,,,,,
,XYZ402,UE10083,call_drop,IMS,FAIL,IMS,,,,,,,,,,,,,,,,
,XYZ405,UE10208,call_drop,IMS,FAIL,IMS,,,,,,,,,,,,,,,,
,XYZ401,UE10238,call_drop,Mobility,FAIL,Mobility,,,,,,,,,,,,,,,,
,XYZ407,UE10301,call_drop,Core,FAIL,Core,,,,,,,,,,,,,,,,
,XYZ404,UE10231,call_drop,Mobility,FAIL,Mobility,,,,,,,,,,,,,,,,
,XYZ409,UE10931,call_drop,IMS,FAIL,IMS,,,,,,,,,,,,,,,,
,XYZ406,UE10281,call_drop,Core,FAIL,Core,,,,,,,,,,,,,,,,
,XYZ409,UE10393,call_drop,Core,FAIL,Core,,,,,,,,,,,,,,,,
,XYZ401,UE10417,call_drop,Core,FAIL,Core,,,,,,,,,,,,,,,,
,XYZ404,UE10205,call_drop,Radio,FAIL,Radio,,,,,,,,,,,,,,,,
,XYZ402,UE10263,call_drop,Mobility,FAIL,Mobility,,,,,,,,,,,,,,,,
,XYZ406,UE10310,call_drop,Core,FAIL,Core,,,,,,,,,,,,,,,,
,XYZ404,UE10858,call_drop,IMS,FAIL,IMS,,,,,,,,,,,,,,,,
,XYZ409,UE10905,call_drop,Mobility,FAIL,Mobility,,,,,,,,,,,,,,,,
,XYZ403,UE10696,call_drop,IMS,FAIL,IMS,,,,,,,,,,,,,,,,
,XYZ401,UE10625,call_drop,Mobility,FAIL,Mobility,,,,,,,,,,,,,,,,
,XYZ401,UE10078,call_drop,Core,FAIL,Core,,,,,,,,,,,,,,,,
,XYZ409,UE10868,call_drop,IMS,FAIL,IMS,,,,,,,,,,,,,,,,
,XYZ409,UE10341,call_drop,Mobility,FAIL,Mobility,,,,,,,,,,,,,,,,
,XYZ405,UE10812,call_drop,IMS,FAIL,IMS,,,,,,,,,,,,,,,,
,XYZ402,UE10561,call_drop,Radio,FAIL,Radio,,,,,,,,,,,,,,,,
,XYZ409,UE10831,call_drop,Radio,FAIL,Radio,,,,,,,,,,,,,,,,
,XYZ408,UE10094,call_drop,IMS,FAIL,IMS,,,,,,,,,,,,,,,,
,XYZ410,UE10769,call_drop,IMS,FAIL,IMS,,,,,,,,,,,,,,,,
,XYZ410,UE10940,call_drop,Radio,FAIL,Radio,,,,,,,,,,,,,,,,
,XYZ407,UE10061,call_drop,IMS,FAIL,IMS,,,,,,,,,,,,,,,,
,XYZ406,UE10141,call_drop,Mobility,FAIL,Mobility,,,,,,,,,,,,,,,,
,XYZ405,UE10841,call_drop,Mobility,FAIL,Mobility,,,,,,,,,,,,,,,,
,XYZ404,UE10733,call_drop,Mobility,FAIL,Mobility,,,,,,,,,,,,,,,,
,XYZ407,UE10867,call_drop,Radio,FAIL,Radio,,,,,,,,,,,,,,,,
,XYZ410,UE10615,call_drop,Radio,FAIL,Radio,,,,,,,,,,,,,,,,
,XYZ410,UE10526,call_drop,Mobility,FAIL,Mobility,,,,,,,,,,,,,,,,
,XYZ410,UE10781,call_drop,IMS,FAIL,IMS,,,,,,,,,,,,,,,,
,XYZ409,UE10670,call_drop,Mobility,FAIL,Mobility,,,,,,,,,,,,,,,,
,XYZ405,UE10156,call_drop,IMS,FAIL,IMS,,,,,,,,,,,,,,,,
,XYZ408,UE10538,call_drop,Core,FAIL,Core,,,,,,,,,,,,,,,,
,XYZ406,UE10596,call_drop,Core,FAIL,Core,,,,,,,,,,,,,,,,
,XYZ404,UE10008,call_drop,IMS,FAIL,IMS,,,,,,,,,,,,,,,,
,XYZ403,UE10275,call_drop,Radio,FAIL,Radio,,,,,,,,,,,,,,,,
,XYZ406,UE10226,call_drop,Mobility,FAIL,Mobility,,,,,,,,,,,,,,,,
,XYZ402,UE10590,call_drop,Mobility,FAIL,Mobility,,,,,,,,,,,,,,,,
,XYZ407,UE10215,call_drop,IMS,FAIL,IMS,,,,,,,,,,,,,,,,
,XYZ404,UE10432,call_drop,IMS,FAIL,IMS,,,,,,,,,,,,,,,,
,XYZ405,UE10568,call_drop,IMS,FAIL,IMS,,,,,,,,,,,,,,,,
,XYZ410,UE10655,call_drop,Radio,FAIL,Radio,,,,,,,,,,,,,,,,
,XYZ401,UE10355,call_drop,Mobility,FAIL,Mobility,,,,,,,,,,,,,,,,
,XYZ402,UE10842,call_drop,IMS,FAIL,IMS,,,,,,,,,,,,,,,,
,XYZ404,UE10391,call_drop,Mobility,FAIL,Mobility,,,,,,,,,,,,,,,,
,XYZ408,UE10578,call_drop,Radio,FAIL,Radio,,,,,,,,,,,,,,,,
,XYZ410,UE10274,call_drop,Core,FAIL,Core,,,,,,,,,,,,,,,,
,XYZ404,UE10493,call_drop,Core,FAIL,Core,,,,,,,,,,,,,,,,
,XYZ403,UE10616,call_drop,Core,FAIL,Core,,,,,,,,,,,,,,,,
,XYZ403,UE10450,call_drop,Mobility,FAIL,Mobility,,,,,,,,,,,,,,,,
,XYZ405,UE10419,call_drop,IMS,FAIL,IMS,,,,,,,,,,,,,,,,
,XYZ403,UE10984,call_drop,Mobility,FAIL,Mobility,,,,,,,,,,,,,,,,
,XYZ408,UE10699,call_drop,Radio,FAIL,Radio,,,,,,,,,,,,,,,,
,XYZ405,UE10163,call_drop,IMS,FAIL,IMS,,,,,,,,,,,,,,,,
,XYZ407,UE10778,call_drop,Radio,FAIL,Radio,,,,,,,,,,,,,,,,
,XYZ408,UE10562,call_drop,Core,FAIL,Core,,,,,,,,,,,,,,,,
,XYZ405,UE10637,call_drop,IMS,FAIL,IMS,,,,,,,,,,,,,,,,
,XYZ408,UE10591,call_drop,IMS,FAIL,IMS,,,,,,,,,,,,,,,,
,XYZ403,UE10182,call_drop,Core,FAIL,Core,,,,,,,,,,,,,,,,
,XYZ407,UE10309,call_drop,Radio,FAIL,Radio,,,,,,,,,,,,,,,,
,XYZ408,UE10016,call_drop,Mobility,FAIL,Mobility,,,,,,,,,,,,,,,,
,XYZ407,UE10445,call_drop,Mobility,FAIL,Mobility,,,,,,,,,,,,,,,,
,XYZ402,UE10169,call_drop,IMS,FAIL,IMS,,,,,,,,,,,,,,,,
,XYZ408,UE10279,call_drop,Core,FAIL,Core,,,,,,,,,,,,,,,,
,XYZ406,UE10912,call_drop,Transport,FAIL,Transport,,,,,,,,,,,,,,,,
,XYZ410,UE10815,call_drop,Radio,FAIL,Radio,,,,,,,,,,,,,,,,
,XYZ403,UE10339,call_drop,Mobility,FAIL,Mobility,,,,,,,,,,,,,,,,
,XYZ404,UE10725,call_drop,Radio,FAIL,Radio,,,,,,,,,,,,,,,,
,XYZ407,UE10709,call_drop,Radio,FAIL,Radio,,,,,,,,,,,,,,,,
,XYZ403,UE10518,call_drop,Radio,FAIL,Radio,,,,,,,,,,,,,,,,
,XYZ401,UE10909,call_drop,Core,FAIL,Core,,,,,,,,,,,,,,,,
,XYZ406,UE10010,call_drop,Core,FAIL,Core,,,,,,,,,,,,,,,,
,XYZ403,UE10523,call_drop,Core,FAIL,Core,,,,,,,,,,,,,,,,
,XYZ410,UE10621,call_drop,IMS,FAIL,IMS,,,,,,,,,,,,,,,,
,XYZ406,UE10132,call_drop,Core,FAIL,Core,,,,,,,,,,,,,,,,
,XYZ410,UE10900,call_drop,IMS,FAIL,IMS,,,,,,,,,,,,,,,,
,XYZ403,UE10639,call_drop,Mobility,FAIL,Mobility,,,,,,,,,,,,,,,,
,XYZ406,UE10147,call_drop,Mobility,FAIL,Mobility,,,,,,,,,,,,,,,,
,XYZ404,UE10565,call_drop,Mobility,FAIL,Mobility,,,,,,,,,,,,,,,,
,XYZ404,UE10822,call_drop,Mobility,FAIL,Mobility,,,,,,,,,,,,,,,,
,XYZ410,UE10953,call_drop,Mobility,FAIL,Mobility,,,,,,,,,,,,,,,,
,XYZ410,UE10078,call_drop,Core,FAIL,Core,,,,,,,,,,,,,,,,
,XYZ402,UE10345,call_drop,Core,FAIL,Core,,,,,,,,,,,,,,,,
,XYZ404,UE10608,call_drop,Core,FAIL,Core,,,,,,,,,,,,,,,,
,XYZ404,UE10248,call_drop,Transport,FAIL,Transport,,,,,,,,,,,,,,,,
,XYZ407,UE10638,call_drop,Core,FAIL,Core,,,,,,,,,,,,,,,,
,XYZ405,UE10541,call_drop,Mobility,FAIL,Mobility,,,,,,,,,,,,,,,,
,XYZ408,UE10023,call_drop,Radio,FAIL,Radio,,,,,,,,,,,,,,,,
,XYZ407,UE10470,call_drop,Mobility,FAIL,Mobility,,,,,,,,,,,,,,,,
,XYZ410,UE10200,call_drop,Radio,FAIL,Radio,,,,,,,,,,,,,,,,
,XYZ409,UE10130,call_drop,Mobility,FAIL,Mobility,,,,,,,,,,,,,,,,
,XYZ408,UE10633,call_drop,Radio,FAIL,Radio,,,,,,,,,,,,,,,,
,XYZ409,UE10355,call_drop,Radio,FAIL,Radio,,,,,,,,,,,,,,,,
,XYZ401,UE10943,call_drop,Core,FAIL,Core,,,,,,,,,,,,,,,,
,XYZ410,UE10838,call_drop,Mobility,FAIL,Mobility,,,,,,,,,,,,,,,,
,XYZ403,UE10149,call_drop,Core,FAIL,Core,,,,,,,,,,,,,,,,
,XYZ405,UE10525,call_drop,Core,FAIL,Core,,,,,,,,,,,,,,,,
,XYZ409,UE10303,call_drop,Mobility,FAIL,Mobility,,,,,,,,,,,,,,,,
,XYZ408,UE10540,call_drop,Radio,FAIL,Radio,,,,,,,,,,,,,,,,
,XYZ410,UE10049,call_drop,IMS,FAIL,IMS,,,,,,,,,,,,,,,,
,XYZ407,UE10463,call_drop,IMS,FAIL,IMS,,,,,,,,,,,,,,,,
,XYZ402,UE10239,call_drop,Mobility,FAIL,Mobility,,,,,,,,,,,,,,,,
,XYZ406,UE10481,call_drop,IMS,FAIL,IMS,,,,,,,,,,,,,,,,
,XYZ404,UE10905,call_drop,Radio,FAIL,Radio,,,,,,,,,,,,,,,,
,XYZ405,UE10454,call_drop,Transport,FAIL,Transport,,,,,,,,,,,,,,,,
,XYZ405,UE10984,call_drop,Core,FAIL,Core,,,,,,,,,,,,,,,,
,XYZ404,UE10282,call_drop,Core,FAIL,Core,,,,,,,,,,,,,,,,
,XYZ404,UE10334,call_drop,Mobility,FAIL,Mobility,,,,,,,,,,,,,,,,
,XYZ404,UE10351,call_drop,Core,FAIL,Core,,,,,,,,,,,,,,,,
,XYZ402,UE10667,call_drop,Radio,FAIL,Radio,,,,,,,,,,,,,,,,
,XYZ401,UE10648,call_drop,Radio,FAIL,Radio,,,,,,,,,,,,,,,,
,XYZ402,UE10326,call_drop,Mobility,FAIL,Mobility,,,,,,,,,,,,,,,,
,XYZ407,UE10335,call_drop,Core,FAIL,Core,,,,,,,,,,,,,,,,
,XYZ401,UE10665,call_drop,IMS,FAIL,IMS,,,,,,,,,,,,,,,,
,XYZ406,UE10994,call_drop,IMS,FAIL,IMS,,,,,,,,,,,,,,,,
,XYZ404,UE10080,call_drop,Core,FAIL,Core,,,,,,,,,,,,,,,,
,XYZ402,UE10086,call_drop,Mobility,FAIL,Mobility,,,,,,,,,,,,,,,,
,XYZ403,UE10775,call_drop,Transport,FAIL,Transport,,,,,,,,,,,,,,,,
,XYZ407,UE10257,call_drop,IMS,FAIL,IMS,,,,,,,,,,,,,,,,
,XYZ406,UE10990,call_drop,IMS,FAIL,IMS,,,,,,,,,,,,,,,,
,XYZ406,UE10184,call_drop,IMS,FAIL,IMS,,,,,,,,,,,,,,,,
,XYZ408,UE10691,call_drop,Core,FAIL,Core,,,,,,,,,,,,,,,,
,XYZ408,UE10697,call_drop,Mobility,FAIL,Mobility,,,,,,,,,,,,,,,,
,XYZ406,UE10122,call_drop,Radio,FAIL,Radio,,,,,,,,,,,,,,,,
,XYZ401,UE10888,call_drop,Radio,FAIL,Radio,,,,,,,,,,,,,,,,
,XYZ410,UE10095,call_drop,IMS,FAIL,IMS,,,,,,,,,,,,,,,,
,XYZ407,UE10604,call_drop,Mobility,FAIL,Mobility,,,,,,,,,,,,,,,,
,XYZ408,UE10514,call_drop,Mobility,FAIL,Mobility,,,,,,,,,,,,,,,,
,XYZ405,UE10903,call_drop,Core,FAIL,Core,,,,,,,,,,,,,,,,
,XYZ404,UE10442,call_drop,Core,FAIL,Core,,,,,,,,,,,,,,,,
,XYZ407,UE10513,call_drop,Transport,FAIL,Transport,,,,,,,,,,,,,,,,
,XYZ406,UE10990,call_drop,Core,FAIL,Core,,,,,,,,,,,,,,,,
,XYZ406,UE10957,call_drop,Mobility,FAIL,Mobility,,,,,,,,,,,,,,,,
,XYZ403,UE10370,call_drop,Radio,FAIL,Radio,,,,,,,,,,,,,,,,
,XYZ410,UE10304,call_drop,IMS,FAIL,IMS,,,,,,,,,,,,,,,,
,XYZ404,UE10356,call_drop,Mobility,FAIL,Mobility,,,,,,,,,,,,,,,,
,XYZ405,UE10147,call_drop,Radio,FAIL,Radio,,,,,,,,,,,,,,,,
,XYZ409,UE10284,call_drop,Radio,FAIL,Radio,,,,,,,,,,,,,,,,
,XYZ408,UE10656,call_drop,Transport,FAIL,Transport,,,,,,,,,,,,,,,,
,XYZ403,UE10841,call_drop,IMS,FAIL,IMS,,,,,,,,,,,,,,,,
,XYZ406,UE10872,call_drop,Mobility,FAIL,Mobility,,,,,,,,,,,,,,,,
,XYZ410,UE10917,call_drop,Radio,FAIL,Radio,,,,,,,,,,,,,,,,
,XYZ401,UE10261,call_drop,Mobility,FAIL,Mobility,,,,,,,,,,,,,,,,
,XYZ403,UE10573,call_drop,Core,FAIL,Core,,,,,,,,,,,,,,,,
,XYZ410,UE10490,call_drop,IMS,FAIL,IMS,,,,,,,,,,,,,,,,
,XYZ407,UE10737,call_drop,Radio,FAIL,Radio,,,,,,,,,,,,,,,,
,XYZ407,UE10030,call_drop,Core,FAIL,Core,,,,,,,,,,,,,,,,
,XYZ402,UE10701,call_drop,Core,FAIL,Core,,,,,,,,,,,,,,,,
,XYZ403,UE10886,call_drop,Radio,FAIL,Radio,,,,,,,,,,,,,,,,
,XYZ407,UE10267,call_drop,IMS,FAIL,IMS,,,,,,,,,,,,,,,,
,XYZ406,UE10011,call_drop,Radio,FAIL,Radio,,,,,,,,,,,,,,,,
,XYZ407,UE10190,call_drop,Mobility,FAIL,Mobility,,,,,,,,,,,,,,,,
,XYZ410,UE10399,call_drop,Core,FAIL,Core,,,,,,,,,,,,,,,,
,XYZ409,UE10536,call_drop,Mobility,FAIL,Mobility,,,,,,,,,,,,,,,,
,XYZ408,UE10917,call_drop,Core,FAIL,Core,,,,,,,,,,,,,,,,
,XYZ406,UE10090,call_drop,Core,FAIL,Core,,,,,,,,,,,,,,,,
,XYZ404,UE10599,call_drop,IMS,FAIL,IMS,,,,,,,,,,,,,,,,
,XYZ410,UE10843,call_drop,Radio,FAIL,Radio,,,,,,,,,,,,,,,,
,XYZ409,UE10500,call_drop,Core,FAIL,Core,,,,,,,,,,,,,,,,
,XYZ407,UE10785,call_drop,Mobility,FAIL,Mobility,,,,,,,,,,,,,,,,
,XYZ405,UE10300,call_drop,Mobility,FAIL,Mobility,,,,,,,,,,,,,,,,
,XYZ402,UE10110,call_drop,IMS,FAIL,IMS,,,,,,,,,,,,,,,,
,XYZ409,UE10079,call_drop,Radio,FAIL,Radio,,,,,,,,,,,,,,,,
,XYZ407,UE10835,call_drop,Mobility,FAIL,Mobility,,,,,,,,,,,,,,,,
,XYZ409,UE10651,call_drop,Mobility,FAIL,Mobility,,,,,,,,,,,,,,,,
,XYZ409,UE10432,call_drop,Transport,FAIL,Transport,,,,,,,,,,,,,,,,
,XYZ410,UE10416,call_drop,Radio,FAIL,Radio,,,,,,,,,,,,,,,,
,XYZ405,UE10213,call_drop,Transport,FAIL,Transport,,,,,,,,,,,,,,,,
,XYZ407,UE10446,call_drop,Mobility,FAIL,Mobility,,,,,,,,,,,,,,,,
,XYZ405,UE10017,call_drop,Radio,FAIL,Radio,,,,,,,,,,,,,,,,
,XYZ403,UE10053,call_drop,IMS,FAIL,IMS,,,,,,,,,,,,,,,,
,XYZ410,UE10879,call_drop,IMS,FAIL,IMS,,,,,,,,,,,,,,,,
,XYZ408,UE10608,call_drop,Core,FAIL,Core,,,,,,,,,,,,,,,,
,XYZ408,UE10794,call_drop,Transport,FAIL,Transport,,,,,,,,,,,,,,,,
,XYZ409,UE10745,call_drop,Mobility,FAIL,Mobility,,,,,,,,,,,,,,,,
,XYZ406,UE10978,call_drop,Radio,FAIL,Radio,,,,,,,,,,,,,,,,
,XYZ402,UE10239,call_drop,Radio,FAIL,Radio,,,,,,,,,,,,,,,,
,XYZ403,UE10845,call_drop,Core,FAIL,Core,,,,,,,,,,,,,,,,
,XYZ410,UE10920,call_drop,Mobility,FAIL,Mobility,,,,,,,,,,,,,,,,
,XYZ406,UE10417,call_drop,IMS,FAIL,IMS,,,,,,,,,,,,,,,,
,XYZ401,UE10855,call_drop,Mobility,FAIL,Mobility,,,,,,,,,,,,,,,,
,XYZ402,UE10485,call_drop,Radio,FAIL,Radio,,,,,,,,,,,,,,,,
,XYZ408,UE10443,call_drop,Core,FAIL,Core,,,,,,,,,,,,,,,,
,XYZ408,UE10565,call_drop,Mobility,FAIL,Mobility,,,,,,,,,,,,,,,,
,XYZ406,UE10598,call_drop,Radio,FAIL,Radio,,,,,,,,,,,,,,,,
,XYZ403,UE10772,call_drop,IMS,FAIL,IMS,,,,,,,,,,,,,,,,
,XYZ402,UE10747,call_drop,Mobility,FAIL,Mobility,,,,,,,,,,,,,,,,
,XYZ406,UE10122,call_drop,Core,FAIL,Core,,,,,,,,,,,,,,,,
,XYZ401,UE10419,call_drop,Mobility,FAIL,Mobility,,,,,,,,,,,,,,,,
,XYZ410,UE10565,call_drop,Mobility,FAIL,Mobility,,,,,,,,,,,,,,,,
,XYZ406,UE10215,call_drop,Radio,FAIL,Radio,,,,,,,,,,,,,,,,
,XYZ409,UE10419,call_drop,Mobility,FAIL,Mobility,,,,,,,,,,,,,,,,
,XYZ407,UE10708,call_drop,Mobility,FAIL,Mobility,,,,,,,,,,,,,,,,
,XYZ409,UE10550,call_drop,Mobility,FAIL,Mobility,,,,,,,,,,,,,,,,
,XYZ402,UE10965,call_drop,Core,FAIL,Core,,,,,,,,,,,,,,,,
,XYZ405,UE10876,call_drop,Core,FAIL,Core,,,,,,,,,,,,,,,,
,XYZ409,UE10227,call_drop,Radio,FAIL,Radio,,,,,,,,,,,,,,,,
,XYZ407,UE10236,call_drop,Mobility,FAIL,Mobility,,,,,,,,,,,,,,,,
,XYZ409,UE10643,call_drop,Mobility,FAIL,Mobility,,,,,,,,,,,,,,,,
,XYZ406,UE10329,call_drop,Mobility,FAIL,Mobility,,,,,,,,,,,,,,,,
,XYZ407,UE10832,call_drop,Radio,FAIL,Radio,,,,,,,,,,,,,,,,
,XYZ410,UE10468,call_drop,IMS,FAIL,IMS,,,,,,,,,,,,,,,,
,XYZ405,UE10679,call_drop,Core,FAIL,Core,,,,,,,,,,,,,,,,
,XYZ406,UE10486,call_drop,Core,FAIL,Core,,,,,,,,,,,,,,,,
,XYZ401,UE10548,call_drop,Mobility,FAIL,Mobility,,,,,,,,,,,,,,,,
,XYZ401,UE10578,call_drop,Radio,FAIL,Radio,,,,,,,,,,,,,,,,
,XYZ402,UE10622,call_drop,IMS,FAIL,IMS,,,,,,,,,,,,,,,,
,XYZ404,UE10414,call_drop,Core,FAIL,Core,,,,,,,,,,,,,,,,
,XYZ409,UE10218,call_drop,Radio,FAIL,Radio,,,,,,,,,,,,,,,,
,XYZ407,UE10720,call_drop,IMS,FAIL,IMS,,,,,,,,,,,,,,,,
,XYZ406,UE10380,call_drop,Mobility,FAIL,Mobility,,,,,,,,,,,,,,,,
,XYZ401,UE10086,call_drop,Mobility,FAIL,Mobility,,,,,,,,,,,,,,,,
,XYZ405,UE10460,call_drop,Core,FAIL,Core,,,,,,,,,,,,,,,,
,XYZ404,UE10814,call_drop,Core,FAIL,Core,,,,,,,,,,,,,,,,
,XYZ405,UE10410,call_drop,IMS,FAIL,IMS,,,,,,,,,,,,,,,,
,XYZ409,UE10690,call_drop,Radio,FAIL,Radio,,,,,,,,,,,,,,,,
,XYZ403,UE10915,call_drop,Radio,FAIL,Radio,,,,,,,,,,,,,,,,
,XYZ404,UE10524,call_drop,Mobility,FAIL,Mobility,,,,,,,,,,,,,,,,
,XYZ408,UE10446,call_drop,Radio,FAIL,Radio,,,,,,,,,,,,,,,,
,XYZ403,UE10299,call_drop,IMS,FAIL,IMS,,,,,,,,,,,,,,,,
,XYZ403,UE10407,call_drop,Core,FAIL,Core,,,,,,,,,,,,,,,,
,XYZ409,UE10636,call_drop,Core,FAIL,Core,,,,,,,,,,,,,,,,
,XYZ405,UE10374,call_drop,Radio,FAIL,Radio,,,,,,,,,,,,,,,,
,XYZ410,UE10232,call_drop,Mobility,FAIL,Mobility,,,,,,,,,,,,,,,,
,XYZ401,UE10762,call_drop,IMS,FAIL,IMS,,,,,,,,,,,,,,,,
,XYZ407,UE10898,call_drop,Mobility,FAIL,Mobility,,,,,,,,,,,,,,,,
,XYZ407,UE10637,call_drop,IMS,FAIL,IMS,,,,,,,,,,,,,,,,
,XYZ406,UE10746,call_drop,Mobility,FAIL,Mobility,,,,,,,,,,,,,,,,
,XYZ406,UE10649,call_drop,Radio,FAIL,Radio,,,,,,,,,,,,,,,,
,XYZ403,UE10960,call_drop,IMS,FAIL,IMS,,,,,,,,,,,,,,,,
,XYZ403,UE10048,call_drop,IMS,FAIL,IMS,,,,,,,,,,,,,,,,
,XYZ410,UE10891,call_drop,Radio,FAIL,Radio,,,,,,,,,,,,,,,,
,XYZ409,UE10185,call_drop,Core,FAIL,Core,,,,,,,,,,,,,,,,
,XYZ401,UE10204,call_drop,Core,FAIL,Core,,,,,,,,,,,,,,,,
,XYZ407,UE10077,call_drop,Mobility,FAIL,Mobility,,,,,,,,,,,,,,,,
,XYZ410,UE10480,call_drop,Core,FAIL,Core,,,,,,,,,,,,,,,,
,XYZ407,UE10385,call_drop,Transport,FAIL,Transport,,,,,,,,,,,,,,,,
,XYZ408,UE10193,call_drop,IMS,FAIL,IMS,,,,,,,,,,,,,,,,
,XYZ406,UE10102,call_drop,Mobility,FAIL,Mobility,,,,,,,,,,,,,,,,
,XYZ408,UE10616,call_drop,IMS,FAIL,IMS,,,,,,,,,,,,,,,,
,XYZ401,UE10375,call_drop,IMS,FAIL,IMS,,,,,,,,,,,,,,,,
,XYZ401,UE10286,call_drop,Radio,FAIL,Radio,,,,,,,,,,,,,,,,
,XYZ409,UE10835,call_drop,Core,FAIL,Core,,,,,,,,,,,,,,,,
,XYZ404,UE10481,call_drop,IMS,FAIL,IMS,,,,,,,,,,,,,,,,
,XYZ403,UE10722,call_drop,Core,FAIL,Core,,,,,,,,,,,,,,,,
,XYZ406,UE10249,call_drop,Radio,FAIL,Radio,,,,,,,,,,,,,,,,
,XYZ410,UE10804,call_drop,Core,FAIL,Core,,,,,,,,,,,,,,,,
,XYZ409,UE10200,call_drop,Core,FAIL,Core,,,,,,,,,,,,,,,,
,XYZ410,UE10535,call_drop,Mobility,FAIL,Mobility,,,,,,,,,,,,,,,,
,XYZ404,UE10460,call_drop,Mobility,FAIL,Mobility,,,,,,,,,,,,,,,,
,XYZ409,UE10299,call_drop,Mobility,FAIL,Mobility,,,,,,,,,,,,,,,,
,XYZ405,UE10477,call_drop,Core,FAIL,Core,,,,,,,,,,,,,,,,
,XYZ407,UE10082,call_drop,IMS,FAIL,IMS,,,,,,,,,,,,,,,,
,XYZ403,UE10808,call_drop,Radio,FAIL,Radio,,,,,,,,,,,,,,,,
,XYZ403,UE10457,call_drop,Mobility,FAIL,Mobility,,,,,,,,,,,,,,,,
,XYZ403,UE10690,call_drop,Radio,FAIL,Radio,,,,,,,,,,,,,,,,
,XYZ408,UE10297,call_drop,Radio,FAIL,Radio,,,,,,,,,,,,,,,,
,XYZ406,UE10363,call_drop,Core,FAIL,Core,,,,,,,,,,,,,,,,
,XYZ409,UE10717,call_drop,Transport,FAIL,Transport,,,,,,,,,,,,,,,,
,XYZ409,UE10039,call_drop,Mobility,FAIL,Mobility,,,,,,,,,,,,,,,,
,XYZ408,UE10815,call_drop,IMS,FAIL,IMS,,,,,,,,,,,,,,,,
,XYZ401,UE10624,call_drop,Mobility,FAIL,Mobility,,,,,,,,,,,,,,,,
,XYZ406,UE10339,call_drop,Radio,FAIL,Radio,,,,,,,,,,,,,,,,
,XYZ404,UE10515,call_drop,Mobility,FAIL,Mobility,,,,,,,,,,,,,,,,
,XYZ404,UE10997,call_drop,IMS,FAIL,IMS,,,,,,,,,,,,,,,,
,XYZ403,UE10107,call_drop,IMS,FAIL,IMS,,,,,,,,,,,,,,,,
,XYZ409,UE10315,call_drop,Core,FAIL,Core,,,,,,,,,,,,,,,,
,XYZ402,UE10113,call_drop,Core,FAIL,Core,,,,,,,,,,,,,,,,
,XYZ401,UE10166,call_drop,IMS,FAIL,IMS,,,,,,,,,,,,,,,,
,XYZ410,UE10260,call_drop,IMS,FAIL,IMS,,,,,,,,,,,,,,,,
,XYZ403,UE10617,call_drop,Radio,FAIL,Radio,,,,,,,,,,,,,,,,
,XYZ404,UE10223,call_drop,Mobility,FAIL,Mobility,,,,,,,,,,,,,,,,
,XYZ404,UE10261,call_drop,Core,FAIL,Core,,,,,,,,,,,,,,,,
,XYZ406,UE10250,call_drop,Radio,FAIL,Radio,,,,,,,,,,,,,,,,
,XYZ401,UE10525,call_drop,Mobility,FAIL,Mobility,,,,,,,,,,,,,,,,
,XYZ401,UE10709,call_drop,Core,FAIL,Core,,,,,,,,,,,,,,,,
,XYZ402,UE10125,call_drop,Radio,FAIL,Radio,,,,,,,,,,,,,,,,
,XYZ404,UE10205,call_drop,Core,FAIL,Core,,,,,,,,,,,,,,,,
,XYZ407,UE10139,call_drop,IMS,FAIL,IMS,,,,,,,,,,,,,,,,
,XYZ406,UE10061,call_drop,Core,FAIL,Core,,,,,,,,,,,,,,,,
,XYZ409,UE10282,call_drop,Radio,FAIL,Radio,,,,,,,,,,,,,,,,
,XYZ407,UE10053,call_drop,Mobility,FAIL,Mobility,,,,,,,,,,,,,,,,
,XYZ405,UE10345,call_drop,Mobility,FAIL,Mobility,,,,,,,,,,,,,,,,
,XYZ406,UE10523,call_drop,Radio,FAIL,Radio,,,,,,,,,,,,,,,,
,XYZ410,UE10135,call_drop,Radio,FAIL,Radio,,,,,,,,,,,,,,,,
,XYZ409,UE10329,call_drop,Radio,FAIL,Radio,,,,,,,,,,,,,,,,
,XYZ401,UE10143,call_drop,Radio,FAIL,Radio,,,,,,,,,,,,,,,,
,XYZ409,UE10435,call_drop,Core,FAIL,Core,,,,,,,,,,,,,,,,
,XYZ406,UE10281,call_drop,Mobility,FAIL,Mobility,,,,,,,,,,,,,,,,
,XYZ404,UE10135,call_drop,Core,FAIL,Core,,,,,,,,,,,,,,,,
,XYZ405,UE10488,call_drop,IMS,FAIL,IMS,,,,,,,,,,,,,,,,
,XYZ401,UE10812,call_drop,Radio,FAIL,Radio,,,,,,,,,,,,,,,,
,XYZ407,UE10732,call_drop,IMS,FAIL,IMS,,,,,,,,,,,,,,,,
,XYZ408,UE10851,call_drop,Radio,FAIL,Radio,,,,,,,,,,,,,,,,
,XYZ405,UE10720,call_drop,Core,FAIL,Core,,,,,,,,,,,,,,,,
,XYZ402,UE10914,call_drop,Core,FAIL,Core,,,,,,,,,,,,,,,,
,XYZ408,UE10400,call_drop,IMS,FAIL,IMS,,,,,,,,,,,,,,,,
,XYZ410,UE10870,call_drop,IMS,FAIL,IMS,,,,,,,,,,,,,,,,
,XYZ407,UE10891,call_drop,Core,FAIL,Core,,,,,,,,,,,,,,,,
,XYZ410,UE10448,call_drop,IMS,FAIL,IMS,,,,,,,,,,,,,,,,
,XYZ409,UE10634,call_drop,IMS,FAIL,IMS,,,,,,,,,,,,,,,,
,XYZ409,UE10668,call_drop,Core,FAIL,Core,,,,,,,,,,,,,,,,
,XYZ410,UE10575,call_drop,IMS,FAIL,IMS,,,,,,,,,,,,,,,,
,XYZ404,UE10080,call_drop,Core,FAIL,Core,,,,,,,,,,,,,,,,
,XYZ401,UE10624,call_drop,Mobility,FAIL,Mobility,,,,,,,,,,,,,,,,
,XYZ403,UE10783,call_drop,Transport,FAIL,Transport,,,,,,,,,,,,,,,,
,XYZ410,UE10843,call_drop,Radio,FAIL,Radio,,,,,,,,,,,,,,,,
,XYZ404,UE10785,call_drop,Mobility,FAIL,Mobility,,,,,,,,,,,,,,,,
,XYZ409,UE10641,call_drop,Mobility,FAIL,Mobility,,,,,,,,,,,,,,,,
,XYZ410,UE10568,call_drop,Mobility,FAIL,Mobility,,,,,,,,,,,,,,,,
,XYZ401,UE10368,call_drop,Mobility,FAIL,Mobility,,,,,,,,,,,,,,,,
,XYZ410,UE10402,call_drop,Radio,FAIL,Radio,,,,,,,,,,,,,,,,
,XYZ404,UE10771,call_drop,IMS,FAIL,IMS,,,,,,,,,,,,,,,,
,XYZ407,UE10233,call_drop,IMS,FAIL,IMS,,,,,,,,,,,,,,,,
,XYZ404,UE10351,call_drop,Core,FAIL,Core,,,,,,,,,,,,,,,,
,XYZ406,UE10036,call_drop,Radio,FAIL,Radio,,,,,,,,,,,,,,,,
,XYZ402,UE10754,call_drop,Radio,FAIL,Radio,,,,,,,,,,,,,,,,
,XYZ402,UE10522,call_drop,Mobility,FAIL,Mobility,,,,,,,,,,,,,,,,
,XYZ409,,throughput,Congestion,FAIL,,,,9,,,590,17,,,,,,,,,
,XYZ403,,throughput,nan,SUCCESS,,,,15,,,269,27,,,,,,,,,
,XYZ408,,throughput,RF,FAIL,,,,13,,,671,27,,,,,,,,,
,XYZ403,,throughput,RF,FAIL,,,,5,,,866,27,,,,,,,,,
,XYZ402,,throughput,Scheduler,FAIL,,,,6,,,569,11,,,,,,,,,
,XYZ405,,throughput,RF,FAIL,,,,13,,,141,85,,,,,,,,,
,XYZ404,,throughput,Congestion,FAIL,,,,11,,,939,81,,,,,,,,,
,XYZ405,,throughput,Backhaul,FAIL,,,,8,,,84,60,,,,,,,,,
,XYZ406,,throughput,Scheduler,FAIL,,,,4,,,677,19,,,,,,,,,
,XYZ403,,throughput,Backhaul,FAIL,,,,2,,,321,84,,,,,,,,,
,XYZ401,,throughput,RF,FAIL,,,,15,,,144,23,,,,,,,,,
,XYZ404,,throughput,nan,SUCCESS,,,,10,,,331,35,,,,,,,,,
,XYZ406,,throughput,Congestion,FAIL,,,,8,,,210,56,,,,,,,,,
,XYZ402,,throughput,RF,FAIL,,,,2,,,794,39,,,,,,,,,
,XYZ402,,throughput,Congestion,FAIL,,,,5,,,892,65,,,,,,,,,
,XYZ401,,throughput,RF,FAIL,,,,15,,,469,51,,,,,,,,,
,XYZ409,,throughput,RF,FAIL,,,,13,,,827,13,,,,,,,,,
,XYZ403,,throughput,RF,FAIL,,,,6,,,713,20,,,,,,,,,
,XYZ402,,throughput,Scheduler,FAIL,,,,5,,,178,33,,,,,,,,,
,XYZ404,,throughput,Backhaul,FAIL,,,,6,,,372,95,,,,,,,,,
,XYZ406,,throughput,Scheduler,FAIL,,,,6,,,839,76,,,,,,,,,
,XYZ401,,throughput,Backhaul,FAIL,,,,3,,,818,46,,,,,,,,,
,XYZ409,,throughput,Backhaul,FAIL,,,,11,,,693,11,,,,,,,,,
,XYZ409,,throughput,Congestion,FAIL,,,,11,,,282,21,,,,,,,,,
,XYZ408,,throughput,Scheduler,FAIL,,,,3,,,748,30,,,,,,,,,
,XYZ406,,throughput,Scheduler,FAIL,,,,9,,,931,78,,,,,,,,,
,XYZ404,,throughput,RF,FAIL,,,,3,,,425,80,,,,,,,,,
,XYZ402,,throughput,Backhaul,FAIL,,,,3,,,712,73,,,,,,,,,
,XYZ408,,throughput,Scheduler,FAIL,,,,11,,,622,77,,,,,,,,,
,XYZ407,,throughput,Congestion,FAIL,,,,14,,,36,52,,,,,,,,,
,XYZ404,,throughput,Scheduler,FAIL,,,,2,,,656,63,,,,,,,,,
,XYZ403,,throughput,RF,FAIL,,,,7,,,279,71,,,,,,,,,
,XYZ406,,throughput,Congestion,FAIL,,,,10,,,976,95,,,,,,,,,
,XYZ401,,throughput,Backhaul,FAIL,,,,10,,,909,82,,,,,,,,,
,XYZ402,,throughput,Congestion,FAIL,,,,4,,,374,99,,,,,,,,,
,XYZ407,,throughput,Scheduler,FAIL,,,,1,,,508,21,,,,,,,,,
,XYZ403,,throughput,Congestion,FAIL,,,,6,,,233,10,,,,,,,,,
,XYZ401,,throughput,Backhaul,FAIL,,,,5,,,258,81,,,,,,,,,
,XYZ402,,throughput,Congestion,FAIL,,,,14,,,199,42,,,,,,,,,
,XYZ410,,throughput,Scheduler,FAIL,,,,11,,,438,73,,,,,,,,,
,XYZ410,,throughput,RF,FAIL,,,,2,,,703,77,,,,,,,,,
,XYZ409,,throughput,RF,FAIL,,,,6,,,162,23,,,,,,,,,
,XYZ407,,throughput,Backhaul,FAIL,,,,1,,,336,23,,,,,,,,,
,XYZ407,,throughput,RF,FAIL,,,,3,,,263,18,,,,,,,,,
,XYZ410,,throughput,Scheduler,FAIL,,,,4,,,251,82,,,,,,,,,
,XYZ408,,throughput,Scheduler,FAIL,,,,13,,,703,35,,,,,,,,,
,XYZ408,,throughput,Congestion,FAIL,,,,3,,,808,58,,,,,,,,,
,XYZ409,,throughput,Scheduler,FAIL,,,,15,,,608,26,,,,,,,,,
,XYZ402,,throughput,Scheduler,FAIL,,,,13,,,322,77,,,,,,,,,
,XYZ408,,throughput,Scheduler,FAIL,,,,6,,,350,69,,,,,,,,,
,XYZ408,,throughput,Backhaul,FAIL,,,,11,,,580,12,,,,,,,,,
,XYZ405,,throughput,Congestion,FAIL,,,,4,,,968,34,,,,,,,,,
,XYZ405,,throughput,Backhaul,FAIL,,,,14,,,267,30,,,,,,,,,
,XYZ404,,throughput,RF,FAIL,,,,1,,,302,21,,,,,,,,,
,XYZ405,,throughput,RF,FAIL,,,,5,,,306,63,,,,,,,,,
,XYZ402,,throughput,Scheduler,FAIL,,,,5,,,959,10,,,,,,,,,
,XYZ402,,throughput,RF,FAIL,,,,9,,,51,10,,,,,,,,,
,XYZ405,,throughput,RF,FAIL,,,,8,,,519,54,,,,,,,,,
,XYZ403,,throughput,Scheduler,FAIL,,,,15,,,689,55,,,,,,,,,
,XYZ401,,throughput,Scheduler,FAIL,,,,8,,,549,57,,,,,,,,,
,XYZ409,,throughput,Congestion,FAIL,,,,5,,,400,16,,,,,,,,,
,XYZ402,,throughput,Backhaul,FAIL,,,,8,,,82,19,,,,,,,,,
,XYZ410,,throughput,Backhaul,FAIL,,,,14,,,147,24,,,,,,,,,
,XYZ402,,throughput,Congestion,FAIL,,,,10,,,547,49,,,,,,,,,
,XYZ404,,throughput,Backhaul,FAIL,,,,7,,,182,20,,,,,,,,,
,XYZ402,,throughput,Backhaul,FAIL,,,,1,,,977,65,,,,,,,,,
,XYZ407,,throughput,Congestion,FAIL,,,,12,,,270,55,,,,,,,,,
,XYZ410,,throughput,Congestion,FAIL,,,,7,,,668,54,,,,,,,,,
,XYZ401,,throughput,Backhaul,FAIL,,,,11,,,849,96,,,,,,,,,
,XYZ402,,throughput,Backhaul,FAIL,,,,8,,,314,22,,,,,,,,,
,XYZ405,,throughput,Backhaul,FAIL,,,,3,,,198,36,,,,,,,,,
,XYZ402,,throughput,Backhaul,FAIL,,,,9,,,248,90,,,,,,,,,
,XYZ409,,throughput,Scheduler,FAIL,,,,8,,,902,59,,,,,,,,,
,XYZ404,,throughput,Congestion,FAIL,,,,2,,,413,70,,,,,,,,,
,XYZ409,,throughput,RF,FAIL,,,,6,,,711,22,,,,,,,,,
,XYZ401,,throughput,Scheduler,FAIL,,,,4,,,415,21,,,,,,,,,
,XYZ401,,throughput,RF,FAIL,,,,3,,,91,38,,,,,,,,,
,XYZ401,,throughput,RF,FAIL,,,,11,,,337,94,,,,,,,,,
,XYZ404,,throughput,Congestion,FAIL,,,,6,,,918,93,,,,,,,,,
,XYZ409,,throughput,Congestion,FAIL,,,,10,,,614,29,,,,,,,,,
,XYZ408,,throughput,Scheduler,FAIL,,,,13,,,398,40,,,,,,,,,
,XYZ407,,throughput,Congestion,FAIL,,,,15,,,926,17,,,,,,,,,
,XYZ401,,throughput,Backhaul,FAIL,,,,9,,,155,33,,,,,,,,,
,XYZ403,,throughput,Congestion,FAIL,,,,2,,,749,84,,,,,,,,,
,XYZ409,,throughput,RF,FAIL,,,,10,,,640,48,,,,,,,,,
,XYZ409,,throughput,Backhaul,FAIL,,,,10,,,397,42,,,,,,,,,
,XYZ405,,throughput,Congestion,FAIL,,,,10,,,938,51,,,,,,,,,
,XYZ406,,throughput,Congestion,FAIL,,,,5,,,138,24,,,,,,,,,
,XYZ406,,throughput,RF,FAIL,,,,6,,,925,77,,,,,,,,,
,XYZ410,,throughput,Backhaul,FAIL,,,,4,,,549,74,,,,,,,,,
,XYZ404,,throughput,RF,FAIL,,,,7,,,863,41,,,,,,,,,
,XYZ401,,throughput,Congestion,FAIL,,,,2,,,954,20,,,,,,,,,
,XYZ405,,throughput,Scheduler,FAIL,,,,7,,,685,46,,,,,,,,,
,XYZ401,,throughput,Scheduler,FAIL,,,,2,,,542,28,,,,,,,,,
,XYZ401,,throughput,RF,FAIL,,,,1,,,669,60,,,,,,,,,
,XYZ405,,throughput,Scheduler,FAIL,,,,11,,,406,43,,,,,,,,,
,XYZ405,,throughput,Backhaul,FAIL,,,,5,,,593,80,,,,,,,,,
,XYZ407,,throughput,RF,FAIL,,,,2,,,602,69,,,,,,,,,
,XYZ402,,throughput,Backhaul,FAIL,,,,8,,,592,93,,,,,,,,,
,XYZ406,,throughput,Scheduler,FAIL,,,,12,,,663,62,,,,,,,,,
,XYZ402,,throughput,Scheduler,FAIL,,,,12,,,592,21,,,,,,,,,
,XYZ410,,throughput,Congestion,FAIL,,,,12,,,923,71,,,,,,,,,
,XYZ405,,throughput,Backhaul,FAIL,,,,8,,,889,75,,,,,,,,,
,XYZ404,,throughput,RF,FAIL,,,,1,,,288,95,,,,,,,,,
,XYZ410,,throughput,Congestion,FAIL,,,,4,,,543,57,,,,,,,,,
,XYZ405,,throughput,Backhaul,FAIL,,,,14,,,566,49,,,,,,,,,
,XYZ402,,throughput,nan,SUCCESS,,,,9,,,505,33,,,,,,,,,
,XYZ408,,throughput,Backhaul,FAIL,,,,5,,,457,59,,,,,,,,,
,XYZ408,,throughput,Scheduler,FAIL,,,,12,,,582,77,,,,,,,,,
,XYZ406,,throughput,Congestion,FAIL,,,,11,,,574,97,,,,,,,,,
,XYZ403,,throughput,Scheduler,FAIL,,,,10,,,759,52,,,,,,,,,
,XYZ404,,throughput,RF,FAIL,,,,13,,,130,26,,,,,,,,,
,XYZ401,,throughput,Backhaul,FAIL,,,,6,,,341,92,,,,,,,,,
,XYZ409,,throughput,RF,FAIL,,,,3,,,546,64,,,,,,,,,
,XYZ410,,throughput,RF,FAIL,,,,5,,,196,43,,,,,,,,,
,XYZ405,,throughput,Scheduler,FAIL,,,,14,,,693,79,,,,,,,,,
,XYZ408,,throughput,RF,FAIL,,,,12,,,570,69,,,,,,,,,
,XYZ403,,throughput,Congestion,FAIL,,,,13,,,557,60,,,,,,,,,
,XYZ404,,throughput,Congestion,FAIL,,,,13,,,643,86,,,,,,,,,
,XYZ404,,throughput,Congestion,FAIL,,,,13,,,984,82,,,,,,,,,
,XYZ408,,throughput,RF,FAIL,,,,1,,,963,44,,,,,,,,,
,XYZ409,,throughput,RF,FAIL,,,,8,,,492,43,,,,,,,,,
,XYZ403,,throughput,RF,FAIL,,,,11,,,582,25,,,,,,,,,
,XYZ407,,throughput,Backhaul,FAIL,,,,15,,,898,91,,,,,,,,,
,XYZ409,,throughput,nan,SUCCESS,,,,6,,,407,27,,,,,,,,,
,XYZ402,,throughput,Backhaul,FAIL,,,,12,,,117,47,,,,,,,,,
,XYZ404,,throughput,RF,FAIL,,,,2,,,430,52,,,,,,,,,
,XYZ403,,throughput,Backhaul,FAIL,,,,4,,,394,41,,,,,,,,,
,XYZ408,,throughput,RF,FAIL,,,,4,,,189,16,,,,,,,,,
,XYZ404,,throughput,RF,FAIL,,,,9,,,75,96,,,,,,,,,
,XYZ409,,throughput,Congestion,FAIL,,,,9,,,752,96,,,,,,,,,
,XYZ401,,throughput,Backhaul,FAIL,,,,5,,,344,55,,,,,,,,,
,XYZ401,,throughput,Scheduler,FAIL,,,,12,,,677,70,,,,,,,,,
,XYZ404,,throughput,Backhaul,FAIL,,,,3,,,976,27,,,,,,,,,
,XYZ403,,throughput,Congestion,FAIL,,,,1,,,279,80,,,,,,,,,
,XYZ403,,throughput,Congestion,FAIL,,,,6,,,660,49,,,,,,,,,
,XYZ410,,throughput,Congestion,FAIL,,,,8,,,581,97,,,,,,,,,
,XYZ402,,throughput,RF,FAIL,,,,1,,,359,87,,,,,,,,,
,XYZ410,,throughput,Scheduler,FAIL,,,,11,,,857,59,,,,,,,,,
,XYZ410,,throughput,Congestion,FAIL,,,,1,,,423,14,,,,,,,,,
,XYZ402,,throughput,Scheduler,FAIL,,,,15,,,551,63,,,,,,,,,
,XYZ408,,throughput,RF,FAIL,,,,11,,,193,95,,,,,,,,,
,XYZ401,,throughput,Scheduler,FAIL,,,,7,,,814,67,,,,,,,,,
,XYZ408,,throughput,nan,SUCCESS,,,,7,,,557,31,,,,,,,,,
,XYZ410,,throughput,Scheduler,FAIL,,,,2,,,179,83,,,,,,,,,
,XYZ403,,throughput,Scheduler,FAIL,,,,3,,,29,99,,,,,,,,,
,XYZ402,,throughput,Congestion,FAIL,,,,2,,,613,88,,,,,,,,,
,XYZ409,,throughput,Backhaul,FAIL,,,,6,,,275,47,,,,,,,,,
,XYZ405,,throughput,Scheduler,FAIL,,,,13,,,636,58,,,,,,,,,
,XYZ405,,throughput,Backhaul,FAIL,,,,13,,,671,10,,,,,,,,,
,XYZ406,,throughput,Scheduler,FAIL,,,,8,,,733,87,,,,,,,,,
,XYZ404,,throughput,nan,SUCCESS,,,,8,,,363,45,,,,,,,,,
,XYZ407,,throughput,Scheduler,FAIL,,,,15,,,555,37,,,,,,,,,
,XYZ407,,throughput,Congestion,FAIL,,,,1,,,392,44,,,,,,,,,
,XYZ409,,throughput,Congestion,FAIL,,,,11,,,454,69,,,,,,,,,
,XYZ406,,throughput,Scheduler,FAIL,,,,9,,,953,71,,,,,,,,,
,XYZ401,,throughput,Congestion,FAIL,,,,11,,,65,96,,,,,,,,,
,XYZ409,,throughput,Scheduler,FAIL,,,,8,,,748,55,,,,,,,,,
,XYZ410,,throughput,RF,FAIL,,,,9,,,923,92,,,,,,,,,
,XYZ409,,throughput,Congestion,FAIL,,,,13,,,74,91,,,,,,,,,
,XYZ405,,throughput,Backhaul,FAIL,,,,14,,,97,88,,,,,,,,,
,XYZ407,,throughput,Scheduler,FAIL,,,,13,,,510,70,,,,,,,,,
,XYZ401,,throughput,Congestion,FAIL,,,,9,,,690,74,,,,,,,,,
,XYZ404,,throughput,Congestion,FAIL,,,,11,,,875,98,,,,,,,,,
,XYZ410,,throughput,Congestion,FAIL,,,,12,,,291,35,,,,,,,,,
,XYZ404,,throughput,RF,FAIL,,,,6,,,679,44,,,,,,,,,
,XYZ405,,throughput,Scheduler,FAIL,,,,3,,,569,66,,,,,,,,,
,XYZ406,,throughput,Congestion,FAIL,,,,1,,,130,88,,,,,,,,,
,XYZ404,,throughput,Congestion,FAIL,,,,11,,,34,72,,,,,,,,,
,XYZ406,,throughput,Backhaul,FAIL,,,,8,,,97,13,,,,,,,,,
,XYZ410,,throughput,RF,FAIL,,,,10,,,520,88,,,,,,,,,
,XYZ407,,throughput,Congestion,FAIL,,,,3,,,607,51,,,,,,,,,
,XYZ403,,throughput,Congestion,FAIL,,,,13,,,437,54,,,,,,,,,
,XYZ409,,throughput,Scheduler,FAIL,,,,7,,,859,48,,,,,,,,,
,XYZ408,,throughput,Scheduler,FAIL,,,,13,,,294,74,,,,,,,,,
,XYZ401,,throughput,Congestion,FAIL,,,,10,,,513,31,,,,,,,,,
,XYZ402,,throughput,Scheduler,FAIL,,,,6,,,216,20,,,,,,,,,
,XYZ402,,throughput,Congestion,FAIL,,,,3,,,395,46,,,,,,,,,
,XYZ410,,throughput,Backhaul,FAIL,,,,6,,,750,99,,,,,,,,,
,XYZ409,,throughput,Backhaul,FAIL,,,,12,,,82,60,,,,,,,,,
,XYZ409,,throughput,Backhaul,FAIL,,,,3,,,380,67,,,,,,,,,
,XYZ409,,throughput,Backhaul,FAIL,,,,13,,,992,86,,,,,,,,,
,XYZ401,,throughput,nan,SUCCESS,,,,15,,,563,16,,,,,,,,,
,XYZ407,,throughput,Congestion,FAIL,,,,13,,,764,17,,,,,,,,,
,XYZ403,,throughput,Congestion,FAIL,,,,14,,,129,60,,,,,,,,,
,XYZ409,,throughput,Scheduler,FAIL,,,,9,,,696,32,,,,,,,,,
,XYZ408,,throughput,RF,FAIL,,,,13,,,213,99,,,,,,,,,
,XYZ403,,throughput,Congestion,FAIL,,,,1,,,538,18,,,,,,,,,
,XYZ401,,throughput,Scheduler,FAIL,,,,13,,,963,55,,,,,,,,,
,XYZ409,,throughput,RF,FAIL,,,,8,,,670,47,,,,,,,,,
,XYZ410,,throughput,RF,FAIL,,,,5,,,478,22,,,,,,,,,
,XYZ401,,throughput,nan,SUCCESS,,,,15,,,874,16,,,,,,,,,
,XYZ403,,throughput,RF,FAIL,,,,4,,,818,20,,,,,,,,,
,XYZ406,,throughput,RF,FAIL,,,,1,,,959,83,,,,,,,,,
,XYZ406,,throughput,Backhaul,FAIL,,,,9,,,320,59,,,,,,,,,
,XYZ410,,throughput,Scheduler,FAIL,,,,13,,,987,76,,,,,,,,,
,XYZ404,,throughput,Scheduler,FAIL,,,,9,,,587,50,,,,,,,,,
,XYZ402,,throughput,Congestion,FAIL,,,,13,,,691,38,,,,,,,,,
,XYZ410,,throughput,Congestion,FAIL,,,,5,,,515,46,,,,,,,,,
,XYZ406,,throughput,Congestion,FAIL,,,,14,,,168,65,,,,,,,,,
,XYZ410,,throughput,RF,FAIL,,,,11,,,818,89,,,,,,,,,
,XYZ405,,throughput,Scheduler,FAIL,,,,9,,,788,25,,,,,,,,,
,XYZ406,,throughput,Scheduler,FAIL,,,,15,,,480,53,,,,,,,,,
,XYZ407,,throughput,Scheduler,FAIL,,,,10,,,158,59,,,,,,,,,
,XYZ409,,throughput,Scheduler,FAIL,,,,14,,,880,80,,,,,,,,,
,XYZ407,,throughput,Scheduler,FAIL,,,,9,,,855,88,,,,,,,,,
,XYZ404,,throughput,Backhaul,FAIL,,,,7,,,311,15,,,,,,,,,
,XYZ410,,throughput,Scheduler,FAIL,,,,8,,,354,27,,,,,,,,,
,XYZ405,,throughput,Scheduler,FAIL,,,,1,,,718,28,,,,,,,,,
,XYZ406,,throughput,RF,FAIL,,,,4,,,854,60,,,,,,,,,
,XYZ409,,throughput,RF,FAIL,,,,10,,,203,75,,,,,,,,,
,XYZ405,,throughput,Scheduler,FAIL,,,,10,,,326,12,,,,,,,,,
,XYZ405,,throughput,Backhaul,FAIL,,,,15,,,944,98,,,,,,,,,
,XYZ407,,throughput,Scheduler,FAIL,,,,4,,,917,63,,,,,,,,,
,XYZ402,,throughput,Scheduler,FAIL,,,,12,,,281,58,,,,,,,,,
,XYZ403,,throughput,Scheduler,FAIL,,,,9,,,946,37,,,,,,,,,
,XYZ402,,throughput,RF,FAIL,,,,3,,,329,47,,,,,,,,,
,XYZ410,,throughput,Backhaul,FAIL,,,,15,,,363,37,,,,,,,,,
,XYZ410,,throughput,Congestion,FAIL,,,,12,,,443,41,,,,,,,,,
,XYZ402,,throughput,Scheduler,FAIL,,,,10,,,676,50,,,,,,,,,
,XYZ403,,throughput,Congestion,FAIL,,,,15,,,792,45,,,,,,,,,
,XYZ406,,throughput,Backhaul,FAIL,,,,10,,,533,45,,,,,,,,,
,XYZ405,,throughput,Scheduler,FAIL,,,,1,,,845,96,,,,,,,,,
,XYZ405,,throughput,Congestion,FAIL,,,,15,,,543,75,,,,,,,,,
,XYZ402,,throughput,Congestion,FAIL,,,,11,,,280,19,,,,,,,,,
,XYZ402,,throughput,Backhaul,FAIL,,,,5,,,381,79,,,,,,,,,
,XYZ401,,throughput,Scheduler,FAIL,,,,7,,,975,81,,,,,,,,,
,XYZ403,,throughput,Congestion,FAIL,,,,12,,,188,88,,,,,,,,,
,XYZ407,,throughput,Backhaul,FAIL,,,,4,,,679,72,,,,,,,,,
,XYZ405,,throughput,nan,SUCCESS,,,,9,,,219,31,,,,,,,,,
,XYZ407,,throughput,Scheduler,FAIL,,,,6,,,404,29,,,,,,,,,
,XYZ409,,throughput,Congestion,FAIL,,,,6,,,331,42,,,,,,,,,
,XYZ406,,throughput,Backhaul,FAIL,,,,3,,,601,24,,,,,,,,,
,XYZ402,,throughput,Backhaul,FAIL,,,,10,,,331,16,,,,,,,,,
,XYZ401,,throughput,Backhaul,FAIL,,,,10,,,585,97,,,,,,,,,
,XYZ401,,throughput,RF,FAIL,,,,5,,,414,99,,,,,,,,,
,XYZ410,,throughput,Scheduler,FAIL,,,,10,,,790,59,,,,,,,,,
,XYZ409,,throughput,RF,FAIL,,,,6,,,370,19,,,,,,,,,
,XYZ406,,throughput,Backhaul,FAIL,,,,14,,,47,88,,,,,,,,,
,XYZ406,,throughput,Backhaul,FAIL,,,,4,,,898,46,,,,,,,,,
,XYZ404,,throughput,Scheduler,FAIL,,,,13,,,894,68,,,,,,,,,
,XYZ402,,throughput,RF,FAIL,,,,3,,,651,97,,,,,,,,,
,XYZ410,,throughput,Congestion,FAIL,,,,5,,,152,84,,,,,,,,,
,XYZ403,,throughput,Scheduler,FAIL,,,,7,,,399,72,,,,,,,,,
,XYZ403,,throughput,Congestion,FAIL,,,,11,,,621,30,,,,,,,,,
,XYZ408,,throughput,Congestion,FAIL,,,,6,,,547,88,,,,,,,,,
,XYZ406,,throughput,Scheduler,FAIL,,,,2,,,306,88,,,,,,,,,
,XYZ407,,throughput,Backhaul,FAIL,,,,1,,,303,46,,,,,,,,,
,XYZ409,,throughput,RF,FAIL,,,,5,,,922,54,,,,,,,,,
,XYZ401,,throughput,Backhaul,FAIL,,,,5,,,761,23,,,,,,,,,
,XYZ402,,throughput,Backhaul,FAIL,,,,12,,,668,52,,,,,,,,,
,XYZ409,,throughput,RF,FAIL,,,,12,,,826,94,,,,,,,,,
,XYZ405,,throughput,Congestion,FAIL,,,,6,,,246,93,,,,,,,,,
,XYZ404,,throughput,Congestion,FAIL,,,,3,,,446,42,,,,,,,,,
,XYZ401,,throughput,Congestion,FAIL,,,,1,,,46,12,,,,,,,,,
,XYZ409,,throughput,Congestion,FAIL,,,,15,,,351,96,,,,,,,,,
,XYZ409,,throughput,RF,FAIL,,,,4,,,136,53,,,,,,,,,
,XYZ404,,throughput,Congestion,FAIL,,,,4,,,108,96,,,,,,,,,
,XYZ409,,throughput,Scheduler,FAIL,,,,10,,,638,44,,,,,,,,,
,XYZ410,,throughput,RF,FAIL,,,,2,,,752,34,,,,,,,,,
,XYZ401,,throughput,RF,FAIL,,,,14,,,754,95,,,,,,,,,
,XYZ405,,throughput,RF,FAIL,,,,8,,,141,17,,,,,,,,,
,XYZ401,,throughput,Backhaul,FAIL,,,,6,,,913,71,,,,,,,,,
,XYZ404,,throughput,Backhaul,FAIL,,,,12,,,885,27,,,,,,,,,
,XYZ405,,throughput,Backhaul,FAIL,,,,3,,,52,37,,,,,,,,,
,XYZ403,,throughput,Backhaul,FAIL,,,,15,,,622,84,,,,,,,,,
,XYZ402,,throughput,RF,FAIL,,,,1,,,715,21,,,,,,,,,
,XYZ406,,throughput,Backhaul,FAIL,,,,12,,,907,73,,,,,,,,,
,XYZ403,,throughput,RF,FAIL,,,,11,,,789,11,,,,,,,,,
,XYZ410,,throughput,RF,FAIL,,,,3,,,417,68,,,,,,,,,
,XYZ401,,throughput,nan,SUCCESS,,,,8,,,544,46,,,,,,,,,
,XYZ405,,throughput,Scheduler,FAIL,,,,4,,,43,13,,,,,,,,,
,XYZ402,,throughput,Backhaul,FAIL,,,,3,,,344,50,,,,,,,,,
,XYZ402,,throughput,Backhaul,FAIL,,,,13,,,53,54,,,,,,,,,
,XYZ404,,throughput,nan,SUCCESS,,,,11,,,266,43,,,,,,,,,
,XYZ404,,throughput,Congestion,FAIL,,,,4,,,874,96,,,,,,,,,
,XYZ404,,throughput,Congestion,FAIL,,,,11,,,38,22,,,,,,,,,
,XYZ407,,throughput,RF,FAIL,,,,15,,,49,16,,,,,,,,,
,XYZ401,,throughput,Scheduler,FAIL,,,,4,,,68,41,,,,,,,,,
,XYZ408,,throughput,Congestion,FAIL,,,,2,,,958,32,,,,,,,,,
,XYZ410,,throughput,Scheduler,FAIL,,,,4,,,931,58,,,,,,,,,
,XYZ409,,throughput,Congestion,FAIL,,,,11,,,199,81,,,,,,,,,
,XYZ410,,throughput,RF,FAIL,,,,12,,,389,56,,,,,,,,,
,XYZ406,,throughput,Scheduler,FAIL,,,,9,,,903,46,,,,,,,,,
,XYZ404,,throughput,Congestion,FAIL,,,,4,,,757,57,,,,,,,,,
,XYZ406,,throughput,nan,SUCCESS,,,,12,,,964,38,,,,,,,,,
,XYZ410,,throughput,Backhaul,FAIL,,,,1,,,414,46,,,,,,,,,
,XYZ407,,throughput,RF,FAIL,,,,1,,,609,32,,,,,,,,,
,XYZ406,,throughput,Congestion,FAIL,,,,1,,,515,47,,,,,,,,,
,XYZ401,,throughput,Congestion,FAIL,,,,14,,,450,53,,,,,,,,,
,XYZ405,,throughput,Backhaul,FAIL,,,,5,,,226,14,,,,,,,,,
,XYZ408,,throughput,Backhaul,FAIL,,,,6,,,54,61,,,,,,,,,
,XYZ408,,throughput,Scheduler,FAIL,,,,12,,,781,49,,,,,,,,,
,XYZ410,,throughput,Scheduler,FAIL,,,,6,,,602,20,,,,,,,,,
,XYZ409,,throughput,Congestion,FAIL,,,,6,,,432,87,,,,,,,,,
,XYZ404,,throughput,Scheduler,FAIL,,,,9,,,383,11,,,,,,,,,
,XYZ410,,throughput,RF,FAIL,,,,1,,,329,44,,,,,,,,,
,XYZ406,,throughput,Scheduler,FAIL,,,,10,,,298,54,,,,,,,,,
,XYZ407,,throughput,Congestion,FAIL,,,,6,,,171,58,,,,,,,,,
,XYZ405,,throughput,RF,FAIL,,,,13,,,246,44,,,,,,,,,
,XYZ408,,throughput,Congestion,FAIL,,,,8,,,262,81,,,,,,,,,
,XYZ403,,throughput,Scheduler,FAIL,,,,8,,,29,41,,,,,,,,,
,XYZ408,,throughput,RF,FAIL,,,,12,,,848,77,,,,,,,,,
,XYZ405,,throughput,Congestion,FAIL,,,,15,,,411,80,,,,,,,,,
,XYZ401,,throughput,Scheduler,FAIL,,,,15,,,67,48,,,,,,,,,
,XYZ406,,throughput,Backhaul,FAIL,,,,3,,,643,57,,,,,,,,,
,XYZ402,,throughput,Scheduler,FAIL,,,,13,,,223,46,,,,,,,,,
,XYZ407,,throughput,RF,FAIL,,,,5,,,913,69,,,,,,,,,
,XYZ409,,throughput,RF,FAIL,,,,10,,,176,90,,,,,,,,,
,XYZ403,,throughput,Congestion,FAIL,,,,4,,,874,83,,,,,,,,,
,XYZ410,,throughput,Backhaul,FAIL,,,,12,,,45,13,,,,,,,,,
,XYZ404,,throughput,RF,FAIL,,,,1,,,440,32,,,,,,,,,
,XYZ404,,throughput,Backhaul,FAIL,,,,9,,,839,23,,,,,,,,,
,XYZ404,,throughput,Backhaul,FAIL,,,,5,,,697,14,,,,,,,,,
,XYZ403,,throughput,RF,FAIL,,,,2,,,780,75,,,,,,,,,
,XYZ405,,throughput,Scheduler,FAIL,,,,12,,,793,33,,,,,,,,,
,XYZ409,,throughput,Congestion,FAIL,,,,2,,,283,27,,,,,,,,,
,XYZ408,,throughput,Backhaul,FAIL,,,,11,,,548,36,,,,,,,,,
,XYZ410,,throughput,RF,FAIL,,,,7,,,607,33,,,,,,,,,
,XYZ402,,throughput,RF,FAIL,,,,4,,,977,38,,,,,,,,,
,XYZ409,,throughput,Scheduler,FAIL,,,,1,,,489,20,,,,,,,,,
,XYZ410,,throughput,Backhaul,FAIL,,,,5,,,273,27,,,,,,,,,
,XYZ402,,throughput,Scheduler,FAIL,,,,2,,,737,13,,,,,,,,,
,XYZ407,,throughput,nan,SUCCESS,,,,15,,,565,42,,,,,,,,,
,XYZ405,,throughput,RF,FAIL,,,,7,,,166,87,,,,,,,,,
,XYZ407,,throughput,Backhaul,FAIL,,,,15,,,345,51,,,,,,,,,
,XYZ405,,throughput,Backhaul,FAIL,,,,9,,,357,41,,,,,,,,,
,XYZ406,,throughput,Scheduler,FAIL,,,,13,,,759,60,,,,,,,,,
,XYZ408,,throughput,RF,FAIL,,,,1,,,137,13,,,,,,,,,
,XYZ401,,throughput,Congestion,FAIL,,,,12,,,184,29,,,,,,,,,
,XYZ401,,throughput,Backhaul,FAIL,,,,2,,,569,94,,,,,,,,,
,XYZ405,,throughput,RF,FAIL,,,,11,,,930,76,,,,,,,,,
,XYZ401,,throughput,Backhaul,FAIL,,,,6,,,889,98,,,,,,,,,
,XYZ403,,throughput,Backhaul,FAIL,,,,8,,,827,77,,,,,,,,,
,XYZ410,,throughput,Congestion,FAIL,,,,7,,,668,71,,,,,,,,,
,XYZ409,,throughput,Congestion,FAIL,,,,9,,,840,67,,,,,,,,,
,XYZ407,,throughput,Scheduler,FAIL,,,,14,,,777,56,,,,,,,,,
,XYZ406,,throughput,Backhaul,FAIL,,,,2,,,217,84,,,,,,,,,
,XYZ408,,throughput,Backhaul,FAIL,,,,12,,,393,89,,,,,,,,,
,XYZ408,,throughput,Scheduler,FAIL,,,,9,,,597,68,,,,,,,,,
,XYZ406,,throughput,Scheduler,FAIL,,,,4,,,611,15,,,,,,,,,
,XYZ404,,throughput,RF,FAIL,,,,11,,,583,49,,,,,,,,,
,XYZ404,,throughput,RF,FAIL,,,,15,,,148,86,,,,,,,,,
,XYZ404,,throughput,Scheduler,FAIL,,,,3,,,433,32,,,,,,,,,
,XYZ406,,throughput,RF,FAIL,,,,7,,,399,61,,,,,,,,,
,XYZ401,,throughput,Backhaul,FAIL,,,,5,,,899,13,,,,,,,,,
,XYZ402,,throughput,Congestion,FAIL,,,,13,,,20,46,,,,,,,,,
,XYZ406,,throughput,Backhaul,FAIL,,,,5,,,186,51,,,,,,,,,
,XYZ401,,throughput,Scheduler,FAIL,,,,12,,,35,53,,,,,,,,,
,XYZ409,,throughput,Scheduler,FAIL,,,,13,,,676,51,,,,,,,,,
,XYZ406,,throughput,RF,FAIL,,,,2,,,131,38,,,,,,,,,
,XYZ407,,throughput,Scheduler,FAIL,,,,6,,,387,28,,,,,,,,,
,XYZ401,,throughput,Backhaul,FAIL,,,,6,,,121,93,,,,,,,,,
,XYZ408,,throughput,RF,FAIL,,,,12,,,613,41,,,,,,,,,
,XYZ405,,throughput,RF,FAIL,,,,4,,,425,53,,,,,,,,,
,XYZ405,,throughput,RF,FAIL,,,,5,,,526,64,,,,,,,,,
,XYZ406,,throughput,Scheduler,FAIL,,,,7,,,630,89,,,,,,,,,
,XYZ407,,throughput,Scheduler,FAIL,,,,14,,,690,14,,,,,,,,,
,XYZ407,,throughput,Congestion,FAIL,,,,8,,,59,55,,,,,,,,,
,XYZ405,,throughput,Congestion,FAIL,,,,6,,,686,85,,,,,,,,,
,XYZ401,,throughput,Scheduler,FAIL,,,,5,,,567,54,,,,,,,,,
,XYZ409,,throughput,Congestion,FAIL,,,,12,,,400,30,,,,,,,,,
,XYZ406,,throughput,RF,FAIL,,,,3,,,778,87,,,,,,,,,
,XYZ409,,throughput,nan,SUCCESS,,,,7,,,535,31,,,,,,,,,
,XYZ404,,throughput,nan,SUCCESS,,,,8,,,516,39,,,,,,,,,
,XYZ402,,throughput,Scheduler,FAIL,,,,3,,,905,32,,,,,,,,,
,XYZ403,,throughput,Scheduler,FAIL,,,,5,,,984,14,,,,,,,,,
,XYZ404,,throughput,Backhaul,FAIL,,,,11,,,300,72,,,,,,,,,
,XYZ410,,throughput,RF,FAIL,,,,2,,,370,68,,,,,,,,,
,XYZ408,,throughput,RF,FAIL,,,,10,,,353,91,,,,,,,,,
,XYZ403,,throughput,Congestion,FAIL,,,,10,,,945,61,,,,,,,,,
,XYZ408,,throughput,Congestion,FAIL,,,,12,,,962,74,,,,,,,,,
,XYZ406,,throughput,Backhaul,FAIL,,,,4,,,780,48,,,,,,,,,
,XYZ404,,throughput,RF,FAIL,,,,12,,,543,90,,,,,,,,,
,XYZ407,,throughput,Congestion,FAIL,,,,4,,,302,12,,,,,,,,,
,XYZ405,,throughput,RF,FAIL,,,,12,,,960,51,,,,,,,,,
,XYZ405,,throughput,RF,FAIL,,,,13,,,747,80,,,,,,,,,
,XYZ409,,throughput,Congestion,FAIL,,,,8,,,338,36,,,,,,,,,
,XYZ403,,throughput,Scheduler,FAIL,,,,3,,,842,37,,,,,,,,,
,XYZ410,,throughput,Scheduler,FAIL,,,,5,,,433,63,,,,,,,,,
,XYZ404,,throughput,Congestion,FAIL,,,,11,,,613,24,,,,,,,,,
,XYZ405,,throughput,Backhaul,FAIL,,,,5,,,33,62,,,,,,,,,
,XYZ401,,throughput,Congestion,FAIL,,,,2,,,75,81,,,,,,,,,
,XYZ407,,throughput,RF,FAIL,,,,9,,,422,79,,,,,,,,,
,XYZ408,,throughput,RF,FAIL,,,,4,,,361,13,,,,,,,,,
,XYZ406,,throughput,Congestion,FAIL,,,,9,,,813,26,,,,,,,,,
,XYZ409,,throughput,RF,FAIL,,,,9,,,218,43,,,,,,,,,
,XYZ403,,throughput,RF,FAIL,,,,2,,,879,15,,,,,,,,,
,XYZ402,,throughput,Scheduler,FAIL,,,,9,,,697,45,,,,,,,,,
,XYZ405,,throughput,Backhaul,FAIL,,,,9,,,984,48,,,,,,,,,
,XYZ409,,throughput,Congestion,FAIL,,,,2,,,311,89,,,,,,,,,
,XYZ401,,throughput,Backhaul,FAIL,,,,11,,,677,75,,,,,,,,,
,XYZ401,,throughput,Scheduler,FAIL,,,,13,,,460,17,,,,,,,,,
,XYZ410,,throughput,Backhaul,FAIL,,,,6,,,97,24,,,,,,,,,
,XYZ403,,throughput,Congestion,FAIL,,,,9,,,131,72,,,,,,,,,
,XYZ410,,throughput,RF,FAIL,,,,4,,,554,89,,,,,,,,,
,XYZ403,,throughput,Scheduler,FAIL,,,,2,,,394,74,,,,,,,,,
,XYZ405,,throughput,Backhaul,FAIL,,,,7,,,135,68,,,,,,,,,
,XYZ404,,throughput,Backhaul,FAIL,,,,15,,,161,19,,,,,,,,,
,XYZ406,,throughput,Scheduler,FAIL,,,,9,,,216,16,,,,,,,,,
,XYZ408,,throughput,Congestion,FAIL,,,,6,,,809,83,,,,,,,,,
,XYZ408,,throughput,Congestion,FAIL,,,,11,,,559,85,,,,,,,,,
,XYZ404,,throughput,Backhaul,FAIL,,,,11,,,318,90,,,,,,,,,
,XYZ401,,throughput,Scheduler,FAIL,,,,14,,,95,21,,,,,,,,,
,XYZ407,,throughput,Scheduler,FAIL,,,,4,,,549,88,,,,,,,,,
,XYZ406,,throughput,RF,FAIL,,,,1,,,119,55,,,,,,,,,
,XYZ405,,throughput,Backhaul,FAIL,,,,4,,,498,41,,,,,,,,,
,XYZ404,,throughput,Congestion,FAIL,,,,3,,,992,41,,,,,,,,,
,XYZ406,,throughput,Congestion,FAIL,,,,7,,,487,99,,,,,,,,,
,XYZ408,,throughput,Congestion,FAIL,,,,11,,,655,87,,,,,,,,,
,XYZ406,,throughput,Congestion,FAIL,,,,13,,,896,99,,,,,,,,,
,XYZ403,,throughput,Scheduler,FAIL,,,,11,,,311,70,,,,,,,,,
,XYZ409,,throughput,Backhaul,FAIL,,,,10,,,144,78,,,,,,,,,
,XYZ403,,throughput,RF,FAIL,,,,5,,,538,70,,,,,,,,,
,XYZ404,,throughput,Congestion,FAIL,,,,12,,,42,55,,,,,,,,,
,XYZ405,,throughput,Congestion,FAIL,,,,3,,,181,77,,,,,,,,,
,XYZ402,,throughput,Backhaul,FAIL,,,,14,,,648,64,,,,,,,,,
,XYZ410,,throughput,Backhaul,FAIL,,,,2,,,525,10,,,,,,,,,
,XYZ410,,throughput,Scheduler,FAIL,,,,13,,,901,86,,,,,,,,,
,XYZ402,,throughput,Backhaul,FAIL,,,,2,,,883,76,,,,,,,,,
,XYZ406,,throughput,Backhaul,FAIL,,,,5,,,40,58,,,,,,,,,
,XYZ402,,throughput,Congestion,FAIL,,,,13,,,783,34,,,,,,,,,
,XYZ410,,throughput,RF,FAIL,,,,13,,,857,25,,,,,,,,,
,XYZ401,,throughput,Congestion,FAIL,,,,8,,,483,94,,,,,,,,,
,XYZ408,,throughput,Backhaul,FAIL,,,,8,,,502,22,,,,,,,,,
,XYZ410,,throughput,Scheduler,FAIL,,,,14,,,521,61,,,,,,,,,
,XYZ410,,throughput,RF,FAIL,,,,12,,,962,45,,,,,,,,,
,XYZ401,,throughput,Scheduler,FAIL,,,,5,,,328,81,,,,,,,,,
,XYZ410,,throughput,Scheduler,FAIL,,,,13,,,615,53,,,,,,,,,
,XYZ406,,throughput,Scheduler,FAIL,,,,2,,,893,92,,,,,,,,,
,XYZ401,,throughput,Scheduler,FAIL,,,,13,,,572,56,,,,,,,,,
,XYZ408,,throughput,Backhaul,FAIL,,,,4,,,222,89,,,,,,,,,
,XYZ405,,throughput,Backhaul,FAIL,,,,7,,,435,85,,,,,,,,,
,XYZ403,,throughput,Backhaul,FAIL,,,,14,,,659,29,,,,,,,,,
,XYZ405,,throughput,Backhaul,FAIL,,,,6,,,161,27,,,,,,,,,
,XYZ401,,throughput,Backhaul,FAIL,,,,10,,,875,63,,,,,,,,,
,XYZ401,,throughput,Scheduler,FAIL,,,,7,,,634,21,,,,,,,,,
,XYZ404,,throughput,RF,FAIL,,,,5,,,126,34,,,,,,,,,
,XYZ409,,throughput,Backhaul,FAIL,,,,2,,,548,69,,,,,,,,,
,XYZ409,,throughput,Congestion,FAIL,,,,8,,,556,84,,,,,,,,,
,XYZ401,,throughput,Congestion,FAIL,,,,14,,,595,95,,,,,,,,,
,XYZ403,,throughput,Congestion,FAIL,,,,12,,,988,43,,,,,,,,,
,XYZ404,,throughput,Congestion,FAIL,,,,2,,,873,22,,,,,,,,,
,XYZ402,,throughput,RF,FAIL,,,,12,,,906,47,,,,,,,,,
,XYZ407,,throughput,Congestion,FAIL,,,,8,,,768,21,,,,,,,,,
,XYZ403,,throughput,Backhaul,FAIL,,,,15,,,707,45,,,,,,,,,
,XYZ401,,throughput,nan,SUCCESS,,,,7,,,310,37,,,,,,,,,
,XYZ401,,throughput,RF,FAIL,,,,3,,,824,48,,,,,,,,,
,XYZ403,,throughput,Congestion,FAIL,,,,13,,,330,86,,,,,,,,,
,XYZ406,,throughput,Scheduler,FAIL,,,,4,,,932,52,,,,,,,,,
,XYZ404,,throughput,RF,FAIL,,,,13,,,687,40,,,,,,,,,
,XYZ401,,throughput,Backhaul,FAIL,,,,7,,,404,11,,,,,,,,,
,XYZ407,,throughput,Congestion,FAIL,,,,4,,,72,91,,,,,,,,,
,XYZ402,,throughput,Backhaul,FAIL,,,,9,,,604,99,,,,,,,,,
,XYZ405,,throughput,Backhaul,FAIL,,,,7,,,202,51,,,,,,,,,
,XYZ408,,throughput,Scheduler,FAIL,,,,1,,,388,40,,,,,,,,,
,XYZ407,,throughput,Scheduler,FAIL,,,,1,,,720,70,,,,,,,,,
,XYZ408,,throughput,Backhaul,FAIL,,,,15,,,32,65,,,,,,,,,
,XYZ410,,throughput,Congestion,FAIL,,,,4,,,578,95,,,,,,,,,
,XYZ406,,throughput,Backhaul,FAIL,,,,14,,,979,92,,,,,,,,,
,XYZ407,,throughput,Congestion,FAIL,,,,14,,,179,23,,,,,,,,,
,XYZ409,,throughput,nan,SUCCESS,,,,13,,,303,23,,,,,,,,,
,XYZ406,,throughput,Backhaul,FAIL,,,,9,,,584,38,,,,,,,,,
,XYZ409,,throughput,Congestion,FAIL,,,,13,,,306,90,,,,,,,,,
,XYZ402,,throughput,Backhaul,FAIL,,,,4,,,27,59,,,,,,,,,
,XYZ402,,throughput,Scheduler,FAIL,,,,13,,,91,59,,,,,,,,,
,XYZ402,,throughput,Scheduler,FAIL,,,,5,,,911,72,,,,,,,,,
,XYZ406,,throughput,RF,FAIL,,,,1,,,117,82,,,,,,,,,
,XYZ402,,throughput,Backhaul,FAIL,,,,15,,,106,74,,,,,,,,,
,XYZ403,,throughput,Congestion,FAIL,,,,14,,,861,77,,,,,,,,,
,XYZ408,,throughput,Backhaul,FAIL,,,,2,,,120,80,,,,,,,,,
,XYZ408,,throughput,RF,FAIL,,,,11,,,300,20,,,,,,,,,
,XYZ404,,throughput,RF,FAIL,,,,4,,,902,23,,,,,,,,,
,XYZ409,,throughput,Congestion,FAIL,,,,12,,,308,92,,,,,,,,,
,XYZ408,,throughput,RF,FAIL,,,,4,,,768,12,,,,,,,,,
,XYZ401,,throughput,Congestion,FAIL,,,,11,,,215,17,,,,,,,,,
,XYZ408,,throughput,Scheduler,FAIL,,,,10,,,410,52,,,,,,,,,
,XYZ401,,throughput,RF,FAIL,,,,6,,,628,18,,,,,,,,,
,XYZ404,,throughput,Congestion,FAIL,,,,13,,,469,28,,,,,,,,,
,XYZ410,,throughput,Backhaul,FAIL,,,,6,,,387,21,,,,,,,,,
,XYZ406,,throughput,Congestion,FAIL,,,,8,,,449,36,,,,,,,,,
,XYZ407,,throughput,Backhaul,FAIL,,,,12,,,115,67,,,,,,,,,
,XYZ410,,throughput,Backhaul,FAIL,,,,13,,,280,34,,,,,,,,,
,XYZ404,,throughput,Scheduler,FAIL,,,,9,,,531,54,,,,,,,,,
,XYZ408,,throughput,Congestion,FAIL,,,,14,,,140,57,,,,,,,,,
,XYZ408,,throughput,Scheduler,FAIL,,,,1,,,385,59,,,,,,,,,
,XYZ409,,throughput,Backhaul,FAIL,,,,1,,,804,90,,,,,,,,,
,XYZ406,,throughput,Scheduler,FAIL,,,,15,,,351,53,,,,,,,,,
,XYZ404,,throughput,Scheduler,FAIL,,,,6,,,71,68,,,,,,,,,
,XYZ402,,throughput,Congestion,FAIL,,,,4,,,415,42,,,,,,,,,
,XYZ407,,throughput,Scheduler,FAIL,,,,11,,,337,87,,,,,,,,,
,XYZ410,,throughput,Congestion,FAIL,,,,4,,,694,37,,,,,,,,,
,XYZ403,,throughput,Backhaul,FAIL,,,,1,,,721,27,,,,,,,,,
,XYZ403,,throughput,RF,FAIL,,,,9,,,296,64,,,,,,,,,
,XYZ403,,throughput,RF,FAIL,,,,12,,,616,42,,,,,,,,,
,XYZ404,,throughput,Backhaul,FAIL,,,,11,,,213,24,,,,,,,,,
,XYZ402,,throughput,Scheduler,FAIL,,,,3,,,712,70,,,,,,,,,
,XYZ405,,throughput,Congestion,FAIL,,,,15,,,40,20,,,,,,,,,
,XYZ403,,throughput,RF,FAIL,,,,5,,,418,45,,,,,,,,,
,XYZ410,,throughput,Congestion,FAIL,,,,10,,,734,24,,,,,,,,,
,XYZ405,,throughput,Backhaul,FAIL,,,,1,,,221,62,,,,,,,,,
,XYZ407,,throughput,Scheduler,FAIL,,,,8,,,485,71,,,,,,,,,
,XYZ409,,throughput,Congestion,FAIL,,,,3,,,170,57,,,,,,,,,
,XYZ402,,throughput,Scheduler,FAIL,,,,14,,,915,24,,,,,,,,,
,XYZ409,,throughput,RF,FAIL,,,,15,,,178,72,,,,,,,,,
,XYZ410,,throughput,Congestion,FAIL,,,,1,,,329,96,,,,,,,,,
,XYZ406,,throughput,Scheduler,FAIL,,,,10,,,970,52,,,,,,,,,
,XYZ406,,throughput,RF,FAIL,,,,6,,,523,59,,,,,,,,,
,XYZ403,,throughput,Scheduler,FAIL,,,,1,,,45,69,,,,,,,,,
,XYZ410,,throughput,Backhaul,FAIL,,,,15,,,840,68,,,,,,,,,
,XYZ409,,throughput,Backhaul,FAIL,,,,15,,,85,24,,,,,,,,,
,XYZ404,,throughput,Congestion,FAIL,,,,3,,,954,38,,,,,,,,,
,XYZ405,,throughput,RF,FAIL,,,,5,,,282,84,,,,,,,,,
,XYZ403,,throughput,Congestion,FAIL,,,,4,,,491,91,,,,,,,,,
,XYZ405,,throughput,Congestion,FAIL,,,,7,,,186,49,,,,,,,,,
,XYZ408,,throughput,nan,SUCCESS,,,,6,,,819,40,,,,,,,,,
,XYZ408,,throughput,Congestion,FAIL,,,,12,,,173,82,,,,,,,,,
,XYZ408,,throughput,Congestion,FAIL,,,,3,,,362,95,,,,,,,,,
,XYZ406,,throughput,nan,SUCCESS,,,,11,,,737,20,,,,,,,,,
,XYZ401,,throughput,Backhaul,FAIL,,,,8,,,432,90,,,,,,,,,
,XYZ410,,throughput,Scheduler,FAIL,,,,8,,,684,71,,,,,,,,,
,XYZ406,,throughput,Congestion,FAIL,,,,14,,,203,84,,,,,,,,,
,XYZ410,,throughput,RF,FAIL,,,,2,,,690,17,,,,,,,,,
,XYZ407,,throughput,Congestion,FAIL,,,,7,,,213,60,,,,,,,,,
,XYZ409,,throughput,Backhaul,FAIL,,,,14,,,21,66,,,,,,,,,
,XYZ408,,throughput,RF,FAIL,,,,1,,,234,13,,,,,,,,,
,XYZ408,,throughput,Backhaul,FAIL,,,,2,,,706,45,,,,,,,,,
,XYZ407,,throughput,RF,FAIL,,,,8,,,606,28,,,,,,,,,
,XYZ402,,throughput,RF,FAIL,,,,12,,,816,33,,,,,,,,,
,XYZ401,,throughput,Backhaul,FAIL,,,,1,,,658,50,,,,,,,,,
,XYZ402,,throughput,Backhaul,FAIL,,,,2,,,502,58,,,,,,,,,
,XYZ406,,throughput,Congestion,FAIL,,,,12,,,580,91,,,,,,,,,
,XYZ402,,throughput,RF,FAIL,,,,1,,,988,55,,,,,,,,,
,XYZ410,,throughput,RF,FAIL,,,,5,,,51,45,,,,,,,,,
,XYZ404,,throughput,Scheduler,FAIL,,,,7,,,689,19,,,,,,,,,
,XYZ410,,throughput,Scheduler,FAIL,,,,6,,,34,87,,,,,,,,,
,XYZ403,,throughput,Congestion,FAIL,,,,6,,,337,16,,,,,,,,,
,XYZ406,,throughput,Scheduler,FAIL,,,,6,,,865,21,,,,,,,,,
,XYZ408,,throughput,Congestion,FAIL,,,,8,,,262,95,,,,,,,,,
,XYZ406,,throughput,RF,FAIL,,,,5,,,36,57,,,,,,,,,
,XYZ402,,throughput,Congestion,FAIL,,,,15,,,553,46,,,,,,,,,
,XYZ405,,throughput,Backhaul,FAIL,,,,10,,,775,84,,,,,,,,,
,XYZ406,,throughput,Backhaul,FAIL,,,,7,,,945,45,,,,,,,,,
,XYZ409,,throughput,Backhaul,FAIL,,,,3,,,100,69,,,,,,,,,
,XYZ406,,throughput,Backhaul,FAIL,,,,9,,,675,86,,,,,,,,,
,XYZ410,,throughput,Backhaul,FAIL,,,,10,,,455,17,,,,,,,,,
,XYZ405,,throughput,Backhaul,FAIL,,,,3,,,27,16,,,,,,,,,
,XYZ401,,throughput,Backhaul,FAIL,,,,14,,,979,52,,,,,,,,,
,XYZ410,,throughput,Backhaul,FAIL,,,,14,,,698,67,,,,,,,,,
,XYZ405,,throughput,Backhaul,FAIL,,,,6,,,306,90,,,,,,,,,
,XYZ405,,throughput,Congestion,FAIL,,,,3,,,799,95,,,,,,,,,
,XYZ406,,throughput,Backhaul,FAIL,,,,1,,,820,55,,,,,,,,,
,XYZ407,,throughput,Congestion,FAIL,,,,1,,,205,43,,,,,,,,,
,XYZ404,,throughput,Congestion,FAIL,,,,3,,,543,93,,,,,,,,,
,XYZ407,,throughput,Scheduler,FAIL,,,,4,,,812,81,,,,,,,,,
,XYZ405,,throughput,RF,FAIL,,,,14,,,441,31,,,,,,,,,
,XYZ406,,throughput,RF,FAIL,,,,2,,,835,30,,,,,,,,,
,XYZ404,,throughput,Backhaul,FAIL,,,,9,,,485,24,,,,,,,,,
,XYZ408,,throughput,Backhaul,FAIL,,,,15,,,102,14,,,,,,,,,
,XYZ409,,throughput,RF,FAIL,,,,11,,,586,26,,,,,,,,,
,XYZ402,,throughput,RF,FAIL,,,,8,,,662,81,,,,,,,,,
,XYZ404,,throughput,Backhaul,FAIL,,,,12,,,656,28,,,,,,,,,
,XYZ408,,throughput,Backhaul,FAIL,,,,13,,,502,14,,,,,,,,,
,XYZ408,,throughput,Congestion,FAIL,,,,3,,,344,32,,,,,,,,,
,XYZ409,,throughput,RF,FAIL,,,,7,,,438,92,,,,,,,,,
,XYZ403,,throughput,Backhaul,FAIL,,,,4,,,70,23,,,,,,,,,
,XYZ401,,throughput,RF,FAIL,,,,5,,,46,19,,,,,,,,,
,XYZ409,,throughput,Congestion,FAIL,,,,4,,,696,40,,,,,,,,,
,XYZ401,,throughput,Scheduler,FAIL,,,,9,,,931,22,,,,,,,,,
,XYZ403,,throughput,RF,FAIL,,,,11,,,812,31,,,,,,,,,
,XYZ403,,throughput,Congestion,FAIL,,,,7,,,564,46,,,,,,,,,
,XYZ409,,throughput,Congestion,FAIL,,,,13,,,81,48,,,,,,,,,
,XYZ401,,throughput,Congestion,FAIL,,,,4,,,676,19,,,,,,,,,
,XYZ407,,throughput,Backhaul,FAIL,,,,13,,,190,40,,,,,,,,,
,XYZ402,,throughput,Backhaul,FAIL,,,,8,,,305,52,,,,,,,,,
,XYZ407,,throughput,RF,FAIL,,,,2,,,828,86,,,,,,,,,
,XYZ401,,throughput,Backhaul,FAIL,,,,7,,,136,45,,,,,,,,,
,XYZ410,,throughput,RF,FAIL,,,,11,,,23,44,,,,,,,,,
,XYZ410,,throughput,RF,FAIL,,,,1,,,85,77,,,,,,,,,
,XYZ408,,throughput,Backhaul,FAIL,,,,8,,,79,64,,,,,,,,,
,XYZ410,,throughput,Congestion,FAIL,,,,13,,,924,77,,,,,,,,,
,XYZ410,,throughput,RF,FAIL,,,,14,,,521,56,,,,,,,,,
,XYZ402,,throughput,Congestion,FAIL,,,,12,,,818,15,,,,,,,,,
,XYZ403,,throughput,Backhaul,FAIL,,,,14,,,876,37,,,,,,,,,
,XYZ408,,throughput,RF,FAIL,,,,13,,,248,39,,,,,,,,,
,XYZ403,,throughput,Scheduler,FAIL,,,,15,,,119,36,,,,,,,,,
,XYZ401,,throughput,Scheduler,FAIL,,,,6,,,138,78,,,,,,,,,
,XYZ409,,throughput,Scheduler,FAIL,,,,12,,,88,48,,,,,,,,,
,XYZ408,,throughput,Backhaul,FAIL,,,,5,,,683,44,,,,,,,,,
,XYZ404,,throughput,Scheduler,FAIL,,,,9,,,811,53,,,,,,,,,
,XYZ408,,throughput,RF,FAIL,,,,9,,,240,24,,,,,,,,,
,XYZ405,,throughput,Scheduler,FAIL,,,,3,,,960,92,,,,,,,,,
,XYZ403,,throughput,RF,FAIL,,,,9,,,242,41,,,,,,,,,
,XYZ401,,throughput,Backhaul,FAIL,,,,13,,,696,38,,,,,,,,,
,XYZ410,,throughput,Congestion,FAIL,,,,15,,,973,72,,,,,,,,,
,XYZ405,,throughput,nan,SUCCESS,,,,13,,,523,15,,,,,,,,,
,XYZ406,,throughput,Scheduler,FAIL,,,,9,,,230,99,,,,,,,,,
,XYZ404,,throughput,RF,FAIL,,,,2,,,810,36,,,,,,,,,
,XYZ407,,throughput,Congestion,FAIL,,,,5,,,950,37,,,,,,,,,
,XYZ403,,throughput,Backhaul,FAIL,,,,11,,,594,14,,,,,,,,,
,XYZ407,,throughput,Backhaul,FAIL,,,,2,,,905,50,,,,,,,,,
,XYZ401,,throughput,Congestion,FAIL,,,,1,,,901,65,,,,,,,,,
,XYZ407,,throughput,Scheduler,FAIL,,,,7,,,281,63,,,,,,,,,
,XYZ401,,throughput,Scheduler,FAIL,,,,4,,,537,89,,,,,,,,,
,XYZ401,,throughput,RF,FAIL,,,,5,,,267,27,,,,,,,,,
,XYZ402,,throughput,Backhaul,FAIL,,,,4,,,760,86,,,,,,,,,
,XYZ402,,throughput,Congestion,FAIL,,,,6,,,817,52,,,,,,,,,
,XYZ404,,throughput,Congestion,FAIL,,,,11,,,276,98,,,,,,,,,
,XYZ401,,throughput,Scheduler,FAIL,,,,2,,,82,83,,,,,,,,,
,XYZ404,,throughput,nan,SUCCESS,,,,8,,,411,38,,,,,,,,,
,XYZ402,,throughput,Scheduler,FAIL,,,,4,,,559,19,,,,,,,,,
,XYZ404,,throughput,RF,FAIL,,,,8,,,876,15,,,,,,,,,
,XYZ404,,throughput,RF,FAIL,,,,3,,,436,89,,,,,,,,,
,XYZ409,,throughput,Congestion,FAIL,,,,12,,,72,98,,,,,,,,,
,XYZ409,,throughput,Congestion,FAIL,,,,12,,,783,13,,,,,,,,,
,XYZ401,,throughput,Scheduler,FAIL,,,,11,,,57,43,,,,,,,,,
,XYZ405,,throughput,Scheduler,FAIL,,,,5,,,327,92,,,,,,,,,
,XYZ407,,throughput,Scheduler,FAIL,,,,12,,,865,42,,,,,,,,,
,XYZ404,,throughput,Scheduler,FAIL,,,,3,,,670,13,,,,,,,,,
,XYZ405,,throughput,RF,FAIL,,,,12,,,917,53,,,,,,,,,
,XYZ402,,throughput,Congestion,FAIL,,,,15,,,72,85,,,,,,,,,
,XYZ403,,throughput,Congestion,FAIL,,,,13,,,625,40,,,,,,,,,
,XYZ407,,throughput,Backhaul,FAIL,,,,7,,,625,89,,,,,,,,,
,XYZ410,,throughput,Congestion,FAIL,,,,15,,,471,75,,,,,,,,,
,XYZ407,,throughput,Congestion,FAIL,,,,3,,,480,67,,,,,,,,,
,XYZ404,,throughput,Scheduler,FAIL,,,,15,,,794,69,,,,,,,,,
,XYZ401,,throughput,nan,SUCCESS,,,,12,,,505,11,,,,,,,,,
,XYZ401,,throughput,Backhaul,FAIL,,,,8,,,854,45,,,,,,,,,
,XYZ404,,throughput,Scheduler,FAIL,,,,9,,,156,79,,,,,,,,,
,XYZ404,,throughput,Backhaul,FAIL,,,,13,,,993,69,,,,,,,,,
,XYZ406,,throughput,Backhaul,FAIL,,,,12,,,391,32,,,,,,,,,
,XYZ407,,throughput,RF,FAIL,,,,2,,,978,56,,,,,,,,,
,XYZ409,,throughput,Congestion,FAIL,,,,3,,,275,55,,,,,,,,,
,XYZ409,,throughput,RF,FAIL,,,,12,,,414,89,,,,,,,,,
,XYZ410,,throughput,Congestion,FAIL,,,,13,,,56,53,,,,,,,,,
,XYZ405,,throughput,Backhaul,FAIL,,,,7,,,673,28,,,,,,,,,
,XYZ410,,throughput,Congestion,FAIL,,,,5,,,166,58,,,,,,,,,
,XYZ403,,throughput,Scheduler,FAIL,,,,10,,,27,97,,,,,,,,,
,XYZ403,,throughput,Scheduler,FAIL,,,,7,,,270,67,,,,,,,,,
,XYZ406,,throughput,Backhaul,FAIL,,,,2,,,666,16,,,,,,,,,
,XYZ401,,throughput,Scheduler,FAIL,,,,14,,,590,50,,,,,,,,,
,XYZ407,,throughput,Scheduler,FAIL,,,,14,,,654,87,,,,,,,,,
,XYZ403,,throughput,Backhaul,FAIL,,,,4,,,466,24,,,,,,,,,
,XYZ405,,throughput,RF,FAIL,,,,1,,,282,85,,,,,,,,,
,XYZ407,,throughput,Scheduler,FAIL,,,,15,,,651,62,,,,,,,,,
,XYZ407,,throughput,Scheduler,FAIL,,,,5,,,458,32,,,,,,,,,
,XYZ409,,throughput,Backhaul,FAIL,,,,8,,,278,86,,,,,,,,,
,XYZ401,,throughput,Backhaul,FAIL,,,,1,,,342,82,,,,,,,,,
,XYZ403,,throughput,RF,FAIL,,,,7,,,549,97,,,,,,,,,
,XYZ409,,throughput,RF,FAIL,,,,7,,,320,74,,,,,,,,,
,XYZ408,,throughput,Scheduler,FAIL,,,,7,,,884,69,,,,,,,,,
,XYZ402,,throughput,Scheduler,FAIL,,,,15,,,504,19,,,,,,,,,
,XYZ408,,throughput,Backhaul,FAIL,,,,1,,,111,67,,,,,,,,,
,XYZ408,,throughput,Backhaul,FAIL,,,,12,,,183,56,,,,,,,,,
,XYZ402,,throughput,nan,SUCCESS,,,,11,,,675,24,,,,,,,,,
,XYZ408,,throughput,RF,FAIL,,,,3,,,354,18,,,,,,,,,
,XYZ403,,throughput,Backhaul,FAIL,,,,11,,,944,22,,,,,,,,,
,XYZ407,,throughput,Congestion,FAIL,,,,2,,,334,32,,,,,,,,,
,XYZ409,,throughput,RF,FAIL,,,,15,,,933,42,,,,,,,,,
,XYZ404,,throughput,Backhaul,FAIL,,,,15,,,964,18,,,,,,,,,
,XYZ406,,throughput,RF,FAIL,,,,5,,,257,12,,,,,,,,,
,XYZ409,,throughput,Congestion,FAIL,,,,2,,,705,82,,,,,,,,,
,XYZ405,,throughput,Scheduler,FAIL,,,,13,,,102,34,,,,,,,,,
,XYZ401,,throughput,Congestion,FAIL,,,,14,,,688,97,,,,,,,,,
,XYZ403,,throughput,RF,FAIL,,,,5,,,985,80,,,,,,,,,
,XYZ409,,throughput,Scheduler,FAIL,,,,5,,,128,45,,,,,,,,,
,XYZ403,,throughput,Scheduler,FAIL,,,,4,,,197,98,,,,,,,,,
,XYZ410,,throughput,Congestion,FAIL,,,,11,,,269,29,,,,,,,,,
,XYZ402,,throughput,RF,FAIL,,,,7,,,784,90,,,,,,,,,
,XYZ404,,throughput,RF,FAIL,,,,10,,,586,63,,,,,,,,,
,XYZ405,,throughput,Congestion,FAIL,,,,6,,,686,99,,,,,,,,,
,XYZ407,,throughput,RF,FAIL,,,,2,,,922,28,,,,,,,,,
,XYZ407,,throughput,Scheduler,FAIL,,,,15,,,110,69,,,,,,,,,
,XYZ409,,throughput,RF,FAIL,,,,4,,,358,46,,,,,,,,,
,XYZ408,,throughput,RF,FAIL,,,,13,,,657,12,,,,,,,,,
,XYZ402,,throughput,Congestion,FAIL,,,,14,,,868,95,,,,,,,,,
,XYZ408,,throughput,Scheduler,FAIL,,,,11,,,188,28,,,,,,,,,
,XYZ408,,throughput,Backhaul,FAIL,,,,7,,,158,62,,,,,,,,,
,XYZ405,,throughput,Congestion,FAIL,,,,9,,,536,55,,,,,,,,,
,XYZ403,,throughput,Congestion,FAIL,,,,9,,,597,89,,,,,,,,,
,XYZ409,,throughput,RF,FAIL,,,,12,,,642,65,,,,,,,,,
,XYZ407,,throughput,RF,FAIL,,,,3,,,203,79,,,,,,,,,
,XYZ401,,throughput,RF,FAIL,,,,1,,,799,40,,,,,,,,,
,XYZ408,,throughput,Scheduler,FAIL,,,,9,,,189,62,,,,,,,,,
,XYZ410,,throughput,RF,FAIL,,,,8,,,381,43,,,,,,,,,
,XYZ405,,throughput,nan,SUCCESS,,,,7,,,263,40,,,,,,,,,
,XYZ406,,throughput,Backhaul,FAIL,,,,6,,,862,69,,,,,,,,,
,XYZ409,,throughput,RF,FAIL,,,,14,,,157,20,,,,,,,,,
,XYZ410,,throughput,RF,FAIL,,,,15,,,47,15,,,,,,,,,
,XYZ408,,throughput,nan,SUCCESS,,,,10,,,538,36,,,,,,,,,
,XYZ403,,throughput,Congestion,FAIL,,,,7,,,417,16,,,,,,,,,
,XYZ405,,throughput,RF,FAIL,,,,11,,,352,58,,,,,,,,,
,XYZ404,,throughput,Congestion,FAIL,,,,9,,,984,81,,,,,,,,,
,XYZ401,,throughput,Scheduler,FAIL,,,,6,,,336,69,,,,,,,,,
,XYZ405,,throughput,Scheduler,FAIL,,,,15,,,582,42,,,,,,,,,
,XYZ410,,throughput,Scheduler,FAIL,,,,14,,,445,56,,,,,,,,,
,XYZ407,,throughput,Scheduler,FAIL,,,,14,,,155,53,,,,,,,,,
,XYZ401,,throughput,Congestion,FAIL,,,,10,,,709,88,,,,,,,,,
,XYZ404,,throughput,RF,FAIL,,,,3,,,660,36,,,,,,,,,
,XYZ406,,throughput,Congestion,FAIL,,,,13,,,728,31,,,,,,,,,
,XYZ409,,throughput,Congestion,FAIL,,,,14,,,286,56,,,,,,,,,
,XYZ408,,throughput,Scheduler,FAIL,,,,3,,,126,57,,,,,,,,,
,XYZ402,,throughput,Congestion,FAIL,,,,4,,,579,39,,,,,,,,,
,XYZ403,,throughput,RF,FAIL,,,,10,,,157,11,,,,,,,,,
,XYZ410,,throughput,Backhaul,FAIL,,,,13,,,930,24,,,,,,,,,
,XYZ405,,throughput,RF,FAIL,,,,14,,,634,56,,,,,,,,,
,XYZ407,,throughput,RF,FAIL,,,,15,,,66,36,,,,,,,,,
,XYZ403,,throughput,Congestion,FAIL,,,,14,,,684,80,,,,,,,,,
,XYZ407,,throughput,Backhaul,FAIL,,,,10,,,387,36,,,,,,,,,
,XYZ405,,throughput,Congestion,FAIL,,,,8,,,25,94,,,,,,,,,
,XYZ410,,throughput,Congestion,FAIL,,,,10,,,542,22,,,,,,,,,
,XYZ406,,throughput,Congestion,FAIL,,,,9,,,548,64,,,,,,,,,
,XYZ406,,throughput,Backhaul,FAIL,,,,14,,,674,26,,,,,,,,,
,XYZ404,,throughput,Scheduler,FAIL,,,,8,,,291,84,,,,,,,,,
,XYZ408,,throughput,Congestion,FAIL,,,,11,,,843,68,,,,,,,,,
,XYZ409,,throughput,RF,FAIL,,,,10,,,85,19,,,,,,,,,
,XYZ402,,throughput,Backhaul,FAIL,,,,2,,,439,42,,,,,,,,,
,XYZ409,,throughput,Backhaul,FAIL,,,,4,,,358,87,,,,,,,,,
,XYZ404,,throughput,Congestion,FAIL,,,,4,,,953,46,,,,,,,,,
,XYZ406,,throughput,Congestion,FAIL,,,,12,,,517,17,,,,,,,,,
,XYZ407,,throughput,RF,FAIL,,,,2,,,488,42,,,,,,,,,
,XYZ404,,throughput,nan,SUCCESS,,,,13,,,350,16,,,,,,,,,
,XYZ408,,throughput,RF,FAIL,,,,8,,,787,43,,,,,,,,,
,XYZ410,,throughput,Backhaul,FAIL,,,,3,,,658,80,,,,,,,,,
,XYZ408,,throughput,Scheduler,FAIL,,,,2,,,150,16,,,,,,,,,
,XYZ401,,throughput,Scheduler,FAIL,,,,7,,,549,50,,,,,,,,,
,XYZ408,,throughput,Backhaul,FAIL,,,,15,,,738,64,,,,,,,,,
,XYZ410,,throughput,RF,FAIL,,,,1,,,620,16,,,,,,,,,
,XYZ403,,throughput,Congestion,FAIL,,,,15,,,457,93,,,,,,,,,
,XYZ405,,throughput,nan,SUCCESS,,,,6,,,262,27,,,,,,,,,
,XYZ410,,throughput,Scheduler,FAIL,,,,13,,,482,52,,,,,,,,,
,XYZ408,,throughput,Scheduler,FAIL,,,,13,,,369,87,,,,,,,,,
,XYZ406,,throughput,Scheduler,FAIL,,,,3,,,36,49,,,,,,,,,
,XYZ404,,throughput,RF,FAIL,,,,13,,,485,62,,,,,,,,,
,XYZ404,,throughput,Scheduler,FAIL,,,,3,,,754,23,,,,,,,,,
,XYZ404,,throughput,Congestion,FAIL,,,,15,,,901,30,,,,,,,,,
,XYZ406,,throughput,Scheduler,FAIL,,,,5,,,382,66,,,,,,,,,
,XYZ407,,throughput,Scheduler,FAIL,,,,14,,,229,55,,,,,,,,,
,XYZ405,,throughput,RF,FAIL,,,,3,,,630,35,,,,,,,,,
,XYZ410,,throughput,Backhaul,FAIL,,,,12,,,544,33,,,,,,,,,
,XYZ408,,throughput,Backhaul,FAIL,,,,4,,,850,14,,,,,,,,,
,XYZ407,,throughput,RF,FAIL,,,,13,,,801,51,,,,,,,,,
,XYZ408,,throughput,Congestion,FAIL,,,,13,,,718,52,,,,,,,,,
,XYZ404,,throughput,Backhaul,FAIL,,,,15,,,439,41,,,,,,,,,
,XYZ408,,throughput,Congestion,FAIL,,,,3,,,805,97,,,,,,,,,
,XYZ406,,throughput,Backhaul,FAIL,,,,7,,,152,15,,,,,,,,,
,XYZ403,,throughput,Backhaul,FAIL,,,,3,,,33,83,,,,,,,,,
,XYZ408,,throughput,Scheduler,FAIL,,,,14,,,812,76,,,,,,,,,
,XYZ407,,throughput,Scheduler,FAIL,,,,10,,,63,16,,,,,,,,,
,XYZ410,,throughput,Congestion,FAIL,,,,4,,,396,38,,,,,,,,,
,XYZ405,,throughput,RF,FAIL,,,,2,,,314,43,,,,,,,,,
,XYZ404,,throughput,RF,FAIL,,,,2,,,415,16,,,,,,,,,
,XYZ401,,throughput,RF,FAIL,,,,9,,,123,90,,,,,,,,,
,XYZ410,,throughput,Congestion,FAIL,,,,11,,,464,86,,,,,,,,,
,XYZ403,,throughput,Scheduler,FAIL,,,,1,,,81,67,,,,,,,,,
,XYZ402,,throughput,Congestion,FAIL,,,,1,,,584,94,,,,,,,,,
,XYZ408,,throughput,Scheduler,FAIL,,,,10,,,840,40,,,,,,,,,
,XYZ408,,throughput,Congestion,FAIL,,,,1,,,431,82,,,,,,,,,
,XYZ405,,throughput,Scheduler,FAIL,,,,14,,,950,54,,,,,,,,,
,XYZ405,,throughput,RF,FAIL,,,,3,,,649,56,,,,,,,,,
,XYZ404,,throughput,Backhaul,FAIL,,,,2,,,340,86,,,,,,,,,
,XYZ401,,throughput,Congestion,FAIL,,,,3,,,150,90,,,,,,,,,
,XYZ401,,throughput,RF,FAIL,,,,14,,,830,81,,,,,,,,,
,XYZ406,,throughput,Scheduler,FAIL,,,,5,,,837,82,,,,,,,,,
,XYZ404,,throughput,Congestion,FAIL,,,,9,,,218,82,,,,,,,,,
,XYZ404,,throughput,RF,FAIL,,,,2,,,924,49,,,,,,,,,
,XYZ403,,throughput,Congestion,FAIL,,,,12,,,55,39,,,,,,,,,
,XYZ409,,throughput,RF,FAIL,,,,11,,,810,71,,,,,,,,,
,XYZ403,,throughput,RF,FAIL,,,,15,,,235,80,,,,,,,,,
,XYZ408,,throughput,Scheduler,FAIL,,,,14,,,605,26,,,,,,,,,
,XYZ402,,throughput,RF,FAIL,,,,1,,,325,14,,,,,,,,,
,XYZ404,,throughput,RF,FAIL,,,,11,,,586,90,,,,,,,,,
,XYZ401,,throughput,Backhaul,FAIL,,,,6,,,912,10,,,,,,,,,
,XYZ405,,throughput,Congestion,FAIL,,,,3,,,31,89,,,,,,,,,
,XYZ402,,throughput,RF,FAIL,,,,13,,,102,90,,,,,,,,,
,XYZ401,,throughput,Scheduler,FAIL,,,,7,,,51,40,,,,,,,,,
,XYZ401,,throughput,nan,SUCCESS,,,,6,,,427,44,,,,,,,,,
,XYZ402,,throughput,RF,FAIL,,,,11,,,105,81,,,,,,,,,
,XYZ405,,throughput,RF,FAIL,,,,7,,,982,39,,,,,,,,,
,XYZ409,,throughput,Congestion,FAIL,,,,13,,,763,94,,,,,,,,,
,XYZ406,,throughput,Backhaul,FAIL,,,,13,,,430,24,,,,,,,,,
,XYZ404,,throughput,Congestion,FAIL,,,,5,,,976,65,,,,,,,,,
,XYZ403,,throughput,Backhaul,FAIL,,,,1,,,806,69,,,,,,,,,
,XYZ408,,throughput,Scheduler,FAIL,,,,14,,,732,36,,,,,,,,,
,XYZ403,,throughput,RF,FAIL,,,,3,,,582,11,,,,,,,,,
,XYZ401,,throughput,Backhaul,FAIL,,,,3,,,851,83,,,,,,,,,
,XYZ404,,throughput,Congestion,FAIL,,,,7,,,275,73,,,,,,,,,
,XYZ405,,throughput,Scheduler,FAIL,,,,15,,,260,14,,,,,,,,,
,XYZ405,,throughput,Backhaul,FAIL,,,,14,,,736,77,,,,,,,,,
,XYZ405,,throughput,RF,FAIL,,,,13,,,917,22,,,,,,,,,
,XYZ408,,throughput,Congestion,FAIL,,,,3,,,951,90,,,,,,,,,
,XYZ408,,throughput,RF,FAIL,,,,11,,,915,94,,,,,,,,,
,XYZ404,,throughput,RF,FAIL,,,,5,,,926,32,,,,,,,,,
,XYZ409,,throughput,Scheduler,FAIL,,,,4,,,727,59,,,,,,,,,
,XYZ401,,throughput,Congestion,FAIL,,,,4,,,471,88,,,,,,,,,
,XYZ405,,throughput,Congestion,FAIL,,,,13,,,775,87,,,,,,,,,
,XYZ405,,throughput,RF,FAIL,,,,7,,,851,82,,,,,,,,,
,XYZ405,,throughput,Congestion,FAIL,,,,1,,,20,46,,,,,,,,,
,XYZ408,,throughput,RF,FAIL,,,,7,,,620,39,,,,,,,,,
,XYZ409,,throughput,Backhaul,FAIL,,,,15,,,301,32,,,,,,,,,
,XYZ403,,throughput,Backhaul,FAIL,,,,8,,,670,43,,,,,,,,,
,XYZ409,,throughput,Congestion,FAIL,,,,3,,,618,73,,,,,,,,,
,XYZ408,,throughput,Scheduler,FAIL,,,,15,,,533,64,,,,,,,,,
,XYZ403,,throughput,Congestion,FAIL,,,,3,,,998,80,,,,,,,,,
,XYZ402,,throughput,Backhaul,FAIL,,,,4,,,880,18,,,,,,,,,
,XYZ404,,throughput,Scheduler,FAIL,,,,15,,,699,13,,,,,,,,,
,XYZ402,,throughput,Backhaul,FAIL,,,,13,,,138,75,,,,,,,,,
,XYZ404,,throughput,Backhaul,FAIL,,,,6,,,919,42,,,,,,,,,
,XYZ405,,throughput,nan,SUCCESS,,,,14,,,524,41,,,,,,,,,
,XYZ402,,throughput,RF,FAIL,,,,7,,,99,53,,,,,,,,,
,XYZ408,,throughput,Congestion,FAIL,,,,1,,,642,46,,,,,,,,,
,XYZ401,,throughput,Backhaul,FAIL,,,,15,,,696,76,,,,,,,,,
,XYZ403,,throughput,Backhaul,FAIL,,,,13,,,913,69,,,,,,,,,
,XYZ407,,throughput,RF,FAIL,,,,4,,,976,68,,,,,,,,,
,XYZ410,,throughput,Backhaul,FAIL,,,,12,,,238,45,,,,,,,,,
,XYZ401,,throughput,Backhaul,FAIL,,,,7,,,536,58,,,,,,,,,
,XYZ402,,throughput,Backhaul,FAIL,,,,11,,,930,60,,,,,,,,,
,XYZ403,,throughput,Backhaul,FAIL,,,,2,,,746,17,,,,,,,,,
,XYZ402,,throughput,Backhaul,FAIL,,,,1,,,726,59,,,,,,,,,
,XYZ402,,throughput,Scheduler,FAIL,,,,1,,,485,50,,,,,,,,,
,XYZ406,,throughput,Backhaul,FAIL,,,,10,,,813,47,,,,,,,,,
,XYZ407,,throughput,RF,FAIL,,,,14,,,537,95,,,,,,,,,
,XYZ406,,throughput,Backhaul,FAIL,,,,14,,,910,87,,,,,,,,,
,XYZ406,,throughput,Congestion,FAIL,,,,6,,,831,88,,,,,,,,,
,XYZ409,,throughput,Scheduler,FAIL,,,,12,,,521,64,,,,,,,,,
,XYZ408,,throughput,RF,FAIL,,,,5,,,77,77,,,,,,,,,
,XYZ408,,throughput,Scheduler,FAIL,,,,1,,,356,27,,,,,,,,,
,XYZ406,,throughput,RF,FAIL,,,,10,,,529,74,,,,,,,,,
,XYZ405,,throughput,Scheduler,FAIL,,,,3,,,833,73,,,,,,,,,
,XYZ409,,throughput,Congestion,FAIL,,,,15,,,633,21,,,,,,,,,
,XYZ402,,throughput,Scheduler,FAIL,,,,11,,,445,50,,,,,,,,,
,XYZ407,,throughput,Scheduler,FAIL,,,,7,,,579,51,,,,,,,,,
,XYZ406,,throughput,Scheduler,FAIL,,,,12,,,389,69,,,,,,,,,
,XYZ407,,throughput,Scheduler,FAIL,,,,9,,,430,59,,,,,,,,,
,XYZ404,,throughput,RF,FAIL,,,,13,,,807,90,,,,,,,,,
,XYZ409,,throughput,Scheduler,FAIL,,,,9,,,985,92,,,,,,,,,
,XYZ407,,throughput,nan,SUCCESS,,,,15,,,902,45,,,,,,,,,
,XYZ402,,throughput,Scheduler,FAIL,,,,6,,,694,57,,,,,,,,,
,XYZ404,,throughput,Congestion,FAIL,,,,3,,,863,80,,,,,,,,,
,XYZ405,,throughput,Congestion,FAIL,,,,1,,,451,82,,,,,,,,,
,XYZ402,,throughput,Congestion,FAIL,,,,3,,,982,17,,,,,,,,,
,XYZ410,,throughput,nan,SUCCESS,,,,10,,,215,34,,,,,,,,,
,XYZ408,,throughput,Scheduler,FAIL,,,,2,,,396,16,,,,,,,,,
,XYZ401,,throughput,nan,SUCCESS,,,,11,,,967,17,,,,,,,,,
,XYZ403,,throughput,Backhaul,FAIL,,,,5,,,384,97,,,,,,,,,
,XYZ401,,throughput,Congestion,FAIL,,,,8,,,855,90,,,,,,,,,
,XYZ405,,throughput,Congestion,FAIL,,,,5,,,663,85,,,,,,,,,
,XYZ408,,throughput,Backhaul,FAIL,,,,1,,,954,40,,,,,,,,,
,XYZ407,,throughput,Scheduler,FAIL,,,,3,,,424,21,,,,,,,,,
,XYZ409,,throughput,Congestion,FAIL,,,,12,,,511,66,,,,,,,,,
,XYZ402,,throughput,RF,FAIL,,,,5,,,85,75,,,,,,,,,
,XYZ408,,throughput,Scheduler,FAIL,,,,7,,,931,21,,,,,,,,,
,XYZ408,,throughput,Backhaul,FAIL,,,,5,,,410,36,,,,,,,,,
,XYZ406,,throughput,Congestion,FAIL,,,,14,,,102,55,,,,,,,,,
,XYZ403,,throughput,nan,SUCCESS,,,,10,,,500,16,,,,,,,,,
,XYZ402,,throughput,Scheduler,FAIL,,,,5,,,796,70,,,,,,,,,
,XYZ408,,throughput,Congestion,FAIL,,,,7,,,248,67,,,,,,,,,
,XYZ406,,throughput,Backhaul,FAIL,,,,13,,,804,67,,,,,,,,,
,XYZ404,,throughput,nan,SUCCESS,,,,15,,,750,22,,,,,,,,,
,XYZ405,,throughput,Congestion,FAIL,,,,8,,,244,62,,,,,,,,,
,XYZ405,,throughput,Backhaul,FAIL,,,,14,,,132,74,,,,,,,,,
,XYZ409,,throughput,Backhaul,FAIL,,,,8,,,671,58,,,,,,,,,
,XYZ409,,throughput,Scheduler,FAIL,,,,7,,,204,44,,,,,,,,,
,XYZ408,,throughput,Backhaul,FAIL,,,,13,,,531,26,,,,,,,,,
,XYZ408,,throughput,Backhaul,FAIL,,,,14,,,192,81,,,,,,,,,
,XYZ402,,throughput,RF,FAIL,,,,3,,,907,76,,,,,,,,,
,XYZ403,,throughput,Backhaul,FAIL,,,,11,,,542,19,,,,,,,,,
,XYZ408,,throughput,RF,FAIL,,,,2,,,928,43,,,,,,,,,
,XYZ405,,throughput,Congestion,FAIL,,,,1,,,690,95,,,,,,,,,
,XYZ407,,throughput,nan,SUCCESS,,,,6,,,224,13,,,,,,,,,
,XYZ408,,throughput,nan,SUCCESS,,,,13,,,761,38,,,,,,,,,
,XYZ406,,throughput,Scheduler,FAIL,,,,9,,,557,55,,,,,,,,,
,XYZ405,,throughput,RF,FAIL,,,,3,,,338,84,,,,,,,,,
,XYZ408,,throughput,RF,FAIL,,,,5,,,178,55,,,,,,,,,
,XYZ401,,throughput,Congestion,FAIL,,,,9,,,297,86,,,,,,,,,
,XYZ401,,throughput,Congestion,FAIL,,,,14,,,921,68,,,,,,,,,
,XYZ401,,throughput,RF,FAIL,,,,14,,,167,70,,,,,,,,,
,XYZ403,,throughput,RF,FAIL,,,,9,,,797,77,,,,,,,,,
,XYZ410,,throughput,Backhaul,FAIL,,,,7,,,102,75,,,,,,,,,
,XYZ406,,throughput,RF,FAIL,,,,14,,,438,43,,,,,,,,,
,XYZ406,,throughput,Scheduler,FAIL,,,,4,,,557,95,,,,,,,,,
,XYZ405,,throughput,nan,SUCCESS,,,,11,,,602,14,,,,,,,,,
,XYZ407,,throughput,RF,FAIL,,,,2,,,568,18,,,,,,,,,
,XYZ405,,throughput,RF,FAIL,,,,2,,,411,29,,,,,,,,,
,XYZ402,,throughput,RF,FAIL,,,,4,,,152,30,,,,,,,,,
,XYZ404,,throughput,RF,FAIL,,,,1,,,959,26,,,,,,,,,
,XYZ401,,throughput,Congestion,FAIL,,,,14,,,657,21,,,,,,,,,
,XYZ407,,throughput,Backhaul,FAIL,,,,4,,,646,91,,,,,,,,,
,XYZ404,,throughput,RF,FAIL,,,,12,,,623,76,,,,,,,,,
,XYZ404,,throughput,Backhaul,FAIL,,,,14,,,261,14,,,,,,,,,
,XYZ404,,throughput,Backhaul,FAIL,,,,11,,,470,69,,,,,,,,,
,XYZ403,,throughput,RF,FAIL,,,,6,,,219,62,,,,,,,,,
,XYZ408,,throughput,RF,FAIL,,,,6,,,738,61,,,,,,,,,
,XYZ404,,throughput,Backhaul,FAIL,,,,7,,,136,87,,,,,,,,,
,XYZ408,,throughput,Congestion,FAIL,,,,5,,,238,57,,,,,,,,,
,XYZ409,,throughput,Backhaul,FAIL,,,,9,,,324,99,,,,,,,,,
,XYZ401,,throughput,Congestion,FAIL,,,,2,,,262,28,,,,,,,,,
,XYZ404,,throughput,Scheduler,FAIL,,,,2,,,311,26,,,,,,,,,
,XYZ406,,throughput,Congestion,FAIL,,,,4,,,995,63,,,,,,,,,
,XYZ408,,throughput,Scheduler,FAIL,,,,15,,,813,77,,,,,,,,,
,XYZ406,,throughput,RF,FAIL,,,,4,,,320,44,,,,,,,,,
,XYZ406,,throughput,Scheduler,FAIL,,,,4,,,848,97,,,,,,,,,
,XYZ410,,throughput,Backhaul,FAIL,,,,1,,,703,50,,,,,,,,,
,XYZ404,,throughput,Congestion,FAIL,,,,4,,,407,22,,,,,,,,,
,XYZ409,,throughput,Scheduler,FAIL,,,,12,,,607,42,,,,,,,,,
,XYZ407,,throughput,RF,FAIL,,,,5,,,228,24,,,,,,,,,
,XYZ406,,throughput,Congestion,FAIL,,,,9,,,333,72,,,,,,,,,
,XYZ401,,throughput,Backhaul,FAIL,,,,3,,,636,24,,,,,,,,,
,XYZ402,,throughput,Backhaul,FAIL,,,,15,,,45,40,,,,,,,,,
,XYZ406,,throughput,Congestion,FAIL,,,,3,,,882,37,,,,,,,,,
,XYZ401,,throughput,Backhaul,FAIL,,,,14,,,98,19,,,,,,,,,
,XYZ405,,throughput,RF,FAIL,,,,5,,,147,66,,,,,,,,,
,XYZ401,,throughput,RF,FAIL,,,,10,,,432,80,,,,,,,,,
,XYZ403,,throughput,Backhaul,FAIL,,,,6,,,156,42,,,,,,,,,
,XYZ407,,throughput,RF,FAIL,,,,3,,,353,16,,,,,,,,,
,XYZ405,,throughput,Backhaul,FAIL,,,,1,,,567,14,,,,,,,,,
,XYZ410,,throughput,RF,FAIL,,,,10,,,407,99,,,,,,,,,
,XYZ401,,throughput,Backhaul,FAIL,,,,8,,,590,89,,,,,,,,,
,XYZ401,,throughput,Congestion,FAIL,,,,12,,,249,66,,,,,,,,,
,XYZ408,,throughput,Congestion,FAIL,,,,1,,,440,81,,,,,,,,,
,XYZ409,,throughput,Congestion,FAIL,,,,2,,,143,95,,,,,,,,,
,XYZ407,,throughput,RF,FAIL,,,,3,,,107,49,,,,,,,,,
,XYZ403,,throughput,nan,SUCCESS,,,,6,,,868,37,,,,,,,,,
,XYZ406,,throughput,RF,FAIL,,,,4,,,160,45,,,,,,,,,
,XYZ403,,throughput,RF,FAIL,,,,4,,,935,65,,,,,,,,,
,XYZ410,,throughput,Scheduler,FAIL,,,,15,,,804,56,,,,,,,,,
,XYZ404,,throughput,Scheduler,FAIL,,,,9,,,70,80,,,,,,,,,
,XYZ404,,throughput,Backhaul,FAIL,,,,6,,,586,49,,,,,,,,,
,XYZ403,,throughput,Scheduler,FAIL,,,,12,,,948,68,,,,,,,,,
,XYZ410,,throughput,Congestion,FAIL,,,,2,,,424,52,,,,,,,,,
,XYZ406,,throughput,Scheduler,FAIL,,,,7,,,356,75,,,,,,,,,
,XYZ405,,throughput,Backhaul,FAIL,,,,15,,,681,18,,,,,,,,,
,XYZ409,,throughput,nan,SUCCESS,,,,13,,,684,15,,,,,,,,,
,XYZ409,,throughput,RF,FAIL,,,,3,,,982,74,,,,,,,,,
,XYZ403,,throughput,Scheduler,FAIL,,,,9,,,750,12,,,,,,,,,
,XYZ409,,throughput,RF,FAIL,,,,6,,,750,83,,,,,,,,,
,XYZ403,,throughput,Backhaul,FAIL,,,,8,,,385,46,,,,,,,,,
,XYZ404,,throughput,Congestion,FAIL,,,,13,,,927,96,,,,,,,,,
,XYZ401,,throughput,Scheduler,FAIL,,,,13,,,930,42,,,,,,,,,
,XYZ405,,throughput,RF,FAIL,,,,1,,,999,18,,,,,,,,,
,XYZ409,,throughput,Scheduler,FAIL,,,,2,,,873,62,,,,,,,,,
,XYZ402,,throughput,Congestion,FAIL,,,,6,,,277,86,,,,,,,,,
,XYZ404,,throughput,Congestion,FAIL,,,,3,,,407,60,,,,,,,,,
,XYZ410,,throughput,Scheduler,FAIL,,,,1,,,64,80,,,,,,,,,
,XYZ402,,throughput,Congestion,FAIL,,,,6,,,288,35,,,,,,,,,
,XYZ408,,throughput,RF,FAIL,,,,5,,,330,25,,,,,,,,,
,XYZ409,,throughput,nan,SUCCESS,,,,13,,,691,49,,,,,,,,,
,XYZ403,,throughput,RF,FAIL,,,,9,,,297,99,,,,,,,,,
,XYZ409,,throughput,Backhaul,FAIL,,,,6,,,876,60,,,,,,,,,
,XYZ406,,throughput,RF,FAIL,,,,5,,,494,48,,,,,,,,,
,XYZ406,,throughput,Congestion,FAIL,,,,1,,,586,64,,,,,,,,,
,XYZ407,,throughput,RF,FAIL,,,,15,,,164,45,,,,,,,,,
,XYZ405,,throughput,Scheduler,FAIL,,,,1,,,985,74,,,,,,,,,
,XYZ406,,throughput,RF,FAIL,,,,11,,,254,94,,,,,,,,,
,XYZ401,,throughput,Backhaul,FAIL,,,,1,,,710,86,,,,,,,,,
,XYZ403,,throughput,Backhaul,FAIL,,,,7,,,739,99,,,,,,,,,
,XYZ409,,throughput,Congestion,FAIL,,,,6,,,155,54,,,,,,,,,
,XYZ405,,throughput,nan,SUCCESS,,,,14,,,464,18,,,,,,,,,
,XYZ405,,throughput,Backhaul,FAIL,,,,5,,,372,46,,,,,,,,,
,XYZ408,,throughput,Congestion,FAIL,,,,4,,,413,96,,,,,,,,,
,XYZ402,,throughput,Backhaul,FAIL,,,,11,,,294,10,,,,,,,,,
,XYZ407,,throughput,Backhaul,FAIL,,,,14,,,403,75,,,,,,,,,
,XYZ409,,throughput,Scheduler,FAIL,,,,13,,,929,72,,,,,,,,,
,XYZ407,,throughput,Scheduler,FAIL,,,,13,,,342,52,,,,,,,,,
,XYZ405,,throughput,Congestion,FAIL,,,,11,,,202,37,,,,,,,,,
,XYZ406,,throughput,Backhaul,FAIL,,,,8,,,592,40,,,,,,,,,
,XYZ404,,throughput,Backhaul,FAIL,,,,11,,,459,78,,,,,,,,,
,XYZ407,,throughput,RF,FAIL,,,,8,,,82,98,,,,,,,,,
,XYZ401,,throughput,Scheduler,FAIL,,,,5,,,892,17,,,,,,,,,
,XYZ404,,throughput,nan,SUCCESS,,,,15,,,746,43,,,,,,,,,
,XYZ403,,throughput,Congestion,FAIL,,,,4,,,891,58,,,,,,,,,
,XYZ404,,throughput,Backhaul,FAIL,,,,15,,,670,67,,,,,,,,,
,XYZ401,,throughput,Congestion,FAIL,,,,2,,,962,84,,,,,,,,,
,XYZ402,,throughput,Scheduler,FAIL,,,,7,,,665,56,,,,,,,,,
,XYZ409,,throughput,Scheduler,FAIL,,,,5,,,53,34,,,,,,,,,
,XYZ407,,throughput,RF,FAIL,,,,3,,,724,12,,,,,,,,,
,XYZ406,,throughput,Scheduler,FAIL,,,,9,,,886,54,,,,,,,,,
,XYZ402,,throughput,RF,FAIL,,,,9,,,851,61,,,,,,,,,
,XYZ401,,throughput,Congestion,FAIL,,,,11,,,496,43,,,,,,,,,
,XYZ402,,throughput,Scheduler,FAIL,,,,15,,,106,78,,,,,,,,,
,XYZ407,,throughput,Scheduler,FAIL,,,,11,,,229,17,,,,,,,,,
,XYZ402,,throughput,Scheduler,FAIL,,,,10,,,481,36,,,,,,,,,
,XYZ403,,throughput,Congestion,FAIL,,,,14,,,100,89,,,,,,,,,
,XYZ408,,throughput,Congestion,FAIL,,,,11,,,341,72,,,,,,,,,
,XYZ407,,throughput,RF,FAIL,,,,8,,,434,91,,,,,,,,,
,XYZ409,,throughput,Scheduler,FAIL,,,,1,,,870,34,,,,,,,,,
,XYZ404,,throughput,Congestion,FAIL,,,,12,,,209,67,,,,,,,,,
,XYZ407,,throughput,RF,FAIL,,,,3,,,969,57,,,,,,,,,
,XYZ401,,throughput,RF,FAIL,,,,2,,,879,10,,,,,,,,,
,XYZ402,,throughput,Congestion,FAIL,,,,4,,,252,17,,,,,,,,,
,XYZ407,,throughput,RF,FAIL,,,,2,,,411,30,,,,,,,,,
,XYZ402,,throughput,Congestion,FAIL,,,,12,,,957,97,,,,,,,,,
,XYZ406,,throughput,Congestion,FAIL,,,,11,,,188,99,,,,,,,,,
,XYZ410,,throughput,Backhaul,FAIL,,,,8,,,462,87,,,,,,,,,
,XYZ409,,throughput,RF,FAIL,,,,1,,,782,38,,,,,,,,,
,XYZ405,,throughput,RF,FAIL,,,,4,,,187,39,,,,,,,,,
,XYZ410,,throughput,Backhaul,FAIL,,,,5,,,250,12,,,,,,,,,
,XYZ407,,throughput,Congestion,FAIL,,,,14,,,169,16,,,,,,,,,
,XYZ401,,throughput,nan,SUCCESS,,,,10,,,683,20,,,,,,,,,
,XYZ408,,throughput,Backhaul,FAIL,,,,4,,,569,41,,,,,,,,,
2026-07-01 00:00:00,XYZ402,UE0,vonr,SIP_BYE,SUCCESS,NORMAL,,,,,,,,,,,,,,,,
2026-07-01 01:00:00,XYZ402,UE1,vonr,PDU_RELEASE,SUCCESS,IMS_TIMEOUT,,,,,,,,,,,,,,,,
2026-07-01 02:00:00,XYZ403,UE2,vonr,SIP_BYE,DROP,NORMAL,,,,,,,,,,,,,,,,
2026-07-01 03:00:00,XYZ403,UE3,vonr,SIP_INVITE,SUCCESS,QOS_FLOW_FAIL,,,,,,,,,,,,,,,,
2026-07-01 04:00:00,XYZ402,UE4,vonr,SIP_INVITE,SUCCESS,IMS_TIMEOUT,,,,,,,,,,,,,,,,
2026-07-01 05:00:00,XYZ402,UE5,vonr,SIP_BYE,DROP,QOS_FLOW_FAIL,,,,,,,,,,,,,,,,
2026-07-01 06:00:00,XYZ402,UE6,vonr,SIP_BYE,SUCCESS,QOS_FLOW_FAIL,,,,,,,,,,,,,,,,
2026-07-01 07:00:00,XYZ403,UE7,vonr,SIP_INVITE,DROP,IMS_TIMEOUT,,,,,,,,,,,,,,,,
2026-07-01 08:00:00,XYZ402,UE8,vonr,SIP_INVITE,DROP,NORMAL,,,,,,,,,,,,,,,,
2026-07-01 09:00:00,XYZ403,UE9,vonr,PDU_RELEASE,DROP,QOS_FLOW_FAIL,,,,,,,,,,,,,,,,
2026-07-01 10:00:00,XYZ403,UE10,vonr,SIP_INVITE,DROP,QOS_FLOW_FAIL,,,,,,,,,,,,,,,,
2026-07-01 11:00:00,XYZ402,UE11,vonr,SIP_BYE,SUCCESS,NORMAL,,,,,,,,,,,,,,,,
2026-07-01 12:00:00,XYZ401,UE12,vonr,SIP_BYE,SUCCESS,IMS_TIMEOUT,,,,,,,,,,,,,,,,
2026-07-01 13:00:00,XYZ402,UE13,vonr,SIP_INVITE,SUCCESS,QOS_FLOW_FAIL,,,,,,,,,,,,,,,,
2026-07-01 14:00:00,XYZ401,UE14,vonr,PDU_RELEASE,SUCCESS,IMS_TIMEOUT,,,,,,,,,,,,,,,,
2026-07-01 15:00:00,XYZ401,UE15,vonr,SIP_INVITE,DROP,IMS_TIMEOUT,,,,,,,,,,,,,,,,
2026-07-01 16:00:00,XYZ403,UE16,vonr,SIP_INVITE,DROP,QOS_FLOW_FAIL,,,,,,,,,,,,,,,,
2026-07-01 17:00:00,XYZ401,UE17,vonr,PDU_RELEASE,SUCCESS,IMS_TIMEOUT,,,,,,,,,,,,,,,,
2026-07-01 18:00:00,XYZ402,UE18,vonr,PDU_RELEASE,SUCCESS,NORMAL,,,,,,,,,,,,,,,,
2026-07-01 19:00:00,XYZ403,UE19,vonr,SIP_INVITE,DROP,QOS_FLOW_FAIL,,,,,,,,,,,,,,,,
2026-07-01 20:00:00,XYZ401,UE20,vonr,PDU_RELEASE,SUCCESS,QOS_FLOW_FAIL,,,,,,,,,,,,,,,,
2026-07-01 21:00:00,XYZ401,UE21,vonr,SIP_INVITE,DROP,NORMAL,,,,,,,,,,,,,,,,
2026-07-01 22:00:00,XYZ402,UE22,vonr,SIP_INVITE,SUCCESS,QOS_FLOW_FAIL,,,,,,,,,,,,,,,,
2026-07-01 23:00:00,XYZ403,UE23,vonr,SIP_INVITE,SUCCESS,IMS_TIMEOUT,,,,,,,,,,,,,,,,
2026-07-01 00:00:00,XYZ403,UE24,vonr,SIP_INVITE,SUCCESS,IMS_TIMEOUT,,,,,,,,,,,,,,,,
2026-07-01 01:00:00,XYZ402,UE25,vonr,PDU_RELEASE,DROP,QOS_FLOW_FAIL,,,,,,,,,,,,,,,,
2026-07-01 02:00:00,XYZ402,UE26,vonr,PDU_RELEASE,DROP,NORMAL,,,,,,,,,,,,,,,,
2026-07-01 03:00:00,XYZ402,UE27,vonr,SIP_INVITE,SUCCESS,QOS_FLOW_FAIL,,,,,,,,,,,,,,,,
2026-07-01 04:00:00,XYZ403,UE28,vonr,SIP_BYE,DROP,IMS_TIMEOUT,,,,,,,,,,,,,,,,
2026-07-01 05:00:00,XYZ401,UE29,vonr,SIP_BYE,SUCCESS,IMS_TIMEOUT,,,,,,,,,,,,,,,,
2026-07-01 06:00:00,XYZ402,UE30,vonr,SIP_BYE,SUCCESS,IMS_TIMEOUT,,,,,,,,,,,,,,,,
2026-07-01 07:00:00,XYZ401,UE31,vonr,PDU_RELEASE,SUCCESS,QOS_FLOW_FAIL,,,,,,,,,,,,,,,,
2026-07-01 08:00:00,XYZ402,UE32,vonr,PDU_RELEASE,SUCCESS,QOS_FLOW_FAIL,,,,,,,,,,,,,,,,
2026-07-01 09:00:00,XYZ401,UE33,vonr,SIP_BYE,SUCCESS,QOS_FLOW_FAIL,,,,,,,,,,,,,,,,
2026-07-01 10:00:00,XYZ403,UE34,vonr,SIP_BYE,SUCCESS,NORMAL,,,,,,,,,,,,,,,,
2026-07-01 11:00:00,XYZ401,UE35,vonr,SIP_INVITE,DROP,NORMAL,,,,,,,,,,,,,,,,
2026-07-01 12:00:00,XYZ403,UE36,vonr,PDU_RELEASE,SUCCESS,IMS_TIMEOUT,,,,,,,,,,,,,,,,
2026-07-01 13:00:00,XYZ402,UE37,vonr,SIP_BYE,DROP,IMS_TIMEOUT,,,,,,,,,,,,,,,,
2026-07-01 14:00:00,XYZ402,UE38,vonr,SIP_BYE,DROP,QOS_FLOW_FAIL,,,,,,,,,,,,,,,,
2026-07-01 15:00:00,XYZ403,UE39,vonr,SIP_BYE,DROP,NORMAL,,,,,,,,,,,,,,,,
2026-07-01 16:00:00,XYZ403,UE40,vonr,SIP_BYE,DROP,IMS_TIMEOUT,,,,,,,,,,,,,,,,
2026-07-01 17:00:00,XYZ401,UE41,vonr,SIP_BYE,SUCCESS,NORMAL,,,,,,,,,,,,,,,,
2026-07-01 18:00:00,XYZ401,UE42,vonr,PDU_RELEASE,SUCCESS,NORMAL,,,,,,,,,,,,,,,,
2026-07-01 19:00:00,XYZ401,UE43,vonr,PDU_RELEASE,SUCCESS,QOS_FLOW_FAIL,,,,,,,,,,,,,,,,
2026-07-01 20:00:00,XYZ401,UE44,vonr,SIP_BYE,DROP,IMS_TIMEOUT,,,,,,,,,,,,,,,,
2026-07-01 21:00:00,XYZ403,UE45,vonr,SIP_BYE,SUCCESS,NORMAL,,,,,,,,,,,,,,,,
2026-07-01 22:00:00,XYZ403,UE46,vonr,PDU_RELEASE,DROP,QOS_FLOW_FAIL,,,,,,,,,,,,,,,,
2026-07-01 23:00:00,XYZ403,UE47,vonr,SIP_INVITE,SUCCESS,NORMAL,,,,,,,,,,,,,,,,
2026-07-01 00:00:00,XYZ403,UE48,vonr,SIP_INVITE,SUCCESS,QOS_FLOW_FAIL,,,,,,,,,,,,,,,,
2026-07-01 01:00:00,XYZ401,UE49,vonr,SIP_BYE,SUCCESS,IMS_TIMEOUT,,,,,,,,,,,,,,,,
2026-07-01 02:00:00,XYZ403,UE50,vonr,SIP_INVITE,DROP,NORMAL,,,,,,,,,,,,,,,,
2026-07-01 03:00:00,XYZ403,UE51,vonr,PDU_RELEASE,DROP,IMS_TIMEOUT,,,,,,,,,,,,,,,,
2026-07-01 04:00:00,XYZ401,UE52,vonr,SIP_BYE,DROP,IMS_TIMEOUT,,,,,,,,,,,,,,,,
2026-07-01 05:00:00,XYZ402,UE53,vonr,SIP_BYE,DROP,QOS_FLOW_FAIL,,,,,,,,,,,,,,,,
2026-07-01 06:00:00,XYZ403,UE54,vonr,SIP_INVITE,SUCCESS,QOS_FLOW_FAIL,,,,,,,,,,,,,,,,
2026-07-01 07:00:00,XYZ403,UE55,vonr,SIP_INVITE,DROP,IMS_TIMEOUT,,,,,,,,,,,,,,,,
2026-07-01 08:00:00,XYZ403,UE56,vonr,SIP_INVITE,DROP,QOS_FLOW_FAIL,,,,,,,,,,,,,,,,
2026-07-01 09:00:00,XYZ401,UE57,vonr,PDU_RELEASE,DROP,IMS_TIMEOUT,,,,,,,,,,,,,,,,
2026-07-01 10:00:00,XYZ402,UE58,vonr,SIP_INVITE,SUCCESS,QOS_FLOW_FAIL,,,,,,,,,,,,,,,,
2026-07-01 11:00:00,XYZ403,UE59,vonr,SIP_INVITE,SUCCESS,NORMAL,,,,,,,,,,,,,,,,
2026-07-01 12:00:00,XYZ402,UE60,vonr,PDU_RELEASE,SUCCESS,NORMAL,,,,,,,,,,,,,,,,
2026-07-01 13:00:00,XYZ402,UE61,vonr,PDU_RELEASE,SUCCESS,QOS_FLOW_FAIL,,,,,,,,,,,,,,,,
2026-07-01 14:00:00,XYZ402,UE62,vonr,SIP_INVITE,SUCCESS,NORMAL,,,,,,,,,,,,,,,,
2026-07-01 15:00:00,XYZ403,UE63,vonr,PDU_RELEASE,DROP,IMS_TIMEOUT,,,,,,,,,,,,,,,,
2026-07-01 16:00:00,XYZ403,UE64,vonr,PDU_RELEASE,DROP,IMS_TIMEOUT,,,,,,,,,,,,,,,,
2026-07-01 17:00:00,XYZ402,UE65,vonr,SIP_INVITE,DROP,QOS_FLOW_FAIL,,,,,,,,,,,,,,,,
2026-07-01 18:00:00,XYZ401,UE66,vonr,PDU_RELEASE,SUCCESS,NORMAL,,,,,,,,,,,,,,,,
2026-07-01 19:00:00,XYZ403,UE67,vonr,PDU_RELEASE,SUCCESS,IMS_TIMEOUT,,,,,,,,,,,,,,,,
2026-07-01 20:00:00,XYZ401,UE68,vonr,SIP_BYE,SUCCESS,QOS_FLOW_FAIL,,,,,,,,,,,,,,,,
2026-07-01 21:00:00,XYZ402,UE69,vonr,PDU_RELEASE,DROP,QOS_FLOW_FAIL,,,,,,,,,,,,,,,,
2026-07-01 22:00:00,XYZ403,UE70,vonr,PDU_RELEASE,SUCCESS,IMS_TIMEOUT,,,,,,,,,,,,,,,,
2026-07-01 23:00:00,XYZ403,UE71,vonr,PDU_RELEASE,DROP,QOS_FLOW_FAIL,,,,,,,,,,,,,,,,
2026-07-01 00:00:00,XYZ402,UE72,vonr,SIP_BYE,SUCCESS,NORMAL,,,,,,,,,,,,,,,,
2026-07-01 01:00:00,XYZ402,UE73,vonr,SIP_BYE,DROP,NORMAL,,,,,,,,,,,,,,,,
2026-07-01 02:00:00,XYZ403,UE74,vonr,SIP_BYE,DROP,QOS_FLOW_FAIL,,,,,,,,,,,,,,,,
2026-07-01 03:00:00,XYZ401,UE75,vonr,SIP_BYE,SUCCESS,QOS_FLOW_FAIL,,,,,,,,,,,,,,,,
2026-07-01 04:00:00,XYZ401,UE76,vonr,SIP_INVITE,DROP,NORMAL,,,,,,,,,,,,,,,,
2026-07-01 05:00:00,XYZ402,UE77,vonr,SIP_BYE,SUCCESS,IMS_TIMEOUT,,,,,,,,,,,,,,,,
2026-07-01 06:00:00,XYZ402,UE78,vonr,SIP_BYE,SUCCESS,QOS_FLOW_FAIL,,,,,,,,,,,,,,,,
2026-07-01 07:00:00,XYZ403,UE79,vonr,SIP_INVITE,DROP,NORMAL,,,,,,,,,,,,,,,,
2026-07-01 08:00:00,XYZ403,UE80,vonr,SIP_INVITE,SUCCESS,IMS_TIMEOUT,,,,,,,,,,,,,,,,
2026-07-01 09:00:00,XYZ401,UE81,vonr,PDU_RELEASE,DROP,NORMAL,,,,,,,,,,,,,,,,
2026-07-01 10:00:00,XYZ401,UE82,vonr,SIP_BYE,DROP,QOS_FLOW_FAIL,,,,,,,,,,,,,,,,
2026-07-01 11:00:00,XYZ403,UE83,vonr,SIP_BYE,SUCCESS,IMS_TIMEOUT,,,,,,,,,,,,,,,,
2026-07-01 12:00:00,XYZ402,UE84,vonr,SIP_INVITE,SUCCESS,QOS_FLOW_FAIL,,,,,,,,,,,,,,,,
2026-07-01 13:00:00,XYZ403,UE85,vonr,SIP_INVITE,DROP,IMS_TIMEOUT,,,,,,,,,,,,,,,,
2026-07-01 14:00:00,XYZ401,UE86,vonr,SIP_BYE,SUCCESS,QOS_FLOW_FAIL,,,,,,,,,,,,,,,,
2026-07-01 15:00:00,XYZ403,UE87,vonr,PDU_RELEASE,SUCCESS,NORMAL,,,,,,,,,,,,,,,,
2026-07-01 16:00:00,XYZ402,UE88,vonr,PDU_RELEASE,SUCCESS,IMS_TIMEOUT,,,,,,,,,,,,,,,,
2026-07-01 17:00:00,XYZ403,UE89,vonr,PDU_RELEASE,SUCCESS,IMS_TIMEOUT,,,,,,,,,,,,,,,,
2026-07-01 18:00:00,XYZ401,UE90,vonr,SIP_INVITE,DROP,IMS_TIMEOUT,,,,,,,,,,,,,,,,
2026-07-01 19:00:00,XYZ403,UE91,vonr,PDU_RELEASE,SUCCESS,IMS_TIMEOUT,,,,,,,,,,,,,,,,
2026-07-01 20:00:00,XYZ403,UE92,vonr,PDU_RELEASE,DROP,NORMAL,,,,,,,,,,,,,,,,
2026-07-01 21:00:00,XYZ401,UE93,vonr,SIP_INVITE,DROP,NORMAL,,,,,,,,,,,,,,,,
2026-07-01 22:00:00,XYZ403,UE94,vonr,SIP_INVITE,SUCCESS,IMS_TIMEOUT,,,,,,,,,,,,,,,,
2026-07-01 23:00:00,XYZ401,UE95,vonr,SIP_INVITE,DROP,QOS_FLOW_FAIL,,,,,,,,,,,,,,,,
2026-07-01 00:00:00,XYZ403,UE96,vonr,SIP_INVITE,SUCCESS,NORMAL,,,,,,,,,,,,,,,,
2026-07-01 01:00:00,XYZ401,UE97,vonr,SIP_BYE,SUCCESS,NORMAL,,,,,,,,,,,,,,,,
2026-07-01 02:00:00,XYZ402,UE98,vonr,SIP_INVITE,DROP,IMS_TIMEOUT,,,,,,,,,,,,,,,,
2026-07-01 03:00:00,XYZ403,UE99,vonr,SIP_BYE,SUCCESS,IMS_TIMEOUT,,,,,,,,,,,,,,,,
2026-07-01 04:00:00,XYZ403,UE100,vonr,PDU_RELEASE,SUCCESS,IMS_TIMEOUT,,,,,,,,,,,,,,,,
2026-07-01 05:00:00,XYZ401,UE101,vonr,SIP_INVITE,SUCCESS,NORMAL,,,,,,,,,,,,,,,,
2026-07-01 06:00:00,XYZ401,UE102,vonr,PDU_RELEASE,DROP,QOS_FLOW_FAIL,,,,,,,,,,,,,,,,
2026-07-01 07:00:00,XYZ401,UE103,vonr,PDU_RELEASE,SUCCESS,IMS_TIMEOUT,,,,,,,,,,,,,,,,
2026-07-01 08:00:00,XYZ401,UE104,vonr,SIP_INVITE,DROP,QOS_FLOW_FAIL,,,,,,,,,,,,,,,,
2026-07-01 09:00:00,XYZ401,UE105,vonr,PDU_RELEASE,DROP,QOS_FLOW_FAIL,,,,,,,,,,,,,,,,
2026-07-01 10:00:00,XYZ402,UE106,vonr,SIP_BYE,DROP,IMS_TIMEOUT,,,,,,,,,,,,,,,,
2026-07-01 11:00:00,XYZ402,UE107,vonr,SIP_BYE,SUCCESS,QOS_FLOW_FAIL,,,,,,,,,,,,,,,,
2026-07-01 12:00:00,XYZ401,UE108,vonr,PDU_RELEASE,DROP,QOS_FLOW_FAIL,,,,,,,,,,,,,,,,
2026-07-01 13:00:00,XYZ402,UE109,vonr,PDU_RELEASE,SUCCESS,NORMAL,,,,,,,,,,,,,,,,
2026-07-01 14:00:00,XYZ403,UE110,vonr,PDU_RELEASE,DROP,IMS_TIMEOUT,,,,,,,,,,,,,,,,
2026-07-01 15:00:00,XYZ402,UE111,vonr,SIP_BYE,SUCCESS,QOS_FLOW_FAIL,,,,,,,,,,,,,,,,
2026-07-01 16:00:00,XYZ403,UE112,vonr,SIP_BYE,DROP,QOS_FLOW_FAIL,,,,,,,,,,,,,,,,
2026-07-01 17:00:00,XYZ401,UE113,vonr,PDU_RELEASE,SUCCESS,IMS_TIMEOUT,,,,,,,,,,,,,,,,
2026-07-01 18:00:00,XYZ402,UE114,vonr,PDU_RELEASE,DROP,QOS_FLOW_FAIL,,,,,,,,,,,,,,,,
2026-07-01 19:00:00,XYZ401,UE115,vonr,PDU_RELEASE,DROP,NORMAL,,,,,,,,,,,,,,,,
2026-07-01 20:00:00,XYZ401,UE116,vonr,SIP_INVITE,SUCCESS,IMS_TIMEOUT,,,,,,,,,,,,,,,,
2026-07-01 21:00:00,XYZ402,UE117,vonr,PDU_RELEASE,DROP,NORMAL,,,,,,,,,,,,,,,,
2026-07-01 22:00:00,XYZ401,UE118,vonr,SIP_BYE,SUCCESS,IMS_TIMEOUT,,,,,,,,,,,,,,,,
2026-07-01 23:00:00,XYZ402,UE119,vonr,SIP_BYE,SUCCESS,NORMAL,,,,,,,,,,,,,,,,
2026-07-01 00:00:00,XYZ402,UE120,vonr,SIP_BYE,SUCCESS,IMS_TIMEOUT,,,,,,,,,,,,,,,,
2026-07-01 01:00:00,XYZ401,UE121,vonr,SIP_BYE,SUCCESS,NORMAL,,,,,,,,,,,,,,,,
2026-07-01 02:00:00,XYZ403,UE122,vonr,SIP_INVITE,DROP,NORMAL,,,,,,,,,,,,,,,,
2026-07-01 03:00:00,XYZ401,UE123,vonr,SIP_INVITE,SUCCESS,QOS_FLOW_FAIL,,,,,,,,,,,,,,,,
2026-07-01 04:00:00,XYZ402,UE124,vonr,SIP_INVITE,DROP,QOS_FLOW_FAIL,,,,,,,,,,,,,,,,
2026-07-01 05:00:00,XYZ403,UE125,vonr,PDU_RELEASE,SUCCESS,IMS_TIMEOUT,,,,,,,,,,,,,,,,
2026-07-01 06:00:00,XYZ402,UE126,vonr,PDU_RELEASE,SUCCESS,QOS_FLOW_FAIL,,,,,,,,,,,,,,,,
2026-07-01 07:00:00,XYZ403,UE127,vonr,SIP_INVITE,DROP,NORMAL,,,,,,,,,,,,,,,,
2026-07-01 08:00:00,XYZ401,UE128,vonr,SIP_BYE,SUCCESS,NORMAL,,,,,,,,,,,,,,,,
2026-07-01 09:00:00,XYZ401,UE129,vonr,PDU_RELEASE,DROP,QOS_FLOW_FAIL,,,,,,,,,,,,,,,,
2026-07-01 10:00:00,XYZ402,UE130,vonr,SIP_INVITE,DROP,NORMAL,,,,,,,,,,,,,,,,
2026-07-01 11:00:00,XYZ401,UE131,vonr,PDU_RELEASE,SUCCESS,NORMAL,,,,,,,,,,,,,,,,
2026-07-01 12:00:00,XYZ401,UE132,vonr,SIP_BYE,SUCCESS,IMS_TIMEOUT,,,,,,,,,,,,,,,,
2026-07-01 13:00:00,XYZ403,UE133,vonr,SIP_INVITE,DROP,IMS_TIMEOUT,,,,,,,,,,,,,,,,
2026-07-01 14:00:00,XYZ401,UE134,vonr,PDU_RELEASE,SUCCESS,QOS_FLOW_FAIL,,,,,,,,,,,,,,,,
2026-07-01 15:00:00,XYZ401,UE135,vonr,SIP_INVITE,SUCCESS,IMS_TIMEOUT,,,,,,,,,,,,,,,,
2026-07-01 16:00:00,XYZ401,UE136,vonr,SIP_INVITE,DROP,QOS_FLOW_FAIL,,,,,,,,,,,,,,,,
2026-07-01 17:00:00,XYZ401,UE137,vonr,SIP_INVITE,SUCCESS,QOS_FLOW_FAIL,,,,,,,,,,,,,,,,
2026-07-01 18:00:00,XYZ403,UE138,vonr,SIP_BYE,SUCCESS,QOS_FLOW_FAIL,,,,,,,,,,,,,,,,
2026-07-01 19:00:00,XYZ403,UE139,vonr,PDU_RELEASE,SUCCESS,QOS_FLOW_FAIL,,,,,,,,,,,,,,,,
2026-07-01 20:00:00,XYZ401,UE140,vonr,PDU_RELEASE,SUCCESS,QOS_FLOW_FAIL,,,,,,,,,,,,,,,,
2026-07-01 21:00:00,XYZ401,UE141,vonr,SIP_INVITE,DROP,IMS_TIMEOUT,,,,,,,,,,,,,,,,
2026-07-01 22:00:00,XYZ403,UE142,vonr,SIP_INVITE,DROP,QOS_FLOW_FAIL,,,,,,,,,,,,,,,,
2026-07-01 23:00:00,XYZ403,UE143,vonr,SIP_INVITE,SUCCESS,QOS_FLOW_FAIL,,,,,,,,,,,,,,,,
2026-07-01 00:00:00,XYZ403,UE144,vonr,PDU_RELEASE,SUCCESS,QOS_FLOW_FAIL,,,,,,,,,,,,,,,,
2026-07-01 01:00:00,XYZ401,UE145,vonr,SIP_INVITE,DROP,IMS_TIMEOUT,,,,,,,,,,,,,,,,
2026-07-01 02:00:00,XYZ402,UE146,vonr,SIP_BYE,DROP,NORMAL,,,,,,,,,,,,,,,,
2026-07-01 03:00:00,XYZ403,UE147,vonr,PDU_RELEASE,SUCCESS,IMS_TIMEOUT,,,,,,,,,,,,,,,,
2026-07-01 04:00:00,XYZ401,UE148,vonr,SIP_INVITE,SUCCESS,IMS_TIMEOUT,,,,,,,,,,,,,,,,
2026-07-01 05:00:00,XYZ403,UE149,vonr,SIP_INVITE,DROP,IMS_TIMEOUT,,,,,,,,,,,,,,,,
2026-07-01 06:00:00,XYZ403,UE150,vonr,SIP_INVITE,SUCCESS,NORMAL,,,,,,,,,,,,,,,,
2026-07-01 07:00:00,XYZ402,UE151,vonr,PDU_RELEASE,DROP,IMS_TIMEOUT,,,,,,,,,,,,,,,,
2026-07-01 08:00:00,XYZ403,UE152,vonr,SIP_BYE,DROP,NORMAL,,,,,,,,,,,,,,,,
2026-07-01 09:00:00,XYZ402,UE153,vonr,SIP_BYE,SUCCESS,QOS_FLOW_FAIL,,,,,,,,,,,,,,,,
2026-07-01 10:00:00,XYZ401,UE154,vonr,SIP_BYE,SUCCESS,IMS_TIMEOUT,,,,,,,,,,,,,,,,
2026-07-01 11:00:00,XYZ403,UE155,vonr,SIP_INVITE,DROP,NORMAL,,,,,,,,,,,,,,,,
2026-07-01 12:00:00,XYZ402,UE156,vonr,SIP_INVITE,SUCCESS,IMS_TIMEOUT,,,,,,,,,,,,,,,,
2026-07-01 13:00:00,XYZ403,UE157,vonr,SIP_INVITE,DROP,NORMAL,,,,,,,,,,,,,,,,
2026-07-01 14:00:00,XYZ401,UE158,vonr,SIP_INVITE,DROP,IMS_TIMEOUT,,,,,,,,,,,,,,,,
2026-07-01 15:00:00,XYZ403,UE159,vonr,SIP_BYE,DROP,NORMAL,,,,,,,,,,,,,,,,
2026-07-01 16:00:00,XYZ401,UE160,vonr,PDU_RELEASE,SUCCESS,QOS_FLOW_FAIL,,,,,,,,,,,,,,,,
2026-07-01 17:00:00,XYZ403,UE161,vonr,SIP_BYE,SUCCESS,NORMAL,,,,,,,,,,,,,,,,
2026-07-01 18:00:00,XYZ402,UE162,vonr,SIP_BYE,SUCCESS,QOS_FLOW_FAIL,,,,,,,,,,,,,,,,
2026-07-01 19:00:00,XYZ401,UE163,vonr,PDU_RELEASE,SUCCESS,QOS_FLOW_FAIL,,,,,,,,,,,,,,,,
2026-07-01 20:00:00,XYZ402,UE164,vonr,PDU_RELEASE,DROP,QOS_FLOW_FAIL,,,,,,,,,,,,,,,,
2026-07-01 21:00:00,XYZ401,UE165,vonr,PDU_RELEASE,DROP,IMS_TIMEOUT,,,,,,,,,,,,,,,,
2026-07-01 22:00:00,XYZ401,UE166,vonr,PDU_RELEASE,SUCCESS,NORMAL,,,,,,,,,,,,,,,,
2026-07-01 23:00:00,XYZ403,UE167,vonr,SIP_BYE,DROP,NORMAL,,,,,,,,,,,,,,,,
2026-07-01 00:00:00,XYZ403,UE168,vonr,SIP_INVITE,DROP,QOS_FLOW_FAIL,,,,,,,,,,,,,,,,
2026-07-01 01:00:00,XYZ403,UE169,vonr,PDU_RELEASE,SUCCESS,IMS_TIMEOUT,,,,,,,,,,,,,,,,
2026-07-01 02:00:00,XYZ401,UE170,vonr,SIP_BYE,DROP,QOS_FLOW_FAIL,,,,,,,,,,,,,,,,
2026-07-01 03:00:00,XYZ403,UE171,vonr,PDU_RELEASE,SUCCESS,QOS_FLOW_FAIL,,,,,,,,,,,,,,,,
2026-07-01 04:00:00,XYZ403,UE172,vonr,SIP_BYE,SUCCESS,NORMAL,,,,,,,,,,,,,,,,
2026-07-01 05:00:00,XYZ402,UE173,vonr,SIP_BYE,DROP,IMS_TIMEOUT,,,,,,,,,,,,,,,,
2026-07-01 06:00:00,XYZ402,UE174,vonr,SIP_INVITE,DROP,IMS_TIMEOUT,,,,,,,,,,,,,,,,
2026-07-01 07:00:00,XYZ402,UE175,vonr,SIP_BYE,DROP,NORMAL,,,,,,,,,,,,,,,,
2026-07-01 08:00:00,XYZ401,UE176,vonr,SIP_BYE,DROP,NORMAL,,,,,,,,,,,,,,,,
2026-07-01 09:00:00,XYZ403,UE177,vonr,PDU_RELEASE,DROP,QOS_FLOW_FAIL,,,,,,,,,,,,,,,,
2026-07-01 10:00:00,XYZ401,UE178,vonr,PDU_RELEASE,DROP,NORMAL,,,,,,,,,,,,,,,,
2026-07-01 11:00:00,XYZ402,UE179,vonr,SIP_INVITE,DROP,QOS_FLOW_FAIL,,,,,,,,,,,,,,,,
2026-07-01 12:00:00,XYZ403,UE180,vonr,SIP_INVITE,SUCCESS,IMS_TIMEOUT,,,,,,,,,,,,,,,,
2026-07-01 13:00:00,XYZ403,UE181,vonr,SIP_INVITE,SUCCESS,NORMAL,,,,,,,,,,,,,,,,
2026-07-01 14:00:00,XYZ402,UE182,vonr,SIP_BYE,DROP,QOS_FLOW_FAIL,,,,,,,,,,,,,,,,
2026-07-01 15:00:00,XYZ402,UE183,vonr,SIP_INVITE,SUCCESS,QOS_FLOW_FAIL,,,,,,,,,,,,,,,,
2026-07-01 16:00:00,XYZ403,UE184,vonr,SIP_BYE,DROP,NORMAL,,,,,,,,,,,,,,,,
2026-07-01 17:00:00,XYZ403,UE185,vonr,PDU_RELEASE,DROP,IMS_TIMEOUT,,,,,,,,,,,,,,,,
2026-07-01 18:00:00,XYZ403,UE186,vonr,PDU_RELEASE,SUCCESS,IMS_TIMEOUT,,,,,,,,,,,,,,,,
2026-07-01 19:00:00,XYZ401,UE187,vonr,SIP_INVITE,DROP,IMS_TIMEOUT,,,,,,,,,,,,,,,,
2026-07-01 20:00:00,XYZ402,UE188,vonr,SIP_INVITE,SUCCESS,QOS_FLOW_FAIL,,,,,,,,,,,,,,,,
2026-07-01 21:00:00,XYZ402,UE189,vonr,SIP_BYE,SUCCESS,IMS_TIMEOUT,,,,,,,,,,,,,,,,
2026-07-01 22:00:00,XYZ403,UE190,vonr,SIP_INVITE,SUCCESS,IMS_TIMEOUT,,,,,,,,,,,,,,,,
2026-07-01 23:00:00,XYZ401,UE191,vonr,PDU_RELEASE,SUCCESS,IMS_TIMEOUT,,,,,,,,,,,,,,,,
2026-07-01 00:00:00,XYZ402,UE192,vonr,SIP_BYE,DROP,NORMAL,,,,,,,,,,,,,,,,
2026-07-01 01:00:00,XYZ402,UE193,vonr,SIP_INVITE,SUCCESS,IMS_TIMEOUT,,,,,,,,,,,,,,,,
2026-07-01 02:00:00,XYZ402,UE194,vonr,SIP_INVITE,DROP,IMS_TIMEOUT,,,,,,,,,,,,,,,,
2026-07-01 03:00:00,XYZ403,UE195,vonr,SIP_BYE,DROP,IMS_TIMEOUT,,,,,,,,,,,,,,,,
2026-07-01 04:00:00,XYZ401,UE196,vonr,SIP_BYE,DROP,QOS_FLOW_FAIL,,,,,,,,,,,,,,,,
2026-07-01 05:00:00,XYZ403,UE197,vonr,SIP_BYE,SUCCESS,QOS_FLOW_FAIL,,,,,,,,,,,,,,,,
2026-07-01 06:00:00,XYZ402,UE198,vonr,SIP_INVITE,DROP,NORMAL,,,,,,,,,,,,,,,,
2026-07-01 07:00:00,XYZ401,UE199,vonr,PDU_RELEASE,SUCCESS,NORMAL,,,,,,,,,,,,,,,,
2026-07-01 08:00:00,XYZ401,UE200,vonr,SIP_INVITE,SUCCESS,IMS_TIMEOUT,,,,,,,,,,,,,,,,
2026-07-01 09:00:00,XYZ401,UE201,vonr,SIP_BYE,SUCCESS,IMS_TIMEOUT,,,,,,,,,,,,,,,,
2026-07-01 10:00:00,XYZ401,UE202,vonr,SIP_BYE,SUCCESS,IMS_TIMEOUT,,,,,,,,,,,,,,,,
2026-07-01 11:00:00,XYZ403,UE203,vonr,PDU_RELEASE,DROP,IMS_TIMEOUT,,,,,,,,,,,,,,,,
2026-07-01 12:00:00,XYZ401,UE204,vonr,PDU_RELEASE,SUCCESS,IMS_TIMEOUT,,,,,,,,,,,,,,,,
2026-07-01 13:00:00,XYZ403,UE205,vonr,SIP_BYE,SUCCESS,NORMAL,,,,,,,,,,,,,,,,
2026-07-01 14:00:00,XYZ403,UE206,vonr,PDU_RELEASE,SUCCESS,IMS_TIMEOUT,,,,,,,,,,,,,,,,
2026-07-01 15:00:00,XYZ401,UE207,vonr,PDU_RELEASE,SUCCESS,QOS_FLOW_FAIL,,,,,,,,,,,,,,,,
2026-07-01 16:00:00,XYZ402,UE208,vonr,SIP_INVITE,SUCCESS,IMS_TIMEOUT,,,,,,,,,,,,,,,,
2026-07-01 17:00:00,XYZ402,UE209,vonr,SIP_BYE,SUCCESS,QOS_FLOW_FAIL,,,,,,,,,,,,,,,,
2026-07-01 18:00:00,XYZ403,UE210,vonr,SIP_INVITE,DROP,NORMAL,,,,,,,,,,,,,,,,
2026-07-01 19:00:00,XYZ402,UE211,vonr,SIP_BYE,SUCCESS,QOS_FLOW_FAIL,,,,,,,,,,,,,,,,
2026-07-01 20:00:00,XYZ403,UE212,vonr,SIP_BYE,DROP,QOS_FLOW_FAIL,,,,,,,,,,,,,,,,
2026-07-01 21:00:00,XYZ403,UE213,vonr,PDU_RELEASE,SUCCESS,IMS_TIMEOUT,,,,,,,,,,,,,,,,
2026-07-01 22:00:00,XYZ402,UE214,vonr,SIP_BYE,DROP,QOS_FLOW_FAIL,,,,,,,,,,,,,,,,
2026-07-01 23:00:00,XYZ403,UE215,vonr,SIP_INVITE,SUCCESS,NORMAL,,,,,,,,,,,,,,,,
2026-07-01 00:00:00,XYZ403,UE216,vonr,PDU_RELEASE,DROP,IMS_TIMEOUT,,,,,,,,,,,,,,,,
2026-07-01 01:00:00,XYZ403,UE217,vonr,PDU_RELEASE,SUCCESS,IMS_TIMEOUT,,,,,,,,,,,,,,,,
2026-07-01 02:00:00,XYZ401,UE218,vonr,SIP_INVITE,DROP,QOS_FLOW_FAIL,,,,,,,,,,,,,,,,
2026-07-01 03:00:00,XYZ401,UE219,vonr,SIP_INVITE,DROP,QOS_FLOW_FAIL,,,,,,,,,,,,,,,,
2026-07-01 04:00:00,XYZ402,UE220,vonr,SIP_INVITE,SUCCESS,NORMAL,,,,,,,,,,,,,,,,
2026-07-01 05:00:00,XYZ401,UE221,vonr,SIP_INVITE,DROP,NORMAL,,,,,,,,,,,,,,,,
2026-07-01 06:00:00,XYZ402,UE222,vonr,SIP_BYE,DROP,NORMAL,,,,,,,,,,,,,,,,
2026-07-01 07:00:00,XYZ402,UE223,vonr,SIP_BYE,SUCCESS,NORMAL,,,,,,,,,,,,,,,,
2026-07-01 08:00:00,XYZ403,UE224,vonr,SIP_INVITE,SUCCESS,NORMAL,,,,,,,,,,,,,,,,
2026-07-01 09:00:00,XYZ403,UE225,vonr,SIP_INVITE,SUCCESS,IMS_TIMEOUT,,,,,,,,,,,,,,,,
2026-07-01 10:00:00,XYZ402,UE226,vonr,PDU_RELEASE,SUCCESS,QOS_FLOW_FAIL,,,,,,,,,,,,,,,,
2026-07-01 11:00:00,XYZ403,UE227,vonr,SIP_BYE,DROP,IMS_TIMEOUT,,,,,,,,,,,,,,,,
2026-07-01 12:00:00,XYZ401,UE228,vonr,SIP_BYE,DROP,NORMAL,,,,,,,,,,,,,,,,
2026-07-01 13:00:00,XYZ401,UE229,vonr,SIP_BYE,SUCCESS,QOS_FLOW_FAIL,,,,,,,,,,,,,,,,
2026-07-01 14:00:00,XYZ402,UE230,vonr,SIP_INVITE,DROP,NORMAL,,,,,,,,,,,,,,,,
2026-07-01 15:00:00,XYZ403,UE231,vonr,SIP_INVITE,SUCCESS,NORMAL,,,,,,,,,,,,,,,,
2026-07-01 16:00:00,XYZ403,UE232,vonr,PDU_RELEASE,SUCCESS,IMS_TIMEOUT,,,,,,,,,,,,,,,,
2026-07-01 17:00:00,XYZ402,UE233,vonr,PDU_RELEASE,DROP,QOS_FLOW_FAIL,,,,,,,,,,,,,,,,
2026-07-01 18:00:00,XYZ403,UE234,vonr,PDU_RELEASE,SUCCESS,QOS_FLOW_FAIL,,,,,,,,,,,,,,,,
2026-07-01 19:00:00,XYZ403,UE235,vonr,SIP_BYE,SUCCESS,QOS_FLOW_FAIL,,,,,,,,,,,,,,,,
2026-07-01 20:00:00,XYZ402,UE236,vonr,PDU_RELEASE,DROP,QOS_FLOW_FAIL,,,,,,,,,,,,,,,,
2026-07-01 21:00:00,XYZ403,UE237,vonr,PDU_RELEASE,DROP,IMS_TIMEOUT,,,,,,,,,,,,,,,,
2026-07-01 22:00:00,XYZ401,UE238,vonr,SIP_BYE,DROP,QOS_FLOW_FAIL,,,,,,,,,,,,,,,,
2026-07-01 23:00:00,XYZ401,UE239,vonr,SIP_BYE,DROP,QOS_FLOW_FAIL,,,,,,,,,,,,,,,,
2026-07-01 00:00:00,XYZ403,UE240,vonr,SIP_BYE,DROP,IMS_TIMEOUT,,,,,,,,,,,,,,,,
2026-07-01 01:00:00,XYZ402,UE241,vonr,SIP_BYE,DROP,NORMAL,,,,,,,,,,,,,,,,
2026-07-01 02:00:00,XYZ401,UE242,vonr,PDU_RELEASE,DROP,QOS_FLOW_FAIL,,,,,,,,,,,,,,,,
2026-07-01 03:00:00,XYZ403,UE243,vonr,SIP_INVITE,DROP,NORMAL,,,,,,,,,,,,,,,,
2026-07-01 04:00:00,XYZ403,UE244,vonr,SIP_BYE,SUCCESS,QOS_FLOW_FAIL,,,,,,,,,,,,,,,,
2026-07-01 05:00:00,XYZ402,UE245,vonr,SIP_BYE,SUCCESS,NORMAL,,,,,,,,,,,,,,,,
2026-07-01 06:00:00,XYZ402,UE246,vonr,SIP_BYE,DROP,QOS_FLOW_FAIL,,,,,,,,,,,,,,,,
2026-07-01 07:00:00,XYZ401,UE247,vonr,SIP_INVITE,SUCCESS,QOS_FLOW_FAIL,,,,,,,,,,,,,,,,
2026-07-01 08:00:00,XYZ403,UE248,vonr,PDU_RELEASE,SUCCESS,QOS_FLOW_FAIL,,,,,,,,,,,,,,,,
2026-07-01 09:00:00,XYZ402,UE249,vonr,PDU_RELEASE,SUCCESS,QOS_FLOW_FAIL,,,,,,,,,,,,,,,,
2026-07-01 10:00:00,XYZ402,UE250,vonr,SIP_INVITE,DROP,IMS_TIMEOUT,,,,,,,,,,,,,,,,
2026-07-01 11:00:00,XYZ402,UE251,vonr,SIP_BYE,SUCCESS,NORMAL,,,,,,,,,,,,,,,,
2026-07-01 12:00:00,XYZ401,UE252,vonr,PDU_RELEASE,DROP,NORMAL,,,,,,,,,,,,,,,,
2026-07-01 13:00:00,XYZ402,UE253,vonr,SIP_BYE,SUCCESS,QOS_FLOW_FAIL,,,,,,,,,,,,,,,,
2026-07-01 14:00:00,XYZ403,UE254,vonr,SIP_BYE,DROP,NORMAL,,,,,,,,,,,,,,,,
2026-07-01 15:00:00,XYZ402,UE255,vonr,SIP_BYE,DROP,IMS_TIMEOUT,,,,,,,,,,,,,,,,
2026-07-01 16:00:00,XYZ402,UE256,vonr,PDU_RELEASE,SUCCESS,NORMAL,,,,,,,,,,,,,,,,
2026-07-01 17:00:00,XYZ402,UE257,vonr,PDU_RELEASE,DROP,NORMAL,,,,,,,,,,,,,,,,
2026-07-01 18:00:00,XYZ401,UE258,vonr,SIP_BYE,DROP,IMS_TIMEOUT,,,,,,,,,,,,,,,,
2026-07-01 19:00:00,XYZ403,UE259,vonr,SIP_INVITE,DROP,IMS_TIMEOUT,,,,,,,,,,,,,,,,
2026-07-01 20:00:00,XYZ401,UE260,vonr,PDU_RELEASE,DROP,NORMAL,,,,,,,,,,,,,,,,
2026-07-01 21:00:00,XYZ402,UE261,vonr,PDU_RELEASE,DROP,QOS_FLOW_FAIL,,,,,,,,,,,,,,,,
2026-07-01 22:00:00,XYZ403,UE262,vonr,PDU_RELEASE,SUCCESS,QOS_FLOW_FAIL,,,,,,,,,,,,,,,,
2026-07-01 23:00:00,XYZ402,UE263,vonr,SIP_INVITE,DROP,IMS_TIMEOUT,,,,,,,,,,,,,,,,
2026-07-01 00:00:00,XYZ401,UE264,vonr,PDU_RELEASE,SUCCESS,IMS_TIMEOUT,,,,,,,,,,,,,,,,
2026-07-01 01:00:00,XYZ403,UE265,vonr,SIP_INVITE,SUCCESS,IMS_TIMEOUT,,,,,,,,,,,,,,,,
2026-07-01 02:00:00,XYZ402,UE266,vonr,SIP_BYE,SUCCESS,IMS_TIMEOUT,,,,,,,,,,,,,,,,
2026-07-01 03:00:00,XYZ403,UE267,vonr,SIP_INVITE,DROP,NORMAL,,,,,,,,,,,,,,,,
2026-07-01 04:00:00,XYZ402,UE268,vonr,SIP_INVITE,DROP,QOS_FLOW_FAIL,,,,,,,,,,,,,,,,
2026-07-01 05:00:00,XYZ403,UE269,vonr,SIP_INVITE,DROP,NORMAL,,,,,,,,,,,,,,,,
2026-07-01 06:00:00,XYZ401,UE270,vonr,PDU_RELEASE,SUCCESS,IMS_TIMEOUT,,,,,,,,,,,,,,,,
2026-07-01 07:00:00,XYZ402,UE271,vonr,PDU_RELEASE,DROP,IMS_TIMEOUT,,,,,,,,,,,,,,,,
2026-07-01 08:00:00,XYZ402,UE272,vonr,PDU_RELEASE,DROP,IMS_TIMEOUT,,,,,,,,,,,,,,,,
2026-07-01 09:00:00,XYZ401,UE273,vonr,SIP_INVITE,DROP,QOS_FLOW_FAIL,,,,,,,,,,,,,,,,
2026-07-01 10:00:00,XYZ403,UE274,vonr,SIP_BYE,SUCCESS,NORMAL,,,,,,,,,,,,,,,,
2026-07-01 11:00:00,XYZ403,UE275,vonr,SIP_INVITE,DROP,QOS_FLOW_FAIL,,,,,,,,,,,,,,,,
2026-07-01 12:00:00,XYZ402,UE276,vonr,SIP_BYE,SUCCESS,QOS_FLOW_FAIL,,,,,,,,,,,,,,,,
2026-07-01 13:00:00,XYZ403,UE277,vonr,PDU_RELEASE,SUCCESS,IMS_TIMEOUT,,,,,,,,,,,,,,,,
2026-07-01 14:00:00,XYZ403,UE278,vonr,SIP_BYE,SUCCESS,QOS_FLOW_FAIL,,,,,,,,,,,,,,,,
2026-07-01 15:00:00,XYZ403,UE279,vonr,PDU_RELEASE,DROP,QOS_FLOW_FAIL,,,,,,,,,,,,,,,,
2026-07-01 16:00:00,XYZ402,UE280,vonr,PDU_RELEASE,DROP,QOS_FLOW_FAIL,,,,,,,,,,,,,,,,
2026-07-01 17:00:00,XYZ403,UE281,vonr,SIP_BYE,SUCCESS,IMS_TIMEOUT,,,,,,,,,,,,,,,,
2026-07-01 18:00:00,XYZ401,UE282,vonr,SIP_BYE,DROP,IMS_TIMEOUT,,,,,,,,,,,,,,,,
2026-07-01 19:00:00,XYZ403,UE283,vonr,SIP_INVITE,SUCCESS,IMS_TIMEOUT,,,,,,,,,,,,,,,,
2026-07-01 20:00:00,XYZ403,UE284,vonr,PDU_RELEASE,DROP,NORMAL,,,,,,,,,,,,,,,,
2026-07-01 21:00:00,XYZ401,UE285,vonr,SIP_BYE,DROP,IMS_TIMEOUT,,,,,,,,,,,,,,,,
2026-07-01 22:00:00,XYZ401,UE286,vonr,PDU_RELEASE,DROP,IMS_TIMEOUT,,,,,,,,,,,,,,,,
2026-07-01 23:00:00,XYZ403,UE287,vonr,SIP_INVITE,DROP,QOS_FLOW_FAIL,,,,,,,,,,,,,,,,
2026-07-01 00:00:00,XYZ401,UE288,vonr,SIP_BYE,DROP,NORMAL,,,,,,,,,,,,,,,,
2026-07-01 01:00:00,XYZ402,UE289,vonr,PDU_RELEASE,SUCCESS,IMS_TIMEOUT,,,,,,,,,,,,,,,,
2026-07-01 02:00:00,XYZ403,UE290,vonr,PDU_RELEASE,SUCCESS,QOS_FLOW_FAIL,,,,,,,,,,,,,,,,
2026-07-01 03:00:00,XYZ403,UE291,vonr,PDU_RELEASE,SUCCESS,IMS_TIMEOUT,,,,,,,,,,,,,,,,
2026-07-01 04:00:00,XYZ403,UE292,vonr,SIP_BYE,SUCCESS,QOS_FLOW_FAIL,,,,,,,,,,,,,,,,
2026-07-01 05:00:00,XYZ401,UE293,vonr,SIP_INVITE,DROP,NORMAL,,,,,,,,,,,,,,,,
2026-07-01 06:00:00,XYZ403,UE294,vonr,PDU_RELEASE,SUCCESS,QOS_FLOW_FAIL,,,,,,,,,,,,,,,,
2026-07-01 07:00:00,XYZ401,UE295,vonr,SIP_INVITE,DROP,QOS_FLOW_FAIL,,,,,,,,,,,,,,,,
2026-07-01 08:00:00,XYZ401,UE296,vonr,PDU_RELEASE,SUCCESS,NORMAL,,,,,,,,,,,,,,,,
2026-07-01 09:00:00,XYZ401,UE297,vonr,SIP_BYE,SUCCESS,QOS_FLOW_FAIL,,,,,,,,,,,,,,,,
2026-07-01 10:00:00,XYZ403,UE298,vonr,PDU_RELEASE,SUCCESS,QOS_FLOW_FAIL,,,,,,,,,,,,,,,,
2026-07-01 11:00:00,XYZ403,UE299,vonr,SIP_INVITE,DROP,IMS_TIMEOUT,,,,,,,,,,,,,,,,
2026-07-01 12:00:00,XYZ403,UE300,vonr,PDU_RELEASE,DROP,QOS_FLOW_FAIL,,,,,,,,,,,,,,,,
2026-07-01 13:00:00,XYZ402,UE301,vonr,SIP_BYE,SUCCESS,IMS_TIMEOUT,,,,,,,,,,,,,,,,
2026-07-01 14:00:00,XYZ403,UE302,vonr,PDU_RELEASE,SUCCESS,NORMAL,,,,,,,,,,,,,,,,
2026-07-01 15:00:00,XYZ401,UE303,vonr,SIP_INVITE,SUCCESS,QOS_FLOW_FAIL,,,,,,,,,,,,,,,,
2026-07-01 16:00:00,XYZ403,UE304,vonr,SIP_BYE,SUCCESS,IMS_TIMEOUT,,,,,,,,,,,,,,,,
2026-07-01 17:00:00,XYZ402,UE305,vonr,PDU_RELEASE,DROP,QOS_FLOW_FAIL,,,,,,,,,,,,,,,,
2026-07-01 18:00:00,XYZ401,UE306,vonr,SIP_BYE,SUCCESS,IMS_TIMEOUT,,,,,,,,,,,,,,,,
2026-07-01 19:00:00,XYZ401,UE307,vonr,SIP_BYE,SUCCESS,IMS_TIMEOUT,,,,,,,,,,,,,,,,
2026-07-01 20:00:00,XYZ401,UE308,vonr,PDU_RELEASE,SUCCESS,NORMAL,,,,,,,,,,,,,,,,
2026-07-01 21:00:00,XYZ403,UE309,vonr,PDU_RELEASE,SUCCESS,IMS_TIMEOUT,,,,,,,,,,,,,,,,
2026-07-01 22:00:00,XYZ403,UE310,vonr,PDU_RELEASE,SUCCESS,IMS_TIMEOUT,,,,,,,,,,,,,,,,
2026-07-01 23:00:00,XYZ402,UE311,vonr,PDU_RELEASE,SUCCESS,QOS_FLOW_FAIL,,,,,,,,,,,,,,,,
2026-07-01 00:00:00,XYZ401,UE312,vonr,SIP_BYE,DROP,IMS_TIMEOUT,,,,,,,,,,,,,,,,
2026-07-01 01:00:00,XYZ402,UE313,vonr,SIP_BYE,SUCCESS,QOS_FLOW_FAIL,,,,,,,,,,,,,,,,
2026-07-01 02:00:00,XYZ401,UE314,vonr,SIP_INVITE,DROP,QOS_FLOW_FAIL,,,,,,,,,,,,,,,,
2026-07-01 03:00:00,XYZ401,UE315,vonr,SIP_INVITE,SUCCESS,IMS_TIMEOUT,,,,,,,,,,,,,,,,
2026-07-01 04:00:00,XYZ402,UE316,vonr,PDU_RELEASE,DROP,NORMAL,,,,,,,,,,,,,,,,
2026-07-01 05:00:00,XYZ403,UE317,vonr,PDU_RELEASE,SUCCESS,NORMAL,,,,,,,,,,,,,,,,
2026-07-01 06:00:00,XYZ401,UE318,vonr,SIP_INVITE,SUCCESS,QOS_FLOW_FAIL,,,,,,,,,,,,,,,,
2026-07-01 07:00:00,XYZ403,UE319,vonr,SIP_BYE,DROP,QOS_FLOW_FAIL,,,,,,,,,,,,,,,,
2026-07-01 08:00:00,XYZ403,UE320,vonr,SIP_BYE,DROP,IMS_TIMEOUT,,,,,,,,,,,,,,,,
2026-07-01 09:00:00,XYZ401,UE321,vonr,PDU_RELEASE,DROP,NORMAL,,,,,,,,,,,,,,,,
2026-07-01 10:00:00,XYZ402,UE322,vonr,SIP_INVITE,DROP,NORMAL,,,,,,,,,,,,,,,,
2026-07-01 11:00:00,XYZ401,UE323,vonr,PDU_RELEASE,SUCCESS,NORMAL,,,,,,,,,,,,,,,,
2026-07-01 12:00:00,XYZ402,UE324,vonr,SIP_INVITE,SUCCESS,QOS_FLOW_FAIL,,,,,,,,,,,,,,,,
2026-07-01 13:00:00,XYZ403,UE325,vonr,SIP_INVITE,SUCCESS,QOS_FLOW_FAIL,,,,,,,,,,,,,,,,
2026-07-01 14:00:00,XYZ402,UE326,vonr,SIP_INVITE,SUCCESS,IMS_TIMEOUT,,,,,,,,,,,,,,,,
2026-07-01 15:00:00,XYZ403,UE327,vonr,SIP_INVITE,SUCCESS,NORMAL,,,,,,,,,,,,,,,,
2026-07-01 16:00:00,XYZ401,UE328,vonr,SIP_BYE,DROP,IMS_TIMEOUT,,,,,,,,,,,,,,,,
2026-07-01 17:00:00,XYZ403,UE329,vonr,PDU_RELEASE,DROP,NORMAL,,,,,,,,,,,,,,,,
2026-07-01 18:00:00,XYZ401,UE330,vonr,SIP_INVITE,SUCCESS,QOS_FLOW_FAIL,,,,,,,,,,,,,,,,
2026-07-01 19:00:00,XYZ402,UE331,vonr,SIP_INVITE,SUCCESS,QOS_FLOW_FAIL,,,,,,,,,,,,,,,,
2026-07-01 20:00:00,XYZ402,UE332,vonr,SIP_INVITE,SUCCESS,NORMAL,,,,,,,,,,,,,,,,
2026-07-01 21:00:00,XYZ401,UE333,vonr,PDU_RELEASE,SUCCESS,QOS_FLOW_FAIL,,,,,,,,,,,,,,,,
2026-07-01 22:00:00,XYZ403,UE334,vonr,SIP_INVITE,SUCCESS,QOS_FLOW_FAIL,,,,,,,,,,,,,,,,
2026-07-01 23:00:00,XYZ402,UE335,vonr,PDU_RELEASE,SUCCESS,QOS_FLOW_FAIL,,,,,,,,,,,,,,,,
2026-07-01 00:00:00,XYZ402,UE336,vonr,SIP_INVITE,DROP,NORMAL,,,,,,,,,,,,,,,,
2026-07-01 01:00:00,XYZ402,UE337,vonr,PDU_RELEASE,DROP,NORMAL,,,,,,,,,,,,,,,,
2026-07-01 02:00:00,XYZ403,UE338,vonr,SIP_INVITE,SUCCESS,QOS_FLOW_FAIL,,,,,,,,,,,,,,,,
2026-07-01 03:00:00,XYZ401,UE339,vonr,PDU_RELEASE,SUCCESS,QOS_FLOW_FAIL,,,,,,,,,,,,,,,,
2026-07-01 04:00:00,XYZ403,UE340,vonr,PDU_RELEASE,DROP,QOS_FLOW_FAIL,,,,,,,,,,,,,,,,
2026-07-01 05:00:00,XYZ402,UE341,vonr,SIP_BYE,DROP,IMS_TIMEOUT,,,,,,,,,,,,,,,,
2026-07-01 06:00:00,XYZ403,UE342,vonr,SIP_INVITE,SUCCESS,IMS_TIMEOUT,,,,,,,,,,,,,,,,
2026-07-01 07:00:00,XYZ401,UE343,vonr,SIP_INVITE,SUCCESS,IMS_TIMEOUT,,,,,,,,,,,,,,,,
2026-07-01 08:00:00,XYZ401,UE344,vonr,SIP_INVITE,SUCCESS,NORMAL,,,,,,,,,,,,,,,,
2026-07-01 09:00:00,XYZ403,UE345,vonr,SIP_INVITE,DROP,NORMAL,,,,,,,,,,,,,,,,
2026-07-01 10:00:00,XYZ402,UE346,vonr,PDU_RELEASE,DROP,QOS_FLOW_FAIL,,,,,,,,,,,,,,,,
2026-07-01 11:00:00,XYZ403,UE347,vonr,SIP_INVITE,DROP,IMS_TIMEOUT,,,,,,,,,,,,,,,,
2026-07-01 12:00:00,XYZ402,UE348,vonr,SIP_INVITE,SUCCESS,IMS_TIMEOUT,,,,,,,,,,,,,,,,
2026-07-01 13:00:00,XYZ403,UE349,vonr,SIP_BYE,DROP,NORMAL,,,,,,,,,,,,,,,,
2026-07-01 14:00:00,XYZ403,UE350,vonr,SIP_BYE,DROP,NORMAL,,,,,,,,,,,,,,,,
2026-07-01 15:00:00,XYZ403,UE351,vonr,SIP_INVITE,SUCCESS,QOS_FLOW_FAIL,,,,,,,,,,,,,,,,
2026-07-01 16:00:00,XYZ402,UE352,vonr,SIP_INVITE,SUCCESS,QOS_FLOW_FAIL,,,,,,,,,,,,,,,,
2026-07-01 17:00:00,XYZ401,UE353,vonr,SIP_BYE,DROP,QOS_FLOW_FAIL,,,,,,,,,,,,,,,,
2026-07-01 18:00:00,XYZ402,UE354,vonr,PDU_RELEASE,SUCCESS,QOS_FLOW_FAIL,,,,,,,,,,,,,,,,
2026-07-01 19:00:00,XYZ403,UE355,vonr,SIP_INVITE,DROP,QOS_FLOW_FAIL,,,,,,,,,,,,,,,,
2026-07-01 20:00:00,XYZ402,UE356,vonr,SIP_INVITE,SUCCESS,QOS_FLOW_FAIL,,,,,,,,,,,,,,,,
2026-07-01 21:00:00,XYZ401,UE357,vonr,SIP_BYE,SUCCESS,QOS_FLOW_FAIL,,,,,,,,,,,,,,,,
2026-07-01 22:00:00,XYZ403,UE358,vonr,PDU_RELEASE,SUCCESS,QOS_FLOW_FAIL,,,,,,,,,,,,,,,,
2026-07-01 23:00:00,XYZ403,UE359,vonr,SIP_INVITE,DROP,QOS_FLOW_FAIL,,,,,,,,,,,,,,,,
2026-07-01 00:00:00,XYZ401,UE360,vonr,SIP_INVITE,SUCCESS,IMS_TIMEOUT,,,,,,,,,,,,,,,,
2026-07-01 01:00:00,XYZ401,UE361,vonr,PDU_RELEASE,SUCCESS,QOS_FLOW_FAIL,,,,,,,,,,,,,,,,
2026-07-01 02:00:00,XYZ403,UE362,vonr,PDU_RELEASE,DROP,QOS_FLOW_FAIL,,,,,,,,,,,,,,,,
2026-07-01 03:00:00,XYZ402,UE363,vonr,SIP_BYE,DROP,IMS_TIMEOUT,,,,,,,,,,,,,,,,
2026-07-01 04:00:00,XYZ401,UE364,vonr,SIP_INVITE,DROP,IMS_TIMEOUT,,,,,,,,,,,,,,,,
2026-07-01 05:00:00,XYZ403,UE365,vonr,SIP_BYE,SUCCESS,NORMAL,,,,,,,,,,,,,,,,
2026-07-01 06:00:00,XYZ401,UE366,vonr,PDU_RELEASE,DROP,QOS_FLOW_FAIL,,,,,,,,,,,,,,,,
2026-07-01 07:00:00,XYZ401,UE367,vonr,SIP_BYE,DROP,QOS_FLOW_FAIL,,,,,,,,,,,,,,,,
2026-07-01 08:00:00,XYZ403,UE368,vonr,SIP_INVITE,SUCCESS,QOS_FLOW_FAIL,,,,,,,,,,,,,,,,
2026-07-01 09:00:00,XYZ403,UE369,vonr,PDU_RELEASE,DROP,IMS_TIMEOUT,,,,,,,,,,,,,,,,
2026-07-01 10:00:00,XYZ401,UE370,vonr,SIP_BYE,SUCCESS,QOS_FLOW_FAIL,,,,,,,,,,,,,,,,
2026-07-01 11:00:00,XYZ402,UE371,vonr,PDU_RELEASE,SUCCESS,NORMAL,,,,,,,,,,,,,,,,
2026-07-01 12:00:00,XYZ402,UE372,vonr,SIP_INVITE,SUCCESS,NORMAL,,,,,,,,,,,,,,,,
2026-07-01 13:00:00,XYZ401,UE373,vonr,SIP_BYE,SUCCESS,IMS_TIMEOUT,,,,,,,,,,,,,,,,
2026-07-01 14:00:00,XYZ403,UE374,vonr,SIP_BYE,SUCCESS,IMS_TIMEOUT,,,,,,,,,,,,,,,,
2026-07-01 15:00:00,XYZ403,UE375,vonr,PDU_RELEASE,SUCCESS,IMS_TIMEOUT,,,,,,,,,,,,,,,,
2026-07-01 16:00:00,XYZ402,UE376,vonr,SIP_INVITE,SUCCESS,IMS_TIMEOUT,,,,,,,,,,,,,,,,
2026-07-01 17:00:00,XYZ403,UE377,vonr,SIP_BYE,DROP,IMS_TIMEOUT,,,,,,,,,,,,,,,,
2026-07-01 18:00:00,XYZ403,UE378,vonr,PDU_RELEASE,DROP,IMS_TIMEOUT,,,,,,,,,,,,,,,,
2026-07-01 19:00:00,XYZ401,UE379,vonr,SIP_BYE,SUCCESS,NORMAL,,,,,,,,,,,,,,,,
2026-07-01 20:00:00,XYZ402,UE380,vonr,SIP_BYE,DROP,NORMAL,,,,,,,,,,,,,,,,
2026-07-01 21:00:00,XYZ402,UE381,vonr,SIP_BYE,SUCCESS,IMS_TIMEOUT,,,,,,,,,,,,,,,,
2026-07-01 22:00:00,XYZ402,UE382,vonr,SIP_INVITE,SUCCESS,IMS_TIMEOUT,,,,,,,,,,,,,,,,
2026-07-01 23:00:00,XYZ403,UE383,vonr,SIP_BYE,DROP,QOS_FLOW_FAIL,,,,,,,,,,,,,,,,
2026-07-01 00:00:00,XYZ402,UE384,vonr,PDU_RELEASE,SUCCESS,IMS_TIMEOUT,,,,,,,,,,,,,,,,
2026-07-01 01:00:00,XYZ402,UE385,vonr,SIP_BYE,SUCCESS,NORMAL,,,,,,,,,,,,,,,,
2026-07-01 02:00:00,XYZ401,UE386,vonr,SIP_INVITE,DROP,NORMAL,,,,,,,,,,,,,,,,
2026-07-01 03:00:00,XYZ402,UE387,vonr,PDU_RELEASE,DROP,NORMAL,,,,,,,,,,,,,,,,
2026-07-01 04:00:00,XYZ403,UE388,vonr,SIP_INVITE,SUCCESS,NORMAL,,,,,,,,,,,,,,,,
2026-07-01 05:00:00,XYZ403,UE389,vonr,SIP_BYE,DROP,IMS_TIMEOUT,,,,,,,,,,,,,,,,
2026-07-01 06:00:00,XYZ401,UE390,vonr,SIP_INVITE,DROP,QOS_FLOW_FAIL,,,,,,,,,,,,,,,,
2026-07-01 07:00:00,XYZ403,UE391,vonr,PDU_RELEASE,DROP,IMS_TIMEOUT,,,,,,,,,,,,,,,,
2026-07-01 08:00:00,XYZ403,UE392,vonr,SIP_BYE,SUCCESS,QOS_FLOW_FAIL,,,,,,,,,,,,,,,,
2026-07-01 09:00:00,XYZ403,UE393,vonr,SIP_INVITE,DROP,QOS_FLOW_FAIL,,,,,,,,,,,,,,,,
2026-07-01 10:00:00,XYZ401,UE394,vonr,PDU_RELEASE,DROP,NORMAL,,,,,,,,,,,,,,,,
2026-07-01 11:00:00,XYZ403,UE395,vonr,PDU_RELEASE,SUCCESS,QOS_FLOW_FAIL,,,,,,,,,,,,,,,,
2026-07-01 12:00:00,XYZ401,UE396,vonr,PDU_RELEASE,SUCCESS,IMS_TIMEOUT,,,,,,,,,,,,,,,,
2026-07-01 13:00:00,XYZ401,UE397,vonr,SIP_BYE,DROP,IMS_TIMEOUT,,,,,,,,,,,,,,,,
2026-07-01 14:00:00,XYZ403,UE398,vonr,PDU_RELEASE,SUCCESS,NORMAL,,,,,,,,,,,,,,,,
2026-07-01 15:00:00,XYZ403,UE399,vonr,PDU_RELEASE,DROP,NORMAL,,,,,,,,,,,,,,,,
2026-07-01 16:00:00,XYZ402,UE400,vonr,SIP_BYE,DROP,IMS_TIMEOUT,,,,,,,,,,,,,,,,
2026-07-01 17:00:00,XYZ401,UE401,vonr,SIP_BYE,DROP,IMS_TIMEOUT,,,,,,,,,,,,,,,,
2026-07-01 18:00:00,XYZ403,UE402,vonr,SIP_INVITE,SUCCESS,QOS_FLOW_FAIL,,,,,,,,,,,,,,,,
2026-07-01 19:00:00,XYZ402,UE403,vonr,SIP_BYE,SUCCESS,NORMAL,,,,,,,,,,,,,,,,
2026-07-01 20:00:00,XYZ403,UE404,vonr,SIP_INVITE,DROP,QOS_FLOW_FAIL,,,,,,,,,,,,,,,,
2026-07-01 21:00:00,XYZ402,UE405,vonr,PDU_RELEASE,SUCCESS,NORMAL,,,,,,,,,,,,,,,,
2026-07-01 22:00:00,XYZ403,UE406,vonr,SIP_INVITE,SUCCESS,IMS_TIMEOUT,,,,,,,,,,,,,,,,
2026-07-01 23:00:00,XYZ401,UE407,vonr,SIP_BYE,DROP,IMS_TIMEOUT,,,,,,,,,,,,,,,,
2026-07-01 00:00:00,XYZ402,UE408,vonr,SIP_BYE,SUCCESS,QOS_FLOW_FAIL,,,,,,,,,,,,,,,,
2026-07-01 01:00:00,XYZ401,UE409,vonr,PDU_RELEASE,SUCCESS,QOS_FLOW_FAIL,,,,,,,,,,,,,,,,
2026-07-01 02:00:00,XYZ401,UE410,vonr,SIP_INVITE,DROP,IMS_TIMEOUT,,,,,,,,,,,,,,,,
2026-07-01 03:00:00,XYZ403,UE411,vonr,SIP_BYE,DROP,IMS_TIMEOUT,,,,,,,,,,,,,,,,
2026-07-01 04:00:00,XYZ403,UE412,vonr,SIP_BYE,DROP,NORMAL,,,,,,,,,,,,,,,,
2026-07-01 05:00:00,XYZ403,UE413,vonr,SIP_INVITE,DROP,IMS_TIMEOUT,,,,,,,,,,,,,,,,
2026-07-01 06:00:00,XYZ402,UE414,vonr,SIP_BYE,DROP,NORMAL,,,,,,,,,,,,,,,,
2026-07-01 07:00:00,XYZ402,UE415,vonr,PDU_RELEASE,SUCCESS,QOS_FLOW_FAIL,,,,,,,,,,,,,,,,
2026-07-01 08:00:00,XYZ401,UE416,vonr,SIP_INVITE,SUCCESS,IMS_TIMEOUT,,,,,,,,,,,,,,,,
2026-07-01 09:00:00,XYZ401,UE417,vonr,SIP_INVITE,SUCCESS,IMS_TIMEOUT,,,,,,,,,,,,,,,,
2026-07-01 10:00:00,XYZ403,UE418,vonr,PDU_RELEASE,SUCCESS,QOS_FLOW_FAIL,,,,,,,,,,,,,,,,
2026-07-01 11:00:00,XYZ401,UE419,vonr,SIP_INVITE,SUCCESS,NORMAL,,,,,,,,,,,,,,,,
2026-07-01 12:00:00,XYZ402,UE420,vonr,PDU_RELEASE,DROP,IMS_TIMEOUT,,,,,,,,,,,,,,,,
2026-07-01 13:00:00,XYZ403,UE421,vonr,SIP_BYE,SUCCESS,QOS_FLOW_FAIL,,,,,,,,,,,,,,,,
2026-07-01 14:00:00,XYZ403,UE422,vonr,PDU_RELEASE,DROP,NORMAL,,,,,,,,,,,,,,,,
2026-07-01 15:00:00,XYZ401,UE423,vonr,SIP_BYE,SUCCESS,IMS_TIMEOUT,,,,,,,,,,,,,,,,
2026-07-01 16:00:00,XYZ403,UE424,vonr,SIP_INVITE,DROP,NORMAL,,,,,,,,,,,,,,,,
2026-07-01 17:00:00,XYZ402,UE425,vonr,SIP_INVITE,SUCCESS,NORMAL,,,,,,,,,,,,,,,,
2026-07-01 18:00:00,XYZ401,UE426,vonr,SIP_INVITE,DROP,QOS_FLOW_FAIL,,,,,,,,,,,,,,,,
2026-07-01 19:00:00,XYZ401,UE427,vonr,PDU_RELEASE,DROP,NORMAL,,,,,,,,,,,,,,,,
2026-07-01 20:00:00,XYZ401,UE428,vonr,PDU_RELEASE,SUCCESS,NORMAL,,,,,,,,,,,,,,,,
2026-07-01 21:00:00,XYZ401,UE429,vonr,SIP_INVITE,SUCCESS,NORMAL,,,,,,,,,,,,,,,,
2026-07-01 22:00:00,XYZ402,UE430,vonr,PDU_RELEASE,SUCCESS,QOS_FLOW_FAIL,,,,,,,,,,,,,,,,
2026-07-01 23:00:00,XYZ402,UE431,vonr,SIP_INVITE,SUCCESS,IMS_TIMEOUT,,,,,,,,,,,,,,,,
2026-07-01 00:00:00,XYZ403,UE432,vonr,PDU_RELEASE,SUCCESS,NORMAL,,,,,,,,,,,,,,,,
2026-07-01 01:00:00,XYZ403,UE433,vonr,SIP_BYE,SUCCESS,IMS_TIMEOUT,,,,,,,,,,,,,,,,
2026-07-01 02:00:00,XYZ401,UE434,vonr,SIP_BYE,SUCCESS,NORMAL,,,,,,,,,,,,,,,,
2026-07-01 03:00:00,XYZ403,UE435,vonr,PDU_RELEASE,SUCCESS,NORMAL,,,,,,,,,,,,,,,,
2026-07-01 04:00:00,XYZ402,UE436,vonr,PDU_RELEASE,DROP,NORMAL,,,,,,,,,,,,,,,,
2026-07-01 05:00:00,XYZ401,UE437,vonr,PDU_RELEASE,DROP,IMS_TIMEOUT,,,,,,,,,,,,,,,,
2026-07-01 06:00:00,XYZ403,UE438,vonr,PDU_RELEASE,SUCCESS,IMS_TIMEOUT,,,,,,,,,,,,,,,,
2026-07-01 07:00:00,XYZ402,UE439,vonr,SIP_INVITE,SUCCESS,NORMAL,,,,,,,,,,,,,,,,
2026-07-01 08:00:00,XYZ403,UE440,vonr,SIP_BYE,SUCCESS,NORMAL,,,,,,,,,,,,,,,,
2026-07-01 09:00:00,XYZ401,UE441,vonr,SIP_INVITE,SUCCESS,QOS_FLOW_FAIL,,,,,,,,,,,,,,,,
2026-07-01 10:00:00,XYZ402,UE442,vonr,SIP_BYE,SUCCESS,IMS_TIMEOUT,,,,,,,,,,,,,,,,
2026-07-01 11:00:00,XYZ403,UE443,vonr,PDU_RELEASE,DROP,IMS_TIMEOUT,,,,,,,,,,,,,,,,
2026-07-01 12:00:00,XYZ401,UE444,vonr,SIP_BYE,DROP,QOS_FLOW_FAIL,,,,,,,,,,,,,,,,
2026-07-01 13:00:00,XYZ402,UE445,vonr,PDU_RELEASE,SUCCESS,QOS_FLOW_FAIL,,,,,,,,,,,,,,,,
2026-07-01 14:00:00,XYZ403,UE446,vonr,PDU_RELEASE,DROP,IMS_TIMEOUT,,,,,,,,,,,,,,,,
2026-07-01 15:00:00,XYZ401,UE447,vonr,PDU_RELEASE,DROP,NORMAL,,,,,,,,,,,,,,,,
2026-07-01 16:00:00,XYZ403,UE448,vonr,SIP_BYE,DROP,NORMAL,,,,,,,,,,,,,,,,
2026-07-01 17:00:00,XYZ401,UE449,vonr,PDU_RELEASE,DROP,QOS_FLOW_FAIL,,,,,,,,,,,,,,,,
2026-07-01 18:00:00,XYZ401,UE450,vonr,SIP_BYE,SUCCESS,NORMAL,,,,,,,,,,,,,,,,
2026-07-01 19:00:00,XYZ403,UE451,vonr,SIP_INVITE,DROP,QOS_FLOW_FAIL,,,,,,,,,,,,,,,,
2026-07-01 20:00:00,XYZ401,UE452,vonr,PDU_RELEASE,SUCCESS,QOS_FLOW_FAIL,,,,,,,,,,,,,,,,
2026-07-01 21:00:00,XYZ402,UE453,vonr,SIP_INVITE,DROP,NORMAL,,,,,,,,,,,,,,,,
2026-07-01 22:00:00,XYZ402,UE454,vonr,SIP_INVITE,SUCCESS,QOS_FLOW_FAIL,,,,,,,,,,,,,,,,
2026-07-01 23:00:00,XYZ402,UE455,vonr,PDU_RELEASE,SUCCESS,NORMAL,,,,,,,,,,,,,,,,
2026-07-01 00:00:00,XYZ401,UE456,vonr,PDU_RELEASE,DROP,QOS_FLOW_FAIL,,,,,,,,,,,,,,,,
2026-07-01 01:00:00,XYZ401,UE457,vonr,PDU_RELEASE,SUCCESS,IMS_TIMEOUT,,,,,,,,,,,,,,,,
2026-07-01 02:00:00,XYZ403,UE458,vonr,SIP_BYE,DROP,NORMAL,,,,,,,,,,,,,,,,
2026-07-01 03:00:00,XYZ403,UE459,vonr,SIP_INVITE,SUCCESS,QOS_FLOW_FAIL,,,,,,,,,,,,,,,,
2026-07-01 04:00:00,XYZ401,UE460,vonr,PDU_RELEASE,SUCCESS,NORMAL,,,,,,,,,,,,,,,,
2026-07-01 05:00:00,XYZ401,UE461,vonr,SIP_BYE,DROP,QOS_FLOW_FAIL,,,,,,,,,,,,,,,,
2026-07-01 06:00:00,XYZ402,UE462,vonr,PDU_RELEASE,DROP,QOS_FLOW_FAIL,,,,,,,,,,,,,,,,
2026-07-01 07:00:00,XYZ401,UE463,vonr,PDU_RELEASE,SUCCESS,NORMAL,,,,,,,,,,,,,,,,
2026-07-01 08:00:00,XYZ403,UE464,vonr,SIP_INVITE,DROP,IMS_TIMEOUT,,,,,,,,,,,,,,,,
2026-07-01 09:00:00,XYZ401,UE465,vonr,SIP_BYE,DROP,QOS_FLOW_FAIL,,,,,,,,,,,,,,,,
2026-07-01 10:00:00,XYZ401,UE466,vonr,SIP_INVITE,SUCCESS,NORMAL,,,,,,,,,,,,,,,,
2026-07-01 11:00:00,XYZ401,UE467,vonr,SIP_BYE,SUCCESS,QOS_FLOW_FAIL,,,,,,,,,,,,,,,,
2026-07-01 12:00:00,XYZ403,UE468,vonr,SIP_INVITE,SUCCESS,NORMAL,,,,,,,,,,,,,,,,
2026-07-01 13:00:00,XYZ403,UE469,vonr,SIP_BYE,DROP,QOS_FLOW_FAIL,,,,,,,,,,,,,,,,
2026-07-01 14:00:00,XYZ401,UE470,vonr,SIP_BYE,SUCCESS,QOS_FLOW_FAIL,,,,,,,,,,,,,,,,
2026-07-01 15:00:00,XYZ401,UE471,vonr,SIP_INVITE,DROP,IMS_TIMEOUT,,,,,,,,,,,,,,,,
2026-07-01 16:00:00,XYZ401,UE472,vonr,PDU_RELEASE,DROP,NORMAL,,,,,,,,,,,,,,,,
2026-07-01 17:00:00,XYZ403,UE473,vonr,SIP_BYE,SUCCESS,QOS_FLOW_FAIL,,,,,,,,,,,,,,,,
2026-07-01 18:00:00,XYZ402,UE474,vonr,PDU_RELEASE,DROP,QOS_FLOW_FAIL,,,,,,,,,,,,,,,,
2026-07-01 19:00:00,XYZ402,UE475,vonr,PDU_RELEASE,SUCCESS,NORMAL,,,,,,,,,,,,,,,,
2026-07-01 20:00:00,XYZ401,UE476,vonr,PDU_RELEASE,SUCCESS,IMS_TIMEOUT,,,,,,,,,,,,,,,,
2026-07-01 21:00:00,XYZ402,UE477,vonr,SIP_BYE,DROP,QOS_FLOW_FAIL,,,,,,,,,,,,,,,,
2026-07-01 22:00:00,XYZ401,UE478,vonr,SIP_BYE,DROP,IMS_TIMEOUT,,,,,,,,,,,,,,,,
2026-07-01 23:00:00,XYZ401,UE479,vonr,PDU_RELEASE,DROP,NORMAL,,,,,,,,,,,,,,,,
2026-07-01 00:00:00,XYZ403,UE480,vonr,SIP_INVITE,DROP,QOS_FLOW_FAIL,,,,,,,,,,,,,,,,
2026-07-01 01:00:00,XYZ401,UE481,vonr,SIP_BYE,DROP,QOS_FLOW_FAIL,,,,,,,,,,,,,,,,
2026-07-01 02:00:00,XYZ403,UE482,vonr,SIP_INVITE,DROP,IMS_TIMEOUT,,,,,,,,,,,,,,,,
2026-07-01 03:00:00,XYZ401,UE483,vonr,PDU_RELEASE,SUCCESS,NORMAL,,,,,,,,,,,,,,,,
2026-07-01 04:00:00,XYZ401,UE484,vonr,SIP_BYE,SUCCESS,IMS_TIMEOUT,,,,,,,,,,,,,,,,
2026-07-01 05:00:00,XYZ401,UE485,vonr,SIP_INVITE,SUCCESS,QOS_FLOW_FAIL,,,,,,,,,,,,,,,,
2026-07-01 06:00:00,XYZ402,UE486,vonr,SIP_INVITE,SUCCESS,NORMAL,,,,,,,,,,,,,,,,
2026-07-01 07:00:00,XYZ401,UE487,vonr,PDU_RELEASE,SUCCESS,QOS_FLOW_FAIL,,,,,,,,,,,,,,,,
2026-07-01 08:00:00,XYZ401,UE488,vonr,SIP_BYE,SUCCESS,IMS_TIMEOUT,,,,,,,,,,,,,,,,
2026-07-01 09:00:00,XYZ401,UE489,vonr,SIP_INVITE,DROP,QOS_FLOW_FAIL,,,,,,,,,,,,,,,,
2026-07-01 10:00:00,XYZ403,UE490,vonr,PDU_RELEASE,DROP,NORMAL,,,,,,,,,,,,,,,,
2026-07-01 11:00:00,XYZ403,UE491,vonr,SIP_INVITE,DROP,NORMAL,,,,,,,,,,,,,,,,
2026-07-01 12:00:00,XYZ402,UE492,vonr,SIP_BYE,SUCCESS,IMS_TIMEOUT,,,,,,,,,,,,,,,,
2026-07-01 13:00:00,XYZ403,UE493,vonr,SIP_INVITE,SUCCESS,NORMAL,,,,,,,,,,,,,,,,
2026-07-01 14:00:00,XYZ401,UE494,vonr,PDU_RELEASE,SUCCESS,NORMAL,,,,,,,,,,,,,,,,
2026-07-01 15:00:00,XYZ403,UE495,vonr,SIP_INVITE,SUCCESS,QOS_FLOW_FAIL,,,,,,,,,,,,,,,,
2026-07-01 16:00:00,XYZ402,UE496,vonr,SIP_INVITE,SUCCESS,NORMAL,,,,,,,,,,,,,,,,
2026-07-01 17:00:00,XYZ403,UE497,vonr,PDU_RELEASE,DROP,QOS_FLOW_FAIL,,,,,,,,,,,,,,,,
2026-07-01 18:00:00,XYZ401,UE498,vonr,SIP_BYE,SUCCESS,QOS_FLOW_FAIL,,,,,,,,,,,,,,,,
2026-07-01 19:00:00,XYZ401,UE499,vonr,SIP_BYE,DROP,QOS_FLOW_FAIL,,,,,,,,,,,,,,,,
2026-07-01 00:00:00,XYZ402,,anr,PCI_CONFLICT,FAIL,,,,,,,,,,,,,,ANR event,,,
2026-07-01 01:00:00,XYZ401,,anr,PCI_CONFLICT,FAIL,,,,,,,,,,,,,,ANR event,,,
2026-07-01 02:00:00,XYZ401,,anr,MISSING_NEIGHBOR,FAIL,,,,,,,,,,,,,,ANR event,,,
2026-07-01 03:00:00,XYZ402,,anr,PCI_CONFLICT,FAIL,,,,,,,,,,,,,,ANR event,,,
2026-07-01 04:00:00,XYZ402,,anr,ANR_ADD_FAIL,FAIL,,,,,,,,,,,,,,ANR event,,,
2026-07-01 05:00:00,XYZ401,,anr,ANR_ADD_FAIL,FAIL,,,,,,,,,,,,,,ANR event,,,
2026-07-01 06:00:00,XYZ401,,anr,PCI_CONFLICT,FAIL,,,,,,,,,,,,,,ANR event,,,
2026-07-01 07:00:00,XYZ402,,anr,ANR_ADD_FAIL,FAIL,,,,,,,,,,,,,,ANR event,,,
2026-07-01 08:00:00,XYZ401,,anr,ANR_ADD_FAIL,FAIL,,,,,,,,,,,,,,ANR event,,,
2026-07-01 09:00:00,XYZ402,,anr,MISSING_NEIGHBOR,FAIL,,,,,,,,,,,,,,ANR event,,,
2026-07-01 10:00:00,XYZ401,,anr,PCI_CONFLICT,FAIL,,,,,,,,,,,,,,ANR event,,,
2026-07-01 11:00:00,XYZ403,,anr,PCI_CONFLICT,FAIL,,,,,,,,,,,,,,ANR event,,,
2026-07-01 12:00:00,XYZ402,,anr,PCI_CONFLICT,FAIL,,,,,,,,,,,,,,ANR event,,,
2026-07-01 13:00:00,XYZ403,,anr,PCI_CONFLICT,FAIL,,,,,,,,,,,,,,ANR event,,,
2026-07-01 14:00:00,XYZ401,,anr,PCI_CONFLICT,FAIL,,,,,,,,,,,,,,ANR event,,,
2026-07-01 15:00:00,XYZ403,,anr,PCI_CONFLICT,FAIL,,,,,,,,,,,,,,ANR event,,,
2026-07-01 16:00:00,XYZ402,,anr,ANR_ADD_FAIL,FAIL,,,,,,,,,,,,,,ANR event,,,
2026-07-01 17:00:00,XYZ403,,anr,MISSING_NEIGHBOR,FAIL,,,,,,,,,,,,,,ANR event,,,
2026-07-01 18:00:00,XYZ401,,anr,MISSING_NEIGHBOR,FAIL,,,,,,,,,,,,,,ANR event,,,
2026-07-01 19:00:00,XYZ401,,anr,MISSING_NEIGHBOR,FAIL,,,,,,,,,,,,,,ANR event,,,
2026-07-01 20:00:00,XYZ403,,anr,PCI_CONFLICT,FAIL,,,,,,,,,,,,,,ANR event,,,
2026-07-01 21:00:00,XYZ401,,anr,PCI_CONFLICT,FAIL,,,,,,,,,,,,,,ANR event,,,
2026-07-01 22:00:00,XYZ402,,anr,ANR_ADD_FAIL,FAIL,,,,,,,,,,,,,,ANR event,,,
2026-07-01 23:00:00,XYZ403,,anr,ANR_ADD_FAIL,FAIL,,,,,,,,,,,,,,ANR event,,,
2026-07-01 00:00:00,XYZ403,,anr,ANR_ADD_FAIL,FAIL,,,,,,,,,,,,,,ANR event,,,
2026-07-01 01:00:00,XYZ401,,anr,ANR_ADD_FAIL,FAIL,,,,,,,,,,,,,,ANR event,,,
2026-07-01 02:00:00,XYZ402,,anr,ANR_ADD_FAIL,FAIL,,,,,,,,,,,,,,ANR event,,,
2026-07-01 03:00:00,XYZ402,,anr,ANR_ADD_FAIL,FAIL,,,,,,,,,,,,,,ANR event,,,
2026-07-01 04:00:00,XYZ403,,anr,ANR_ADD_FAIL,FAIL,,,,,,,,,,,,,,ANR event,,,
2026-07-01 05:00:00,XYZ401,,anr,ANR_ADD_FAIL,FAIL,,,,,,,,,,,,,,ANR event,,,
2026-07-01 06:00:00,XYZ403,,anr,PCI_CONFLICT,FAIL,,,,,,,,,,,,,,ANR event,,,
2026-07-01 07:00:00,XYZ402,,anr,ANR_ADD_FAIL,FAIL,,,,,,,,,,,,,,ANR event,,,
2026-07-01 08:00:00,XYZ402,,anr,MISSING_NEIGHBOR,FAIL,,,,,,,,,,,,,,ANR event,,,
2026-07-01 09:00:00,XYZ402,,anr,ANR_ADD_FAIL,FAIL,,,,,,,,,,,,,,ANR event,,,
2026-07-01 10:00:00,XYZ402,,anr,MISSING_NEIGHBOR,FAIL,,,,,,,,,,,,,,ANR event,,,
2026-07-01 11:00:00,XYZ403,,anr,ANR_ADD_FAIL,FAIL,,,,,,,,,,,,,,ANR event,,,
2026-07-01 12:00:00,XYZ402,,anr,ANR_ADD_FAIL,FAIL,,,,,,,,,,,,,,ANR event,,,
2026-07-01 13:00:00,XYZ402,,anr,MISSING_NEIGHBOR,FAIL,,,,,,,,,,,,,,ANR event,,,
2026-07-01 14:00:00,XYZ401,,anr,PCI_CONFLICT,FAIL,,,,,,,,,,,,,,ANR event,,,
2026-07-01 15:00:00,XYZ401,,anr,PCI_CONFLICT,FAIL,,,,,,,,,,,,,,ANR event,,,
2026-07-01 16:00:00,XYZ402,,anr,MISSING_NEIGHBOR,FAIL,,,,,,,,,,,,,,ANR event,,,
2026-07-01 17:00:00,XYZ401,,anr,MISSING_NEIGHBOR,FAIL,,,,,,,,,,,,,,ANR event,,,
2026-07-01 18:00:00,XYZ401,,anr,ANR_ADD_FAIL,FAIL,,,,,,,,,,,,,,ANR event,,,
2026-07-01 19:00:00,XYZ402,,anr,MISSING_NEIGHBOR,FAIL,,,,,,,,,,,,,,ANR event,,,
2026-07-01 20:00:00,XYZ403,,anr,MISSING_NEIGHBOR,FAIL,,,,,,,,,,,,,,ANR event,,,
2026-07-01 21:00:00,XYZ402,,anr,ANR_ADD_FAIL,FAIL,,,,,,,,,,,,,,ANR event,,,
2026-07-01 22:00:00,XYZ401,,anr,MISSING_NEIGHBOR,FAIL,,,,,,,,,,,,,,ANR event,,,
2026-07-01 23:00:00,XYZ403,,anr,MISSING_NEIGHBOR,FAIL,,,,,,,,,,,,,,ANR event,,,
2026-07-01 00:00:00,XYZ403,,anr,ANR_ADD_FAIL,FAIL,,,,,,,,,,,,,,ANR event,,,
2026-07-01 01:00:00,XYZ402,,anr,ANR_ADD_FAIL,FAIL,,,,,,,,,,,,,,ANR event,,,
2026-07-01 02:00:00,XYZ402,,anr,MISSING_NEIGHBOR,FAIL,,,,,,,,,,,,,,ANR event,,,
2026-07-01 03:00:00,XYZ402,,anr,ANR_ADD_FAIL,FAIL,,,,,,,,,,,,,,ANR event,,,
2026-07-01 04:00:00,XYZ401,,anr,MISSING_NEIGHBOR,FAIL,,,,,,,,,,,,,,ANR event,,,
2026-07-01 05:00:00,XYZ401,,anr,PCI_CONFLICT,FAIL,,,,,,,,,,,,,,ANR event,,,
2026-07-01 06:00:00,XYZ402,,anr,PCI_CONFLICT,FAIL,,,,,,,,,,,,,,ANR event,,,
2026-07-01 07:00:00,XYZ401,,anr,MISSING_NEIGHBOR,FAIL,,,,,,,,,,,,,,ANR event,,,
2026-07-01 08:00:00,XYZ403,,anr,PCI_CONFLICT,FAIL,,,,,,,,,,,,,,ANR event,,,
2026-07-01 09:00:00,XYZ401,,anr,MISSING_NEIGHBOR,FAIL,,,,,,,,,,,,,,ANR event,,,
2026-07-01 10:00:00,XYZ401,,anr,MISSING_NEIGHBOR,FAIL,,,,,,,,,,,,,,ANR event,,,
2026-07-01 11:00:00,XYZ402,,anr,ANR_ADD_FAIL,FAIL,,,,,,,,,,,,,,ANR event,,,
2026-07-01 12:00:00,XYZ402,,anr,ANR_ADD_FAIL,FAIL,,,,,,,,,,,,,,ANR event,,,
2026-07-01 13:00:00,XYZ403,,anr,ANR_ADD_FAIL,FAIL,,,,,,,,,,,,,,ANR event,,,
2026-07-01 14:00:00,XYZ401,,anr,PCI_CONFLICT,FAIL,,,,,,,,,,,,,,ANR event,,,
2026-07-01 15:00:00,XYZ401,,anr,PCI_CONFLICT,FAIL,,,,,,,,,,,,,,ANR event,,,
2026-07-01 16:00:00,XYZ402,,anr,ANR_ADD_FAIL,FAIL,,,,,,,,,,,,,,ANR event,,,
2026-07-01 17:00:00,XYZ403,,anr,PCI_CONFLICT,FAIL,,,,,,,,,,,,,,ANR event,,,
2026-07-01 18:00:00,XYZ403,,anr,ANR_ADD_FAIL,FAIL,,,,,,,,,,,,,,ANR event,,,
2026-07-01 19:00:00,XYZ402,,anr,MISSING_NEIGHBOR,FAIL,,,,,,,,,,,,,,ANR event,,,
2026-07-01 20:00:00,XYZ401,,anr,ANR_ADD_FAIL,FAIL,,,,,,,,,,,,,,ANR event,,,
2026-07-01 21:00:00,XYZ403,,anr,PCI_CONFLICT,FAIL,,,,,,,,,,,,,,ANR event,,,
2026-07-01 22:00:00,XYZ402,,anr,MISSING_NEIGHBOR,FAIL,,,,,,,,,,,,,,ANR event,,,
2026-07-01 23:00:00,XYZ403,,anr,PCI_CONFLICT,FAIL,,,,,,,,,,,,,,ANR event,,,
2026-07-01 00:00:00,XYZ402,,anr,PCI_CONFLICT,FAIL,,,,,,,,,,,,,,ANR event,,,
2026-07-01 01:00:00,XYZ401,,anr,ANR_ADD_FAIL,FAIL,,,,,,,,,,,,,,ANR event,,,
2026-07-01 02:00:00,XYZ402,,anr,MISSING_NEIGHBOR,FAIL,,,,,,,,,,,,,,ANR event,,,
2026-07-01 03:00:00,XYZ402,,anr,ANR_ADD_FAIL,FAIL,,,,,,,,,,,,,,ANR event,,,
2026-07-01 04:00:00,XYZ403,,anr,PCI_CONFLICT,FAIL,,,,,,,,,,,,,,ANR event,,,
2026-07-01 05:00:00,XYZ401,,anr,ANR_ADD_FAIL,FAIL,,,,,,,,,,,,,,ANR event,,,
2026-07-01 06:00:00,XYZ401,,anr,PCI_CONFLICT,FAIL,,,,,,,,,,,,,,ANR event,,,
2026-07-01 07:00:00,XYZ403,,anr,MISSING_NEIGHBOR,FAIL,,,,,,,,,,,,,,ANR event,,,
2026-07-01 08:00:00,XYZ403,,anr,PCI_CONFLICT,FAIL,,,,,,,,,,,,,,ANR event,,,
2026-07-01 09:00:00,XYZ402,,anr,PCI_CONFLICT,FAIL,,,,,,,,,,,,,,ANR event,,,
2026-07-01 10:00:00,XYZ401,,anr,PCI_CONFLICT,FAIL,,,,,,,,,,,,,,ANR event,,,
2026-07-01 11:00:00,XYZ403,,anr,PCI_CONFLICT,FAIL,,,,,,,,,,,,,,ANR event,,,
2026-07-01 12:00:00,XYZ403,,anr,ANR_ADD_FAIL,FAIL,,,,,,,,,,,,,,ANR event,,,
2026-07-01 13:00:00,XYZ403,,anr,ANR_ADD_FAIL,FAIL,,,,,,,,,,,,,,ANR event,,,
2026-07-01 14:00:00,XYZ401,,anr,PCI_CONFLICT,FAIL,,,,,,,,,,,,,,ANR event,,,
2026-07-01 15:00:00,XYZ401,,anr,ANR_ADD_FAIL,FAIL,,,,,,,,,,,,,,ANR event,,,
2026-07-01 16:00:00,XYZ402,,anr,ANR_ADD_FAIL,FAIL,,,,,,,,,,,,,,ANR event,,,
2026-07-01 17:00:00,XYZ402,,anr,MISSING_NEIGHBOR,FAIL,,,,,,,,,,,,,,ANR event,,,
2026-07-01 18:00:00,XYZ402,,anr,MISSING_NEIGHBOR,FAIL,,,,,,,,,,,,,,ANR event,,,
2026-07-01 19:00:00,XYZ401,,anr,ANR_ADD_FAIL,FAIL,,,,,,,,,,,,,,ANR event,,,
2026-07-01 20:00:00,XYZ401,,anr,PCI_CONFLICT,FAIL,,,,,,,,,,,,,,ANR event,,,
2026-07-01 21:00:00,XYZ402,,anr,PCI_CONFLICT,FAIL,,,,,,,,,,,,,,ANR event,,,
2026-07-01 22:00:00,XYZ402,,anr,MISSING_NEIGHBOR,FAIL,,,,,,,,,,,,,,ANR event,,,
2026-07-01 23:00:00,XYZ403,,anr,ANR_ADD_FAIL,FAIL,,,,,,,,,,,,,,ANR event,,,
2026-07-01 00:00:00,XYZ401,,anr,ANR_ADD_FAIL,FAIL,,,,,,,,,,,,,,ANR event,,,
2026-07-01 01:00:00,XYZ402,,anr,ANR_ADD_FAIL,FAIL,,,,,,,,,,,,,,ANR event,,,
2026-07-01 02:00:00,XYZ403,,anr,MISSING_NEIGHBOR,FAIL,,,,,,,,,,,,,,ANR event,,,
2026-07-01 03:00:00,XYZ403,,anr,MISSING_NEIGHBOR,FAIL,,,,,,,,,,,,,,ANR event,,,
2026-07-01 04:00:00,XYZ401,,anr,ANR_ADD_FAIL,FAIL,,,,,,,,,,,,,,ANR event,,,
2026-07-01 05:00:00,XYZ402,,anr,PCI_CONFLICT,FAIL,,,,,,,,,,,,,,ANR event,,,
2026-07-01 06:00:00,XYZ402,,anr,ANR_ADD_FAIL,FAIL,,,,,,,,,,,,,,ANR event,,,
2026-07-01 07:00:00,XYZ401,,anr,MISSING_NEIGHBOR,FAIL,,,,,,,,,,,,,,ANR event,,,
2026-07-01 08:00:00,XYZ401,,anr,ANR_ADD_FAIL,FAIL,,,,,,,,,,,,,,ANR event,,,
2026-07-01 09:00:00,XYZ401,,anr,MISSING_NEIGHBOR,FAIL,,,,,,,,,,,,,,ANR event,,,
2026-07-01 10:00:00,XYZ403,,anr,MISSING_NEIGHBOR,FAIL,,,,,,,,,,,,,,ANR event,,,
2026-07-01 11:00:00,XYZ401,,anr,MISSING_NEIGHBOR,FAIL,,,,,,,,,,,,,,ANR event,,,
2026-07-01 12:00:00,XYZ402,,anr,ANR_ADD_FAIL,FAIL,,,,,,,,,,,,,,ANR event,,,
2026-07-01 13:00:00,XYZ401,,anr,PCI_CONFLICT,FAIL,,,,,,,,,,,,,,ANR event,,,
2026-07-01 14:00:00,XYZ402,,anr,PCI_CONFLICT,FAIL,,,,,,,,,,,,,,ANR event,,,
2026-07-01 15:00:00,XYZ401,,anr,MISSING_NEIGHBOR,FAIL,,,,,,,,,,,,,,ANR event,,,
2026-07-01 16:00:00,XYZ401,,anr,ANR_ADD_FAIL,FAIL,,,,,,,,,,,,,,ANR event,,,
2026-07-01 17:00:00,XYZ403,,anr,PCI_CONFLICT,FAIL,,,,,,,,,,,,,,ANR event,,,
2026-07-01 18:00:00,XYZ401,,anr,ANR_ADD_FAIL,FAIL,,,,,,,,,,,,,,ANR event,,,
2026-07-01 19:00:00,XYZ402,,anr,ANR_ADD_FAIL,FAIL,,,,,,,,,,,,,,ANR event,,,
2026-07-01 20:00:00,XYZ403,,anr,MISSING_NEIGHBOR,FAIL,,,,,,,,,,,,,,ANR event,,,
2026-07-01 21:00:00,XYZ401,,anr,MISSING_NEIGHBOR,FAIL,,,,,,,,,,,,,,ANR event,,,
2026-07-01 22:00:00,XYZ402,,anr,MISSING_NEIGHBOR,FAIL,,,,,,,,,,,,,,ANR event,,,
2026-07-01 23:00:00,XYZ402,,anr,ANR_ADD_FAIL,FAIL,,,,,,,,,,,,,,ANR event,,,
2026-07-01 00:00:00,XYZ401,,anr,ANR_ADD_FAIL,FAIL,,,,,,,,,,,,,,ANR event,,,
2026-07-01 01:00:00,XYZ403,,anr,MISSING_NEIGHBOR,FAIL,,,,,,,,,,,,,,ANR event,,,
2026-07-01 02:00:00,XYZ401,,anr,ANR_ADD_FAIL,FAIL,,,,,,,,,,,,,,ANR event,,,
2026-07-01 03:00:00,XYZ401,,anr,ANR_ADD_FAIL,FAIL,,,,,,,,,,,,,,ANR event,,,
2026-07-01 04:00:00,XYZ401,,anr,MISSING_NEIGHBOR,FAIL,,,,,,,,,,,,,,ANR event,,,
2026-07-01 05:00:00,XYZ401,,anr,ANR_ADD_FAIL,FAIL,,,,,,,,,,,,,,ANR event,,,
2026-07-01 06:00:00,XYZ402,,anr,PCI_CONFLICT,FAIL,,,,,,,,,,,,,,ANR event,,,
2026-07-01 07:00:00,XYZ403,,anr,PCI_CONFLICT,FAIL,,,,,,,,,,,,,,ANR event,,,
2026-07-01 08:00:00,XYZ401,,anr,PCI_CONFLICT,FAIL,,,,,,,,,,,,,,ANR event,,,
2026-07-01 09:00:00,XYZ402,,anr,MISSING_NEIGHBOR,FAIL,,,,,,,,,,,,,,ANR event,,,
2026-07-01 10:00:00,XYZ401,,anr,PCI_CONFLICT,FAIL,,,,,,,,,,,,,,ANR event,,,
2026-07-01 11:00:00,XYZ403,,anr,ANR_ADD_FAIL,FAIL,,,,,,,,,,,,,,ANR event,,,
2026-07-01 12:00:00,XYZ402,,anr,PCI_CONFLICT,FAIL,,,,,,,,,,,,,,ANR event,,,
2026-07-01 13:00:00,XYZ403,,anr,PCI_CONFLICT,FAIL,,,,,,,,,,,,,,ANR event,,,
2026-07-01 14:00:00,XYZ401,,anr,MISSING_NEIGHBOR,FAIL,,,,,,,,,,,,,,ANR event,,,
2026-07-01 15:00:00,XYZ401,,anr,ANR_ADD_FAIL,FAIL,,,,,,,,,,,,,,ANR event,,,
2026-07-01 16:00:00,XYZ403,,anr,PCI_CONFLICT,FAIL,,,,,,,,,,,,,,ANR event,,,
2026-07-01 17:00:00,XYZ403,,anr,ANR_ADD_FAIL,FAIL,,,,,,,,,,,,,,ANR event,,,
2026-07-01 18:00:00,XYZ403,,anr,PCI_CONFLICT,FAIL,,,,,,,,,,,,,,ANR event,,,
2026-07-01 19:00:00,XYZ401,,anr,ANR_ADD_FAIL,FAIL,,,,,,,,,,,,,,ANR event,,,
2026-07-01 20:00:00,XYZ402,,anr,PCI_CONFLICT,FAIL,,,,,,,,,,,,,,ANR event,,,
2026-07-01 21:00:00,XYZ403,,anr,MISSING_NEIGHBOR,FAIL,,,,,,,,,,,,,,ANR event,,,
2026-07-01 22:00:00,XYZ403,,anr,PCI_CONFLICT,FAIL,,,,,,,,,,,,,,ANR event,,,
2026-07-01 23:00:00,XYZ403,,anr,PCI_CONFLICT,FAIL,,,,,,,,,,,,,,ANR event,,,
2026-07-01 00:00:00,XYZ403,,anr,MISSING_NEIGHBOR,FAIL,,,,,,,,,,,,,,ANR event,,,
2026-07-01 01:00:00,XYZ401,,anr,ANR_ADD_FAIL,FAIL,,,,,,,,,,,,,,ANR event,,,
2026-07-01 02:00:00,XYZ403,,anr,ANR_ADD_FAIL,FAIL,,,,,,,,,,,,,,ANR event,,,
2026-07-01 03:00:00,XYZ402,,anr,ANR_ADD_FAIL,FAIL,,,,,,,,,,,,,,ANR event,,,
2026-07-01 04:00:00,XYZ402,,anr,MISSING_NEIGHBOR,FAIL,,,,,,,,,,,,,,ANR event,,,
2026-07-01 05:00:00,XYZ403,,anr,PCI_CONFLICT,FAIL,,,,,,,,,,,,,,ANR event,,,
2026-07-01 06:00:00,XYZ401,,anr,PCI_CONFLICT,FAIL,,,,,,,,,,,,,,ANR event,,,
2026-07-01 07:00:00,XYZ403,,anr,ANR_ADD_FAIL,FAIL,,,,,,,,,,,,,,ANR event,,,
2026-07-01 08:00:00,XYZ401,,anr,ANR_ADD_FAIL,FAIL,,,,,,,,,,,,,,ANR event,,,
2026-07-01 09:00:00,XYZ403,,anr,MISSING_NEIGHBOR,FAIL,,,,,,,,,,,,,,ANR event,,,
2026-07-01 10:00:00,XYZ402,,anr,MISSING_NEIGHBOR,FAIL,,,,,,,,,,,,,,ANR event,,,
2026-07-01 11:00:00,XYZ402,,anr,PCI_CONFLICT,FAIL,,,,,,,,,,,,,,ANR event,,,
2026-07-01 12:00:00,XYZ402,,anr,PCI_CONFLICT,FAIL,,,,,,,,,,,,,,ANR event,,,
2026-07-01 13:00:00,XYZ403,,anr,PCI_CONFLICT,FAIL,,,,,,,,,,,,,,ANR event,,,
2026-07-01 14:00:00,XYZ402,,anr,MISSING_NEIGHBOR,FAIL,,,,,,,,,,,,,,ANR event,,,
2026-07-01 15:00:00,XYZ402,,anr,PCI_CONFLICT,FAIL,,,,,,,,,,,,,,ANR event,,,
2026-07-01 16:00:00,XYZ401,,anr,MISSING_NEIGHBOR,FAIL,,,,,,,,,,,,,,ANR event,,,
2026-07-01 17:00:00,XYZ403,,anr,PCI_CONFLICT,FAIL,,,,,,,,,,,,,,ANR event,,,
2026-07-01 18:00:00,XYZ401,,anr,ANR_ADD_FAIL,FAIL,,,,,,,,,,,,,,ANR event,,,
2026-07-01 19:00:00,XYZ402,,anr,MISSING_NEIGHBOR,FAIL,,,,,,,,,,,,,,ANR event,,,
2026-07-01 20:00:00,XYZ401,,anr,ANR_ADD_FAIL,FAIL,,,,,,,,,,,,,,ANR event,,,
2026-07-01 21:00:00,XYZ402,,anr,ANR_ADD_FAIL,FAIL,,,,,,,,,,,,,,ANR event,,,
2026-07-01 22:00:00,XYZ402,,anr,PCI_CONFLICT,FAIL,,,,,,,,,,,,,,ANR event,,,
2026-07-01 23:00:00,XYZ401,,anr,MISSING_NEIGHBOR,FAIL,,,,,,,,,,,,,,ANR event,,,
2026-07-01 00:00:00,XYZ402,,anr,MISSING_NEIGHBOR,FAIL,,,,,,,,,,,,,,ANR event,,,
2026-07-01 01:00:00,XYZ402,,anr,ANR_ADD_FAIL,FAIL,,,,,,,,,,,,,,ANR event,,,
2026-07-01 02:00:00,XYZ402,,anr,ANR_ADD_FAIL,FAIL,,,,,,,,,,,,,,ANR event,,,
2026-07-01 03:00:00,XYZ403,,anr,PCI_CONFLICT,FAIL,,,,,,,,,,,,,,ANR event,,,
2026-07-01 04:00:00,XYZ402,,anr,MISSING_NEIGHBOR,FAIL,,,,,,,,,,,,,,ANR event,,,
2026-07-01 05:00:00,XYZ401,,anr,ANR_ADD_FAIL,FAIL,,,,,,,,,,,,,,ANR event,,,
2026-07-01 06:00:00,XYZ401,,anr,PCI_CONFLICT,FAIL,,,,,,,,,,,,,,ANR event,,,
2026-07-01 07:00:00,XYZ403,,anr,MISSING_NEIGHBOR,FAIL,,,,,,,,,,,,,,ANR event,,,
2026-07-01 08:00:00,XYZ402,,anr,ANR_ADD_FAIL,FAIL,,,,,,,,,,,,,,ANR event,,,
2026-07-01 09:00:00,XYZ401,,anr,MISSING_NEIGHBOR,FAIL,,,,,,,,,,,,,,ANR event,,,
2026-07-01 10:00:00,XYZ401,,anr,PCI_CONFLICT,FAIL,,,,,,,,,,,,,,ANR event,,,
2026-07-01 11:00:00,XYZ402,,anr,PCI_CONFLICT,FAIL,,,,,,,,,,,,,,ANR event,,,
2026-07-01 12:00:00,XYZ403,,anr,MISSING_NEIGHBOR,FAIL,,,,,,,,,,,,,,ANR event,,,
2026-07-01 13:00:00,XYZ402,,anr,MISSING_NEIGHBOR,FAIL,,,,,,,,,,,,,,ANR event,,,
2026-07-01 14:00:00,XYZ402,,anr,MISSING_NEIGHBOR,FAIL,,,,,,,,,,,,,,ANR event,,,
2026-07-01 15:00:00,XYZ401,,anr,MISSING_NEIGHBOR,FAIL,,,,,,,,,,,,,,ANR event,,,
2026-07-01 16:00:00,XYZ402,,anr,MISSING_NEIGHBOR,FAIL,,,,,,,,,,,,,,ANR event,,,
2026-07-01 17:00:00,XYZ401,,anr,PCI_CONFLICT,FAIL,,,,,,,,,,,,,,ANR event,,,
2026-07-01 18:00:00,XYZ402,,anr,ANR_ADD_FAIL,FAIL,,,,,,,,,,,,,,ANR event,,,
2026-07-01 19:00:00,XYZ401,,anr,MISSING_NEIGHBOR,FAIL,,,,,,,,,,,,,,ANR event,,,
2026-07-01 20:00:00,XYZ402,,anr,ANR_ADD_FAIL,FAIL,,,,,,,,,,,,,,ANR event,,,
2026-07-01 21:00:00,XYZ402,,anr,PCI_CONFLICT,FAIL,,,,,,,,,,,,,,ANR event,,,
2026-07-01 22:00:00,XYZ402,,anr,MISSING_NEIGHBOR,FAIL,,,,,,,,,,,,,,ANR event,,,
2026-07-01 23:00:00,XYZ402,,anr,MISSING_NEIGHBOR,FAIL,,,,,,,,,,,,,,ANR event,,,
2026-07-01 00:00:00,XYZ401,,anr,ANR_ADD_FAIL,FAIL,,,,,,,,,,,,,,ANR event,,,
2026-07-01 01:00:00,XYZ403,,anr,MISSING_NEIGHBOR,FAIL,,,,,,,,,,,,,,ANR event,,,
2026-07-01 02:00:00,XYZ402,,anr,MISSING_NEIGHBOR,FAIL,,,,,,,,,,,,,,ANR event,,,
2026-07-01 03:00:00,XYZ401,,anr,ANR_ADD_FAIL,FAIL,,,,,,,,,,,,,,ANR event,,,
2026-07-01 04:00:00,XYZ401,,anr,ANR_ADD_FAIL,FAIL,,,,,,,,,,,,,,ANR event,,,
2026-07-01 05:00:00,XYZ403,,anr,PCI_CONFLICT,FAIL,,,,,,,,,,,,,,ANR event,,,
2026-07-01 06:00:00,XYZ402,,anr,ANR_ADD_FAIL,FAIL,,,,,,,,,,,,,,ANR event,,,
2026-07-01 07:00:00,XYZ401,,anr,ANR_ADD_FAIL,FAIL,,,,,,,,,,,,,,ANR event,,,
2026-07-01 08:00:00,XYZ403,,anr,PCI_CONFLICT,FAIL,,,,,,,,,,,,,,ANR event,,,
2026-07-01 09:00:00,XYZ403,,anr,ANR_ADD_FAIL,FAIL,,,,,,,,,,,,,,ANR event,,,
2026-07-01 10:00:00,XYZ403,,anr,PCI_CONFLICT,FAIL,,,,,,,,,,,,,,ANR event,,,
2026-07-01 11:00:00,XYZ401,,anr,MISSING_NEIGHBOR,FAIL,,,,,,,,,,,,,,ANR event,,,
2026-07-01 12:00:00,XYZ402,,anr,MISSING_NEIGHBOR,FAIL,,,,,,,,,,,,,,ANR event,,,
2026-07-01 13:00:00,XYZ402,,anr,PCI_CONFLICT,FAIL,,,,,,,,,,,,,,ANR event,,,
2026-07-01 14:00:00,XYZ402,,anr,MISSING_NEIGHBOR,FAIL,,,,,,,,,,,,,,ANR event,,,
2026-07-01 15:00:00,XYZ402,,anr,ANR_ADD_FAIL,FAIL,,,,,,,,,,,,,,ANR event,,,
2026-07-01 16:00:00,XYZ403,,anr,PCI_CONFLICT,FAIL,,,,,,,,,,,,,,ANR event,,,
2026-07-01 17:00:00,XYZ401,,anr,PCI_CONFLICT,FAIL,,,,,,,,,,,,,,ANR event,,,
2026-07-01 18:00:00,XYZ401,,anr,PCI_CONFLICT,FAIL,,,,,,,,,,,,,,ANR event,,,
2026-07-01 19:00:00,XYZ403,,anr,PCI_CONFLICT,FAIL,,,,,,,,,,,,,,ANR event,,,
2026-07-01 20:00:00,XYZ401,,anr,MISSING_NEIGHBOR,FAIL,,,,,,,,,,,,,,ANR event,,,
2026-07-01 21:00:00,XYZ402,,anr,PCI_CONFLICT,FAIL,,,,,,,,,,,,,,ANR event,,,
2026-07-01 22:00:00,XYZ401,,anr,PCI_CONFLICT,FAIL,,,,,,,,,,,,,,ANR event,,,
2026-07-01 23:00:00,XYZ403,,anr,MISSING_NEIGHBOR,FAIL,,,,,,,,,,,,,,ANR event,,,
2026-07-01 00:00:00,XYZ401,,anr,PCI_CONFLICT,FAIL,,,,,,,,,,,,,,ANR event,,,
2026-07-01 01:00:00,XYZ403,,anr,MISSING_NEIGHBOR,FAIL,,,,,,,,,,,,,,ANR event,,,
2026-07-01 02:00:00,XYZ403,,anr,MISSING_NEIGHBOR,FAIL,,,,,,,,,,,,,,ANR event,,,
2026-07-01 03:00:00,XYZ401,,anr,ANR_ADD_FAIL,FAIL,,,,,,,,,,,,,,ANR event,,,
2026-07-01 04:00:00,XYZ402,,anr,ANR_ADD_FAIL,FAIL,,,,,,,,,,,,,,ANR event,,,
2026-07-01 05:00:00,XYZ401,,anr,PCI_CONFLICT,FAIL,,,,,,,,,,,,,,ANR event,,,
2026-07-01 06:00:00,XYZ401,,anr,ANR_ADD_FAIL,FAIL,,,,,,,,,,,,,,ANR event,,,
2026-07-01 07:00:00,XYZ401,,anr,MISSING_NEIGHBOR,FAIL,,,,,,,,,,,,,,ANR event,,,
2026-07-01 08:00:00,XYZ402,,anr,PCI_CONFLICT,FAIL,,,,,,,,,,,,,,ANR event,,,
2026-07-01 09:00:00,XYZ403,,anr,MISSING_NEIGHBOR,FAIL,,,,,,,,,,,,,,ANR event,,,
2026-07-01 10:00:00,XYZ402,,anr,MISSING_NEIGHBOR,FAIL,,,,,,,,,,,,,,ANR event,,,
2026-07-01 11:00:00,XYZ401,,anr,PCI_CONFLICT,FAIL,,,,,,,,,,,,,,ANR event,,,
2026-07-01 12:00:00,XYZ401,,anr,ANR_ADD_FAIL,FAIL,,,,,,,,,,,,,,ANR event,,,
2026-07-01 13:00:00,XYZ401,,anr,ANR_ADD_FAIL,FAIL,,,,,,,,,,,,,,ANR event,,,
2026-07-01 14:00:00,XYZ402,,anr,MISSING_NEIGHBOR,FAIL,,,,,,,,,,,,,,ANR event,,,
2026-07-01 15:00:00,XYZ403,,anr,MISSING_NEIGHBOR,FAIL,,,,,,,,,,,,,,ANR event,,,
2026-07-01 16:00:00,XYZ401,,anr,PCI_CONFLICT,FAIL,,,,,,,,,,,,,,ANR event,,,
2026-07-01 17:00:00,XYZ401,,anr,PCI_CONFLICT,FAIL,,,,,,,,,,,,,,ANR event,,,
2026-07-01 18:00:00,XYZ403,,anr,MISSING_NEIGHBOR,FAIL,,,,,,,,,,,,,,ANR event,,,
2026-07-01 19:00:00,XYZ403,,anr,ANR_ADD_FAIL,FAIL,,,,,,,,,,,,,,ANR event,,,
2026-07-01 20:00:00,XYZ403,,anr,ANR_ADD_FAIL,FAIL,,,,,,,,,,,,,,ANR event,,,
2026-07-01 21:00:00,XYZ403,,anr,MISSING_NEIGHBOR,FAIL,,,,,,,,,,,,,,ANR event,,,
2026-07-01 22:00:00,XYZ402,,anr,MISSING_NEIGHBOR,FAIL,,,,,,,,,,,,,,ANR event,,,
2026-07-01 23:00:00,XYZ403,,anr,PCI_CONFLICT,FAIL,,,,,,,,,,,,,,ANR event,,,
2026-07-01 00:00:00,XYZ401,,anr,MISSING_NEIGHBOR,FAIL,,,,,,,,,,,,,,ANR event,,,
2026-07-01 01:00:00,XYZ403,,anr,ANR_ADD_FAIL,FAIL,,,,,,,,,,,,,,ANR event,,,
2026-07-01 02:00:00,XYZ401,,anr,MISSING_NEIGHBOR,FAIL,,,,,,,,,,,,,,ANR event,,,
2026-07-01 03:00:00,XYZ401,,anr,PCI_CONFLICT,FAIL,,,,,,,,,,,,,,ANR event,,,
2026-07-01 04:00:00,XYZ401,,anr,ANR_ADD_FAIL,FAIL,,,,,,,,,,,,,,ANR event,,,
2026-07-01 05:00:00,XYZ401,,anr,ANR_ADD_FAIL,FAIL,,,,,,,,,,,,,,ANR event,,,
2026-07-01 06:00:00,XYZ402,,anr,PCI_CONFLICT,FAIL,,,,,,,,,,,,,,ANR event,,,
2026-07-01 07:00:00,XYZ403,,anr,ANR_ADD_FAIL,FAIL,,,,,,,,,,,,,,ANR event,,,
2026-07-01 08:00:00,XYZ403,,anr,ANR_ADD_FAIL,FAIL,,,,,,,,,,,,,,ANR event,,,
2026-07-01 09:00:00,XYZ402,,anr,ANR_ADD_FAIL,FAIL,,,,,,,,,,,,,,ANR event,,,
2026-07-01 10:00:00,XYZ402,,anr,MISSING_NEIGHBOR,FAIL,,,,,,,,,,,,,,ANR event,,,
2026-07-01 11:00:00,XYZ401,,anr,PCI_CONFLICT,FAIL,,,,,,,,,,,,,,ANR event,,,
2026-07-01 12:00:00,XYZ403,,anr,MISSING_NEIGHBOR,FAIL,,,,,,,,,,,,,,ANR event,,,
2026-07-01 13:00:00,XYZ403,,anr,PCI_CONFLICT,FAIL,,,,,,,,,,,,,,ANR event,,,
2026-07-01 14:00:00,XYZ403,,anr,ANR_ADD_FAIL,FAIL,,,,,,,,,,,,,,ANR event,,,
2026-07-01 15:00:00,XYZ401,,anr,MISSING_NEIGHBOR,FAIL,,,,,,,,,,,,,,ANR event,,,
2026-07-01 16:00:00,XYZ403,,anr,PCI_CONFLICT,FAIL,,,,,,,,,,,,,,ANR event,,,
2026-07-01 17:00:00,XYZ403,,anr,PCI_CONFLICT,FAIL,,,,,,,,,,,,,,ANR event,,,
2026-07-01 18:00:00,XYZ402,,anr,PCI_CONFLICT,FAIL,,,,,,,,,,,,,,ANR event,,,
2026-07-01 19:00:00,XYZ401,,anr,PCI_CONFLICT,FAIL,,,,,,,,,,,,,,ANR event,,,
2026-07-01 20:00:00,XYZ401,,anr,ANR_ADD_FAIL,FAIL,,,,,,,,,,,,,,ANR event,,,
2026-07-01 21:00:00,XYZ401,,anr,ANR_ADD_FAIL,FAIL,,,,,,,,,,,,,,ANR event,,,
2026-07-01 22:00:00,XYZ401,,anr,ANR_ADD_FAIL,FAIL,,,,,,,,,,,,,,ANR event,,,
2026-07-01 23:00:00,XYZ403,,anr,PCI_CONFLICT,FAIL,,,,,,,,,,,,,,ANR event,,,
2026-07-01 00:00:00,XYZ402,,anr,ANR_ADD_FAIL,FAIL,,,,,,,,,,,,,,ANR event,,,
2026-07-01 01:00:00,XYZ402,,anr,PCI_CONFLICT,FAIL,,,,,,,,,,,,,,ANR event,,,
2026-07-01 02:00:00,XYZ401,,anr,MISSING_NEIGHBOR,FAIL,,,,,,,,,,,,,,ANR event,,,
2026-07-01 03:00:00,XYZ403,,anr,PCI_CONFLICT,FAIL,,,,,,,,,,,,,,ANR event,,,
2026-07-01 04:00:00,XYZ403,,anr,PCI_CONFLICT,FAIL,,,,,,,,,,,,,,ANR event,,,
2026-07-01 05:00:00,XYZ402,,anr,ANR_ADD_FAIL,FAIL,,,,,,,,,,,,,,ANR event,,,
2026-07-01 06:00:00,XYZ403,,anr,MISSING_NEIGHBOR,FAIL,,,,,,,,,,,,,,ANR event,,,
2026-07-01 07:00:00,XYZ402,,anr,ANR_ADD_FAIL,FAIL,,,,,,,,,,,,,,ANR event,,,
2026-07-01 08:00:00,XYZ403,,anr,MISSING_NEIGHBOR,FAIL,,,,,,,,,,,,,,ANR event,,,
2026-07-01 09:00:00,XYZ402,,anr,ANR_ADD_FAIL,FAIL,,,,,,,,,,,,,,ANR event,,,
2026-07-01 10:00:00,XYZ403,,anr,MISSING_NEIGHBOR,FAIL,,,,,,,,,,,,,,ANR event,,,
2026-07-01 11:00:00,XYZ401,,anr,ANR_ADD_FAIL,FAIL,,,,,,,,,,,,,,ANR event,,,
2026-07-01 12:00:00,XYZ401,,anr,MISSING_NEIGHBOR,FAIL,,,,,,,,,,,,,,ANR event,,,
2026-07-01 13:00:00,XYZ403,,anr,MISSING_NEIGHBOR,FAIL,,,,,,,,,,,,,,ANR event,,,
2026-07-01 14:00:00,XYZ403,,anr,MISSING_NEIGHBOR,FAIL,,,,,,,,,,,,,,ANR event,,,
2026-07-01 15:00:00,XYZ401,,anr,MISSING_NEIGHBOR,FAIL,,,,,,,,,,,,,,ANR event,,,
2026-07-01 16:00:00,XYZ402,,anr,ANR_ADD_FAIL,FAIL,,,,,,,,,,,,,,ANR event,,,
2026-07-01 17:00:00,XYZ403,,anr,ANR_ADD_FAIL,FAIL,,,,,,,,,,,,,,ANR event,,,
2026-07-01 18:00:00,XYZ401,,anr,ANR_ADD_FAIL,FAIL,,,,,,,,,,,,,,ANR event,,,
2026-07-01 19:00:00,XYZ403,,anr,MISSING_NEIGHBOR,FAIL,,,,,,,,,,,,,,ANR event,,,
2026-07-01 20:00:00,XYZ401,,anr,ANR_ADD_FAIL,FAIL,,,,,,,,,,,,,,ANR event,,,
2026-07-01 21:00:00,XYZ402,,anr,PCI_CONFLICT,FAIL,,,,,,,,,,,,,,ANR event,,,
2026-07-01 22:00:00,XYZ401,,anr,PCI_CONFLICT,FAIL,,,,,,,,,,,,,,ANR event,,,
2026-07-01 23:00:00,XYZ401,,anr,PCI_CONFLICT,FAIL,,,,,,,,,,,,,,ANR event,,,
2026-07-01 00:00:00,XYZ403,,anr,ANR_ADD_FAIL,FAIL,,,,,,,,,,,,,,ANR event,,,
2026-07-01 01:00:00,XYZ401,,anr,ANR_ADD_FAIL,FAIL,,,,,,,,,,,,,,ANR event,,,
2026-07-01 02:00:00,XYZ403,,anr,PCI_CONFLICT,FAIL,,,,,,,,,,,,,,ANR event,,,
2026-07-01 03:00:00,XYZ402,,anr,PCI_CONFLICT,FAIL,,,,,,,,,,,,,,ANR event,,,
2026-07-01 04:00:00,XYZ403,,anr,PCI_CONFLICT,FAIL,,,,,,,,,,,,,,ANR event,,,
2026-07-01 05:00:00,XYZ401,,anr,ANR_ADD_FAIL,FAIL,,,,,,,,,,,,,,ANR event,,,
2026-07-01 06:00:00,XYZ401,,anr,PCI_CONFLICT,FAIL,,,,,,,,,,,,,,ANR event,,,
2026-07-01 07:00:00,XYZ401,,anr,ANR_ADD_FAIL,FAIL,,,,,,,,,,,,,,ANR event,,,
2026-07-01 08:00:00,XYZ401,,anr,PCI_CONFLICT,FAIL,,,,,,,,,,,,,,ANR event,,,
2026-07-01 09:00:00,XYZ403,,anr,MISSING_NEIGHBOR,FAIL,,,,,,,,,,,,,,ANR event,,,
2026-07-01 10:00:00,XYZ403,,anr,MISSING_NEIGHBOR,FAIL,,,,,,,,,,,,,,ANR event,,,
2026-07-01 11:00:00,XYZ401,,anr,PCI_CONFLICT,FAIL,,,,,,,,,,,,,,ANR event,,,
2026-07-01 12:00:00,XYZ403,,anr,ANR_ADD_FAIL,FAIL,,,,,,,,,,,,,,ANR event,,,
2026-07-01 13:00:00,XYZ402,,anr,MISSING_NEIGHBOR,FAIL,,,,,,,,,,,,,,ANR event,,,
2026-07-01 14:00:00,XYZ402,,anr,MISSING_NEIGHBOR,FAIL,,,,,,,,,,,,,,ANR event,,,
2026-07-01 15:00:00,XYZ402,,anr,ANR_ADD_FAIL,FAIL,,,,,,,,,,,,,,ANR event,,,
2026-07-01 16:00:00,XYZ401,,anr,ANR_ADD_FAIL,FAIL,,,,,,,,,,,,,,ANR event,,,
2026-07-01 17:00:00,XYZ402,,anr,MISSING_NEIGHBOR,FAIL,,,,,,,,,,,,,,ANR event,,,
2026-07-01 18:00:00,XYZ403,,anr,PCI_CONFLICT,FAIL,,,,,,,,,,,,,,ANR event,,,
2026-07-01 19:00:00,XYZ402,,anr,PCI_CONFLICT,FAIL,,,,,,,,,,,,,,ANR event,,,
2026-07-01 20:00:00,XYZ403,,anr,PCI_CONFLICT,FAIL,,,,,,,,,,,,,,ANR event,,,
2026-07-01 21:00:00,XYZ403,,anr,MISSING_NEIGHBOR,FAIL,,,,,,,,,,,,,,ANR event,,,
2026-07-01 22:00:00,XYZ402,,anr,MISSING_NEIGHBOR,FAIL,,,,,,,,,,,,,,ANR event,,,
2026-07-01 23:00:00,XYZ401,,anr,ANR_ADD_FAIL,FAIL,,,,,,,,,,,,,,ANR event,,,
2026-07-01 00:00:00,XYZ402,,anr,ANR_ADD_FAIL,FAIL,,,,,,,,,,,,,,ANR event,,,
2026-07-01 01:00:00,XYZ403,,anr,MISSING_NEIGHBOR,FAIL,,,,,,,,,,,,,,ANR event,,,
2026-07-01 02:00:00,XYZ403,,anr,MISSING_NEIGHBOR,FAIL,,,,,,,,,,,,,,ANR event,,,
2026-07-01 03:00:00,XYZ401,,anr,MISSING_NEIGHBOR,FAIL,,,,,,,,,,,,,,ANR event,,,
2026-07-01 04:00:00,XYZ401,,anr,PCI_CONFLICT,FAIL,,,,,,,,,,,,,,ANR event,,,
2026-07-01 05:00:00,XYZ401,,anr,PCI_CONFLICT,FAIL,,,,,,,,,,,,,,ANR event,,,
2026-07-01 06:00:00,XYZ403,,anr,ANR_ADD_FAIL,FAIL,,,,,,,,,,,,,,ANR event,,,
2026-07-01 07:00:00,XYZ401,,anr,MISSING_NEIGHBOR,FAIL,,,,,,,,,,,,,,ANR event,,,
2026-07-01 08:00:00,XYZ402,,anr,ANR_ADD_FAIL,FAIL,,,,,,,,,,,,,,ANR event,,,
2026-07-01 09:00:00,XYZ401,,anr,ANR_ADD_FAIL,FAIL,,,,,,,,,,,,,,ANR event,,,
2026-07-01 10:00:00,XYZ403,,anr,ANR_ADD_FAIL,FAIL,,,,,,,,,,,,,,ANR event,,,
2026-07-01 11:00:00,XYZ403,,anr,MISSING_NEIGHBOR,FAIL,,,,,,,,,,,,,,ANR event,,,
2026-07-01 12:00:00,XYZ401,,anr,ANR_ADD_FAIL,FAIL,,,,,,,,,,,,,,ANR event,,,
2026-07-01 13:00:00,XYZ402,,anr,PCI_CONFLICT,FAIL,,,,,,,,,,,,,,ANR event,,,
2026-07-01 14:00:00,XYZ402,,anr,MISSING_NEIGHBOR,FAIL,,,,,,,,,,,,,,ANR event,,,
2026-07-01 15:00:00,XYZ403,,anr,MISSING_NEIGHBOR,FAIL,,,,,,,,,,,,,,ANR event,,,
2026-07-01 16:00:00,XYZ402,,anr,MISSING_NEIGHBOR,FAIL,,,,,,,,,,,,,,ANR event,,,
2026-07-01 17:00:00,XYZ403,,anr,MISSING_NEIGHBOR,FAIL,,,,,,,,,,,,,,ANR event,,,
2026-07-01 18:00:00,XYZ401,,anr,PCI_CONFLICT,FAIL,,,,,,,,,,,,,,ANR event,,,
2026-07-01 19:00:00,XYZ402,,anr,MISSING_NEIGHBOR,FAIL,,,,,,,,,,,,,,ANR event,,,
2026-07-01 20:00:00,XYZ402,,anr,PCI_CONFLICT,FAIL,,,,,,,,,,,,,,ANR event,,,
2026-07-01 21:00:00,XYZ401,,anr,PCI_CONFLICT,FAIL,,,,,,,,,,,,,,ANR event,,,
2026-07-01 22:00:00,XYZ402,,anr,PCI_CONFLICT,FAIL,,,,,,,,,,,,,,ANR event,,,
2026-07-01 23:00:00,XYZ402,,anr,PCI_CONFLICT,FAIL,,,,,,,,,,,,,,ANR event,,,
2026-07-01 00:00:00,XYZ403,,anr,ANR_ADD_FAIL,FAIL,,,,,,,,,,,,,,ANR event,,,
2026-07-01 01:00:00,XYZ403,,anr,MISSING_NEIGHBOR,FAIL,,,,,,,,,,,,,,ANR event,,,
2026-07-01 02:00:00,XYZ401,,anr,ANR_ADD_FAIL,FAIL,,,,,,,,,,,,,,ANR event,,,
2026-07-01 03:00:00,XYZ403,,anr,PCI_CONFLICT,FAIL,,,,,,,,,,,,,,ANR event,,,
2026-07-01 04:00:00,XYZ401,,anr,ANR_ADD_FAIL,FAIL,,,,,,,,,,,,,,ANR event,,,
2026-07-01 05:00:00,XYZ403,,anr,PCI_CONFLICT,FAIL,,,,,,,,,,,,,,ANR event,,,
2026-07-01 06:00:00,XYZ401,,anr,PCI_CONFLICT,FAIL,,,,,,,,,,,,,,ANR event,,,
2026-07-01 07:00:00,XYZ403,,anr,ANR_ADD_FAIL,FAIL,,,,,,,,,,,,,,ANR event,,,
2026-07-01 08:00:00,XYZ403,,anr,MISSING_NEIGHBOR,FAIL,,,,,,,,,,,,,,ANR event,,,
2026-07-01 09:00:00,XYZ401,,anr,PCI_CONFLICT,FAIL,,,,,,,,,,,,,,ANR event,,,
2026-07-01 10:00:00,XYZ403,,anr,MISSING_NEIGHBOR,FAIL,,,,,,,,,,,,,,ANR event,,,
2026-07-01 11:00:00,XYZ401,,anr,PCI_CONFLICT,FAIL,,,,,,,,,,,,,,ANR event,,,
2026-07-01 12:00:00,XYZ403,,anr,MISSING_NEIGHBOR,FAIL,,,,,,,,,,,,,,ANR event,,,
2026-07-01 13:00:00,XYZ401,,anr,ANR_ADD_FAIL,FAIL,,,,,,,,,,,,,,ANR event,,,
2026-07-01 14:00:00,XYZ402,,anr,PCI_CONFLICT,FAIL,,,,,,,,,,,,,,ANR event,,,
2026-07-01 15:00:00,XYZ403,,anr,ANR_ADD_FAIL,FAIL,,,,,,,,,,,,,,ANR event,,,
2026-07-01 16:00:00,XYZ402,,anr,MISSING_NEIGHBOR,FAIL,,,,,,,,,,,,,,ANR event,,,
2026-07-01 17:00:00,XYZ401,,anr,MISSING_NEIGHBOR,FAIL,,,,,,,,,,,,,,ANR event,,,
2026-07-01 18:00:00,XYZ403,,anr,MISSING_NEIGHBOR,FAIL,,,,,,,,,,,,,,ANR event,,,
2026-07-01 19:00:00,XYZ403,,anr,MISSING_NEIGHBOR,FAIL,,,,,,,,,,,,,,ANR event,,,
2026-07-01 20:00:00,XYZ403,,anr,ANR_ADD_FAIL,FAIL,,,,,,,,,,,,,,ANR event,,,
2026-07-01 21:00:00,XYZ401,,anr,ANR_ADD_FAIL,FAIL,,,,,,,,,,,,,,ANR event,,,
2026-07-01 22:00:00,XYZ402,,anr,PCI_CONFLICT,FAIL,,,,,,,,,,,,,,ANR event,,,
2026-07-01 23:00:00,XYZ403,,anr,PCI_CONFLICT,FAIL,,,,,,,,,,,,,,ANR event,,,
2026-07-01 00:00:00,XYZ402,,anr,ANR_ADD_FAIL,FAIL,,,,,,,,,,,,,,ANR event,,,
2026-07-01 01:00:00,XYZ402,,anr,MISSING_NEIGHBOR,FAIL,,,,,,,,,,,,,,ANR event,,,
2026-07-01 02:00:00,XYZ402,,anr,MISSING_NEIGHBOR,FAIL,,,,,,,,,,,,,,ANR event,,,
2026-07-01 03:00:00,XYZ402,,anr,PCI_CONFLICT,FAIL,,,,,,,,,,,,,,ANR event,,,
2026-07-01 04:00:00,XYZ401,,anr,PCI_CONFLICT,FAIL,,,,,,,,,,,,,,ANR event,,,
2026-07-01 05:00:00,XYZ402,,anr,ANR_ADD_FAIL,FAIL,,,,,,,,,,,,,,ANR event,,,
2026-07-01 06:00:00,XYZ403,,anr,ANR_ADD_FAIL,FAIL,,,,,,,,,,,,,,ANR event,,,
2026-07-01 07:00:00,XYZ402,,anr,MISSING_NEIGHBOR,FAIL,,,,,,,,,,,,,,ANR event,,,
2026-07-01 08:00:00,XYZ401,,anr,ANR_ADD_FAIL,FAIL,,,,,,,,,,,,,,ANR event,,,
2026-07-01 09:00:00,XYZ401,,anr,PCI_CONFLICT,FAIL,,,,,,,,,,,,,,ANR event,,,
2026-07-01 10:00:00,XYZ403,,anr,PCI_CONFLICT,FAIL,,,,,,,,,,,,,,ANR event,,,
2026-07-01 11:00:00,XYZ403,,anr,ANR_ADD_FAIL,FAIL,,,,,,,,,,,,,,ANR event,,,
2026-07-01 12:00:00,XYZ402,,anr,ANR_ADD_FAIL,FAIL,,,,,,,,,,,,,,ANR event,,,
2026-07-01 13:00:00,XYZ401,,anr,MISSING_NEIGHBOR,FAIL,,,,,,,,,,,,,,ANR event,,,
2026-07-01 14:00:00,XYZ401,,anr,PCI_CONFLICT,FAIL,,,,,,,,,,,,,,ANR event,,,
2026-07-01 15:00:00,XYZ401,,anr,ANR_ADD_FAIL,FAIL,,,,,,,,,,,,,,ANR event,,,
2026-07-01 16:00:00,XYZ403,,anr,MISSING_NEIGHBOR,FAIL,,,,,,,,,,,,,,ANR event,,,
2026-07-01 17:00:00,XYZ403,,anr,PCI_CONFLICT,FAIL,,,,,,,,,,,,,,ANR event,,,
2026-07-01 18:00:00,XYZ401,,anr,ANR_ADD_FAIL,FAIL,,,,,,,,,,,,,,ANR event,,,
2026-07-01 19:00:00,XYZ402,,anr,ANR_ADD_FAIL,FAIL,,,,,,,,,,,,,,ANR event,,,
2026-07-01 20:00:00,XYZ402,,anr,ANR_ADD_FAIL,FAIL,,,,,,,,,,,,,,ANR event,,,
2026-07-01 21:00:00,XYZ402,,anr,PCI_CONFLICT,FAIL,,,,,,,,,,,,,,ANR event,,,
2026-07-01 22:00:00,XYZ403,,anr,MISSING_NEIGHBOR,FAIL,,,,,,,,,,,,,,ANR event,,,
2026-07-01 23:00:00,XYZ402,,anr,MISSING_NEIGHBOR,FAIL,,,,,,,,,,,,,,ANR event,,,
2026-07-01 00:00:00,XYZ402,,anr,MISSING_NEIGHBOR,FAIL,,,,,,,,,,,,,,ANR event,,,
2026-07-01 01:00:00,XYZ401,,anr,MISSING_NEIGHBOR,FAIL,,,,,,,,,,,,,,ANR event,,,
2026-07-01 02:00:00,XYZ402,,anr,ANR_ADD_FAIL,FAIL,,,,,,,,,,,,,,ANR event,,,
2026-07-01 03:00:00,XYZ403,,anr,ANR_ADD_FAIL,FAIL,,,,,,,,,,,,,,ANR event,,,
2026-07-01 04:00:00,XYZ401,,anr,ANR_ADD_FAIL,FAIL,,,,,,,,,,,,,,ANR event,,,
2026-07-01 05:00:00,XYZ401,,anr,MISSING_NEIGHBOR,FAIL,,,,,,,,,,,,,,ANR event,,,
2026-07-01 06:00:00,XYZ401,,anr,MISSING_NEIGHBOR,FAIL,,,,,,,,,,,,,,ANR event,,,
2026-07-01 07:00:00,XYZ403,,anr,ANR_ADD_FAIL,FAIL,,,,,,,,,,,,,,ANR event,,,
2026-07-01 08:00:00,XYZ402,,anr,MISSING_NEIGHBOR,FAIL,,,,,,,,,,,,,,ANR event,,,
2026-07-01 09:00:00,XYZ402,,anr,MISSING_NEIGHBOR,FAIL,,,,,,,,,,,,,,ANR event,,,
2026-07-01 10:00:00,XYZ402,,anr,ANR_ADD_FAIL,FAIL,,,,,,,,,,,,,,ANR event,,,
2026-07-01 11:00:00,XYZ401,,anr,ANR_ADD_FAIL,FAIL,,,,,,,,,,,,,,ANR event,,,
2026-07-01 12:00:00,XYZ401,,anr,PCI_CONFLICT,FAIL,,,,,,,,,,,,,,ANR event,,,
2026-07-01 13:00:00,XYZ401,,anr,MISSING_NEIGHBOR,FAIL,,,,,,,,,,,,,,ANR event,,,
2026-07-01 14:00:00,XYZ403,,anr,PCI_CONFLICT,FAIL,,,,,,,,,,,,,,ANR event,,,
2026-07-01 15:00:00,XYZ402,,anr,MISSING_NEIGHBOR,FAIL,,,,,,,,,,,,,,ANR event,,,
2026-07-01 16:00:00,XYZ403,,anr,MISSING_NEIGHBOR,FAIL,,,,,,,,,,,,,,ANR event,,,
2026-07-01 17:00:00,XYZ403,,anr,MISSING_NEIGHBOR,FAIL,,,,,,,,,,,,,,ANR event,,,
2026-07-01 18:00:00,XYZ401,,anr,PCI_CONFLICT,FAIL,,,,,,,,,,,,,,ANR event,,,
2026-07-01 19:00:00,XYZ402,,anr,ANR_ADD_FAIL,FAIL,,,,,,,,,,,,,,ANR event,,,
2026-07-01 20:00:00,XYZ401,,anr,MISSING_NEIGHBOR,FAIL,,,,,,,,,,,,,,ANR event,,,
2026-07-01 21:00:00,XYZ402,,anr,PCI_CONFLICT,FAIL,,,,,,,,,,,,,,ANR event,,,
2026-07-01 22:00:00,XYZ403,,anr,ANR_ADD_FAIL,FAIL,,,,,,,,,,,,,,ANR event,,,
2026-07-01 23:00:00,XYZ403,,anr,MISSING_NEIGHBOR,FAIL,,,,,,,,,,,,,,ANR event,,,
2026-07-01 00:00:00,XYZ401,,anr,PCI_CONFLICT,FAIL,,,,,,,,,,,,,,ANR event,,,
2026-07-01 01:00:00,XYZ403,,anr,ANR_ADD_FAIL,FAIL,,,,,,,,,,,,,,ANR event,,,
2026-07-01 02:00:00,XYZ403,,anr,MISSING_NEIGHBOR,FAIL,,,,,,,,,,,,,,ANR event,,,
2026-07-01 03:00:00,XYZ403,,anr,ANR_ADD_FAIL,FAIL,,,,,,,,,,,,,,ANR event,,,
2026-07-01 04:00:00,XYZ403,,anr,PCI_CONFLICT,FAIL,,,,,,,,,,,,,,ANR event,,,
2026-07-01 05:00:00,XYZ401,,anr,PCI_CONFLICT,FAIL,,,,,,,,,,,,,,ANR event,,,
2026-07-01 06:00:00,XYZ402,,anr,PCI_CONFLICT,FAIL,,,,,,,,,,,,,,ANR event,,,
2026-07-01 07:00:00,XYZ403,,anr,MISSING_NEIGHBOR,FAIL,,,,,,,,,,,,,,ANR event,,,
2026-07-01 08:00:00,XYZ401,,anr,PCI_CONFLICT,FAIL,,,,,,,,,,,,,,ANR event,,,
2026-07-01 09:00:00,XYZ401,,anr,ANR_ADD_FAIL,FAIL,,,,,,,,,,,,,,ANR event,,,
2026-07-01 10:00:00,XYZ402,,anr,MISSING_NEIGHBOR,FAIL,,,,,,,,,,,,,,ANR event,,,
2026-07-01 11:00:00,XYZ402,,anr,PCI_CONFLICT,FAIL,,,,,,,,,,,,,,ANR event,,,
2026-07-01 12:00:00,XYZ402,,anr,MISSING_NEIGHBOR,FAIL,,,,,,,,,,,,,,ANR event,,,
2026-07-01 13:00:00,XYZ401,,anr,ANR_ADD_FAIL,FAIL,,,,,,,,,,,,,,ANR event,,,
2026-07-01 14:00:00,XYZ403,,anr,PCI_CONFLICT,FAIL,,,,,,,,,,,,,,ANR event,,,
2026-07-01 15:00:00,XYZ403,,anr,MISSING_NEIGHBOR,FAIL,,,,,,,,,,,,,,ANR event,,,
2026-07-01 16:00:00,XYZ403,,anr,ANR_ADD_FAIL,FAIL,,,,,,,,,,,,,,ANR event,,,
2026-07-01 17:00:00,XYZ401,,anr,ANR_ADD_FAIL,FAIL,,,,,,,,,,,,,,ANR event,,,
2026-07-01 18:00:00,XYZ403,,anr,MISSING_NEIGHBOR,FAIL,,,,,,,,,,,,,,ANR event,,,
2026-07-01 19:00:00,XYZ401,,anr,ANR_ADD_FAIL,FAIL,,,,,,,,,,,,,,ANR event,,,
2026-07-01 20:00:00,XYZ401,,anr,ANR_ADD_FAIL,FAIL,,,,,,,,,,,,,,ANR event,,,
2026-07-01 21:00:00,XYZ403,,anr,MISSING_NEIGHBOR,FAIL,,,,,,,,,,,,,,ANR event,,,
2026-07-01 22:00:00,XYZ402,,anr,MISSING_NEIGHBOR,FAIL,,,,,,,,,,,,,,ANR event,,,
2026-07-01 23:00:00,XYZ403,,anr,MISSING_NEIGHBOR,FAIL,,,,,,,,,,,,,,ANR event,,,
2026-07-01 00:00:00,XYZ403,,anr,ANR_ADD_FAIL,FAIL,,,,,,,,,,,,,,ANR event,,,
2026-07-01 01:00:00,XYZ401,,anr,MISSING_NEIGHBOR,FAIL,,,,,,,,,,,,,,ANR event,,,
2026-07-01 02:00:00,XYZ403,,anr,ANR_ADD_FAIL,FAIL,,,,,,,,,,,,,,ANR event,,,
2026-07-01 03:00:00,XYZ402,,anr,MISSING_NEIGHBOR,FAIL,,,,,,,,,,,,,,ANR event,,,
2026-07-01 04:00:00,XYZ403,,anr,MISSING_NEIGHBOR,FAIL,,,,,,,,,,,,,,ANR event,,,
2026-07-01 05:00:00,XYZ401,,anr,PCI_CONFLICT,FAIL,,,,,,,,,,,,,,ANR event,,,
2026-07-01 06:00:00,XYZ403,,anr,MISSING_NEIGHBOR,FAIL,,,,,,,,,,,,,,ANR event,,,
2026-07-01 07:00:00,XYZ401,,anr,ANR_ADD_FAIL,FAIL,,,,,,,,,,,,,,ANR event,,,
2026-07-01 08:00:00,XYZ402,,anr,ANR_ADD_FAIL,FAIL,,,,,,,,,,,,,,ANR event,,,
2026-07-01 09:00:00,XYZ401,,anr,MISSING_NEIGHBOR,FAIL,,,,,,,,,,,,,,ANR event,,,
2026-07-01 10:00:00,XYZ403,,anr,MISSING_NEIGHBOR,FAIL,,,,,,,,,,,,,,ANR event,,,
2026-07-01 11:00:00,XYZ403,,anr,PCI_CONFLICT,FAIL,,,,,,,,,,,,,,ANR event,,,
2026-07-01 12:00:00,XYZ403,,anr,MISSING_NEIGHBOR,FAIL,,,,,,,,,,,,,,ANR event,,,
2026-07-01 13:00:00,XYZ402,,anr,PCI_CONFLICT,FAIL,,,,,,,,,,,,,,ANR event,,,
2026-07-01 14:00:00,XYZ403,,anr,MISSING_NEIGHBOR,FAIL,,,,,,,,,,,,,,ANR event,,,
2026-07-01 15:00:00,XYZ403,,anr,ANR_ADD_FAIL,FAIL,,,,,,,,,,,,,,ANR event,,,
2026-07-01 16:00:00,XYZ402,,anr,ANR_ADD_FAIL,FAIL,,,,,,,,,,,,,,ANR event,,,
2026-07-01 17:00:00,XYZ401,,anr,ANR_ADD_FAIL,FAIL,,,,,,,,,,,,,,ANR event,,,
2026-07-01 18:00:00,XYZ402,,anr,MISSING_NEIGHBOR,FAIL,,,,,,,,,,,,,,ANR event,,,
2026-07-01 19:00:00,XYZ402,,anr,PCI_CONFLICT,FAIL,,,,,,,,,,,,,,ANR event,,,
2026-07-01 20:00:00,XYZ403,,anr,PCI_CONFLICT,FAIL,,,,,,,,,,,,,,ANR event,,,
2026-07-01 21:00:00,XYZ403,,anr,MISSING_NEIGHBOR,FAIL,,,,,,,,,,,,,,ANR event,,,
2026-07-01 22:00:00,XYZ401,,anr,ANR_ADD_FAIL,FAIL,,,,,,,,,,,,,,ANR event,,,
2026-07-01 23:00:00,XYZ403,,anr,PCI_CONFLICT,FAIL,,,,,,,,,,,,,,ANR event,,,
2026-07-01 00:00:00,XYZ401,,anr,PCI_CONFLICT,FAIL,,,,,,,,,,,,,,ANR event,,,
2026-07-01 01:00:00,XYZ401,,anr,ANR_ADD_FAIL,FAIL,,,,,,,,,,,,,,ANR event,,,
2026-07-01 02:00:00,XYZ401,,anr,MISSING_NEIGHBOR,FAIL,,,,,,,,,,,,,,ANR event,,,
2026-07-01 03:00:00,XYZ403,,anr,MISSING_NEIGHBOR,FAIL,,,,,,,,,,,,,,ANR event,,,
2026-07-01 04:00:00,XYZ403,,anr,ANR_ADD_FAIL,FAIL,,,,,,,,,,,,,,ANR event,,,
2026-07-01 05:00:00,XYZ401,,anr,ANR_ADD_FAIL,FAIL,,,,,,,,,,,,,,ANR event,,,
2026-07-01 06:00:00,XYZ401,,anr,MISSING_NEIGHBOR,FAIL,,,,,,,,,,,,,,ANR event,,,
2026-07-01 07:00:00,XYZ401,,anr,MISSING_NEIGHBOR,FAIL,,,,,,,,,,,,,,ANR event,,,
2026-07-01 08:00:00,XYZ402,,anr,ANR_ADD_FAIL,FAIL,,,,,,,,,,,,,,ANR event,,,
2026-07-01 09:00:00,XYZ403,,anr,ANR_ADD_FAIL,FAIL,,,,,,,,,,,,,,ANR event,,,
2026-07-01 10:00:00,XYZ402,,anr,MISSING_NEIGHBOR,FAIL,,,,,,,,,,,,,,ANR event,,,
2026-07-01 11:00:00,XYZ403,,anr,ANR_ADD_FAIL,FAIL,,,,,,,,,,,,,,ANR event,,,
2026-07-01 12:00:00,XYZ401,,anr,ANR_ADD_FAIL,FAIL,,,,,,,,,,,,,,ANR event,,,
2026-07-01 13:00:00,XYZ402,,anr,MISSING_NEIGHBOR,FAIL,,,,,,,,,,,,,,ANR event,,,
2026-07-01 14:00:00,XYZ402,,anr,MISSING_NEIGHBOR,FAIL,,,,,,,,,,,,,,ANR event,,,
2026-07-01 15:00:00,XYZ402,,anr,PCI_CONFLICT,FAIL,,,,,,,,,,,,,,ANR event,,,
2026-07-01 16:00:00,XYZ402,,anr,PCI_CONFLICT,FAIL,,,,,,,,,,,,,,ANR event,,,
2026-07-01 17:00:00,XYZ402,,anr,MISSING_NEIGHBOR,FAIL,,,,,,,,,,,,,,ANR event,,,
2026-07-01 18:00:00,XYZ403,,anr,PCI_CONFLICT,FAIL,,,,,,,,,,,,,,ANR event,,,
2026-07-01 19:00:00,XYZ403,,anr,ANR_ADD_FAIL,FAIL,,,,,,,,,,,,,,ANR event,,,
2026-07-01 20:00:00,XYZ401,,anr,PCI_CONFLICT,FAIL,,,,,,,,,,,,,,ANR event,,,
2026-07-01 21:00:00,XYZ402,,anr,ANR_ADD_FAIL,FAIL,,,,,,,,,,,,,,ANR event,,,
2026-07-01 22:00:00,XYZ401,,anr,PCI_CONFLICT,FAIL,,,,,,,,,,,,,,ANR event,,,
2026-07-01 23:00:00,XYZ403,,anr,MISSING_NEIGHBOR,FAIL,,,,,,,,,,,,,,ANR event,,,
2026-07-01 00:00:00,XYZ403,,anr,MISSING_NEIGHBOR,FAIL,,,,,,,,,,,,,,ANR event,,,
2026-07-01 01:00:00,XYZ402,,anr,PCI_CONFLICT,FAIL,,,,,,,,,,,,,,ANR event,,,
2026-07-01 02:00:00,XYZ402,,anr,ANR_ADD_FAIL,FAIL,,,,,,,,,,,,,,ANR event,,,
2026-07-01 03:00:00,XYZ403,,anr,ANR_ADD_FAIL,FAIL,,,,,,,,,,,,,,ANR event,,,
2026-07-01 04:00:00,XYZ401,,anr,PCI_CONFLICT,FAIL,,,,,,,,,,,,,,ANR event,,,
2026-07-01 05:00:00,XYZ401,,anr,ANR_ADD_FAIL,FAIL,,,,,,,,,,,,,,ANR event,,,
2026-07-01 06:00:00,XYZ402,,anr,ANR_ADD_FAIL,FAIL,,,,,,,,,,,,,,ANR event,,,
2026-07-01 07:00:00,XYZ401,,anr,PCI_CONFLICT,FAIL,,,,,,,,,,,,,,ANR event,,,
2026-07-01 08:00:00,XYZ402,,anr,PCI_CONFLICT,FAIL,,,,,,,,,,,,,,ANR event,,,
2026-07-01 09:00:00,XYZ402,,anr,MISSING_NEIGHBOR,FAIL,,,,,,,,,,,,,,ANR event,,,
2026-07-01 10:00:00,XYZ401,,anr,MISSING_NEIGHBOR,FAIL,,,,,,,,,,,,,,ANR event,,,
2026-07-01 11:00:00,XYZ401,,anr,ANR_ADD_FAIL,FAIL,,,,,,,,,,,,,,ANR event,,,
2026-07-01 12:00:00,XYZ401,,anr,PCI_CONFLICT,FAIL,,,,,,,,,,,,,,ANR event,,,
2026-07-01 13:00:00,XYZ403,,anr,MISSING_NEIGHBOR,FAIL,,,,,,,,,,,,,,ANR event,,,
2026-07-01 14:00:00,XYZ403,,anr,PCI_CONFLICT,FAIL,,,,,,,,,,,,,,ANR event,,,
2026-07-01 15:00:00,XYZ401,,anr,MISSING_NEIGHBOR,FAIL,,,,,,,,,,,,,,ANR event,,,
2026-07-01 16:00:00,XYZ403,,anr,ANR_ADD_FAIL,FAIL,,,,,,,,,,,,,,ANR event,,,
2026-07-01 17:00:00,XYZ401,,anr,MISSING_NEIGHBOR,FAIL,,,,,,,,,,,,,,ANR event,,,
2026-07-01 18:00:00,XYZ403,,anr,PCI_CONFLICT,FAIL,,,,,,,,,,,,,,ANR event,,,
2026-07-01 19:00:00,XYZ401,,anr,MISSING_NEIGHBOR,FAIL,,,,,,,,,,,,,,ANR event,,,
2026-07-01 00:00:00,XYZ403,,alarm,Transport Packet Loss,FAIL,,,,,,,,,MAJOR,Transport Packet Loss,,,,,,,
2026-07-01 01:00:00,XYZ403,,alarm,Transport Packet Loss,FAIL,,,,,,,,,MAJOR,Transport Packet Loss,,,,,,,
2026-07-01 02:00:00,XYZ402,,alarm,Transport Packet Loss,FAIL,,,,,,,,,CRITICAL,Transport Packet Loss,,,,,,,
2026-07-01 03:00:00,XYZ403,,alarm,PTP Sync Lost,WARN,,,,,,,,,MINOR,PTP Sync Lost,,,,,,,
2026-07-01 04:00:00,XYZ402,,alarm,PTP Sync Lost,WARN,,,,,,,,,MINOR,PTP Sync Lost,,,,,,,
2026-07-01 05:00:00,XYZ402,,alarm,Transport Packet Loss,FAIL,,,,,,,,,CRITICAL,Transport Packet Loss,,,,,,,
2026-07-01 06:00:00,XYZ401,,alarm,PTP Sync Lost,FAIL,,,,,,,,,MAJOR,PTP Sync Lost,,,,,,,
2026-07-01 07:00:00,XYZ401,,alarm,Transport Packet Loss,FAIL,,,,,,,,,CRITICAL,Transport Packet Loss,,,,,,,
2026-07-01 08:00:00,XYZ401,,alarm,PTP Sync Lost,WARN,,,,,,,,,MINOR,PTP Sync Lost,,,,,,,
2026-07-01 09:00:00,XYZ402,,alarm,Transport Packet Loss,WARN,,,,,,,,,MINOR,Transport Packet Loss,,,,,,,
2026-07-01 10:00:00,XYZ401,,alarm,Beam Threshold,WARN,,,,,,,,,MINOR,Beam Threshold,,,,,,,
2026-07-01 11:00:00,XYZ402,,alarm,Transport Packet Loss,FAIL,,,,,,,,,CRITICAL,Transport Packet Loss,,,,,,,
2026-07-01 12:00:00,XYZ402,,alarm,Beam Threshold,FAIL,,,,,,,,,CRITICAL,Beam Threshold,,,,,,,
2026-07-01 13:00:00,XYZ401,,alarm,PTP Sync Lost,FAIL,,,,,,,,,MAJOR,PTP Sync Lost,,,,,,,
2026-07-01 14:00:00,XYZ402,,alarm,Transport Packet Loss,FAIL,,,,,,,,,MAJOR,Transport Packet Loss,,,,,,,
2026-07-01 15:00:00,XYZ403,,alarm,Beam Threshold,WARN,,,,,,,,,MINOR,Beam Threshold,,,,,,,
2026-07-01 16:00:00,XYZ403,,alarm,Beam Threshold,FAIL,,,,,,,,,MAJOR,Beam Threshold,,,,,,,
2026-07-01 17:00:00,XYZ403,,alarm,PTP Sync Lost,FAIL,,,,,,,,,MAJOR,PTP Sync Lost,,,,,,,
2026-07-01 18:00:00,XYZ403,,alarm,PTP Sync Lost,FAIL,,,,,,,,,MAJOR,PTP Sync Lost,,,,,,,
2026-07-01 19:00:00,XYZ401,,alarm,Transport Packet Loss,WARN,,,,,,,,,MINOR,Transport Packet Loss,,,,,,,
2026-07-01 20:00:00,XYZ402,,alarm,Beam Threshold,FAIL,,,,,,,,,CRITICAL,Beam Threshold,,,,,,,
2026-07-01 21:00:00,XYZ401,,alarm,Transport Packet Loss,FAIL,,,,,,,,,MAJOR,Transport Packet Loss,,,,,,,
2026-07-01 22:00:00,XYZ402,,alarm,PTP Sync Lost,WARN,,,,,,,,,MINOR,PTP Sync Lost,,,,,,,
2026-07-01 23:00:00,XYZ403,,alarm,Beam Threshold,FAIL,,,,,,,,,MAJOR,Beam Threshold,,,,,,,
2026-07-01 00:00:00,XYZ401,,alarm,Transport Packet Loss,FAIL,,,,,,,,,CRITICAL,Transport Packet Loss,,,,,,,
2026-07-01 01:00:00,XYZ403,,alarm,Beam Threshold,FAIL,,,,,,,,,CRITICAL,Beam Threshold,,,,,,,
2026-07-01 02:00:00,XYZ402,,alarm,PTP Sync Lost,WARN,,,,,,,,,MINOR,PTP Sync Lost,,,,,,,
2026-07-01 03:00:00,XYZ403,,alarm,Beam Threshold,FAIL,,,,,,,,,CRITICAL,Beam Threshold,,,,,,,
2026-07-01 04:00:00,XYZ401,,alarm,Beam Threshold,FAIL,,,,,,,,,CRITICAL,Beam Threshold,,,,,,,
2026-07-01 05:00:00,XYZ402,,alarm,Transport Packet Loss,FAIL,,,,,,,,,CRITICAL,Transport Packet Loss,,,,,,,
2026-07-01 06:00:00,XYZ403,,alarm,Transport Packet Loss,FAIL,,,,,,,,,MAJOR,Transport Packet Loss,,,,,,,
2026-07-01 07:00:00,XYZ403,,alarm,Beam Threshold,FAIL,,,,,,,,,MAJOR,Beam Threshold,,,,,,,
2026-07-01 08:00:00,XYZ403,,alarm,Transport Packet Loss,FAIL,,,,,,,,,CRITICAL,Transport Packet Loss,,,,,,,
2026-07-01 09:00:00,XYZ401,,alarm,Transport Packet Loss,WARN,,,,,,,,,MINOR,Transport Packet Loss,,,,,,,
2026-07-01 10:00:00,XYZ402,,alarm,Transport Packet Loss,WARN,,,,,,,,,MINOR,Transport Packet Loss,,,,,,,
2026-07-01 11:00:00,XYZ402,,alarm,Transport Packet Loss,FAIL,,,,,,,,,CRITICAL,Transport Packet Loss,,,,,,,
2026-07-01 12:00:00,XYZ401,,alarm,PTP Sync Lost,FAIL,,,,,,,,,CRITICAL,PTP Sync Lost,,,,,,,
2026-07-01 13:00:00,XYZ403,,alarm,Beam Threshold,FAIL,,,,,,,,,CRITICAL,Beam Threshold,,,,,,,
2026-07-01 14:00:00,XYZ401,,alarm,Transport Packet Loss,FAIL,,,,,,,,,MAJOR,Transport Packet Loss,,,,,,,
2026-07-01 15:00:00,XYZ402,,alarm,Transport Packet Loss,FAIL,,,,,,,,,CRITICAL,Transport Packet Loss,,,,,,,
2026-07-01 16:00:00,XYZ401,,alarm,PTP Sync Lost,WARN,,,,,,,,,MINOR,PTP Sync Lost,,,,,,,
2026-07-01 17:00:00,XYZ401,,alarm,Beam Threshold,FAIL,,,,,,,,,CRITICAL,Beam Threshold,,,,,,,
2026-07-01 18:00:00,XYZ401,,alarm,PTP Sync Lost,FAIL,,,,,,,,,CRITICAL,PTP Sync Lost,,,,,,,
2026-07-01 19:00:00,XYZ401,,alarm,Transport Packet Loss,FAIL,,,,,,,,,MAJOR,Transport Packet Loss,,,,,,,
2026-07-01 20:00:00,XYZ401,,alarm,Transport Packet Loss,FAIL,,,,,,,,,MAJOR,Transport Packet Loss,,,,,,,
2026-07-01 21:00:00,XYZ402,,alarm,PTP Sync Lost,FAIL,,,,,,,,,CRITICAL,PTP Sync Lost,,,,,,,
2026-07-01 22:00:00,XYZ401,,alarm,Transport Packet Loss,FAIL,,,,,,,,,MAJOR,Transport Packet Loss,,,,,,,
2026-07-01 23:00:00,XYZ403,,alarm,Beam Threshold,FAIL,,,,,,,,,MAJOR,Beam Threshold,,,,,,,
2026-07-01 00:00:00,XYZ401,,alarm,PTP Sync Lost,WARN,,,,,,,,,MINOR,PTP Sync Lost,,,,,,,
2026-07-01 01:00:00,XYZ401,,alarm,Beam Threshold,FAIL,,,,,,,,,CRITICAL,Beam Threshold,,,,,,,
2026-07-01 02:00:00,XYZ402,,alarm,Transport Packet Loss,FAIL,,,,,,,,,CRITICAL,Transport Packet Loss,,,,,,,
2026-07-01 03:00:00,XYZ401,,alarm,Transport Packet Loss,FAIL,,,,,,,,,MAJOR,Transport Packet Loss,,,,,,,
2026-07-01 04:00:00,XYZ402,,alarm,Transport Packet Loss,WARN,,,,,,,,,MINOR,Transport Packet Loss,,,,,,,
2026-07-01 05:00:00,XYZ403,,alarm,Transport Packet Loss,FAIL,,,,,,,,,CRITICAL,Transport Packet Loss,,,,,,,
2026-07-01 06:00:00,XYZ402,,alarm,Transport Packet Loss,FAIL,,,,,,,,,CRITICAL,Transport Packet Loss,,,,,,,
2026-07-01 07:00:00,XYZ402,,alarm,Transport Packet Loss,FAIL,,,,,,,,,MAJOR,Transport Packet Loss,,,,,,,
2026-07-01 08:00:00,XYZ401,,alarm,Transport Packet Loss,FAIL,,,,,,,,,CRITICAL,Transport Packet Loss,,,,,,,
2026-07-01 09:00:00,XYZ401,,alarm,PTP Sync Lost,FAIL,,,,,,,,,CRITICAL,PTP Sync Lost,,,,,,,
2026-07-01 10:00:00,XYZ401,,alarm,Transport Packet Loss,FAIL,,,,,,,,,CRITICAL,Transport Packet Loss,,,,,,,
2026-07-01 11:00:00,XYZ401,,alarm,Beam Threshold,FAIL,,,,,,,,,CRITICAL,Beam Threshold,,,,,,,
2026-07-01 12:00:00,XYZ403,,alarm,Transport Packet Loss,WARN,,,,,,,,,MINOR,Transport Packet Loss,,,,,,,
2026-07-01 13:00:00,XYZ401,,alarm,Beam Threshold,FAIL,,,,,,,,,MAJOR,Beam Threshold,,,,,,,
2026-07-01 14:00:00,XYZ401,,alarm,PTP Sync Lost,WARN,,,,,,,,,MINOR,PTP Sync Lost,,,,,,,
2026-07-01 15:00:00,XYZ403,,alarm,Transport Packet Loss,FAIL,,,,,,,,,MAJOR,Transport Packet Loss,,,,,,,
2026-07-01 16:00:00,XYZ402,,alarm,Transport Packet Loss,WARN,,,,,,,,,MINOR,Transport Packet Loss,,,,,,,
2026-07-01 17:00:00,XYZ403,,alarm,Beam Threshold,FAIL,,,,,,,,,MAJOR,Beam Threshold,,,,,,,
2026-07-01 18:00:00,XYZ401,,alarm,Beam Threshold,WARN,,,,,,,,,MINOR,Beam Threshold,,,,,,,
2026-07-01 19:00:00,XYZ402,,alarm,Transport Packet Loss,WARN,,,,,,,,,MINOR,Transport Packet Loss,,,,,,,
2026-07-01 20:00:00,XYZ401,,alarm,PTP Sync Lost,FAIL,,,,,,,,,CRITICAL,PTP Sync Lost,,,,,,,
2026-07-01 21:00:00,XYZ402,,alarm,Beam Threshold,FAIL,,,,,,,,,MAJOR,Beam Threshold,,,,,,,
2026-07-01 22:00:00,XYZ403,,alarm,Transport Packet Loss,WARN,,,,,,,,,MINOR,Transport Packet Loss,,,,,,,
2026-07-01 23:00:00,XYZ403,,alarm,PTP Sync Lost,WARN,,,,,,,,,MINOR,PTP Sync Lost,,,,,,,
2026-07-01 00:00:00,XYZ403,,alarm,PTP Sync Lost,FAIL,,,,,,,,,MAJOR,PTP Sync Lost,,,,,,,
2026-07-01 01:00:00,XYZ402,,alarm,Transport Packet Loss,FAIL,,,,,,,,,CRITICAL,Transport Packet Loss,,,,,,,
2026-07-01 02:00:00,XYZ403,,alarm,Transport Packet Loss,FAIL,,,,,,,,,CRITICAL,Transport Packet Loss,,,,,,,
2026-07-01 03:00:00,XYZ401,,alarm,PTP Sync Lost,FAIL,,,,,,,,,MAJOR,PTP Sync Lost,,,,,,,
2026-07-01 04:00:00,XYZ401,,alarm,Transport Packet Loss,FAIL,,,,,,,,,CRITICAL,Transport Packet Loss,,,,,,,
2026-07-01 05:00:00,XYZ403,,alarm,PTP Sync Lost,FAIL,,,,,,,,,CRITICAL,PTP Sync Lost,,,,,,,
2026-07-01 06:00:00,XYZ401,,alarm,PTP Sync Lost,FAIL,,,,,,,,,MAJOR,PTP Sync Lost,,,,,,,
2026-07-01 07:00:00,XYZ403,,alarm,Beam Threshold,WARN,,,,,,,,,MINOR,Beam Threshold,,,,,,,
2026-07-01 08:00:00,XYZ401,,alarm,PTP Sync Lost,FAIL,,,,,,,,,MAJOR,PTP Sync Lost,,,,,,,
2026-07-01 09:00:00,XYZ402,,alarm,Beam Threshold,FAIL,,,,,,,,,CRITICAL,Beam Threshold,,,,,,,
2026-07-01 10:00:00,XYZ402,,alarm,Beam Threshold,FAIL,,,,,,,,,CRITICAL,Beam Threshold,,,,,,,
2026-07-01 11:00:00,XYZ401,,alarm,Beam Threshold,WARN,,,,,,,,,MINOR,Beam Threshold,,,,,,,
2026-07-01 12:00:00,XYZ402,,alarm,Transport Packet Loss,FAIL,,,,,,,,,MAJOR,Transport Packet Loss,,,,,,,
2026-07-01 13:00:00,XYZ403,,alarm,PTP Sync Lost,FAIL,,,,,,,,,CRITICAL,PTP Sync Lost,,,,,,,
2026-07-01 14:00:00,XYZ401,,alarm,PTP Sync Lost,FAIL,,,,,,,,,MAJOR,PTP Sync Lost,,,,,,,
2026-07-01 15:00:00,XYZ403,,alarm,PTP Sync Lost,FAIL,,,,,,,,,CRITICAL,PTP Sync Lost,,,,,,,
2026-07-01 16:00:00,XYZ401,,alarm,Beam Threshold,FAIL,,,,,,,,,MAJOR,Beam Threshold,,,,,,,
2026-07-01 17:00:00,XYZ403,,alarm,PTP Sync Lost,FAIL,,,,,,,,,MAJOR,PTP Sync Lost,,,,,,,
2026-07-01 18:00:00,XYZ402,,alarm,Beam Threshold,FAIL,,,,,,,,,MAJOR,Beam Threshold,,,,,,,
2026-07-01 19:00:00,XYZ403,,alarm,Beam Threshold,WARN,,,,,,,,,MINOR,Beam Threshold,,,,,,,
2026-07-01 20:00:00,XYZ403,,alarm,PTP Sync Lost,WARN,,,,,,,,,MINOR,PTP Sync Lost,,,,,,,
2026-07-01 21:00:00,XYZ401,,alarm,Beam Threshold,WARN,,,,,,,,,MINOR,Beam Threshold,,,,,,,
2026-07-01 22:00:00,XYZ403,,alarm,Beam Threshold,WARN,,,,,,,,,MINOR,Beam Threshold,,,,,,,
2026-07-01 23:00:00,XYZ403,,alarm,Beam Threshold,WARN,,,,,,,,,MINOR,Beam Threshold,,,,,,,
2026-07-01 00:00:00,XYZ403,,alarm,Transport Packet Loss,FAIL,,,,,,,,,CRITICAL,Transport Packet Loss,,,,,,,
2026-07-01 01:00:00,XYZ401,,alarm,Transport Packet Loss,WARN,,,,,,,,,MINOR,Transport Packet Loss,,,,,,,
2026-07-01 02:00:00,XYZ402,,alarm,Transport Packet Loss,WARN,,,,,,,,,MINOR,Transport Packet Loss,,,,,,,
2026-07-01 03:00:00,XYZ403,,alarm,PTP Sync Lost,FAIL,,,,,,,,,MAJOR,PTP Sync Lost,,,,,,,
2026-07-01 04:00:00,XYZ403,,alarm,Transport Packet Loss,WARN,,,,,,,,,MINOR,Transport Packet Loss,,,,,,,
2026-07-01 05:00:00,XYZ402,,alarm,Transport Packet Loss,FAIL,,,,,,,,,CRITICAL,Transport Packet Loss,,,,,,,
2026-07-01 06:00:00,XYZ402,,alarm,Transport Packet Loss,WARN,,,,,,,,,MINOR,Transport Packet Loss,,,,,,,
2026-07-01 07:00:00,XYZ402,,alarm,Beam Threshold,WARN,,,,,,,,,MINOR,Beam Threshold,,,,,,,
2026-07-01 08:00:00,XYZ402,,alarm,Beam Threshold,WARN,,,,,,,,,MINOR,Beam Threshold,,,,,,,
2026-07-01 09:00:00,XYZ401,,alarm,Transport Packet Loss,WARN,,,,,,,,,MINOR,Transport Packet Loss,,,,,,,
2026-07-01 10:00:00,XYZ401,,alarm,PTP Sync Lost,FAIL,,,,,,,,,MAJOR,PTP Sync Lost,,,,,,,
2026-07-01 11:00:00,XYZ402,,alarm,PTP Sync Lost,FAIL,,,,,,,,,MAJOR,PTP Sync Lost,,,,,,,
2026-07-01 12:00:00,XYZ401,,alarm,Transport Packet Loss,WARN,,,,,,,,,MINOR,Transport Packet Loss,,,,,,,
2026-07-01 13:00:00,XYZ401,,alarm,Beam Threshold,FAIL,,,,,,,,,CRITICAL,Beam Threshold,,,,,,,
2026-07-01 14:00:00,XYZ401,,alarm,Transport Packet Loss,FAIL,,,,,,,,,CRITICAL,Transport Packet Loss,,,,,,,
2026-07-01 15:00:00,XYZ402,,alarm,PTP Sync Lost,WARN,,,,,,,,,MINOR,PTP Sync Lost,,,,,,,
2026-07-01 16:00:00,XYZ401,,alarm,Beam Threshold,FAIL,,,,,,,,,MAJOR,Beam Threshold,,,,,,,
2026-07-01 17:00:00,XYZ403,,alarm,Transport Packet Loss,FAIL,,,,,,,,,MAJOR,Transport Packet Loss,,,,,,,
2026-07-01 18:00:00,XYZ402,,alarm,Transport Packet Loss,WARN,,,,,,,,,MINOR,Transport Packet Loss,,,,,,,
2026-07-01 19:00:00,XYZ401,,alarm,Beam Threshold,FAIL,,,,,,,,,MAJOR,Beam Threshold,,,,,,,
2026-07-01 20:00:00,XYZ402,,alarm,PTP Sync Lost,FAIL,,,,,,,,,MAJOR,PTP Sync Lost,,,,,,,
2026-07-01 21:00:00,XYZ403,,alarm,Transport Packet Loss,FAIL,,,,,,,,,CRITICAL,Transport Packet Loss,,,,,,,
2026-07-01 22:00:00,XYZ401,,alarm,PTP Sync Lost,FAIL,,,,,,,,,CRITICAL,PTP Sync Lost,,,,,,,
2026-07-01 23:00:00,XYZ403,,alarm,PTP Sync Lost,FAIL,,,,,,,,,MAJOR,PTP Sync Lost,,,,,,,
2026-07-01 00:00:00,XYZ402,,alarm,Beam Threshold,FAIL,,,,,,,,,MAJOR,Beam Threshold,,,,,,,
2026-07-01 01:00:00,XYZ402,,alarm,Beam Threshold,FAIL,,,,,,,,,MAJOR,Beam Threshold,,,,,,,
2026-07-01 02:00:00,XYZ403,,alarm,Transport Packet Loss,FAIL,,,,,,,,,CRITICAL,Transport Packet Loss,,,,,,,
2026-07-01 03:00:00,XYZ402,,alarm,PTP Sync Lost,FAIL,,,,,,,,,CRITICAL,PTP Sync Lost,,,,,,,
2026-07-01 04:00:00,XYZ401,,alarm,PTP Sync Lost,FAIL,,,,,,,,,MAJOR,PTP Sync Lost,,,,,,,
2026-07-01 05:00:00,XYZ401,,alarm,PTP Sync Lost,FAIL,,,,,,,,,CRITICAL,PTP Sync Lost,,,,,,,
2026-07-01 06:00:00,XYZ401,,alarm,Transport Packet Loss,WARN,,,,,,,,,MINOR,Transport Packet Loss,,,,,,,
2026-07-01 07:00:00,XYZ401,,alarm,PTP Sync Lost,WARN,,,,,,,,,MINOR,PTP Sync Lost,,,,,,,
2026-07-01 08:00:00,XYZ403,,alarm,Transport Packet Loss,WARN,,,,,,,,,MINOR,Transport Packet Loss,,,,,,,
2026-07-01 09:00:00,XYZ401,,alarm,Beam Threshold,FAIL,,,,,,,,,CRITICAL,Beam Threshold,,,,,,,
2026-07-01 10:00:00,XYZ403,,alarm,PTP Sync Lost,FAIL,,,,,,,,,MAJOR,PTP Sync Lost,,,,,,,
2026-07-01 11:00:00,XYZ402,,alarm,PTP Sync Lost,WARN,,,,,,,,,MINOR,PTP Sync Lost,,,,,,,
2026-07-01 12:00:00,XYZ402,,alarm,Beam Threshold,FAIL,,,,,,,,,MAJOR,Beam Threshold,,,,,,,
2026-07-01 13:00:00,XYZ403,,alarm,PTP Sync Lost,FAIL,,,,,,,,,CRITICAL,PTP Sync Lost,,,,,,,
2026-07-01 14:00:00,XYZ402,,alarm,PTP Sync Lost,FAIL,,,,,,,,,CRITICAL,PTP Sync Lost,,,,,,,
2026-07-01 15:00:00,XYZ403,,alarm,Beam Threshold,FAIL,,,,,,,,,CRITICAL,Beam Threshold,,,,,,,
2026-07-01 16:00:00,XYZ403,,alarm,PTP Sync Lost,WARN,,,,,,,,,MINOR,PTP Sync Lost,,,,,,,
2026-07-01 17:00:00,XYZ401,,alarm,Beam Threshold,WARN,,,,,,,,,MINOR,Beam Threshold,,,,,,,
2026-07-01 18:00:00,XYZ403,,alarm,PTP Sync Lost,FAIL,,,,,,,,,MAJOR,PTP Sync Lost,,,,,,,
2026-07-01 19:00:00,XYZ401,,alarm,PTP Sync Lost,FAIL,,,,,,,,,CRITICAL,PTP Sync Lost,,,,,,,
2026-07-01 20:00:00,XYZ401,,alarm,Transport Packet Loss,WARN,,,,,,,,,MINOR,Transport Packet Loss,,,,,,,
2026-07-01 21:00:00,XYZ401,,alarm,PTP Sync Lost,FAIL,,,,,,,,,MAJOR,PTP Sync Lost,,,,,,,
2026-07-01 22:00:00,XYZ403,,alarm,Beam Threshold,FAIL,,,,,,,,,MAJOR,Beam Threshold,,,,,,,
2026-07-01 23:00:00,XYZ403,,alarm,Beam Threshold,FAIL,,,,,,,,,CRITICAL,Beam Threshold,,,,,,,
2026-07-01 00:00:00,XYZ403,,alarm,Beam Threshold,FAIL,,,,,,,,,MAJOR,Beam Threshold,,,,,,,
2026-07-01 01:00:00,XYZ401,,alarm,Beam Threshold,FAIL,,,,,,,,,CRITICAL,Beam Threshold,,,,,,,
2026-07-01 02:00:00,XYZ402,,alarm,Transport Packet Loss,FAIL,,,,,,,,,MAJOR,Transport Packet Loss,,,,,,,
2026-07-01 03:00:00,XYZ403,,alarm,Transport Packet Loss,FAIL,,,,,,,,,CRITICAL,Transport Packet Loss,,,,,,,
2026-07-01 04:00:00,XYZ401,,alarm,Transport Packet Loss,WARN,,,,,,,,,MINOR,Transport Packet Loss,,,,,,,
2026-07-01 05:00:00,XYZ402,,alarm,Beam Threshold,WARN,,,,,,,,,MINOR,Beam Threshold,,,,,,,
2026-07-01 06:00:00,XYZ402,,alarm,PTP Sync Lost,WARN,,,,,,,,,MINOR,PTP Sync Lost,,,,,,,
2026-07-01 07:00:00,XYZ403,,alarm,Transport Packet Loss,FAIL,,,,,,,,,MAJOR,Transport Packet Loss,,,,,,,
2026-07-01 08:00:00,XYZ403,,alarm,Beam Threshold,FAIL,,,,,,,,,MAJOR,Beam Threshold,,,,,,,
2026-07-01 09:00:00,XYZ402,,alarm,Transport Packet Loss,WARN,,,,,,,,,MINOR,Transport Packet Loss,,,,,,,
2026-07-01 10:00:00,XYZ401,,alarm,Beam Threshold,FAIL,,,,,,,,,CRITICAL,Beam Threshold,,,,,,,
2026-07-01 11:00:00,XYZ402,,alarm,Transport Packet Loss,WARN,,,,,,,,,MINOR,Transport Packet Loss,,,,,,,
2026-07-01 12:00:00,XYZ402,,alarm,PTP Sync Lost,FAIL,,,,,,,,,MAJOR,PTP Sync Lost,,,,,,,
2026-07-01 13:00:00,XYZ402,,alarm,PTP Sync Lost,FAIL,,,,,,,,,MAJOR,PTP Sync Lost,,,,,,,
2026-07-01 14:00:00,XYZ401,,alarm,PTP Sync Lost,FAIL,,,,,,,,,CRITICAL,PTP Sync Lost,,,,,,,
2026-07-01 15:00:00,XYZ402,,alarm,Transport Packet Loss,WARN,,,,,,,,,MINOR,Transport Packet Loss,,,,,,,
2026-07-01 16:00:00,XYZ401,,alarm,PTP Sync Lost,WARN,,,,,,,,,MINOR,PTP Sync Lost,,,,,,,
2026-07-01 17:00:00,XYZ403,,alarm,Beam Threshold,WARN,,,,,,,,,MINOR,Beam Threshold,,,,,,,
2026-07-01 18:00:00,XYZ401,,alarm,Transport Packet Loss,FAIL,,,,,,,,,MAJOR,Transport Packet Loss,,,,,,,
2026-07-01 19:00:00,XYZ403,,alarm,Beam Threshold,WARN,,,,,,,,,MINOR,Beam Threshold,,,,,,,
2026-07-01 20:00:00,XYZ403,,alarm,Beam Threshold,FAIL,,,,,,,,,MAJOR,Beam Threshold,,,,,,,
2026-07-01 21:00:00,XYZ402,,alarm,PTP Sync Lost,FAIL,,,,,,,,,CRITICAL,PTP Sync Lost,,,,,,,
2026-07-01 22:00:00,XYZ403,,alarm,PTP Sync Lost,FAIL,,,,,,,,,CRITICAL,PTP Sync Lost,,,,,,,
2026-07-01 23:00:00,XYZ403,,alarm,PTP Sync Lost,WARN,,,,,,,,,MINOR,PTP Sync Lost,,,,,,,
2026-07-01 00:00:00,XYZ402,,alarm,Beam Threshold,FAIL,,,,,,,,,MAJOR,Beam Threshold,,,,,,,
2026-07-01 01:00:00,XYZ402,,alarm,Beam Threshold,FAIL,,,,,,,,,CRITICAL,Beam Threshold,,,,,,,
2026-07-01 02:00:00,XYZ403,,alarm,PTP Sync Lost,FAIL,,,,,,,,,CRITICAL,PTP Sync Lost,,,,,,,
2026-07-01 03:00:00,XYZ403,,alarm,Transport Packet Loss,FAIL,,,,,,,,,MAJOR,Transport Packet Loss,,,,,,,
2026-07-01 04:00:00,XYZ403,,alarm,Transport Packet Loss,WARN,,,,,,,,,MINOR,Transport Packet Loss,,,,,,,
2026-07-01 05:00:00,XYZ402,,alarm,Transport Packet Loss,FAIL,,,,,,,,,CRITICAL,Transport Packet Loss,,,,,,,
2026-07-01 06:00:00,XYZ402,,alarm,Beam Threshold,FAIL,,,,,,,,,CRITICAL,Beam Threshold,,,,,,,
2026-07-01 07:00:00,XYZ402,,alarm,Beam Threshold,FAIL,,,,,,,,,MAJOR,Beam Threshold,,,,,,,
2026-07-01 08:00:00,XYZ402,,alarm,PTP Sync Lost,FAIL,,,,,,,,,MAJOR,PTP Sync Lost,,,,,,,
2026-07-01 09:00:00,XYZ401,,alarm,PTP Sync Lost,FAIL,,,,,,,,,MAJOR,PTP Sync Lost,,,,,,,
2026-07-01 10:00:00,XYZ403,,alarm,Beam Threshold,WARN,,,,,,,,,MINOR,Beam Threshold,,,,,,,
2026-07-01 11:00:00,XYZ403,,alarm,Transport Packet Loss,FAIL,,,,,,,,,MAJOR,Transport Packet Loss,,,,,,,
2026-07-01 12:00:00,XYZ402,,alarm,PTP Sync Lost,FAIL,,,,,,,,,CRITICAL,PTP Sync Lost,,,,,,,
2026-07-01 13:00:00,XYZ403,,alarm,Beam Threshold,WARN,,,,,,,,,MINOR,Beam Threshold,,,,,,,
2026-07-01 14:00:00,XYZ402,,alarm,Transport Packet Loss,FAIL,,,,,,,,,MAJOR,Transport Packet Loss,,,,,,,
2026-07-01 15:00:00,XYZ401,,alarm,Beam Threshold,FAIL,,,,,,,,,MAJOR,Beam Threshold,,,,,,,
2026-07-01 16:00:00,XYZ402,,alarm,PTP Sync Lost,FAIL,,,,,,,,,CRITICAL,PTP Sync Lost,,,,,,,
2026-07-01 17:00:00,XYZ402,,alarm,Transport Packet Loss,WARN,,,,,,,,,MINOR,Transport Packet Loss,,,,,,,
2026-07-01 18:00:00,XYZ402,,alarm,Beam Threshold,FAIL,,,,,,,,,CRITICAL,Beam Threshold,,,,,,,
2026-07-01 19:00:00,XYZ401,,alarm,PTP Sync Lost,FAIL,,,,,,,,,CRITICAL,PTP Sync Lost,,,,,,,
2026-07-01 20:00:00,XYZ401,,alarm,Transport Packet Loss,FAIL,,,,,,,,,MAJOR,Transport Packet Loss,,,,,,,
2026-07-01 21:00:00,XYZ402,,alarm,Transport Packet Loss,WARN,,,,,,,,,MINOR,Transport Packet Loss,,,,,,,
2026-07-01 22:00:00,XYZ401,,alarm,Transport Packet Loss,FAIL,,,,,,,,,MAJOR,Transport Packet Loss,,,,,,,
2026-07-01 23:00:00,XYZ403,,alarm,PTP Sync Lost,FAIL,,,,,,,,,CRITICAL,PTP Sync Lost,,,,,,,
2026-07-01 00:00:00,XYZ403,,alarm,Transport Packet Loss,WARN,,,,,,,,,MINOR,Transport Packet Loss,,,,,,,
2026-07-01 01:00:00,XYZ401,,alarm,Beam Threshold,FAIL,,,,,,,,,CRITICAL,Beam Threshold,,,,,,,
2026-07-01 02:00:00,XYZ401,,alarm,PTP Sync Lost,WARN,,,,,,,,,MINOR,PTP Sync Lost,,,,,,,
2026-07-01 03:00:00,XYZ401,,alarm,Transport Packet Loss,WARN,,,,,,,,,MINOR,Transport Packet Loss,,,,,,,
2026-07-01 04:00:00,XYZ402,,alarm,PTP Sync Lost,FAIL,,,,,,,,,MAJOR,PTP Sync Lost,,,,,,,
2026-07-01 05:00:00,XYZ402,,alarm,PTP Sync Lost,FAIL,,,,,,,,,CRITICAL,PTP Sync Lost,,,,,,,
2026-07-01 06:00:00,XYZ401,,alarm,Transport Packet Loss,FAIL,,,,,,,,,MAJOR,Transport Packet Loss,,,,,,,
2026-07-01 07:00:00,XYZ402,,alarm,Transport Packet Loss,WARN,,,,,,,,,MINOR,Transport Packet Loss,,,,,,,
2026-07-01 08:00:00,XYZ403,,alarm,Transport Packet Loss,WARN,,,,,,,,,MINOR,Transport Packet Loss,,,,,,,
2026-07-01 09:00:00,XYZ401,,alarm,Transport Packet Loss,WARN,,,,,,,,,MINOR,Transport Packet Loss,,,,,,,
2026-07-01 10:00:00,XYZ403,,alarm,Beam Threshold,FAIL,,,,,,,,,MAJOR,Beam Threshold,,,,,,,
2026-07-01 11:00:00,XYZ403,,alarm,Transport Packet Loss,FAIL,,,,,,,,,MAJOR,Transport Packet Loss,,,,,,,
2026-07-01 12:00:00,XYZ402,,alarm,PTP Sync Lost,WARN,,,,,,,,,MINOR,PTP Sync Lost,,,,,,,
2026-07-01 13:00:00,XYZ402,,alarm,PTP Sync Lost,WARN,,,,,,,,,MINOR,PTP Sync Lost,,,,,,,
2026-07-01 14:00:00,XYZ403,,alarm,Transport Packet Loss,WARN,,,,,,,,,MINOR,Transport Packet Loss,,,,,,,
2026-07-01 15:00:00,XYZ402,,alarm,Beam Threshold,WARN,,,,,,,,,MINOR,Beam Threshold,,,,,,,
2026-07-01 16:00:00,XYZ401,,alarm,Transport Packet Loss,WARN,,,,,,,,,MINOR,Transport Packet Loss,,,,,,,
2026-07-01 17:00:00,XYZ402,,alarm,Transport Packet Loss,WARN,,,,,,,,,MINOR,Transport Packet Loss,,,,,,,
2026-07-01 18:00:00,XYZ403,,alarm,Beam Threshold,FAIL,,,,,,,,,CRITICAL,Beam Threshold,,,,,,,
2026-07-01 19:00:00,XYZ402,,alarm,PTP Sync Lost,FAIL,,,,,,,,,CRITICAL,PTP Sync Lost,,,,,,,
2026-07-01 20:00:00,XYZ402,,alarm,Transport Packet Loss,FAIL,,,,,,,,,MAJOR,Transport Packet Loss,,,,,,,
2026-07-01 21:00:00,XYZ402,,alarm,PTP Sync Lost,FAIL,,,,,,,,,MAJOR,PTP Sync Lost,,,,,,,
2026-07-01 22:00:00,XYZ402,,alarm,Beam Threshold,FAIL,,,,,,,,,MAJOR,Beam Threshold,,,,,,,
2026-07-01 23:00:00,XYZ402,,alarm,Transport Packet Loss,FAIL,,,,,,,,,CRITICAL,Transport Packet Loss,,,,,,,
2026-07-01 00:00:00,XYZ402,,alarm,PTP Sync Lost,WARN,,,,,,,,,MINOR,PTP Sync Lost,,,,,,,
2026-07-01 01:00:00,XYZ402,,alarm,Transport Packet Loss,WARN,,,,,,,,,MINOR,Transport Packet Loss,,,,,,,
2026-07-01 02:00:00,XYZ401,,alarm,Transport Packet Loss,FAIL,,,,,,,,,CRITICAL,Transport Packet Loss,,,,,,,
2026-07-01 03:00:00,XYZ402,,alarm,Beam Threshold,FAIL,,,,,,,,,CRITICAL,Beam Threshold,,,,,,,
2026-07-01 04:00:00,XYZ403,,alarm,Transport Packet Loss,FAIL,,,,,,,,,MAJOR,Transport Packet Loss,,,,,,,
2026-07-01 05:00:00,XYZ403,,alarm,Transport Packet Loss,WARN,,,,,,,,,MINOR,Transport Packet Loss,,,,,,,
2026-07-01 06:00:00,XYZ401,,alarm,PTP Sync Lost,WARN,,,,,,,,,MINOR,PTP Sync Lost,,,,,,,
2026-07-01 07:00:00,XYZ401,,alarm,PTP Sync Lost,FAIL,,,,,,,,,CRITICAL,PTP Sync Lost,,,,,,,
2026-07-01 08:00:00,XYZ401,,alarm,Transport Packet Loss,WARN,,,,,,,,,MINOR,Transport Packet Loss,,,,,,,
2026-07-01 09:00:00,XYZ403,,alarm,PTP Sync Lost,WARN,,,,,,,,,MINOR,PTP Sync Lost,,,,,,,
2026-07-01 10:00:00,XYZ402,,alarm,PTP Sync Lost,FAIL,,,,,,,,,CRITICAL,PTP Sync Lost,,,,,,,
2026-07-01 11:00:00,XYZ403,,alarm,Transport Packet Loss,WARN,,,,,,,,,MINOR,Transport Packet Loss,,,,,,,
2026-07-01 12:00:00,XYZ403,,alarm,Beam Threshold,WARN,,,,,,,,,MINOR,Beam Threshold,,,,,,,
2026-07-01 13:00:00,XYZ403,,alarm,Transport Packet Loss,WARN,,,,,,,,,MINOR,Transport Packet Loss,,,,,,,
2026-07-01 14:00:00,XYZ403,,alarm,Transport Packet Loss,WARN,,,,,,,,,MINOR,Transport Packet Loss,,,,,,,
2026-07-01 15:00:00,XYZ402,,alarm,PTP Sync Lost,FAIL,,,,,,,,,CRITICAL,PTP Sync Lost,,,,,,,
2026-07-01 16:00:00,XYZ401,,alarm,Transport Packet Loss,WARN,,,,,,,,,MINOR,Transport Packet Loss,,,,,,,
2026-07-01 17:00:00,XYZ403,,alarm,Beam Threshold,WARN,,,,,,,,,MINOR,Beam Threshold,,,,,,,
2026-07-01 18:00:00,XYZ401,,alarm,Transport Packet Loss,WARN,,,,,,,,,MINOR,Transport Packet Loss,,,,,,,
2026-07-01 19:00:00,XYZ402,,alarm,Transport Packet Loss,FAIL,,,,,,,,,CRITICAL,Transport Packet Loss,,,,,,,
2026-07-01 20:00:00,XYZ402,,alarm,PTP Sync Lost,FAIL,,,,,,,,,CRITICAL,PTP Sync Lost,,,,,,,
2026-07-01 21:00:00,XYZ401,,alarm,Beam Threshold,FAIL,,,,,,,,,MAJOR,Beam Threshold,,,,,,,
2026-07-01 22:00:00,XYZ403,,alarm,PTP Sync Lost,WARN,,,,,,,,,MINOR,PTP Sync Lost,,,,,,,
2026-07-01 23:00:00,XYZ402,,alarm,Transport Packet Loss,FAIL,,,,,,,,,CRITICAL,Transport Packet Loss,,,,,,,
2026-07-01 00:00:00,XYZ403,,alarm,Beam Threshold,FAIL,,,,,,,,,MAJOR,Beam Threshold,,,,,,,
2026-07-01 01:00:00,XYZ401,,alarm,PTP Sync Lost,FAIL,,,,,,,,,MAJOR,PTP Sync Lost,,,,,,,
2026-07-01 02:00:00,XYZ401,,alarm,Transport Packet Loss,FAIL,,,,,,,,,MAJOR,Transport Packet Loss,,,,,,,
2026-07-01 03:00:00,XYZ401,,alarm,Beam Threshold,FAIL,,,,,,,,,CRITICAL,Beam Threshold,,,,,,,
2026-07-01 04:00:00,XYZ401,,alarm,Transport Packet Loss,FAIL,,,,,,,,,CRITICAL,Transport Packet Loss,,,,,,,
2026-07-01 05:00:00,XYZ402,,alarm,PTP Sync Lost,WARN,,,,,,,,,MINOR,PTP Sync Lost,,,,,,,
2026-07-01 06:00:00,XYZ402,,alarm,Transport Packet Loss,WARN,,,,,,,,,MINOR,Transport Packet Loss,,,,,,,
2026-07-01 07:00:00,XYZ402,,alarm,Transport Packet Loss,WARN,,,,,,,,,MINOR,Transport Packet Loss,,,,,,,
2026-07-01 08:00:00,XYZ403,,alarm,Transport Packet Loss,WARN,,,,,,,,,MINOR,Transport Packet Loss,,,,,,,
2026-07-01 09:00:00,XYZ403,,alarm,Beam Threshold,FAIL,,,,,,,,,MAJOR,Beam Threshold,,,,,,,
2026-07-01 10:00:00,XYZ401,,alarm,PTP Sync Lost,FAIL,,,,,,,,,CRITICAL,PTP Sync Lost,,,,,,,
2026-07-01 11:00:00,XYZ401,,alarm,Transport Packet Loss,FAIL,,,,,,,,,CRITICAL,Transport Packet Loss,,,,,,,
2026-07-01 12:00:00,XYZ402,,alarm,Transport Packet Loss,WARN,,,,,,,,,MINOR,Transport Packet Loss,,,,,,,
2026-07-01 13:00:00,XYZ403,,alarm,PTP Sync Lost,FAIL,,,,,,,,,MAJOR,PTP Sync Lost,,,,,,,
2026-07-01 14:00:00,XYZ402,,alarm,Beam Threshold,WARN,,,,,,,,,MINOR,Beam Threshold,,,,,,,
2026-07-01 15:00:00,XYZ401,,alarm,Transport Packet Loss,WARN,,,,,,,,,MINOR,Transport Packet Loss,,,,,,,
2026-07-01 16:00:00,XYZ403,,alarm,Beam Threshold,FAIL,,,,,,,,,MAJOR,Beam Threshold,,,,,,,
2026-07-01 17:00:00,XYZ403,,alarm,Transport Packet Loss,FAIL,,,,,,,,,CRITICAL,Transport Packet Loss,,,,,,,
2026-07-01 18:00:00,XYZ403,,alarm,Transport Packet Loss,FAIL,,,,,,,,,MAJOR,Transport Packet Loss,,,,,,,
2026-07-01 19:00:00,XYZ403,,alarm,PTP Sync Lost,WARN,,,,,,,,,MINOR,PTP Sync Lost,,,,,,,
2026-07-01 20:00:00,XYZ401,,alarm,Beam Threshold,FAIL,,,,,,,,,CRITICAL,Beam Threshold,,,,,,,
2026-07-01 21:00:00,XYZ403,,alarm,Transport Packet Loss,FAIL,,,,,,,,,MAJOR,Transport Packet Loss,,,,,,,
2026-07-01 22:00:00,XYZ403,,alarm,Transport Packet Loss,FAIL,,,,,,,,,MAJOR,Transport Packet Loss,,,,,,,
2026-07-01 23:00:00,XYZ403,,alarm,Beam Threshold,WARN,,,,,,,,,MINOR,Beam Threshold,,,,,,,
2026-07-01 00:00:00,XYZ403,,alarm,PTP Sync Lost,WARN,,,,,,,,,MINOR,PTP Sync Lost,,,,,,,
2026-07-01 01:00:00,XYZ402,,alarm,Transport Packet Loss,WARN,,,,,,,,,MINOR,Transport Packet Loss,,,,,,,
2026-07-01 02:00:00,XYZ401,,alarm,Transport Packet Loss,WARN,,,,,,,,,MINOR,Transport Packet Loss,,,,,,,
2026-07-01 03:00:00,XYZ401,,alarm,Transport Packet Loss,FAIL,,,,,,,,,CRITICAL,Transport Packet Loss,,,,,,,
2026-07-01 04:00:00,XYZ403,,alarm,Transport Packet Loss,FAIL,,,,,,,,,CRITICAL,Transport Packet Loss,,,,,,,
2026-07-01 05:00:00,XYZ403,,alarm,Transport Packet Loss,FAIL,,,,,,,,,CRITICAL,Transport Packet Loss,,,,,,,
2026-07-01 06:00:00,XYZ403,,alarm,Beam Threshold,WARN,,,,,,,,,MINOR,Beam Threshold,,,,,,,
2026-07-01 07:00:00,XYZ401,,alarm,Transport Packet Loss,FAIL,,,,,,,,,CRITICAL,Transport Packet Loss,,,,,,,
2026-07-01 08:00:00,XYZ403,,alarm,PTP Sync Lost,WARN,,,,,,,,,MINOR,PTP Sync Lost,,,,,,,
2026-07-01 09:00:00,XYZ401,,alarm,Transport Packet Loss,WARN,,,,,,,,,MINOR,Transport Packet Loss,,,,,,,
2026-07-01 10:00:00,XYZ401,,alarm,Transport Packet Loss,FAIL,,,,,,,,,CRITICAL,Transport Packet Loss,,,,,,,
2026-07-01 11:00:00,XYZ403,,alarm,Beam Threshold,WARN,,,,,,,,,MINOR,Beam Threshold,,,,,,,
2026-07-01 12:00:00,XYZ401,,alarm,Beam Threshold,WARN,,,,,,,,,MINOR,Beam Threshold,,,,,,,
2026-07-01 13:00:00,XYZ401,,alarm,Transport Packet Loss,WARN,,,,,,,,,MINOR,Transport Packet Loss,,,,,,,
2026-07-01 14:00:00,XYZ402,,alarm,PTP Sync Lost,FAIL,,,,,,,,,MAJOR,PTP Sync Lost,,,,,,,
2026-07-01 15:00:00,XYZ403,,alarm,Transport Packet Loss,FAIL,,,,,,,,,CRITICAL,Transport Packet Loss,,,,,,,
2026-07-01 16:00:00,XYZ402,,alarm,Beam Threshold,WARN,,,,,,,,,MINOR,Beam Threshold,,,,,,,
2026-07-01 17:00:00,XYZ402,,alarm,PTP Sync Lost,FAIL,,,,,,,,,MAJOR,PTP Sync Lost,,,,,,,
2026-07-01 18:00:00,XYZ403,,alarm,Beam Threshold,FAIL,,,,,,,,,CRITICAL,Beam Threshold,,,,,,,
2026-07-01 19:00:00,XYZ403,,alarm,Beam Threshold,FAIL,,,,,,,,,CRITICAL,Beam Threshold,,,,,,,
2026-07-01 20:00:00,XYZ402,,alarm,PTP Sync Lost,FAIL,,,,,,,,,CRITICAL,PTP Sync Lost,,,,,,,
2026-07-01 21:00:00,XYZ401,,alarm,PTP Sync Lost,WARN,,,,,,,,,MINOR,PTP Sync Lost,,,,,,,
2026-07-01 22:00:00,XYZ401,,alarm,PTP Sync Lost,WARN,,,,,,,,,MINOR,PTP Sync Lost,,,,,,,
2026-07-01 23:00:00,XYZ402,,alarm,PTP Sync Lost,WARN,,,,,,,,,MINOR,PTP Sync Lost,,,,,,,
2026-07-01 00:00:00,XYZ403,,alarm,Beam Threshold,FAIL,,,,,,,,,MAJOR,Beam Threshold,,,,,,,
2026-07-01 01:00:00,XYZ402,,alarm,PTP Sync Lost,WARN,,,,,,,,,MINOR,PTP Sync Lost,,,,,,,
2026-07-01 02:00:00,XYZ402,,alarm,Transport Packet Loss,FAIL,,,,,,,,,MAJOR,Transport Packet Loss,,,,,,,
2026-07-01 03:00:00,XYZ401,,alarm,Beam Threshold,FAIL,,,,,,,,,CRITICAL,Beam Threshold,,,,,,,
2026-07-01 04:00:00,XYZ403,,alarm,PTP Sync Lost,WARN,,,,,,,,,MINOR,PTP Sync Lost,,,,,,,
2026-07-01 05:00:00,XYZ403,,alarm,PTP Sync Lost,WARN,,,,,,,,,MINOR,PTP Sync Lost,,,,,,,
2026-07-01 06:00:00,XYZ402,,alarm,Transport Packet Loss,WARN,,,,,,,,,MINOR,Transport Packet Loss,,,,,,,
2026-07-01 07:00:00,XYZ401,,alarm,PTP Sync Lost,FAIL,,,,,,,,,CRITICAL,PTP Sync Lost,,,,,,,
2026-07-01 08:00:00,XYZ401,,alarm,Beam Threshold,WARN,,,,,,,,,MINOR,Beam Threshold,,,,,,,
2026-07-01 09:00:00,XYZ402,,alarm,Transport Packet Loss,FAIL,,,,,,,,,MAJOR,Transport Packet Loss,,,,,,,
2026-07-01 10:00:00,XYZ402,,alarm,Beam Threshold,FAIL,,,,,,,,,CRITICAL,Beam Threshold,,,,,,,
2026-07-01 11:00:00,XYZ401,,alarm,PTP Sync Lost,WARN,,,,,,,,,MINOR,PTP Sync Lost,,,,,,,
2026-07-01 12:00:00,XYZ401,,alarm,Transport Packet Loss,WARN,,,,,,,,,MINOR,Transport Packet Loss,,,,,,,
2026-07-01 13:00:00,XYZ402,,alarm,PTP Sync Lost,FAIL,,,,,,,,,MAJOR,PTP Sync Lost,,,,,,,
2026-07-01 14:00:00,XYZ401,,alarm,Transport Packet Loss,FAIL,,,,,,,,,MAJOR,Transport Packet Loss,,,,,,,
2026-07-01 15:00:00,XYZ402,,alarm,Transport Packet Loss,WARN,,,,,,,,,MINOR,Transport Packet Loss,,,,,,,
2026-07-01 16:00:00,XYZ403,,alarm,Beam Threshold,WARN,,,,,,,,,MINOR,Beam Threshold,,,,,,,
2026-07-01 17:00:00,XYZ401,,alarm,Beam Threshold,WARN,,,,,,,,,MINOR,Beam Threshold,,,,,,,
2026-07-01 18:00:00,XYZ402,,alarm,Beam Threshold,FAIL,,,,,,,,,MAJOR,Beam Threshold,,,,,,,
2026-07-01 19:00:00,XYZ401,,alarm,Beam Threshold,WARN,,,,,,,,,MINOR,Beam Threshold,,,,,,,
2026-07-01 20:00:00,XYZ401,,alarm,PTP Sync Lost,WARN,,,,,,,,,MINOR,PTP Sync Lost,,,,,,,
2026-07-01 21:00:00,XYZ403,,alarm,Transport Packet Loss,FAIL,,,,,,,,,MAJOR,Transport Packet Loss,,,,,,,
2026-07-01 22:00:00,XYZ403,,alarm,Transport Packet Loss,WARN,,,,,,,,,MINOR,Transport Packet Loss,,,,,,,
2026-07-01 23:00:00,XYZ402,,alarm,Beam Threshold,FAIL,,,,,,,,,CRITICAL,Beam Threshold,,,,,,,
2026-07-01 00:00:00,XYZ403,,alarm,Transport Packet Loss,FAIL,,,,,,,,,CRITICAL,Transport Packet Loss,,,,,,,
2026-07-01 01:00:00,XYZ401,,alarm,Beam Threshold,FAIL,,,,,,,,,CRITICAL,Beam Threshold,,,,,,,
2026-07-01 02:00:00,XYZ401,,alarm,PTP Sync Lost,FAIL,,,,,,,,,CRITICAL,PTP Sync Lost,,,,,,,
2026-07-01 03:00:00,XYZ401,,alarm,Transport Packet Loss,FAIL,,,,,,,,,CRITICAL,Transport Packet Loss,,,,,,,
2026-07-01 04:00:00,XYZ403,,alarm,Transport Packet Loss,WARN,,,,,,,,,MINOR,Transport Packet Loss,,,,,,,
2026-07-01 05:00:00,XYZ403,,alarm,Beam Threshold,FAIL,,,,,,,,,MAJOR,Beam Threshold,,,,,,,
2026-07-01 06:00:00,XYZ403,,alarm,PTP Sync Lost,WARN,,,,,,,,,MINOR,PTP Sync Lost,,,,,,,
2026-07-01 07:00:00,XYZ403,,alarm,Beam Threshold,FAIL,,,,,,,,,CRITICAL,Beam Threshold,,,,,,,
2026-07-01 08:00:00,XYZ403,,alarm,PTP Sync Lost,FAIL,,,,,,,,,MAJOR,PTP Sync Lost,,,,,,,
2026-07-01 09:00:00,XYZ403,,alarm,Beam Threshold,FAIL,,,,,,,,,MAJOR,Beam Threshold,,,,,,,
2026-07-01 10:00:00,XYZ403,,alarm,Beam Threshold,FAIL,,,,,,,,,MAJOR,Beam Threshold,,,,,,,
2026-07-01 11:00:00,XYZ402,,alarm,Beam Threshold,WARN,,,,,,,,,MINOR,Beam Threshold,,,,,,,
2026-07-01 12:00:00,XYZ401,,alarm,Transport Packet Loss,WARN,,,,,,,,,MINOR,Transport Packet Loss,,,,,,,
2026-07-01 13:00:00,XYZ402,,alarm,Beam Threshold,WARN,,,,,,,,,MINOR,Beam Threshold,,,,,,,
2026-07-01 14:00:00,XYZ402,,alarm,Transport Packet Loss,WARN,,,,,,,,,MINOR,Transport Packet Loss,,,,,,,
2026-07-01 15:00:00,XYZ401,,alarm,Beam Threshold,WARN,,,,,,,,,MINOR,Beam Threshold,,,,,,,
2026-07-01 16:00:00,XYZ402,,alarm,PTP Sync Lost,WARN,,,,,,,,,MINOR,PTP Sync Lost,,,,,,,
2026-07-01 17:00:00,XYZ401,,alarm,Beam Threshold,FAIL,,,,,,,,,CRITICAL,Beam Threshold,,,,,,,
2026-07-01 18:00:00,XYZ401,,alarm,Beam Threshold,FAIL,,,,,,,,,MAJOR,Beam Threshold,,,,,,,
2026-07-01 19:00:00,XYZ401,,alarm,Beam Threshold,WARN,,,,,,,,,MINOR,Beam Threshold,,,,,,,
2026-07-01 20:00:00,XYZ403,,alarm,Beam Threshold,WARN,,,,,,,,,MINOR,Beam Threshold,,,,,,,
2026-07-01 21:00:00,XYZ403,,alarm,Transport Packet Loss,FAIL,,,,,,,,,MAJOR,Transport Packet Loss,,,,,,,
2026-07-01 22:00:00,XYZ402,,alarm,Transport Packet Loss,FAIL,,,,,,,,,MAJOR,Transport Packet Loss,,,,,,,
2026-07-01 23:00:00,XYZ403,,alarm,Beam Threshold,FAIL,,,,,,,,,CRITICAL,Beam Threshold,,,,,,,
2026-07-01 00:00:00,XYZ402,,alarm,PTP Sync Lost,FAIL,,,,,,,,,CRITICAL,PTP Sync Lost,,,,,,,
2026-07-01 01:00:00,XYZ403,,alarm,Beam Threshold,WARN,,,,,,,,,MINOR,Beam Threshold,,,,,,,
2026-07-01 02:00:00,XYZ403,,alarm,PTP Sync Lost,FAIL,,,,,,,,,CRITICAL,PTP Sync Lost,,,,,,,
2026-07-01 03:00:00,XYZ402,,alarm,Transport Packet Loss,FAIL,,,,,,,,,CRITICAL,Transport Packet Loss,,,,,,,
2026-07-01 04:00:00,XYZ402,,alarm,Transport Packet Loss,FAIL,,,,,,,,,CRITICAL,Transport Packet Loss,,,,,,,
2026-07-01 05:00:00,XYZ401,,alarm,Transport Packet Loss,FAIL,,,,,,,,,CRITICAL,Transport Packet Loss,,,,,,,
2026-07-01 06:00:00,XYZ403,,alarm,Beam Threshold,WARN,,,,,,,,,MINOR,Beam Threshold,,,,,,,
2026-07-01 07:00:00,XYZ403,,alarm,Beam Threshold,WARN,,,,,,,,,MINOR,Beam Threshold,,,,,,,
2026-07-01 08:00:00,XYZ401,,alarm,Transport Packet Loss,FAIL,,,,,,,,,CRITICAL,Transport Packet Loss,,,,,,,
2026-07-01 09:00:00,XYZ401,,alarm,Transport Packet Loss,WARN,,,,,,,,,MINOR,Transport Packet Loss,,,,,,,
2026-07-01 10:00:00,XYZ403,,alarm,PTP Sync Lost,FAIL,,,,,,,,,MAJOR,PTP Sync Lost,,,,,,,
2026-07-01 11:00:00,XYZ403,,alarm,Beam Threshold,FAIL,,,,,,,,,CRITICAL,Beam Threshold,,,,,,,
2026-07-01 12:00:00,XYZ402,,alarm,Beam Threshold,FAIL,,,,,,,,,CRITICAL,Beam Threshold,,,,,,,
2026-07-01 13:00:00,XYZ402,,alarm,Beam Threshold,FAIL,,,,,,,,,MAJOR,Beam Threshold,,,,,,,
2026-07-01 14:00:00,XYZ401,,alarm,Transport Packet Loss,WARN,,,,,,,,,MINOR,Transport Packet Loss,,,,,,,
2026-07-01 15:00:00,XYZ401,,alarm,Beam Threshold,FAIL,,,,,,,,,CRITICAL,Beam Threshold,,,,,,,
2026-07-01 16:00:00,XYZ401,,alarm,Transport Packet Loss,WARN,,,,,,,,,MINOR,Transport Packet Loss,,,,,,,
2026-07-01 17:00:00,XYZ402,,alarm,Beam Threshold,WARN,,,,,,,,,MINOR,Beam Threshold,,,,,,,
2026-07-01 18:00:00,XYZ401,,alarm,Transport Packet Loss,FAIL,,,,,,,,,MAJOR,Transport Packet Loss,,,,,,,
2026-07-01 19:00:00,XYZ403,,alarm,PTP Sync Lost,FAIL,,,,,,,,,MAJOR,PTP Sync Lost,,,,,,,
2026-07-01 20:00:00,XYZ403,,alarm,Transport Packet Loss,FAIL,,,,,,,,,MAJOR,Transport Packet Loss,,,,,,,
2026-07-01 21:00:00,XYZ401,,alarm,Transport Packet Loss,FAIL,,,,,,,,,MAJOR,Transport Packet Loss,,,,,,,
2026-07-01 22:00:00,XYZ402,,alarm,PTP Sync Lost,WARN,,,,,,,,,MINOR,PTP Sync Lost,,,,,,,
2026-07-01 23:00:00,XYZ402,,alarm,Beam Threshold,WARN,,,,,,,,,MINOR,Beam Threshold,,,,,,,
2026-07-01 00:00:00,XYZ402,,alarm,Beam Threshold,FAIL,,,,,,,,,MAJOR,Beam Threshold,,,,,,,
2026-07-01 01:00:00,XYZ402,,alarm,Transport Packet Loss,FAIL,,,,,,,,,CRITICAL,Transport Packet Loss,,,,,,,
2026-07-01 02:00:00,XYZ403,,alarm,Transport Packet Loss,WARN,,,,,,,,,MINOR,Transport Packet Loss,,,,,,,
2026-07-01 03:00:00,XYZ403,,alarm,PTP Sync Lost,FAIL,,,,,,,,,MAJOR,PTP Sync Lost,,,,,,,
2026-07-01 04:00:00,XYZ403,,alarm,Beam Threshold,FAIL,,,,,,,,,CRITICAL,Beam Threshold,,,,,,,
2026-07-01 05:00:00,XYZ401,,alarm,Transport Packet Loss,WARN,,,,,,,,,MINOR,Transport Packet Loss,,,,,,,
2026-07-01 06:00:00,XYZ401,,alarm,PTP Sync Lost,WARN,,,,,,,,,MINOR,PTP Sync Lost,,,,,,,
2026-07-01 07:00:00,XYZ402,,alarm,Beam Threshold,WARN,,,,,,,,,MINOR,Beam Threshold,,,,,,,
2026-07-01 08:00:00,XYZ403,,alarm,Beam Threshold,FAIL,,,,,,,,,MAJOR,Beam Threshold,,,,,,,
2026-07-01 09:00:00,XYZ402,,alarm,PTP Sync Lost,FAIL,,,,,,,,,MAJOR,PTP Sync Lost,,,,,,,
2026-07-01 10:00:00,XYZ401,,alarm,Transport Packet Loss,FAIL,,,,,,,,,CRITICAL,Transport Packet Loss,,,,,,,
2026-07-01 11:00:00,XYZ402,,alarm,PTP Sync Lost,FAIL,,,,,,,,,CRITICAL,PTP Sync Lost,,,,,,,
2026-07-01 12:00:00,XYZ402,,alarm,PTP Sync Lost,WARN,,,,,,,,,MINOR,PTP Sync Lost,,,,,,,
2026-07-01 13:00:00,XYZ401,,alarm,PTP Sync Lost,FAIL,,,,,,,,,MAJOR,PTP Sync Lost,,,,,,,
2026-07-01 14:00:00,XYZ401,,alarm,Beam Threshold,FAIL,,,,,,,,,MAJOR,Beam Threshold,,,,,,,
2026-07-01 15:00:00,XYZ402,,alarm,Transport Packet Loss,FAIL,,,,,,,,,MAJOR,Transport Packet Loss,,,,,,,
2026-07-01 16:00:00,XYZ403,,alarm,PTP Sync Lost,FAIL,,,,,,,,,CRITICAL,PTP Sync Lost,,,,,,,
2026-07-01 17:00:00,XYZ403,,alarm,Beam Threshold,FAIL,,,,,,,,,CRITICAL,Beam Threshold,,,,,,,
2026-07-01 18:00:00,XYZ401,,alarm,PTP Sync Lost,WARN,,,,,,,,,MINOR,PTP Sync Lost,,,,,,,
2026-07-01 19:00:00,XYZ401,,alarm,Transport Packet Loss,WARN,,,,,,,,,MINOR,Transport Packet Loss,,,,,,,
2026-07-01 20:00:00,XYZ403,,alarm,Beam Threshold,FAIL,,,,,,,,,CRITICAL,Beam Threshold,,,,,,,
2026-07-01 21:00:00,XYZ402,,alarm,Beam Threshold,FAIL,,,,,,,,,MAJOR,Beam Threshold,,,,,,,
2026-07-01 22:00:00,XYZ402,,alarm,Transport Packet Loss,WARN,,,,,,,,,MINOR,Transport Packet Loss,,,,,,,
2026-07-01 23:00:00,XYZ401,,alarm,Transport Packet Loss,FAIL,,,,,,,,,MAJOR,Transport Packet Loss,,,,,,,
2026-07-01 00:00:00,XYZ403,,alarm,Transport Packet Loss,FAIL,,,,,,,,,MAJOR,Transport Packet Loss,,,,,,,
2026-07-01 01:00:00,XYZ403,,alarm,Beam Threshold,WARN,,,,,,,,,MINOR,Beam Threshold,,,,,,,
2026-07-01 02:00:00,XYZ403,,alarm,Transport Packet Loss,WARN,,,,,,,,,MINOR,Transport Packet Loss,,,,,,,
2026-07-01 03:00:00,XYZ403,,alarm,Transport Packet Loss,FAIL,,,,,,,,,CRITICAL,Transport Packet Loss,,,,,,,
2026-07-01 04:00:00,XYZ402,,alarm,Transport Packet Loss,WARN,,,,,,,,,MINOR,Transport Packet Loss,,,,,,,
2026-07-01 05:00:00,XYZ403,,alarm,PTP Sync Lost,FAIL,,,,,,,,,MAJOR,PTP Sync Lost,,,,,,,
2026-07-01 06:00:00,XYZ403,,alarm,PTP Sync Lost,FAIL,,,,,,,,,CRITICAL,PTP Sync Lost,,,,,,,
2026-07-01 07:00:00,XYZ402,,alarm,Beam Threshold,WARN,,,,,,,,,MINOR,Beam Threshold,,,,,,,
2026-07-01 08:00:00,XYZ402,,alarm,Transport Packet Loss,FAIL,,,,,,,,,MAJOR,Transport Packet Loss,,,,,,,
2026-07-01 09:00:00,XYZ403,,alarm,PTP Sync Lost,FAIL,,,,,,,,,MAJOR,PTP Sync Lost,,,,,,,
2026-07-01 10:00:00,XYZ401,,alarm,Transport Packet Loss,FAIL,,,,,,,,,MAJOR,Transport Packet Loss,,,,,,,
2026-07-01 11:00:00,XYZ401,,alarm,Beam Threshold,FAIL,,,,,,,,,CRITICAL,Beam Threshold,,,,,,,
2026-07-01 12:00:00,XYZ402,,alarm,Beam Threshold,WARN,,,,,,,,,MINOR,Beam Threshold,,,,,,,
2026-07-01 13:00:00,XYZ401,,alarm,Transport Packet Loss,FAIL,,,,,,,,,CRITICAL,Transport Packet Loss,,,,,,,
2026-07-01 14:00:00,XYZ402,,alarm,Beam Threshold,FAIL,,,,,,,,,MAJOR,Beam Threshold,,,,,,,
2026-07-01 15:00:00,XYZ401,,alarm,Beam Threshold,FAIL,,,,,,,,,CRITICAL,Beam Threshold,,,,,,,
2026-07-01 16:00:00,XYZ401,,alarm,Transport Packet Loss,FAIL,,,,,,,,,MAJOR,Transport Packet Loss,,,,,,,
2026-07-01 17:00:00,XYZ403,,alarm,Transport Packet Loss,FAIL,,,,,,,,,MAJOR,Transport Packet Loss,,,,,,,
2026-07-01 18:00:00,XYZ401,,alarm,Beam Threshold,WARN,,,,,,,,,MINOR,Beam Threshold,,,,,,,
2026-07-01 19:00:00,XYZ403,,alarm,Transport Packet Loss,FAIL,,,,,,,,,CRITICAL,Transport Packet Loss,,,,,,,
2026-07-01 20:00:00,XYZ401,,alarm,Transport Packet Loss,FAIL,,,,,,,,,MAJOR,Transport Packet Loss,,,,,,,
2026-07-01 21:00:00,XYZ403,,alarm,PTP Sync Lost,WARN,,,,,,,,,MINOR,PTP Sync Lost,,,,,,,
2026-07-01 22:00:00,XYZ402,,alarm,PTP Sync Lost,FAIL,,,,,,,,,MAJOR,PTP Sync Lost,,,,,,,
2026-07-01 23:00:00,XYZ402,,alarm,Transport Packet Loss,FAIL,,,,,,,,,MAJOR,Transport Packet Loss,,,,,,,
2026-07-01 00:00:00,XYZ402,,alarm,PTP Sync Lost,WARN,,,,,,,,,MINOR,PTP Sync Lost,,,,,,,
2026-07-01 01:00:00,XYZ403,,alarm,PTP Sync Lost,FAIL,,,,,,,,,MAJOR,PTP Sync Lost,,,,,,,
2026-07-01 02:00:00,XYZ401,,alarm,PTP Sync Lost,WARN,,,,,,,,,MINOR,PTP Sync Lost,,,,,,,
2026-07-01 03:00:00,XYZ401,,alarm,PTP Sync Lost,FAIL,,,,,,,,,MAJOR,PTP Sync Lost,,,,,,,
2026-07-01 04:00:00,XYZ403,,alarm,PTP Sync Lost,FAIL,,,,,,,,,CRITICAL,PTP Sync Lost,,,,,,,
2026-07-01 05:00:00,XYZ401,,alarm,Beam Threshold,WARN,,,,,,,,,MINOR,Beam Threshold,,,,,,,
2026-07-01 06:00:00,XYZ402,,alarm,Transport Packet Loss,WARN,,,,,,,,,MINOR,Transport Packet Loss,,,,,,,
2026-07-01 07:00:00,XYZ402,,alarm,Beam Threshold,FAIL,,,,,,,,,CRITICAL,Beam Threshold,,,,,,,
2026-07-01 08:00:00,XYZ402,,alarm,Beam Threshold,FAIL,,,,,,,,,CRITICAL,Beam Threshold,,,,,,,
2026-07-01 09:00:00,XYZ403,,alarm,PTP Sync Lost,FAIL,,,,,,,,,CRITICAL,PTP Sync Lost,,,,,,,
2026-07-01 10:00:00,XYZ403,,alarm,Beam Threshold,WARN,,,,,,,,,MINOR,Beam Threshold,,,,,,,
2026-07-01 11:00:00,XYZ402,,alarm,Beam Threshold,FAIL,,,,,,,,,CRITICAL,Beam Threshold,,,,,,,
2026-07-01 12:00:00,XYZ402,,alarm,PTP Sync Lost,FAIL,,,,,,,,,CRITICAL,PTP Sync Lost,,,,,,,
2026-07-01 13:00:00,XYZ402,,alarm,PTP Sync Lost,WARN,,,,,,,,,MINOR,PTP Sync Lost,,,,,,,
2026-07-01 14:00:00,XYZ403,,alarm,Transport Packet Loss,WARN,,,,,,,,,MINOR,Transport Packet Loss,,,,,,,
2026-07-01 15:00:00,XYZ401,,alarm,Beam Threshold,WARN,,,,,,,,,MINOR,Beam Threshold,,,,,,,
2026-07-01 16:00:00,XYZ402,,alarm,Beam Threshold,FAIL,,,,,,,,,MAJOR,Beam Threshold,,,,,,,
2026-07-01 17:00:00,XYZ402,,alarm,Transport Packet Loss,WARN,,,,,,,,,MINOR,Transport Packet Loss,,,,,,,
2026-07-01 18:00:00,XYZ401,,alarm,PTP Sync Lost,WARN,,,,,,,,,MINOR,PTP Sync Lost,,,,,,,
2026-07-01 19:00:00,XYZ402,,alarm,Transport Packet Loss,FAIL,,,,,,,,,MAJOR,Transport Packet Loss,,,,,,,
2026-07-01 20:00:00,XYZ401,,alarm,Transport Packet Loss,FAIL,,,,,,,,,CRITICAL,Transport Packet Loss,,,,,,,
2026-07-01 21:00:00,XYZ402,,alarm,PTP Sync Lost,FAIL,,,,,,,,,CRITICAL,PTP Sync Lost,,,,,,,
2026-07-01 22:00:00,XYZ402,,alarm,Transport Packet Loss,FAIL,,,,,,,,,MAJOR,Transport Packet Loss,,,,,,,
2026-07-01 23:00:00,XYZ401,,alarm,Beam Threshold,WARN,,,,,,,,,MINOR,Beam Threshold,,,,,,,
2026-07-01 00:00:00,XYZ403,,alarm,Beam Threshold,FAIL,,,,,,,,,MAJOR,Beam Threshold,,,,,,,
2026-07-01 01:00:00,XYZ402,,alarm,Transport Packet Loss,FAIL,,,,,,,,,CRITICAL,Transport Packet Loss,,,,,,,
2026-07-01 02:00:00,XYZ401,,alarm,Transport Packet Loss,FAIL,,,,,,,,,MAJOR,Transport Packet Loss,,,,,,,
2026-07-01 03:00:00,XYZ401,,alarm,PTP Sync Lost,FAIL,,,,,,,,,CRITICAL,PTP Sync Lost,,,,,,,
2026-07-01 04:00:00,XYZ402,,alarm,Transport Packet Loss,FAIL,,,,,,,,,MAJOR,Transport Packet Loss,,,,,,,
2026-07-01 05:00:00,XYZ402,,alarm,Beam Threshold,FAIL,,,,,,,,,MAJOR,Beam Threshold,,,,,,,
2026-07-01 06:00:00,XYZ401,,alarm,Beam Threshold,FAIL,,,,,,,,,CRITICAL,Beam Threshold,,,,,,,
2026-07-01 07:00:00,XYZ402,,alarm,Transport Packet Loss,WARN,,,,,,,,,MINOR,Transport Packet Loss,,,,,,,
2026-07-01 08:00:00,XYZ403,,alarm,PTP Sync Lost,WARN,,,,,,,,,MINOR,PTP Sync Lost,,,,,,,
2026-07-01 09:00:00,XYZ401,,alarm,Beam Threshold,FAIL,,,,,,,,,MAJOR,Beam Threshold,,,,,,,
2026-07-01 10:00:00,XYZ403,,alarm,Beam Threshold,FAIL,,,,,,,,,MAJOR,Beam Threshold,,,,,,,
2026-07-01 11:00:00,XYZ402,,alarm,Beam Threshold,FAIL,,,,,,,,,MAJOR,Beam Threshold,,,,,,,
2026-07-01 12:00:00,XYZ401,,alarm,Transport Packet Loss,FAIL,,,,,,,,,MAJOR,Transport Packet Loss,,,,,,,
2026-07-01 13:00:00,XYZ403,,alarm,Beam Threshold,FAIL,,,,,,,,,MAJOR,Beam Threshold,,,,,,,
2026-07-01 14:00:00,XYZ403,,alarm,Beam Threshold,FAIL,,,,,,,,,CRITICAL,Beam Threshold,,,,,,,
2026-07-01 15:00:00,XYZ402,,alarm,Transport Packet Loss,FAIL,,,,,,,,,MAJOR,Transport Packet Loss,,,,,,,
2026-07-01 16:00:00,XYZ402,,alarm,PTP Sync Lost,WARN,,,,,,,,,MINOR,PTP Sync Lost,,,,,,,
2026-07-01 17:00:00,XYZ402,,alarm,Transport Packet Loss,WARN,,,,,,,,,MINOR,Transport Packet Loss,,,,,,,
2026-07-01 18:00:00,XYZ401,,alarm,PTP Sync Lost,WARN,,,,,,,,,MINOR,PTP Sync Lost,,,,,,,
2026-07-01 19:00:00,XYZ402,,alarm,Beam Threshold,FAIL,,,,,,,,,MAJOR,Beam Threshold,,,,,,,
2026-07-01 20:00:00,XYZ403,,alarm,Beam Threshold,FAIL,,,,,,,,,MAJOR,Beam Threshold,,,,,,,
2026-07-01 21:00:00,XYZ401,,alarm,Transport Packet Loss,WARN,,,,,,,,,MINOR,Transport Packet Loss,,,,,,,
2026-07-01 22:00:00,XYZ403,,alarm,Beam Threshold,FAIL,,,,,,,,,CRITICAL,Beam Threshold,,,,,,,
2026-07-01 23:00:00,XYZ401,,alarm,Beam Threshold,WARN,,,,,,,,,MINOR,Beam Threshold,,,,,,,
2026-07-01 00:00:00,XYZ403,,alarm,Beam Threshold,FAIL,,,,,,,,,MAJOR,Beam Threshold,,,,,,,
2026-07-01 01:00:00,XYZ401,,alarm,Beam Threshold,FAIL,,,,,,,,,MAJOR,Beam Threshold,,,,,,,
2026-07-01 02:00:00,XYZ403,,alarm,Transport Packet Loss,FAIL,,,,,,,,,CRITICAL,Transport Packet Loss,,,,,,,
2026-07-01 03:00:00,XYZ403,,alarm,PTP Sync Lost,WARN,,,,,,,,,MINOR,PTP Sync Lost,,,,,,,
2026-07-01 04:00:00,XYZ403,,alarm,Beam Threshold,FAIL,,,,,,,,,CRITICAL,Beam Threshold,,,,,,,
2026-07-01 05:00:00,XYZ403,,alarm,Transport Packet Loss,WARN,,,,,,,,,MINOR,Transport Packet Loss,,,,,,,
2026-07-01 06:00:00,XYZ402,,alarm,PTP Sync Lost,FAIL,,,,,,,,,MAJOR,PTP Sync Lost,,,,,,,
2026-07-01 07:00:00,XYZ401,,alarm,Transport Packet Loss,FAIL,,,,,,,,,MAJOR,Transport Packet Loss,,,,,,,
2026-07-01 08:00:00,XYZ403,,alarm,Beam Threshold,WARN,,,,,,,,,MINOR,Beam Threshold,,,,,,,
2026-07-01 09:00:00,XYZ401,,alarm,Beam Threshold,WARN,,,,,,,,,MINOR,Beam Threshold,,,,,,,
2026-07-01 10:00:00,XYZ403,,alarm,Beam Threshold,WARN,,,,,,,,,MINOR,Beam Threshold,,,,,,,
2026-07-01 11:00:00,XYZ402,,alarm,Transport Packet Loss,FAIL,,,,,,,,,MAJOR,Transport Packet Loss,,,,,,,
2026-07-01 12:00:00,XYZ402,,alarm,Transport Packet Loss,FAIL,,,,,,,,,CRITICAL,Transport Packet Loss,,,,,,,
2026-07-01 13:00:00,XYZ403,,alarm,PTP Sync Lost,FAIL,,,,,,,,,MAJOR,PTP Sync Lost,,,,,,,
2026-07-01 14:00:00,XYZ402,,alarm,Transport Packet Loss,WARN,,,,,,,,,MINOR,Transport Packet Loss,,,,,,,
2026-07-01 15:00:00,XYZ401,,alarm,Beam Threshold,FAIL,,,,,,,,,CRITICAL,Beam Threshold,,,,,,,
2026-07-01 16:00:00,XYZ402,,alarm,Transport Packet Loss,WARN,,,,,,,,,MINOR,Transport Packet Loss,,,,,,,
2026-07-01 17:00:00,XYZ403,,alarm,PTP Sync Lost,FAIL,,,,,,,,,CRITICAL,PTP Sync Lost,,,,,,,
2026-07-01 18:00:00,XYZ401,,alarm,Transport Packet Loss,FAIL,,,,,,,,,MAJOR,Transport Packet Loss,,,,,,,
2026-07-01 19:00:00,XYZ402,,alarm,PTP Sync Lost,FAIL,,,,,,,,,MAJOR,PTP Sync Lost,,,,,,,
2026-07-01 20:00:00,XYZ402,,alarm,Transport Packet Loss,WARN,,,,,,,,,MINOR,Transport Packet Loss,,,,,,,
2026-07-01 21:00:00,XYZ402,,alarm,Beam Threshold,FAIL,,,,,,,,,CRITICAL,Beam Threshold,,,,,,,
2026-07-01 22:00:00,XYZ403,,alarm,Beam Threshold,WARN,,,,,,,,,MINOR,Beam Threshold,,,,,,,
2026-07-01 23:00:00,XYZ401,,alarm,Transport Packet Loss,FAIL,,,,,,,,,MAJOR,Transport Packet Loss,,,,,,,
2026-07-01 00:00:00,XYZ403,,alarm,PTP Sync Lost,FAIL,,,,,,,,,CRITICAL,PTP Sync Lost,,,,,,,
2026-07-01 01:00:00,XYZ402,,alarm,PTP Sync Lost,FAIL,,,,,,,,,CRITICAL,PTP Sync Lost,,,,,,,
2026-07-01 02:00:00,XYZ401,,alarm,Beam Threshold,FAIL,,,,,,,,,MAJOR,Beam Threshold,,,,,,,
2026-07-01 03:00:00,XYZ401,,alarm,Transport Packet Loss,FAIL,,,,,,,,,CRITICAL,Transport Packet Loss,,,,,,,
2026-07-01 04:00:00,XYZ403,,alarm,Transport Packet Loss,FAIL,,,,,,,,,CRITICAL,Transport Packet Loss,,,,,,,
2026-07-01 05:00:00,XYZ402,,alarm,PTP Sync Lost,FAIL,,,,,,,,,MAJOR,PTP Sync Lost,,,,,,,
2026-07-01 06:00:00,XYZ403,,alarm,PTP Sync Lost,FAIL,,,,,,,,,CRITICAL,PTP Sync Lost,,,,,,,
2026-07-01 07:00:00,XYZ402,,alarm,Transport Packet Loss,FAIL,,,,,,,,,MAJOR,Transport Packet Loss,,,,,,,
2026-07-01 08:00:00,XYZ403,,alarm,Transport Packet Loss,FAIL,,,,,,,,,CRITICAL,Transport Packet Loss,,,,,,,
2026-07-01 09:00:00,XYZ402,,alarm,Beam Threshold,FAIL,,,,,,,,,MAJOR,Beam Threshold,,,,,,,
2026-07-01 10:00:00,XYZ401,,alarm,Transport Packet Loss,WARN,,,,,,,,,MINOR,Transport Packet Loss,,,,,,,
2026-07-01 11:00:00,XYZ403,,alarm,Transport Packet Loss,FAIL,,,,,,,,,CRITICAL,Transport Packet Loss,,,,,,,
2026-07-01 12:00:00,XYZ403,,alarm,PTP Sync Lost,FAIL,,,,,,,,,MAJOR,PTP Sync Lost,,,,,,,
2026-07-01 13:00:00,XYZ401,,alarm,Transport Packet Loss,FAIL,,,,,,,,,MAJOR,Transport Packet Loss,,,,,,,
2026-07-01 14:00:00,XYZ403,,alarm,Beam Threshold,FAIL,,,,,,,,,MAJOR,Beam Threshold,,,,,,,
2026-07-01 15:00:00,XYZ403,,alarm,Transport Packet Loss,FAIL,,,,,,,,,MAJOR,Transport Packet Loss,,,,,,,
2026-07-01 16:00:00,XYZ401,,alarm,Beam Threshold,WARN,,,,,,,,,MINOR,Beam Threshold,,,,,,,
2026-07-01 17:00:00,XYZ403,,alarm,PTP Sync Lost,FAIL,,,,,,,,,MAJOR,PTP Sync Lost,,,,,,,
2026-07-01 18:00:00,XYZ403,,alarm,Beam Threshold,WARN,,,,,,,,,MINOR,Beam Threshold,,,,,,,
2026-07-01 19:00:00,XYZ402,,alarm,Transport Packet Loss,FAIL,,,,,,,,,MAJOR,Transport Packet Loss,,,,,,,
2026-07-01 00:00:00,XYZ401,UE10000,gnb_syslog,MSG1_FAIL,FAIL,,,,,,,,,WARN,,BEAM,MSG1_FAIL,PRACH Detection Failure,,,,
2026-07-01 01:01:00,XYZ401,UE10001,gnb_syslog,T310_EXPIRY,FAIL,,,,,,,,,WARN,,RACH,T310_EXPIRY,T310 Timer Expired,,,,
2026-07-01 02:02:00,XYZ403,UE10002,gnb_syslog,BEAM_OVERLOAD,FAIL,,,,,,,,,ERROR,,VONR,BEAM_OVERLOAD,Beam Resource Congestion,,,,
2026-07-01 03:03:00,XYZ403,UE10003,gnb_syslog,XN_TIMEOUT,FAIL,,,,,,,,,WARN,,RLF,XN_TIMEOUT,Xn Preparation Timeout,,,,
2026-07-01 04:04:00,XYZ403,UE10004,gnb_syslog,T310_EXPIRY,FAIL,,,,,,,,,WARN,,RACH,T310_EXPIRY,T310 Timer Expired,,,,
2026-07-01 05:05:00,XYZ403,UE10005,gnb_syslog,BEAM_OVERLOAD,FAIL,,,,,,,,,ERROR,,VONR,BEAM_OVERLOAD,Beam Resource Congestion,,,,
2026-07-01 06:06:00,XYZ401,UE10006,gnb_syslog,SIP_TIMEOUT,FAIL,,,,,,,,,ERROR,,TRANSPORT,SIP_TIMEOUT,IMS SIP Timeout,,,,
2026-07-01 07:07:00,XYZ402,UE10007,gnb_syslog,XN_TIMEOUT,FAIL,,,,,,,,,WARN,,RLF,XN_TIMEOUT,Xn Preparation Timeout,,,,
2026-07-01 08:08:00,XYZ402,UE10008,gnb_syslog,SIP_TIMEOUT,FAIL,,,,,,,,,ERROR,,TRANSPORT,SIP_TIMEOUT,IMS SIP Timeout,,,,
2026-07-01 09:09:00,XYZ401,UE10009,gnb_syslog,MSG1_FAIL,FAIL,,,,,,,,,WARN,,BEAM,MSG1_FAIL,PRACH Detection Failure,,,,
2026-07-01 10:10:00,XYZ402,UE10010,gnb_syslog,HO_PREP_FAIL,FAIL,,,,,,,,,WARN,,MOBILITY,HO_PREP_FAIL,HO Request Ack Missing,,,,
2026-07-01 11:11:00,XYZ401,UE10011,gnb_syslog,SIP_TIMEOUT,FAIL,,,,,,,,,ERROR,,TRANSPORT,SIP_TIMEOUT,IMS SIP Timeout,,,,
2026-07-01 12:12:00,XYZ401,UE10012,gnb_syslog,MSG1_FAIL,FAIL,,,,,,,,,WARN,,BEAM,MSG1_FAIL,PRACH Detection Failure,,,,
2026-07-01 13:13:00,XYZ403,UE10013,gnb_syslog,HO_PREP_FAIL,FAIL,,,,,,,,,WARN,,MOBILITY,HO_PREP_FAIL,HO Request Ack Missing,,,,
2026-07-01 14:14:00,XYZ403,UE10014,gnb_syslog,T310_EXPIRY,FAIL,,,,,,,,,WARN,,RACH,T310_EXPIRY,T310 Timer Expired,,,,
2026-07-01 15:15:00,XYZ403,UE10015,gnb_syslog,XN_TIMEOUT,FAIL,,,,,,,,,WARN,,RLF,XN_TIMEOUT,Xn Preparation Timeout,,,,
2026-07-01 16:16:00,XYZ402,UE10016,gnb_syslog,SIP_TIMEOUT,FAIL,,,,,,,,,ERROR,,TRANSPORT,SIP_TIMEOUT,IMS SIP Timeout,,,,
2026-07-01 17:17:00,XYZ403,UE10017,gnb_syslog,SIP_TIMEOUT,FAIL,,,,,,,,,ERROR,,TRANSPORT,SIP_TIMEOUT,IMS SIP Timeout,,,,
2026-07-01 18:18:00,XYZ403,UE10018,gnb_syslog,MSG1_FAIL,FAIL,,,,,,,,,WARN,,BEAM,MSG1_FAIL,PRACH Detection Failure,,,,
2026-07-01 19:19:00,XYZ401,UE10019,gnb_syslog,MSG1_FAIL,FAIL,,,,,,,,,WARN,,BEAM,MSG1_FAIL,PRACH Detection Failure,,,,
2026-07-01 20:20:00,XYZ401,UE10020,gnb_syslog,T310_EXPIRY,FAIL,,,,,,,,,WARN,,RACH,T310_EXPIRY,T310 Timer Expired,,,,
2026-07-01 21:21:00,XYZ403,UE10021,gnb_syslog,T310_EXPIRY,FAIL,,,,,,,,,WARN,,RACH,T310_EXPIRY,T310 Timer Expired,,,,
2026-07-01 22:22:00,XYZ401,UE10022,gnb_syslog,BEAM_OVERLOAD,FAIL,,,,,,,,,ERROR,,VONR,BEAM_OVERLOAD,Beam Resource Congestion,,,,
2026-07-01 23:23:00,XYZ401,UE10023,gnb_syslog,XN_TIMEOUT,FAIL,,,,,,,,,WARN,,RLF,XN_TIMEOUT,Xn Preparation Timeout,,,,
2026-07-01 00:24:00,XYZ402,UE10024,gnb_syslog,MSG1_FAIL,FAIL,,,,,,,,,WARN,,BEAM,MSG1_FAIL,PRACH Detection Failure,,,,
2026-07-01 01:25:00,XYZ402,UE10025,gnb_syslog,XN_TIMEOUT,FAIL,,,,,,,,,WARN,,RLF,XN_TIMEOUT,Xn Preparation Timeout,,,,
2026-07-01 02:26:00,XYZ402,UE10026,gnb_syslog,HO_PREP_FAIL,FAIL,,,,,,,,,WARN,,MOBILITY,HO_PREP_FAIL,HO Request Ack Missing,,,,
2026-07-01 03:27:00,XYZ402,UE10027,gnb_syslog,BEAM_OVERLOAD,FAIL,,,,,,,,,ERROR,,VONR,BEAM_OVERLOAD,Beam Resource Congestion,,,,
2026-07-01 04:28:00,XYZ403,UE10028,gnb_syslog,MSG1_FAIL,FAIL,,,,,,,,,WARN,,BEAM,MSG1_FAIL,PRACH Detection Failure,,,,
2026-07-01 05:29:00,XYZ403,UE10029,gnb_syslog,MSG1_FAIL,FAIL,,,,,,,,,WARN,,BEAM,MSG1_FAIL,PRACH Detection Failure,,,,
2026-07-01 06:30:00,XYZ401,UE10030,gnb_syslog,MSG1_FAIL,FAIL,,,,,,,,,WARN,,BEAM,MSG1_FAIL,PRACH Detection Failure,,,,
2026-07-01 07:31:00,XYZ402,UE10031,gnb_syslog,T310_EXPIRY,FAIL,,,,,,,,,WARN,,RACH,T310_EXPIRY,T310 Timer Expired,,,,
2026-07-01 08:32:00,XYZ402,UE10032,gnb_syslog,HO_PREP_FAIL,FAIL,,,,,,,,,WARN,,MOBILITY,HO_PREP_FAIL,HO Request Ack Missing,,,,
2026-07-01 09:33:00,XYZ402,UE10033,gnb_syslog,MSG1_FAIL,FAIL,,,,,,,,,WARN,,BEAM,MSG1_FAIL,PRACH Detection Failure,,,,
2026-07-01 10:34:00,XYZ402,UE10034,gnb_syslog,SIP_TIMEOUT,FAIL,,,,,,,,,ERROR,,TRANSPORT,SIP_TIMEOUT,IMS SIP Timeout,,,,
2026-07-01 11:35:00,XYZ402,UE10035,gnb_syslog,SIP_TIMEOUT,FAIL,,,,,,,,,ERROR,,TRANSPORT,SIP_TIMEOUT,IMS SIP Timeout,,,,
2026-07-01 12:36:00,XYZ402,UE10036,gnb_syslog,MSG1_FAIL,FAIL,,,,,,,,,WARN,,BEAM,MSG1_FAIL,PRACH Detection Failure,,,,
2026-07-01 13:37:00,XYZ403,UE10037,gnb_syslog,BEAM_OVERLOAD,FAIL,,,,,,,,,ERROR,,VONR,BEAM_OVERLOAD,Beam Resource Congestion,,,,
2026-07-01 14:38:00,XYZ402,UE10038,gnb_syslog,XN_TIMEOUT,FAIL,,,,,,,,,WARN,,RLF,XN_TIMEOUT,Xn Preparation Timeout,,,,
2026-07-01 15:39:00,XYZ402,UE10039,gnb_syslog,MSG1_FAIL,FAIL,,,,,,,,,WARN,,BEAM,MSG1_FAIL,PRACH Detection Failure,,,,
2026-07-01 16:40:00,XYZ402,UE10040,gnb_syslog,XN_TIMEOUT,FAIL,,,,,,,,,WARN,,RLF,XN_TIMEOUT,Xn Preparation Timeout,,,,
2026-07-01 17:41:00,XYZ402,UE10041,gnb_syslog,MSG1_FAIL,FAIL,,,,,,,,,WARN,,BEAM,MSG1_FAIL,PRACH Detection Failure,,,,
2026-07-01 18:42:00,XYZ403,UE10042,gnb_syslog,SIP_TIMEOUT,FAIL,,,,,,,,,ERROR,,TRANSPORT,SIP_TIMEOUT,IMS SIP Timeout,,,,
2026-07-01 19:43:00,XYZ401,UE10043,gnb_syslog,MSG1_FAIL,FAIL,,,,,,,,,WARN,,BEAM,MSG1_FAIL,PRACH Detection Failure,,,,
2026-07-01 20:44:00,XYZ401,UE10044,gnb_syslog,SIP_TIMEOUT,FAIL,,,,,,,,,ERROR,,TRANSPORT,SIP_TIMEOUT,IMS SIP Timeout,,,,
2026-07-01 21:45:00,XYZ402,UE10045,gnb_syslog,BEAM_OVERLOAD,FAIL,,,,,,,,,ERROR,,VONR,BEAM_OVERLOAD,Beam Resource Congestion,,,,
2026-07-01 22:46:00,XYZ402,UE10046,gnb_syslog,BEAM_OVERLOAD,FAIL,,,,,,,,,ERROR,,VONR,BEAM_OVERLOAD,Beam Resource Congestion,,,,
2026-07-01 23:47:00,XYZ401,UE10047,gnb_syslog,HO_PREP_FAIL,FAIL,,,,,,,,,WARN,,MOBILITY,HO_PREP_FAIL,HO Request Ack Missing,,,,
2026-07-01 00:48:00,XYZ401,UE10048,gnb_syslog,HO_PREP_FAIL,FAIL,,,,,,,,,WARN,,MOBILITY,HO_PREP_FAIL,HO Request Ack Missing,,,,
2026-07-01 01:49:00,XYZ401,UE10049,gnb_syslog,BEAM_OVERLOAD,FAIL,,,,,,,,,ERROR,,VONR,BEAM_OVERLOAD,Beam Resource Congestion,,,,
2026-07-01 02:50:00,XYZ403,UE10050,gnb_syslog,HO_PREP_FAIL,FAIL,,,,,,,,,WARN,,MOBILITY,HO_PREP_FAIL,HO Request Ack Missing,,,,
2026-07-01 03:51:00,XYZ401,UE10051,gnb_syslog,HO_PREP_FAIL,FAIL,,,,,,,,,WARN,,MOBILITY,HO_PREP_FAIL,HO Request Ack Missing,,,,
2026-07-01 04:52:00,XYZ403,UE10052,gnb_syslog,MSG1_FAIL,FAIL,,,,,,,,,WARN,,BEAM,MSG1_FAIL,PRACH Detection Failure,,,,
2026-07-01 05:53:00,XYZ403,UE10053,gnb_syslog,T310_EXPIRY,FAIL,,,,,,,,,WARN,,RACH,T310_EXPIRY,T310 Timer Expired,,,,
2026-07-01 06:54:00,XYZ403,UE10054,gnb_syslog,HO_PREP_FAIL,FAIL,,,,,,,,,WARN,,MOBILITY,HO_PREP_FAIL,HO Request Ack Missing,,,,
2026-07-01 07:55:00,XYZ401,UE10055,gnb_syslog,T310_EXPIRY,FAIL,,,,,,,,,WARN,,RACH,T310_EXPIRY,T310 Timer Expired,,,,
2026-07-01 08:56:00,XYZ401,UE10056,gnb_syslog,T310_EXPIRY,FAIL,,,,,,,,,WARN,,RACH,T310_EXPIRY,T310 Timer Expired,,,,
2026-07-01 09:57:00,XYZ403,UE10057,gnb_syslog,XN_TIMEOUT,FAIL,,,,,,,,,WARN,,RLF,XN_TIMEOUT,Xn Preparation Timeout,,,,
2026-07-01 10:58:00,XYZ401,UE10058,gnb_syslog,XN_TIMEOUT,FAIL,,,,,,,,,WARN,,RLF,XN_TIMEOUT,Xn Preparation Timeout,,,,
2026-07-01 11:59:00,XYZ403,UE10059,gnb_syslog,MSG1_FAIL,FAIL,,,,,,,,,WARN,,BEAM,MSG1_FAIL,PRACH Detection Failure,,,,
2026-07-01 12:00:00,XYZ402,UE10060,gnb_syslog,HO_PREP_FAIL,FAIL,,,,,,,,,WARN,,MOBILITY,HO_PREP_FAIL,HO Request Ack Missing,,,,
2026-07-01 13:01:00,XYZ403,UE10061,gnb_syslog,HO_PREP_FAIL,FAIL,,,,,,,,,WARN,,MOBILITY,HO_PREP_FAIL,HO Request Ack Missing,,,,
2026-07-01 14:02:00,XYZ401,UE10062,gnb_syslog,SIP_TIMEOUT,FAIL,,,,,,,,,ERROR,,TRANSPORT,SIP_TIMEOUT,IMS SIP Timeout,,,,
2026-07-01 15:03:00,XYZ402,UE10063,gnb_syslog,T310_EXPIRY,FAIL,,,,,,,,,WARN,,RACH,T310_EXPIRY,T310 Timer Expired,,,,
2026-07-01 16:04:00,XYZ403,UE10064,gnb_syslog,T310_EXPIRY,FAIL,,,,,,,,,WARN,,RACH,T310_EXPIRY,T310 Timer Expired,,,,
2026-07-01 17:05:00,XYZ403,UE10065,gnb_syslog,HO_PREP_FAIL,FAIL,,,,,,,,,WARN,,MOBILITY,HO_PREP_FAIL,HO Request Ack Missing,,,,
2026-07-01 18:06:00,XYZ403,UE10066,gnb_syslog,BEAM_OVERLOAD,FAIL,,,,,,,,,ERROR,,VONR,BEAM_OVERLOAD,Beam Resource Congestion,,,,
2026-07-01 19:07:00,XYZ403,UE10067,gnb_syslog,SIP_TIMEOUT,FAIL,,,,,,,,,ERROR,,TRANSPORT,SIP_TIMEOUT,IMS SIP Timeout,,,,
2026-07-01 20:08:00,XYZ401,UE10068,gnb_syslog,HO_PREP_FAIL,FAIL,,,,,,,,,WARN,,MOBILITY,HO_PREP_FAIL,HO Request Ack Missing,,,,
2026-07-01 21:09:00,XYZ403,UE10069,gnb_syslog,XN_TIMEOUT,FAIL,,,,,,,,,WARN,,RLF,XN_TIMEOUT,Xn Preparation Timeout,,,,
2026-07-01 22:10:00,XYZ403,UE10070,gnb_syslog,SIP_TIMEOUT,FAIL,,,,,,,,,ERROR,,TRANSPORT,SIP_TIMEOUT,IMS SIP Timeout,,,,
2026-07-01 23:11:00,XYZ401,UE10071,gnb_syslog,T310_EXPIRY,FAIL,,,,,,,,,WARN,,RACH,T310_EXPIRY,T310 Timer Expired,,,,
2026-07-01 00:12:00,XYZ402,UE10072,gnb_syslog,XN_TIMEOUT,FAIL,,,,,,,,,WARN,,RLF,XN_TIMEOUT,Xn Preparation Timeout,,,,
2026-07-01 01:13:00,XYZ401,UE10073,gnb_syslog,MSG1_FAIL,FAIL,,,,,,,,,WARN,,BEAM,MSG1_FAIL,PRACH Detection Failure,,,,
2026-07-01 02:14:00,XYZ403,UE10074,gnb_syslog,T310_EXPIRY,FAIL,,,,,,,,,WARN,,RACH,T310_EXPIRY,T310 Timer Expired,,,,
2026-07-01 03:15:00,XYZ401,UE10075,gnb_syslog,HO_PREP_FAIL,FAIL,,,,,,,,,WARN,,MOBILITY,HO_PREP_FAIL,HO Request Ack Missing,,,,
2026-07-01 04:16:00,XYZ402,UE10076,gnb_syslog,MSG1_FAIL,FAIL,,,,,,,,,WARN,,BEAM,MSG1_FAIL,PRACH Detection Failure,,,,
2026-07-01 05:17:00,XYZ403,UE10077,gnb_syslog,BEAM_OVERLOAD,FAIL,,,,,,,,,ERROR,,VONR,BEAM_OVERLOAD,Beam Resource Congestion,,,,
2026-07-01 06:18:00,XYZ403,UE10078,gnb_syslog,BEAM_OVERLOAD,FAIL,,,,,,,,,ERROR,,VONR,BEAM_OVERLOAD,Beam Resource Congestion,,,,
2026-07-01 07:19:00,XYZ401,UE10079,gnb_syslog,T310_EXPIRY,FAIL,,,,,,,,,WARN,,RACH,T310_EXPIRY,T310 Timer Expired,,,,
2026-07-01 08:20:00,XYZ401,UE10080,gnb_syslog,MSG1_FAIL,FAIL,,,,,,,,,WARN,,BEAM,MSG1_FAIL,PRACH Detection Failure,,,,
2026-07-01 09:21:00,XYZ403,UE10081,gnb_syslog,T310_EXPIRY,FAIL,,,,,,,,,WARN,,RACH,T310_EXPIRY,T310 Timer Expired,,,,
2026-07-01 10:22:00,XYZ402,UE10082,gnb_syslog,SIP_TIMEOUT,FAIL,,,,,,,,,ERROR,,TRANSPORT,SIP_TIMEOUT,IMS SIP Timeout,,,,
2026-07-01 11:23:00,XYZ401,UE10083,gnb_syslog,XN_TIMEOUT,FAIL,,,,,,,,,WARN,,RLF,XN_TIMEOUT,Xn Preparation Timeout,,,,
2026-07-01 12:24:00,XYZ401,UE10084,gnb_syslog,SIP_TIMEOUT,FAIL,,,,,,,,,ERROR,,TRANSPORT,SIP_TIMEOUT,IMS SIP Timeout,,,,
2026-07-01 13:25:00,XYZ402,UE10085,gnb_syslog,BEAM_OVERLOAD,FAIL,,,,,,,,,ERROR,,VONR,BEAM_OVERLOAD,Beam Resource Congestion,,,,
2026-07-01 14:26:00,XYZ402,UE10086,gnb_syslog,MSG1_FAIL,FAIL,,,,,,,,,WARN,,BEAM,MSG1_FAIL,PRACH Detection Failure,,,,
2026-07-01 15:27:00,XYZ403,UE10087,gnb_syslog,SIP_TIMEOUT,FAIL,,,,,,,,,ERROR,,TRANSPORT,SIP_TIMEOUT,IMS SIP Timeout,,,,
2026-07-01 16:28:00,XYZ403,UE10088,gnb_syslog,XN_TIMEOUT,FAIL,,,,,,,,,WARN,,RLF,XN_TIMEOUT,Xn Preparation Timeout,,,,
2026-07-01 17:29:00,XYZ401,UE10089,gnb_syslog,MSG1_FAIL,FAIL,,,,,,,,,WARN,,BEAM,MSG1_FAIL,PRACH Detection Failure,,,,
2026-07-01 18:30:00,XYZ401,UE10090,gnb_syslog,SIP_TIMEOUT,FAIL,,,,,,,,,ERROR,,TRANSPORT,SIP_TIMEOUT,IMS SIP Timeout,,,,
2026-07-01 19:31:00,XYZ401,UE10091,gnb_syslog,HO_PREP_FAIL,FAIL,,,,,,,,,WARN,,MOBILITY,HO_PREP_FAIL,HO Request Ack Missing,,,,
2026-07-01 20:32:00,XYZ402,UE10092,gnb_syslog,T310_EXPIRY,FAIL,,,,,,,,,WARN,,RACH,T310_EXPIRY,T310 Timer Expired,,,,
2026-07-01 21:33:00,XYZ401,UE10093,gnb_syslog,HO_PREP_FAIL,FAIL,,,,,,,,,WARN,,MOBILITY,HO_PREP_FAIL,HO Request Ack Missing,,,,
2026-07-01 22:34:00,XYZ403,UE10094,gnb_syslog,HO_PREP_FAIL,FAIL,,,,,,,,,WARN,,MOBILITY,HO_PREP_FAIL,HO Request Ack Missing,,,,
2026-07-01 23:35:00,XYZ403,UE10095,gnb_syslog,SIP_TIMEOUT,FAIL,,,,,,,,,ERROR,,TRANSPORT,SIP_TIMEOUT,IMS SIP Timeout,,,,
2026-07-01 00:36:00,XYZ402,UE10096,gnb_syslog,HO_PREP_FAIL,FAIL,,,,,,,,,WARN,,MOBILITY,HO_PREP_FAIL,HO Request Ack Missing,,,,
2026-07-01 01:37:00,XYZ401,UE10097,gnb_syslog,BEAM_OVERLOAD,FAIL,,,,,,,,,ERROR,,VONR,BEAM_OVERLOAD,Beam Resource Congestion,,,,
2026-07-01 02:38:00,XYZ402,UE10098,gnb_syslog,T310_EXPIRY,FAIL,,,,,,,,,WARN,,RACH,T310_EXPIRY,T310 Timer Expired,,,,
2026-07-01 03:39:00,XYZ403,UE10099,gnb_syslog,MSG1_FAIL,FAIL,,,,,,,,,WARN,,BEAM,MSG1_FAIL,PRACH Detection Failure,,,,
2026-07-01 04:40:00,XYZ402,UE10100,gnb_syslog,T310_EXPIRY,FAIL,,,,,,,,,WARN,,RACH,T310_EXPIRY,T310 Timer Expired,,,,
2026-07-01 05:41:00,XYZ401,UE10101,gnb_syslog,HO_PREP_FAIL,FAIL,,,,,,,,,WARN,,MOBILITY,HO_PREP_FAIL,HO Request Ack Missing,,,,
2026-07-01 06:42:00,XYZ401,UE10102,gnb_syslog,SIP_TIMEOUT,FAIL,,,,,,,,,ERROR,,TRANSPORT,SIP_TIMEOUT,IMS SIP Timeout,,,,
2026-07-01 07:43:00,XYZ402,UE10103,gnb_syslog,XN_TIMEOUT,FAIL,,,,,,,,,WARN,,RLF,XN_TIMEOUT,Xn Preparation Timeout,,,,
2026-07-01 08:44:00,XYZ403,UE10104,gnb_syslog,XN_TIMEOUT,FAIL,,,,,,,,,WARN,,RLF,XN_TIMEOUT,Xn Preparation Timeout,,,,
2026-07-01 09:45:00,XYZ401,UE10105,gnb_syslog,HO_PREP_FAIL,FAIL,,,,,,,,,WARN,,MOBILITY,HO_PREP_FAIL,HO Request Ack Missing,,,,
2026-07-01 10:46:00,XYZ401,UE10106,gnb_syslog,HO_PREP_FAIL,FAIL,,,,,,,,,WARN,,MOBILITY,HO_PREP_FAIL,HO Request Ack Missing,,,,
2026-07-01 11:47:00,XYZ401,UE10107,gnb_syslog,T310_EXPIRY,FAIL,,,,,,,,,WARN,,RACH,T310_EXPIRY,T310 Timer Expired,,,,
2026-07-01 12:48:00,XYZ402,UE10108,gnb_syslog,XN_TIMEOUT,FAIL,,,,,,,,,WARN,,RLF,XN_TIMEOUT,Xn Preparation Timeout,,,,
2026-07-01 13:49:00,XYZ402,UE10109,gnb_syslog,MSG1_FAIL,FAIL,,,,,,,,,WARN,,BEAM,MSG1_FAIL,PRACH Detection Failure,,,,
2026-07-01 14:50:00,XYZ401,UE10110,gnb_syslog,BEAM_OVERLOAD,FAIL,,,,,,,,,ERROR,,VONR,BEAM_OVERLOAD,Beam Resource Congestion,,,,
2026-07-01 15:51:00,XYZ403,UE10111,gnb_syslog,HO_PREP_FAIL,FAIL,,,,,,,,,WARN,,MOBILITY,HO_PREP_FAIL,HO Request Ack Missing,,,,
2026-07-01 16:52:00,XYZ402,UE10112,gnb_syslog,SIP_TIMEOUT,FAIL,,,,,,,,,ERROR,,TRANSPORT,SIP_TIMEOUT,IMS SIP Timeout,,,,
2026-07-01 17:53:00,XYZ402,UE10113,gnb_syslog,BEAM_OVERLOAD,FAIL,,,,,,,,,ERROR,,VONR,BEAM_OVERLOAD,Beam Resource Congestion,,,,
2026-07-01 18:54:00,XYZ403,UE10114,gnb_syslog,SIP_TIMEOUT,FAIL,,,,,,,,,ERROR,,TRANSPORT,SIP_TIMEOUT,IMS SIP Timeout,,,,
2026-07-01 19:55:00,XYZ403,UE10115,gnb_syslog,MSG1_FAIL,FAIL,,,,,,,,,WARN,,BEAM,MSG1_FAIL,PRACH Detection Failure,,,,
2026-07-01 20:56:00,XYZ403,UE10116,gnb_syslog,T310_EXPIRY,FAIL,,,,,,,,,WARN,,RACH,T310_EXPIRY,T310 Timer Expired,,,,
2026-07-01 21:57:00,XYZ403,UE10117,gnb_syslog,HO_PREP_FAIL,FAIL,,,,,,,,,WARN,,MOBILITY,HO_PREP_FAIL,HO Request Ack Missing,,,,
2026-07-01 22:58:00,XYZ401,UE10118,gnb_syslog,SIP_TIMEOUT,FAIL,,,,,,,,,ERROR,,TRANSPORT,SIP_TIMEOUT,IMS SIP Timeout,,,,
2026-07-01 23:59:00,XYZ402,UE10119,gnb_syslog,MSG1_FAIL,FAIL,,,,,,,,,WARN,,BEAM,MSG1_FAIL,PRACH Detection Failure,,,,
2026-07-01 00:00:00,XYZ402,UE10120,gnb_syslog,SIP_TIMEOUT,FAIL,,,,,,,,,ERROR,,TRANSPORT,SIP_TIMEOUT,IMS SIP Timeout,,,,
2026-07-01 01:01:00,XYZ403,UE10121,gnb_syslog,T310_EXPIRY,FAIL,,,,,,,,,WARN,,RACH,T310_EXPIRY,T310 Timer Expired,,,,
2026-07-01 02:02:00,XYZ401,UE10122,gnb_syslog,HO_PREP_FAIL,FAIL,,,,,,,,,WARN,,MOBILITY,HO_PREP_FAIL,HO Request Ack Missing,,,,
2026-07-01 03:03:00,XYZ403,UE10123,gnb_syslog,MSG1_FAIL,FAIL,,,,,,,,,WARN,,BEAM,MSG1_FAIL,PRACH Detection Failure,,,,
2026-07-01 04:04:00,XYZ401,UE10124,gnb_syslog,SIP_TIMEOUT,FAIL,,,,,,,,,ERROR,,TRANSPORT,SIP_TIMEOUT,IMS SIP Timeout,,,,
2026-07-01 05:05:00,XYZ403,UE10125,gnb_syslog,T310_EXPIRY,FAIL,,,,,,,,,WARN,,RACH,T310_EXPIRY,T310 Timer Expired,,,,
2026-07-01 06:06:00,XYZ403,UE10126,gnb_syslog,MSG1_FAIL,FAIL,,,,,,,,,WARN,,BEAM,MSG1_FAIL,PRACH Detection Failure,,,,
2026-07-01 07:07:00,XYZ403,UE10127,gnb_syslog,XN_TIMEOUT,FAIL,,,,,,,,,WARN,,RLF,XN_TIMEOUT,Xn Preparation Timeout,,,,
2026-07-01 08:08:00,XYZ403,UE10128,gnb_syslog,T310_EXPIRY,FAIL,,,,,,,,,WARN,,RACH,T310_EXPIRY,T310 Timer Expired,,,,
2026-07-01 09:09:00,XYZ401,UE10129,gnb_syslog,MSG1_FAIL,FAIL,,,,,,,,,WARN,,BEAM,MSG1_FAIL,PRACH Detection Failure,,,,
2026-07-01 10:10:00,XYZ403,UE10130,gnb_syslog,HO_PREP_FAIL,FAIL,,,,,,,,,WARN,,MOBILITY,HO_PREP_FAIL,HO Request Ack Missing,,,,
2026-07-01 11:11:00,XYZ401,UE10131,gnb_syslog,XN_TIMEOUT,FAIL,,,,,,,,,WARN,,RLF,XN_TIMEOUT,Xn Preparation Timeout,,,,
2026-07-01 12:12:00,XYZ401,UE10132,gnb_syslog,T310_EXPIRY,FAIL,,,,,,,,,WARN,,RACH,T310_EXPIRY,T310 Timer Expired,,,,
2026-07-01 13:13:00,XYZ402,UE10133,gnb_syslog,HO_PREP_FAIL,FAIL,,,,,,,,,WARN,,MOBILITY,HO_PREP_FAIL,HO Request Ack Missing,,,,
2026-07-01 14:14:00,XYZ402,UE10134,gnb_syslog,SIP_TIMEOUT,FAIL,,,,,,,,,ERROR,,TRANSPORT,SIP_TIMEOUT,IMS SIP Timeout,,,,
2026-07-01 15:15:00,XYZ403,UE10135,gnb_syslog,T310_EXPIRY,FAIL,,,,,,,,,WARN,,RACH,T310_EXPIRY,T310 Timer Expired,,,,
2026-07-01 16:16:00,XYZ402,UE10136,gnb_syslog,MSG1_FAIL,FAIL,,,,,,,,,WARN,,BEAM,MSG1_FAIL,PRACH Detection Failure,,,,
2026-07-01 17:17:00,XYZ401,UE10137,gnb_syslog,HO_PREP_FAIL,FAIL,,,,,,,,,WARN,,MOBILITY,HO_PREP_FAIL,HO Request Ack Missing,,,,
2026-07-01 18:18:00,XYZ401,UE10138,gnb_syslog,XN_TIMEOUT,FAIL,,,,,,,,,WARN,,RLF,XN_TIMEOUT,Xn Preparation Timeout,,,,
2026-07-01 19:19:00,XYZ401,UE10139,gnb_syslog,SIP_TIMEOUT,FAIL,,,,,,,,,ERROR,,TRANSPORT,SIP_TIMEOUT,IMS SIP Timeout,,,,
2026-07-01 20:20:00,XYZ403,UE10140,gnb_syslog,BEAM_OVERLOAD,FAIL,,,,,,,,,ERROR,,VONR,BEAM_OVERLOAD,Beam Resource Congestion,,,,
2026-07-01 21:21:00,XYZ401,UE10141,gnb_syslog,HO_PREP_FAIL,FAIL,,,,,,,,,WARN,,MOBILITY,HO_PREP_FAIL,HO Request Ack Missing,,,,
2026-07-01 22:22:00,XYZ403,UE10142,gnb_syslog,T310_EXPIRY,FAIL,,,,,,,,,WARN,,RACH,T310_EXPIRY,T310 Timer Expired,,,,
2026-07-01 23:23:00,XYZ402,UE10143,gnb_syslog,T310_EXPIRY,FAIL,,,,,,,,,WARN,,RACH,T310_EXPIRY,T310 Timer Expired,,,,
2026-07-01 00:24:00,XYZ403,UE10144,gnb_syslog,HO_PREP_FAIL,FAIL,,,,,,,,,WARN,,MOBILITY,HO_PREP_FAIL,HO Request Ack Missing,,,,
2026-07-01 01:25:00,XYZ402,UE10145,gnb_syslog,HO_PREP_FAIL,FAIL,,,,,,,,,WARN,,MOBILITY,HO_PREP_FAIL,HO Request Ack Missing,,,,
2026-07-01 02:26:00,XYZ402,UE10146,gnb_syslog,MSG1_FAIL,FAIL,,,,,,,,,WARN,,BEAM,MSG1_FAIL,PRACH Detection Failure,,,,
2026-07-01 03:27:00,XYZ402,UE10147,gnb_syslog,T310_EXPIRY,FAIL,,,,,,,,,WARN,,RACH,T310_EXPIRY,T310 Timer Expired,,,,
2026-07-01 04:28:00,XYZ403,UE10148,gnb_syslog,HO_PREP_FAIL,FAIL,,,,,,,,,WARN,,MOBILITY,HO_PREP_FAIL,HO Request Ack Missing,,,,
2026-07-01 05:29:00,XYZ401,UE10149,gnb_syslog,HO_PREP_FAIL,FAIL,,,,,,,,,WARN,,MOBILITY,HO_PREP_FAIL,HO Request Ack Missing,,,,
2026-07-01 06:30:00,XYZ402,UE10150,gnb_syslog,XN_TIMEOUT,FAIL,,,,,,,,,WARN,,RLF,XN_TIMEOUT,Xn Preparation Timeout,,,,
2026-07-01 07:31:00,XYZ402,UE10151,gnb_syslog,XN_TIMEOUT,FAIL,,,,,,,,,WARN,,RLF,XN_TIMEOUT,Xn Preparation Timeout,,,,
2026-07-01 08:32:00,XYZ403,UE10152,gnb_syslog,SIP_TIMEOUT,FAIL,,,,,,,,,ERROR,,TRANSPORT,SIP_TIMEOUT,IMS SIP Timeout,,,,
2026-07-01 09:33:00,XYZ401,UE10153,gnb_syslog,BEAM_OVERLOAD,FAIL,,,,,,,,,ERROR,,VONR,BEAM_OVERLOAD,Beam Resource Congestion,,,,
2026-07-01 10:34:00,XYZ401,UE10154,gnb_syslog,MSG1_FAIL,FAIL,,,,,,,,,WARN,,BEAM,MSG1_FAIL,PRACH Detection Failure,,,,
2026-07-01 11:35:00,XYZ401,UE10155,gnb_syslog,MSG1_FAIL,FAIL,,,,,,,,,WARN,,BEAM,MSG1_FAIL,PRACH Detection Failure,,,,
2026-07-01 12:36:00,XYZ401,UE10156,gnb_syslog,SIP_TIMEOUT,FAIL,,,,,,,,,ERROR,,TRANSPORT,SIP_TIMEOUT,IMS SIP Timeout,,,,
2026-07-01 13:37:00,XYZ403,UE10157,gnb_syslog,MSG1_FAIL,FAIL,,,,,,,,,WARN,,BEAM,MSG1_FAIL,PRACH Detection Failure,,,,
2026-07-01 14:38:00,XYZ401,UE10158,gnb_syslog,T310_EXPIRY,FAIL,,,,,,,,,WARN,,RACH,T310_EXPIRY,T310 Timer Expired,,,,
2026-07-01 15:39:00,XYZ403,UE10159,gnb_syslog,HO_PREP_FAIL,FAIL,,,,,,,,,WARN,,MOBILITY,HO_PREP_FAIL,HO Request Ack Missing,,,,
2026-07-01 16:40:00,XYZ402,UE10160,gnb_syslog,T310_EXPIRY,FAIL,,,,,,,,,WARN,,RACH,T310_EXPIRY,T310 Timer Expired,,,,
2026-07-01 17:41:00,XYZ402,UE10161,gnb_syslog,SIP_TIMEOUT,FAIL,,,,,,,,,ERROR,,TRANSPORT,SIP_TIMEOUT,IMS SIP Timeout,,,,
2026-07-01 18:42:00,XYZ402,UE10162,gnb_syslog,SIP_TIMEOUT,FAIL,,,,,,,,,ERROR,,TRANSPORT,SIP_TIMEOUT,IMS SIP Timeout,,,,
2026-07-01 19:43:00,XYZ401,UE10163,gnb_syslog,SIP_TIMEOUT,FAIL,,,,,,,,,ERROR,,TRANSPORT,SIP_TIMEOUT,IMS SIP Timeout,,,,
2026-07-01 20:44:00,XYZ402,UE10164,gnb_syslog,T310_EXPIRY,FAIL,,,,,,,,,WARN,,RACH,T310_EXPIRY,T310 Timer Expired,,,,
2026-07-01 21:45:00,XYZ403,UE10165,gnb_syslog,T310_EXPIRY,FAIL,,,,,,,,,WARN,,RACH,T310_EXPIRY,T310 Timer Expired,,,,
2026-07-01 22:46:00,XYZ401,UE10166,gnb_syslog,XN_TIMEOUT,FAIL,,,,,,,,,WARN,,RLF,XN_TIMEOUT,Xn Preparation Timeout,,,,
2026-07-01 23:47:00,XYZ401,UE10167,gnb_syslog,SIP_TIMEOUT,FAIL,,,,,,,,,ERROR,,TRANSPORT,SIP_TIMEOUT,IMS SIP Timeout,,,,
2026-07-01 00:48:00,XYZ403,UE10168,gnb_syslog,MSG1_FAIL,FAIL,,,,,,,,,WARN,,BEAM,MSG1_FAIL,PRACH Detection Failure,,,,
2026-07-01 01:49:00,XYZ401,UE10169,gnb_syslog,HO_PREP_FAIL,FAIL,,,,,,,,,WARN,,MOBILITY,HO_PREP_FAIL,HO Request Ack Missing,,,,
2026-07-01 02:50:00,XYZ401,UE10170,gnb_syslog,MSG1_FAIL,FAIL,,,,,,,,,WARN,,BEAM,MSG1_FAIL,PRACH Detection Failure,,,,
2026-07-01 03:51:00,XYZ403,UE10171,gnb_syslog,T310_EXPIRY,FAIL,,,,,,,,,WARN,,RACH,T310_EXPIRY,T310 Timer Expired,,,,
2026-07-01 04:52:00,XYZ401,UE10172,gnb_syslog,HO_PREP_FAIL,FAIL,,,,,,,,,WARN,,MOBILITY,HO_PREP_FAIL,HO Request Ack Missing,,,,
2026-07-01 05:53:00,XYZ402,UE10173,gnb_syslog,MSG1_FAIL,FAIL,,,,,,,,,WARN,,BEAM,MSG1_FAIL,PRACH Detection Failure,,,,
2026-07-01 06:54:00,XYZ402,UE10174,gnb_syslog,BEAM_OVERLOAD,FAIL,,,,,,,,,ERROR,,VONR,BEAM_OVERLOAD,Beam Resource Congestion,,,,
2026-07-01 07:55:00,XYZ402,UE10175,gnb_syslog,BEAM_OVERLOAD,FAIL,,,,,,,,,ERROR,,VONR,BEAM_OVERLOAD,Beam Resource Congestion,,,,
2026-07-01 08:56:00,XYZ401,UE10176,gnb_syslog,T310_EXPIRY,FAIL,,,,,,,,,WARN,,RACH,T310_EXPIRY,T310 Timer Expired,,,,
2026-07-01 09:57:00,XYZ401,UE10177,gnb_syslog,BEAM_OVERLOAD,FAIL,,,,,,,,,ERROR,,VONR,BEAM_OVERLOAD,Beam Resource Congestion,,,,
2026-07-01 10:58:00,XYZ402,UE10178,gnb_syslog,HO_PREP_FAIL,FAIL,,,,,,,,,WARN,,MOBILITY,HO_PREP_FAIL,HO Request Ack Missing,,,,
2026-07-01 11:59:00,XYZ403,UE10179,gnb_syslog,BEAM_OVERLOAD,FAIL,,,,,,,,,ERROR,,VONR,BEAM_OVERLOAD,Beam Resource Congestion,,,,
2026-07-01 12:00:00,XYZ401,UE10180,gnb_syslog,T310_EXPIRY,FAIL,,,,,,,,,WARN,,RACH,T310_EXPIRY,T310 Timer Expired,,,,
2026-07-01 13:01:00,XYZ403,UE10181,gnb_syslog,MSG1_FAIL,FAIL,,,,,,,,,WARN,,BEAM,MSG1_FAIL,PRACH Detection Failure,,,,
2026-07-01 14:02:00,XYZ401,UE10182,gnb_syslog,BEAM_OVERLOAD,FAIL,,,,,,,,,ERROR,,VONR,BEAM_OVERLOAD,Beam Resource Congestion,,,,
2026-07-01 15:03:00,XYZ403,UE10183,gnb_syslog,HO_PREP_FAIL,FAIL,,,,,,,,,WARN,,MOBILITY,HO_PREP_FAIL,HO Request Ack Missing,,,,
2026-07-01 16:04:00,XYZ401,UE10184,gnb_syslog,XN_TIMEOUT,FAIL,,,,,,,,,WARN,,RLF,XN_TIMEOUT,Xn Preparation Timeout,,,,
2026-07-01 17:05:00,XYZ403,UE10185,gnb_syslog,XN_TIMEOUT,FAIL,,,,,,,,,WARN,,RLF,XN_TIMEOUT,Xn Preparation Timeout,,,,
2026-07-01 18:06:00,XYZ402,UE10186,gnb_syslog,SIP_TIMEOUT,FAIL,,,,,,,,,ERROR,,TRANSPORT,SIP_TIMEOUT,IMS SIP Timeout,,,,
2026-07-01 19:07:00,XYZ402,UE10187,gnb_syslog,T310_EXPIRY,FAIL,,,,,,,,,WARN,,RACH,T310_EXPIRY,T310 Timer Expired,,,,
2026-07-01 20:08:00,XYZ403,UE10188,gnb_syslog,XN_TIMEOUT,FAIL,,,,,,,,,WARN,,RLF,XN_TIMEOUT,Xn Preparation Timeout,,,,
2026-07-01 21:09:00,XYZ403,UE10189,gnb_syslog,SIP_TIMEOUT,FAIL,,,,,,,,,ERROR,,TRANSPORT,SIP_TIMEOUT,IMS SIP Timeout,,,,
2026-07-01 22:10:00,XYZ403,UE10190,gnb_syslog,XN_TIMEOUT,FAIL,,,,,,,,,WARN,,RLF,XN_TIMEOUT,Xn Preparation Timeout,,,,
2026-07-01 23:11:00,XYZ402,UE10191,gnb_syslog,T310_EXPIRY,FAIL,,,,,,,,,WARN,,RACH,T310_EXPIRY,T310 Timer Expired,,,,
2026-07-01 00:12:00,XYZ402,UE10192,gnb_syslog,XN_TIMEOUT,FAIL,,,,,,,,,WARN,,RLF,XN_TIMEOUT,Xn Preparation Timeout,,,,
2026-07-01 01:13:00,XYZ401,UE10193,gnb_syslog,HO_PREP_FAIL,FAIL,,,,,,,,,WARN,,MOBILITY,HO_PREP_FAIL,HO Request Ack Missing,,,,
2026-07-01 02:14:00,XYZ403,UE10194,gnb_syslog,HO_PREP_FAIL,FAIL,,,,,,,,,WARN,,MOBILITY,HO_PREP_FAIL,HO Request Ack Missing,,,,
2026-07-01 03:15:00,XYZ403,UE10195,gnb_syslog,SIP_TIMEOUT,FAIL,,,,,,,,,ERROR,,TRANSPORT,SIP_TIMEOUT,IMS SIP Timeout,,,,
2026-07-01 04:16:00,XYZ402,UE10196,gnb_syslog,BEAM_OVERLOAD,FAIL,,,,,,,,,ERROR,,VONR,BEAM_OVERLOAD,Beam Resource Congestion,,,,
2026-07-01 05:17:00,XYZ403,UE10197,gnb_syslog,XN_TIMEOUT,FAIL,,,,,,,,,WARN,,RLF,XN_TIMEOUT,Xn Preparation Timeout,,,,
2026-07-01 06:18:00,XYZ401,UE10198,gnb_syslog,XN_TIMEOUT,FAIL,,,,,,,,,WARN,,RLF,XN_TIMEOUT,Xn Preparation Timeout,,,,
2026-07-01 07:19:00,XYZ402,UE10199,gnb_syslog,BEAM_OVERLOAD,FAIL,,,,,,,,,ERROR,,VONR,BEAM_OVERLOAD,Beam Resource Congestion,,,,
2026-07-01 08:20:00,XYZ401,UE10200,gnb_syslog,HO_PREP_FAIL,FAIL,,,,,,,,,WARN,,MOBILITY,HO_PREP_FAIL,HO Request Ack Missing,,,,
2026-07-01 09:21:00,XYZ401,UE10201,gnb_syslog,MSG1_FAIL,FAIL,,,,,,,,,WARN,,BEAM,MSG1_FAIL,PRACH Detection Failure,,,,
2026-07-01 10:22:00,XYZ402,UE10202,gnb_syslog,SIP_TIMEOUT,FAIL,,,,,,,,,ERROR,,TRANSPORT,SIP_TIMEOUT,IMS SIP Timeout,,,,
2026-07-01 11:23:00,XYZ403,UE10203,gnb_syslog,MSG1_FAIL,FAIL,,,,,,,,,WARN,,BEAM,MSG1_FAIL,PRACH Detection Failure,,,,
2026-07-01 12:24:00,XYZ402,UE10204,gnb_syslog,MSG1_FAIL,FAIL,,,,,,,,,WARN,,BEAM,MSG1_FAIL,PRACH Detection Failure,,,,
2026-07-01 13:25:00,XYZ403,UE10205,gnb_syslog,XN_TIMEOUT,FAIL,,,,,,,,,WARN,,RLF,XN_TIMEOUT,Xn Preparation Timeout,,,,
2026-07-01 14:26:00,XYZ403,UE10206,gnb_syslog,SIP_TIMEOUT,FAIL,,,,,,,,,ERROR,,TRANSPORT,SIP_TIMEOUT,IMS SIP Timeout,,,,
2026-07-01 15:27:00,XYZ402,UE10207,gnb_syslog,HO_PREP_FAIL,FAIL,,,,,,,,,WARN,,MOBILITY,HO_PREP_FAIL,HO Request Ack Missing,,,,
2026-07-01 16:28:00,XYZ401,UE10208,gnb_syslog,SIP_TIMEOUT,FAIL,,,,,,,,,ERROR,,TRANSPORT,SIP_TIMEOUT,IMS SIP Timeout,,,,
2026-07-01 17:29:00,XYZ402,UE10209,gnb_syslog,SIP_TIMEOUT,FAIL,,,,,,,,,ERROR,,TRANSPORT,SIP_TIMEOUT,IMS SIP Timeout,,,,
2026-07-01 18:30:00,XYZ402,UE10210,gnb_syslog,XN_TIMEOUT,FAIL,,,,,,,,,WARN,,RLF,XN_TIMEOUT,Xn Preparation Timeout,,,,
2026-07-01 19:31:00,XYZ402,UE10211,gnb_syslog,HO_PREP_FAIL,FAIL,,,,,,,,,WARN,,MOBILITY,HO_PREP_FAIL,HO Request Ack Missing,,,,
2026-07-01 20:32:00,XYZ403,UE10212,gnb_syslog,SIP_TIMEOUT,FAIL,,,,,,,,,ERROR,,TRANSPORT,SIP_TIMEOUT,IMS SIP Timeout,,,,
2026-07-01 21:33:00,XYZ403,UE10213,gnb_syslog,SIP_TIMEOUT,FAIL,,,,,,,,,ERROR,,TRANSPORT,SIP_TIMEOUT,IMS SIP Timeout,,,,
2026-07-01 22:34:00,XYZ401,UE10214,gnb_syslog,MSG1_FAIL,FAIL,,,,,,,,,WARN,,BEAM,MSG1_FAIL,PRACH Detection Failure,,,,
2026-07-01 23:35:00,XYZ401,UE10215,gnb_syslog,HO_PREP_FAIL,FAIL,,,,,,,,,WARN,,MOBILITY,HO_PREP_FAIL,HO Request Ack Missing,,,,
2026-07-01 00:36:00,XYZ401,UE10216,gnb_syslog,MSG1_FAIL,FAIL,,,,,,,,,WARN,,BEAM,MSG1_FAIL,PRACH Detection Failure,,,,
2026-07-01 01:37:00,XYZ402,UE10217,gnb_syslog,MSG1_FAIL,FAIL,,,,,,,,,WARN,,BEAM,MSG1_FAIL,PRACH Detection Failure,,,,
2026-07-01 02:38:00,XYZ402,UE10218,gnb_syslog,BEAM_OVERLOAD,FAIL,,,,,,,,,ERROR,,VONR,BEAM_OVERLOAD,Beam Resource Congestion,,,,
2026-07-01 03:39:00,XYZ403,UE10219,gnb_syslog,T310_EXPIRY,FAIL,,,,,,,,,WARN,,RACH,T310_EXPIRY,T310 Timer Expired,,,,
2026-07-01 04:40:00,XYZ401,UE10220,gnb_syslog,MSG1_FAIL,FAIL,,,,,,,,,WARN,,BEAM,MSG1_FAIL,PRACH Detection Failure,,,,
2026-07-01 05:41:00,XYZ402,UE10221,gnb_syslog,XN_TIMEOUT,FAIL,,,,,,,,,WARN,,RLF,XN_TIMEOUT,Xn Preparation Timeout,,,,
2026-07-01 06:42:00,XYZ403,UE10222,gnb_syslog,SIP_TIMEOUT,FAIL,,,,,,,,,ERROR,,TRANSPORT,SIP_TIMEOUT,IMS SIP Timeout,,,,
2026-07-01 07:43:00,XYZ403,UE10223,gnb_syslog,HO_PREP_FAIL,FAIL,,,,,,,,,WARN,,MOBILITY,HO_PREP_FAIL,HO Request Ack Missing,,,,
2026-07-01 08:44:00,XYZ402,UE10224,gnb_syslog,T310_EXPIRY,FAIL,,,,,,,,,WARN,,RACH,T310_EXPIRY,T310 Timer Expired,,,,
2026-07-01 09:45:00,XYZ401,UE10225,gnb_syslog,XN_TIMEOUT,FAIL,,,,,,,,,WARN,,RLF,XN_TIMEOUT,Xn Preparation Timeout,,,,
2026-07-01 10:46:00,XYZ401,UE10226,gnb_syslog,XN_TIMEOUT,FAIL,,,,,,,,,WARN,,RLF,XN_TIMEOUT,Xn Preparation Timeout,,,,
2026-07-01 11:47:00,XYZ403,UE10227,gnb_syslog,SIP_TIMEOUT,FAIL,,,,,,,,,ERROR,,TRANSPORT,SIP_TIMEOUT,IMS SIP Timeout,,,,
2026-07-01 12:48:00,XYZ401,UE10228,gnb_syslog,HO_PREP_FAIL,FAIL,,,,,,,,,WARN,,MOBILITY,HO_PREP_FAIL,HO Request Ack Missing,,,,
2026-07-01 13:49:00,XYZ402,UE10229,gnb_syslog,HO_PREP_FAIL,FAIL,,,,,,,,,WARN,,MOBILITY,HO_PREP_FAIL,HO Request Ack Missing,,,,
2026-07-01 14:50:00,XYZ401,UE10230,gnb_syslog,XN_TIMEOUT,FAIL,,,,,,,,,WARN,,RLF,XN_TIMEOUT,Xn Preparation Timeout,,,,
2026-07-01 15:51:00,XYZ402,UE10231,gnb_syslog,XN_TIMEOUT,FAIL,,,,,,,,,WARN,,RLF,XN_TIMEOUT,Xn Preparation Timeout,,,,
2026-07-01 16:52:00,XYZ401,UE10232,gnb_syslog,SIP_TIMEOUT,FAIL,,,,,,,,,ERROR,,TRANSPORT,SIP_TIMEOUT,IMS SIP Timeout,,,,
2026-07-01 17:53:00,XYZ401,UE10233,gnb_syslog,BEAM_OVERLOAD,FAIL,,,,,,,,,ERROR,,VONR,BEAM_OVERLOAD,Beam Resource Congestion,,,,
2026-07-01 18:54:00,XYZ401,UE10234,gnb_syslog,HO_PREP_FAIL,FAIL,,,,,,,,,WARN,,MOBILITY,HO_PREP_FAIL,HO Request Ack Missing,,,,
2026-07-01 19:55:00,XYZ402,UE10235,gnb_syslog,BEAM_OVERLOAD,FAIL,,,,,,,,,ERROR,,VONR,BEAM_OVERLOAD,Beam Resource Congestion,,,,
2026-07-01 20:56:00,XYZ403,UE10236,gnb_syslog,BEAM_OVERLOAD,FAIL,,,,,,,,,ERROR,,VONR,BEAM_OVERLOAD,Beam Resource Congestion,,,,
2026-07-01 21:57:00,XYZ402,UE10237,gnb_syslog,T310_EXPIRY,FAIL,,,,,,,,,WARN,,RACH,T310_EXPIRY,T310 Timer Expired,,,,
2026-07-01 22:58:00,XYZ401,UE10238,gnb_syslog,T310_EXPIRY,FAIL,,,,,,,,,WARN,,RACH,T310_EXPIRY,T310 Timer Expired,,,,
2026-07-01 23:59:00,XYZ401,UE10239,gnb_syslog,SIP_TIMEOUT,FAIL,,,,,,,,,ERROR,,TRANSPORT,SIP_TIMEOUT,IMS SIP Timeout,,,,
2026-07-01 00:00:00,XYZ402,UE10240,gnb_syslog,BEAM_OVERLOAD,FAIL,,,,,,,,,ERROR,,VONR,BEAM_OVERLOAD,Beam Resource Congestion,,,,
2026-07-01 01:01:00,XYZ401,UE10241,gnb_syslog,MSG1_FAIL,FAIL,,,,,,,,,WARN,,BEAM,MSG1_FAIL,PRACH Detection Failure,,,,
2026-07-01 02:02:00,XYZ402,UE10242,gnb_syslog,HO_PREP_FAIL,FAIL,,,,,,,,,WARN,,MOBILITY,HO_PREP_FAIL,HO Request Ack Missing,,,,
2026-07-01 03:03:00,XYZ402,UE10243,gnb_syslog,SIP_TIMEOUT,FAIL,,,,,,,,,ERROR,,TRANSPORT,SIP_TIMEOUT,IMS SIP Timeout,,,,
2026-07-01 04:04:00,XYZ401,UE10244,gnb_syslog,MSG1_FAIL,FAIL,,,,,,,,,WARN,,BEAM,MSG1_FAIL,PRACH Detection Failure,,,,
2026-07-01 05:05:00,XYZ402,UE10245,gnb_syslog,MSG1_FAIL,FAIL,,,,,,,,,WARN,,BEAM,MSG1_FAIL,PRACH Detection Failure,,,,
2026-07-01 06:06:00,XYZ401,UE10246,gnb_syslog,XN_TIMEOUT,FAIL,,,,,,,,,WARN,,RLF,XN_TIMEOUT,Xn Preparation Timeout,,,,
2026-07-01 07:07:00,XYZ401,UE10247,gnb_syslog,MSG1_FAIL,FAIL,,,,,,,,,WARN,,BEAM,MSG1_FAIL,PRACH Detection Failure,,,,
2026-07-01 08:08:00,XYZ402,UE10248,gnb_syslog,SIP_TIMEOUT,FAIL,,,,,,,,,ERROR,,TRANSPORT,SIP_TIMEOUT,IMS SIP Timeout,,,,
2026-07-01 09:09:00,XYZ403,UE10249,gnb_syslog,BEAM_OVERLOAD,FAIL,,,,,,,,,ERROR,,VONR,BEAM_OVERLOAD,Beam Resource Congestion,,,,
2026-07-01 10:10:00,XYZ402,UE10250,gnb_syslog,XN_TIMEOUT,FAIL,,,,,,,,,WARN,,RLF,XN_TIMEOUT,Xn Preparation Timeout,,,,
2026-07-01 11:11:00,XYZ401,UE10251,gnb_syslog,SIP_TIMEOUT,FAIL,,,,,,,,,ERROR,,TRANSPORT,SIP_TIMEOUT,IMS SIP Timeout,,,,
2026-07-01 12:12:00,XYZ402,UE10252,gnb_syslog,MSG1_FAIL,FAIL,,,,,,,,,WARN,,BEAM,MSG1_FAIL,PRACH Detection Failure,,,,
2026-07-01 13:13:00,XYZ403,UE10253,gnb_syslog,MSG1_FAIL,FAIL,,,,,,,,,WARN,,BEAM,MSG1_FAIL,PRACH Detection Failure,,,,
2026-07-01 14:14:00,XYZ402,UE10254,gnb_syslog,XN_TIMEOUT,FAIL,,,,,,,,,WARN,,RLF,XN_TIMEOUT,Xn Preparation Timeout,,,,
2026-07-01 15:15:00,XYZ402,UE10255,gnb_syslog,T310_EXPIRY,FAIL,,,,,,,,,WARN,,RACH,T310_EXPIRY,T310 Timer Expired,,,,
2026-07-01 16:16:00,XYZ401,UE10256,gnb_syslog,HO_PREP_FAIL,FAIL,,,,,,,,,WARN,,MOBILITY,HO_PREP_FAIL,HO Request Ack Missing,,,,
2026-07-01 17:17:00,XYZ403,UE10257,gnb_syslog,BEAM_OVERLOAD,FAIL,,,,,,,,,ERROR,,VONR,BEAM_OVERLOAD,Beam Resource Congestion,,,,
2026-07-01 18:18:00,XYZ401,UE10258,gnb_syslog,XN_TIMEOUT,FAIL,,,,,,,,,WARN,,RLF,XN_TIMEOUT,Xn Preparation Timeout,,,,
2026-07-01 19:19:00,XYZ403,UE10259,gnb_syslog,MSG1_FAIL,FAIL,,,,,,,,,WARN,,BEAM,MSG1_FAIL,PRACH Detection Failure,,,,
2026-07-01 20:20:00,XYZ402,UE10260,gnb_syslog,MSG1_FAIL,FAIL,,,,,,,,,WARN,,BEAM,MSG1_FAIL,PRACH Detection Failure,,,,
2026-07-01 21:21:00,XYZ401,UE10261,gnb_syslog,T310_EXPIRY,FAIL,,,,,,,,,WARN,,RACH,T310_EXPIRY,T310 Timer Expired,,,,
2026-07-01 22:22:00,XYZ401,UE10262,gnb_syslog,HO_PREP_FAIL,FAIL,,,,,,,,,WARN,,MOBILITY,HO_PREP_FAIL,HO Request Ack Missing,,,,
2026-07-01 23:23:00,XYZ403,UE10263,gnb_syslog,T310_EXPIRY,FAIL,,,,,,,,,WARN,,RACH,T310_EXPIRY,T310 Timer Expired,,,,
2026-07-01 00:24:00,XYZ403,UE10264,gnb_syslog,BEAM_OVERLOAD,FAIL,,,,,,,,,ERROR,,VONR,BEAM_OVERLOAD,Beam Resource Congestion,,,,
2026-07-01 01:25:00,XYZ401,UE10265,gnb_syslog,HO_PREP_FAIL,FAIL,,,,,,,,,WARN,,MOBILITY,HO_PREP_FAIL,HO Request Ack Missing,,,,
2026-07-01 02:26:00,XYZ403,UE10266,gnb_syslog,XN_TIMEOUT,FAIL,,,,,,,,,WARN,,RLF,XN_TIMEOUT,Xn Preparation Timeout,,,,
2026-07-01 03:27:00,XYZ401,UE10267,gnb_syslog,MSG1_FAIL,FAIL,,,,,,,,,WARN,,BEAM,MSG1_FAIL,PRACH Detection Failure,,,,
2026-07-01 04:28:00,XYZ403,UE10268,gnb_syslog,BEAM_OVERLOAD,FAIL,,,,,,,,,ERROR,,VONR,BEAM_OVERLOAD,Beam Resource Congestion,,,,
2026-07-01 05:29:00,XYZ402,UE10269,gnb_syslog,SIP_TIMEOUT,FAIL,,,,,,,,,ERROR,,TRANSPORT,SIP_TIMEOUT,IMS SIP Timeout,,,,
2026-07-01 06:30:00,XYZ403,UE10270,gnb_syslog,BEAM_OVERLOAD,FAIL,,,,,,,,,ERROR,,VONR,BEAM_OVERLOAD,Beam Resource Congestion,,,,
2026-07-01 07:31:00,XYZ403,UE10271,gnb_syslog,XN_TIMEOUT,FAIL,,,,,,,,,WARN,,RLF,XN_TIMEOUT,Xn Preparation Timeout,,,,
2026-07-01 08:32:00,XYZ402,UE10272,gnb_syslog,HO_PREP_FAIL,FAIL,,,,,,,,,WARN,,MOBILITY,HO_PREP_FAIL,HO Request Ack Missing,,,,
2026-07-01 09:33:00,XYZ402,UE10273,gnb_syslog,BEAM_OVERLOAD,FAIL,,,,,,,,,ERROR,,VONR,BEAM_OVERLOAD,Beam Resource Congestion,,,,
2026-07-01 10:34:00,XYZ402,UE10274,gnb_syslog,XN_TIMEOUT,FAIL,,,,,,,,,WARN,,RLF,XN_TIMEOUT,Xn Preparation Timeout,,,,
2026-07-01 11:35:00,XYZ402,UE10275,gnb_syslog,SIP_TIMEOUT,FAIL,,,,,,,,,ERROR,,TRANSPORT,SIP_TIMEOUT,IMS SIP Timeout,,,,
2026-07-01 12:36:00,XYZ401,UE10276,gnb_syslog,T310_EXPIRY,FAIL,,,,,,,,,WARN,,RACH,T310_EXPIRY,T310 Timer Expired,,,,
2026-07-01 13:37:00,XYZ402,UE10277,gnb_syslog,MSG1_FAIL,FAIL,,,,,,,,,WARN,,BEAM,MSG1_FAIL,PRACH Detection Failure,,,,
2026-07-01 14:38:00,XYZ402,UE10278,gnb_syslog,BEAM_OVERLOAD,FAIL,,,,,,,,,ERROR,,VONR,BEAM_OVERLOAD,Beam Resource Congestion,,,,
2026-07-01 15:39:00,XYZ403,UE10279,gnb_syslog,BEAM_OVERLOAD,FAIL,,,,,,,,,ERROR,,VONR,BEAM_OVERLOAD,Beam Resource Congestion,,,,
2026-07-01 16:40:00,XYZ401,UE10280,gnb_syslog,BEAM_OVERLOAD,FAIL,,,,,,,,,ERROR,,VONR,BEAM_OVERLOAD,Beam Resource Congestion,,,,
2026-07-01 17:41:00,XYZ401,UE10281,gnb_syslog,BEAM_OVERLOAD,FAIL,,,,,,,,,ERROR,,VONR,BEAM_OVERLOAD,Beam Resource Congestion,,,,
2026-07-01 18:42:00,XYZ402,UE10282,gnb_syslog,HO_PREP_FAIL,FAIL,,,,,,,,,WARN,,MOBILITY,HO_PREP_FAIL,HO Request Ack Missing,,,,
2026-07-01 19:43:00,XYZ401,UE10283,gnb_syslog,BEAM_OVERLOAD,FAIL,,,,,,,,,ERROR,,VONR,BEAM_OVERLOAD,Beam Resource Congestion,,,,
2026-07-01 20:44:00,XYZ401,UE10284,gnb_syslog,T310_EXPIRY,FAIL,,,,,,,,,WARN,,RACH,T310_EXPIRY,T310 Timer Expired,,,,
2026-07-01 21:45:00,XYZ402,UE10285,gnb_syslog,T310_EXPIRY,FAIL,,,,,,,,,WARN,,RACH,T310_EXPIRY,T310 Timer Expired,,,,
2026-07-01 22:46:00,XYZ403,UE10286,gnb_syslog,HO_PREP_FAIL,FAIL,,,,,,,,,WARN,,MOBILITY,HO_PREP_FAIL,HO Request Ack Missing,,,,
2026-07-01 23:47:00,XYZ401,UE10287,gnb_syslog,SIP_TIMEOUT,FAIL,,,,,,,,,ERROR,,TRANSPORT,SIP_TIMEOUT,IMS SIP Timeout,,,,
2026-07-01 00:48:00,XYZ401,UE10288,gnb_syslog,MSG1_FAIL,FAIL,,,,,,,,,WARN,,BEAM,MSG1_FAIL,PRACH Detection Failure,,,,
2026-07-01 01:49:00,XYZ403,UE10289,gnb_syslog,BEAM_OVERLOAD,FAIL,,,,,,,,,ERROR,,VONR,BEAM_OVERLOAD,Beam Resource Congestion,,,,
2026-07-01 02:50:00,XYZ403,UE10290,gnb_syslog,HO_PREP_FAIL,FAIL,,,,,,,,,WARN,,MOBILITY,HO_PREP_FAIL,HO Request Ack Missing,,,,
2026-07-01 03:51:00,XYZ402,UE10291,gnb_syslog,HO_PREP_FAIL,FAIL,,,,,,,,,WARN,,MOBILITY,HO_PREP_FAIL,HO Request Ack Missing,,,,
2026-07-01 04:52:00,XYZ401,UE10292,gnb_syslog,HO_PREP_FAIL,FAIL,,,,,,,,,WARN,,MOBILITY,HO_PREP_FAIL,HO Request Ack Missing,,,,
2026-07-01 05:53:00,XYZ401,UE10293,gnb_syslog,SIP_TIMEOUT,FAIL,,,,,,,,,ERROR,,TRANSPORT,SIP_TIMEOUT,IMS SIP Timeout,,,,
2026-07-01 06:54:00,XYZ401,UE10294,gnb_syslog,SIP_TIMEOUT,FAIL,,,,,,,,,ERROR,,TRANSPORT,SIP_TIMEOUT,IMS SIP Timeout,,,,
2026-07-01 07:55:00,XYZ403,UE10295,gnb_syslog,T310_EXPIRY,FAIL,,,,,,,,,WARN,,RACH,T310_EXPIRY,T310 Timer Expired,,,,
2026-07-01 08:56:00,XYZ401,UE10296,gnb_syslog,HO_PREP_FAIL,FAIL,,,,,,,,,WARN,,MOBILITY,HO_PREP_FAIL,HO Request Ack Missing,,,,
2026-07-01 09:57:00,XYZ403,UE10297,gnb_syslog,HO_PREP_FAIL,FAIL,,,,,,,,,WARN,,MOBILITY,HO_PREP_FAIL,HO Request Ack Missing,,,,
2026-07-01 10:58:00,XYZ401,UE10298,gnb_syslog,MSG1_FAIL,FAIL,,,,,,,,,WARN,,BEAM,MSG1_FAIL,PRACH Detection Failure,,,,
2026-07-01 11:59:00,XYZ402,UE10299,gnb_syslog,MSG1_FAIL,FAIL,,,,,,,,,WARN,,BEAM,MSG1_FAIL,PRACH Detection Failure,,,,
2026-07-01 12:00:00,XYZ403,UE10300,gnb_syslog,MSG1_FAIL,FAIL,,,,,,,,,WARN,,BEAM,MSG1_FAIL,PRACH Detection Failure,,,,
2026-07-01 13:01:00,XYZ403,UE10301,gnb_syslog,XN_TIMEOUT,FAIL,,,,,,,,,WARN,,RLF,XN_TIMEOUT,Xn Preparation Timeout,,,,
2026-07-01 14:02:00,XYZ401,UE10302,gnb_syslog,BEAM_OVERLOAD,FAIL,,,,,,,,,ERROR,,VONR,BEAM_OVERLOAD,Beam Resource Congestion,,,,
2026-07-01 15:03:00,XYZ401,UE10303,gnb_syslog,T310_EXPIRY,FAIL,,,,,,,,,WARN,,RACH,T310_EXPIRY,T310 Timer Expired,,,,
2026-07-01 16:04:00,XYZ403,UE10304,gnb_syslog,MSG1_FAIL,FAIL,,,,,,,,,WARN,,BEAM,MSG1_FAIL,PRACH Detection Failure,,,,
2026-07-01 17:05:00,XYZ401,UE10305,gnb_syslog,BEAM_OVERLOAD,FAIL,,,,,,,,,ERROR,,VONR,BEAM_OVERLOAD,Beam Resource Congestion,,,,
2026-07-01 18:06:00,XYZ403,UE10306,gnb_syslog,HO_PREP_FAIL,FAIL,,,,,,,,,WARN,,MOBILITY,HO_PREP_FAIL,HO Request Ack Missing,,,,
2026-07-01 19:07:00,XYZ401,UE10307,gnb_syslog,BEAM_OVERLOAD,FAIL,,,,,,,,,ERROR,,VONR,BEAM_OVERLOAD,Beam Resource Congestion,,,,
2026-07-01 20:08:00,XYZ402,UE10308,gnb_syslog,XN_TIMEOUT,FAIL,,,,,,,,,WARN,,RLF,XN_TIMEOUT,Xn Preparation Timeout,,,,
2026-07-01 21:09:00,XYZ403,UE10309,gnb_syslog,SIP_TIMEOUT,FAIL,,,,,,,,,ERROR,,TRANSPORT,SIP_TIMEOUT,IMS SIP Timeout,,,,
2026-07-01 22:10:00,XYZ401,UE10310,gnb_syslog,XN_TIMEOUT,FAIL,,,,,,,,,WARN,,RLF,XN_TIMEOUT,Xn Preparation Timeout,,,,
2026-07-01 23:11:00,XYZ403,UE10311,gnb_syslog,T310_EXPIRY,FAIL,,,,,,,,,WARN,,RACH,T310_EXPIRY,T310 Timer Expired,,,,
2026-07-01 00:12:00,XYZ403,UE10312,gnb_syslog,BEAM_OVERLOAD,FAIL,,,,,,,,,ERROR,,VONR,BEAM_OVERLOAD,Beam Resource Congestion,,,,
2026-07-01 01:13:00,XYZ402,UE10313,gnb_syslog,T310_EXPIRY,FAIL,,,,,,,,,WARN,,RACH,T310_EXPIRY,T310 Timer Expired,,,,
2026-07-01 02:14:00,XYZ401,UE10314,gnb_syslog,MSG1_FAIL,FAIL,,,,,,,,,WARN,,BEAM,MSG1_FAIL,PRACH Detection Failure,,,,
2026-07-01 03:15:00,XYZ402,UE10315,gnb_syslog,XN_TIMEOUT,FAIL,,,,,,,,,WARN,,RLF,XN_TIMEOUT,Xn Preparation Timeout,,,,
2026-07-01 04:16:00,XYZ401,UE10316,gnb_syslog,MSG1_FAIL,FAIL,,,,,,,,,WARN,,BEAM,MSG1_FAIL,PRACH Detection Failure,,,,
2026-07-01 05:17:00,XYZ402,UE10317,gnb_syslog,BEAM_OVERLOAD,FAIL,,,,,,,,,ERROR,,VONR,BEAM_OVERLOAD,Beam Resource Congestion,,,,
2026-07-01 06:18:00,XYZ401,UE10318,gnb_syslog,SIP_TIMEOUT,FAIL,,,,,,,,,ERROR,,TRANSPORT,SIP_TIMEOUT,IMS SIP Timeout,,,,
2026-07-01 07:19:00,XYZ401,UE10319,gnb_syslog,XN_TIMEOUT,FAIL,,,,,,,,,WARN,,RLF,XN_TIMEOUT,Xn Preparation Timeout,,,,
2026-07-01 08:20:00,XYZ403,UE10320,gnb_syslog,XN_TIMEOUT,FAIL,,,,,,,,,WARN,,RLF,XN_TIMEOUT,Xn Preparation Timeout,,,,
2026-07-01 09:21:00,XYZ402,UE10321,gnb_syslog,XN_TIMEOUT,FAIL,,,,,,,,,WARN,,RLF,XN_TIMEOUT,Xn Preparation Timeout,,,,
2026-07-01 10:22:00,XYZ401,UE10322,gnb_syslog,BEAM_OVERLOAD,FAIL,,,,,,,,,ERROR,,VONR,BEAM_OVERLOAD,Beam Resource Congestion,,,,
2026-07-01 11:23:00,XYZ402,UE10323,gnb_syslog,BEAM_OVERLOAD,FAIL,,,,,,,,,ERROR,,VONR,BEAM_OVERLOAD,Beam Resource Congestion,,,,
2026-07-01 12:24:00,XYZ401,UE10324,gnb_syslog,T310_EXPIRY,FAIL,,,,,,,,,WARN,,RACH,T310_EXPIRY,T310 Timer Expired,,,,
2026-07-01 13:25:00,XYZ402,UE10325,gnb_syslog,HO_PREP_FAIL,FAIL,,,,,,,,,WARN,,MOBILITY,HO_PREP_FAIL,HO Request Ack Missing,,,,
2026-07-01 14:26:00,XYZ401,UE10326,gnb_syslog,MSG1_FAIL,FAIL,,,,,,,,,WARN,,BEAM,MSG1_FAIL,PRACH Detection Failure,,,,
2026-07-01 15:27:00,XYZ401,UE10327,gnb_syslog,HO_PREP_FAIL,FAIL,,,,,,,,,WARN,,MOBILITY,HO_PREP_FAIL,HO Request Ack Missing,,,,
2026-07-01 16:28:00,XYZ402,UE10328,gnb_syslog,MSG1_FAIL,FAIL,,,,,,,,,WARN,,BEAM,MSG1_FAIL,PRACH Detection Failure,,,,
2026-07-01 17:29:00,XYZ403,UE10329,gnb_syslog,MSG1_FAIL,FAIL,,,,,,,,,WARN,,BEAM,MSG1_FAIL,PRACH Detection Failure,,,,
2026-07-01 18:30:00,XYZ401,UE10330,gnb_syslog,T310_EXPIRY,FAIL,,,,,,,,,WARN,,RACH,T310_EXPIRY,T310 Timer Expired,,,,
2026-07-01 19:31:00,XYZ402,UE10331,gnb_syslog,MSG1_FAIL,FAIL,,,,,,,,,WARN,,BEAM,MSG1_FAIL,PRACH Detection Failure,,,,
2026-07-01 20:32:00,XYZ402,UE10332,gnb_syslog,T310_EXPIRY,FAIL,,,,,,,,,WARN,,RACH,T310_EXPIRY,T310 Timer Expired,,,,
2026-07-01 21:33:00,XYZ403,UE10333,gnb_syslog,XN_TIMEOUT,FAIL,,,,,,,,,WARN,,RLF,XN_TIMEOUT,Xn Preparation Timeout,,,,
2026-07-01 22:34:00,XYZ403,UE10334,gnb_syslog,SIP_TIMEOUT,FAIL,,,,,,,,,ERROR,,TRANSPORT,SIP_TIMEOUT,IMS SIP Timeout,,,,
2026-07-01 23:35:00,XYZ401,UE10335,gnb_syslog,BEAM_OVERLOAD,FAIL,,,,,,,,,ERROR,,VONR,BEAM_OVERLOAD,Beam Resource Congestion,,,,
2026-07-01 00:36:00,XYZ402,UE10336,gnb_syslog,XN_TIMEOUT,FAIL,,,,,,,,,WARN,,RLF,XN_TIMEOUT,Xn Preparation Timeout,,,,
2026-07-01 01:37:00,XYZ401,UE10337,gnb_syslog,XN_TIMEOUT,FAIL,,,,,,,,,WARN,,RLF,XN_TIMEOUT,Xn Preparation Timeout,,,,
2026-07-01 02:38:00,XYZ403,UE10338,gnb_syslog,HO_PREP_FAIL,FAIL,,,,,,,,,WARN,,MOBILITY,HO_PREP_FAIL,HO Request Ack Missing,,,,
2026-07-01 03:39:00,XYZ403,UE10339,gnb_syslog,HO_PREP_FAIL,FAIL,,,,,,,,,WARN,,MOBILITY,HO_PREP_FAIL,HO Request Ack Missing,,,,
2026-07-01 04:40:00,XYZ402,UE10340,gnb_syslog,BEAM_OVERLOAD,FAIL,,,,,,,,,ERROR,,VONR,BEAM_OVERLOAD,Beam Resource Congestion,,,,
2026-07-01 05:41:00,XYZ403,UE10341,gnb_syslog,HO_PREP_FAIL,FAIL,,,,,,,,,WARN,,MOBILITY,HO_PREP_FAIL,HO Request Ack Missing,,,,
2026-07-01 06:42:00,XYZ401,UE10342,gnb_syslog,MSG1_FAIL,FAIL,,,,,,,,,WARN,,BEAM,MSG1_FAIL,PRACH Detection Failure,,,,
2026-07-01 07:43:00,XYZ401,UE10343,gnb_syslog,HO_PREP_FAIL,FAIL,,,,,,,,,WARN,,MOBILITY,HO_PREP_FAIL,HO Request Ack Missing,,,,
2026-07-01 08:44:00,XYZ401,UE10344,gnb_syslog,SIP_TIMEOUT,FAIL,,,,,,,,,ERROR,,TRANSPORT,SIP_TIMEOUT,IMS SIP Timeout,,,,
2026-07-01 09:45:00,XYZ402,UE10345,gnb_syslog,SIP_TIMEOUT,FAIL,,,,,,,,,ERROR,,TRANSPORT,SIP_TIMEOUT,IMS SIP Timeout,,,,
2026-07-01 10:46:00,XYZ401,UE10346,gnb_syslog,MSG1_FAIL,FAIL,,,,,,,,,WARN,,BEAM,MSG1_FAIL,PRACH Detection Failure,,,,
2026-07-01 11:47:00,XYZ401,UE10347,gnb_syslog,BEAM_OVERLOAD,FAIL,,,,,,,,,ERROR,,VONR,BEAM_OVERLOAD,Beam Resource Congestion,,,,
2026-07-01 12:48:00,XYZ402,UE10348,gnb_syslog,BEAM_OVERLOAD,FAIL,,,,,,,,,ERROR,,VONR,BEAM_OVERLOAD,Beam Resource Congestion,,,,
2026-07-01 13:49:00,XYZ403,UE10349,gnb_syslog,BEAM_OVERLOAD,FAIL,,,,,,,,,ERROR,,VONR,BEAM_OVERLOAD,Beam Resource Congestion,,,,
2026-07-01 14:50:00,XYZ401,UE10350,gnb_syslog,MSG1_FAIL,FAIL,,,,,,,,,WARN,,BEAM,MSG1_FAIL,PRACH Detection Failure,,,,
2026-07-01 15:51:00,XYZ403,UE10351,gnb_syslog,MSG1_FAIL,FAIL,,,,,,,,,WARN,,BEAM,MSG1_FAIL,PRACH Detection Failure,,,,
2026-07-01 16:52:00,XYZ401,UE10352,gnb_syslog,T310_EXPIRY,FAIL,,,,,,,,,WARN,,RACH,T310_EXPIRY,T310 Timer Expired,,,,
2026-07-01 17:53:00,XYZ403,UE10353,gnb_syslog,XN_TIMEOUT,FAIL,,,,,,,,,WARN,,RLF,XN_TIMEOUT,Xn Preparation Timeout,,,,
2026-07-01 18:54:00,XYZ401,UE10354,gnb_syslog,HO_PREP_FAIL,FAIL,,,,,,,,,WARN,,MOBILITY,HO_PREP_FAIL,HO Request Ack Missing,,,,
2026-07-01 19:55:00,XYZ403,UE10355,gnb_syslog,SIP_TIMEOUT,FAIL,,,,,,,,,ERROR,,TRANSPORT,SIP_TIMEOUT,IMS SIP Timeout,,,,
2026-07-01 20:56:00,XYZ401,UE10356,gnb_syslog,HO_PREP_FAIL,FAIL,,,,,,,,,WARN,,MOBILITY,HO_PREP_FAIL,HO Request Ack Missing,,,,
2026-07-01 21:57:00,XYZ402,UE10357,gnb_syslog,SIP_TIMEOUT,FAIL,,,,,,,,,ERROR,,TRANSPORT,SIP_TIMEOUT,IMS SIP Timeout,,,,
2026-07-01 22:58:00,XYZ403,UE10358,gnb_syslog,T310_EXPIRY,FAIL,,,,,,,,,WARN,,RACH,T310_EXPIRY,T310 Timer Expired,,,,
2026-07-01 23:59:00,XYZ403,UE10359,gnb_syslog,HO_PREP_FAIL,FAIL,,,,,,,,,WARN,,MOBILITY,HO_PREP_FAIL,HO Request Ack Missing,,,,
2026-07-01 00:00:00,XYZ402,UE10360,gnb_syslog,MSG1_FAIL,FAIL,,,,,,,,,WARN,,BEAM,MSG1_FAIL,PRACH Detection Failure,,,,
2026-07-01 01:01:00,XYZ401,UE10361,gnb_syslog,SIP_TIMEOUT,FAIL,,,,,,,,,ERROR,,TRANSPORT,SIP_TIMEOUT,IMS SIP Timeout,,,,
2026-07-01 02:02:00,XYZ402,UE10362,gnb_syslog,XN_TIMEOUT,FAIL,,,,,,,,,WARN,,RLF,XN_TIMEOUT,Xn Preparation Timeout,,,,
2026-07-01 03:03:00,XYZ402,UE10363,gnb_syslog,XN_TIMEOUT,FAIL,,,,,,,,,WARN,,RLF,XN_TIMEOUT,Xn Preparation Timeout,,,,
2026-07-01 04:04:00,XYZ401,UE10364,gnb_syslog,MSG1_FAIL,FAIL,,,,,,,,,WARN,,BEAM,MSG1_FAIL,PRACH Detection Failure,,,,
2026-07-01 05:05:00,XYZ403,UE10365,gnb_syslog,HO_PREP_FAIL,FAIL,,,,,,,,,WARN,,MOBILITY,HO_PREP_FAIL,HO Request Ack Missing,,,,
2026-07-01 06:06:00,XYZ403,UE10366,gnb_syslog,SIP_TIMEOUT,FAIL,,,,,,,,,ERROR,,TRANSPORT,SIP_TIMEOUT,IMS SIP Timeout,,,,
2026-07-01 07:07:00,XYZ401,UE10367,gnb_syslog,HO_PREP_FAIL,FAIL,,,,,,,,,WARN,,MOBILITY,HO_PREP_FAIL,HO Request Ack Missing,,,,
2026-07-01 08:08:00,XYZ401,UE10368,gnb_syslog,HO_PREP_FAIL,FAIL,,,,,,,,,WARN,,MOBILITY,HO_PREP_FAIL,HO Request Ack Missing,,,,
2026-07-01 09:09:00,XYZ401,UE10369,gnb_syslog,MSG1_FAIL,FAIL,,,,,,,,,WARN,,BEAM,MSG1_FAIL,PRACH Detection Failure,,,,
2026-07-01 10:10:00,XYZ401,UE10370,gnb_syslog,MSG1_FAIL,FAIL,,,,,,,,,WARN,,BEAM,MSG1_FAIL,PRACH Detection Failure,,,,
2026-07-01 11:11:00,XYZ402,UE10371,gnb_syslog,BEAM_OVERLOAD,FAIL,,,,,,,,,ERROR,,VONR,BEAM_OVERLOAD,Beam Resource Congestion,,,,
2026-07-01 12:12:00,XYZ401,UE10372,gnb_syslog,T310_EXPIRY,FAIL,,,,,,,,,WARN,,RACH,T310_EXPIRY,T310 Timer Expired,,,,
2026-07-01 13:13:00,XYZ402,UE10373,gnb_syslog,SIP_TIMEOUT,FAIL,,,,,,,,,ERROR,,TRANSPORT,SIP_TIMEOUT,IMS SIP Timeout,,,,
2026-07-01 14:14:00,XYZ401,UE10374,gnb_syslog,T310_EXPIRY,FAIL,,,,,,,,,WARN,,RACH,T310_EXPIRY,T310 Timer Expired,,,,
2026-07-01 15:15:00,XYZ402,UE10375,gnb_syslog,HO_PREP_FAIL,FAIL,,,,,,,,,WARN,,MOBILITY,HO_PREP_FAIL,HO Request Ack Missing,,,,
2026-07-01 16:16:00,XYZ402,UE10376,gnb_syslog,XN_TIMEOUT,FAIL,,,,,,,,,WARN,,RLF,XN_TIMEOUT,Xn Preparation Timeout,,,,
2026-07-01 17:17:00,XYZ403,UE10377,gnb_syslog,XN_TIMEOUT,FAIL,,,,,,,,,WARN,,RLF,XN_TIMEOUT,Xn Preparation Timeout,,,,
2026-07-01 18:18:00,XYZ401,UE10378,gnb_syslog,BEAM_OVERLOAD,FAIL,,,,,,,,,ERROR,,VONR,BEAM_OVERLOAD,Beam Resource Congestion,,,,
2026-07-01 19:19:00,XYZ402,UE10379,gnb_syslog,HO_PREP_FAIL,FAIL,,,,,,,,,WARN,,MOBILITY,HO_PREP_FAIL,HO Request Ack Missing,,,,
2026-07-01 20:20:00,XYZ402,UE10380,gnb_syslog,HO_PREP_FAIL,FAIL,,,,,,,,,WARN,,MOBILITY,HO_PREP_FAIL,HO Request Ack Missing,,,,
2026-07-01 21:21:00,XYZ403,UE10381,gnb_syslog,HO_PREP_FAIL,FAIL,,,,,,,,,WARN,,MOBILITY,HO_PREP_FAIL,HO Request Ack Missing,,,,
2026-07-01 22:22:00,XYZ402,UE10382,gnb_syslog,BEAM_OVERLOAD,FAIL,,,,,,,,,ERROR,,VONR,BEAM_OVERLOAD,Beam Resource Congestion,,,,
2026-07-01 23:23:00,XYZ402,UE10383,gnb_syslog,HO_PREP_FAIL,FAIL,,,,,,,,,WARN,,MOBILITY,HO_PREP_FAIL,HO Request Ack Missing,,,,
2026-07-01 00:24:00,XYZ403,UE10384,gnb_syslog,T310_EXPIRY,FAIL,,,,,,,,,WARN,,RACH,T310_EXPIRY,T310 Timer Expired,,,,
2026-07-01 01:25:00,XYZ401,UE10385,gnb_syslog,HO_PREP_FAIL,FAIL,,,,,,,,,WARN,,MOBILITY,HO_PREP_FAIL,HO Request Ack Missing,,,,
2026-07-01 02:26:00,XYZ402,UE10386,gnb_syslog,HO_PREP_FAIL,FAIL,,,,,,,,,WARN,,MOBILITY,HO_PREP_FAIL,HO Request Ack Missing,,,,
2026-07-01 03:27:00,XYZ403,UE10387,gnb_syslog,HO_PREP_FAIL,FAIL,,,,,,,,,WARN,,MOBILITY,HO_PREP_FAIL,HO Request Ack Missing,,,,
2026-07-01 04:28:00,XYZ401,UE10388,gnb_syslog,HO_PREP_FAIL,FAIL,,,,,,,,,WARN,,MOBILITY,HO_PREP_FAIL,HO Request Ack Missing,,,,
2026-07-01 05:29:00,XYZ401,UE10389,gnb_syslog,SIP_TIMEOUT,FAIL,,,,,,,,,ERROR,,TRANSPORT,SIP_TIMEOUT,IMS SIP Timeout,,,,
2026-07-01 06:30:00,XYZ403,UE10390,gnb_syslog,BEAM_OVERLOAD,FAIL,,,,,,,,,ERROR,,VONR,BEAM_OVERLOAD,Beam Resource Congestion,,,,
2026-07-01 07:31:00,XYZ402,UE10391,gnb_syslog,BEAM_OVERLOAD,FAIL,,,,,,,,,ERROR,,VONR,BEAM_OVERLOAD,Beam Resource Congestion,,,,
2026-07-01 08:32:00,XYZ401,UE10392,gnb_syslog,T310_EXPIRY,FAIL,,,,,,,,,WARN,,RACH,T310_EXPIRY,T310 Timer Expired,,,,
2026-07-01 09:33:00,XYZ401,UE10393,gnb_syslog,BEAM_OVERLOAD,FAIL,,,,,,,,,ERROR,,VONR,BEAM_OVERLOAD,Beam Resource Congestion,,,,
2026-07-01 10:34:00,XYZ402,UE10394,gnb_syslog,BEAM_OVERLOAD,FAIL,,,,,,,,,ERROR,,VONR,BEAM_OVERLOAD,Beam Resource Congestion,,,,
2026-07-01 11:35:00,XYZ403,UE10395,gnb_syslog,XN_TIMEOUT,FAIL,,,,,,,,,WARN,,RLF,XN_TIMEOUT,Xn Preparation Timeout,,,,
2026-07-01 12:36:00,XYZ401,UE10396,gnb_syslog,HO_PREP_FAIL,FAIL,,,,,,,,,WARN,,MOBILITY,HO_PREP_FAIL,HO Request Ack Missing,,,,
2026-07-01 13:37:00,XYZ401,UE10397,gnb_syslog,SIP_TIMEOUT,FAIL,,,,,,,,,ERROR,,TRANSPORT,SIP_TIMEOUT,IMS SIP Timeout,,,,
2026-07-01 14:38:00,XYZ401,UE10398,gnb_syslog,SIP_TIMEOUT,FAIL,,,,,,,,,ERROR,,TRANSPORT,SIP_TIMEOUT,IMS SIP Timeout,,,,
2026-07-01 15:39:00,XYZ401,UE10399,gnb_syslog,T310_EXPIRY,FAIL,,,,,,,,,WARN,,RACH,T310_EXPIRY,T310 Timer Expired,,,,
2026-07-01 16:40:00,XYZ402,UE10400,gnb_syslog,BEAM_OVERLOAD,FAIL,,,,,,,,,ERROR,,VONR,BEAM_OVERLOAD,Beam Resource Congestion,,,,
2026-07-01 17:41:00,XYZ401,UE10401,gnb_syslog,HO_PREP_FAIL,FAIL,,,,,,,,,WARN,,MOBILITY,HO_PREP_FAIL,HO Request Ack Missing,,,,
2026-07-01 18:42:00,XYZ403,UE10402,gnb_syslog,XN_TIMEOUT,FAIL,,,,,,,,,WARN,,RLF,XN_TIMEOUT,Xn Preparation Timeout,,,,
2026-07-01 19:43:00,XYZ402,UE10403,gnb_syslog,XN_TIMEOUT,FAIL,,,,,,,,,WARN,,RLF,XN_TIMEOUT,Xn Preparation Timeout,,,,
2026-07-01 20:44:00,XYZ402,UE10404,gnb_syslog,XN_TIMEOUT,FAIL,,,,,,,,,WARN,,RLF,XN_TIMEOUT,Xn Preparation Timeout,,,,
2026-07-01 21:45:00,XYZ403,UE10405,gnb_syslog,SIP_TIMEOUT,FAIL,,,,,,,,,ERROR,,TRANSPORT,SIP_TIMEOUT,IMS SIP Timeout,,,,
2026-07-01 22:46:00,XYZ402,UE10406,gnb_syslog,T310_EXPIRY,FAIL,,,,,,,,,WARN,,RACH,T310_EXPIRY,T310 Timer Expired,,,,
2026-07-01 23:47:00,XYZ401,UE10407,gnb_syslog,MSG1_FAIL,FAIL,,,,,,,,,WARN,,BEAM,MSG1_FAIL,PRACH Detection Failure,,,,
2026-07-01 00:48:00,XYZ401,UE10408,gnb_syslog,SIP_TIMEOUT,FAIL,,,,,,,,,ERROR,,TRANSPORT,SIP_TIMEOUT,IMS SIP Timeout,,,,
2026-07-01 01:49:00,XYZ402,UE10409,gnb_syslog,SIP_TIMEOUT,FAIL,,,,,,,,,ERROR,,TRANSPORT,SIP_TIMEOUT,IMS SIP Timeout,,,,
2026-07-01 02:50:00,XYZ401,UE10410,gnb_syslog,T310_EXPIRY,FAIL,,,,,,,,,WARN,,RACH,T310_EXPIRY,T310 Timer Expired,,,,
2026-07-01 03:51:00,XYZ403,UE10411,gnb_syslog,HO_PREP_FAIL,FAIL,,,,,,,,,WARN,,MOBILITY,HO_PREP_FAIL,HO Request Ack Missing,,,,
2026-07-01 04:52:00,XYZ401,UE10412,gnb_syslog,BEAM_OVERLOAD,FAIL,,,,,,,,,ERROR,,VONR,BEAM_OVERLOAD,Beam Resource Congestion,,,,
2026-07-01 05:53:00,XYZ402,UE10413,gnb_syslog,SIP_TIMEOUT,FAIL,,,,,,,,,ERROR,,TRANSPORT,SIP_TIMEOUT,IMS SIP Timeout,,,,
2026-07-01 06:54:00,XYZ403,UE10414,gnb_syslog,T310_EXPIRY,FAIL,,,,,,,,,WARN,,RACH,T310_EXPIRY,T310 Timer Expired,,,,
2026-07-01 07:55:00,XYZ402,UE10415,gnb_syslog,SIP_TIMEOUT,FAIL,,,,,,,,,ERROR,,TRANSPORT,SIP_TIMEOUT,IMS SIP Timeout,,,,
2026-07-01 08:56:00,XYZ402,UE10416,gnb_syslog,SIP_TIMEOUT,FAIL,,,,,,,,,ERROR,,TRANSPORT,SIP_TIMEOUT,IMS SIP Timeout,,,,
2026-07-01 09:57:00,XYZ402,UE10417,gnb_syslog,XN_TIMEOUT,FAIL,,,,,,,,,WARN,,RLF,XN_TIMEOUT,Xn Preparation Timeout,,,,
2026-07-01 10:58:00,XYZ403,UE10418,gnb_syslog,SIP_TIMEOUT,FAIL,,,,,,,,,ERROR,,TRANSPORT,SIP_TIMEOUT,IMS SIP Timeout,,,,
2026-07-01 11:59:00,XYZ403,UE10419,gnb_syslog,T310_EXPIRY,FAIL,,,,,,,,,WARN,,RACH,T310_EXPIRY,T310 Timer Expired,,,,
2026-07-01 12:00:00,XYZ401,UE10420,gnb_syslog,XN_TIMEOUT,FAIL,,,,,,,,,WARN,,RLF,XN_TIMEOUT,Xn Preparation Timeout,,,,
2026-07-01 13:01:00,XYZ401,UE10421,gnb_syslog,SIP_TIMEOUT,FAIL,,,,,,,,,ERROR,,TRANSPORT,SIP_TIMEOUT,IMS SIP Timeout,,,,
2026-07-01 14:02:00,XYZ402,UE10422,gnb_syslog,MSG1_FAIL,FAIL,,,,,,,,,WARN,,BEAM,MSG1_FAIL,PRACH Detection Failure,,,,
2026-07-01 15:03:00,XYZ403,UE10423,gnb_syslog,XN_TIMEOUT,FAIL,,,,,,,,,WARN,,RLF,XN_TIMEOUT,Xn Preparation Timeout,,,,
2026-07-01 16:04:00,XYZ401,UE10424,gnb_syslog,HO_PREP_FAIL,FAIL,,,,,,,,,WARN,,MOBILITY,HO_PREP_FAIL,HO Request Ack Missing,,,,
2026-07-01 17:05:00,XYZ402,UE10425,gnb_syslog,BEAM_OVERLOAD,FAIL,,,,,,,,,ERROR,,VONR,BEAM_OVERLOAD,Beam Resource Congestion,,,,
2026-07-01 18:06:00,XYZ402,UE10426,gnb_syslog,HO_PREP_FAIL,FAIL,,,,,,,,,WARN,,MOBILITY,HO_PREP_FAIL,HO Request Ack Missing,,,,
2026-07-01 19:07:00,XYZ401,UE10427,gnb_syslog,HO_PREP_FAIL,FAIL,,,,,,,,,WARN,,MOBILITY,HO_PREP_FAIL,HO Request Ack Missing,,,,
2026-07-01 20:08:00,XYZ402,UE10428,gnb_syslog,XN_TIMEOUT,FAIL,,,,,,,,,WARN,,RLF,XN_TIMEOUT,Xn Preparation Timeout,,,,
2026-07-01 21:09:00,XYZ402,UE10429,gnb_syslog,BEAM_OVERLOAD,FAIL,,,,,,,,,ERROR,,VONR,BEAM_OVERLOAD,Beam Resource Congestion,,,,
2026-07-01 22:10:00,XYZ402,UE10430,gnb_syslog,BEAM_OVERLOAD,FAIL,,,,,,,,,ERROR,,VONR,BEAM_OVERLOAD,Beam Resource Congestion,,,,
2026-07-01 23:11:00,XYZ403,UE10431,gnb_syslog,T310_EXPIRY,FAIL,,,,,,,,,WARN,,RACH,T310_EXPIRY,T310 Timer Expired,,,,
2026-07-01 00:12:00,XYZ403,UE10432,gnb_syslog,T310_EXPIRY,FAIL,,,,,,,,,WARN,,RACH,T310_EXPIRY,T310 Timer Expired,,,,
2026-07-01 01:13:00,XYZ403,UE10433,gnb_syslog,HO_PREP_FAIL,FAIL,,,,,,,,,WARN,,MOBILITY,HO_PREP_FAIL,HO Request Ack Missing,,,,
2026-07-01 02:14:00,XYZ402,UE10434,gnb_syslog,T310_EXPIRY,FAIL,,,,,,,,,WARN,,RACH,T310_EXPIRY,T310 Timer Expired,,,,
2026-07-01 03:15:00,XYZ401,UE10435,gnb_syslog,MSG1_FAIL,FAIL,,,,,,,,,WARN,,BEAM,MSG1_FAIL,PRACH Detection Failure,,,,
2026-07-01 04:16:00,XYZ403,UE10436,gnb_syslog,T310_EXPIRY,FAIL,,,,,,,,,WARN,,RACH,T310_EXPIRY,T310 Timer Expired,,,,
2026-07-01 05:17:00,XYZ401,UE10437,gnb_syslog,T310_EXPIRY,FAIL,,,,,,,,,WARN,,RACH,T310_EXPIRY,T310 Timer Expired,,,,
2026-07-01 06:18:00,XYZ401,UE10438,gnb_syslog,XN_TIMEOUT,FAIL,,,,,,,,,WARN,,RLF,XN_TIMEOUT,Xn Preparation Timeout,,,,
2026-07-01 07:19:00,XYZ403,UE10439,gnb_syslog,XN_TIMEOUT,FAIL,,,,,,,,,WARN,,RLF,XN_TIMEOUT,Xn Preparation Timeout,,,,
2026-07-01 08:20:00,XYZ401,UE10440,gnb_syslog,T310_EXPIRY,FAIL,,,,,,,,,WARN,,RACH,T310_EXPIRY,T310 Timer Expired,,,,
2026-07-01 09:21:00,XYZ402,UE10441,gnb_syslog,BEAM_OVERLOAD,FAIL,,,,,,,,,ERROR,,VONR,BEAM_OVERLOAD,Beam Resource Congestion,,,,
2026-07-01 10:22:00,XYZ402,UE10442,gnb_syslog,MSG1_FAIL,FAIL,,,,,,,,,WARN,,BEAM,MSG1_FAIL,PRACH Detection Failure,,,,
2026-07-01 11:23:00,XYZ402,UE10443,gnb_syslog,BEAM_OVERLOAD,FAIL,,,,,,,,,ERROR,,VONR,BEAM_OVERLOAD,Beam Resource Congestion,,,,
2026-07-01 12:24:00,XYZ402,UE10444,gnb_syslog,BEAM_OVERLOAD,FAIL,,,,,,,,,ERROR,,VONR,BEAM_OVERLOAD,Beam Resource Congestion,,,,
2026-07-01 13:25:00,XYZ401,UE10445,gnb_syslog,HO_PREP_FAIL,FAIL,,,,,,,,,WARN,,MOBILITY,HO_PREP_FAIL,HO Request Ack Missing,,,,
2026-07-01 14:26:00,XYZ402,UE10446,gnb_syslog,HO_PREP_FAIL,FAIL,,,,,,,,,WARN,,MOBILITY,HO_PREP_FAIL,HO Request Ack Missing,,,,
2026-07-01 15:27:00,XYZ402,UE10447,gnb_syslog,SIP_TIMEOUT,FAIL,,,,,,,,,ERROR,,TRANSPORT,SIP_TIMEOUT,IMS SIP Timeout,,,,
2026-07-01 16:28:00,XYZ402,UE10448,gnb_syslog,HO_PREP_FAIL,FAIL,,,,,,,,,WARN,,MOBILITY,HO_PREP_FAIL,HO Request Ack Missing,,,,
2026-07-01 17:29:00,XYZ401,UE10449,gnb_syslog,XN_TIMEOUT,FAIL,,,,,,,,,WARN,,RLF,XN_TIMEOUT,Xn Preparation Timeout,,,,
2026-07-01 18:30:00,XYZ401,UE10450,gnb_syslog,T310_EXPIRY,FAIL,,,,,,,,,WARN,,RACH,T310_EXPIRY,T310 Timer Expired,,,,
2026-07-01 19:31:00,XYZ401,UE10451,gnb_syslog,XN_TIMEOUT,FAIL,,,,,,,,,WARN,,RLF,XN_TIMEOUT,Xn Preparation Timeout,,,,
2026-07-01 20:32:00,XYZ402,UE10452,gnb_syslog,HO_PREP_FAIL,FAIL,,,,,,,,,WARN,,MOBILITY,HO_PREP_FAIL,HO Request Ack Missing,,,,
2026-07-01 21:33:00,XYZ403,UE10453,gnb_syslog,SIP_TIMEOUT,FAIL,,,,,,,,,ERROR,,TRANSPORT,SIP_TIMEOUT,IMS SIP Timeout,,,,
2026-07-01 22:34:00,XYZ401,UE10454,gnb_syslog,BEAM_OVERLOAD,FAIL,,,,,,,,,ERROR,,VONR,BEAM_OVERLOAD,Beam Resource Congestion,,,,
2026-07-01 23:35:00,XYZ401,UE10455,gnb_syslog,XN_TIMEOUT,FAIL,,,,,,,,,WARN,,RLF,XN_TIMEOUT,Xn Preparation Timeout,,,,
2026-07-01 00:36:00,XYZ403,UE10456,gnb_syslog,HO_PREP_FAIL,FAIL,,,,,,,,,WARN,,MOBILITY,HO_PREP_FAIL,HO Request Ack Missing,,,,
2026-07-01 01:37:00,XYZ403,UE10457,gnb_syslog,BEAM_OVERLOAD,FAIL,,,,,,,,,ERROR,,VONR,BEAM_OVERLOAD,Beam Resource Congestion,,,,
2026-07-01 02:38:00,XYZ402,UE10458,gnb_syslog,SIP_TIMEOUT,FAIL,,,,,,,,,ERROR,,TRANSPORT,SIP_TIMEOUT,IMS SIP Timeout,,,,
2026-07-01 03:39:00,XYZ403,UE10459,gnb_syslog,XN_TIMEOUT,FAIL,,,,,,,,,WARN,,RLF,XN_TIMEOUT,Xn Preparation Timeout,,,,
2026-07-01 04:40:00,XYZ402,UE10460,gnb_syslog,SIP_TIMEOUT,FAIL,,,,,,,,,ERROR,,TRANSPORT,SIP_TIMEOUT,IMS SIP Timeout,,,,
2026-07-01 05:41:00,XYZ402,UE10461,gnb_syslog,BEAM_OVERLOAD,FAIL,,,,,,,,,ERROR,,VONR,BEAM_OVERLOAD,Beam Resource Congestion,,,,
2026-07-01 06:42:00,XYZ403,UE10462,gnb_syslog,SIP_TIMEOUT,FAIL,,,,,,,,,ERROR,,TRANSPORT,SIP_TIMEOUT,IMS SIP Timeout,,,,
2026-07-01 07:43:00,XYZ403,UE10463,gnb_syslog,T310_EXPIRY,FAIL,,,,,,,,,WARN,,RACH,T310_EXPIRY,T310 Timer Expired,,,,
2026-07-01 08:44:00,XYZ403,UE10464,gnb_syslog,T310_EXPIRY,FAIL,,,,,,,,,WARN,,RACH,T310_EXPIRY,T310 Timer Expired,,,,
2026-07-01 09:45:00,XYZ403,UE10465,gnb_syslog,SIP_TIMEOUT,FAIL,,,,,,,,,ERROR,,TRANSPORT,SIP_TIMEOUT,IMS SIP Timeout,,,,
2026-07-01 10:46:00,XYZ401,UE10466,gnb_syslog,MSG1_FAIL,FAIL,,,,,,,,,WARN,,BEAM,MSG1_FAIL,PRACH Detection Failure,,,,
2026-07-01 11:47:00,XYZ402,UE10467,gnb_syslog,XN_TIMEOUT,FAIL,,,,,,,,,WARN,,RLF,XN_TIMEOUT,Xn Preparation Timeout,,,,
2026-07-01 12:48:00,XYZ403,UE10468,gnb_syslog,SIP_TIMEOUT,FAIL,,,,,,,,,ERROR,,TRANSPORT,SIP_TIMEOUT,IMS SIP Timeout,,,,
2026-07-01 13:49:00,XYZ403,UE10469,gnb_syslog,T310_EXPIRY,FAIL,,,,,,,,,WARN,,RACH,T310_EXPIRY,T310 Timer Expired,,,,
2026-07-01 14:50:00,XYZ403,UE10470,gnb_syslog,HO_PREP_FAIL,FAIL,,,,,,,,,WARN,,MOBILITY,HO_PREP_FAIL,HO Request Ack Missing,,,,
2026-07-01 15:51:00,XYZ402,UE10471,gnb_syslog,BEAM_OVERLOAD,FAIL,,,,,,,,,ERROR,,VONR,BEAM_OVERLOAD,Beam Resource Congestion,,,,
2026-07-01 16:52:00,XYZ401,UE10472,gnb_syslog,HO_PREP_FAIL,FAIL,,,,,,,,,WARN,,MOBILITY,HO_PREP_FAIL,HO Request Ack Missing,,,,
2026-07-01 17:53:00,XYZ402,UE10473,gnb_syslog,SIP_TIMEOUT,FAIL,,,,,,,,,ERROR,,TRANSPORT,SIP_TIMEOUT,IMS SIP Timeout,,,,
2026-07-01 18:54:00,XYZ401,UE10474,gnb_syslog,SIP_TIMEOUT,FAIL,,,,,,,,,ERROR,,TRANSPORT,SIP_TIMEOUT,IMS SIP Timeout,,,,
2026-07-01 19:55:00,XYZ401,UE10475,gnb_syslog,HO_PREP_FAIL,FAIL,,,,,,,,,WARN,,MOBILITY,HO_PREP_FAIL,HO Request Ack Missing,,,,
2026-07-01 20:56:00,XYZ401,UE10476,gnb_syslog,MSG1_FAIL,FAIL,,,,,,,,,WARN,,BEAM,MSG1_FAIL,PRACH Detection Failure,,,,
2026-07-01 21:57:00,XYZ402,UE10477,gnb_syslog,MSG1_FAIL,FAIL,,,,,,,,,WARN,,BEAM,MSG1_FAIL,PRACH Detection Failure,,,,
2026-07-01 22:58:00,XYZ401,UE10478,gnb_syslog,T310_EXPIRY,FAIL,,,,,,,,,WARN,,RACH,T310_EXPIRY,T310 Timer Expired,,,,
2026-07-01 23:59:00,XYZ402,UE10479,gnb_syslog,BEAM_OVERLOAD,FAIL,,,,,,,,,ERROR,,VONR,BEAM_OVERLOAD,Beam Resource Congestion,,,,
2026-07-01 00:00:00,XYZ403,UE10480,gnb_syslog,MSG1_FAIL,FAIL,,,,,,,,,WARN,,BEAM,MSG1_FAIL,PRACH Detection Failure,,,,
2026-07-01 01:01:00,XYZ402,UE10481,gnb_syslog,SIP_TIMEOUT,FAIL,,,,,,,,,ERROR,,TRANSPORT,SIP_TIMEOUT,IMS SIP Timeout,,,,
2026-07-01 02:02:00,XYZ403,UE10482,gnb_syslog,HO_PREP_FAIL,FAIL,,,,,,,,,WARN,,MOBILITY,HO_PREP_FAIL,HO Request Ack Missing,,,,
2026-07-01 03:03:00,XYZ401,UE10483,gnb_syslog,XN_TIMEOUT,FAIL,,,,,,,,,WARN,,RLF,XN_TIMEOUT,Xn Preparation Timeout,,,,
2026-07-01 04:04:00,XYZ402,UE10484,gnb_syslog,BEAM_OVERLOAD,FAIL,,,,,,,,,ERROR,,VONR,BEAM_OVERLOAD,Beam Resource Congestion,,,,
2026-07-01 05:05:00,XYZ402,UE10485,gnb_syslog,MSG1_FAIL,FAIL,,,,,,,,,WARN,,BEAM,MSG1_FAIL,PRACH Detection Failure,,,,
2026-07-01 06:06:00,XYZ403,UE10486,gnb_syslog,XN_TIMEOUT,FAIL,,,,,,,,,WARN,,RLF,XN_TIMEOUT,Xn Preparation Timeout,,,,
2026-07-01 07:07:00,XYZ401,UE10487,gnb_syslog,T310_EXPIRY,FAIL,,,,,,,,,WARN,,RACH,T310_EXPIRY,T310 Timer Expired,,,,
2026-07-01 08:08:00,XYZ401,UE10488,gnb_syslog,SIP_TIMEOUT,FAIL,,,,,,,,,ERROR,,TRANSPORT,SIP_TIMEOUT,IMS SIP Timeout,,,,
2026-07-01 09:09:00,XYZ401,UE10489,gnb_syslog,HO_PREP_FAIL,FAIL,,,,,,,,,WARN,,MOBILITY,HO_PREP_FAIL,HO Request Ack Missing,,,,
2026-07-01 10:10:00,XYZ402,UE10490,gnb_syslog,BEAM_OVERLOAD,FAIL,,,,,,,,,ERROR,,VONR,BEAM_OVERLOAD,Beam Resource Congestion,,,,
2026-07-01 11:11:00,XYZ402,UE10491,gnb_syslog,BEAM_OVERLOAD,FAIL,,,,,,,,,ERROR,,VONR,BEAM_OVERLOAD,Beam Resource Congestion,,,,
2026-07-01 12:12:00,XYZ403,UE10492,gnb_syslog,SIP_TIMEOUT,FAIL,,,,,,,,,ERROR,,TRANSPORT,SIP_TIMEOUT,IMS SIP Timeout,,,,
2026-07-01 13:13:00,XYZ402,UE10493,gnb_syslog,MSG1_FAIL,FAIL,,,,,,,,,WARN,,BEAM,MSG1_FAIL,PRACH Detection Failure,,,,
2026-07-01 14:14:00,XYZ402,UE10494,gnb_syslog,T310_EXPIRY,FAIL,,,,,,,,,WARN,,RACH,T310_EXPIRY,T310 Timer Expired,,,,
2026-07-01 15:15:00,XYZ402,UE10495,gnb_syslog,SIP_TIMEOUT,FAIL,,,,,,,,,ERROR,,TRANSPORT,SIP_TIMEOUT,IMS SIP Timeout,,,,
2026-07-01 16:16:00,XYZ403,UE10496,gnb_syslog,HO_PREP_FAIL,FAIL,,,,,,,,,WARN,,MOBILITY,HO_PREP_FAIL,HO Request Ack Missing,,,,
2026-07-01 17:17:00,XYZ403,UE10497,gnb_syslog,T310_EXPIRY,FAIL,,,,,,,,,WARN,,RACH,T310_EXPIRY,T310 Timer Expired,,,,
2026-07-01 18:18:00,XYZ403,UE10498,gnb_syslog,BEAM_OVERLOAD,FAIL,,,,,,,,,ERROR,,VONR,BEAM_OVERLOAD,Beam Resource Congestion,,,,
2026-07-01 19:19:00,XYZ402,UE10499,gnb_syslog,SIP_TIMEOUT,FAIL,,,,,,,,,ERROR,,TRANSPORT,SIP_TIMEOUT,IMS SIP Timeout,,,,
2026-07-01 20:20:00,XYZ403,UE10500,gnb_syslog,MSG1_FAIL,FAIL,,,,,,,,,WARN,,BEAM,MSG1_FAIL,PRACH Detection Failure,,,,
2026-07-01 21:21:00,XYZ403,UE10501,gnb_syslog,MSG1_FAIL,FAIL,,,,,,,,,WARN,,BEAM,MSG1_FAIL,PRACH Detection Failure,,,,
2026-07-01 22:22:00,XYZ402,UE10502,gnb_syslog,SIP_TIMEOUT,FAIL,,,,,,,,,ERROR,,TRANSPORT,SIP_TIMEOUT,IMS SIP Timeout,,,,
2026-07-01 23:23:00,XYZ402,UE10503,gnb_syslog,HO_PREP_FAIL,FAIL,,,,,,,,,WARN,,MOBILITY,HO_PREP_FAIL,HO Request Ack Missing,,,,
2026-07-01 00:24:00,XYZ403,UE10504,gnb_syslog,SIP_TIMEOUT,FAIL,,,,,,,,,ERROR,,TRANSPORT,SIP_TIMEOUT,IMS SIP Timeout,,,,
2026-07-01 01:25:00,XYZ401,UE10505,gnb_syslog,SIP_TIMEOUT,FAIL,,,,,,,,,ERROR,,TRANSPORT,SIP_TIMEOUT,IMS SIP Timeout,,,,
2026-07-01 02:26:00,XYZ403,UE10506,gnb_syslog,XN_TIMEOUT,FAIL,,,,,,,,,WARN,,RLF,XN_TIMEOUT,Xn Preparation Timeout,,,,
2026-07-01 03:27:00,XYZ402,UE10507,gnb_syslog,T310_EXPIRY,FAIL,,,,,,,,,WARN,,RACH,T310_EXPIRY,T310 Timer Expired,,,,
2026-07-01 04:28:00,XYZ401,UE10508,gnb_syslog,T310_EXPIRY,FAIL,,,,,,,,,WARN,,RACH,T310_EXPIRY,T310 Timer Expired,,,,
2026-07-01 05:29:00,XYZ401,UE10509,gnb_syslog,MSG1_FAIL,FAIL,,,,,,,,,WARN,,BEAM,MSG1_FAIL,PRACH Detection Failure,,,,
2026-07-01 06:30:00,XYZ402,UE10510,gnb_syslog,SIP_TIMEOUT,FAIL,,,,,,,,,ERROR,,TRANSPORT,SIP_TIMEOUT,IMS SIP Timeout,,,,
2026-07-01 07:31:00,XYZ403,UE10511,gnb_syslog,SIP_TIMEOUT,FAIL,,,,,,,,,ERROR,,TRANSPORT,SIP_TIMEOUT,IMS SIP Timeout,,,,
2026-07-01 08:32:00,XYZ401,UE10512,gnb_syslog,MSG1_FAIL,FAIL,,,,,,,,,WARN,,BEAM,MSG1_FAIL,PRACH Detection Failure,,,,
2026-07-01 09:33:00,XYZ401,UE10513,gnb_syslog,MSG1_FAIL,FAIL,,,,,,,,,WARN,,BEAM,MSG1_FAIL,PRACH Detection Failure,,,,
2026-07-01 10:34:00,XYZ403,UE10514,gnb_syslog,MSG1_FAIL,FAIL,,,,,,,,,WARN,,BEAM,MSG1_FAIL,PRACH Detection Failure,,,,
2026-07-01 11:35:00,XYZ402,UE10515,gnb_syslog,HO_PREP_FAIL,FAIL,,,,,,,,,WARN,,MOBILITY,HO_PREP_FAIL,HO Request Ack Missing,,,,
2026-07-01 12:36:00,XYZ402,UE10516,gnb_syslog,SIP_TIMEOUT,FAIL,,,,,,,,,ERROR,,TRANSPORT,SIP_TIMEOUT,IMS SIP Timeout,,,,
2026-07-01 13:37:00,XYZ402,UE10517,gnb_syslog,BEAM_OVERLOAD,FAIL,,,,,,,,,ERROR,,VONR,BEAM_OVERLOAD,Beam Resource Congestion,,,,
2026-07-01 14:38:00,XYZ403,UE10518,gnb_syslog,T310_EXPIRY,FAIL,,,,,,,,,WARN,,RACH,T310_EXPIRY,T310 Timer Expired,,,,
2026-07-01 15:39:00,XYZ401,UE10519,gnb_syslog,MSG1_FAIL,FAIL,,,,,,,,,WARN,,BEAM,MSG1_FAIL,PRACH Detection Failure,,,,
2026-07-01 16:40:00,XYZ403,UE10520,gnb_syslog,T310_EXPIRY,FAIL,,,,,,,,,WARN,,RACH,T310_EXPIRY,T310 Timer Expired,,,,
2026-07-01 17:41:00,XYZ402,UE10521,gnb_syslog,HO_PREP_FAIL,FAIL,,,,,,,,,WARN,,MOBILITY,HO_PREP_FAIL,HO Request Ack Missing,,,,
2026-07-01 18:42:00,XYZ402,UE10522,gnb_syslog,XN_TIMEOUT,FAIL,,,,,,,,,WARN,,RLF,XN_TIMEOUT,Xn Preparation Timeout,,,,
2026-07-01 19:43:00,XYZ403,UE10523,gnb_syslog,BEAM_OVERLOAD,FAIL,,,,,,,,,ERROR,,VONR,BEAM_OVERLOAD,Beam Resource Congestion,,,,
2026-07-01 20:44:00,XYZ402,UE10524,gnb_syslog,XN_TIMEOUT,FAIL,,,,,,,,,WARN,,RLF,XN_TIMEOUT,Xn Preparation Timeout,,,,
2026-07-01 21:45:00,XYZ402,UE10525,gnb_syslog,BEAM_OVERLOAD,FAIL,,,,,,,,,ERROR,,VONR,BEAM_OVERLOAD,Beam Resource Congestion,,,,
2026-07-01 22:46:00,XYZ401,UE10526,gnb_syslog,MSG1_FAIL,FAIL,,,,,,,,,WARN,,BEAM,MSG1_FAIL,PRACH Detection Failure,,,,
2026-07-01 23:47:00,XYZ401,UE10527,gnb_syslog,BEAM_OVERLOAD,FAIL,,,,,,,,,ERROR,,VONR,BEAM_OVERLOAD,Beam Resource Congestion,,,,
2026-07-01 00:48:00,XYZ401,UE10528,gnb_syslog,HO_PREP_FAIL,FAIL,,,,,,,,,WARN,,MOBILITY,HO_PREP_FAIL,HO Request Ack Missing,,,,
2026-07-01 01:49:00,XYZ403,UE10529,gnb_syslog,T310_EXPIRY,FAIL,,,,,,,,,WARN,,RACH,T310_EXPIRY,T310 Timer Expired,,,,
2026-07-01 02:50:00,XYZ403,UE10530,gnb_syslog,SIP_TIMEOUT,FAIL,,,,,,,,,ERROR,,TRANSPORT,SIP_TIMEOUT,IMS SIP Timeout,,,,
2026-07-01 03:51:00,XYZ402,UE10531,gnb_syslog,T310_EXPIRY,FAIL,,,,,,,,,WARN,,RACH,T310_EXPIRY,T310 Timer Expired,,,,
2026-07-01 04:52:00,XYZ401,UE10532,gnb_syslog,HO_PREP_FAIL,FAIL,,,,,,,,,WARN,,MOBILITY,HO_PREP_FAIL,HO Request Ack Missing,,,,
2026-07-01 05:53:00,XYZ402,UE10533,gnb_syslog,SIP_TIMEOUT,FAIL,,,,,,,,,ERROR,,TRANSPORT,SIP_TIMEOUT,IMS SIP Timeout,,,,
2026-07-01 06:54:00,XYZ401,UE10534,gnb_syslog,SIP_TIMEOUT,FAIL,,,,,,,,,ERROR,,TRANSPORT,SIP_TIMEOUT,IMS SIP Timeout,,,,
2026-07-01 07:55:00,XYZ401,UE10535,gnb_syslog,T310_EXPIRY,FAIL,,,,,,,,,WARN,,RACH,T310_EXPIRY,T310 Timer Expired,,,,
2026-07-01 08:56:00,XYZ403,UE10536,gnb_syslog,XN_TIMEOUT,FAIL,,,,,,,,,WARN,,RLF,XN_TIMEOUT,Xn Preparation Timeout,,,,
2026-07-01 09:57:00,XYZ401,UE10537,gnb_syslog,T310_EXPIRY,FAIL,,,,,,,,,WARN,,RACH,T310_EXPIRY,T310 Timer Expired,,,,
2026-07-01 10:58:00,XYZ401,UE10538,gnb_syslog,SIP_TIMEOUT,FAIL,,,,,,,,,ERROR,,TRANSPORT,SIP_TIMEOUT,IMS SIP Timeout,,,,
2026-07-01 11:59:00,XYZ401,UE10539,gnb_syslog,T310_EXPIRY,FAIL,,,,,,,,,WARN,,RACH,T310_EXPIRY,T310 Timer Expired,,,,
2026-07-01 12:00:00,XYZ402,UE10540,gnb_syslog,BEAM_OVERLOAD,FAIL,,,,,,,,,ERROR,,VONR,BEAM_OVERLOAD,Beam Resource Congestion,,,,
2026-07-01 13:01:00,XYZ402,UE10541,gnb_syslog,MSG1_FAIL,FAIL,,,,,,,,,WARN,,BEAM,MSG1_FAIL,PRACH Detection Failure,,,,
2026-07-01 14:02:00,XYZ401,UE10542,gnb_syslog,T310_EXPIRY,FAIL,,,,,,,,,WARN,,RACH,T310_EXPIRY,T310 Timer Expired,,,,
2026-07-01 15:03:00,XYZ401,UE10543,gnb_syslog,BEAM_OVERLOAD,FAIL,,,,,,,,,ERROR,,VONR,BEAM_OVERLOAD,Beam Resource Congestion,,,,
2026-07-01 16:04:00,XYZ403,UE10544,gnb_syslog,T310_EXPIRY,FAIL,,,,,,,,,WARN,,RACH,T310_EXPIRY,T310 Timer Expired,,,,
2026-07-01 17:05:00,XYZ402,UE10545,gnb_syslog,SIP_TIMEOUT,FAIL,,,,,,,,,ERROR,,TRANSPORT,SIP_TIMEOUT,IMS SIP Timeout,,,,
2026-07-01 18:06:00,XYZ401,UE10546,gnb_syslog,SIP_TIMEOUT,FAIL,,,,,,,,,ERROR,,TRANSPORT,SIP_TIMEOUT,IMS SIP Timeout,,,,
2026-07-01 19:07:00,XYZ402,UE10547,gnb_syslog,BEAM_OVERLOAD,FAIL,,,,,,,,,ERROR,,VONR,BEAM_OVERLOAD,Beam Resource Congestion,,,,
2026-07-01 20:08:00,XYZ402,UE10548,gnb_syslog,HO_PREP_FAIL,FAIL,,,,,,,,,WARN,,MOBILITY,HO_PREP_FAIL,HO Request Ack Missing,,,,
2026-07-01 21:09:00,XYZ403,UE10549,gnb_syslog,SIP_TIMEOUT,FAIL,,,,,,,,,ERROR,,TRANSPORT,SIP_TIMEOUT,IMS SIP Timeout,,,,
2026-07-01 22:10:00,XYZ402,UE10550,gnb_syslog,BEAM_OVERLOAD,FAIL,,,,,,,,,ERROR,,VONR,BEAM_OVERLOAD,Beam Resource Congestion,,,,
2026-07-01 23:11:00,XYZ403,UE10551,gnb_syslog,HO_PREP_FAIL,FAIL,,,,,,,,,WARN,,MOBILITY,HO_PREP_FAIL,HO Request Ack Missing,,,,
2026-07-01 00:12:00,XYZ401,UE10552,gnb_syslog,HO_PREP_FAIL,FAIL,,,,,,,,,WARN,,MOBILITY,HO_PREP_FAIL,HO Request Ack Missing,,,,
2026-07-01 01:13:00,XYZ401,UE10553,gnb_syslog,HO_PREP_FAIL,FAIL,,,,,,,,,WARN,,MOBILITY,HO_PREP_FAIL,HO Request Ack Missing,,,,
2026-07-01 02:14:00,XYZ402,UE10554,gnb_syslog,XN_TIMEOUT,FAIL,,,,,,,,,WARN,,RLF,XN_TIMEOUT,Xn Preparation Timeout,,,,
2026-07-01 03:15:00,XYZ403,UE10555,gnb_syslog,BEAM_OVERLOAD,FAIL,,,,,,,,,ERROR,,VONR,BEAM_OVERLOAD,Beam Resource Congestion,,,,
2026-07-01 04:16:00,XYZ402,UE10556,gnb_syslog,T310_EXPIRY,FAIL,,,,,,,,,WARN,,RACH,T310_EXPIRY,T310 Timer Expired,,,,
2026-07-01 05:17:00,XYZ403,UE10557,gnb_syslog,SIP_TIMEOUT,FAIL,,,,,,,,,ERROR,,TRANSPORT,SIP_TIMEOUT,IMS SIP Timeout,,,,
2026-07-01 06:18:00,XYZ402,UE10558,gnb_syslog,T310_EXPIRY,FAIL,,,,,,,,,WARN,,RACH,T310_EXPIRY,T310 Timer Expired,,,,
2026-07-01 07:19:00,XYZ403,UE10559,gnb_syslog,MSG1_FAIL,FAIL,,,,,,,,,WARN,,BEAM,MSG1_FAIL,PRACH Detection Failure,,,,
2026-07-01 08:20:00,XYZ401,UE10560,gnb_syslog,BEAM_OVERLOAD,FAIL,,,,,,,,,ERROR,,VONR,BEAM_OVERLOAD,Beam Resource Congestion,,,,
2026-07-01 09:21:00,XYZ402,UE10561,gnb_syslog,MSG1_FAIL,FAIL,,,,,,,,,WARN,,BEAM,MSG1_FAIL,PRACH Detection Failure,,,,
2026-07-01 10:22:00,XYZ401,UE10562,gnb_syslog,T310_EXPIRY,FAIL,,,,,,,,,WARN,,RACH,T310_EXPIRY,T310 Timer Expired,,,,
2026-07-01 11:23:00,XYZ401,UE10563,gnb_syslog,SIP_TIMEOUT,FAIL,,,,,,,,,ERROR,,TRANSPORT,SIP_TIMEOUT,IMS SIP Timeout,,,,
2026-07-01 12:24:00,XYZ401,UE10564,gnb_syslog,HO_PREP_FAIL,FAIL,,,,,,,,,WARN,,MOBILITY,HO_PREP_FAIL,HO Request Ack Missing,,,,
2026-07-01 13:25:00,XYZ403,UE10565,gnb_syslog,BEAM_OVERLOAD,FAIL,,,,,,,,,ERROR,,VONR,BEAM_OVERLOAD,Beam Resource Congestion,,,,
2026-07-01 14:26:00,XYZ402,UE10566,gnb_syslog,HO_PREP_FAIL,FAIL,,,,,,,,,WARN,,MOBILITY,HO_PREP_FAIL,HO Request Ack Missing,,,,
2026-07-01 15:27:00,XYZ402,UE10567,gnb_syslog,MSG1_FAIL,FAIL,,,,,,,,,WARN,,BEAM,MSG1_FAIL,PRACH Detection Failure,,,,
2026-07-01 16:28:00,XYZ402,UE10568,gnb_syslog,XN_TIMEOUT,FAIL,,,,,,,,,WARN,,RLF,XN_TIMEOUT,Xn Preparation Timeout,,,,
2026-07-01 17:29:00,XYZ403,UE10569,gnb_syslog,BEAM_OVERLOAD,FAIL,,,,,,,,,ERROR,,VONR,BEAM_OVERLOAD,Beam Resource Congestion,,,,
2026-07-01 18:30:00,XYZ401,UE10570,gnb_syslog,XN_TIMEOUT,FAIL,,,,,,,,,WARN,,RLF,XN_TIMEOUT,Xn Preparation Timeout,,,,
2026-07-01 19:31:00,XYZ402,UE10571,gnb_syslog,SIP_TIMEOUT,FAIL,,,,,,,,,ERROR,,TRANSPORT,SIP_TIMEOUT,IMS SIP Timeout,,,,
2026-07-01 20:32:00,XYZ403,UE10572,gnb_syslog,BEAM_OVERLOAD,FAIL,,,,,,,,,ERROR,,VONR,BEAM_OVERLOAD,Beam Resource Congestion,,,,
2026-07-01 21:33:00,XYZ401,UE10573,gnb_syslog,MSG1_FAIL,FAIL,,,,,,,,,WARN,,BEAM,MSG1_FAIL,PRACH Detection Failure,,,,
2026-07-01 22:34:00,XYZ403,UE10574,gnb_syslog,MSG1_FAIL,FAIL,,,,,,,,,WARN,,BEAM,MSG1_FAIL,PRACH Detection Failure,,,,
2026-07-01 23:35:00,XYZ401,UE10575,gnb_syslog,BEAM_OVERLOAD,FAIL,,,,,,,,,ERROR,,VONR,BEAM_OVERLOAD,Beam Resource Congestion,,,,
2026-07-01 00:36:00,XYZ403,UE10576,gnb_syslog,BEAM_OVERLOAD,FAIL,,,,,,,,,ERROR,,VONR,BEAM_OVERLOAD,Beam Resource Congestion,,,,
2026-07-01 01:37:00,XYZ401,UE10577,gnb_syslog,MSG1_FAIL,FAIL,,,,,,,,,WARN,,BEAM,MSG1_FAIL,PRACH Detection Failure,,,,
2026-07-01 02:38:00,XYZ403,UE10578,gnb_syslog,XN_TIMEOUT,FAIL,,,,,,,,,WARN,,RLF,XN_TIMEOUT,Xn Preparation Timeout,,,,
2026-07-01 03:39:00,XYZ403,UE10579,gnb_syslog,T310_EXPIRY,FAIL,,,,,,,,,WARN,,RACH,T310_EXPIRY,T310 Timer Expired,,,,
2026-07-01 04:40:00,XYZ402,UE10580,gnb_syslog,MSG1_FAIL,FAIL,,,,,,,,,WARN,,BEAM,MSG1_FAIL,PRACH Detection Failure,,,,
2026-07-01 05:41:00,XYZ403,UE10581,gnb_syslog,T310_EXPIRY,FAIL,,,,,,,,,WARN,,RACH,T310_EXPIRY,T310 Timer Expired,,,,
2026-07-01 06:42:00,XYZ403,UE10582,gnb_syslog,BEAM_OVERLOAD,FAIL,,,,,,,,,ERROR,,VONR,BEAM_OVERLOAD,Beam Resource Congestion,,,,
2026-07-01 07:43:00,XYZ402,UE10583,gnb_syslog,SIP_TIMEOUT,FAIL,,,,,,,,,ERROR,,TRANSPORT,SIP_TIMEOUT,IMS SIP Timeout,,,,
2026-07-01 08:44:00,XYZ402,UE10584,gnb_syslog,SIP_TIMEOUT,FAIL,,,,,,,,,ERROR,,TRANSPORT,SIP_TIMEOUT,IMS SIP Timeout,,,,
2026-07-01 09:45:00,XYZ402,UE10585,gnb_syslog,XN_TIMEOUT,FAIL,,,,,,,,,WARN,,RLF,XN_TIMEOUT,Xn Preparation Timeout,,,,
2026-07-01 10:46:00,XYZ402,UE10586,gnb_syslog,T310_EXPIRY,FAIL,,,,,,,,,WARN,,RACH,T310_EXPIRY,T310 Timer Expired,,,,
2026-07-01 11:47:00,XYZ402,UE10587,gnb_syslog,BEAM_OVERLOAD,FAIL,,,,,,,,,ERROR,,VONR,BEAM_OVERLOAD,Beam Resource Congestion,,,,
2026-07-01 12:48:00,XYZ401,UE10588,gnb_syslog,XN_TIMEOUT,FAIL,,,,,,,,,WARN,,RLF,XN_TIMEOUT,Xn Preparation Timeout,,,,
2026-07-01 13:49:00,XYZ403,UE10589,gnb_syslog,HO_PREP_FAIL,FAIL,,,,,,,,,WARN,,MOBILITY,HO_PREP_FAIL,HO Request Ack Missing,,,,
2026-07-01 14:50:00,XYZ403,UE10590,gnb_syslog,MSG1_FAIL,FAIL,,,,,,,,,WARN,,BEAM,MSG1_FAIL,PRACH Detection Failure,,,,
2026-07-01 15:51:00,XYZ401,UE10591,gnb_syslog,MSG1_FAIL,FAIL,,,,,,,,,WARN,,BEAM,MSG1_FAIL,PRACH Detection Failure,,,,
2026-07-01 16:52:00,XYZ403,UE10592,gnb_syslog,BEAM_OVERLOAD,FAIL,,,,,,,,,ERROR,,VONR,BEAM_OVERLOAD,Beam Resource Congestion,,,,
2026-07-01 17:53:00,XYZ401,UE10593,gnb_syslog,XN_TIMEOUT,FAIL,,,,,,,,,WARN,,RLF,XN_TIMEOUT,Xn Preparation Timeout,,,,
2026-07-01 18:54:00,XYZ403,UE10594,gnb_syslog,MSG1_FAIL,FAIL,,,,,,,,,WARN,,BEAM,MSG1_FAIL,PRACH Detection Failure,,,,
2026-07-01 19:55:00,XYZ401,UE10595,gnb_syslog,XN_TIMEOUT,FAIL,,,,,,,,,WARN,,RLF,XN_TIMEOUT,Xn Preparation Timeout,,,,
2026-07-01 20:56:00,XYZ403,UE10596,gnb_syslog,SIP_TIMEOUT,FAIL,,,,,,,,,ERROR,,TRANSPORT,SIP_TIMEOUT,IMS SIP Timeout,,,,
2026-07-01 21:57:00,XYZ402,UE10597,gnb_syslog,BEAM_OVERLOAD,FAIL,,,,,,,,,ERROR,,VONR,BEAM_OVERLOAD,Beam Resource Congestion,,,,
2026-07-01 22:58:00,XYZ402,UE10598,gnb_syslog,HO_PREP_FAIL,FAIL,,,,,,,,,WARN,,MOBILITY,HO_PREP_FAIL,HO Request Ack Missing,,,,
2026-07-01 23:59:00,XYZ403,UE10599,gnb_syslog,T310_EXPIRY,FAIL,,,,,,,,,WARN,,RACH,T310_EXPIRY,T310 Timer Expired,,,,
2026-07-01 00:00:00,XYZ402,UE10600,gnb_syslog,HO_PREP_FAIL,FAIL,,,,,,,,,WARN,,MOBILITY,HO_PREP_FAIL,HO Request Ack Missing,,,,
2026-07-01 01:01:00,XYZ401,UE10601,gnb_syslog,BEAM_OVERLOAD,FAIL,,,,,,,,,ERROR,,VONR,BEAM_OVERLOAD,Beam Resource Congestion,,,,
2026-07-01 02:02:00,XYZ402,UE10602,gnb_syslog,XN_TIMEOUT,FAIL,,,,,,,,,WARN,,RLF,XN_TIMEOUT,Xn Preparation Timeout,,,,
2026-07-01 03:03:00,XYZ402,UE10603,gnb_syslog,MSG1_FAIL,FAIL,,,,,,,,,WARN,,BEAM,MSG1_FAIL,PRACH Detection Failure,,,,
2026-07-01 04:04:00,XYZ401,UE10604,gnb_syslog,HO_PREP_FAIL,FAIL,,,,,,,,,WARN,,MOBILITY,HO_PREP_FAIL,HO Request Ack Missing,,,,
2026-07-01 05:05:00,XYZ403,UE10605,gnb_syslog,SIP_TIMEOUT,FAIL,,,,,,,,,ERROR,,TRANSPORT,SIP_TIMEOUT,IMS SIP Timeout,,,,
2026-07-01 06:06:00,XYZ403,UE10606,gnb_syslog,T310_EXPIRY,FAIL,,,,,,,,,WARN,,RACH,T310_EXPIRY,T310 Timer Expired,,,,
2026-07-01 07:07:00,XYZ403,UE10607,gnb_syslog,BEAM_OVERLOAD,FAIL,,,,,,,,,ERROR,,VONR,BEAM_OVERLOAD,Beam Resource Congestion,,,,
2026-07-01 08:08:00,XYZ401,UE10608,gnb_syslog,HO_PREP_FAIL,FAIL,,,,,,,,,WARN,,MOBILITY,HO_PREP_FAIL,HO Request Ack Missing,,,,
2026-07-01 09:09:00,XYZ402,UE10609,gnb_syslog,HO_PREP_FAIL,FAIL,,,,,,,,,WARN,,MOBILITY,HO_PREP_FAIL,HO Request Ack Missing,,,,
2026-07-01 10:10:00,XYZ401,UE10610,gnb_syslog,MSG1_FAIL,FAIL,,,,,,,,,WARN,,BEAM,MSG1_FAIL,PRACH Detection Failure,,,,
2026-07-01 11:11:00,XYZ402,UE10611,gnb_syslog,BEAM_OVERLOAD,FAIL,,,,,,,,,ERROR,,VONR,BEAM_OVERLOAD,Beam Resource Congestion,,,,
2026-07-01 12:12:00,XYZ403,UE10612,gnb_syslog,HO_PREP_FAIL,FAIL,,,,,,,,,WARN,,MOBILITY,HO_PREP_FAIL,HO Request Ack Missing,,,,
2026-07-01 13:13:00,XYZ401,UE10613,gnb_syslog,MSG1_FAIL,FAIL,,,,,,,,,WARN,,BEAM,MSG1_FAIL,PRACH Detection Failure,,,,
2026-07-01 14:14:00,XYZ403,UE10614,gnb_syslog,XN_TIMEOUT,FAIL,,,,,,,,,WARN,,RLF,XN_TIMEOUT,Xn Preparation Timeout,,,,
2026-07-01 15:15:00,XYZ402,UE10615,gnb_syslog,SIP_TIMEOUT,FAIL,,,,,,,,,ERROR,,TRANSPORT,SIP_TIMEOUT,IMS SIP Timeout,,,,
2026-07-01 16:16:00,XYZ403,UE10616,gnb_syslog,XN_TIMEOUT,FAIL,,,,,,,,,WARN,,RLF,XN_TIMEOUT,Xn Preparation Timeout,,,,
2026-07-01 17:17:00,XYZ403,UE10617,gnb_syslog,XN_TIMEOUT,FAIL,,,,,,,,,WARN,,RLF,XN_TIMEOUT,Xn Preparation Timeout,,,,
2026-07-01 18:18:00,XYZ403,UE10618,gnb_syslog,HO_PREP_FAIL,FAIL,,,,,,,,,WARN,,MOBILITY,HO_PREP_FAIL,HO Request Ack Missing,,,,
2026-07-01 19:19:00,XYZ403,UE10619,gnb_syslog,T310_EXPIRY,FAIL,,,,,,,,,WARN,,RACH,T310_EXPIRY,T310 Timer Expired,,,,
2026-07-01 20:20:00,XYZ402,UE10620,gnb_syslog,T310_EXPIRY,FAIL,,,,,,,,,WARN,,RACH,T310_EXPIRY,T310 Timer Expired,,,,
2026-07-01 21:21:00,XYZ403,UE10621,gnb_syslog,HO_PREP_FAIL,FAIL,,,,,,,,,WARN,,MOBILITY,HO_PREP_FAIL,HO Request Ack Missing,,,,
2026-07-01 22:22:00,XYZ402,UE10622,gnb_syslog,MSG1_FAIL,FAIL,,,,,,,,,WARN,,BEAM,MSG1_FAIL,PRACH Detection Failure,,,,
2026-07-01 23:23:00,XYZ401,UE10623,gnb_syslog,BEAM_OVERLOAD,FAIL,,,,,,,,,ERROR,,VONR,BEAM_OVERLOAD,Beam Resource Congestion,,,,
2026-07-01 00:24:00,XYZ401,UE10624,gnb_syslog,HO_PREP_FAIL,FAIL,,,,,,,,,WARN,,MOBILITY,HO_PREP_FAIL,HO Request Ack Missing,,,,
2026-07-01 01:25:00,XYZ402,UE10625,gnb_syslog,T310_EXPIRY,FAIL,,,,,,,,,WARN,,RACH,T310_EXPIRY,T310 Timer Expired,,,,
2026-07-01 02:26:00,XYZ402,UE10626,gnb_syslog,XN_TIMEOUT,FAIL,,,,,,,,,WARN,,RLF,XN_TIMEOUT,Xn Preparation Timeout,,,,
2026-07-01 03:27:00,XYZ401,UE10627,gnb_syslog,BEAM_OVERLOAD,FAIL,,,,,,,,,ERROR,,VONR,BEAM_OVERLOAD,Beam Resource Congestion,,,,
2026-07-01 04:28:00,XYZ401,UE10628,gnb_syslog,HO_PREP_FAIL,FAIL,,,,,,,,,WARN,,MOBILITY,HO_PREP_FAIL,HO Request Ack Missing,,,,
2026-07-01 05:29:00,XYZ402,UE10629,gnb_syslog,HO_PREP_FAIL,FAIL,,,,,,,,,WARN,,MOBILITY,HO_PREP_FAIL,HO Request Ack Missing,,,,
2026-07-01 06:30:00,XYZ403,UE10630,gnb_syslog,SIP_TIMEOUT,FAIL,,,,,,,,,ERROR,,TRANSPORT,SIP_TIMEOUT,IMS SIP Timeout,,,,
2026-07-01 07:31:00,XYZ401,UE10631,gnb_syslog,BEAM_OVERLOAD,FAIL,,,,,,,,,ERROR,,VONR,BEAM_OVERLOAD,Beam Resource Congestion,,,,
2026-07-01 08:32:00,XYZ401,UE10632,gnb_syslog,HO_PREP_FAIL,FAIL,,,,,,,,,WARN,,MOBILITY,HO_PREP_FAIL,HO Request Ack Missing,,,,
2026-07-01 09:33:00,XYZ403,UE10633,gnb_syslog,SIP_TIMEOUT,FAIL,,,,,,,,,ERROR,,TRANSPORT,SIP_TIMEOUT,IMS SIP Timeout,,,,
2026-07-01 10:34:00,XYZ403,UE10634,gnb_syslog,T310_EXPIRY,FAIL,,,,,,,,,WARN,,RACH,T310_EXPIRY,T310 Timer Expired,,,,
2026-07-01 11:35:00,XYZ402,UE10635,gnb_syslog,T310_EXPIRY,FAIL,,,,,,,,,WARN,,RACH,T310_EXPIRY,T310 Timer Expired,,,,
2026-07-01 12:36:00,XYZ401,UE10636,gnb_syslog,SIP_TIMEOUT,FAIL,,,,,,,,,ERROR,,TRANSPORT,SIP_TIMEOUT,IMS SIP Timeout,,,,
2026-07-01 13:37:00,XYZ401,UE10637,gnb_syslog,HO_PREP_FAIL,FAIL,,,,,,,,,WARN,,MOBILITY,HO_PREP_FAIL,HO Request Ack Missing,,,,
2026-07-01 14:38:00,XYZ402,UE10638,gnb_syslog,BEAM_OVERLOAD,FAIL,,,,,,,,,ERROR,,VONR,BEAM_OVERLOAD,Beam Resource Congestion,,,,
2026-07-01 15:39:00,XYZ402,UE10639,gnb_syslog,T310_EXPIRY,FAIL,,,,,,,,,WARN,,RACH,T310_EXPIRY,T310 Timer Expired,,,,
2026-07-01 16:40:00,XYZ402,UE10640,gnb_syslog,HO_PREP_FAIL,FAIL,,,,,,,,,WARN,,MOBILITY,HO_PREP_FAIL,HO Request Ack Missing,,,,
2026-07-01 17:41:00,XYZ403,UE10641,gnb_syslog,T310_EXPIRY,FAIL,,,,,,,,,WARN,,RACH,T310_EXPIRY,T310 Timer Expired,,,,
2026-07-01 18:42:00,XYZ402,UE10642,gnb_syslog,XN_TIMEOUT,FAIL,,,,,,,,,WARN,,RLF,XN_TIMEOUT,Xn Preparation Timeout,,,,
2026-07-01 19:43:00,XYZ401,UE10643,gnb_syslog,SIP_TIMEOUT,FAIL,,,,,,,,,ERROR,,TRANSPORT,SIP_TIMEOUT,IMS SIP Timeout,,,,
2026-07-01 20:44:00,XYZ402,UE10644,gnb_syslog,XN_TIMEOUT,FAIL,,,,,,,,,WARN,,RLF,XN_TIMEOUT,Xn Preparation Timeout,,,,
2026-07-01 21:45:00,XYZ403,UE10645,gnb_syslog,SIP_TIMEOUT,FAIL,,,,,,,,,ERROR,,TRANSPORT,SIP_TIMEOUT,IMS SIP Timeout,,,,
2026-07-01 22:46:00,XYZ401,UE10646,gnb_syslog,MSG1_FAIL,FAIL,,,,,,,,,WARN,,BEAM,MSG1_FAIL,PRACH Detection Failure,,,,
2026-07-01 23:47:00,XYZ403,UE10647,gnb_syslog,BEAM_OVERLOAD,FAIL,,,,,,,,,ERROR,,VONR,BEAM_OVERLOAD,Beam Resource Congestion,,,,
2026-07-01 00:48:00,XYZ402,UE10648,gnb_syslog,T310_EXPIRY,FAIL,,,,,,,,,WARN,,RACH,T310_EXPIRY,T310 Timer Expired,,,,
2026-07-01 01:49:00,XYZ403,UE10649,gnb_syslog,XN_TIMEOUT,FAIL,,,,,,,,,WARN,,RLF,XN_TIMEOUT,Xn Preparation Timeout,,,,
2026-07-01 02:50:00,XYZ402,UE10650,gnb_syslog,SIP_TIMEOUT,FAIL,,,,,,,,,ERROR,,TRANSPORT,SIP_TIMEOUT,IMS SIP Timeout,,,,
2026-07-01 03:51:00,XYZ401,UE10651,gnb_syslog,MSG1_FAIL,FAIL,,,,,,,,,WARN,,BEAM,MSG1_FAIL,PRACH Detection Failure,,,,
2026-07-01 04:52:00,XYZ402,UE10652,gnb_syslog,MSG1_FAIL,FAIL,,,,,,,,,WARN,,BEAM,MSG1_FAIL,PRACH Detection Failure,,,,
2026-07-01 05:53:00,XYZ401,UE10653,gnb_syslog,BEAM_OVERLOAD,FAIL,,,,,,,,,ERROR,,VONR,BEAM_OVERLOAD,Beam Resource Congestion,,,,
2026-07-01 06:54:00,XYZ403,UE10654,gnb_syslog,HO_PREP_FAIL,FAIL,,,,,,,,,WARN,,MOBILITY,HO_PREP_FAIL,HO Request Ack Missing,,,,
2026-07-01 07:55:00,XYZ403,UE10655,gnb_syslog,T310_EXPIRY,FAIL,,,,,,,,,WARN,,RACH,T310_EXPIRY,T310 Timer Expired,,,,
2026-07-01 08:56:00,XYZ403,UE10656,gnb_syslog,T310_EXPIRY,FAIL,,,,,,,,,WARN,,RACH,T310_EXPIRY,T310 Timer Expired,,,,
2026-07-01 09:57:00,XYZ402,UE10657,gnb_syslog,BEAM_OVERLOAD,FAIL,,,,,,,,,ERROR,,VONR,BEAM_OVERLOAD,Beam Resource Congestion,,,,
2026-07-01 10:58:00,XYZ403,UE10658,gnb_syslog,HO_PREP_FAIL,FAIL,,,,,,,,,WARN,,MOBILITY,HO_PREP_FAIL,HO Request Ack Missing,,,,
2026-07-01 11:59:00,XYZ403,UE10659,gnb_syslog,BEAM_OVERLOAD,FAIL,,,,,,,,,ERROR,,VONR,BEAM_OVERLOAD,Beam Resource Congestion,,,,
2026-07-01 12:00:00,XYZ401,UE10660,gnb_syslog,T310_EXPIRY,FAIL,,,,,,,,,WARN,,RACH,T310_EXPIRY,T310 Timer Expired,,,,
2026-07-01 13:01:00,XYZ403,UE10661,gnb_syslog,MSG1_FAIL,FAIL,,,,,,,,,WARN,,BEAM,MSG1_FAIL,PRACH Detection Failure,,,,
2026-07-01 14:02:00,XYZ403,UE10662,gnb_syslog,XN_TIMEOUT,FAIL,,,,,,,,,WARN,,RLF,XN_TIMEOUT,Xn Preparation Timeout,,,,
2026-07-01 15:03:00,XYZ402,UE10663,gnb_syslog,SIP_TIMEOUT,FAIL,,,,,,,,,ERROR,,TRANSPORT,SIP_TIMEOUT,IMS SIP Timeout,,,,
2026-07-01 16:04:00,XYZ401,UE10664,gnb_syslog,T310_EXPIRY,FAIL,,,,,,,,,WARN,,RACH,T310_EXPIRY,T310 Timer Expired,,,,
2026-07-01 17:05:00,XYZ401,UE10665,gnb_syslog,SIP_TIMEOUT,FAIL,,,,,,,,,ERROR,,TRANSPORT,SIP_TIMEOUT,IMS SIP Timeout,,,,
2026-07-01 18:06:00,XYZ403,UE10666,gnb_syslog,SIP_TIMEOUT,FAIL,,,,,,,,,ERROR,,TRANSPORT,SIP_TIMEOUT,IMS SIP Timeout,,,,
2026-07-01 19:07:00,XYZ403,UE10667,gnb_syslog,XN_TIMEOUT,FAIL,,,,,,,,,WARN,,RLF,XN_TIMEOUT,Xn Preparation Timeout,,,,
2026-07-01 20:08:00,XYZ403,UE10668,gnb_syslog,XN_TIMEOUT,FAIL,,,,,,,,,WARN,,RLF,XN_TIMEOUT,Xn Preparation Timeout,,,,
2026-07-01 21:09:00,XYZ403,UE10669,gnb_syslog,HO_PREP_FAIL,FAIL,,,,,,,,,WARN,,MOBILITY,HO_PREP_FAIL,HO Request Ack Missing,,,,
2026-07-01 22:10:00,XYZ403,UE10670,gnb_syslog,BEAM_OVERLOAD,FAIL,,,,,,,,,ERROR,,VONR,BEAM_OVERLOAD,Beam Resource Congestion,,,,
2026-07-01 23:11:00,XYZ403,UE10671,gnb_syslog,BEAM_OVERLOAD,FAIL,,,,,,,,,ERROR,,VONR,BEAM_OVERLOAD,Beam Resource Congestion,,,,
2026-07-01 00:12:00,XYZ401,UE10672,gnb_syslog,MSG1_FAIL,FAIL,,,,,,,,,WARN,,BEAM,MSG1_FAIL,PRACH Detection Failure,,,,
2026-07-01 01:13:00,XYZ402,UE10673,gnb_syslog,MSG1_FAIL,FAIL,,,,,,,,,WARN,,BEAM,MSG1_FAIL,PRACH Detection Failure,,,,
2026-07-01 02:14:00,XYZ401,UE10674,gnb_syslog,XN_TIMEOUT,FAIL,,,,,,,,,WARN,,RLF,XN_TIMEOUT,Xn Preparation Timeout,,,,
2026-07-01 03:15:00,XYZ403,UE10675,gnb_syslog,BEAM_OVERLOAD,FAIL,,,,,,,,,ERROR,,VONR,BEAM_OVERLOAD,Beam Resource Congestion,,,,
2026-07-01 04:16:00,XYZ403,UE10676,gnb_syslog,XN_TIMEOUT,FAIL,,,,,,,,,WARN,,RLF,XN_TIMEOUT,Xn Preparation Timeout,,,,
2026-07-01 05:17:00,XYZ403,UE10677,gnb_syslog,XN_TIMEOUT,FAIL,,,,,,,,,WARN,,RLF,XN_TIMEOUT,Xn Preparation Timeout,,,,
2026-07-01 06:18:00,XYZ401,UE10678,gnb_syslog,MSG1_FAIL,FAIL,,,,,,,,,WARN,,BEAM,MSG1_FAIL,PRACH Detection Failure,,,,
2026-07-01 07:19:00,XYZ402,UE10679,gnb_syslog,BEAM_OVERLOAD,FAIL,,,,,,,,,ERROR,,VONR,BEAM_OVERLOAD,Beam Resource Congestion,,,,
2026-07-01 08:20:00,XYZ401,UE10680,gnb_syslog,SIP_TIMEOUT,FAIL,,,,,,,,,ERROR,,TRANSPORT,SIP_TIMEOUT,IMS SIP Timeout,,,,
2026-07-01 09:21:00,XYZ401,UE10681,gnb_syslog,XN_TIMEOUT,FAIL,,,,,,,,,WARN,,RLF,XN_TIMEOUT,Xn Preparation Timeout,,,,
2026-07-01 10:22:00,XYZ403,UE10682,gnb_syslog,MSG1_FAIL,FAIL,,,,,,,,,WARN,,BEAM,MSG1_FAIL,PRACH Detection Failure,,,,
2026-07-01 11:23:00,XYZ402,UE10683,gnb_syslog,MSG1_FAIL,FAIL,,,,,,,,,WARN,,BEAM,MSG1_FAIL,PRACH Detection Failure,,,,
2026-07-01 12:24:00,XYZ401,UE10684,gnb_syslog,SIP_TIMEOUT,FAIL,,,,,,,,,ERROR,,TRANSPORT,SIP_TIMEOUT,IMS SIP Timeout,,,,
2026-07-01 13:25:00,XYZ402,UE10685,gnb_syslog,XN_TIMEOUT,FAIL,,,,,,,,,WARN,,RLF,XN_TIMEOUT,Xn Preparation Timeout,,,,
2026-07-01 14:26:00,XYZ402,UE10686,gnb_syslog,T310_EXPIRY,FAIL,,,,,,,,,WARN,,RACH,T310_EXPIRY,T310 Timer Expired,,,,
2026-07-01 15:27:00,XYZ402,UE10687,gnb_syslog,HO_PREP_FAIL,FAIL,,,,,,,,,WARN,,MOBILITY,HO_PREP_FAIL,HO Request Ack Missing,,,,
2026-07-01 16:28:00,XYZ401,UE10688,gnb_syslog,T310_EXPIRY,FAIL,,,,,,,,,WARN,,RACH,T310_EXPIRY,T310 Timer Expired,,,,
2026-07-01 17:29:00,XYZ401,UE10689,gnb_syslog,SIP_TIMEOUT,FAIL,,,,,,,,,ERROR,,TRANSPORT,SIP_TIMEOUT,IMS SIP Timeout,,,,
2026-07-01 18:30:00,XYZ401,UE10690,gnb_syslog,XN_TIMEOUT,FAIL,,,,,,,,,WARN,,RLF,XN_TIMEOUT,Xn Preparation Timeout,,,,
2026-07-01 19:31:00,XYZ403,UE10691,gnb_syslog,HO_PREP_FAIL,FAIL,,,,,,,,,WARN,,MOBILITY,HO_PREP_FAIL,HO Request Ack Missing,,,,
2026-07-01 20:32:00,XYZ402,UE10692,gnb_syslog,HO_PREP_FAIL,FAIL,,,,,,,,,WARN,,MOBILITY,HO_PREP_FAIL,HO Request Ack Missing,,,,
2026-07-01 21:33:00,XYZ403,UE10693,gnb_syslog,SIP_TIMEOUT,FAIL,,,,,,,,,ERROR,,TRANSPORT,SIP_TIMEOUT,IMS SIP Timeout,,,,
2026-07-01 22:34:00,XYZ402,UE10694,gnb_syslog,SIP_TIMEOUT,FAIL,,,,,,,,,ERROR,,TRANSPORT,SIP_TIMEOUT,IMS SIP Timeout,,,,
2026-07-01 23:35:00,XYZ401,UE10695,gnb_syslog,XN_TIMEOUT,FAIL,,,,,,,,,WARN,,RLF,XN_TIMEOUT,Xn Preparation Timeout,,,,
2026-07-01 00:36:00,XYZ402,UE10696,gnb_syslog,BEAM_OVERLOAD,FAIL,,,,,,,,,ERROR,,VONR,BEAM_OVERLOAD,Beam Resource Congestion,,,,
2026-07-01 01:37:00,XYZ403,UE10697,gnb_syslog,BEAM_OVERLOAD,FAIL,,,,,,,,,ERROR,,VONR,BEAM_OVERLOAD,Beam Resource Congestion,,,,
2026-07-01 02:38:00,XYZ402,UE10698,gnb_syslog,SIP_TIMEOUT,FAIL,,,,,,,,,ERROR,,TRANSPORT,SIP_TIMEOUT,IMS SIP Timeout,,,,
2026-07-01 03:39:00,XYZ402,UE10699,gnb_syslog,BEAM_OVERLOAD,FAIL,,,,,,,,,ERROR,,VONR,BEAM_OVERLOAD,Beam Resource Congestion,,,,
2026-07-01 04:40:00,XYZ401,UE10700,gnb_syslog,MSG1_FAIL,FAIL,,,,,,,,,WARN,,BEAM,MSG1_FAIL,PRACH Detection Failure,,,,
2026-07-01 05:41:00,XYZ402,UE10701,gnb_syslog,SIP_TIMEOUT,FAIL,,,,,,,,,ERROR,,TRANSPORT,SIP_TIMEOUT,IMS SIP Timeout,,,,
2026-07-01 06:42:00,XYZ401,UE10702,gnb_syslog,HO_PREP_FAIL,FAIL,,,,,,,,,WARN,,MOBILITY,HO_PREP_FAIL,HO Request Ack Missing,,,,
2026-07-01 07:43:00,XYZ402,UE10703,gnb_syslog,HO_PREP_FAIL,FAIL,,,,,,,,,WARN,,MOBILITY,HO_PREP_FAIL,HO Request Ack Missing,,,,
2026-07-01 08:44:00,XYZ403,UE10704,gnb_syslog,XN_TIMEOUT,FAIL,,,,,,,,,WARN,,RLF,XN_TIMEOUT,Xn Preparation Timeout,,,,
2026-07-01 09:45:00,XYZ402,UE10705,gnb_syslog,BEAM_OVERLOAD,FAIL,,,,,,,,,ERROR,,VONR,BEAM_OVERLOAD,Beam Resource Congestion,,,,
2026-07-01 10:46:00,XYZ401,UE10706,gnb_syslog,SIP_TIMEOUT,FAIL,,,,,,,,,ERROR,,TRANSPORT,SIP_TIMEOUT,IMS SIP Timeout,,,,
2026-07-01 11:47:00,XYZ401,UE10707,gnb_syslog,T310_EXPIRY,FAIL,,,,,,,,,WARN,,RACH,T310_EXPIRY,T310 Timer Expired,,,,
2026-07-01 12:48:00,XYZ403,UE10708,gnb_syslog,SIP_TIMEOUT,FAIL,,,,,,,,,ERROR,,TRANSPORT,SIP_TIMEOUT,IMS SIP Timeout,,,,
2026-07-01 13:49:00,XYZ401,UE10709,gnb_syslog,XN_TIMEOUT,FAIL,,,,,,,,,WARN,,RLF,XN_TIMEOUT,Xn Preparation Timeout,,,,
2026-07-01 14:50:00,XYZ401,UE10710,gnb_syslog,HO_PREP_FAIL,FAIL,,,,,,,,,WARN,,MOBILITY,HO_PREP_FAIL,HO Request Ack Missing,,,,
2026-07-01 15:51:00,XYZ401,UE10711,gnb_syslog,XN_TIMEOUT,FAIL,,,,,,,,,WARN,,RLF,XN_TIMEOUT,Xn Preparation Timeout,,,,
2026-07-01 16:52:00,XYZ402,UE10712,gnb_syslog,HO_PREP_FAIL,FAIL,,,,,,,,,WARN,,MOBILITY,HO_PREP_FAIL,HO Request Ack Missing,,,,
2026-07-01 17:53:00,XYZ402,UE10713,gnb_syslog,BEAM_OVERLOAD,FAIL,,,,,,,,,ERROR,,VONR,BEAM_OVERLOAD,Beam Resource Congestion,,,,
2026-07-01 18:54:00,XYZ402,UE10714,gnb_syslog,XN_TIMEOUT,FAIL,,,,,,,,,WARN,,RLF,XN_TIMEOUT,Xn Preparation Timeout,,,,
2026-07-01 19:55:00,XYZ402,UE10715,gnb_syslog,XN_TIMEOUT,FAIL,,,,,,,,,WARN,,RLF,XN_TIMEOUT,Xn Preparation Timeout,,,,
2026-07-01 20:56:00,XYZ401,UE10716,gnb_syslog,T310_EXPIRY,FAIL,,,,,,,,,WARN,,RACH,T310_EXPIRY,T310 Timer Expired,,,,
2026-07-01 21:57:00,XYZ401,UE10717,gnb_syslog,T310_EXPIRY,FAIL,,,,,,,,,WARN,,RACH,T310_EXPIRY,T310 Timer Expired,,,,
2026-07-01 22:58:00,XYZ403,UE10718,gnb_syslog,MSG1_FAIL,FAIL,,,,,,,,,WARN,,BEAM,MSG1_FAIL,PRACH Detection Failure,,,,
2026-07-01 23:59:00,XYZ401,UE10719,gnb_syslog,XN_TIMEOUT,FAIL,,,,,,,,,WARN,,RLF,XN_TIMEOUT,Xn Preparation Timeout,,,,
2026-07-01 00:00:00,XYZ403,UE10720,gnb_syslog,BEAM_OVERLOAD,FAIL,,,,,,,,,ERROR,,VONR,BEAM_OVERLOAD,Beam Resource Congestion,,,,
2026-07-01 01:01:00,XYZ401,UE10721,gnb_syslog,T310_EXPIRY,FAIL,,,,,,,,,WARN,,RACH,T310_EXPIRY,T310 Timer Expired,,,,
2026-07-01 02:02:00,XYZ403,UE10722,gnb_syslog,T310_EXPIRY,FAIL,,,,,,,,,WARN,,RACH,T310_EXPIRY,T310 Timer Expired,,,,
2026-07-01 03:03:00,XYZ402,UE10723,gnb_syslog,T310_EXPIRY,FAIL,,,,,,,,,WARN,,RACH,T310_EXPIRY,T310 Timer Expired,,,,
2026-07-01 04:04:00,XYZ403,UE10724,gnb_syslog,XN_TIMEOUT,FAIL,,,,,,,,,WARN,,RLF,XN_TIMEOUT,Xn Preparation Timeout,,,,
2026-07-01 05:05:00,XYZ402,UE10725,gnb_syslog,SIP_TIMEOUT,FAIL,,,,,,,,,ERROR,,TRANSPORT,SIP_TIMEOUT,IMS SIP Timeout,,,,
2026-07-01 06:06:00,XYZ401,UE10726,gnb_syslog,BEAM_OVERLOAD,FAIL,,,,,,,,,ERROR,,VONR,BEAM_OVERLOAD,Beam Resource Congestion,,,,
2026-07-01 07:07:00,XYZ403,UE10727,gnb_syslog,XN_TIMEOUT,FAIL,,,,,,,,,WARN,,RLF,XN_TIMEOUT,Xn Preparation Timeout,,,,
2026-07-01 08:08:00,XYZ403,UE10728,gnb_syslog,MSG1_FAIL,FAIL,,,,,,,,,WARN,,BEAM,MSG1_FAIL,PRACH Detection Failure,,,,
2026-07-01 09:09:00,XYZ403,UE10729,gnb_syslog,T310_EXPIRY,FAIL,,,,,,,,,WARN,,RACH,T310_EXPIRY,T310 Timer Expired,,,,
2026-07-01 10:10:00,XYZ402,UE10730,gnb_syslog,HO_PREP_FAIL,FAIL,,,,,,,,,WARN,,MOBILITY,HO_PREP_FAIL,HO Request Ack Missing,,,,
2026-07-01 11:11:00,XYZ401,UE10731,gnb_syslog,T310_EXPIRY,FAIL,,,,,,,,,WARN,,RACH,T310_EXPIRY,T310 Timer Expired,,,,
2026-07-01 12:12:00,XYZ402,UE10732,gnb_syslog,T310_EXPIRY,FAIL,,,,,,,,,WARN,,RACH,T310_EXPIRY,T310 Timer Expired,,,,
2026-07-01 13:13:00,XYZ402,UE10733,gnb_syslog,HO_PREP_FAIL,FAIL,,,,,,,,,WARN,,MOBILITY,HO_PREP_FAIL,HO Request Ack Missing,,,,
2026-07-01 14:14:00,XYZ401,UE10734,gnb_syslog,XN_TIMEOUT,FAIL,,,,,,,,,WARN,,RLF,XN_TIMEOUT,Xn Preparation Timeout,,,,
2026-07-01 15:15:00,XYZ401,UE10735,gnb_syslog,HO_PREP_FAIL,FAIL,,,,,,,,,WARN,,MOBILITY,HO_PREP_FAIL,HO Request Ack Missing,,,,
2026-07-01 16:16:00,XYZ401,UE10736,gnb_syslog,HO_PREP_FAIL,FAIL,,,,,,,,,WARN,,MOBILITY,HO_PREP_FAIL,HO Request Ack Missing,,,,
2026-07-01 17:17:00,XYZ401,UE10737,gnb_syslog,HO_PREP_FAIL,FAIL,,,,,,,,,WARN,,MOBILITY,HO_PREP_FAIL,HO Request Ack Missing,,,,
2026-07-01 18:18:00,XYZ402,UE10738,gnb_syslog,T310_EXPIRY,FAIL,,,,,,,,,WARN,,RACH,T310_EXPIRY,T310 Timer Expired,,,,
2026-07-01 19:19:00,XYZ403,UE10739,gnb_syslog,HO_PREP_FAIL,FAIL,,,,,,,,,WARN,,MOBILITY,HO_PREP_FAIL,HO Request Ack Missing,,,,
2026-07-01 20:20:00,XYZ403,UE10740,gnb_syslog,T310_EXPIRY,FAIL,,,,,,,,,WARN,,RACH,T310_EXPIRY,T310 Timer Expired,,,,
2026-07-01 21:21:00,XYZ401,UE10741,gnb_syslog,XN_TIMEOUT,FAIL,,,,,,,,,WARN,,RLF,XN_TIMEOUT,Xn Preparation Timeout,,,,
2026-07-01 22:22:00,XYZ403,UE10742,gnb_syslog,MSG1_FAIL,FAIL,,,,,,,,,WARN,,BEAM,MSG1_FAIL,PRACH Detection Failure,,,,
2026-07-01 23:23:00,XYZ402,UE10743,gnb_syslog,SIP_TIMEOUT,FAIL,,,,,,,,,ERROR,,TRANSPORT,SIP_TIMEOUT,IMS SIP Timeout,,,,
2026-07-01 00:24:00,XYZ403,UE10744,gnb_syslog,XN_TIMEOUT,FAIL,,,,,,,,,WARN,,RLF,XN_TIMEOUT,Xn Preparation Timeout,,,,
2026-07-01 01:25:00,XYZ403,UE10745,gnb_syslog,BEAM_OVERLOAD,FAIL,,,,,,,,,ERROR,,VONR,BEAM_OVERLOAD,Beam Resource Congestion,,,,
2026-07-01 02:26:00,XYZ401,UE10746,gnb_syslog,T310_EXPIRY,FAIL,,,,,,,,,WARN,,RACH,T310_EXPIRY,T310 Timer Expired,,,,
2026-07-01 03:27:00,XYZ401,UE10747,gnb_syslog,BEAM_OVERLOAD,FAIL,,,,,,,,,ERROR,,VONR,BEAM_OVERLOAD,Beam Resource Congestion,,,,
2026-07-01 04:28:00,XYZ401,UE10748,gnb_syslog,XN_TIMEOUT,FAIL,,,,,,,,,WARN,,RLF,XN_TIMEOUT,Xn Preparation Timeout,,,,
2026-07-01 05:29:00,XYZ403,UE10749,gnb_syslog,HO_PREP_FAIL,FAIL,,,,,,,,,WARN,,MOBILITY,HO_PREP_FAIL,HO Request Ack Missing,,,,
2026-07-01 06:30:00,XYZ402,UE10750,gnb_syslog,MSG1_FAIL,FAIL,,,,,,,,,WARN,,BEAM,MSG1_FAIL,PRACH Detection Failure,,,,
2026-07-01 07:31:00,XYZ403,UE10751,gnb_syslog,T310_EXPIRY,FAIL,,,,,,,,,WARN,,RACH,T310_EXPIRY,T310 Timer Expired,,,,
2026-07-01 08:32:00,XYZ401,UE10752,gnb_syslog,BEAM_OVERLOAD,FAIL,,,,,,,,,ERROR,,VONR,BEAM_OVERLOAD,Beam Resource Congestion,,,,
2026-07-01 09:33:00,XYZ402,UE10753,gnb_syslog,BEAM_OVERLOAD,FAIL,,,,,,,,,ERROR,,VONR,BEAM_OVERLOAD,Beam Resource Congestion,,,,
2026-07-01 10:34:00,XYZ401,UE10754,gnb_syslog,SIP_TIMEOUT,FAIL,,,,,,,,,ERROR,,TRANSPORT,SIP_TIMEOUT,IMS SIP Timeout,,,,
2026-07-01 11:35:00,XYZ401,UE10755,gnb_syslog,XN_TIMEOUT,FAIL,,,,,,,,,WARN,,RLF,XN_TIMEOUT,Xn Preparation Timeout,,,,
2026-07-01 12:36:00,XYZ403,UE10756,gnb_syslog,MSG1_FAIL,FAIL,,,,,,,,,WARN,,BEAM,MSG1_FAIL,PRACH Detection Failure,,,,
2026-07-01 13:37:00,XYZ402,UE10757,gnb_syslog,T310_EXPIRY,FAIL,,,,,,,,,WARN,,RACH,T310_EXPIRY,T310 Timer Expired,,,,
2026-07-01 14:38:00,XYZ401,UE10758,gnb_syslog,HO_PREP_FAIL,FAIL,,,,,,,,,WARN,,MOBILITY,HO_PREP_FAIL,HO Request Ack Missing,,,,
2026-07-01 15:39:00,XYZ403,UE10759,gnb_syslog,XN_TIMEOUT,FAIL,,,,,,,,,WARN,,RLF,XN_TIMEOUT,Xn Preparation Timeout,,,,
2026-07-01 16:40:00,XYZ403,UE10760,gnb_syslog,XN_TIMEOUT,FAIL,,,,,,,,,WARN,,RLF,XN_TIMEOUT,Xn Preparation Timeout,,,,
2026-07-01 17:41:00,XYZ403,UE10761,gnb_syslog,HO_PREP_FAIL,FAIL,,,,,,,,,WARN,,MOBILITY,HO_PREP_FAIL,HO Request Ack Missing,,,,
2026-07-01 18:42:00,XYZ401,UE10762,gnb_syslog,XN_TIMEOUT,FAIL,,,,,,,,,WARN,,RLF,XN_TIMEOUT,Xn Preparation Timeout,,,,
2026-07-01 19:43:00,XYZ402,UE10763,gnb_syslog,SIP_TIMEOUT,FAIL,,,,,,,,,ERROR,,TRANSPORT,SIP_TIMEOUT,IMS SIP Timeout,,,,
2026-07-01 20:44:00,XYZ403,UE10764,gnb_syslog,SIP_TIMEOUT,FAIL,,,,,,,,,ERROR,,TRANSPORT,SIP_TIMEOUT,IMS SIP Timeout,,,,
2026-07-01 21:45:00,XYZ403,UE10765,gnb_syslog,BEAM_OVERLOAD,FAIL,,,,,,,,,ERROR,,VONR,BEAM_OVERLOAD,Beam Resource Congestion,,,,
2026-07-01 22:46:00,XYZ403,UE10766,gnb_syslog,HO_PREP_FAIL,FAIL,,,,,,,,,WARN,,MOBILITY,HO_PREP_FAIL,HO Request Ack Missing,,,,
2026-07-01 23:47:00,XYZ403,UE10767,gnb_syslog,XN_TIMEOUT,FAIL,,,,,,,,,WARN,,RLF,XN_TIMEOUT,Xn Preparation Timeout,,,,
2026-07-01 00:48:00,XYZ402,UE10768,gnb_syslog,BEAM_OVERLOAD,FAIL,,,,,,,,,ERROR,,VONR,BEAM_OVERLOAD,Beam Resource Congestion,,,,
2026-07-01 01:49:00,XYZ403,UE10769,gnb_syslog,SIP_TIMEOUT,FAIL,,,,,,,,,ERROR,,TRANSPORT,SIP_TIMEOUT,IMS SIP Timeout,,,,
2026-07-01 02:50:00,XYZ402,UE10770,gnb_syslog,T310_EXPIRY,FAIL,,,,,,,,,WARN,,RACH,T310_EXPIRY,T310 Timer Expired,,,,
2026-07-01 03:51:00,XYZ402,UE10771,gnb_syslog,T310_EXPIRY,FAIL,,,,,,,,,WARN,,RACH,T310_EXPIRY,T310 Timer Expired,,,,
2026-07-01 04:52:00,XYZ402,UE10772,gnb_syslog,HO_PREP_FAIL,FAIL,,,,,,,,,WARN,,MOBILITY,HO_PREP_FAIL,HO Request Ack Missing,,,,
2026-07-01 05:53:00,XYZ401,UE10773,gnb_syslog,T310_EXPIRY,FAIL,,,,,,,,,WARN,,RACH,T310_EXPIRY,T310 Timer Expired,,,,
2026-07-01 06:54:00,XYZ403,UE10774,gnb_syslog,XN_TIMEOUT,FAIL,,,,,,,,,WARN,,RLF,XN_TIMEOUT,Xn Preparation Timeout,,,,
2026-07-01 07:55:00,XYZ403,UE10775,gnb_syslog,BEAM_OVERLOAD,FAIL,,,,,,,,,ERROR,,VONR,BEAM_OVERLOAD,Beam Resource Congestion,,,,
2026-07-01 08:56:00,XYZ403,UE10776,gnb_syslog,XN_TIMEOUT,FAIL,,,,,,,,,WARN,,RLF,XN_TIMEOUT,Xn Preparation Timeout,,,,
2026-07-01 09:57:00,XYZ403,UE10777,gnb_syslog,MSG1_FAIL,FAIL,,,,,,,,,WARN,,BEAM,MSG1_FAIL,PRACH Detection Failure,,,,
2026-07-01 10:58:00,XYZ401,UE10778,gnb_syslog,HO_PREP_FAIL,FAIL,,,,,,,,,WARN,,MOBILITY,HO_PREP_FAIL,HO Request Ack Missing,,,,
2026-07-01 11:59:00,XYZ401,UE10779,gnb_syslog,SIP_TIMEOUT,FAIL,,,,,,,,,ERROR,,TRANSPORT,SIP_TIMEOUT,IMS SIP Timeout,,,,
2026-07-01 12:00:00,XYZ402,UE10780,gnb_syslog,BEAM_OVERLOAD,FAIL,,,,,,,,,ERROR,,VONR,BEAM_OVERLOAD,Beam Resource Congestion,,,,
2026-07-01 13:01:00,XYZ401,UE10781,gnb_syslog,HO_PREP_FAIL,FAIL,,,,,,,,,WARN,,MOBILITY,HO_PREP_FAIL,HO Request Ack Missing,,,,
2026-07-01 14:02:00,XYZ402,UE10782,gnb_syslog,XN_TIMEOUT,FAIL,,,,,,,,,WARN,,RLF,XN_TIMEOUT,Xn Preparation Timeout,,,,
2026-07-01 15:03:00,XYZ403,UE10783,gnb_syslog,XN_TIMEOUT,FAIL,,,,,,,,,WARN,,RLF,XN_TIMEOUT,Xn Preparation Timeout,,,,
2026-07-01 16:04:00,XYZ402,UE10784,gnb_syslog,T310_EXPIRY,FAIL,,,,,,,,,WARN,,RACH,T310_EXPIRY,T310 Timer Expired,,,,
2026-07-01 17:05:00,XYZ402,UE10785,gnb_syslog,XN_TIMEOUT,FAIL,,,,,,,,,WARN,,RLF,XN_TIMEOUT,Xn Preparation Timeout,,,,
2026-07-01 18:06:00,XYZ403,UE10786,gnb_syslog,T310_EXPIRY,FAIL,,,,,,,,,WARN,,RACH,T310_EXPIRY,T310 Timer Expired,,,,
2026-07-01 19:07:00,XYZ401,UE10787,gnb_syslog,BEAM_OVERLOAD,FAIL,,,,,,,,,ERROR,,VONR,BEAM_OVERLOAD,Beam Resource Congestion,,,,
2026-07-01 20:08:00,XYZ403,UE10788,gnb_syslog,XN_TIMEOUT,FAIL,,,,,,,,,WARN,,RLF,XN_TIMEOUT,Xn Preparation Timeout,,,,
2026-07-01 21:09:00,XYZ403,UE10789,gnb_syslog,T310_EXPIRY,FAIL,,,,,,,,,WARN,,RACH,T310_EXPIRY,T310 Timer Expired,,,,
2026-07-01 22:10:00,XYZ401,UE10790,gnb_syslog,SIP_TIMEOUT,FAIL,,,,,,,,,ERROR,,TRANSPORT,SIP_TIMEOUT,IMS SIP Timeout,,,,
2026-07-01 23:11:00,XYZ401,UE10791,gnb_syslog,SIP_TIMEOUT,FAIL,,,,,,,,,ERROR,,TRANSPORT,SIP_TIMEOUT,IMS SIP Timeout,,,,
2026-07-01 00:12:00,XYZ402,UE10792,gnb_syslog,BEAM_OVERLOAD,FAIL,,,,,,,,,ERROR,,VONR,BEAM_OVERLOAD,Beam Resource Congestion,,,,
2026-07-01 01:13:00,XYZ401,UE10793,gnb_syslog,BEAM_OVERLOAD,FAIL,,,,,,,,,ERROR,,VONR,BEAM_OVERLOAD,Beam Resource Congestion,,,,
2026-07-01 02:14:00,XYZ403,UE10794,gnb_syslog,MSG1_FAIL,FAIL,,,,,,,,,WARN,,BEAM,MSG1_FAIL,PRACH Detection Failure,,,,
2026-07-01 03:15:00,XYZ402,UE10795,gnb_syslog,HO_PREP_FAIL,FAIL,,,,,,,,,WARN,,MOBILITY,HO_PREP_FAIL,HO Request Ack Missing,,,,
2026-07-01 04:16:00,XYZ401,UE10796,gnb_syslog,SIP_TIMEOUT,FAIL,,,,,,,,,ERROR,,TRANSPORT,SIP_TIMEOUT,IMS SIP Timeout,,,,
2026-07-01 05:17:00,XYZ401,UE10797,gnb_syslog,MSG1_FAIL,FAIL,,,,,,,,,WARN,,BEAM,MSG1_FAIL,PRACH Detection Failure,,,,
2026-07-01 06:18:00,XYZ402,UE10798,gnb_syslog,HO_PREP_FAIL,FAIL,,,,,,,,,WARN,,MOBILITY,HO_PREP_FAIL,HO Request Ack Missing,,,,
2026-07-01 07:19:00,XYZ403,UE10799,gnb_syslog,HO_PREP_FAIL,FAIL,,,,,,,,,WARN,,MOBILITY,HO_PREP_FAIL,HO Request Ack Missing,,,,
2026-07-01 08:20:00,XYZ402,UE10800,gnb_syslog,BEAM_OVERLOAD,FAIL,,,,,,,,,ERROR,,VONR,BEAM_OVERLOAD,Beam Resource Congestion,,,,
2026-07-01 09:21:00,XYZ402,UE10801,gnb_syslog,SIP_TIMEOUT,FAIL,,,,,,,,,ERROR,,TRANSPORT,SIP_TIMEOUT,IMS SIP Timeout,,,,
2026-07-01 10:22:00,XYZ402,UE10802,gnb_syslog,MSG1_FAIL,FAIL,,,,,,,,,WARN,,BEAM,MSG1_FAIL,PRACH Detection Failure,,,,
2026-07-01 11:23:00,XYZ401,UE10803,gnb_syslog,SIP_TIMEOUT,FAIL,,,,,,,,,ERROR,,TRANSPORT,SIP_TIMEOUT,IMS SIP Timeout,,,,
2026-07-01 12:24:00,XYZ401,UE10804,gnb_syslog,HO_PREP_FAIL,FAIL,,,,,,,,,WARN,,MOBILITY,HO_PREP_FAIL,HO Request Ack Missing,,,,
2026-07-01 13:25:00,XYZ402,UE10805,gnb_syslog,BEAM_OVERLOAD,FAIL,,,,,,,,,ERROR,,VONR,BEAM_OVERLOAD,Beam Resource Congestion,,,,
2026-07-01 14:26:00,XYZ403,UE10806,gnb_syslog,HO_PREP_FAIL,FAIL,,,,,,,,,WARN,,MOBILITY,HO_PREP_FAIL,HO Request Ack Missing,,,,
2026-07-01 15:27:00,XYZ401,UE10807,gnb_syslog,HO_PREP_FAIL,FAIL,,,,,,,,,WARN,,MOBILITY,HO_PREP_FAIL,HO Request Ack Missing,,,,
2026-07-01 16:28:00,XYZ403,UE10808,gnb_syslog,MSG1_FAIL,FAIL,,,,,,,,,WARN,,BEAM,MSG1_FAIL,PRACH Detection Failure,,,,
2026-07-01 17:29:00,XYZ401,UE10809,gnb_syslog,XN_TIMEOUT,FAIL,,,,,,,,,WARN,,RLF,XN_TIMEOUT,Xn Preparation Timeout,,,,
2026-07-01 18:30:00,XYZ401,UE10810,gnb_syslog,BEAM_OVERLOAD,FAIL,,,,,,,,,ERROR,,VONR,BEAM_OVERLOAD,Beam Resource Congestion,,,,
2026-07-01 19:31:00,XYZ402,UE10811,gnb_syslog,T310_EXPIRY,FAIL,,,,,,,,,WARN,,RACH,T310_EXPIRY,T310 Timer Expired,,,,
2026-07-01 20:32:00,XYZ403,UE10812,gnb_syslog,SIP_TIMEOUT,FAIL,,,,,,,,,ERROR,,TRANSPORT,SIP_TIMEOUT,IMS SIP Timeout,,,,
2026-07-01 21:33:00,XYZ401,UE10813,gnb_syslog,SIP_TIMEOUT,FAIL,,,,,,,,,ERROR,,TRANSPORT,SIP_TIMEOUT,IMS SIP Timeout,,,,
2026-07-01 22:34:00,XYZ401,UE10814,gnb_syslog,XN_TIMEOUT,FAIL,,,,,,,,,WARN,,RLF,XN_TIMEOUT,Xn Preparation Timeout,,,,
2026-07-01 23:35:00,XYZ403,UE10815,gnb_syslog,MSG1_FAIL,FAIL,,,,,,,,,WARN,,BEAM,MSG1_FAIL,PRACH Detection Failure,,,,
2026-07-01 00:36:00,XYZ401,UE10816,gnb_syslog,MSG1_FAIL,FAIL,,,,,,,,,WARN,,BEAM,MSG1_FAIL,PRACH Detection Failure,,,,
2026-07-01 01:37:00,XYZ401,UE10817,gnb_syslog,SIP_TIMEOUT,FAIL,,,,,,,,,ERROR,,TRANSPORT,SIP_TIMEOUT,IMS SIP Timeout,,,,
2026-07-01 02:38:00,XYZ401,UE10818,gnb_syslog,T310_EXPIRY,FAIL,,,,,,,,,WARN,,RACH,T310_EXPIRY,T310 Timer Expired,,,,
2026-07-01 03:39:00,XYZ402,UE10819,gnb_syslog,SIP_TIMEOUT,FAIL,,,,,,,,,ERROR,,TRANSPORT,SIP_TIMEOUT,IMS SIP Timeout,,,,
2026-07-01 04:40:00,XYZ402,UE10820,gnb_syslog,T310_EXPIRY,FAIL,,,,,,,,,WARN,,RACH,T310_EXPIRY,T310 Timer Expired,,,,
2026-07-01 05:41:00,XYZ402,UE10821,gnb_syslog,HO_PREP_FAIL,FAIL,,,,,,,,,WARN,,MOBILITY,HO_PREP_FAIL,HO Request Ack Missing,,,,
2026-07-01 06:42:00,XYZ401,UE10822,gnb_syslog,HO_PREP_FAIL,FAIL,,,,,,,,,WARN,,MOBILITY,HO_PREP_FAIL,HO Request Ack Missing,,,,
2026-07-01 07:43:00,XYZ403,UE10823,gnb_syslog,XN_TIMEOUT,FAIL,,,,,,,,,WARN,,RLF,XN_TIMEOUT,Xn Preparation Timeout,,,,
2026-07-01 08:44:00,XYZ401,UE10824,gnb_syslog,SIP_TIMEOUT,FAIL,,,,,,,,,ERROR,,TRANSPORT,SIP_TIMEOUT,IMS SIP Timeout,,,,
2026-07-01 09:45:00,XYZ402,UE10825,gnb_syslog,BEAM_OVERLOAD,FAIL,,,,,,,,,ERROR,,VONR,BEAM_OVERLOAD,Beam Resource Congestion,,,,
2026-07-01 10:46:00,XYZ401,UE10826,gnb_syslog,HO_PREP_FAIL,FAIL,,,,,,,,,WARN,,MOBILITY,HO_PREP_FAIL,HO Request Ack Missing,,,,
2026-07-01 11:47:00,XYZ402,UE10827,gnb_syslog,T310_EXPIRY,FAIL,,,,,,,,,WARN,,RACH,T310_EXPIRY,T310 Timer Expired,,,,
2026-07-01 12:48:00,XYZ401,UE10828,gnb_syslog,HO_PREP_FAIL,FAIL,,,,,,,,,WARN,,MOBILITY,HO_PREP_FAIL,HO Request Ack Missing,,,,
2026-07-01 13:49:00,XYZ402,UE10829,gnb_syslog,T310_EXPIRY,FAIL,,,,,,,,,WARN,,RACH,T310_EXPIRY,T310 Timer Expired,,,,
2026-07-01 14:50:00,XYZ402,UE10830,gnb_syslog,T310_EXPIRY,FAIL,,,,,,,,,WARN,,RACH,T310_EXPIRY,T310 Timer Expired,,,,
2026-07-01 15:51:00,XYZ402,UE10831,gnb_syslog,XN_TIMEOUT,FAIL,,,,,,,,,WARN,,RLF,XN_TIMEOUT,Xn Preparation Timeout,,,,
2026-07-01 16:52:00,XYZ403,UE10832,gnb_syslog,HO_PREP_FAIL,FAIL,,,,,,,,,WARN,,MOBILITY,HO_PREP_FAIL,HO Request Ack Missing,,,,
2026-07-01 17:53:00,XYZ402,UE10833,gnb_syslog,T310_EXPIRY,FAIL,,,,,,,,,WARN,,RACH,T310_EXPIRY,T310 Timer Expired,,,,
2026-07-01 18:54:00,XYZ401,UE10834,gnb_syslog,BEAM_OVERLOAD,FAIL,,,,,,,,,ERROR,,VONR,BEAM_OVERLOAD,Beam Resource Congestion,,,,
2026-07-01 19:55:00,XYZ401,UE10835,gnb_syslog,HO_PREP_FAIL,FAIL,,,,,,,,,WARN,,MOBILITY,HO_PREP_FAIL,HO Request Ack Missing,,,,
2026-07-01 20:56:00,XYZ402,UE10836,gnb_syslog,MSG1_FAIL,FAIL,,,,,,,,,WARN,,BEAM,MSG1_FAIL,PRACH Detection Failure,,,,
2026-07-01 21:57:00,XYZ402,UE10837,gnb_syslog,BEAM_OVERLOAD,FAIL,,,,,,,,,ERROR,,VONR,BEAM_OVERLOAD,Beam Resource Congestion,,,,
2026-07-01 22:58:00,XYZ401,UE10838,gnb_syslog,T310_EXPIRY,FAIL,,,,,,,,,WARN,,RACH,T310_EXPIRY,T310 Timer Expired,,,,
2026-07-01 23:59:00,XYZ403,UE10839,gnb_syslog,T310_EXPIRY,FAIL,,,,,,,,,WARN,,RACH,T310_EXPIRY,T310 Timer Expired,,,,
2026-07-01 00:00:00,XYZ401,UE10840,gnb_syslog,MSG1_FAIL,FAIL,,,,,,,,,WARN,,BEAM,MSG1_FAIL,PRACH Detection Failure,,,,
2026-07-01 01:01:00,XYZ403,UE10841,gnb_syslog,HO_PREP_FAIL,FAIL,,,,,,,,,WARN,,MOBILITY,HO_PREP_FAIL,HO Request Ack Missing,,,,
2026-07-01 02:02:00,XYZ402,UE10842,gnb_syslog,HO_PREP_FAIL,FAIL,,,,,,,,,WARN,,MOBILITY,HO_PREP_FAIL,HO Request Ack Missing,,,,
2026-07-01 03:03:00,XYZ402,UE10843,gnb_syslog,MSG1_FAIL,FAIL,,,,,,,,,WARN,,BEAM,MSG1_FAIL,PRACH Detection Failure,,,,
2026-07-01 04:04:00,XYZ403,UE10844,gnb_syslog,HO_PREP_FAIL,FAIL,,,,,,,,,WARN,,MOBILITY,HO_PREP_FAIL,HO Request Ack Missing,,,,
2026-07-01 05:05:00,XYZ401,UE10845,gnb_syslog,HO_PREP_FAIL,FAIL,,,,,,,,,WARN,,MOBILITY,HO_PREP_FAIL,HO Request Ack Missing,,,,
2026-07-01 06:06:00,XYZ403,UE10846,gnb_syslog,T310_EXPIRY,FAIL,,,,,,,,,WARN,,RACH,T310_EXPIRY,T310 Timer Expired,,,,
2026-07-01 07:07:00,XYZ403,UE10847,gnb_syslog,XN_TIMEOUT,FAIL,,,,,,,,,WARN,,RLF,XN_TIMEOUT,Xn Preparation Timeout,,,,
2026-07-01 08:08:00,XYZ403,UE10848,gnb_syslog,SIP_TIMEOUT,FAIL,,,,,,,,,ERROR,,TRANSPORT,SIP_TIMEOUT,IMS SIP Timeout,,,,
2026-07-01 09:09:00,XYZ402,UE10849,gnb_syslog,BEAM_OVERLOAD,FAIL,,,,,,,,,ERROR,,VONR,BEAM_OVERLOAD,Beam Resource Congestion,,,,
2026-07-01 10:10:00,XYZ402,UE10850,gnb_syslog,XN_TIMEOUT,FAIL,,,,,,,,,WARN,,RLF,XN_TIMEOUT,Xn Preparation Timeout,,,,
2026-07-01 11:11:00,XYZ401,UE10851,gnb_syslog,BEAM_OVERLOAD,FAIL,,,,,,,,,ERROR,,VONR,BEAM_OVERLOAD,Beam Resource Congestion,,,,
2026-07-01 12:12:00,XYZ401,UE10852,gnb_syslog,MSG1_FAIL,FAIL,,,,,,,,,WARN,,BEAM,MSG1_FAIL,PRACH Detection Failure,,,,
2026-07-01 13:13:00,XYZ401,UE10853,gnb_syslog,BEAM_OVERLOAD,FAIL,,,,,,,,,ERROR,,VONR,BEAM_OVERLOAD,Beam Resource Congestion,,,,
2026-07-01 14:14:00,XYZ401,UE10854,gnb_syslog,XN_TIMEOUT,FAIL,,,,,,,,,WARN,,RLF,XN_TIMEOUT,Xn Preparation Timeout,,,,
2026-07-01 15:15:00,XYZ401,UE10855,gnb_syslog,SIP_TIMEOUT,FAIL,,,,,,,,,ERROR,,TRANSPORT,SIP_TIMEOUT,IMS SIP Timeout,,,,
2026-07-01 16:16:00,XYZ402,UE10856,gnb_syslog,T310_EXPIRY,FAIL,,,,,,,,,WARN,,RACH,T310_EXPIRY,T310 Timer Expired,,,,
2026-07-01 17:17:00,XYZ402,UE10857,gnb_syslog,T310_EXPIRY,FAIL,,,,,,,,,WARN,,RACH,T310_EXPIRY,T310 Timer Expired,,,,
2026-07-01 18:18:00,XYZ401,UE10858,gnb_syslog,T310_EXPIRY,FAIL,,,,,,,,,WARN,,RACH,T310_EXPIRY,T310 Timer Expired,,,,
2026-07-01 19:19:00,XYZ401,UE10859,gnb_syslog,BEAM_OVERLOAD,FAIL,,,,,,,,,ERROR,,VONR,BEAM_OVERLOAD,Beam Resource Congestion,,,,
2026-07-01 20:20:00,XYZ403,UE10860,gnb_syslog,SIP_TIMEOUT,FAIL,,,,,,,,,ERROR,,TRANSPORT,SIP_TIMEOUT,IMS SIP Timeout,,,,
2026-07-01 21:21:00,XYZ401,UE10861,gnb_syslog,MSG1_FAIL,FAIL,,,,,,,,,WARN,,BEAM,MSG1_FAIL,PRACH Detection Failure,,,,
2026-07-01 22:22:00,XYZ403,UE10862,gnb_syslog,T310_EXPIRY,FAIL,,,,,,,,,WARN,,RACH,T310_EXPIRY,T310 Timer Expired,,,,
2026-07-01 23:23:00,XYZ401,UE10863,gnb_syslog,HO_PREP_FAIL,FAIL,,,,,,,,,WARN,,MOBILITY,HO_PREP_FAIL,HO Request Ack Missing,,,,
2026-07-01 00:24:00,XYZ401,UE10864,gnb_syslog,T310_EXPIRY,FAIL,,,,,,,,,WARN,,RACH,T310_EXPIRY,T310 Timer Expired,,,,
2026-07-01 01:25:00,XYZ401,UE10865,gnb_syslog,HO_PREP_FAIL,FAIL,,,,,,,,,WARN,,MOBILITY,HO_PREP_FAIL,HO Request Ack Missing,,,,
2026-07-01 02:26:00,XYZ403,UE10866,gnb_syslog,XN_TIMEOUT,FAIL,,,,,,,,,WARN,,RLF,XN_TIMEOUT,Xn Preparation Timeout,,,,
2026-07-01 03:27:00,XYZ402,UE10867,gnb_syslog,T310_EXPIRY,FAIL,,,,,,,,,WARN,,RACH,T310_EXPIRY,T310 Timer Expired,,,,
2026-07-01 04:28:00,XYZ403,UE10868,gnb_syslog,MSG1_FAIL,FAIL,,,,,,,,,WARN,,BEAM,MSG1_FAIL,PRACH Detection Failure,,,,
2026-07-01 05:29:00,XYZ403,UE10869,gnb_syslog,BEAM_OVERLOAD,FAIL,,,,,,,,,ERROR,,VONR,BEAM_OVERLOAD,Beam Resource Congestion,,,,
2026-07-01 06:30:00,XYZ402,UE10870,gnb_syslog,BEAM_OVERLOAD,FAIL,,,,,,,,,ERROR,,VONR,BEAM_OVERLOAD,Beam Resource Congestion,,,,
2026-07-01 07:31:00,XYZ403,UE10871,gnb_syslog,HO_PREP_FAIL,FAIL,,,,,,,,,WARN,,MOBILITY,HO_PREP_FAIL,HO Request Ack Missing,,,,
2026-07-01 08:32:00,XYZ402,UE10872,gnb_syslog,XN_TIMEOUT,FAIL,,,,,,,,,WARN,,RLF,XN_TIMEOUT,Xn Preparation Timeout,,,,
2026-07-01 09:33:00,XYZ401,UE10873,gnb_syslog,T310_EXPIRY,FAIL,,,,,,,,,WARN,,RACH,T310_EXPIRY,T310 Timer Expired,,,,
2026-07-01 10:34:00,XYZ403,UE10874,gnb_syslog,SIP_TIMEOUT,FAIL,,,,,,,,,ERROR,,TRANSPORT,SIP_TIMEOUT,IMS SIP Timeout,,,,
2026-07-01 11:35:00,XYZ402,UE10875,gnb_syslog,XN_TIMEOUT,FAIL,,,,,,,,,WARN,,RLF,XN_TIMEOUT,Xn Preparation Timeout,,,,
2026-07-01 12:36:00,XYZ401,UE10876,gnb_syslog,SIP_TIMEOUT,FAIL,,,,,,,,,ERROR,,TRANSPORT,SIP_TIMEOUT,IMS SIP Timeout,,,,
2026-07-01 13:37:00,XYZ403,UE10877,gnb_syslog,BEAM_OVERLOAD,FAIL,,,,,,,,,ERROR,,VONR,BEAM_OVERLOAD,Beam Resource Congestion,,,,
2026-07-01 14:38:00,XYZ401,UE10878,gnb_syslog,XN_TIMEOUT,FAIL,,,,,,,,,WARN,,RLF,XN_TIMEOUT,Xn Preparation Timeout,,,,
2026-07-01 15:39:00,XYZ403,UE10879,gnb_syslog,SIP_TIMEOUT,FAIL,,,,,,,,,ERROR,,TRANSPORT,SIP_TIMEOUT,IMS SIP Timeout,,,,
2026-07-01 16:40:00,XYZ401,UE10880,gnb_syslog,HO_PREP_FAIL,FAIL,,,,,,,,,WARN,,MOBILITY,HO_PREP_FAIL,HO Request Ack Missing,,,,
2026-07-01 17:41:00,XYZ403,UE10881,gnb_syslog,HO_PREP_FAIL,FAIL,,,,,,,,,WARN,,MOBILITY,HO_PREP_FAIL,HO Request Ack Missing,,,,
2026-07-01 18:42:00,XYZ401,UE10882,gnb_syslog,XN_TIMEOUT,FAIL,,,,,,,,,WARN,,RLF,XN_TIMEOUT,Xn Preparation Timeout,,,,
2026-07-01 19:43:00,XYZ402,UE10883,gnb_syslog,T310_EXPIRY,FAIL,,,,,,,,,WARN,,RACH,T310_EXPIRY,T310 Timer Expired,,,,
2026-07-01 20:44:00,XYZ402,UE10884,gnb_syslog,T310_EXPIRY,FAIL,,,,,,,,,WARN,,RACH,T310_EXPIRY,T310 Timer Expired,,,,
2026-07-01 21:45:00,XYZ401,UE10885,gnb_syslog,XN_TIMEOUT,FAIL,,,,,,,,,WARN,,RLF,XN_TIMEOUT,Xn Preparation Timeout,,,,
2026-07-01 22:46:00,XYZ403,UE10886,gnb_syslog,XN_TIMEOUT,FAIL,,,,,,,,,WARN,,RLF,XN_TIMEOUT,Xn Preparation Timeout,,,,
2026-07-01 23:47:00,XYZ403,UE10887,gnb_syslog,MSG1_FAIL,FAIL,,,,,,,,,WARN,,BEAM,MSG1_FAIL,PRACH Detection Failure,,,,
2026-07-01 00:48:00,XYZ401,UE10888,gnb_syslog,SIP_TIMEOUT,FAIL,,,,,,,,,ERROR,,TRANSPORT,SIP_TIMEOUT,IMS SIP Timeout,,,,
2026-07-01 01:49:00,XYZ402,UE10889,gnb_syslog,BEAM_OVERLOAD,FAIL,,,,,,,,,ERROR,,VONR,BEAM_OVERLOAD,Beam Resource Congestion,,,,
2026-07-01 02:50:00,XYZ402,UE10890,gnb_syslog,MSG1_FAIL,FAIL,,,,,,,,,WARN,,BEAM,MSG1_FAIL,PRACH Detection Failure,,,,
2026-07-01 03:51:00,XYZ403,UE10891,gnb_syslog,MSG1_FAIL,FAIL,,,,,,,,,WARN,,BEAM,MSG1_FAIL,PRACH Detection Failure,,,,
2026-07-01 04:52:00,XYZ402,UE10892,gnb_syslog,HO_PREP_FAIL,FAIL,,,,,,,,,WARN,,MOBILITY,HO_PREP_FAIL,HO Request Ack Missing,,,,
2026-07-01 05:53:00,XYZ402,UE10893,gnb_syslog,HO_PREP_FAIL,FAIL,,,,,,,,,WARN,,MOBILITY,HO_PREP_FAIL,HO Request Ack Missing,,,,
2026-07-01 06:54:00,XYZ401,UE10894,gnb_syslog,SIP_TIMEOUT,FAIL,,,,,,,,,ERROR,,TRANSPORT,SIP_TIMEOUT,IMS SIP Timeout,,,,
2026-07-01 07:55:00,XYZ402,UE10895,gnb_syslog,SIP_TIMEOUT,FAIL,,,,,,,,,ERROR,,TRANSPORT,SIP_TIMEOUT,IMS SIP Timeout,,,,
2026-07-01 08:56:00,XYZ402,UE10896,gnb_syslog,T310_EXPIRY,FAIL,,,,,,,,,WARN,,RACH,T310_EXPIRY,T310 Timer Expired,,,,
2026-07-01 09:57:00,XYZ402,UE10897,gnb_syslog,XN_TIMEOUT,FAIL,,,,,,,,,WARN,,RLF,XN_TIMEOUT,Xn Preparation Timeout,,,,
2026-07-01 10:58:00,XYZ403,UE10898,gnb_syslog,BEAM_OVERLOAD,FAIL,,,,,,,,,ERROR,,VONR,BEAM_OVERLOAD,Beam Resource Congestion,,,,
2026-07-01 11:59:00,XYZ401,UE10899,gnb_syslog,T310_EXPIRY,FAIL,,,,,,,,,WARN,,RACH,T310_EXPIRY,T310 Timer Expired,,,,
2026-07-01 12:00:00,XYZ403,UE10900,gnb_syslog,MSG1_FAIL,FAIL,,,,,,,,,WARN,,BEAM,MSG1_FAIL,PRACH Detection Failure,,,,
2026-07-01 13:01:00,XYZ403,UE10901,gnb_syslog,BEAM_OVERLOAD,FAIL,,,,,,,,,ERROR,,VONR,BEAM_OVERLOAD,Beam Resource Congestion,,,,
2026-07-01 14:02:00,XYZ402,UE10902,gnb_syslog,HO_PREP_FAIL,FAIL,,,,,,,,,WARN,,MOBILITY,HO_PREP_FAIL,HO Request Ack Missing,,,,
2026-07-01 15:03:00,XYZ403,UE10903,gnb_syslog,T310_EXPIRY,FAIL,,,,,,,,,WARN,,RACH,T310_EXPIRY,T310 Timer Expired,,,,
2026-07-01 16:04:00,XYZ403,UE10904,gnb_syslog,XN_TIMEOUT,FAIL,,,,,,,,,WARN,,RLF,XN_TIMEOUT,Xn Preparation Timeout,,,,
2026-07-01 17:05:00,XYZ402,UE10905,gnb_syslog,XN_TIMEOUT,FAIL,,,,,,,,,WARN,,RLF,XN_TIMEOUT,Xn Preparation Timeout,,,,
2026-07-01 18:06:00,XYZ402,UE10906,gnb_syslog,SIP_TIMEOUT,FAIL,,,,,,,,,ERROR,,TRANSPORT,SIP_TIMEOUT,IMS SIP Timeout,,,,
2026-07-01 19:07:00,XYZ401,UE10907,gnb_syslog,BEAM_OVERLOAD,FAIL,,,,,,,,,ERROR,,VONR,BEAM_OVERLOAD,Beam Resource Congestion,,,,
2026-07-01 20:08:00,XYZ401,UE10908,gnb_syslog,T310_EXPIRY,FAIL,,,,,,,,,WARN,,RACH,T310_EXPIRY,T310 Timer Expired,,,,
2026-07-01 21:09:00,XYZ403,UE10909,gnb_syslog,HO_PREP_FAIL,FAIL,,,,,,,,,WARN,,MOBILITY,HO_PREP_FAIL,HO Request Ack Missing,,,,
2026-07-01 22:10:00,XYZ401,UE10910,gnb_syslog,BEAM_OVERLOAD,FAIL,,,,,,,,,ERROR,,VONR,BEAM_OVERLOAD,Beam Resource Congestion,,,,
2026-07-01 23:11:00,XYZ402,UE10911,gnb_syslog,T310_EXPIRY,FAIL,,,,,,,,,WARN,,RACH,T310_EXPIRY,T310 Timer Expired,,,,
2026-07-01 00:12:00,XYZ402,UE10912,gnb_syslog,SIP_TIMEOUT,FAIL,,,,,,,,,ERROR,,TRANSPORT,SIP_TIMEOUT,IMS SIP Timeout,,,,
2026-07-01 01:13:00,XYZ403,UE10913,gnb_syslog,T310_EXPIRY,FAIL,,,,,,,,,WARN,,RACH,T310_EXPIRY,T310 Timer Expired,,,,
2026-07-01 02:14:00,XYZ401,UE10914,gnb_syslog,T310_EXPIRY,FAIL,,,,,,,,,WARN,,RACH,T310_EXPIRY,T310 Timer Expired,,,,
2026-07-01 03:15:00,XYZ401,UE10915,gnb_syslog,SIP_TIMEOUT,FAIL,,,,,,,,,ERROR,,TRANSPORT,SIP_TIMEOUT,IMS SIP Timeout,,,,
2026-07-01 04:16:00,XYZ403,UE10916,gnb_syslog,BEAM_OVERLOAD,FAIL,,,,,,,,,ERROR,,VONR,BEAM_OVERLOAD,Beam Resource Congestion,,,,
2026-07-01 05:17:00,XYZ403,UE10917,gnb_syslog,BEAM_OVERLOAD,FAIL,,,,,,,,,ERROR,,VONR,BEAM_OVERLOAD,Beam Resource Congestion,,,,
2026-07-01 06:18:00,XYZ402,UE10918,gnb_syslog,MSG1_FAIL,FAIL,,,,,,,,,WARN,,BEAM,MSG1_FAIL,PRACH Detection Failure,,,,
2026-07-01 07:19:00,XYZ401,UE10919,gnb_syslog,T310_EXPIRY,FAIL,,,,,,,,,WARN,,RACH,T310_EXPIRY,T310 Timer Expired,,,,
2026-07-01 08:20:00,XYZ403,UE10920,gnb_syslog,BEAM_OVERLOAD,FAIL,,,,,,,,,ERROR,,VONR,BEAM_OVERLOAD,Beam Resource Congestion,,,,
2026-07-01 09:21:00,XYZ401,UE10921,gnb_syslog,T310_EXPIRY,FAIL,,,,,,,,,WARN,,RACH,T310_EXPIRY,T310 Timer Expired,,,,
2026-07-01 10:22:00,XYZ402,UE10922,gnb_syslog,XN_TIMEOUT,FAIL,,,,,,,,,WARN,,RLF,XN_TIMEOUT,Xn Preparation Timeout,,,,
2026-07-01 11:23:00,XYZ401,UE10923,gnb_syslog,XN_TIMEOUT,FAIL,,,,,,,,,WARN,,RLF,XN_TIMEOUT,Xn Preparation Timeout,,,,
2026-07-01 12:24:00,XYZ401,UE10924,gnb_syslog,T310_EXPIRY,FAIL,,,,,,,,,WARN,,RACH,T310_EXPIRY,T310 Timer Expired,,,,
2026-07-01 13:25:00,XYZ402,UE10925,gnb_syslog,HO_PREP_FAIL,FAIL,,,,,,,,,WARN,,MOBILITY,HO_PREP_FAIL,HO Request Ack Missing,,,,
2026-07-01 14:26:00,XYZ403,UE10926,gnb_syslog,MSG1_FAIL,FAIL,,,,,,,,,WARN,,BEAM,MSG1_FAIL,PRACH Detection Failure,,,,
2026-07-01 15:27:00,XYZ402,UE10927,gnb_syslog,MSG1_FAIL,FAIL,,,,,,,,,WARN,,BEAM,MSG1_FAIL,PRACH Detection Failure,,,,
2026-07-01 16:28:00,XYZ401,UE10928,gnb_syslog,HO_PREP_FAIL,FAIL,,,,,,,,,WARN,,MOBILITY,HO_PREP_FAIL,HO Request Ack Missing,,,,
2026-07-01 17:29:00,XYZ401,UE10929,gnb_syslog,BEAM_OVERLOAD,FAIL,,,,,,,,,ERROR,,VONR,BEAM_OVERLOAD,Beam Resource Congestion,,,,
2026-07-01 18:30:00,XYZ402,UE10930,gnb_syslog,T310_EXPIRY,FAIL,,,,,,,,,WARN,,RACH,T310_EXPIRY,T310 Timer Expired,,,,
2026-07-01 19:31:00,XYZ403,UE10931,gnb_syslog,XN_TIMEOUT,FAIL,,,,,,,,,WARN,,RLF,XN_TIMEOUT,Xn Preparation Timeout,,,,
2026-07-01 20:32:00,XYZ401,UE10932,gnb_syslog,T310_EXPIRY,FAIL,,,,,,,,,WARN,,RACH,T310_EXPIRY,T310 Timer Expired,,,,
2026-07-01 21:33:00,XYZ401,UE10933,gnb_syslog,MSG1_FAIL,FAIL,,,,,,,,,WARN,,BEAM,MSG1_FAIL,PRACH Detection Failure,,,,
2026-07-01 22:34:00,XYZ402,UE10934,gnb_syslog,MSG1_FAIL,FAIL,,,,,,,,,WARN,,BEAM,MSG1_FAIL,PRACH Detection Failure,,,,
2026-07-01 23:35:00,XYZ402,UE10935,gnb_syslog,T310_EXPIRY,FAIL,,,,,,,,,WARN,,RACH,T310_EXPIRY,T310 Timer Expired,,,,
2026-07-01 00:36:00,XYZ402,UE10936,gnb_syslog,HO_PREP_FAIL,FAIL,,,,,,,,,WARN,,MOBILITY,HO_PREP_FAIL,HO Request Ack Missing,,,,
2026-07-01 01:37:00,XYZ403,UE10937,gnb_syslog,SIP_TIMEOUT,FAIL,,,,,,,,,ERROR,,TRANSPORT,SIP_TIMEOUT,IMS SIP Timeout,,,,
2026-07-01 02:38:00,XYZ402,UE10938,gnb_syslog,HO_PREP_FAIL,FAIL,,,,,,,,,WARN,,MOBILITY,HO_PREP_FAIL,HO Request Ack Missing,,,,
2026-07-01 03:39:00,XYZ401,UE10939,gnb_syslog,MSG1_FAIL,FAIL,,,,,,,,,WARN,,BEAM,MSG1_FAIL,PRACH Detection Failure,,,,
2026-07-01 04:40:00,XYZ401,UE10940,gnb_syslog,SIP_TIMEOUT,FAIL,,,,,,,,,ERROR,,TRANSPORT,SIP_TIMEOUT,IMS SIP Timeout,,,,
2026-07-01 05:41:00,XYZ403,UE10941,gnb_syslog,MSG1_FAIL,FAIL,,,,,,,,,WARN,,BEAM,MSG1_FAIL,PRACH Detection Failure,,,,
2026-07-01 06:42:00,XYZ402,UE10942,gnb_syslog,SIP_TIMEOUT,FAIL,,,,,,,,,ERROR,,TRANSPORT,SIP_TIMEOUT,IMS SIP Timeout,,,,
2026-07-01 07:43:00,XYZ401,UE10943,gnb_syslog,BEAM_OVERLOAD,FAIL,,,,,,,,,ERROR,,VONR,BEAM_OVERLOAD,Beam Resource Congestion,,,,
2026-07-01 08:44:00,XYZ403,UE10944,gnb_syslog,XN_TIMEOUT,FAIL,,,,,,,,,WARN,,RLF,XN_TIMEOUT,Xn Preparation Timeout,,,,
2026-07-01 09:45:00,XYZ401,UE10945,gnb_syslog,BEAM_OVERLOAD,FAIL,,,,,,,,,ERROR,,VONR,BEAM_OVERLOAD,Beam Resource Congestion,,,,
2026-07-01 10:46:00,XYZ402,UE10946,gnb_syslog,BEAM_OVERLOAD,FAIL,,,,,,,,,ERROR,,VONR,BEAM_OVERLOAD,Beam Resource Congestion,,,,
2026-07-01 11:47:00,XYZ402,UE10947,gnb_syslog,SIP_TIMEOUT,FAIL,,,,,,,,,ERROR,,TRANSPORT,SIP_TIMEOUT,IMS SIP Timeout,,,,
2026-07-01 12:48:00,XYZ403,UE10948,gnb_syslog,SIP_TIMEOUT,FAIL,,,,,,,,,ERROR,,TRANSPORT,SIP_TIMEOUT,IMS SIP Timeout,,,,
2026-07-01 13:49:00,XYZ403,UE10949,gnb_syslog,SIP_TIMEOUT,FAIL,,,,,,,,,ERROR,,TRANSPORT,SIP_TIMEOUT,IMS SIP Timeout,,,,
2026-07-01 14:50:00,XYZ401,UE10950,gnb_syslog,BEAM_OVERLOAD,FAIL,,,,,,,,,ERROR,,VONR,BEAM_OVERLOAD,Beam Resource Congestion,,,,
2026-07-01 15:51:00,XYZ402,UE10951,gnb_syslog,HO_PREP_FAIL,FAIL,,,,,,,,,WARN,,MOBILITY,HO_PREP_FAIL,HO Request Ack Missing,,,,
2026-07-01 16:52:00,XYZ403,UE10952,gnb_syslog,HO_PREP_FAIL,FAIL,,,,,,,,,WARN,,MOBILITY,HO_PREP_FAIL,HO Request Ack Missing,,,,
2026-07-01 17:53:00,XYZ403,UE10953,gnb_syslog,SIP_TIMEOUT,FAIL,,,,,,,,,ERROR,,TRANSPORT,SIP_TIMEOUT,IMS SIP Timeout,,,,
2026-07-01 18:54:00,XYZ401,UE10954,gnb_syslog,HO_PREP_FAIL,FAIL,,,,,,,,,WARN,,MOBILITY,HO_PREP_FAIL,HO Request Ack Missing,,,,
2026-07-01 19:55:00,XYZ401,UE10955,gnb_syslog,MSG1_FAIL,FAIL,,,,,,,,,WARN,,BEAM,MSG1_FAIL,PRACH Detection Failure,,,,
2026-07-01 20:56:00,XYZ403,UE10956,gnb_syslog,SIP_TIMEOUT,FAIL,,,,,,,,,ERROR,,TRANSPORT,SIP_TIMEOUT,IMS SIP Timeout,,,,
2026-07-01 21:57:00,XYZ402,UE10957,gnb_syslog,SIP_TIMEOUT,FAIL,,,,,,,,,ERROR,,TRANSPORT,SIP_TIMEOUT,IMS SIP Timeout,,,,
2026-07-01 22:58:00,XYZ401,UE10958,gnb_syslog,MSG1_FAIL,FAIL,,,,,,,,,WARN,,BEAM,MSG1_FAIL,PRACH Detection Failure,,,,
2026-07-01 23:59:00,XYZ402,UE10959,gnb_syslog,XN_TIMEOUT,FAIL,,,,,,,,,WARN,,RLF,XN_TIMEOUT,Xn Preparation Timeout,,,,
2026-07-01 00:00:00,XYZ401,UE10960,gnb_syslog,MSG1_FAIL,FAIL,,,,,,,,,WARN,,BEAM,MSG1_FAIL,PRACH Detection Failure,,,,
2026-07-01 01:01:00,XYZ401,UE10961,gnb_syslog,XN_TIMEOUT,FAIL,,,,,,,,,WARN,,RLF,XN_TIMEOUT,Xn Preparation Timeout,,,,
2026-07-01 02:02:00,XYZ401,UE10962,gnb_syslog,HO_PREP_FAIL,FAIL,,,,,,,,,WARN,,MOBILITY,HO_PREP_FAIL,HO Request Ack Missing,,,,
2026-07-01 03:03:00,XYZ402,UE10963,gnb_syslog,BEAM_OVERLOAD,FAIL,,,,,,,,,ERROR,,VONR,BEAM_OVERLOAD,Beam Resource Congestion,,,,
2026-07-01 04:04:00,XYZ401,UE10964,gnb_syslog,HO_PREP_FAIL,FAIL,,,,,,,,,WARN,,MOBILITY,HO_PREP_FAIL,HO Request Ack Missing,,,,
2026-07-01 05:05:00,XYZ402,UE10965,gnb_syslog,MSG1_FAIL,FAIL,,,,,,,,,WARN,,BEAM,MSG1_FAIL,PRACH Detection Failure,,,,
2026-07-01 06:06:00,XYZ403,UE10966,gnb_syslog,SIP_TIMEOUT,FAIL,,,,,,,,,ERROR,,TRANSPORT,SIP_TIMEOUT,IMS SIP Timeout,,,,
2026-07-01 07:07:00,XYZ402,UE10967,gnb_syslog,XN_TIMEOUT,FAIL,,,,,,,,,WARN,,RLF,XN_TIMEOUT,Xn Preparation Timeout,,,,
2026-07-01 08:08:00,XYZ402,UE10968,gnb_syslog,XN_TIMEOUT,FAIL,,,,,,,,,WARN,,RLF,XN_TIMEOUT,Xn Preparation Timeout,,,,
2026-07-01 09:09:00,XYZ402,UE10969,gnb_syslog,XN_TIMEOUT,FAIL,,,,,,,,,WARN,,RLF,XN_TIMEOUT,Xn Preparation Timeout,,,,
2026-07-01 10:10:00,XYZ402,UE10970,gnb_syslog,XN_TIMEOUT,FAIL,,,,,,,,,WARN,,RLF,XN_TIMEOUT,Xn Preparation Timeout,,,,
2026-07-01 11:11:00,XYZ401,UE10971,gnb_syslog,MSG1_FAIL,FAIL,,,,,,,,,WARN,,BEAM,MSG1_FAIL,PRACH Detection Failure,,,,
2026-07-01 12:12:00,XYZ401,UE10972,gnb_syslog,T310_EXPIRY,FAIL,,,,,,,,,WARN,,RACH,T310_EXPIRY,T310 Timer Expired,,,,
2026-07-01 13:13:00,XYZ403,UE10973,gnb_syslog,T310_EXPIRY,FAIL,,,,,,,,,WARN,,RACH,T310_EXPIRY,T310 Timer Expired,,,,
2026-07-01 14:14:00,XYZ401,UE10974,gnb_syslog,SIP_TIMEOUT,FAIL,,,,,,,,,ERROR,,TRANSPORT,SIP_TIMEOUT,IMS SIP Timeout,,,,
2026-07-01 15:15:00,XYZ401,UE10975,gnb_syslog,SIP_TIMEOUT,FAIL,,,,,,,,,ERROR,,TRANSPORT,SIP_TIMEOUT,IMS SIP Timeout,,,,
2026-07-01 16:16:00,XYZ402,UE10976,gnb_syslog,HO_PREP_FAIL,FAIL,,,,,,,,,WARN,,MOBILITY,HO_PREP_FAIL,HO Request Ack Missing,,,,
2026-07-01 17:17:00,XYZ402,UE10977,gnb_syslog,MSG1_FAIL,FAIL,,,,,,,,,WARN,,BEAM,MSG1_FAIL,PRACH Detection Failure,,,,
2026-07-01 18:18:00,XYZ402,UE10978,gnb_syslog,MSG1_FAIL,FAIL,,,,,,,,,WARN,,BEAM,MSG1_FAIL,PRACH Detection Failure,,,,
2026-07-01 19:19:00,XYZ402,UE10979,gnb_syslog,MSG1_FAIL,FAIL,,,,,,,,,WARN,,BEAM,MSG1_FAIL,PRACH Detection Failure,,,,
2026-07-01 20:20:00,XYZ403,UE10980,gnb_syslog,T310_EXPIRY,FAIL,,,,,,,,,WARN,,RACH,T310_EXPIRY,T310 Timer Expired,,,,
2026-07-01 21:21:00,XYZ402,UE10981,gnb_syslog,T310_EXPIRY,FAIL,,,,,,,,,WARN,,RACH,T310_EXPIRY,T310 Timer Expired,,,,
2026-07-01 22:22:00,XYZ402,UE10982,gnb_syslog,XN_TIMEOUT,FAIL,,,,,,,,,WARN,,RLF,XN_TIMEOUT,Xn Preparation Timeout,,,,
2026-07-01 23:23:00,XYZ403,UE10983,gnb_syslog,XN_TIMEOUT,FAIL,,,,,,,,,WARN,,RLF,XN_TIMEOUT,Xn Preparation Timeout,,,,
2026-07-01 00:24:00,XYZ403,UE10984,gnb_syslog,T310_EXPIRY,FAIL,,,,,,,,,WARN,,RACH,T310_EXPIRY,T310 Timer Expired,,,,
2026-07-01 01:25:00,XYZ402,UE10985,gnb_syslog,HO_PREP_FAIL,FAIL,,,,,,,,,WARN,,MOBILITY,HO_PREP_FAIL,HO Request Ack Missing,,,,
2026-07-01 02:26:00,XYZ403,UE10986,gnb_syslog,SIP_TIMEOUT,FAIL,,,,,,,,,ERROR,,TRANSPORT,SIP_TIMEOUT,IMS SIP Timeout,,,,
2026-07-01 03:27:00,XYZ402,UE10987,gnb_syslog,XN_TIMEOUT,FAIL,,,,,,,,,WARN,,RLF,XN_TIMEOUT,Xn Preparation Timeout,,,,
2026-07-01 04:28:00,XYZ403,UE10988,gnb_syslog,MSG1_FAIL,FAIL,,,,,,,,,WARN,,BEAM,MSG1_FAIL,PRACH Detection Failure,,,,
2026-07-01 05:29:00,XYZ401,UE10989,gnb_syslog,MSG1_FAIL,FAIL,,,,,,,,,WARN,,BEAM,MSG1_FAIL,PRACH Detection Failure,,,,
2026-07-01 06:30:00,XYZ401,UE10990,gnb_syslog,HO_PREP_FAIL,FAIL,,,,,,,,,WARN,,MOBILITY,HO_PREP_FAIL,HO Request Ack Missing,,,,
2026-07-01 07:31:00,XYZ402,UE10991,gnb_syslog,T310_EXPIRY,FAIL,,,,,,,,,WARN,,RACH,T310_EXPIRY,T310 Timer Expired,,,,
2026-07-01 08:32:00,XYZ403,UE10992,gnb_syslog,T310_EXPIRY,FAIL,,,,,,,,,WARN,,RACH,T310_EXPIRY,T310 Timer Expired,,,,
2026-07-01 09:33:00,XYZ401,UE10993,gnb_syslog,SIP_TIMEOUT,FAIL,,,,,,,,,ERROR,,TRANSPORT,SIP_TIMEOUT,IMS SIP Timeout,,,,
2026-07-01 10:34:00,XYZ403,UE10994,gnb_syslog,BEAM_OVERLOAD,FAIL,,,,,,,,,ERROR,,VONR,BEAM_OVERLOAD,Beam Resource Congestion,,,,
2026-07-01 11:35:00,XYZ403,UE10995,gnb_syslog,BEAM_OVERLOAD,FAIL,,,,,,,,,ERROR,,VONR,BEAM_OVERLOAD,Beam Resource Congestion,,,,
2026-07-01 12:36:00,XYZ402,UE10996,gnb_syslog,T310_EXPIRY,FAIL,,,,,,,,,WARN,,RACH,T310_EXPIRY,T310 Timer Expired,,,,
2026-07-01 13:37:00,XYZ402,UE10997,gnb_syslog,SIP_TIMEOUT,FAIL,,,,,,,,,ERROR,,TRANSPORT,SIP_TIMEOUT,IMS SIP Timeout,,,,
2026-07-01 14:38:00,XYZ402,UE10998,gnb_syslog,T310_EXPIRY,FAIL,,,,,,,,,WARN,,RACH,T310_EXPIRY,T310 Timer Expired,,,,
2026-07-01 15:39:00,XYZ401,UE10999,gnb_syslog,BEAM_OVERLOAD,FAIL,,,,,,,,,ERROR,,VONR,BEAM_OVERLOAD,Beam Resource Congestion,,,,
2026-07-01 00:00:00,XYZ401,UE00000,beamforming,BEAM_HO_CORRELATED,FAIL,,-99,11,9,,,349,,,,,,,ho_status=PREP_FAILURE,1,64.0,4.6
2026-07-01 01:00:00,XYZ402,UE00001,beamforming,BEAM_HO_CORRELATED,FAIL,,-119,-4,2,,,82,,,,,,,ho_status=EXEC_FAILURE,2,5.0,4.8
2026-07-01 02:00:00,XYZ403,UE00002,beamforming,BEAM_HO_CORRELATED,FAIL,,-98,6,6,,,264,,,,,,,ho_status=PREP_FAILURE,3,41.0,4.8
2026-07-01 03:00:00,XYZ401,UE00003,beamforming,BEAM_HO_CORRELATED,FAIL,,-93,10,8,,,344,,,,,,,ho_status=PREP_FAILURE,4,58.0,0.6
2026-07-01 04:00:00,XYZ402,UE00004,beamforming,BEAM_HO_CORRELATED,FAIL,,-114,-2,3,,,118,,,,,,,ho_status=PREP_FAILURE,5,13.0,4.0
2026-07-01 05:00:00,XYZ403,UE00005,beamforming,BEAM_HO_CORRELATED,FAIL,,-97,7,7,,,376,,,,,,,ho_status=EXEC_FAILURE,6,48.0,1.4
2026-07-01 06:00:00,XYZ401,UE00006,beamforming,BEAM_HO_CORRELATED,FAIL,,-106,3,5,,,220,,,,,,,ho_status=PREP_FAILURE,1,30.0,4.4
2026-07-01 07:00:00,XYZ402,UE00007,beamforming,BEAM_HO_CORRELATED,FAIL,,-111,5,6,,,220,,,,,,,ho_status=EXEC_FAILURE,2,39.0,5.0
2026-07-01 08:00:00,XYZ403,UE00008,beamforming,BEAM_HO_CORRELATED,FAIL,,-101,9,8,,,396,,,,,,,ho_status=PREP_FAILURE,3,55.0,6.2
2026-07-01 09:00:00,XYZ401,UE00009,beamforming,BEAM_FAILURE,FAIL,,-105,7,7,,,363,,,,,,,ho_status=SUCCESS,4,47.0,5.4
2026-07-01 10:00:00,XYZ402,UE00010,beamforming,BEAM_FAILURE,FAIL,,-114,6,6,,,228,,,,,,,ho_status=SUCCESS,5,42.0,2.8
2026-07-01 11:00:00,XYZ403,UE00011,beamforming,BEAM_HO_CORRELATED,FAIL,,-124,-2,3,,,109,,,,,,,ho_status=PREP_FAILURE,6,13.0,0.2
2026-07-01 12:00:00,XYZ401,UE00012,beamforming,BEAM_HO_CORRELATED,FAIL,,-98,7,7,,,298,,,,,,,ho_status=EXEC_FAILURE,1,48.0,4.6
2026-07-01 13:00:00,XYZ402,UE00013,beamforming,BEAM_HO_CORRELATED,FAIL,,-90,13,9,,,359,,,,,,,ho_status=EXEC_FAILURE,2,68.0,3.6
2026-07-01 14:00:00,XYZ403,UE00014,beamforming,BEAM_FAILURE,FAIL,,-117,1,4,,,194,,,,,,,ho_status=SUCCESS,3,23.0,3.0
2026-07-01 15:00:00,XYZ401,UE00015,beamforming,BEAM_HO_CORRELATED,FAIL,,-110,0,4,,,204,,,,,,,ho_status=PREP_FAILURE,4,20.0,6.4
2026-07-01 16:00:00,XYZ402,UE00016,beamforming,BEAM_HO_CORRELATED,FAIL,,-112,0,4,,,176,,,,,,,ho_status=EXEC_FAILURE,5,21.0,6.4
2026-07-01 17:00:00,XYZ403,UE00017,beamforming,BEAM_FAILURE,FAIL,,-111,0,4,,,161,,,,,,,ho_status=SUCCESS,6,21.0,1.4
2026-07-01 18:00:00,XYZ401,UE00018,beamforming,BEAM_HO_CORRELATED,FAIL,,-110,-3,3,,,149,,,,,,,ho_status=EXEC_FAILURE,1,10.0,5.4
2026-07-01 19:00:00,XYZ402,UE00019,beamforming,BEAM_OK,SUCCESS,,-81,18,12,,,616,,,,,,,ho_status=SUCCESS,2,89.0,4.0
2026-07-01 20:00:00,XYZ403,UE00020,beamforming,BEAM_FAILURE,FAIL,,-120,-1,3,,,161,,,,,,,ho_status=SUCCESS,3,15.0,5.2
2026-07-01 21:00:00,XYZ401,UE00021,beamforming,BEAM_FAILURE,FAIL,,-114,-4,2,,,94,,,,,,,ho_status=SUCCESS,4,5.0,1.2
2026-07-01 22:00:00,XYZ402,UE00022,beamforming,BEAM_HO_CORRELATED,FAIL,,-121,4,6,,,251,,,,,,,ho_status=PREP_FAILURE,5,36.0,4.2
2026-07-01 23:00:00,XYZ403,UE00023,beamforming,BEAM_FAILURE,FAIL,,-95,15,10,,,375,,,,,,,ho_status=SUCCESS,6,76.0,5.8
2026-07-01 00:00:00,XYZ401,UE00024,beamforming,BEAM_HO_CORRELATED,FAIL,,-109,6,6,,,224,,,,,,,ho_status=PREP_FAILURE,1,42.0,4.4
2026-07-01 01:00:00,XYZ402,UE00025,beamforming,BEAM_HO_CORRELATED,FAIL,,-86,13,9,,,369,,,,,,,ho_status=EXEC_FAILURE,2,68.0,0.8
2026-07-01 02:00:00,XYZ403,UE00026,beamforming,BEAM_HO_CORRELATED,FAIL,,-89,15,10,,,443,,,,,,,ho_status=EXEC_FAILURE,3,76.0,1.8
2026-07-01 03:00:00,XYZ401,UE00027,beamforming,BEAM_HO_CORRELATED,FAIL,,-108,4,6,,,223,,,,,,,ho_status=PREP_FAILURE,4,37.0,5.4
2026-07-01 04:00:00,XYZ402,UE00028,beamforming,BEAM_FAILURE,FAIL,,-107,2,5,,,266,,,,,,,ho_status=SUCCESS,5,29.0,5.6
2026-07-01 05:00:00,XYZ403,UE00029,beamforming,BEAM_FAILURE,FAIL,,-114,7,7,,,294,,,,,,,ho_status=SUCCESS,6,47.0,1.2
2026-07-01 06:00:00,XYZ401,UE00030,beamforming,BEAM_FAILURE,FAIL,,-110,-8,1,,,49,,,,,,,ho_status=SUCCESS,1,5.0,6.2
2026-07-01 07:00:00,XYZ402,UE00031,beamforming,BEAM_FAILURE,FAIL,,-109,-6,1,,,43,,,,,,,ho_status=SUCCESS,2,5.0,3.6
2026-07-01 08:00:00,XYZ403,UE00032,beamforming,BEAM_HO_CORRELATED,FAIL,,-82,17,11,,,454,,,,,,,ho_status=EXEC_FAILURE,3,84.0,4.0
2026-07-01 09:00:00,XYZ401,UE00033,beamforming,BEAM_FAILURE,FAIL,,-115,2,5,,,267,,,,,,,ho_status=SUCCESS,4,28.0,3.2
2026-07-01 10:00:00,XYZ402,UE00034,beamforming,BEAM_HO_CORRELATED,FAIL,,-103,2,5,,,232,,,,,,,ho_status=PREP_FAILURE,5,29.0,4.2
2026-07-01 11:00:00,XYZ403,UE00035,beamforming,BEAM_OK,SUCCESS,,-97,19,12,,,456,,,,,,,ho_status=SUCCESS,6,91.0,2.4
2026-07-01 12:00:00,XYZ401,UE00036,beamforming,BEAM_FAILURE,FAIL,,-114,-3,3,,,112,,,,,,,ho_status=SUCCESS,1,10.0,1.0
2026-07-01 13:00:00,XYZ402,UE00037,beamforming,BEAM_HO_CORRELATED,FAIL,,-97,4,6,,,233,,,,,,,ho_status=EXEC_FAILURE,2,37.0,2.8
2026-07-01 14:00:00,XYZ403,UE00038,beamforming,BEAM_FAILURE,FAIL,,-116,-3,3,,,126,,,,,,,ho_status=SUCCESS,3,11.0,5.0
2026-07-01 15:00:00,XYZ401,UE00039,beamforming,BEAM_FAILURE,FAIL,,-91,4,6,,,230,,,,,,,ho_status=SUCCESS,4,37.0,1.0
2026-07-01 16:00:00,XYZ402,UE00040,beamforming,BEAM_HO_CORRELATED,FAIL,,-94,15,10,,,499,,,,,,,ho_status=EXEC_FAILURE,5,76.0,2.0
2026-07-01 17:00:00,XYZ403,UE00041,beamforming,BEAM_HO_CORRELATED,FAIL,,-121,-2,3,,,154,,,,,,,ho_status=EXEC_FAILURE,6,13.0,6.0
2026-07-01 18:00:00,XYZ401,UE00042,beamforming,BEAM_HO_CORRELATED,FAIL,,-117,-1,3,,,121,,,,,,,ho_status=EXEC_FAILURE,1,16.0,0.6
2026-07-01 19:00:00,XYZ402,UE00043,beamforming,BEAM_HO_CORRELATED,FAIL,,-108,7,7,,,373,,,,,,,ho_status=PREP_FAILURE,2,46.0,3.2
2026-07-01 20:00:00,XYZ403,UE00044,beamforming,BEAM_FAILURE,FAIL,,-103,14,10,,,522,,,,,,,ho_status=SUCCESS,3,74.0,6.4
2026-07-01 21:00:00,XYZ401,UE00045,beamforming,BEAM_HO_CORRELATED,FAIL,,-104,3,5,,,198,,,,,,,ho_status=EXEC_FAILURE,4,31.0,2.0
2026-07-01 22:00:00,XYZ402,UE00046,beamforming,BEAM_HO_CORRELATED,FAIL,,-94,9,8,,,356,,,,,,,ho_status=PREP_FAILURE,5,54.0,3.6
2026-07-01 23:00:00,XYZ403,UE00047,beamforming,BEAM_FAILURE,FAIL,,-104,2,5,,,209,,,,,,,ho_status=SUCCESS,6,29.0,5.0
2026-07-01 00:00:00,XYZ401,UE00048,beamforming,BEAM_HO_CORRELATED,FAIL,,-101,10,8,,,341,,,,,,,ho_status=PREP_FAILURE,1,58.0,5.0
2026-07-01 01:00:00,XYZ402,UE00049,beamforming,BEAM_HO_CORRELATED,FAIL,,-97,12,9,,,341,,,,,,,ho_status=PREP_FAILURE,2,65.0,6.8
2026-07-01 02:00:00,XYZ403,UE00050,beamforming,BEAM_FAILURE,FAIL,,-120,0,4,,,178,,,,,,,ho_status=SUCCESS,3,21.0,3.4
2026-07-01 03:00:00,XYZ401,UE00051,beamforming,BEAM_HO_CORRELATED,FAIL,,-86,9,8,,,339,,,,,,,ho_status=PREP_FAILURE,4,55.0,6.4
2026-07-01 04:00:00,XYZ402,UE00052,beamforming,BEAM_HO_CORRELATED,FAIL,,-111,0,4,,,214,,,,,,,ho_status=EXEC_FAILURE,5,21.0,0.2
2026-07-01 05:00:00,XYZ403,UE00053,beamforming,BEAM_HO_CORRELATED,FAIL,,-116,-5,2,,,80,,,,,,,ho_status=PREP_FAILURE,6,5.0,5.0
2026-07-01 06:00:00,XYZ401,UE00054,beamforming,BEAM_HO_CORRELATED,FAIL,,-123,1,4,,,183,,,,,,,ho_status=EXEC_FAILURE,1,23.0,0.2
2026-07-01 07:00:00,XYZ402,UE00055,beamforming,BEAM_HO_CORRELATED,FAIL,,-75,18,12,,,455,,,,,,,ho_status=EXEC_FAILURE,2,89.0,2.6
2026-07-01 08:00:00,XYZ403,UE00056,beamforming,BEAM_FAILURE,FAIL,,-114,0,4,,,203,,,,,,,ho_status=SUCCESS,3,20.0,3.6
2026-07-01 09:00:00,XYZ401,UE00057,beamforming,BEAM_HO_CORRELATED,FAIL,,-101,1,4,,,188,,,,,,,ho_status=PREP_FAILURE,4,22.0,2.8
2026-07-01 10:00:00,XYZ402,UE00058,beamforming,BEAM_HO_CORRELATED,FAIL,,-121,1,4,,,201,,,,,,,ho_status=PREP_FAILURE,5,24.0,5.8
2026-07-01 11:00:00,XYZ403,UE00059,beamforming,BEAM_HO_CORRELATED,FAIL,,-94,9,8,,,337,,,,,,,ho_status=EXEC_FAILURE,6,54.0,6.0
2026-07-01 12:00:00,XYZ401,UE00060,beamforming,BEAM_HO_CORRELATED,FAIL,,-101,2,5,,,233,,,,,,,ho_status=EXEC_FAILURE,1,29.0,5.0
2026-07-01 13:00:00,XYZ402,UE00061,beamforming,BEAM_FAILURE,FAIL,,-108,5,6,,,314,,,,,,,ho_status=SUCCESS,2,39.0,3.4
2026-07-01 14:00:00,XYZ403,UE00062,beamforming,BEAM_FAILURE,FAIL,,-104,5,6,,,295,,,,,,,ho_status=SUCCESS,3,39.0,4.2
2026-07-01 15:00:00,XYZ401,UE00063,beamforming,BEAM_OK,SUCCESS,,-96,14,10,,,400,,,,,,,ho_status=SUCCESS,4,74.0,1.6
2026-07-01 16:00:00,XYZ402,UE00064,beamforming,BEAM_HO_CORRELATED,FAIL,,-104,1,4,,,177,,,,,,,ho_status=PREP_FAILURE,5,22.0,5.2
2026-07-01 17:00:00,XYZ403,UE00065,beamforming,BEAM_HO_CORRELATED,FAIL,,-107,6,6,,,284,,,,,,,ho_status=PREP_FAILURE,6,41.0,4.0
2026-07-01 18:00:00,XYZ401,UE00066,beamforming,BEAM_FAILURE,FAIL,,-111,0,4,,,174,,,,,,,ho_status=SUCCESS,1,21.0,6.2
2026-07-01 19:00:00,XYZ402,UE00067,beamforming,BEAM_HO_CORRELATED,FAIL,,-82,7,7,,,302,,,,,,,ho_status=EXEC_FAILURE,2,47.0,0.6
2026-07-01 20:00:00,XYZ403,UE00068,beamforming,BEAM_HO_CORRELATED,FAIL,,-106,11,9,,,349,,,,,,,ho_status=EXEC_FAILURE,3,64.0,5.6
2026-07-01 21:00:00,XYZ401,UE00069,beamforming,BEAM_FAILURE,FAIL,,-105,3,5,,,244,,,,,,,ho_status=SUCCESS,4,31.0,4.6
2026-07-01 22:00:00,XYZ402,UE00070,beamforming,BEAM_HO_CORRELATED,FAIL,,-102,3,5,,,256,,,,,,,ho_status=EXEC_FAILURE,5,31.0,3.6
2026-07-01 23:00:00,XYZ403,UE00071,beamforming,BEAM_HO_CORRELATED,FAIL,,-96,2,5,,,236,,,,,,,ho_status=EXEC_FAILURE,6,29.0,5.8
2026-07-01 00:00:00,XYZ401,UE00072,beamforming,BEAM_FAILURE,FAIL,,-116,-5,2,,,88,,,,,,,ho_status=SUCCESS,1,5.0,3.2
2026-07-01 01:00:00,XYZ402,UE00073,beamforming,BEAM_HO_CORRELATED,FAIL,,-103,9,8,,,290,,,,,,,ho_status=PREP_FAILURE,2,55.0,4.0
2026-07-01 02:00:00,XYZ403,UE00074,beamforming,BEAM_HO_CORRELATED,FAIL,,-105,7,7,,,285,,,,,,,ho_status=PREP_FAILURE,3,48.0,5.2
2026-07-01 03:00:00,XYZ401,UE00075,beamforming,BEAM_HO_CORRELATED,FAIL,,-116,3,5,,,266,,,,,,,ho_status=EXEC_FAILURE,4,31.0,5.0
2026-07-01 04:00:00,XYZ402,UE00076,beamforming,BEAM_HO_CORRELATED,FAIL,,-115,8,7,,,370,,,,,,,ho_status=EXEC_FAILURE,5,49.0,6.4
2026-07-01 05:00:00,XYZ403,UE00077,beamforming,BEAM_HO_CORRELATED,FAIL,,-102,11,9,,,390,,,,,,,ho_status=EXEC_FAILURE,6,63.0,4.8
2026-07-01 06:00:00,XYZ401,UE00078,beamforming,BEAM_OK,SUCCESS,,-88,17,11,,,413,,,,,,,ho_status=SUCCESS,1,84.0,3.6
2026-07-01 07:00:00,XYZ402,UE00079,beamforming,BEAM_HO_CORRELATED,FAIL,,-102,4,6,,,291,,,,,,,ho_status=EXEC_FAILURE,2,37.0,1.4
2026-07-01 08:00:00,XYZ403,UE00080,beamforming,BEAM_FAILURE,FAIL,,-106,-4,2,,,103,,,,,,,ho_status=SUCCESS,3,5.0,5.0
2026-07-01 09:00:00,XYZ401,UE00081,beamforming,BEAM_HO_CORRELATED,FAIL,,-110,0,4,,,160,,,,,,,ho_status=EXEC_FAILURE,4,20.0,6.6
2026-07-01 10:00:00,XYZ402,UE00082,beamforming,BEAM_HO_CORRELATED,FAIL,,-120,1,4,,,189,,,,,,,ho_status=PREP_FAILURE,5,23.0,1.8
2026-07-01 11:00:00,XYZ403,UE00083,beamforming,BEAM_HO_CORRELATED,FAIL,,-95,10,8,,,294,,,,,,,ho_status=EXEC_FAILURE,6,58.0,2.8
2026-07-01 12:00:00,XYZ401,UE00084,beamforming,BEAM_HO_CORRELATED,FAIL,,-112,0,4,,,187,,,,,,,ho_status=EXEC_FAILURE,1,20.0,6.6
2026-07-01 13:00:00,XYZ402,UE00085,beamforming,BEAM_FAILURE,FAIL,,-115,-2,3,,,159,,,,,,,ho_status=SUCCESS,2,13.0,0.8
2026-07-01 14:00:00,XYZ403,UE00086,beamforming,BEAM_HO_CORRELATED,FAIL,,-108,-2,3,,,161,,,,,,,ho_status=PREP_FAILURE,3,13.0,6.8
2026-07-01 15:00:00,XYZ401,UE00087,beamforming,BEAM_HO_CORRELATED,FAIL,,-92,13,9,,,478,,,,,,,ho_status=EXEC_FAILURE,4,67.0,1.6
2026-07-01 16:00:00,XYZ402,UE00088,beamforming,BEAM_HO_CORRELATED,FAIL,,-99,6,6,,,227,,,,,,,ho_status=PREP_FAILURE,5,41.0,2.4
2026-07-01 17:00:00,XYZ403,UE00089,beamforming,BEAM_FAILURE,FAIL,,-113,4,6,,,295,,,,,,,ho_status=SUCCESS,6,36.0,3.0
2026-07-01 18:00:00,XYZ401,UE00090,beamforming,BEAM_HO_CORRELATED,FAIL,,-110,3,5,,,194,,,,,,,ho_status=EXEC_FAILURE,1,30.0,6.0
2026-07-01 19:00:00,XYZ402,UE00091,beamforming,BEAM_FAILURE,FAIL,,-110,1,4,,,144,,,,,,,ho_status=SUCCESS,2,23.0,5.2
2026-07-01 20:00:00,XYZ403,UE00092,beamforming,BEAM_HO_CORRELATED,FAIL,,-92,12,9,,,387,,,,,,,ho_status=EXEC_FAILURE,3,65.0,5.6
2026-07-01 21:00:00,XYZ401,UE00093,beamforming,BEAM_FAILURE,FAIL,,-115,0,4,,,205,,,,,,,ho_status=SUCCESS,4,21.0,5.6
2026-07-01 22:00:00,XYZ402,UE00094,beamforming,BEAM_HO_CORRELATED,FAIL,,-116,1,4,,,155,,,,,,,ho_status=EXEC_FAILURE,5,24.0,0.6
2026-07-01 23:00:00,XYZ403,UE00095,beamforming,BEAM_HO_CORRELATED,FAIL,,-110,0,4,,,163,,,,,,,ho_status=PREP_FAILURE,6,20.0,5.4
2026-07-01 00:00:00,XYZ401,UE00096,beamforming,BEAM_HO_CORRELATED,FAIL,,-95,8,7,,,278,,,,,,,ho_status=PREP_FAILURE,1,50.0,4.8
2026-07-01 01:00:00,XYZ402,UE00097,beamforming,BEAM_HO_CORRELATED,FAIL,,-113,0,4,,,189,,,,,,,ho_status=EXEC_FAILURE,2,20.0,4.6
2026-07-01 02:00:00,XYZ403,UE00098,beamforming,BEAM_FAILURE,FAIL,,-85,22,13,,,520,,,,,,,ho_status=SUCCESS,3,100.0,4.2
2026-07-01 03:00:00,XYZ401,UE00099,beamforming,BEAM_HO_CORRELATED,FAIL,,-84,12,9,,,371,,,,,,,ho_status=PREP_FAILURE,4,65.0,6.4
2026-07-01 04:00:00,XYZ402,UE00100,beamforming,BEAM_FAILURE,FAIL,,-81,13,9,,,414,,,,,,,ho_status=SUCCESS,5,68.0,6.4
2026-07-01 05:00:00,XYZ403,UE00101,beamforming,BEAM_HO_CORRELATED,FAIL,,-88,11,9,,,453,,,,,,,ho_status=PREP_FAILURE,6,63.0,2.0
2026-07-01 06:00:00,XYZ401,UE00102,beamforming,BEAM_HO_CORRELATED,FAIL,,-84,17,11,,,554,,,,,,,ho_status=PREP_FAILURE,1,84.0,1.2
2026-07-01 07:00:00,XYZ402,UE00103,beamforming,BEAM_HO_CORRELATED,FAIL,,-106,1,4,,,186,,,,,,,ho_status=PREP_FAILURE,2,23.0,4.8
2026-07-01 08:00:00,XYZ403,UE00104,beamforming,BEAM_HO_CORRELATED,FAIL,,-114,0,4,,,145,,,,,,,ho_status=PREP_FAILURE,3,21.0,6.2
2026-07-01 09:00:00,XYZ401,UE00105,beamforming,BEAM_HO_CORRELATED,FAIL,,-106,1,4,,,197,,,,,,,ho_status=PREP_FAILURE,4,23.0,0.6
2026-07-01 10:00:00,XYZ402,UE00106,beamforming,BEAM_FAILURE,FAIL,,-107,2,5,,,233,,,,,,,ho_status=SUCCESS,5,28.0,2.2
2026-07-01 11:00:00,XYZ403,UE00107,beamforming,BEAM_FAILURE,FAIL,,-91,12,9,,,364,,,,,,,ho_status=SUCCESS,6,66.0,2.6
2026-07-01 12:00:00,XYZ401,UE00108,beamforming,BEAM_HO_CORRELATED,FAIL,,-93,12,9,,,362,,,,,,,ho_status=PREP_FAILURE,1,66.0,1.8
2026-07-01 13:00:00,XYZ402,UE00109,beamforming,BEAM_HO_CORRELATED,FAIL,,-98,8,7,,,273,,,,,,,ho_status=EXEC_FAILURE,2,50.0,2.2
2026-07-01 14:00:00,XYZ403,UE00110,beamforming,BEAM_HO_CORRELATED,FAIL,,-112,5,6,,,225,,,,,,,ho_status=PREP_FAILURE,3,40.0,2.6
2026-07-01 15:00:00,XYZ401,UE00111,beamforming,BEAM_HO_CORRELATED,FAIL,,-106,9,8,,,337,,,,,,,ho_status=PREP_FAILURE,4,55.0,4.4
2026-07-01 16:00:00,XYZ402,UE00112,beamforming,BEAM_HO_CORRELATED,FAIL,,-109,0,4,,,206,,,,,,,ho_status=PREP_FAILURE,5,21.0,6.6
2026-07-01 17:00:00,XYZ403,UE00113,beamforming,BEAM_FAILURE,FAIL,,-96,11,9,,,452,,,,,,,ho_status=SUCCESS,6,64.0,0.0
2026-07-01 18:00:00,XYZ401,UE00114,beamforming,BEAM_HO_CORRELATED,FAIL,,-91,14,10,,,500,,,,,,,ho_status=PREP_FAILURE,1,73.0,2.0
2026-07-01 19:00:00,XYZ402,UE00115,beamforming,BEAM_FAILURE,FAIL,,-107,0,4,,,183,,,,,,,ho_status=SUCCESS,2,21.0,2.8
2026-07-01 20:00:00,XYZ403,UE00116,beamforming,BEAM_HO_CORRELATED,FAIL,,-105,2,5,,,186,,,,,,,ho_status=EXEC_FAILURE,3,29.0,2.6
2026-07-01 21:00:00,XYZ401,UE00117,beamforming,BEAM_HO_CORRELATED,FAIL,,-116,-1,3,,,128,,,,,,,ho_status=PREP_FAILURE,4,15.0,2.8
2026-07-01 22:00:00,XYZ402,UE00118,beamforming,BEAM_FAILURE,FAIL,,-112,4,6,,,223,,,,,,,ho_status=SUCCESS,5,36.0,2.0
2026-07-01 23:00:00,XYZ403,UE00119,beamforming,BEAM_HO_CORRELATED,FAIL,,-94,11,9,,,454,,,,,,,ho_status=PREP_FAILURE,6,63.0,3.0
2026-07-01 00:00:00,XYZ401,UE00120,beamforming,BEAM_FAILURE,FAIL,,-121,-2,3,,,151,,,,,,,ho_status=SUCCESS,1,12.0,3.8
2026-07-01 01:00:00,XYZ402,UE00121,beamforming,BEAM_FAILURE,FAIL,,-90,20,12,,,603,,,,,,,ho_status=SUCCESS,2,94.0,4.6
2026-07-01 02:00:00,XYZ403,UE00122,beamforming,BEAM_FAILURE,FAIL,,-95,10,8,,,404,,,,,,,ho_status=SUCCESS,3,57.0,1.8
2026-07-01 03:00:00,XYZ401,UE00123,beamforming,BEAM_HO_CORRELATED,FAIL,,-120,0,4,,,160,,,,,,,ho_status=PREP_FAILURE,4,21.0,2.0
2026-07-01 04:00:00,XYZ402,UE00124,beamforming,BEAM_HO_CORRELATED,FAIL,,-120,2,5,,,244,,,,,,,ho_status=EXEC_FAILURE,5,29.0,4.6
2026-07-01 05:00:00,XYZ403,UE00125,beamforming,BEAM_FAILURE,FAIL,,-93,12,9,,,335,,,,,,,ho_status=SUCCESS,6,66.0,0.2
2026-07-01 06:00:00,XYZ401,UE00126,beamforming,BEAM_HO_CORRELATED,FAIL,,-116,0,4,,,171,,,,,,,ho_status=PREP_FAILURE,1,21.0,6.8
2026-07-01 07:00:00,XYZ402,UE00127,beamforming,BEAM_HO_CORRELATED,FAIL,,-84,16,11,,,477,,,,,,,ho_status=EXEC_FAILURE,2,82.0,3.0
2026-07-01 08:00:00,XYZ403,UE00128,beamforming,BEAM_HO_CORRELATED,FAIL,,-94,15,10,,,376,,,,,,,ho_status=PREP_FAILURE,3,76.0,1.4
2026-07-01 09:00:00,XYZ401,UE00129,beamforming,BEAM_HO_CORRELATED,FAIL,,-115,-1,3,,,112,,,,,,,ho_status=PREP_FAILURE,4,15.0,1.6
2026-07-01 10:00:00,XYZ402,UE00130,beamforming,BEAM_HO_CORRELATED,FAIL,,-109,5,6,,,307,,,,,,,ho_status=PREP_FAILURE,5,38.0,3.4
2026-07-01 11:00:00,XYZ403,UE00131,beamforming,BEAM_FAILURE,FAIL,,-114,-2,3,,,145,,,,,,,ho_status=SUCCESS,6,13.0,3.8
2026-07-01 12:00:00,XYZ401,UE00132,beamforming,BEAM_HO_CORRELATED,FAIL,,-105,-2,3,,,117,,,,,,,ho_status=PREP_FAILURE,1,12.0,1.0
2026-07-01 13:00:00,XYZ402,UE00133,beamforming,BEAM_FAILURE,FAIL,,-90,12,9,,,374,,,,,,,ho_status=SUCCESS,2,66.0,3.4
2026-07-01 14:00:00,XYZ403,UE00134,beamforming,BEAM_FAILURE,FAIL,,-110,6,6,,,323,,,,,,,ho_status=SUCCESS,3,42.0,2.8
2026-07-01 15:00:00,XYZ401,UE00135,beamforming,BEAM_FAILURE,FAIL,,-101,8,7,,,377,,,,,,,ho_status=SUCCESS,4,49.0,5.6
2026-07-01 16:00:00,XYZ402,UE00136,beamforming,BEAM_HO_CORRELATED,FAIL,,-101,0,4,,,156,,,,,,,ho_status=EXEC_FAILURE,5,21.0,0.8
2026-07-01 17:00:00,XYZ403,UE00137,beamforming,BEAM_OK,SUCCESS,,-85,19,12,,,478,,,,,,,ho_status=SUCCESS,6,92.0,4.0
2026-07-01 18:00:00,XYZ401,UE00138,beamforming,BEAM_HO_CORRELATED,FAIL,,-105,9,8,,,306,,,,,,,ho_status=PREP_FAILURE,1,56.0,3.4
2026-07-01 19:00:00,XYZ402,UE00139,beamforming,BEAM_HO_CORRELATED,FAIL,,-108,-3,3,,,121,,,,,,,ho_status=PREP_FAILURE,2,10.0,4.0
2026-07-01 20:00:00,XYZ403,UE00140,beamforming,BEAM_FAILURE,FAIL,,-114,2,5,,,226,,,,,,,ho_status=SUCCESS,3,28.0,2.4
2026-07-01 21:00:00,XYZ401,UE00141,beamforming,BEAM_FAILURE,FAIL,,-94,12,9,,,449,,,,,,,ho_status=SUCCESS,4,66.0,5.4
2026-07-01 22:00:00,XYZ402,UE00142,beamforming,BEAM_HO_CORRELATED,FAIL,,-81,22,13,,,516,,,,,,,ho_status=EXEC_FAILURE,5,100.0,0.6
2026-07-01 23:00:00,XYZ403,UE00143,beamforming,BEAM_FAILURE,FAIL,,-104,7,7,,,367,,,,,,,ho_status=SUCCESS,6,47.0,6.2
2026-07-01 00:00:00,XYZ401,UE00144,beamforming,BEAM_HO_CORRELATED,FAIL,,-103,4,6,,,317,,,,,,,ho_status=PREP_FAILURE,1,36.0,4.0
2026-07-01 01:00:00,XYZ402,UE00145,beamforming,BEAM_FAILURE,FAIL,,-103,11,9,,,445,,,,,,,ho_status=SUCCESS,2,62.0,4.4
2026-07-01 02:00:00,XYZ403,UE00146,beamforming,BEAM_FAILURE,FAIL,,-90,13,9,,,405,,,,,,,ho_status=SUCCESS,3,69.0,2.4
2026-07-01 03:00:00,XYZ401,UE00147,beamforming,BEAM_FAILURE,FAIL,,-96,9,8,,,397,,,,,,,ho_status=SUCCESS,4,55.0,3.0
2026-07-01 04:00:00,XYZ402,UE00148,beamforming,BEAM_HO_CORRELATED,FAIL,,-92,15,10,,,491,,,,,,,ho_status=PREP_FAILURE,5,76.0,5.2
2026-07-01 05:00:00,XYZ403,UE00149,beamforming,BEAM_HO_CORRELATED,FAIL,,-116,2,5,,,213,,,,,,,ho_status=EXEC_FAILURE,6,28.0,6.0
2026-07-01 06:00:00,XYZ401,UE00150,beamforming,BEAM_FAILURE,FAIL,,-111,0,4,,,144,,,,,,,ho_status=SUCCESS,1,20.0,1.8
2026-07-01 07:00:00,XYZ402,UE00151,beamforming,BEAM_HO_CORRELATED,FAIL,,-81,13,9,,,417,,,,,,,ho_status=PREP_FAILURE,2,69.0,0.6
2026-07-01 08:00:00,XYZ403,UE00152,beamforming,BEAM_FAILURE,FAIL,,-102,9,8,,,336,,,,,,,ho_status=SUCCESS,3,56.0,6.0
2026-07-01 09:00:00,XYZ401,UE00153,beamforming,BEAM_HO_CORRELATED,FAIL,,-83,16,11,,,580,,,,,,,ho_status=EXEC_FAILURE,4,81.0,3.2
2026-07-01 10:00:00,XYZ402,UE00154,beamforming,BEAM_FAILURE,FAIL,,-107,7,7,,,294,,,,,,,ho_status=SUCCESS,5,47.0,5.8
2026-07-01 11:00:00,XYZ403,UE00155,beamforming,BEAM_FAILURE,FAIL,,-96,7,7,,,312,,,,,,,ho_status=SUCCESS,6,47.0,0.6
2026-07-01 12:00:00,XYZ401,UE00156,beamforming,BEAM_HO_CORRELATED,FAIL,,-83,18,12,,,631,,,,,,,ho_status=EXEC_FAILURE,1,90.0,4.0
2026-07-01 13:00:00,XYZ402,UE00157,beamforming,BEAM_HO_CORRELATED,FAIL,,-117,-5,2,,,81,,,,,,,ho_status=PREP_FAILURE,2,5.0,3.8
2026-07-01 14:00:00,XYZ403,UE00158,beamforming,BEAM_FAILURE,FAIL,,-109,-2,3,,,114,,,,,,,ho_status=SUCCESS,3,12.0,4.0
2026-07-01 15:00:00,XYZ401,UE00159,beamforming,BEAM_HO_CORRELATED,FAIL,,-120,0,4,,,166,,,,,,,ho_status=PREP_FAILURE,4,21.0,2.2
2026-07-01 16:00:00,XYZ402,UE00160,beamforming,BEAM_HO_CORRELATED,FAIL,,-96,13,9,,,342,,,,,,,ho_status=PREP_FAILURE,5,68.0,4.2
2026-07-01 17:00:00,XYZ403,UE00161,beamforming,BEAM_HO_CORRELATED,FAIL,,-108,7,7,,,360,,,,,,,ho_status=EXEC_FAILURE,6,48.0,4.2
2026-07-01 18:00:00,XYZ401,UE00162,beamforming,BEAM_FAILURE,FAIL,,-125,-2,3,,,137,,,,,,,ho_status=SUCCESS,1,12.0,4.2
2026-07-01 19:00:00,XYZ402,UE00163,beamforming,BEAM_FAILURE,FAIL,,-100,9,8,,,337,,,,,,,ho_status=SUCCESS,2,56.0,6.8
2026-07-01 20:00:00,XYZ403,UE00164,beamforming,BEAM_HO_CORRELATED,FAIL,,-109,7,7,,,324,,,,,,,ho_status=PREP_FAILURE,3,46.0,1.6
2026-07-01 21:00:00,XYZ401,UE00165,beamforming,BEAM_HO_CORRELATED,FAIL,,-91,10,8,,,361,,,,,,,ho_status=PREP_FAILURE,4,58.0,1.4
2026-07-01 22:00:00,XYZ402,UE00166,beamforming,BEAM_HO_CORRELATED,FAIL,,-113,-1,3,,,161,,,,,,,ho_status=EXEC_FAILURE,5,15.0,2.4
2026-07-01 23:00:00,XYZ403,UE00167,beamforming,BEAM_HO_CORRELATED,FAIL,,-113,-2,3,,,126,,,,,,,ho_status=PREP_FAILURE,6,12.0,1.0
2026-07-01 00:00:00,XYZ401,UE00168,beamforming,BEAM_HO_CORRELATED,FAIL,,-99,4,6,,,234,,,,,,,ho_status=PREP_FAILURE,1,37.0,5.0
2026-07-01 01:00:00,XYZ402,UE00169,beamforming,BEAM_FAILURE,FAIL,,-116,6,6,,,295,,,,,,,ho_status=SUCCESS,2,41.0,5.8
2026-07-01 02:00:00,XYZ403,UE00170,beamforming,BEAM_HO_CORRELATED,FAIL,,-102,9,8,,,328,,,,,,,ho_status=EXEC_FAILURE,3,54.0,0.6
2026-07-01 03:00:00,XYZ401,UE00171,beamforming,BEAM_HO_CORRELATED,FAIL,,-83,17,11,,,547,,,,,,,ho_status=EXEC_FAILURE,4,83.0,2.4
2026-07-01 04:00:00,XYZ402,UE00172,beamforming,BEAM_HO_CORRELATED,FAIL,,-105,2,5,,,217,,,,,,,ho_status=PREP_FAILURE,5,29.0,3.8
2026-07-01 05:00:00,XYZ403,UE00173,beamforming,BEAM_FAILURE,FAIL,,-96,10,8,,,426,,,,,,,ho_status=SUCCESS,6,58.0,3.6
2026-07-01 06:00:00,XYZ401,UE00174,beamforming,BEAM_HO_CORRELATED,FAIL,,-90,13,9,,,420,,,,,,,ho_status=PREP_FAILURE,1,68.0,2.6
2026-07-01 07:00:00,XYZ402,UE00175,beamforming,BEAM_FAILURE,FAIL,,-96,7,7,,,306,,,,,,,ho_status=SUCCESS,2,47.0,4.0
2026-07-01 08:00:00,XYZ403,UE00176,beamforming,BEAM_HO_CORRELATED,FAIL,,-108,4,6,,,222,,,,,,,ho_status=PREP_FAILURE,3,36.0,1.4
2026-07-01 09:00:00,XYZ401,UE00177,beamforming,BEAM_HO_CORRELATED,FAIL,,-109,3,5,,,265,,,,,,,ho_status=PREP_FAILURE,4,32.0,5.6
2026-07-01 10:00:00,XYZ402,UE00178,beamforming,BEAM_HO_CORRELATED,FAIL,,-105,6,6,,,270,,,,,,,ho_status=PREP_FAILURE,5,41.0,1.0
2026-07-01 11:00:00,XYZ403,UE00179,beamforming,BEAM_HO_CORRELATED,FAIL,,-125,-6,1,,,47,,,,,,,ho_status=PREP_FAILURE,6,5.0,3.8
2026-07-01 12:00:00,XYZ401,UE00180,beamforming,BEAM_FAILURE,FAIL,,-97,8,7,,,324,,,,,,,ho_status=SUCCESS,1,49.0,1.6
2026-07-01 13:00:00,XYZ402,UE00181,beamforming,BEAM_FAILURE,FAIL,,-115,-3,3,,,116,,,,,,,ho_status=SUCCESS,2,9.0,3.6
2026-07-01 14:00:00,XYZ403,UE00182,beamforming,BEAM_HO_CORRELATED,FAIL,,-109,2,5,,,244,,,,,,,ho_status=PREP_FAILURE,3,30.0,3.8
2026-07-01 15:00:00,XYZ401,UE00183,beamforming,BEAM_FAILURE,FAIL,,-105,2,5,,,186,,,,,,,ho_status=SUCCESS,4,28.0,2.8
2026-07-01 16:00:00,XYZ402,UE00184,beamforming,BEAM_HO_CORRELATED,FAIL,,-109,9,8,,,304,,,,,,,ho_status=EXEC_FAILURE,5,56.0,0.4
2026-07-01 17:00:00,XYZ403,UE00185,beamforming,BEAM_FAILURE,FAIL,,-82,13,9,,,331,,,,,,,ho_status=SUCCESS,6,68.0,6.0
2026-07-01 18:00:00,XYZ401,UE00186,beamforming,BEAM_HO_CORRELATED,FAIL,,-108,2,5,,,220,,,,,,,ho_status=EXEC_FAILURE,1,28.0,0.4
2026-07-01 19:00:00,XYZ402,UE00187,beamforming,BEAM_HO_CORRELATED,FAIL,,-102,5,6,,,256,,,,,,,ho_status=EXEC_FAILURE,2,39.0,1.2
2026-07-01 20:00:00,XYZ403,UE00188,beamforming,BEAM_HO_CORRELATED,FAIL,,-96,5,6,,,226,,,,,,,ho_status=EXEC_FAILURE,3,39.0,1.4
2026-07-01 21:00:00,XYZ401,UE00189,beamforming,BEAM_HO_CORRELATED,FAIL,,-98,12,9,,,357,,,,,,,ho_status=EXEC_FAILURE,4,66.0,5.2
2026-07-01 22:00:00,XYZ402,UE00190,beamforming,BEAM_FAILURE,FAIL,,-105,5,6,,,281,,,,,,,ho_status=SUCCESS,5,38.0,5.6
2026-07-01 23:00:00,XYZ403,UE00191,beamforming,BEAM_HO_CORRELATED,FAIL,,-122,-2,3,,,153,,,,,,,ho_status=EXEC_FAILURE,6,13.0,6.6
2026-07-01 00:00:00,XYZ401,UE00192,beamforming,BEAM_FAILURE,FAIL,,-102,3,5,,,224,,,,,,,ho_status=SUCCESS,1,31.0,3.2
2026-07-01 01:00:00,XYZ402,UE00193,beamforming,BEAM_FAILURE,FAIL,,-91,13,9,,,420,,,,,,,ho_status=SUCCESS,2,69.0,2.2
2026-07-01 02:00:00,XYZ403,UE00194,beamforming,BEAM_HO_CORRELATED,FAIL,,-108,5,6,,,269,,,,,,,ho_status=EXEC_FAILURE,3,38.0,2.0
2026-07-01 03:00:00,XYZ401,UE00195,beamforming,BEAM_HO_CORRELATED,FAIL,,-114,-1,3,,,131,,,,,,,ho_status=EXEC_FAILURE,4,15.0,0.6
2026-07-01 04:00:00,XYZ402,UE00196,beamforming,BEAM_HO_CORRELATED,FAIL,,-93,18,12,,,499,,,,,,,ho_status=EXEC_FAILURE,5,90.0,0.8
2026-07-01 05:00:00,XYZ403,UE00197,beamforming,BEAM_HO_CORRELATED,FAIL,,-101,8,7,,,289,,,,,,,ho_status=PREP_FAILURE,6,50.0,0.2
2026-07-01 06:00:00,XYZ401,UE00198,beamforming,BEAM_HO_CORRELATED,FAIL,,-114,-1,3,,,111,,,,,,,ho_status=EXEC_FAILURE,1,15.0,1.4
2026-07-01 07:00:00,XYZ402,UE00199,beamforming,BEAM_HO_CORRELATED,FAIL,,-94,16,11,,,400,,,,,,,ho_status=PREP_FAILURE,2,81.0,1.4
2026-07-01 08:00:00,XYZ403,UE00200,beamforming,BEAM_HO_CORRELATED,FAIL,,-118,-3,3,,,150,,,,,,,ho_status=EXEC_FAILURE,3,10.0,0.2
2026-07-01 09:00:00,XYZ401,UE00201,beamforming,BEAM_FAILURE,FAIL,,-118,-2,3,,,109,,,,,,,ho_status=SUCCESS,4,13.0,0.0
2026-07-01 10:00:00,XYZ402,UE00202,beamforming,BEAM_HO_CORRELATED,FAIL,,-99,12,9,,,464,,,,,,,ho_status=PREP_FAILURE,5,65.0,1.4
2026-07-01 11:00:00,XYZ403,UE00203,beamforming,BEAM_HO_CORRELATED,FAIL,,-110,4,6,,,231,,,,,,,ho_status=PREP_FAILURE,6,36.0,3.4
2026-07-01 12:00:00,XYZ401,UE00204,beamforming,BEAM_FAILURE,FAIL,,-115,0,4,,,200,,,,,,,ho_status=SUCCESS,1,21.0,4.2
2026-07-01 13:00:00,XYZ402,UE00205,beamforming,BEAM_HO_CORRELATED,FAIL,,-116,-5,2,,,92,,,,,,,ho_status=EXEC_FAILURE,2,5.0,2.4
2026-07-01 14:00:00,XYZ403,UE00206,beamforming,BEAM_HO_CORRELATED,FAIL,,-88,13,9,,,433,,,,,,,ho_status=EXEC_FAILURE,3,67.0,4.0
2026-07-01 15:00:00,XYZ401,UE00207,beamforming,BEAM_HO_CORRELATED,FAIL,,-111,-3,3,,,161,,,,,,,ho_status=PREP_FAILURE,4,10.0,5.4
2026-07-01 16:00:00,XYZ402,UE00208,beamforming,BEAM_HO_CORRELATED,FAIL,,-104,11,9,,,461,,,,,,,ho_status=PREP_FAILURE,5,62.0,1.6
2026-07-01 17:00:00,XYZ403,UE00209,beamforming,BEAM_FAILURE,FAIL,,-114,-1,3,,,114,,,,,,,ho_status=SUCCESS,6,14.0,1.0
2026-07-01 18:00:00,XYZ401,UE00210,beamforming,BEAM_HO_CORRELATED,FAIL,,-85,16,11,,,503,,,,,,,ho_status=PREP_FAILURE,1,81.0,1.8
2026-07-01 19:00:00,XYZ402,UE00211,beamforming,BEAM_HO_CORRELATED,FAIL,,-102,12,9,,,420,,,,,,,ho_status=EXEC_FAILURE,2,65.0,4.8
2026-07-01 20:00:00,XYZ403,UE00212,beamforming,BEAM_FAILURE,FAIL,,-104,5,6,,,244,,,,,,,ho_status=SUCCESS,3,40.0,4.8
2026-07-01 21:00:00,XYZ401,UE00213,beamforming,BEAM_HO_CORRELATED,FAIL,,-78,21,13,,,473,,,,,,,ho_status=PREP_FAILURE,4,99.0,6.4
2026-07-01 22:00:00,XYZ402,UE00214,beamforming,BEAM_HO_CORRELATED,FAIL,,-102,5,6,,,296,,,,,,,ho_status=PREP_FAILURE,5,39.0,5.0
2026-07-01 23:00:00,XYZ403,UE00215,beamforming,BEAM_HO_CORRELATED,FAIL,,-122,-4,2,,,77,,,,,,,ho_status=EXEC_FAILURE,6,5.0,1.8
2026-07-01 00:00:00,XYZ401,UE00216,beamforming,BEAM_FAILURE,FAIL,,-110,3,5,,,228,,,,,,,ho_status=SUCCESS,1,31.0,5.0
2026-07-01 01:00:00,XYZ402,UE00217,beamforming,BEAM_HO_CORRELATED,FAIL,,-82,14,10,,,530,,,,,,,ho_status=PREP_FAILURE,2,74.0,1.0
2026-07-01 02:00:00,XYZ403,UE00218,beamforming,BEAM_HO_CORRELATED,FAIL,,-105,8,7,,,336,,,,,,,ho_status=PREP_FAILURE,3,49.0,2.0
2026-07-01 03:00:00,XYZ401,UE00219,beamforming,BEAM_HO_CORRELATED,FAIL,,-95,11,9,,,394,,,,,,,ho_status=EXEC_FAILURE,4,63.0,3.4
2026-07-01 04:00:00,XYZ402,UE00220,beamforming,BEAM_HO_CORRELATED,FAIL,,-115,-2,3,,,116,,,,,,,ho_status=EXEC_FAILURE,5,12.0,6.2
2026-07-01 05:00:00,XYZ403,UE00221,beamforming,BEAM_HO_CORRELATED,FAIL,,-94,16,11,,,397,,,,,,,ho_status=EXEC_FAILURE,6,82.0,5.4
2026-07-01 06:00:00,XYZ401,UE00222,beamforming,BEAM_FAILURE,FAIL,,-94,8,7,,,365,,,,,,,ho_status=SUCCESS,1,51.0,5.2
2026-07-01 07:00:00,XYZ402,UE00223,beamforming,BEAM_HO_CORRELATED,FAIL,,-106,2,5,,,235,,,,,,,ho_status=PREP_FAILURE,2,29.0,5.6
2026-07-01 08:00:00,XYZ403,UE00224,beamforming,BEAM_FAILURE,FAIL,,-95,8,7,,,256,,,,,,,ho_status=SUCCESS,3,50.0,3.2
2026-07-01 09:00:00,XYZ401,UE00225,beamforming,BEAM_HO_CORRELATED,FAIL,,-104,1,4,,,174,,,,,,,ho_status=EXEC_FAILURE,4,24.0,5.0
2026-07-01 10:00:00,XYZ402,UE00226,beamforming,BEAM_HO_CORRELATED,FAIL,,-118,-3,3,,,140,,,,,,,ho_status=EXEC_FAILURE,5,10.0,5.2
2026-07-01 11:00:00,XYZ403,UE00227,beamforming,BEAM_HO_CORRELATED,FAIL,,-110,1,4,,,154,,,,,,,ho_status=PREP_FAILURE,6,23.0,4.4
2026-07-01 12:00:00,XYZ401,UE00228,beamforming,BEAM_HO_CORRELATED,FAIL,,-80,22,13,,,520,,,,,,,ho_status=PREP_FAILURE,1,100.0,3.8
2026-07-01 13:00:00,XYZ402,UE00229,beamforming,BEAM_HO_CORRELATED,FAIL,,-111,5,6,,,251,,,,,,,ho_status=PREP_FAILURE,2,39.0,5.2
2026-07-01 14:00:00,XYZ403,UE00230,beamforming,BEAM_HO_CORRELATED,FAIL,,-111,-7,1,,,37,,,,,,,ho_status=PREP_FAILURE,3,5.0,1.8
2026-07-01 15:00:00,XYZ401,UE00231,beamforming,BEAM_HO_CORRELATED,FAIL,,-105,7,7,,,350,,,,,,,ho_status=EXEC_FAILURE,4,47.0,3.2
2026-07-01 16:00:00,XYZ402,UE00232,beamforming,BEAM_HO_CORRELATED,FAIL,,-114,0,4,,,154,,,,,,,ho_status=EXEC_FAILURE,5,21.0,3.8
2026-07-01 17:00:00,XYZ403,UE00233,beamforming,BEAM_FAILURE,FAIL,,-121,-3,3,,,147,,,,,,,ho_status=SUCCESS,6,9.0,3.6
2026-07-01 18:00:00,XYZ401,UE00234,beamforming,BEAM_HO_CORRELATED,FAIL,,-100,7,7,,,373,,,,,,,ho_status=PREP_FAILURE,1,47.0,0.0
2026-07-01 19:00:00,XYZ402,UE00235,beamforming,BEAM_HO_CORRELATED,FAIL,,-116,-1,3,,,141,,,,,,,ho_status=PREP_FAILURE,2,15.0,4.2
2026-07-01 20:00:00,XYZ403,UE00236,beamforming,BEAM_HO_CORRELATED,FAIL,,-120,0,4,,,157,,,,,,,ho_status=PREP_FAILURE,3,21.0,2.0
2026-07-01 21:00:00,XYZ401,UE00237,beamforming,BEAM_FAILURE,FAIL,,-109,7,7,,,262,,,,,,,ho_status=SUCCESS,4,47.0,4.2
2026-07-01 22:00:00,XYZ402,UE00238,beamforming,BEAM_HO_CORRELATED,FAIL,,-112,-1,3,,,140,,,,,,,ho_status=PREP_FAILURE,5,14.0,4.6
2026-07-01 23:00:00,XYZ403,UE00239,beamforming,BEAM_HO_CORRELATED,FAIL,,-115,-2,3,,,118,,,,,,,ho_status=PREP_FAILURE,6,12.0,5.2
2026-07-01 00:00:00,XYZ401,UE00240,beamforming,BEAM_HO_CORRELATED,FAIL,,-102,0,4,,,187,,,,,,,ho_status=PREP_FAILURE,1,20.0,5.6
2026-07-01 01:00:00,XYZ402,UE00241,beamforming,BEAM_FAILURE,FAIL,,-114,5,6,,,320,,,,,,,ho_status=SUCCESS,2,40.0,1.8
2026-07-01 02:00:00,XYZ403,UE00242,beamforming,BEAM_HO_CORRELATED,FAIL,,-99,9,8,,,388,,,,,,,ho_status=EXEC_FAILURE,3,55.0,5.4
2026-07-01 03:00:00,XYZ401,UE00243,beamforming,BEAM_HO_CORRELATED,FAIL,,-104,0,4,,,197,,,,,,,ho_status=PREP_FAILURE,4,20.0,3.2
2026-07-01 04:00:00,XYZ402,UE00244,beamforming,BEAM_HO_CORRELATED,FAIL,,-114,0,4,,,180,,,,,,,ho_status=PREP_FAILURE,5,20.0,3.6
2026-07-01 05:00:00,XYZ403,UE00245,beamforming,BEAM_HO_CORRELATED,FAIL,,-99,5,6,,,280,,,,,,,ho_status=EXEC_FAILURE,6,40.0,5.8
2026-07-01 06:00:00,XYZ401,UE00246,beamforming,BEAM_FAILURE,FAIL,,-120,0,4,,,164,,,,,,,ho_status=SUCCESS,1,20.0,3.2
2026-07-01 07:00:00,XYZ402,UE00247,beamforming,BEAM_HO_CORRELATED,FAIL,,-102,0,4,,,194,,,,,,,ho_status=EXEC_FAILURE,2,21.0,2.8
2026-07-01 08:00:00,XYZ403,UE00248,beamforming,BEAM_OK,SUCCESS,,-86,18,12,,,632,,,,,,,ho_status=SUCCESS,3,90.0,0.4
2026-07-01 09:00:00,XYZ401,UE00249,beamforming,BEAM_HO_CORRELATED,FAIL,,-85,16,11,,,531,,,,,,,ho_status=EXEC_FAILURE,4,81.0,0.8
2026-07-01 10:00:00,XYZ402,UE00250,beamforming,BEAM_HO_CORRELATED,FAIL,,-103,2,5,,,207,,,,,,,ho_status=EXEC_FAILURE,5,28.0,6.2
2026-07-01 11:00:00,XYZ403,UE00251,beamforming,BEAM_FAILURE,FAIL,,-99,1,4,,,207,,,,,,,ho_status=SUCCESS,6,22.0,3.0
2026-07-01 12:00:00,XYZ401,UE00252,beamforming,BEAM_HO_CORRELATED,FAIL,,-104,-1,3,,,147,,,,,,,ho_status=PREP_FAILURE,1,15.0,1.0
2026-07-01 13:00:00,XYZ402,UE00253,beamforming,BEAM_HO_CORRELATED,FAIL,,-99,11,9,,,358,,,,,,,ho_status=EXEC_FAILURE,2,64.0,3.6
2026-07-01 14:00:00,XYZ403,UE00254,beamforming,BEAM_FAILURE,FAIL,,-102,8,7,,,346,,,,,,,ho_status=SUCCESS,3,50.0,6.6
2026-07-01 15:00:00,XYZ401,UE00255,beamforming,BEAM_FAILURE,FAIL,,-111,3,5,,,226,,,,,,,ho_status=SUCCESS,4,30.0,5.0
2026-07-01 16:00:00,XYZ402,UE00256,beamforming,BEAM_FAILURE,FAIL,,-111,2,5,,,259,,,,,,,ho_status=SUCCESS,5,29.0,5.0
2026-07-01 17:00:00,XYZ403,UE00257,beamforming,BEAM_HO_CORRELATED,FAIL,,-122,-1,3,,,132,,,,,,,ho_status=EXEC_FAILURE,6,14.0,0.2
2026-07-01 18:00:00,XYZ401,UE00258,beamforming,BEAM_FAILURE,FAIL,,-108,5,6,,,307,,,,,,,ho_status=SUCCESS,1,39.0,3.4
2026-07-01 19:00:00,XYZ402,UE00259,beamforming,BEAM_HO_CORRELATED,FAIL,,-85,15,10,,,487,,,,,,,ho_status=PREP_FAILURE,2,76.0,2.0
2026-07-01 20:00:00,XYZ403,UE00260,beamforming,BEAM_FAILURE,FAIL,,-102,4,6,,,275,,,,,,,ho_status=SUCCESS,3,37.0,6.2
2026-07-01 21:00:00,XYZ401,UE00261,beamforming,BEAM_HO_CORRELATED,FAIL,,-93,13,9,,,446,,,,,,,ho_status=PREP_FAILURE,4,67.0,5.0
2026-07-01 22:00:00,XYZ402,UE00262,beamforming,BEAM_HO_CORRELATED,FAIL,,-114,-2,3,,,119,,,,,,,ho_status=PREP_FAILURE,5,13.0,2.2
2026-07-01 23:00:00,XYZ403,UE00263,beamforming,BEAM_FAILURE,FAIL,,-104,6,6,,,273,,,,,,,ho_status=SUCCESS,6,41.0,0.4
2026-07-01 00:00:00,XYZ401,UE00264,beamforming,BEAM_FAILURE,FAIL,,-96,10,8,,,429,,,,,,,ho_status=SUCCESS,1,58.0,3.8
2026-07-01 01:00:00,XYZ402,UE00265,beamforming,BEAM_HO_CORRELATED,FAIL,,-117,-1,3,,,125,,,,,,,ho_status=PREP_FAILURE,2,15.0,5.6
2026-07-01 02:00:00,XYZ403,UE00266,beamforming,BEAM_HO_CORRELATED,FAIL,,-111,2,5,,,221,,,,,,,ho_status=EXEC_FAILURE,3,29.0,3.0
2026-07-01 03:00:00,XYZ401,UE00267,beamforming,BEAM_FAILURE,FAIL,,-109,-4,2,,,72,,,,,,,ho_status=SUCCESS,4,5.0,6.2
2026-07-01 04:00:00,XYZ402,UE00268,beamforming,BEAM_HO_CORRELATED,FAIL,,-102,4,6,,,289,,,,,,,ho_status=PREP_FAILURE,5,36.0,4.8
2026-07-01 05:00:00,XYZ403,UE00269,beamforming,BEAM_FAILURE,FAIL,,-98,10,8,,,295,,,,,,,ho_status=SUCCESS,6,57.0,3.4
2026-07-01 06:00:00,XYZ401,UE00270,beamforming,BEAM_HO_CORRELATED,FAIL,,-102,8,7,,,271,,,,,,,ho_status=PREP_FAILURE,1,50.0,0.6
2026-07-01 07:00:00,XYZ402,UE00271,beamforming,BEAM_HO_CORRELATED,FAIL,,-108,5,6,,,306,,,,,,,ho_status=PREP_FAILURE,2,39.0,5.8
2026-07-01 08:00:00,XYZ403,UE00272,beamforming,BEAM_HO_CORRELATED,FAIL,,-92,11,9,,,420,,,,,,,ho_status=PREP_FAILURE,3,63.0,4.2
2026-07-01 09:00:00,XYZ401,UE00273,beamforming,BEAM_HO_CORRELATED,FAIL,,-97,11,9,,,370,,,,,,,ho_status=EXEC_FAILURE,4,63.0,6.8
2026-07-01 10:00:00,XYZ402,UE00274,beamforming,BEAM_HO_CORRELATED,FAIL,,-86,16,11,,,412,,,,,,,ho_status=PREP_FAILURE,5,81.0,1.2
2026-07-01 11:00:00,XYZ403,UE00275,beamforming,BEAM_FAILURE,FAIL,,-87,15,10,,,380,,,,,,,ho_status=SUCCESS,6,77.0,4.4
2026-07-01 12:00:00,XYZ401,UE00276,beamforming,BEAM_HO_CORRELATED,FAIL,,-119,-3,3,,,117,,,,,,,ho_status=EXEC_FAILURE,1,9.0,3.4
2026-07-01 13:00:00,XYZ402,UE00277,beamforming,BEAM_HO_CORRELATED,FAIL,,-107,0,4,,,154,,,,,,,ho_status=PREP_FAILURE,2,20.0,4.4
2026-07-01 14:00:00,XYZ403,UE00278,beamforming,BEAM_FAILURE,FAIL,,-101,10,8,,,399,,,,,,,ho_status=SUCCESS,3,57.0,2.8
2026-07-01 15:00:00,XYZ401,UE00279,beamforming,BEAM_HO_CORRELATED,FAIL,,-125,3,5,,,230,,,,,,,ho_status=EXEC_FAILURE,4,31.0,1.2
2026-07-01 16:00:00,XYZ402,UE00280,beamforming,BEAM_HO_CORRELATED,FAIL,,-103,9,8,,,361,,,,,,,ho_status=EXEC_FAILURE,5,55.0,0.6
2026-07-01 17:00:00,XYZ403,UE00281,beamforming,BEAM_HO_CORRELATED,FAIL,,-104,11,9,,,421,,,,,,,ho_status=EXEC_FAILURE,6,62.0,1.4
2026-07-01 18:00:00,XYZ401,UE00282,beamforming,BEAM_FAILURE,FAIL,,-97,7,7,,,274,,,,,,,ho_status=SUCCESS,1,46.0,6.0
2026-07-01 19:00:00,XYZ402,UE00283,beamforming,BEAM_HO_CORRELATED,FAIL,,-109,0,4,,,176,,,,,,,ho_status=EXEC_FAILURE,2,21.0,3.2
2026-07-01 20:00:00,XYZ403,UE00284,beamforming,BEAM_FAILURE,FAIL,,-110,4,6,,,271,,,,,,,ho_status=SUCCESS,3,36.0,2.4
2026-07-01 21:00:00,XYZ401,UE00285,beamforming,BEAM_HO_CORRELATED,FAIL,,-83,13,9,,,449,,,,,,,ho_status=PREP_FAILURE,4,68.0,5.8
2026-07-01 22:00:00,XYZ402,UE00286,beamforming,BEAM_HO_CORRELATED,FAIL,,-116,-3,3,,,149,,,,,,,ho_status=EXEC_FAILURE,5,10.0,1.4
2026-07-01 23:00:00,XYZ403,UE00287,beamforming,BEAM_FAILURE,FAIL,,-101,5,6,,,289,,,,,,,ho_status=SUCCESS,6,40.0,4.4
2026-07-01 00:00:00,XYZ401,UE00288,beamforming,BEAM_HO_CORRELATED,FAIL,,-109,0,4,,,213,,,,,,,ho_status=EXEC_FAILURE,1,21.0,3.6
2026-07-01 01:00:00,XYZ402,UE00289,beamforming,BEAM_HO_CORRELATED,FAIL,,-113,0,4,,,164,,,,,,,ho_status=EXEC_FAILURE,2,21.0,6.2
2026-07-01 02:00:00,XYZ403,UE00290,beamforming,BEAM_HO_CORRELATED,FAIL,,-114,0,4,,,211,,,,,,,ho_status=EXEC_FAILURE,3,20.0,5.2
2026-07-01 03:00:00,XYZ401,UE00291,beamforming,BEAM_HO_CORRELATED,FAIL,,-105,0,4,,,198,,,,,,,ho_status=EXEC_FAILURE,4,20.0,1.8
2026-07-01 04:00:00,XYZ402,UE00292,beamforming,BEAM_FAILURE,FAIL,,-112,-2,3,,,146,,,,,,,ho_status=SUCCESS,5,13.0,3.8
2026-07-01 05:00:00,XYZ403,UE00293,beamforming,BEAM_FAILURE,FAIL,,-108,1,4,,,156,,,,,,,ho_status=SUCCESS,6,22.0,2.8
2026-07-01 06:00:00,XYZ401,UE00294,beamforming,BEAM_HO_CORRELATED,FAIL,,-110,2,5,,,181,,,,,,,ho_status=EXEC_FAILURE,1,29.0,4.0
2026-07-01 07:00:00,XYZ402,UE00295,beamforming,BEAM_FAILURE,FAIL,,-108,2,5,,,188,,,,,,,ho_status=SUCCESS,2,28.0,5.6
2026-07-01 08:00:00,XYZ403,UE00296,beamforming,BEAM_FAILURE,FAIL,,-107,1,4,,,197,,,,,,,ho_status=SUCCESS,3,22.0,5.4
2026-07-01 09:00:00,XYZ401,UE00297,beamforming,BEAM_HO_CORRELATED,FAIL,,-88,22,13,,,611,,,,,,,ho_status=EXEC_FAILURE,4,100.0,4.0
2026-07-01 10:00:00,XYZ402,UE00298,beamforming,BEAM_FAILURE,FAIL,,-113,-2,3,,,153,,,,,,,ho_status=SUCCESS,5,13.0,1.0
2026-07-01 11:00:00,XYZ403,UE00299,beamforming,BEAM_HO_CORRELATED,FAIL,,-101,5,6,,,316,,,,,,,ho_status=PREP_FAILURE,6,40.0,4.8
2026-07-01 12:00:00,XYZ401,UE00300,beamforming,BEAM_HO_CORRELATED,FAIL,,-104,12,9,,,460,,,,,,,ho_status=EXEC_FAILURE,1,65.0,2.8
2026-07-01 13:00:00,XYZ402,UE00301,beamforming,BEAM_HO_CORRELATED,FAIL,,-106,4,6,,,256,,,,,,,ho_status=PREP_FAILURE,2,36.0,0.0
2026-07-01 14:00:00,XYZ403,UE00302,beamforming,BEAM_HO_CORRELATED,FAIL,,-110,0,4,,,146,,,,,,,ho_status=EXEC_FAILURE,3,20.0,0.6
2026-07-01 15:00:00,XYZ401,UE00303,beamforming,BEAM_HO_CORRELATED,FAIL,,-95,9,8,,,419,,,,,,,ho_status=PREP_FAILURE,4,54.0,3.0
2026-07-01 16:00:00,XYZ402,UE00304,beamforming,BEAM_HO_CORRELATED,FAIL,,-109,0,4,,,144,,,,,,,ho_status=PREP_FAILURE,5,20.0,0.6
2026-07-01 17:00:00,XYZ403,UE00305,beamforming,BEAM_FAILURE,FAIL,,-95,8,7,,,363,,,,,,,ho_status=SUCCESS,6,50.0,2.0
2026-07-01 18:00:00,XYZ401,UE00306,beamforming,BEAM_HO_CORRELATED,FAIL,,-97,14,10,,,428,,,,,,,ho_status=EXEC_FAILURE,1,74.0,2.4
2026-07-01 19:00:00,XYZ402,UE00307,beamforming,BEAM_HO_CORRELATED,FAIL,,-105,8,7,,,367,,,,,,,ho_status=PREP_FAILURE,2,50.0,6.6
2026-07-01 20:00:00,XYZ403,UE00308,beamforming,BEAM_HO_CORRELATED,FAIL,,-85,19,12,,,482,,,,,,,ho_status=PREP_FAILURE,3,93.0,4.0
2026-07-01 21:00:00,XYZ401,UE00309,beamforming,BEAM_HO_CORRELATED,FAIL,,-124,1,4,,,185,,,,,,,ho_status=EXEC_FAILURE,4,24.0,2.2
2026-07-01 22:00:00,XYZ402,UE00310,beamforming,BEAM_FAILURE,FAIL,,-107,0,4,,,150,,,,,,,ho_status=SUCCESS,5,21.0,3.2
2026-07-01 23:00:00,XYZ403,UE00311,beamforming,BEAM_HO_CORRELATED,FAIL,,-86,13,9,,,358,,,,,,,ho_status=EXEC_FAILURE,6,69.0,5.6
2026-07-01 00:00:00,XYZ401,UE00312,beamforming,BEAM_FAILURE,FAIL,,-110,4,6,,,244,,,,,,,ho_status=SUCCESS,1,37.0,4.2
2026-07-01 01:00:00,XYZ402,UE00313,beamforming,BEAM_FAILURE,FAIL,,-116,3,5,,,260,,,,,,,ho_status=SUCCESS,2,30.0,3.6
2026-07-01 02:00:00,XYZ403,UE00314,beamforming,BEAM_HO_CORRELATED,FAIL,,-89,20,12,,,439,,,,,,,ho_status=EXEC_FAILURE,3,95.0,2.4
2026-07-01 03:00:00,XYZ401,UE00315,beamforming,BEAM_HO_CORRELATED,FAIL,,-109,0,4,,,177,,,,,,,ho_status=PREP_FAILURE,4,21.0,1.8
2026-07-01 04:00:00,XYZ402,UE00316,beamforming,BEAM_HO_CORRELATED,FAIL,,-101,12,9,,,400,,,,,,,ho_status=PREP_FAILURE,5,66.0,6.2
2026-07-01 05:00:00,XYZ403,UE00317,beamforming,BEAM_HO_CORRELATED,FAIL,,-111,0,4,,,192,,,,,,,ho_status=PREP_FAILURE,6,21.0,0.2
2026-07-01 06:00:00,XYZ401,UE00318,beamforming,BEAM_FAILURE,FAIL,,-96,5,6,,,283,,,,,,,ho_status=SUCCESS,1,40.0,3.0
2026-07-01 07:00:00,XYZ402,UE00319,beamforming,BEAM_HO_CORRELATED,FAIL,,-99,10,8,,,377,,,,,,,ho_status=EXEC_FAILURE,2,58.0,3.8
2026-07-01 08:00:00,XYZ403,UE00320,beamforming,BEAM_HO_CORRELATED,FAIL,,-107,2,5,,,252,,,,,,,ho_status=PREP_FAILURE,3,29.0,3.8
2026-07-01 09:00:00,XYZ401,UE00321,beamforming,BEAM_FAILURE,FAIL,,-109,4,6,,,293,,,,,,,ho_status=SUCCESS,4,37.0,2.6
2026-07-01 10:00:00,XYZ402,UE00322,beamforming,BEAM_FAILURE,FAIL,,-120,0,4,,,149,,,,,,,ho_status=SUCCESS,5,20.0,4.0
2026-07-01 11:00:00,XYZ403,UE00323,beamforming,BEAM_FAILURE,FAIL,,-113,-1,3,,,132,,,,,,,ho_status=SUCCESS,6,14.0,0.8
2026-07-01 12:00:00,XYZ401,UE00324,beamforming,BEAM_FAILURE,FAIL,,-107,1,4,,,184,,,,,,,ho_status=SUCCESS,1,22.0,1.0
2026-07-01 13:00:00,XYZ402,UE00325,beamforming,BEAM_HO_CORRELATED,FAIL,,-104,4,6,,,235,,,,,,,ho_status=EXEC_FAILURE,2,37.0,4.6
2026-07-01 14:00:00,XYZ403,UE00326,beamforming,BEAM_HO_CORRELATED,FAIL,,-113,0,4,,,192,,,,,,,ho_status=EXEC_FAILURE,3,21.0,5.6
2026-07-01 15:00:00,XYZ401,UE00327,beamforming,BEAM_HO_CORRELATED,FAIL,,-104,5,6,,,269,,,,,,,ho_status=EXEC_FAILURE,4,38.0,2.4
2026-07-01 16:00:00,XYZ402,UE00328,beamforming,BEAM_HO_CORRELATED,FAIL,,-112,-4,2,,,82,,,,,,,ho_status=EXEC_FAILURE,5,5.0,2.4
2026-07-01 17:00:00,XYZ403,UE00329,beamforming,BEAM_HO_CORRELATED,FAIL,,-105,4,6,,,272,,,,,,,ho_status=EXEC_FAILURE,6,36.0,1.0
2026-07-01 18:00:00,XYZ401,UE00330,beamforming,BEAM_HO_CORRELATED,FAIL,,-95,16,11,,,500,,,,,,,ho_status=PREP_FAILURE,1,81.0,3.0
2026-07-01 19:00:00,XYZ402,UE00331,beamforming,BEAM_FAILURE,FAIL,,-112,2,5,,,202,,,,,,,ho_status=SUCCESS,2,28.0,5.4
2026-07-01 20:00:00,XYZ403,UE00332,beamforming,BEAM_FAILURE,FAIL,,-99,4,6,,,264,,,,,,,ho_status=SUCCESS,3,36.0,5.6
2026-07-01 21:00:00,XYZ401,UE00333,beamforming,BEAM_FAILURE,FAIL,,-96,4,6,,,237,,,,,,,ho_status=SUCCESS,4,37.0,1.2
2026-07-01 22:00:00,XYZ402,UE00334,beamforming,BEAM_HO_CORRELATED,FAIL,,-106,8,7,,,321,,,,,,,ho_status=EXEC_FAILURE,5,50.0,1.6
2026-07-01 23:00:00,XYZ403,UE00335,beamforming,BEAM_HO_CORRELATED,FAIL,,-103,4,6,,,248,,,,,,,ho_status=PREP_FAILURE,6,37.0,6.0
2026-07-01 00:00:00,XYZ401,UE00336,beamforming,BEAM_HO_CORRELATED,FAIL,,-107,1,4,,,209,,,,,,,ho_status=PREP_FAILURE,1,22.0,5.0
2026-07-01 01:00:00,XYZ402,UE00337,beamforming,BEAM_HO_CORRELATED,FAIL,,-95,9,8,,,371,,,,,,,ho_status=EXEC_FAILURE,2,55.0,6.4
2026-07-01 02:00:00,XYZ403,UE00338,beamforming,BEAM_FAILURE,FAIL,,-113,-5,2,,,93,,,,,,,ho_status=SUCCESS,3,5.0,3.4
2026-07-01 03:00:00,XYZ401,UE00339,beamforming,BEAM_FAILURE,FAIL,,-102,6,6,,,254,,,,,,,ho_status=SUCCESS,4,41.0,4.2
2026-07-01 04:00:00,XYZ402,UE00340,beamforming,BEAM_FAILURE,FAIL,,-83,19,12,,,435,,,,,,,ho_status=SUCCESS,5,92.0,4.2
2026-07-01 05:00:00,XYZ403,UE00341,beamforming,BEAM_FAILURE,FAIL,,-97,7,7,,,275,,,,,,,ho_status=SUCCESS,6,48.0,2.8
2026-07-01 06:00:00,XYZ401,UE00342,beamforming,BEAM_HO_CORRELATED,FAIL,,-106,5,6,,,222,,,,,,,ho_status=PREP_FAILURE,1,39.0,4.4
2026-07-01 07:00:00,XYZ402,UE00343,beamforming,BEAM_OK,SUCCESS,,-89,15,10,,,454,,,,,,,ho_status=SUCCESS,2,75.0,1.8
2026-07-01 08:00:00,XYZ403,UE00344,beamforming,BEAM_HO_CORRELATED,FAIL,,-114,0,4,,,155,,,,,,,ho_status=PREP_FAILURE,3,20.0,1.0
2026-07-01 09:00:00,XYZ401,UE00345,beamforming,BEAM_HO_CORRELATED,FAIL,,-93,15,10,,,419,,,,,,,ho_status=PREP_FAILURE,4,77.0,1.6
2026-07-01 10:00:00,XYZ402,UE00346,beamforming,BEAM_HO_CORRELATED,FAIL,,-95,8,7,,,320,,,,,,,ho_status=EXEC_FAILURE,5,49.0,2.2
2026-07-01 11:00:00,XYZ403,UE00347,beamforming,BEAM_HO_CORRELATED,FAIL,,-91,7,7,,,329,,,,,,,ho_status=EXEC_FAILURE,6,47.0,3.6
2026-07-01 12:00:00,XYZ401,UE00348,beamforming,BEAM_HO_CORRELATED,FAIL,,-117,0,4,,,183,,,,,,,ho_status=EXEC_FAILURE,1,21.0,4.4
2026-07-01 13:00:00,XYZ402,UE00349,beamforming,BEAM_HO_CORRELATED,FAIL,,-115,1,4,,,153,,,,,,,ho_status=EXEC_FAILURE,2,23.0,1.0
2026-07-01 14:00:00,XYZ403,UE00350,beamforming,BEAM_FAILURE,FAIL,,-109,0,4,,,185,,,,,,,ho_status=SUCCESS,3,20.0,1.2
2026-07-01 15:00:00,XYZ401,UE00351,beamforming,BEAM_FAILURE,FAIL,,-108,6,6,,,250,,,,,,,ho_status=SUCCESS,4,42.0,5.4
2026-07-01 16:00:00,XYZ402,UE00352,beamforming,BEAM_FAILURE,FAIL,,-77,17,11,,,511,,,,,,,ho_status=SUCCESS,5,85.0,6.8
2026-07-01 17:00:00,XYZ403,UE00353,beamforming,BEAM_HO_CORRELATED,FAIL,,-103,6,6,,,309,,,,,,,ho_status=EXEC_FAILURE,6,42.0,4.8
2026-07-01 18:00:00,XYZ401,UE00354,beamforming,BEAM_HO_CORRELATED,FAIL,,-117,1,4,,,158,,,,,,,ho_status=PREP_FAILURE,1,23.0,6.6
2026-07-01 19:00:00,XYZ402,UE00355,beamforming,BEAM_FAILURE,FAIL,,-89,10,8,,,328,,,,,,,ho_status=SUCCESS,2,58.0,1.6
2026-07-01 20:00:00,XYZ403,UE00356,beamforming,BEAM_HO_CORRELATED,FAIL,,-114,2,5,,,239,,,,,,,ho_status=EXEC_FAILURE,3,28.0,2.4
2026-07-01 21:00:00,XYZ401,UE00357,beamforming,BEAM_FAILURE,FAIL,,-114,-2,3,,,119,,,,,,,ho_status=SUCCESS,4,13.0,2.4
2026-07-01 22:00:00,XYZ402,UE00358,beamforming,BEAM_HO_CORRELATED,FAIL,,-105,6,6,,,225,,,,,,,ho_status=EXEC_FAILURE,5,41.0,5.0
2026-07-01 23:00:00,XYZ403,UE00359,beamforming,BEAM_HO_CORRELATED,FAIL,,-87,8,7,,,298,,,,,,,ho_status=EXEC_FAILURE,6,49.0,2.0
2026-07-01 00:00:00,XYZ401,UE00360,beamforming,BEAM_HO_CORRELATED,FAIL,,-79,21,13,,,647,,,,,,,ho_status=EXEC_FAILURE,1,100.0,3.6
2026-07-01 01:00:00,XYZ402,UE00361,beamforming,BEAM_OK,SUCCESS,,-89,14,10,,,505,,,,,,,ho_status=SUCCESS,2,74.0,2.4
2026-07-01 02:00:00,XYZ403,UE00362,beamforming,BEAM_HO_CORRELATED,FAIL,,-116,-8,1,,,45,,,,,,,ho_status=PREP_FAILURE,3,5.0,6.6
2026-07-01 03:00:00,XYZ401,UE00363,beamforming,BEAM_HO_CORRELATED,FAIL,,-112,0,4,,,212,,,,,,,ho_status=EXEC_FAILURE,4,20.0,1.2
2026-07-01 04:00:00,XYZ402,UE00364,beamforming,BEAM_HO_CORRELATED,FAIL,,-106,0,4,,,159,,,,,,,ho_status=PREP_FAILURE,5,20.0,4.4
2026-07-01 05:00:00,XYZ403,UE00365,beamforming,BEAM_HO_CORRELATED,FAIL,,-102,2,5,,,263,,,,,,,ho_status=EXEC_FAILURE,6,28.0,6.8
2026-07-01 06:00:00,XYZ401,UE00366,beamforming,BEAM_FAILURE,FAIL,,-106,10,8,,,298,,,,,,,ho_status=SUCCESS,1,58.0,1.4
2026-07-01 07:00:00,XYZ402,UE00367,beamforming,BEAM_FAILURE,FAIL,,-92,13,9,,,365,,,,,,,ho_status=SUCCESS,2,69.0,5.6
2026-07-01 08:00:00,XYZ403,UE00368,beamforming,BEAM_HO_CORRELATED,FAIL,,-93,12,9,,,420,,,,,,,ho_status=PREP_FAILURE,3,65.0,4.0
2026-07-01 09:00:00,XYZ401,UE00369,beamforming,BEAM_FAILURE,FAIL,,-110,3,5,,,208,,,,,,,ho_status=SUCCESS,4,31.0,0.8
2026-07-01 10:00:00,XYZ402,UE00370,beamforming,BEAM_FAILURE,FAIL,,-99,11,9,,,334,,,,,,,ho_status=SUCCESS,5,64.0,0.0
2026-07-01 11:00:00,XYZ403,UE00371,beamforming,BEAM_HO_CORRELATED,FAIL,,-92,17,11,,,577,,,,,,,ho_status=PREP_FAILURE,6,84.0,6.6
2026-07-01 12:00:00,XYZ401,UE00372,beamforming,BEAM_HO_CORRELATED,FAIL,,-111,1,4,,,192,,,,,,,ho_status=PREP_FAILURE,1,22.0,6.6
2026-07-01 13:00:00,XYZ402,UE00373,beamforming,BEAM_HO_CORRELATED,FAIL,,-106,3,5,,,257,,,,,,,ho_status=EXEC_FAILURE,2,31.0,5.0
2026-07-01 14:00:00,XYZ403,UE00374,beamforming,BEAM_HO_CORRELATED,FAIL,,-88,19,12,,,445,,,,,,,ho_status=EXEC_FAILURE,3,92.0,5.8
2026-07-01 15:00:00,XYZ401,UE00375,beamforming,BEAM_HO_CORRELATED,FAIL,,-102,0,4,,,166,,,,,,,ho_status=EXEC_FAILURE,4,20.0,2.8
2026-07-01 16:00:00,XYZ402,UE00376,beamforming,BEAM_HO_CORRELATED,FAIL,,-101,3,5,,,192,,,,,,,ho_status=EXEC_FAILURE,5,31.0,5.0
2026-07-01 17:00:00,XYZ403,UE00377,beamforming,BEAM_HO_CORRELATED,FAIL,,-116,-3,3,,,128,,,,,,,ho_status=PREP_FAILURE,6,10.0,2.6
2026-07-01 18:00:00,XYZ401,UE00378,beamforming,BEAM_FAILURE,FAIL,,-97,10,8,,,310,,,,,,,ho_status=SUCCESS,1,57.0,1.0
2026-07-01 19:00:00,XYZ402,UE00379,beamforming,BEAM_HO_CORRELATED,FAIL,,-93,11,9,,,438,,,,,,,ho_status=PREP_FAILURE,2,64.0,6.4
2026-07-01 20:00:00,XYZ403,UE00380,beamforming,BEAM_HO_CORRELATED,FAIL,,-104,3,5,,,210,,,,,,,ho_status=PREP_FAILURE,3,32.0,6.2
2026-07-01 21:00:00,XYZ401,UE00381,beamforming,BEAM_HO_CORRELATED,FAIL,,-112,-3,3,,,143,,,,,,,ho_status=EXEC_FAILURE,4,9.0,2.2
2026-07-01 22:00:00,XYZ402,UE00382,beamforming,BEAM_FAILURE,FAIL,,-98,12,9,,,467,,,,,,,ho_status=SUCCESS,5,66.0,4.4
2026-07-01 23:00:00,XYZ403,UE00383,beamforming,BEAM_FAILURE,FAIL,,-101,2,5,,,228,,,,,,,ho_status=SUCCESS,6,29.0,0.2
2026-07-01 00:00:00,XYZ401,UE00384,beamforming,BEAM_FAILURE,FAIL,,-91,9,8,,,415,,,,,,,ho_status=SUCCESS,1,55.0,3.2
2026-07-01 01:00:00,XYZ402,UE00385,beamforming,BEAM_HO_CORRELATED,FAIL,,-80,13,9,,,332,,,,,,,ho_status=PREP_FAILURE,2,68.0,5.2
2026-07-01 02:00:00,XYZ403,UE00386,beamforming,BEAM_HO_CORRELATED,FAIL,,-106,2,5,,,262,,,,,,,ho_status=EXEC_FAILURE,3,29.0,6.4
2026-07-01 03:00:00,XYZ401,UE00387,beamforming,BEAM_FAILURE,FAIL,,-109,1,4,,,204,,,,,,,ho_status=SUCCESS,4,22.0,4.8
2026-07-01 04:00:00,XYZ402,UE00388,beamforming,BEAM_FAILURE,FAIL,,-114,4,6,,,280,,,,,,,ho_status=SUCCESS,5,37.0,3.8
2026-07-01 05:00:00,XYZ403,UE00389,beamforming,BEAM_HO_CORRELATED,FAIL,,-113,-2,3,,,146,,,,,,,ho_status=PREP_FAILURE,6,12.0,6.6
2026-07-01 06:00:00,XYZ401,UE00390,beamforming,BEAM_HO_CORRELATED,FAIL,,-113,-1,3,,,116,,,,,,,ho_status=PREP_FAILURE,1,15.0,0.4
2026-07-01 07:00:00,XYZ402,UE00391,beamforming,BEAM_HO_CORRELATED,FAIL,,-102,5,6,,,280,,,,,,,ho_status=EXEC_FAILURE,2,38.0,1.2
2026-07-01 08:00:00,XYZ403,UE00392,beamforming,BEAM_HO_CORRELATED,FAIL,,-114,-3,3,,,146,,,,,,,ho_status=PREP_FAILURE,3,11.0,2.8
2026-07-01 09:00:00,XYZ401,UE00393,beamforming,BEAM_HO_CORRELATED,FAIL,,-110,0,4,,,166,,,,,,,ho_status=PREP_FAILURE,4,20.0,1.8
2026-07-01 10:00:00,XYZ402,UE00394,beamforming,BEAM_HO_CORRELATED,FAIL,,-91,18,12,,,469,,,,,,,ho_status=PREP_FAILURE,5,90.0,4.0
2026-07-01 11:00:00,XYZ403,UE00395,beamforming,BEAM_FAILURE,FAIL,,-110,-2,3,,,140,,,,,,,ho_status=SUCCESS,6,12.0,1.4
2026-07-01 12:00:00,XYZ401,UE00396,beamforming,BEAM_FAILURE,FAIL,,-97,2,5,,,247,,,,,,,ho_status=SUCCESS,1,28.0,5.8
2026-07-01 13:00:00,XYZ402,UE00397,beamforming,BEAM_HO_CORRELATED,FAIL,,-120,0,4,,,144,,,,,,,ho_status=PREP_FAILURE,2,20.0,4.6
2026-07-01 14:00:00,XYZ403,UE00398,beamforming,BEAM_HO_CORRELATED,FAIL,,-93,8,7,,,309,,,,,,,ho_status=PREP_FAILURE,3,49.0,5.2
2026-07-01 15:00:00,XYZ401,UE00399,beamforming,BEAM_FAILURE,FAIL,,-111,0,4,,,195,,,,,,,ho_status=SUCCESS,4,21.0,6.4
2026-07-01 16:00:00,XYZ402,UE00400,beamforming,BEAM_HO_CORRELATED,FAIL,,-79,22,13,,,541,,,,,,,ho_status=PREP_FAILURE,5,100.0,1.8
2026-07-01 17:00:00,XYZ403,UE00401,beamforming,BEAM_HO_CORRELATED,FAIL,,-107,-2,3,,,144,,,,,,,ho_status=PREP_FAILURE,6,12.0,4.4
2026-07-01 18:00:00,XYZ401,UE00402,beamforming,BEAM_HO_CORRELATED,FAIL,,-96,14,10,,,417,,,,,,,ho_status=EXEC_FAILURE,1,74.0,2.2
2026-07-01 19:00:00,XYZ402,UE00403,beamforming,BEAM_FAILURE,FAIL,,-104,6,6,,,302,,,,,,,ho_status=SUCCESS,2,41.0,2.4
2026-07-01 20:00:00,XYZ403,UE00404,beamforming,BEAM_OK,SUCCESS,,-89,16,11,,,432,,,,,,,ho_status=SUCCESS,3,82.0,0.0
2026-07-01 21:00:00,XYZ401,UE00405,beamforming,BEAM_HO_CORRELATED,FAIL,,-100,4,6,,,318,,,,,,,ho_status=PREP_FAILURE,4,37.0,0.6
2026-07-01 22:00:00,XYZ402,UE00406,beamforming,BEAM_HO_CORRELATED,FAIL,,-110,8,7,,,330,,,,,,,ho_status=PREP_FAILURE,5,49.0,6.6
2026-07-01 23:00:00,XYZ403,UE00407,beamforming,BEAM_HO_CORRELATED,FAIL,,-111,-5,2,,,105,,,,,,,ho_status=EXEC_FAILURE,6,5.0,2.8
2026-07-01 00:00:00,XYZ401,UE00408,beamforming,BEAM_HO_CORRELATED,FAIL,,-94,10,8,,,342,,,,,,,ho_status=EXEC_FAILURE,1,57.0,0.4
2026-07-01 01:00:00,XYZ402,UE00409,beamforming,BEAM_HO_CORRELATED,FAIL,,-104,-1,3,,,115,,,,,,,ho_status=PREP_FAILURE,2,15.0,5.4
2026-07-01 02:00:00,XYZ403,UE00410,beamforming,BEAM_FAILURE,FAIL,,-101,9,8,,,290,,,,,,,ho_status=SUCCESS,3,55.0,4.4
2026-07-01 03:00:00,XYZ401,UE00411,beamforming,BEAM_HO_CORRELATED,FAIL,,-102,8,7,,,298,,,,,,,ho_status=EXEC_FAILURE,4,50.0,6.6
2026-07-01 04:00:00,XYZ402,UE00412,beamforming,BEAM_HO_CORRELATED,FAIL,,-124,-2,3,,,145,,,,,,,ho_status=EXEC_FAILURE,5,12.0,2.2
2026-07-01 05:00:00,XYZ403,UE00413,beamforming,BEAM_HO_CORRELATED,FAIL,,-98,10,8,,,361,,,,,,,ho_status=PREP_FAILURE,6,57.0,2.4
2026-07-01 06:00:00,XYZ401,UE00414,beamforming,BEAM_FAILURE,FAIL,,-106,7,7,,,293,,,,,,,ho_status=SUCCESS,1,48.0,0.8
2026-07-01 07:00:00,XYZ402,UE00415,beamforming,BEAM_FAILURE,FAIL,,-99,2,5,,,191,,,,,,,ho_status=SUCCESS,2,28.0,2.6
2026-07-01 08:00:00,XYZ403,UE00416,beamforming,BEAM_OK,SUCCESS,,-80,18,12,,,494,,,,,,,ho_status=SUCCESS,3,90.0,2.4
2026-07-01 09:00:00,XYZ401,UE00417,beamforming,BEAM_FAILURE,FAIL,,-101,0,4,,,213,,,,,,,ho_status=SUCCESS,4,20.0,3.8
2026-07-01 10:00:00,XYZ402,UE00418,beamforming,BEAM_FAILURE,FAIL,,-111,-1,3,,,110,,,,,,,ho_status=SUCCESS,5,14.0,0.4
2026-07-01 11:00:00,XYZ403,UE00419,beamforming,BEAM_HO_CORRELATED,FAIL,,-100,9,8,,,418,,,,,,,ho_status=PREP_FAILURE,6,55.0,0.2
2026-07-01 12:00:00,XYZ401,UE00420,beamforming,BEAM_FAILURE,FAIL,,-116,-3,3,,,148,,,,,,,ho_status=SUCCESS,1,10.0,3.4
2026-07-01 13:00:00,XYZ402,UE00421,beamforming,BEAM_HO_CORRELATED,FAIL,,-107,-2,3,,,137,,,,,,,ho_status=PREP_FAILURE,2,13.0,3.4
2026-07-01 14:00:00,XYZ403,UE00422,beamforming,BEAM_FAILURE,FAIL,,-97,5,6,,,268,,,,,,,ho_status=SUCCESS,3,38.0,4.2
2026-07-01 15:00:00,XYZ401,UE00423,beamforming,BEAM_HO_CORRELATED,FAIL,,-96,16,11,,,587,,,,,,,ho_status=PREP_FAILURE,4,82.0,3.4
2026-07-01 16:00:00,XYZ402,UE00424,beamforming,BEAM_HO_CORRELATED,FAIL,,-111,4,6,,,242,,,,,,,ho_status=EXEC_FAILURE,5,36.0,6.8
2026-07-01 17:00:00,XYZ403,UE00425,beamforming,BEAM_FAILURE,FAIL,,-102,6,6,,,228,,,,,,,ho_status=SUCCESS,6,42.0,0.6
2026-07-01 18:00:00,XYZ401,UE00426,beamforming,BEAM_HO_CORRELATED,FAIL,,-110,-2,3,,,142,,,,,,,ho_status=PREP_FAILURE,1,12.0,1.2
2026-07-01 19:00:00,XYZ402,UE00427,beamforming,BEAM_HO_CORRELATED,FAIL,,-112,4,6,,,230,,,,,,,ho_status=EXEC_FAILURE,2,37.0,0.4
2026-07-01 20:00:00,XYZ403,UE00428,beamforming,BEAM_HO_CORRELATED,FAIL,,-111,1,4,,,173,,,,,,,ho_status=PREP_FAILURE,3,24.0,5.2
2026-07-01 21:00:00,XYZ401,UE00429,beamforming,BEAM_HO_CORRELATED,FAIL,,-122,-2,3,,,127,,,,,,,ho_status=EXEC_FAILURE,4,12.0,4.8
2026-07-01 22:00:00,XYZ402,UE00430,beamforming,BEAM_FAILURE,FAIL,,-97,13,9,,,464,,,,,,,ho_status=SUCCESS,5,69.0,0.4
2026-07-01 23:00:00,XYZ403,UE00431,beamforming,BEAM_HO_CORRELATED,FAIL,,-114,-3,3,,,132,,,,,,,ho_status=PREP_FAILURE,6,10.0,3.0
2026-07-01 00:00:00,XYZ401,UE00432,beamforming,BEAM_FAILURE,FAIL,,-104,1,4,,,145,,,,,,,ho_status=SUCCESS,1,23.0,0.2
2026-07-01 01:00:00,XYZ402,UE00433,beamforming,BEAM_FAILURE,FAIL,,-96,11,9,,,449,,,,,,,ho_status=SUCCESS,2,64.0,4.2
2026-07-01 02:00:00,XYZ403,UE00434,beamforming,BEAM_HO_CORRELATED,FAIL,,-95,7,7,,,361,,,,,,,ho_status=PREP_FAILURE,3,48.0,1.8
2026-07-01 03:00:00,XYZ401,UE00435,beamforming,BEAM_FAILURE,FAIL,,-78,9,8,,,326,,,,,,,ho_status=SUCCESS,4,55.0,5.4
2026-07-01 04:00:00,XYZ402,UE00436,beamforming,BEAM_HO_CORRELATED,FAIL,,-101,3,5,,,192,,,,,,,ho_status=EXEC_FAILURE,5,30.0,5.4
2026-07-01 05:00:00,XYZ403,UE00437,beamforming,BEAM_HO_CORRELATED,FAIL,,-117,4,6,,,244,,,,,,,ho_status=EXEC_FAILURE,6,36.0,2.0
2026-07-01 06:00:00,XYZ401,UE00438,beamforming,BEAM_HO_CORRELATED,FAIL,,-112,2,5,,,191,,,,,,,ho_status=EXEC_FAILURE,1,28.0,0.0
2026-07-01 07:00:00,XYZ402,UE00439,beamforming,BEAM_HO_CORRELATED,FAIL,,-117,0,4,,,177,,,,,,,ho_status=EXEC_FAILURE,2,21.0,1.8
2026-07-01 08:00:00,XYZ403,UE00440,beamforming,BEAM_FAILURE,FAIL,,-115,0,4,,,166,,,,,,,ho_status=SUCCESS,3,20.0,0.8
2026-07-01 09:00:00,XYZ401,UE00441,beamforming,BEAM_HO_CORRELATED,FAIL,,-122,-8,1,,,48,,,,,,,ho_status=PREP_FAILURE,4,5.0,4.8
2026-07-01 10:00:00,XYZ402,UE00442,beamforming,BEAM_FAILURE,FAIL,,-88,10,8,,,363,,,,,,,ho_status=SUCCESS,5,57.0,5.8
2026-07-01 11:00:00,XYZ403,UE00443,beamforming,BEAM_FAILURE,FAIL,,-87,14,10,,,418,,,,,,,ho_status=SUCCESS,6,73.0,5.2
2026-07-01 12:00:00,XYZ401,UE00444,beamforming,BEAM_HO_CORRELATED,FAIL,,-111,0,4,,,164,,,,,,,ho_status=EXEC_FAILURE,1,20.0,0.2
2026-07-01 13:00:00,XYZ402,UE00445,beamforming,BEAM_FAILURE,FAIL,,-102,0,4,,,199,,,,,,,ho_status=SUCCESS,2,21.0,3.4
2026-07-01 14:00:00,XYZ403,UE00446,beamforming,BEAM_FAILURE,FAIL,,-120,2,5,,,183,,,,,,,ho_status=SUCCESS,3,28.0,0.4
2026-07-01 15:00:00,XYZ401,UE00447,beamforming,BEAM_HO_CORRELATED,FAIL,,-108,2,5,,,202,,,,,,,ho_status=EXEC_FAILURE,4,28.0,2.8
2026-07-01 16:00:00,XYZ402,UE00448,beamforming,BEAM_HO_CORRELATED,FAIL,,-99,7,7,,,289,,,,,,,ho_status=EXEC_FAILURE,5,47.0,4.4
2026-07-01 17:00:00,XYZ403,UE00449,beamforming,BEAM_HO_CORRELATED,FAIL,,-113,0,4,,,213,,,,,,,ho_status=EXEC_FAILURE,6,21.0,6.2
2026-07-01 18:00:00,XYZ401,UE00450,beamforming,BEAM_HO_CORRELATED,FAIL,,-87,11,9,,,345,,,,,,,ho_status=PREP_FAILURE,1,64.0,0.6
2026-07-01 19:00:00,XYZ402,UE00451,beamforming,BEAM_FAILURE,FAIL,,-116,3,5,,,221,,,,,,,ho_status=SUCCESS,2,32.0,6.0
2026-07-01 20:00:00,XYZ403,UE00452,beamforming,BEAM_HO_CORRELATED,FAIL,,-115,3,5,,,189,,,,,,,ho_status=EXEC_FAILURE,3,30.0,3.4
2026-07-01 21:00:00,XYZ401,UE00453,beamforming,BEAM_HO_CORRELATED,FAIL,,-111,1,4,,,148,,,,,,,ho_status=EXEC_FAILURE,4,23.0,5.6
2026-07-01 22:00:00,XYZ402,UE00454,beamforming,BEAM_HO_CORRELATED,FAIL,,-88,18,12,,,482,,,,,,,ho_status=PREP_FAILURE,5,89.0,3.4
2026-07-01 23:00:00,XYZ403,UE00455,beamforming,BEAM_HO_CORRELATED,FAIL,,-92,9,8,,,428,,,,,,,ho_status=EXEC_FAILURE,6,56.0,6.2
2026-07-01 00:00:00,XYZ401,UE00456,beamforming,BEAM_HO_CORRELATED,FAIL,,-107,12,9,,,483,,,,,,,ho_status=EXEC_FAILURE,1,66.0,1.6
2026-07-01 01:00:00,XYZ402,UE00457,beamforming,BEAM_HO_CORRELATED,FAIL,,-114,-5,2,,,94,,,,,,,ho_status=EXEC_FAILURE,2,5.0,4.8
2026-07-01 02:00:00,XYZ403,UE00458,beamforming,BEAM_HO_CORRELATED,FAIL,,-119,0,4,,,186,,,,,,,ho_status=PREP_FAILURE,3,20.0,0.2
2026-07-01 03:00:00,XYZ401,UE00459,beamforming,BEAM_FAILURE,FAIL,,-112,-3,3,,,135,,,,,,,ho_status=SUCCESS,4,10.0,1.6
2026-07-01 04:00:00,XYZ402,UE00460,beamforming,BEAM_HO_CORRELATED,FAIL,,-117,6,6,,,216,,,,,,,ho_status=EXEC_FAILURE,5,41.0,6.4
2026-07-01 05:00:00,XYZ403,UE00461,beamforming,BEAM_HO_CORRELATED,FAIL,,-97,11,9,,,420,,,,,,,ho_status=PREP_FAILURE,6,63.0,5.4
2026-07-01 06:00:00,XYZ401,UE00462,beamforming,BEAM_HO_CORRELATED,FAIL,,-109,2,5,,,230,,,,,,,ho_status=PREP_FAILURE,1,29.0,4.6
2026-07-01 07:00:00,XYZ402,UE00463,beamforming,BEAM_HO_CORRELATED,FAIL,,-106,6,6,,,273,,,,,,,ho_status=PREP_FAILURE,2,41.0,4.2
2026-07-01 08:00:00,XYZ403,UE00464,beamforming,BEAM_HO_CORRELATED,FAIL,,-112,4,6,,,259,,,,,,,ho_status=PREP_FAILURE,3,37.0,6.6
2026-07-01 09:00:00,XYZ401,UE00465,beamforming,BEAM_HO_CORRELATED,FAIL,,-109,0,4,,,173,,,,,,,ho_status=EXEC_FAILURE,4,21.0,0.2
2026-07-01 10:00:00,XYZ402,UE00466,beamforming,BEAM_HO_CORRELATED,FAIL,,-116,0,4,,,158,,,,,,,ho_status=EXEC_FAILURE,5,21.0,3.0
2026-07-01 11:00:00,XYZ403,UE00467,beamforming,BEAM_HO_CORRELATED,FAIL,,-99,12,9,,,429,,,,,,,ho_status=PREP_FAILURE,6,65.0,0.0
2026-07-01 12:00:00,XYZ401,UE00468,beamforming,BEAM_HO_CORRELATED,FAIL,,-114,1,4,,,178,,,,,,,ho_status=PREP_FAILURE,1,22.0,0.4
2026-07-01 13:00:00,XYZ402,UE00469,beamforming,BEAM_HO_CORRELATED,FAIL,,-89,12,9,,,326,,,,,,,ho_status=EXEC_FAILURE,2,65.0,6.0
2026-07-01 14:00:00,XYZ403,UE00470,beamforming,BEAM_FAILURE,FAIL,,-110,0,4,,,179,,,,,,,ho_status=SUCCESS,3,21.0,4.8
2026-07-01 15:00:00,XYZ401,UE00471,beamforming,BEAM_HO_CORRELATED,FAIL,,-115,0,4,,,150,,,,,,,ho_status=EXEC_FAILURE,4,20.0,5.8
2026-07-01 16:00:00,XYZ402,UE00472,beamforming,BEAM_FAILURE,FAIL,,-106,0,4,,,181,,,,,,,ho_status=SUCCESS,5,20.0,3.0
2026-07-01 17:00:00,XYZ403,UE00473,beamforming,BEAM_HO_CORRELATED,FAIL,,-91,10,8,,,401,,,,,,,ho_status=PREP_FAILURE,6,58.0,0.8
2026-07-01 18:00:00,XYZ401,UE00474,beamforming,BEAM_FAILURE,FAIL,,-106,6,6,,,308,,,,,,,ho_status=SUCCESS,1,42.0,6.4
2026-07-01 19:00:00,XYZ402,UE00475,beamforming,BEAM_FAILURE,FAIL,,-112,-3,3,,,133,,,,,,,ho_status=SUCCESS,2,10.0,6.4
2026-07-01 20:00:00,XYZ403,UE00476,beamforming,BEAM_FAILURE,FAIL,,-111,3,5,,,230,,,,,,,ho_status=SUCCESS,3,31.0,4.6
2026-07-01 21:00:00,XYZ401,UE00477,beamforming,BEAM_OK,SUCCESS,,-76,22,13,,,572,,,,,,,ho_status=SUCCESS,4,100.0,3.2
2026-07-01 22:00:00,XYZ402,UE00478,beamforming,BEAM_HO_CORRELATED,FAIL,,-89,10,8,,,392,,,,,,,ho_status=PREP_FAILURE,5,58.0,6.6
2026-07-01 23:00:00,XYZ403,UE00479,beamforming,BEAM_HO_CORRELATED,FAIL,,-108,2,5,,,201,,,,,,,ho_status=PREP_FAILURE,6,28.0,4.6
2026-07-01 00:00:00,XYZ401,UE00480,beamforming,BEAM_HO_CORRELATED,FAIL,,-118,-2,3,,,136,,,,,,,ho_status=EXEC_FAILURE,1,12.0,5.4
2026-07-01 01:00:00,XYZ402,UE00481,beamforming,BEAM_HO_CORRELATED,FAIL,,-116,-1,3,,,128,,,,,,,ho_status=PREP_FAILURE,2,15.0,5.0
2026-07-01 02:00:00,XYZ403,UE00482,beamforming,BEAM_HO_CORRELATED,FAIL,,-99,20,12,,,591,,,,,,,ho_status=EXEC_FAILURE,3,94.0,3.4
2026-07-01 03:00:00,XYZ401,UE00483,beamforming,BEAM_HO_CORRELATED,FAIL,,-119,-2,3,,,118,,,,,,,ho_status=PREP_FAILURE,4,13.0,4.0
2026-07-01 04:00:00,XYZ402,UE00484,beamforming,BEAM_FAILURE,FAIL,,-96,8,7,,,313,,,,,,,ho_status=SUCCESS,5,50.0,6.8
2026-07-01 05:00:00,XYZ403,UE00485,beamforming,BEAM_HO_CORRELATED,FAIL,,-106,11,9,,,406,,,,,,,ho_status=PREP_FAILURE,6,63.0,5.8
2026-07-01 06:00:00,XYZ401,UE00486,beamforming,BEAM_HO_CORRELATED,FAIL,,-89,17,11,,,547,,,,,,,ho_status=PREP_FAILURE,1,84.0,3.4
2026-07-01 07:00:00,XYZ402,UE00487,beamforming,BEAM_HO_CORRELATED,FAIL,,-110,-4,2,,,72,,,,,,,ho_status=EXEC_FAILURE,2,5.0,1.2
2026-07-01 08:00:00,XYZ403,UE00488,beamforming,BEAM_HO_CORRELATED,FAIL,,-86,9,8,,,288,,,,,,,ho_status=EXEC_FAILURE,3,55.0,3.8
2026-07-01 09:00:00,XYZ401,UE00489,beamforming,BEAM_HO_CORRELATED,FAIL,,-96,15,10,,,390,,,,,,,ho_status=EXEC_FAILURE,4,76.0,4.8
2026-07-01 10:00:00,XYZ402,UE00490,beamforming,BEAM_OK,SUCCESS,,-75,21,13,,,663,,,,,,,ho_status=SUCCESS,5,100.0,1.8
2026-07-01 11:00:00,XYZ403,UE00491,beamforming,BEAM_FAILURE,FAIL,,-102,4,6,,,288,,,,,,,ho_status=SUCCESS,6,36.0,5.6
2026-07-01 12:00:00,XYZ401,UE00492,beamforming,BEAM_HO_CORRELATED,FAIL,,-103,3,5,,,185,,,,,,,ho_status=PREP_FAILURE,1,31.0,6.2
2026-07-01 13:00:00,XYZ402,UE00493,beamforming,BEAM_HO_CORRELATED,FAIL,,-95,4,6,,,256,,,,,,,ho_status=PREP_FAILURE,2,36.0,1.4
2026-07-01 14:00:00,XYZ403,UE00494,beamforming,BEAM_FAILURE,FAIL,,-97,7,7,,,318,,,,,,,ho_status=SUCCESS,3,47.0,3.0
2026-07-01 15:00:00,XYZ401,UE00495,beamforming,BEAM_HO_CORRELATED,FAIL,,-106,1,4,,,169,,,,,,,ho_status=PREP_FAILURE,4,23.0,1.4
2026-07-01 16:00:00,XYZ402,UE00496,beamforming,BEAM_HO_CORRELATED,FAIL,,-103,7,7,,,263,,,,,,,ho_status=EXEC_FAILURE,5,47.0,0.0
2026-07-01 17:00:00,XYZ403,UE00497,beamforming,BEAM_HO_CORRELATED,FAIL,,-108,2,5,,,217,,,,,,,ho_status=EXEC_FAILURE,6,28.0,5.6
2026-07-01 18:00:00,XYZ401,UE00498,beamforming,BEAM_HO_CORRELATED,FAIL,,-108,3,5,,,261,,,,,,,ho_status=EXEC_FAILURE,1,30.0,6.0
2026-07-01 19:00:00,XYZ402,UE00499,beamforming,BEAM_FAILURE,FAIL,,-112,-1,3,,,119,,,,,,,ho_status=SUCCESS,2,14.0,4.0
2026-07-01 20:00:00,XYZ403,UE00500,beamforming,BEAM_HO_CORRELATED,FAIL,,-109,2,5,,,269,,,,,,,ho_status=PREP_FAILURE,3,28.0,4.2
2026-07-01 21:00:00,XYZ401,UE00501,beamforming,BEAM_HO_CORRELATED,FAIL,,-125,-2,3,,,154,,,,,,,ho_status=EXEC_FAILURE,4,13.0,5.6
2026-07-01 22:00:00,XYZ402,UE00502,beamforming,BEAM_HO_CORRELATED,FAIL,,-102,6,6,,,229,,,,,,,ho_status=PREP_FAILURE,5,42.0,2.2
2026-07-01 23:00:00,XYZ403,UE00503,beamforming,BEAM_FAILURE,FAIL,,-107,0,4,,,212,,,,,,,ho_status=SUCCESS,6,21.0,6.2
2026-07-01 00:00:00,XYZ401,UE00504,beamforming,BEAM_FAILURE,FAIL,,-93,19,12,,,620,,,,,,,ho_status=SUCCESS,1,91.0,4.2
2026-07-01 01:00:00,XYZ402,UE00505,beamforming,BEAM_HO_CORRELATED,FAIL,,-124,-4,2,,,73,,,,,,,ho_status=EXEC_FAILURE,2,5.0,4.4
2026-07-01 02:00:00,XYZ403,UE00506,beamforming,BEAM_HO_CORRELATED,FAIL,,-82,13,9,,,367,,,,,,,ho_status=EXEC_FAILURE,3,67.0,3.4
2026-07-01 03:00:00,XYZ401,UE00507,beamforming,BEAM_HO_CORRELATED,FAIL,,-111,3,5,,,244,,,,,,,ho_status=EXEC_FAILURE,4,30.0,3.2
2026-07-01 04:00:00,XYZ402,UE00508,beamforming,BEAM_FAILURE,FAIL,,-102,1,4,,,155,,,,,,,ho_status=SUCCESS,5,22.0,1.8
2026-07-01 05:00:00,XYZ403,UE00509,beamforming,BEAM_HO_CORRELATED,FAIL,,-108,4,6,,,319,,,,,,,ho_status=EXEC_FAILURE,6,36.0,1.2
2026-07-01 06:00:00,XYZ401,UE00510,beamforming,BEAM_HO_CORRELATED,FAIL,,-111,2,5,,,250,,,,,,,ho_status=EXEC_FAILURE,1,29.0,1.2
2026-07-01 07:00:00,XYZ402,UE00511,beamforming,BEAM_HO_CORRELATED,FAIL,,-93,14,10,,,532,,,,,,,ho_status=PREP_FAILURE,2,74.0,3.2
2026-07-01 08:00:00,XYZ403,UE00512,beamforming,BEAM_HO_CORRELATED,FAIL,,-116,-3,3,,,157,,,,,,,ho_status=PREP_FAILURE,3,11.0,5.6
2026-07-01 09:00:00,XYZ401,UE00513,beamforming,BEAM_HO_CORRELATED,FAIL,,-106,3,5,,,240,,,,,,,ho_status=EXEC_FAILURE,4,31.0,1.8
2026-07-01 10:00:00,XYZ402,UE00514,beamforming,BEAM_FAILURE,FAIL,,-81,16,11,,,516,,,,,,,ho_status=SUCCESS,5,81.0,4.2
2026-07-01 11:00:00,XYZ403,UE00515,beamforming,BEAM_HO_CORRELATED,FAIL,,-109,6,6,,,234,,,,,,,ho_status=EXEC_FAILURE,6,42.0,3.0
2026-07-01 12:00:00,XYZ401,UE00516,beamforming,BEAM_HO_CORRELATED,FAIL,,-110,4,6,,,252,,,,,,,ho_status=EXEC_FAILURE,1,37.0,0.8
2026-07-01 13:00:00,XYZ402,UE00517,beamforming,BEAM_FAILURE,FAIL,,-117,-2,3,,,157,,,,,,,ho_status=SUCCESS,2,13.0,4.0
2026-07-01 14:00:00,XYZ403,UE00518,beamforming,BEAM_FAILURE,FAIL,,-108,6,6,,,281,,,,,,,ho_status=SUCCESS,3,42.0,0.0
2026-07-01 15:00:00,XYZ401,UE00519,beamforming,BEAM_HO_CORRELATED,FAIL,,-87,11,9,,,448,,,,,,,ho_status=PREP_FAILURE,4,62.0,2.2
2026-07-01 16:00:00,XYZ402,UE00520,beamforming,BEAM_HO_CORRELATED,FAIL,,-114,-2,3,,,121,,,,,,,ho_status=EXEC_FAILURE,5,12.0,0.2
2026-07-01 17:00:00,XYZ403,UE00521,beamforming,BEAM_HO_CORRELATED,FAIL,,-86,11,9,,,468,,,,,,,ho_status=PREP_FAILURE,6,64.0,2.8
2026-07-01 18:00:00,XYZ401,UE00522,beamforming,BEAM_HO_CORRELATED,FAIL,,-107,0,4,,,201,,,,,,,ho_status=PREP_FAILURE,1,21.0,0.6
2026-07-01 19:00:00,XYZ402,UE00523,beamforming,BEAM_HO_CORRELATED,FAIL,,-94,15,10,,,383,,,,,,,ho_status=PREP_FAILURE,2,77.0,4.6
2026-07-01 20:00:00,XYZ403,UE00524,beamforming,BEAM_HO_CORRELATED,FAIL,,-92,6,6,,,256,,,,,,,ho_status=PREP_FAILURE,3,42.0,0.4
2026-07-01 21:00:00,XYZ401,UE00525,beamforming,BEAM_FAILURE,FAIL,,-107,-1,3,,,138,,,,,,,ho_status=SUCCESS,4,15.0,5.2
2026-07-01 22:00:00,XYZ402,UE00526,beamforming,BEAM_FAILURE,FAIL,,-101,5,6,,,263,,,,,,,ho_status=SUCCESS,5,39.0,1.6
2026-07-01 23:00:00,XYZ403,UE00527,beamforming,BEAM_FAILURE,FAIL,,-110,0,4,,,183,,,,,,,ho_status=SUCCESS,6,21.0,3.8
2026-07-01 00:00:00,XYZ401,UE00528,beamforming,BEAM_HO_CORRELATED,FAIL,,-112,3,5,,,248,,,,,,,ho_status=PREP_FAILURE,1,32.0,6.8
2026-07-01 01:00:00,XYZ402,UE00529,beamforming,BEAM_FAILURE,FAIL,,-104,2,5,,,195,,,,,,,ho_status=SUCCESS,2,28.0,5.2
2026-07-01 02:00:00,XYZ403,UE00530,beamforming,BEAM_HO_CORRELATED,FAIL,,-90,16,11,,,503,,,,,,,ho_status=PREP_FAILURE,3,81.0,2.8
2026-07-01 03:00:00,XYZ401,UE00531,beamforming,BEAM_FAILURE,FAIL,,-105,10,8,,,295,,,,,,,ho_status=SUCCESS,4,57.0,4.0
2026-07-01 04:00:00,XYZ402,UE00532,beamforming,BEAM_FAILURE,FAIL,,-113,0,4,,,203,,,,,,,ho_status=SUCCESS,5,20.0,0.0
2026-07-01 05:00:00,XYZ403,UE00533,beamforming,BEAM_HO_CORRELATED,FAIL,,-116,-5,2,,,75,,,,,,,ho_status=PREP_FAILURE,6,5.0,6.8
2026-07-01 06:00:00,XYZ401,UE00534,beamforming,BEAM_HO_CORRELATED,FAIL,,-103,4,6,,,221,,,,,,,ho_status=PREP_FAILURE,1,36.0,4.8
2026-07-01 07:00:00,XYZ402,UE00535,beamforming,BEAM_HO_CORRELATED,FAIL,,-117,0,4,,,164,,,,,,,ho_status=PREP_FAILURE,2,20.0,2.8
2026-07-01 08:00:00,XYZ403,UE00536,beamforming,BEAM_HO_CORRELATED,FAIL,,-98,13,9,,,472,,,,,,,ho_status=PREP_FAILURE,3,67.0,1.8
2026-07-01 09:00:00,XYZ401,UE00537,beamforming,BEAM_FAILURE,FAIL,,-124,0,4,,,175,,,,,,,ho_status=SUCCESS,4,20.0,3.6
2026-07-01 10:00:00,XYZ402,UE00538,beamforming,BEAM_FAILURE,FAIL,,-117,4,6,,,310,,,,,,,ho_status=SUCCESS,5,37.0,4.4
2026-07-01 11:00:00,XYZ403,UE00539,beamforming,BEAM_FAILURE,FAIL,,-102,12,9,,,370,,,,,,,ho_status=SUCCESS,6,66.0,6.2
2026-07-01 12:00:00,XYZ401,UE00540,beamforming,BEAM_HO_CORRELATED,FAIL,,-93,10,8,,,317,,,,,,,ho_status=EXEC_FAILURE,1,57.0,3.0
2026-07-01 13:00:00,XYZ402,UE00541,beamforming,BEAM_HO_CORRELATED,FAIL,,-112,-2,3,,,108,,,,,,,ho_status=EXEC_FAILURE,2,12.0,5.8
2026-07-01 14:00:00,XYZ403,UE00542,beamforming,BEAM_HO_CORRELATED,FAIL,,-95,7,7,,,312,,,,,,,ho_status=EXEC_FAILURE,3,46.0,6.2
2026-07-01 15:00:00,XYZ401,UE00543,beamforming,BEAM_FAILURE,FAIL,,-116,0,4,,,206,,,,,,,ho_status=SUCCESS,4,20.0,3.8
2026-07-01 16:00:00,XYZ402,UE00544,beamforming,BEAM_HO_CORRELATED,FAIL,,-111,7,7,,,258,,,,,,,ho_status=PREP_FAILURE,5,48.0,2.4
2026-07-01 17:00:00,XYZ403,UE00545,beamforming,BEAM_FAILURE,FAIL,,-115,0,4,,,198,,,,,,,ho_status=SUCCESS,6,20.0,2.4
2026-07-01 18:00:00,XYZ401,UE00546,beamforming,BEAM_HO_CORRELATED,FAIL,,-106,8,7,,,337,,,,,,,ho_status=PREP_FAILURE,1,49.0,6.4
2026-07-01 19:00:00,XYZ402,UE00547,beamforming,BEAM_HO_CORRELATED,FAIL,,-86,9,8,,,316,,,,,,,ho_status=PREP_FAILURE,2,55.0,2.0
2026-07-01 20:00:00,XYZ403,UE00548,beamforming,BEAM_FAILURE,FAIL,,-114,5,6,,,267,,,,,,,ho_status=SUCCESS,3,39.0,4.8
2026-07-01 21:00:00,XYZ401,UE00549,beamforming,BEAM_HO_CORRELATED,FAIL,,-82,17,11,,,464,,,,,,,ho_status=EXEC_FAILURE,4,83.0,5.2
2026-07-01 22:00:00,XYZ402,UE00550,beamforming,BEAM_FAILURE,FAIL,,-104,5,6,,,303,,,,,,,ho_status=SUCCESS,5,40.0,0.2
2026-07-01 23:00:00,XYZ403,UE00551,beamforming,BEAM_HO_CORRELATED,FAIL,,-85,12,9,,,463,,,,,,,ho_status=EXEC_FAILURE,6,66.0,2.8
2026-07-01 00:00:00,XYZ401,UE00552,beamforming,BEAM_HO_CORRELATED,FAIL,,-104,15,10,,,407,,,,,,,ho_status=EXEC_FAILURE,1,75.0,3.8
2026-07-01 01:00:00,XYZ402,UE00553,beamforming,BEAM_FAILURE,FAIL,,-87,10,8,,,317,,,,,,,ho_status=SUCCESS,2,58.0,1.4
2026-07-01 02:00:00,XYZ403,UE00554,beamforming,BEAM_HO_CORRELATED,FAIL,,-124,2,5,,,181,,,,,,,ho_status=EXEC_FAILURE,3,29.0,3.0
2026-07-01 03:00:00,XYZ401,UE00555,beamforming,BEAM_HO_CORRELATED,FAIL,,-102,8,7,,,254,,,,,,,ho_status=EXEC_FAILURE,4,50.0,5.6
2026-07-01 04:00:00,XYZ402,UE00556,beamforming,BEAM_HO_CORRELATED,FAIL,,-111,7,7,,,263,,,,,,,ho_status=EXEC_FAILURE,5,48.0,5.4
2026-07-01 05:00:00,XYZ403,UE00557,beamforming,BEAM_HO_CORRELATED,FAIL,,-112,-1,3,,,118,,,,,,,ho_status=PREP_FAILURE,6,16.0,1.8
2026-07-01 06:00:00,XYZ401,UE00558,beamforming,BEAM_FAILURE,FAIL,,-91,7,7,,,303,,,,,,,ho_status=SUCCESS,1,46.0,2.2
2026-07-01 07:00:00,XYZ402,UE00559,beamforming,BEAM_HO_CORRELATED,FAIL,,-109,4,6,,,223,,,,,,,ho_status=PREP_FAILURE,2,36.0,3.4
2026-07-01 08:00:00,XYZ403,UE00560,beamforming,BEAM_HO_CORRELATED,FAIL,,-113,1,4,,,185,,,,,,,ho_status=EXEC_FAILURE,3,23.0,6.8
2026-07-01 09:00:00,XYZ401,UE00561,beamforming,BEAM_HO_CORRELATED,FAIL,,-96,13,9,,,375,,,,,,,ho_status=PREP_FAILURE,4,68.0,1.6
2026-07-01 10:00:00,XYZ402,UE00562,beamforming,BEAM_FAILURE,FAIL,,-100,8,7,,,347,,,,,,,ho_status=SUCCESS,5,50.0,2.4
2026-07-01 11:00:00,XYZ403,UE00563,beamforming,BEAM_FAILURE,FAIL,,-101,8,7,,,302,,,,,,,ho_status=SUCCESS,6,50.0,0.6
2026-07-01 12:00:00,XYZ401,UE00564,beamforming,BEAM_HO_CORRELATED,FAIL,,-98,2,5,,,223,,,,,,,ho_status=EXEC_FAILURE,1,28.0,0.4
2026-07-01 13:00:00,XYZ402,UE00565,beamforming,BEAM_HO_CORRELATED,FAIL,,-113,2,5,,,219,,,,,,,ho_status=PREP_FAILURE,2,29.0,4.6
2026-07-01 14:00:00,XYZ403,UE00566,beamforming,BEAM_HO_CORRELATED,FAIL,,-108,2,5,,,265,,,,,,,ho_status=PREP_FAILURE,3,28.0,2.0
2026-07-01 15:00:00,XYZ401,UE00567,beamforming,BEAM_HO_CORRELATED,FAIL,,-111,3,5,,,205,,,,,,,ho_status=PREP_FAILURE,4,30.0,5.4
2026-07-01 16:00:00,XYZ402,UE00568,beamforming,BEAM_HO_CORRELATED,FAIL,,-111,6,6,,,288,,,,,,,ho_status=EXEC_FAILURE,5,42.0,5.0
2026-07-01 17:00:00,XYZ403,UE00569,beamforming,BEAM_HO_CORRELATED,FAIL,,-122,-3,3,,,161,,,,,,,ho_status=PREP_FAILURE,6,9.0,1.6
2026-07-01 18:00:00,XYZ401,UE00570,beamforming,BEAM_FAILURE,FAIL,,-108,1,4,,,153,,,,,,,ho_status=SUCCESS,1,22.0,1.2
2026-07-01 19:00:00,XYZ402,UE00571,beamforming,BEAM_FAILURE,FAIL,,-114,0,4,,,207,,,,,,,ho_status=SUCCESS,2,21.0,5.8
2026-07-01 20:00:00,XYZ403,UE00572,beamforming,BEAM_FAILURE,FAIL,,-104,7,7,,,326,,,,,,,ho_status=SUCCESS,3,47.0,3.6
2026-07-01 21:00:00,XYZ401,UE00573,beamforming,BEAM_HO_CORRELATED,FAIL,,-100,3,5,,,267,,,,,,,ho_status=PREP_FAILURE,4,32.0,3.0
2026-07-01 22:00:00,XYZ402,UE00574,beamforming,BEAM_HO_CORRELATED,FAIL,,-103,0,4,,,194,,,,,,,ho_status=EXEC_FAILURE,5,21.0,5.2
2026-07-01 23:00:00,XYZ403,UE00575,beamforming,BEAM_HO_CORRELATED,FAIL,,-95,14,10,,,374,,,,,,,ho_status=EXEC_FAILURE,6,74.0,3.0
2026-07-01 00:00:00,XYZ401,UE00576,beamforming,BEAM_FAILURE,FAIL,,-91,0,4,,,176,,,,,,,ho_status=SUCCESS,1,21.0,5.2
2026-07-01 01:00:00,XYZ402,UE00577,beamforming,BEAM_FAILURE,FAIL,,-86,12,9,,,361,,,,,,,ho_status=SUCCESS,2,65.0,0.2
2026-07-01 02:00:00,XYZ403,UE00578,beamforming,BEAM_FAILURE,FAIL,,-105,9,8,,,348,,,,,,,ho_status=SUCCESS,3,55.0,3.2
2026-07-01 03:00:00,XYZ401,UE00579,beamforming,BEAM_HO_CORRELATED,FAIL,,-104,1,4,,,185,,,,,,,ho_status=PREP_FAILURE,4,22.0,6.0
2026-07-01 04:00:00,XYZ402,UE00580,beamforming,BEAM_HO_CORRELATED,FAIL,,-88,12,9,,,344,,,,,,,ho_status=PREP_FAILURE,5,65.0,1.6
2026-07-01 05:00:00,XYZ403,UE00581,beamforming,BEAM_HO_CORRELATED,FAIL,,-116,2,5,,,188,,,,,,,ho_status=PREP_FAILURE,6,29.0,2.2
2026-07-01 06:00:00,XYZ401,UE00582,beamforming,BEAM_HO_CORRELATED,FAIL,,-99,6,6,,,290,,,,,,,ho_status=EXEC_FAILURE,1,42.0,0.6
2026-07-01 07:00:00,XYZ402,UE00583,beamforming,BEAM_FAILURE,FAIL,,-116,1,4,,,145,,,,,,,ho_status=SUCCESS,2,24.0,3.6
2026-07-01 08:00:00,XYZ403,UE00584,beamforming,BEAM_HO_CORRELATED,FAIL,,-110,1,4,,,156,,,,,,,ho_status=EXEC_FAILURE,3,22.0,6.0
2026-07-01 09:00:00,XYZ401,UE00585,beamforming,BEAM_OK,SUCCESS,,-88,17,11,,,574,,,,,,,ho_status=SUCCESS,4,85.0,2.2
2026-07-01 10:00:00,XYZ402,UE00586,beamforming,BEAM_HO_CORRELATED,FAIL,,-100,6,6,,,308,,,,,,,ho_status=PREP_FAILURE,5,41.0,6.0
2026-07-01 11:00:00,XYZ403,UE00587,beamforming,BEAM_HO_CORRELATED,FAIL,,-97,2,5,,,266,,,,,,,ho_status=PREP_FAILURE,6,29.0,1.2
2026-07-01 12:00:00,XYZ401,UE00588,beamforming,BEAM_HO_CORRELATED,FAIL,,-112,-4,2,,,101,,,,,,,ho_status=EXEC_FAILURE,1,5.0,0.8
2026-07-01 13:00:00,XYZ402,UE00589,beamforming,BEAM_HO_CORRELATED,FAIL,,-108,-1,3,,,149,,,,,,,ho_status=EXEC_FAILURE,2,14.0,6.0
2026-07-01 14:00:00,XYZ403,UE00590,beamforming,BEAM_HO_CORRELATED,FAIL,,-95,8,7,,,329,,,,,,,ho_status=EXEC_FAILURE,3,50.0,4.6
2026-07-01 15:00:00,XYZ401,UE00591,beamforming,BEAM_HO_CORRELATED,FAIL,,-86,13,9,,,451,,,,,,,ho_status=PREP_FAILURE,4,68.0,1.6
2026-07-01 16:00:00,XYZ402,UE00592,beamforming,BEAM_FAILURE,FAIL,,-114,-4,2,,,106,,,,,,,ho_status=SUCCESS,5,5.0,1.4
2026-07-01 17:00:00,XYZ403,UE00593,beamforming,BEAM_FAILURE,FAIL,,-103,7,7,,,342,,,,,,,ho_status=SUCCESS,6,48.0,2.2
2026-07-01 18:00:00,XYZ401,UE00594,beamforming,BEAM_FAILURE,FAIL,,-90,17,11,,,397,,,,,,,ho_status=SUCCESS,1,84.0,5.2
2026-07-01 19:00:00,XYZ402,UE00595,beamforming,BEAM_HO_CORRELATED,FAIL,,-102,3,5,,,217,,,,,,,ho_status=EXEC_FAILURE,2,31.0,6.4
2026-07-01 20:00:00,XYZ403,UE00596,beamforming,BEAM_HO_CORRELATED,FAIL,,-116,2,5,,,261,,,,,,,ho_status=EXEC_FAILURE,3,28.0,3.0
2026-07-01 21:00:00,XYZ401,UE00597,beamforming,BEAM_FAILURE,FAIL,,-100,12,9,,,427,,,,,,,ho_status=SUCCESS,4,66.0,5.2
2026-07-01 22:00:00,XYZ402,UE00598,beamforming,BEAM_HO_CORRELATED,FAIL,,-85,12,9,,,395,,,,,,,ho_status=EXEC_FAILURE,5,65.0,5.2
2026-07-01 23:00:00,XYZ403,UE00599,beamforming,BEAM_HO_CORRELATED,FAIL,,-106,-2,3,,,109,,,,,,,ho_status=PREP_FAILURE,6,13.0,3.0
2026-07-01 00:00:00,XYZ401,UE00600,beamforming,BEAM_FAILURE,FAIL,,-103,-1,3,,,115,,,,,,,ho_status=SUCCESS,1,16.0,2.4
2026-07-01 01:00:00,XYZ402,UE00601,beamforming,BEAM_FAILURE,FAIL,,-110,2,5,,,206,,,,,,,ho_status=SUCCESS,2,28.0,1.0
2026-07-01 02:00:00,XYZ403,UE00602,beamforming,BEAM_HO_CORRELATED,FAIL,,-112,3,5,,,232,,,,,,,ho_status=EXEC_FAILURE,3,31.0,5.6
2026-07-01 03:00:00,XYZ401,UE00603,beamforming,BEAM_HO_CORRELATED,FAIL,,-108,1,4,,,166,,,,,,,ho_status=EXEC_FAILURE,4,23.0,0.0
2026-07-01 04:00:00,XYZ402,UE00604,beamforming,BEAM_HO_CORRELATED,FAIL,,-115,5,6,,,323,,,,,,,ho_status=PREP_FAILURE,5,39.0,5.2
2026-07-01 05:00:00,XYZ403,UE00605,beamforming,BEAM_HO_CORRELATED,FAIL,,-106,2,5,,,205,,,,,,,ho_status=PREP_FAILURE,6,29.0,6.0
2026-07-01 06:00:00,XYZ401,UE00606,beamforming,BEAM_HO_CORRELATED,FAIL,,-101,5,6,,,296,,,,,,,ho_status=PREP_FAILURE,1,40.0,2.0
2026-07-01 07:00:00,XYZ402,UE00607,beamforming,BEAM_HO_CORRELATED,FAIL,,-113,-3,3,,,135,,,,,,,ho_status=PREP_FAILURE,2,10.0,1.4
2026-07-01 08:00:00,XYZ403,UE00608,beamforming,BEAM_HO_CORRELATED,FAIL,,-103,2,5,,,239,,,,,,,ho_status=PREP_FAILURE,3,29.0,1.6
2026-07-01 09:00:00,XYZ401,UE00609,beamforming,BEAM_HO_CORRELATED,FAIL,,-105,7,7,,,262,,,,,,,ho_status=EXEC_FAILURE,4,48.0,1.2
2026-07-01 10:00:00,XYZ402,UE00610,beamforming,BEAM_HO_CORRELATED,FAIL,,-83,14,10,,,418,,,,,,,ho_status=EXEC_FAILURE,5,74.0,1.8
2026-07-01 11:00:00,XYZ403,UE00611,beamforming,BEAM_HO_CORRELATED,FAIL,,-115,3,5,,,182,,,,,,,ho_status=PREP_FAILURE,6,30.0,3.6
2026-07-01 12:00:00,XYZ401,UE00612,beamforming,BEAM_HO_CORRELATED,FAIL,,-120,0,4,,,201,,,,,,,ho_status=PREP_FAILURE,1,21.0,2.4
2026-07-01 13:00:00,XYZ402,UE00613,beamforming,BEAM_FAILURE,FAIL,,-98,6,6,,,271,,,,,,,ho_status=SUCCESS,2,42.0,6.4
2026-07-01 14:00:00,XYZ403,UE00614,beamforming,BEAM_FAILURE,FAIL,,-99,5,6,,,252,,,,,,,ho_status=SUCCESS,3,38.0,4.8
2026-07-01 15:00:00,XYZ401,UE00615,beamforming,BEAM_HO_CORRELATED,FAIL,,-96,14,10,,,402,,,,,,,ho_status=PREP_FAILURE,4,74.0,0.2
2026-07-01 16:00:00,XYZ402,UE00616,beamforming,BEAM_OK,SUCCESS,,-78,21,13,,,583,,,,,,,ho_status=SUCCESS,5,100.0,2.4
2026-07-01 17:00:00,XYZ403,UE00617,beamforming,BEAM_FAILURE,FAIL,,-122,-6,1,,,51,,,,,,,ho_status=SUCCESS,6,5.0,0.4
2026-07-01 18:00:00,XYZ401,UE00618,beamforming,BEAM_HO_CORRELATED,FAIL,,-103,3,5,,,224,,,,,,,ho_status=EXEC_FAILURE,1,31.0,2.8
2026-07-01 19:00:00,XYZ402,UE00619,beamforming,BEAM_FAILURE,FAIL,,-102,7,7,,,284,,,,,,,ho_status=SUCCESS,2,47.0,6.4
2026-07-01 20:00:00,XYZ403,UE00620,beamforming,BEAM_HO_CORRELATED,FAIL,,-97,11,9,,,394,,,,,,,ho_status=EXEC_FAILURE,3,63.0,6.2
2026-07-01 21:00:00,XYZ401,UE00621,beamforming,BEAM_FAILURE,FAIL,,-107,7,7,,,370,,,,,,,ho_status=SUCCESS,4,48.0,0.0
2026-07-01 22:00:00,XYZ402,UE00622,beamforming,BEAM_FAILURE,FAIL,,-121,-3,3,,,161,,,,,,,ho_status=SUCCESS,5,10.0,4.6
2026-07-01 23:00:00,XYZ403,UE00623,beamforming,BEAM_HO_CORRELATED,FAIL,,-92,8,7,,,369,,,,,,,ho_status=PREP_FAILURE,6,49.0,3.6
2026-07-01 00:00:00,XYZ401,UE00624,beamforming,BEAM_HO_CORRELATED,FAIL,,-112,-3,3,,,122,,,,,,,ho_status=PREP_FAILURE,1,10.0,5.6
2026-07-01 01:00:00,XYZ402,UE00625,beamforming,BEAM_HO_CORRELATED,FAIL,,-120,0,4,,,181,,,,,,,ho_status=EXEC_FAILURE,2,20.0,1.6
2026-07-01 02:00:00,XYZ403,UE00626,beamforming,BEAM_HO_CORRELATED,FAIL,,-97,6,6,,,300,,,,,,,ho_status=PREP_FAILURE,3,41.0,1.4
2026-07-01 03:00:00,XYZ401,UE00627,beamforming,BEAM_HO_CORRELATED,FAIL,,-100,7,7,,,309,,,,,,,ho_status=PREP_FAILURE,4,48.0,3.8
2026-07-01 04:00:00,XYZ402,UE00628,beamforming,BEAM_FAILURE,FAIL,,-105,6,6,,,307,,,,,,,ho_status=SUCCESS,5,41.0,1.4
2026-07-01 05:00:00,XYZ403,UE00629,beamforming,BEAM_FAILURE,FAIL,,-107,8,7,,,303,,,,,,,ho_status=SUCCESS,6,50.0,1.4
2026-07-01 06:00:00,XYZ401,UE00630,beamforming,BEAM_HO_CORRELATED,FAIL,,-98,8,7,,,285,,,,,,,ho_status=EXEC_FAILURE,1,49.0,2.8
2026-07-01 07:00:00,XYZ402,UE00631,beamforming,BEAM_FAILURE,FAIL,,-109,4,6,,,314,,,,,,,ho_status=SUCCESS,2,36.0,5.4
2026-07-01 08:00:00,XYZ403,UE00632,beamforming,BEAM_FAILURE,FAIL,,-101,4,6,,,317,,,,,,,ho_status=SUCCESS,3,37.0,0.2
2026-07-01 09:00:00,XYZ401,UE00633,beamforming,BEAM_FAILURE,FAIL,,-101,1,4,,,203,,,,,,,ho_status=SUCCESS,4,23.0,6.6
2026-07-01 10:00:00,XYZ402,UE00634,beamforming,BEAM_FAILURE,FAIL,,-101,7,7,,,335,,,,,,,ho_status=SUCCESS,5,47.0,6.0
2026-07-01 11:00:00,XYZ403,UE00635,beamforming,BEAM_FAILURE,FAIL,,-104,3,5,,,197,,,,,,,ho_status=SUCCESS,6,32.0,0.0
2026-07-01 12:00:00,XYZ401,UE00636,beamforming,BEAM_HO_CORRELATED,FAIL,,-113,-4,2,,,99,,,,,,,ho_status=EXEC_FAILURE,1,5.0,3.0
2026-07-01 13:00:00,XYZ402,UE00637,beamforming,BEAM_HO_CORRELATED,FAIL,,-111,-3,3,,,141,,,,,,,ho_status=EXEC_FAILURE,2,10.0,0.6
2026-07-01 14:00:00,XYZ403,UE00638,beamforming,BEAM_FAILURE,FAIL,,-103,1,4,,,178,,,,,,,ho_status=SUCCESS,3,23.0,4.2
2026-07-01 15:00:00,XYZ401,UE00639,beamforming,BEAM_HO_CORRELATED,FAIL,,-95,12,9,,,478,,,,,,,ho_status=EXEC_FAILURE,4,66.0,4.8
2026-07-01 16:00:00,XYZ402,UE00640,beamforming,BEAM_HO_CORRELATED,FAIL,,-100,6,6,,,319,,,,,,,ho_status=EXEC_FAILURE,5,41.0,6.0
2026-07-01 17:00:00,XYZ403,UE00641,beamforming,BEAM_HO_CORRELATED,FAIL,,-85,17,11,,,443,,,,,,,ho_status=EXEC_FAILURE,6,85.0,1.0
2026-07-01 18:00:00,XYZ401,UE00642,beamforming,BEAM_HO_CORRELATED,FAIL,,-85,21,13,,,545,,,,,,,ho_status=PREP_FAILURE,1,100.0,1.0
2026-07-01 19:00:00,XYZ402,UE00643,beamforming,BEAM_FAILURE,FAIL,,-94,9,8,,,386,,,,,,,ho_status=SUCCESS,2,55.0,6.4
2026-07-01 20:00:00,XYZ403,UE00644,beamforming,BEAM_FAILURE,FAIL,,-98,8,7,,,273,,,,,,,ho_status=SUCCESS,3,50.0,5.6
2026-07-01 21:00:00,XYZ401,UE00645,beamforming,BEAM_HO_CORRELATED,FAIL,,-118,-4,2,,,78,,,,,,,ho_status=EXEC_FAILURE,4,5.0,2.8
2026-07-01 22:00:00,XYZ402,UE00646,beamforming,BEAM_HO_CORRELATED,FAIL,,-107,6,6,,,226,,,,,,,ho_status=PREP_FAILURE,5,41.0,6.8
2026-07-01 23:00:00,XYZ403,UE00647,beamforming,BEAM_HO_CORRELATED,FAIL,,-99,1,4,,,172,,,,,,,ho_status=PREP_FAILURE,6,24.0,5.4
2026-07-01 00:00:00,XYZ401,UE00648,beamforming,BEAM_HO_CORRELATED,FAIL,,-115,-4,2,,,101,,,,,,,ho_status=PREP_FAILURE,1,5.0,2.2
2026-07-01 01:00:00,XYZ402,UE00649,beamforming,BEAM_HO_CORRELATED,FAIL,,-81,15,10,,,436,,,,,,,ho_status=EXEC_FAILURE,2,76.0,6.4
2026-07-01 02:00:00,XYZ403,UE00650,beamforming,BEAM_HO_CORRELATED,FAIL,,-112,1,4,,,176,,,,,,,ho_status=PREP_FAILURE,3,22.0,5.4
2026-07-01 03:00:00,XYZ401,UE00651,beamforming,BEAM_HO_CORRELATED,FAIL,,-88,1,4,,,152,,,,,,,ho_status=EXEC_FAILURE,4,24.0,4.2
2026-07-01 04:00:00,XYZ402,UE00652,beamforming,BEAM_HO_CORRELATED,FAIL,,-105,3,5,,,263,,,,,,,ho_status=EXEC_FAILURE,5,30.0,4.8
2026-07-01 05:00:00,XYZ403,UE00653,beamforming,BEAM_FAILURE,FAIL,,-114,0,4,,,153,,,,,,,ho_status=SUCCESS,6,20.0,1.0
2026-07-01 06:00:00,XYZ401,UE00654,beamforming,BEAM_HO_CORRELATED,FAIL,,-110,-2,3,,,137,,,,,,,ho_status=PREP_FAILURE,1,12.0,5.0
2026-07-01 07:00:00,XYZ402,UE00655,beamforming,BEAM_FAILURE,FAIL,,-113,-1,3,,,134,,,,,,,ho_status=SUCCESS,2,14.0,1.0
2026-07-01 08:00:00,XYZ403,UE00656,beamforming,BEAM_FAILURE,FAIL,,-95,10,8,,,362,,,,,,,ho_status=SUCCESS,3,58.0,5.4
2026-07-01 09:00:00,XYZ401,UE00657,beamforming,BEAM_HO_CORRELATED,FAIL,,-102,10,8,,,312,,,,,,,ho_status=EXEC_FAILURE,4,58.0,6.8
2026-07-01 10:00:00,XYZ402,UE00658,beamforming,BEAM_HO_CORRELATED,FAIL,,-109,2,5,,,222,,,,,,,ho_status=PREP_FAILURE,5,29.0,1.0
2026-07-01 11:00:00,XYZ403,UE00659,beamforming,BEAM_HO_CORRELATED,FAIL,,-104,5,6,,,307,,,,,,,ho_status=PREP_FAILURE,6,38.0,5.6
2026-07-01 12:00:00,XYZ401,UE00660,beamforming,BEAM_HO_CORRELATED,FAIL,,-107,6,6,,,299,,,,,,,ho_status=PREP_FAILURE,1,42.0,3.0
2026-07-01 13:00:00,XYZ402,UE00661,beamforming,BEAM_FAILURE,FAIL,,-113,-5,2,,,78,,,,,,,ho_status=SUCCESS,2,5.0,5.2
2026-07-01 14:00:00,XYZ403,UE00662,beamforming,BEAM_FAILURE,FAIL,,-108,-1,3,,,154,,,,,,,ho_status=SUCCESS,3,15.0,3.0
2026-07-01 15:00:00,XYZ401,UE00663,beamforming,BEAM_HO_CORRELATED,FAIL,,-114,-3,3,,,148,,,,,,,ho_status=EXEC_FAILURE,4,11.0,2.6
2026-07-01 16:00:00,XYZ402,UE00664,beamforming,BEAM_HO_CORRELATED,FAIL,,-84,13,9,,,465,,,,,,,ho_status=PREP_FAILURE,5,69.0,5.0
2026-07-01 17:00:00,XYZ403,UE00665,beamforming,BEAM_FAILURE,FAIL,,-97,10,8,,,301,,,,,,,ho_status=SUCCESS,6,57.0,2.6
2026-07-01 18:00:00,XYZ401,UE00666,beamforming,BEAM_FAILURE,FAIL,,-121,-1,3,,,130,,,,,,,ho_status=SUCCESS,1,15.0,3.0
2026-07-01 19:00:00,XYZ402,UE00667,beamforming,BEAM_HO_CORRELATED,FAIL,,-112,0,4,,,195,,,,,,,ho_status=EXEC_FAILURE,2,20.0,0.8
2026-07-01 20:00:00,XYZ403,UE00668,beamforming,BEAM_HO_CORRELATED,FAIL,,-91,15,10,,,447,,,,,,,ho_status=EXEC_FAILURE,3,77.0,5.2
2026-07-01 21:00:00,XYZ401,UE00669,beamforming,BEAM_HO_CORRELATED,FAIL,,-107,7,7,,,287,,,,,,,ho_status=PREP_FAILURE,4,48.0,6.6
2026-07-01 22:00:00,XYZ402,UE00670,beamforming,BEAM_HO_CORRELATED,FAIL,,-106,4,6,,,228,,,,,,,ho_status=EXEC_FAILURE,5,36.0,5.6
2026-07-01 23:00:00,XYZ403,UE00671,beamforming,BEAM_FAILURE,FAIL,,-105,2,5,,,195,,,,,,,ho_status=SUCCESS,6,28.0,1.2
2026-07-01 00:00:00,XYZ401,UE00672,beamforming,BEAM_HO_CORRELATED,FAIL,,-101,10,8,,,328,,,,,,,ho_status=PREP_FAILURE,1,58.0,1.0
2026-07-01 01:00:00,XYZ402,UE00673,beamforming,BEAM_HO_CORRELATED,FAIL,,-113,-4,2,,,103,,,,,,,ho_status=EXEC_FAILURE,2,5.0,0.8
2026-07-01 02:00:00,XYZ403,UE00674,beamforming,BEAM_FAILURE,FAIL,,-109,0,4,,,144,,,,,,,ho_status=SUCCESS,3,21.0,5.0
2026-07-01 03:00:00,XYZ401,UE00675,beamforming,BEAM_FAILURE,FAIL,,-98,12,9,,,484,,,,,,,ho_status=SUCCESS,4,65.0,2.6
2026-07-01 04:00:00,XYZ402,UE00676,beamforming,BEAM_HO_CORRELATED,FAIL,,-89,14,10,,,510,,,,,,,ho_status=PREP_FAILURE,5,73.0,4.8
2026-07-01 05:00:00,XYZ403,UE00677,beamforming,BEAM_FAILURE,FAIL,,-103,8,7,,,352,,,,,,,ho_status=SUCCESS,6,49.0,2.8
2026-07-01 06:00:00,XYZ401,UE00678,beamforming,BEAM_HO_CORRELATED,FAIL,,-110,3,5,,,199,,,,,,,ho_status=EXEC_FAILURE,1,31.0,2.6
2026-07-01 07:00:00,XYZ402,UE00679,beamforming,BEAM_HO_CORRELATED,FAIL,,-101,7,7,,,314,,,,,,,ho_status=EXEC_FAILURE,2,48.0,1.8
2026-07-01 08:00:00,XYZ403,UE00680,beamforming,BEAM_FAILURE,FAIL,,-114,-3,3,,,111,,,,,,,ho_status=SUCCESS,3,11.0,1.8
2026-07-01 09:00:00,XYZ401,UE00681,beamforming,BEAM_FAILURE,FAIL,,-119,0,4,,,173,,,,,,,ho_status=SUCCESS,4,20.0,6.6
2026-07-01 10:00:00,XYZ402,UE00682,beamforming,BEAM_HO_CORRELATED,FAIL,,-86,12,9,,,425,,,,,,,ho_status=EXEC_FAILURE,5,66.0,6.4
2026-07-01 11:00:00,XYZ403,UE00683,beamforming,BEAM_FAILURE,FAIL,,-108,-3,3,,,156,,,,,,,ho_status=SUCCESS,6,10.0,6.4
2026-07-01 12:00:00,XYZ401,UE00684,beamforming,BEAM_FAILURE,FAIL,,-105,4,6,,,286,,,,,,,ho_status=SUCCESS,1,37.0,5.2
2026-07-01 13:00:00,XYZ402,UE00685,beamforming,BEAM_FAILURE,FAIL,,-111,3,5,,,205,,,,,,,ho_status=SUCCESS,2,32.0,2.2
2026-07-01 14:00:00,XYZ403,UE00686,beamforming,BEAM_HO_CORRELATED,FAIL,,-119,0,4,,,203,,,,,,,ho_status=EXEC_FAILURE,3,20.0,0.4
2026-07-01 15:00:00,XYZ401,UE00687,beamforming,BEAM_HO_CORRELATED,FAIL,,-111,-4,2,,,72,,,,,,,ho_status=PREP_FAILURE,4,5.0,1.6
2026-07-01 16:00:00,XYZ402,UE00688,beamforming,BEAM_HO_CORRELATED,FAIL,,-110,2,5,,,249,,,,,,,ho_status=EXEC_FAILURE,5,29.0,5.8
2026-07-01 17:00:00,XYZ403,UE00689,beamforming,BEAM_FAILURE,FAIL,,-92,11,9,,,406,,,,,,,ho_status=SUCCESS,6,62.0,3.8
2026-07-01 18:00:00,XYZ401,UE00690,beamforming,BEAM_HO_CORRELATED,FAIL,,-111,0,4,,,204,,,,,,,ho_status=EXEC_FAILURE,1,20.0,0.8
2026-07-01 19:00:00,XYZ402,UE00691,beamforming,BEAM_HO_CORRELATED,FAIL,,-87,16,11,,,458,,,,,,,ho_status=PREP_FAILURE,2,81.0,5.6
2026-07-01 20:00:00,XYZ403,UE00692,beamforming,BEAM_FAILURE,FAIL,,-101,9,8,,,382,,,,,,,ho_status=SUCCESS,3,56.0,3.4
2026-07-01 21:00:00,XYZ401,UE00693,beamforming,BEAM_FAILURE,FAIL,,-102,7,7,,,267,,,,,,,ho_status=SUCCESS,4,48.0,3.4
2026-07-01 22:00:00,XYZ402,UE00694,beamforming,BEAM_HO_CORRELATED,FAIL,,-106,10,8,,,318,,,,,,,ho_status=PREP_FAILURE,5,58.0,5.4
2026-07-01 23:00:00,XYZ403,UE00695,beamforming,BEAM_HO_CORRELATED,FAIL,,-76,13,9,,,380,,,,,,,ho_status=PREP_FAILURE,6,68.0,2.4
2026-07-01 00:00:00,XYZ401,UE00696,beamforming,BEAM_HO_CORRELATED,FAIL,,-102,14,10,,,370,,,,,,,ho_status=EXEC_FAILURE,1,74.0,0.6
2026-07-01 01:00:00,XYZ402,UE00697,beamforming,BEAM_FAILURE,FAIL,,-95,13,9,,,383,,,,,,,ho_status=SUCCESS,2,67.0,0.6
2026-07-01 02:00:00,XYZ403,UE00698,beamforming,BEAM_FAILURE,FAIL,,-104,5,6,,,239,,,,,,,ho_status=SUCCESS,3,38.0,6.0
2026-07-01 03:00:00,XYZ401,UE00699,beamforming,BEAM_HO_CORRELATED,FAIL,,-107,1,4,,,155,,,,,,,ho_status=EXEC_FAILURE,4,22.0,4.4
2026-07-01 04:00:00,XYZ402,UE00700,beamforming,BEAM_HO_CORRELATED,FAIL,,-104,5,6,,,302,,,,,,,ho_status=EXEC_FAILURE,5,40.0,1.4
2026-07-01 05:00:00,XYZ403,UE00701,beamforming,BEAM_HO_CORRELATED,FAIL,,-121,0,4,,,144,,,,,,,ho_status=PREP_FAILURE,6,20.0,0.6
2026-07-01 06:00:00,XYZ401,UE00702,beamforming,BEAM_HO_CORRELATED,FAIL,,-125,2,5,,,230,,,,,,,ho_status=EXEC_FAILURE,1,29.0,4.0
2026-07-01 07:00:00,XYZ402,UE00703,beamforming,BEAM_HO_CORRELATED,FAIL,,-116,0,4,,,193,,,,,,,ho_status=EXEC_FAILURE,2,21.0,2.4
2026-07-01 08:00:00,XYZ403,UE00704,beamforming,BEAM_FAILURE,FAIL,,-111,1,4,,,171,,,,,,,ho_status=SUCCESS,3,23.0,3.2
2026-07-01 09:00:00,XYZ401,UE00705,beamforming,BEAM_FAILURE,FAIL,,-110,4,6,,,227,,,,,,,ho_status=SUCCESS,4,36.0,2.8
2026-07-01 10:00:00,XYZ402,UE00706,beamforming,BEAM_HO_CORRELATED,FAIL,,-102,4,6,,,265,,,,,,,ho_status=EXEC_FAILURE,5,36.0,0.0
2026-07-01 11:00:00,XYZ403,UE00707,beamforming,BEAM_HO_CORRELATED,FAIL,,-104,4,6,,,273,,,,,,,ho_status=PREP_FAILURE,6,37.0,5.2
2026-07-01 12:00:00,XYZ401,UE00708,beamforming,BEAM_FAILURE,FAIL,,-84,12,9,,,408,,,,,,,ho_status=SUCCESS,1,66.0,3.2
2026-07-01 13:00:00,XYZ402,UE00709,beamforming,BEAM_HO_CORRELATED,FAIL,,-119,-2,3,,,138,,,,,,,ho_status=PREP_FAILURE,2,13.0,6.6
2026-07-01 14:00:00,XYZ403,UE00710,beamforming,BEAM_HO_CORRELATED,FAIL,,-105,10,8,,,423,,,,,,,ho_status=EXEC_FAILURE,3,57.0,5.4
2026-07-01 15:00:00,XYZ401,UE00711,beamforming,BEAM_HO_CORRELATED,FAIL,,-94,17,11,,,469,,,,,,,ho_status=PREP_FAILURE,4,84.0,2.2
2026-07-01 16:00:00,XYZ402,UE00712,beamforming,BEAM_HO_CORRELATED,FAIL,,-113,-2,3,,,120,,,,,,,ho_status=EXEC_FAILURE,5,12.0,3.4
2026-07-01 17:00:00,XYZ403,UE00713,beamforming,BEAM_HO_CORRELATED,FAIL,,-110,-7,1,,,41,,,,,,,ho_status=PREP_FAILURE,6,5.0,1.0
2026-07-01 18:00:00,XYZ401,UE00714,beamforming,BEAM_HO_CORRELATED,FAIL,,-102,6,6,,,220,,,,,,,ho_status=EXEC_FAILURE,1,42.0,4.6
2026-07-01 19:00:00,XYZ402,UE00715,beamforming,BEAM_FAILURE,FAIL,,-94,8,7,,,364,,,,,,,ho_status=SUCCESS,2,49.0,5.0
2026-07-01 20:00:00,XYZ403,UE00716,beamforming,BEAM_HO_CORRELATED,FAIL,,-105,8,7,,,292,,,,,,,ho_status=PREP_FAILURE,3,49.0,3.4
2026-07-01 21:00:00,XYZ401,UE00717,beamforming,BEAM_HO_CORRELATED,FAIL,,-116,-4,2,,,91,,,,,,,ho_status=EXEC_FAILURE,4,5.0,6.6
2026-07-01 22:00:00,XYZ402,UE00718,beamforming,BEAM_FAILURE,FAIL,,-120,2,5,,,237,,,,,,,ho_status=SUCCESS,5,28.0,3.2
2026-07-01 23:00:00,XYZ403,UE00719,beamforming,BEAM_FAILURE,FAIL,,-100,7,7,,,281,,,,,,,ho_status=SUCCESS,6,48.0,1.4
2026-07-01 00:00:00,XYZ401,UE00720,beamforming,BEAM_HO_CORRELATED,FAIL,,-87,16,11,,,396,,,,,,,ho_status=PREP_FAILURE,1,81.0,4.8
2026-07-01 01:00:00,XYZ402,UE00721,beamforming,BEAM_FAILURE,FAIL,,-105,8,7,,,315,,,,,,,ho_status=SUCCESS,2,50.0,2.8
2026-07-01 02:00:00,XYZ403,UE00722,beamforming,BEAM_HO_CORRELATED,FAIL,,-94,13,9,,,413,,,,,,,ho_status=EXEC_FAILURE,3,69.0,6.8
2026-07-01 03:00:00,XYZ401,UE00723,beamforming,BEAM_HO_CORRELATED,FAIL,,-95,16,11,,,453,,,,,,,ho_status=EXEC_FAILURE,4,82.0,3.6
2026-07-01 04:00:00,XYZ402,UE00724,beamforming,BEAM_HO_CORRELATED,FAIL,,-94,15,10,,,503,,,,,,,ho_status=PREP_FAILURE,5,77.0,3.8
2026-07-01 05:00:00,XYZ403,UE00725,beamforming,BEAM_HO_CORRELATED,FAIL,,-116,-2,3,,,118,,,,,,,ho_status=EXEC_FAILURE,6,13.0,2.6
2026-07-01 06:00:00,XYZ401,UE00726,beamforming,BEAM_HO_CORRELATED,FAIL,,-99,14,10,,,407,,,,,,,ho_status=EXEC_FAILURE,1,73.0,5.6
2026-07-01 07:00:00,XYZ402,UE00727,beamforming,BEAM_OK,SUCCESS,,-89,15,10,,,415,,,,,,,ho_status=SUCCESS,2,76.0,3.0
2026-07-01 08:00:00,XYZ403,UE00728,beamforming,BEAM_HO_CORRELATED,FAIL,,-88,15,10,,,512,,,,,,,ho_status=EXEC_FAILURE,3,77.0,2.6
2026-07-01 09:00:00,XYZ401,UE00729,beamforming,BEAM_HO_CORRELATED,FAIL,,-103,7,7,,,320,,,,,,,ho_status=EXEC_FAILURE,4,48.0,6.4
2026-07-01 10:00:00,XYZ402,UE00730,beamforming,BEAM_FAILURE,FAIL,,-90,11,9,,,367,,,,,,,ho_status=SUCCESS,5,63.0,6.2
2026-07-01 11:00:00,XYZ403,UE00731,beamforming,BEAM_HO_CORRELATED,FAIL,,-108,2,5,,,259,,,,,,,ho_status=PREP_FAILURE,6,29.0,3.4
2026-07-01 12:00:00,XYZ401,UE00732,beamforming,BEAM_HO_CORRELATED,FAIL,,-109,3,5,,,267,,,,,,,ho_status=PREP_FAILURE,1,31.0,0.6
2026-07-01 13:00:00,XYZ402,UE00733,beamforming,BEAM_FAILURE,FAIL,,-112,-2,3,,,138,,,,,,,ho_status=SUCCESS,2,13.0,0.0
2026-07-01 14:00:00,XYZ403,UE00734,beamforming,BEAM_FAILURE,FAIL,,-111,4,6,,,275,,,,,,,ho_status=SUCCESS,3,37.0,4.6
2026-07-01 15:00:00,XYZ401,UE00735,beamforming,BEAM_HO_CORRELATED,FAIL,,-105,0,4,,,207,,,,,,,ho_status=PREP_FAILURE,4,21.0,5.2
2026-07-01 16:00:00,XYZ402,UE00736,beamforming,BEAM_FAILURE,FAIL,,-120,2,5,,,232,,,,,,,ho_status=SUCCESS,5,29.0,5.2
2026-07-01 17:00:00,XYZ403,UE00737,beamforming,BEAM_HO_CORRELATED,FAIL,,-110,7,7,,,289,,,,,,,ho_status=EXEC_FAILURE,6,47.0,4.2
2026-07-01 18:00:00,XYZ401,UE00738,beamforming,BEAM_HO_CORRELATED,FAIL,,-95,12,9,,,335,,,,,,,ho_status=EXEC_FAILURE,1,66.0,3.0
2026-07-01 19:00:00,XYZ402,UE00739,beamforming,BEAM_HO_CORRELATED,FAIL,,-92,16,11,,,450,,,,,,,ho_status=PREP_FAILURE,2,82.0,2.0
2026-07-01 20:00:00,XYZ403,UE00740,beamforming,BEAM_FAILURE,FAIL,,-106,6,6,,,232,,,,,,,ho_status=SUCCESS,3,42.0,1.4
2026-07-01 21:00:00,XYZ401,UE00741,beamforming,BEAM_FAILURE,FAIL,,-109,0,4,,,176,,,,,,,ho_status=SUCCESS,4,21.0,1.6
2026-07-01 22:00:00,XYZ402,UE00742,beamforming,BEAM_HO_CORRELATED,FAIL,,-116,0,4,,,166,,,,,,,ho_status=PREP_FAILURE,5,21.0,0.8
2026-07-01 23:00:00,XYZ403,UE00743,beamforming,BEAM_HO_CORRELATED,FAIL,,-112,2,5,,,180,,,,,,,ho_status=EXEC_FAILURE,6,29.0,3.8
2026-07-01 00:00:00,XYZ401,UE00744,beamforming,BEAM_HO_CORRELATED,FAIL,,-108,0,4,,,150,,,,,,,ho_status=EXEC_FAILURE,1,20.0,2.2
2026-07-01 01:00:00,XYZ402,UE00745,beamforming,BEAM_HO_CORRELATED,FAIL,,-87,14,10,,,399,,,,,,,ho_status=EXEC_FAILURE,2,73.0,5.6
2026-07-01 02:00:00,XYZ403,UE00746,beamforming,BEAM_HO_CORRELATED,FAIL,,-97,8,7,,,297,,,,,,,ho_status=EXEC_FAILURE,3,50.0,5.6
2026-07-01 03:00:00,XYZ401,UE00747,beamforming,BEAM_HO_CORRELATED,FAIL,,-109,0,4,,,168,,,,,,,ho_status=EXEC_FAILURE,4,21.0,3.4
2026-07-01 04:00:00,XYZ402,UE00748,beamforming,BEAM_FAILURE,FAIL,,-111,1,4,,,151,,,,,,,ho_status=SUCCESS,5,22.0,0.8
2026-07-01 05:00:00,XYZ403,UE00749,beamforming,BEAM_HO_CORRELATED,FAIL,,-102,0,4,,,179,,,,,,,ho_status=EXEC_FAILURE,6,20.0,0.0
2026-07-01 06:00:00,XYZ401,UE00750,beamforming,BEAM_HO_CORRELATED,FAIL,,-98,9,8,,,319,,,,,,,ho_status=PREP_FAILURE,1,56.0,1.0
2026-07-01 07:00:00,XYZ402,UE00751,beamforming,BEAM_HO_CORRELATED,FAIL,,-90,9,8,,,306,,,,,,,ho_status=PREP_FAILURE,2,55.0,3.2
2026-07-01 08:00:00,XYZ403,UE00752,beamforming,BEAM_FAILURE,FAIL,,-92,11,9,,,403,,,,,,,ho_status=SUCCESS,3,62.0,1.4
2026-07-01 09:00:00,XYZ401,UE00753,beamforming,BEAM_HO_CORRELATED,FAIL,,-114,0,4,,,175,,,,,,,ho_status=EXEC_FAILURE,4,21.0,2.4
2026-07-01 10:00:00,XYZ402,UE00754,beamforming,BEAM_HO_CORRELATED,FAIL,,-84,13,9,,,431,,,,,,,ho_status=EXEC_FAILURE,5,69.0,0.4
2026-07-01 11:00:00,XYZ403,UE00755,beamforming,BEAM_FAILURE,FAIL,,-116,0,4,,,155,,,,,,,ho_status=SUCCESS,6,20.0,6.8
2026-07-01 12:00:00,XYZ401,UE00756,beamforming,BEAM_HO_CORRELATED,FAIL,,-93,7,7,,,371,,,,,,,ho_status=PREP_FAILURE,1,47.0,0.4
2026-07-01 13:00:00,XYZ402,UE00757,beamforming,BEAM_HO_CORRELATED,FAIL,,-94,6,6,,,239,,,,,,,ho_status=PREP_FAILURE,2,42.0,5.6
2026-07-01 14:00:00,XYZ403,UE00758,beamforming,BEAM_HO_CORRELATED,FAIL,,-93,6,6,,,251,,,,,,,ho_status=EXEC_FAILURE,3,42.0,0.6
2026-07-01 15:00:00,XYZ401,UE00759,beamforming,BEAM_HO_CORRELATED,FAIL,,-107,4,6,,,250,,,,,,,ho_status=EXEC_FAILURE,4,36.0,5.0
2026-07-01 16:00:00,XYZ402,UE00760,beamforming,BEAM_FAILURE,FAIL,,-103,1,4,,,209,,,,,,,ho_status=SUCCESS,5,23.0,3.0
2026-07-01 17:00:00,XYZ403,UE00761,beamforming,BEAM_FAILURE,FAIL,,-101,9,8,,,290,,,,,,,ho_status=SUCCESS,6,55.0,1.2
2026-07-01 18:00:00,XYZ401,UE00762,beamforming,BEAM_HO_CORRELATED,FAIL,,-109,2,5,,,229,,,,,,,ho_status=PREP_FAILURE,1,29.0,3.0
2026-07-01 19:00:00,XYZ402,UE00763,beamforming,BEAM_HO_CORRELATED,FAIL,,-108,-3,3,,,109,,,,,,,ho_status=PREP_FAILURE,2,11.0,4.8
2026-07-01 20:00:00,XYZ403,UE00764,beamforming,BEAM_FAILURE,FAIL,,-121,1,4,,,185,,,,,,,ho_status=SUCCESS,3,22.0,3.6
2026-07-01 21:00:00,XYZ401,UE00765,beamforming,BEAM_HO_CORRELATED,FAIL,,-113,1,4,,,169,,,,,,,ho_status=EXEC_FAILURE,4,23.0,6.2
2026-07-01 22:00:00,XYZ402,UE00766,beamforming,BEAM_FAILURE,FAIL,,-112,-3,3,,,135,,,,,,,ho_status=SUCCESS,5,10.0,3.2
2026-07-01 23:00:00,XYZ403,UE00767,beamforming,BEAM_FAILURE,FAIL,,-109,3,5,,,226,,,,,,,ho_status=SUCCESS,6,31.0,1.6
2026-07-01 00:00:00,XYZ401,UE00768,beamforming,BEAM_FAILURE,FAIL,,-111,1,4,,,184,,,,,,,ho_status=SUCCESS,1,23.0,1.2
2026-07-01 01:00:00,XYZ402,UE00769,beamforming,BEAM_HO_CORRELATED,FAIL,,-111,0,4,,,199,,,,,,,ho_status=EXEC_FAILURE,2,20.0,5.0
2026-07-01 02:00:00,XYZ403,UE00770,beamforming,BEAM_FAILURE,FAIL,,-125,1,4,,,144,,,,,,,ho_status=SUCCESS,3,23.0,5.4
2026-07-01 03:00:00,XYZ401,UE00771,beamforming,BEAM_HO_CORRELATED,FAIL,,-108,-2,3,,,129,,,,,,,ho_status=EXEC_FAILURE,4,13.0,5.4
2026-07-01 04:00:00,XYZ402,UE00772,beamforming,BEAM_FAILURE,FAIL,,-92,13,9,,,408,,,,,,,ho_status=SUCCESS,5,67.0,5.0
2026-07-01 05:00:00,XYZ403,UE00773,beamforming,BEAM_FAILURE,FAIL,,-96,5,6,,,234,,,,,,,ho_status=SUCCESS,6,39.0,4.4
2026-07-01 06:00:00,XYZ401,UE00774,beamforming,BEAM_FAILURE,FAIL,,-106,3,5,,,244,,,,,,,ho_status=SUCCESS,1,32.0,6.0
2026-07-01 07:00:00,XYZ402,UE00775,beamforming,BEAM_HO_CORRELATED,FAIL,,-85,17,11,,,538,,,,,,,ho_status=EXEC_FAILURE,2,85.0,5.4
2026-07-01 08:00:00,XYZ403,UE00776,beamforming,BEAM_HO_CORRELATED,FAIL,,-102,5,6,,,284,,,,,,,ho_status=EXEC_FAILURE,3,38.0,6.2
2026-07-01 09:00:00,XYZ401,UE00777,beamforming,BEAM_HO_CORRELATED,FAIL,,-94,13,9,,,373,,,,,,,ho_status=PREP_FAILURE,4,67.0,6.4
2026-07-01 10:00:00,XYZ402,UE00778,beamforming,BEAM_FAILURE,FAIL,,-117,-1,3,,,144,,,,,,,ho_status=SUCCESS,5,15.0,2.6
2026-07-01 11:00:00,XYZ403,UE00779,beamforming,BEAM_FAILURE,FAIL,,-97,4,6,,,271,,,,,,,ho_status=SUCCESS,6,37.0,5.0
2026-07-01 12:00:00,XYZ401,UE00780,beamforming,BEAM_HO_CORRELATED,FAIL,,-110,1,4,,,144,,,,,,,ho_status=PREP_FAILURE,1,22.0,0.2
2026-07-01 13:00:00,XYZ402,UE00781,beamforming,BEAM_HO_CORRELATED,FAIL,,-111,0,4,,,172,,,,,,,ho_status=PREP_FAILURE,2,21.0,4.4
2026-07-01 14:00:00,XYZ403,UE00782,beamforming,BEAM_FAILURE,FAIL,,-120,-4,2,,,101,,,,,,,ho_status=SUCCESS,3,5.0,5.8
2026-07-01 15:00:00,XYZ401,UE00783,beamforming,BEAM_HO_CORRELATED,FAIL,,-99,11,9,,,444,,,,,,,ho_status=PREP_FAILURE,4,63.0,2.6
2026-07-01 16:00:00,XYZ402,UE00784,beamforming,BEAM_HO_CORRELATED,FAIL,,-99,9,8,,,358,,,,,,,ho_status=PREP_FAILURE,5,55.0,6.0
2026-07-01 17:00:00,XYZ403,UE00785,beamforming,BEAM_HO_CORRELATED,FAIL,,-97,12,9,,,468,,,,,,,ho_status=PREP_FAILURE,6,65.0,4.2
2026-07-01 18:00:00,XYZ401,UE00786,beamforming,BEAM_HO_CORRELATED,FAIL,,-119,-5,2,,,103,,,,,,,ho_status=EXEC_FAILURE,1,5.0,3.2
2026-07-01 19:00:00,XYZ402,UE00787,beamforming,BEAM_HO_CORRELATED,FAIL,,-91,12,9,,,467,,,,,,,ho_status=EXEC_FAILURE,2,65.0,3.8
2026-07-01 20:00:00,XYZ403,UE00788,beamforming,BEAM_HO_CORRELATED,FAIL,,-106,0,4,,,176,,,,,,,ho_status=EXEC_FAILURE,3,20.0,3.8
2026-07-01 21:00:00,XYZ401,UE00789,beamforming,BEAM_HO_CORRELATED,FAIL,,-118,-4,2,,,90,,,,,,,ho_status=EXEC_FAILURE,4,5.0,1.2
2026-07-01 22:00:00,XYZ402,UE00790,beamforming,BEAM_FAILURE,FAIL,,-106,3,5,,,213,,,,,,,ho_status=SUCCESS,5,32.0,6.4
2026-07-01 23:00:00,XYZ403,UE00791,beamforming,BEAM_FAILURE,FAIL,,-99,16,11,,,437,,,,,,,ho_status=SUCCESS,6,82.0,4.4
2026-07-01 00:00:00,XYZ401,UE00792,beamforming,BEAM_FAILURE,FAIL,,-107,2,5,,,240,,,,,,,ho_status=SUCCESS,1,29.0,6.2
2026-07-01 01:00:00,XYZ402,UE00793,beamforming,BEAM_HO_CORRELATED,FAIL,,-83,15,10,,,482,,,,,,,ho_status=EXEC_FAILURE,2,76.0,0.6
2026-07-01 02:00:00,XYZ403,UE00794,beamforming,BEAM_FAILURE,FAIL,,-100,11,9,,,468,,,,,,,ho_status=SUCCESS,3,64.0,4.8
2026-07-01 03:00:00,XYZ401,UE00795,beamforming,BEAM_HO_CORRELATED,FAIL,,-108,0,4,,,153,,,,,,,ho_status=PREP_FAILURE,4,21.0,5.6
2026-07-01 04:00:00,XYZ402,UE00796,beamforming,BEAM_FAILURE,FAIL,,-90,11,9,,,398,,,,,,,ho_status=SUCCESS,5,62.0,1.6
2026-07-01 05:00:00,XYZ403,UE00797,beamforming,BEAM_HO_CORRELATED,FAIL,,-118,-4,2,,,91,,,,,,,ho_status=EXEC_FAILURE,6,5.0,0.6
2026-07-01 06:00:00,XYZ401,UE00798,beamforming,BEAM_HO_CORRELATED,FAIL,,-93,13,9,,,440,,,,,,,ho_status=EXEC_FAILURE,1,67.0,3.6
2026-07-01 07:00:00,XYZ402,UE00799,beamforming,BEAM_HO_CORRELATED,FAIL,,-94,10,8,,,380,,,,,,,ho_status=EXEC_FAILURE,2,57.0,4.0
2026-07-01 08:00:00,XYZ403,UE00800,beamforming,BEAM_HO_CORRELATED,FAIL,,-115,4,6,,,292,,,,,,,ho_status=PREP_FAILURE,3,37.0,0.4
2026-07-01 09:00:00,XYZ401,UE00801,beamforming,BEAM_FAILURE,FAIL,,-109,5,6,,,271,,,,,,,ho_status=SUCCESS,4,39.0,5.2
2026-07-01 10:00:00,XYZ402,UE00802,beamforming,BEAM_HO_CORRELATED,FAIL,,-115,2,5,,,199,,,,,,,ho_status=PREP_FAILURE,5,28.0,3.6
2026-07-01 11:00:00,XYZ403,UE00803,beamforming,BEAM_HO_CORRELATED,FAIL,,-91,15,10,,,502,,,,,,,ho_status=PREP_FAILURE,6,75.0,1.6
2026-07-01 12:00:00,XYZ401,UE00804,beamforming,BEAM_HO_CORRELATED,FAIL,,-95,4,6,,,316,,,,,,,ho_status=EXEC_FAILURE,1,36.0,5.0
2026-07-01 13:00:00,XYZ402,UE00805,beamforming,BEAM_FAILURE,FAIL,,-111,0,4,,,187,,,,,,,ho_status=SUCCESS,2,21.0,2.8
2026-07-01 14:00:00,XYZ403,UE00806,beamforming,BEAM_HO_CORRELATED,FAIL,,-90,11,9,,,408,,,,,,,ho_status=EXEC_FAILURE,3,64.0,2.4
2026-07-01 15:00:00,XYZ401,UE00807,beamforming,BEAM_HO_CORRELATED,FAIL,,-104,0,4,,,164,,,,,,,ho_status=EXEC_FAILURE,4,20.0,0.2
2026-07-01 16:00:00,XYZ402,UE00808,beamforming,BEAM_FAILURE,FAIL,,-99,7,7,,,312,,,,,,,ho_status=SUCCESS,5,47.0,6.4
2026-07-01 17:00:00,XYZ403,UE00809,beamforming,BEAM_HO_CORRELATED,FAIL,,-111,-5,2,,,94,,,,,,,ho_status=PREP_FAILURE,6,5.0,5.8
2026-07-01 18:00:00,XYZ401,UE00810,beamforming,BEAM_HO_CORRELATED,FAIL,,-100,4,6,,,292,,,,,,,ho_status=EXEC_FAILURE,1,37.0,6.6
2026-07-01 19:00:00,XYZ402,UE00811,beamforming,BEAM_HO_CORRELATED,FAIL,,-103,1,4,,,166,,,,,,,ho_status=PREP_FAILURE,2,23.0,5.0
2026-07-01 20:00:00,XYZ403,UE00812,beamforming,BEAM_HO_CORRELATED,FAIL,,-119,0,4,,,187,,,,,,,ho_status=EXEC_FAILURE,3,20.0,6.4
2026-07-01 21:00:00,XYZ401,UE00813,beamforming,BEAM_HO_CORRELATED,FAIL,,-92,13,9,,,438,,,,,,,ho_status=EXEC_FAILURE,4,67.0,4.0
2026-07-01 22:00:00,XYZ402,UE00814,beamforming,BEAM_HO_CORRELATED,FAIL,,-103,4,6,,,251,,,,,,,ho_status=EXEC_FAILURE,5,36.0,4.6
2026-07-01 23:00:00,XYZ403,UE00815,beamforming,BEAM_FAILURE,FAIL,,-109,5,6,,,235,,,,,,,ho_status=SUCCESS,6,40.0,3.8
2026-07-01 00:00:00,XYZ401,UE00816,beamforming,BEAM_HO_CORRELATED,FAIL,,-100,12,9,,,401,,,,,,,ho_status=EXEC_FAILURE,1,66.0,5.6
2026-07-01 01:00:00,XYZ402,UE00817,beamforming,BEAM_HO_CORRELATED,FAIL,,-120,1,4,,,154,,,,,,,ho_status=PREP_FAILURE,2,23.0,6.2
2026-07-01 02:00:00,XYZ403,UE00818,beamforming,BEAM_FAILURE,FAIL,,-95,8,7,,,288,,,,,,,ho_status=SUCCESS,3,50.0,5.6
2026-07-01 03:00:00,XYZ401,UE00819,beamforming,BEAM_HO_CORRELATED,FAIL,,-111,-1,3,,,151,,,,,,,ho_status=EXEC_FAILURE,4,15.0,3.6
2026-07-01 04:00:00,XYZ402,UE00820,beamforming,BEAM_HO_CORRELATED,FAIL,,-120,0,4,,,149,,,,,,,ho_status=PREP_FAILURE,5,21.0,1.4
2026-07-01 05:00:00,XYZ403,UE00821,beamforming,BEAM_HO_CORRELATED,FAIL,,-99,8,7,,,272,,,,,,,ho_status=EXEC_FAILURE,6,49.0,4.2
2026-07-01 06:00:00,XYZ401,UE00822,beamforming,BEAM_FAILURE,FAIL,,-104,6,6,,,285,,,,,,,ho_status=SUCCESS,1,41.0,4.8
2026-07-01 07:00:00,XYZ402,UE00823,beamforming,BEAM_HO_CORRELATED,FAIL,,-99,5,6,,,273,,,,,,,ho_status=PREP_FAILURE,2,39.0,0.6
2026-07-01 08:00:00,XYZ403,UE00824,beamforming,BEAM_HO_CORRELATED,FAIL,,-105,5,6,,,221,,,,,,,ho_status=EXEC_FAILURE,3,38.0,4.0
2026-07-01 09:00:00,XYZ401,UE00825,beamforming,BEAM_HO_CORRELATED,FAIL,,-118,-4,2,,,94,,,,,,,ho_status=EXEC_FAILURE,4,5.0,3.6
2026-07-01 10:00:00,XYZ402,UE00826,beamforming,BEAM_HO_CORRELATED,FAIL,,-104,0,4,,,185,,,,,,,ho_status=PREP_FAILURE,5,21.0,6.8
2026-07-01 11:00:00,XYZ403,UE00827,beamforming,BEAM_HO_CORRELATED,FAIL,,-125,0,4,,,162,,,,,,,ho_status=PREP_FAILURE,6,21.0,6.6
2026-07-01 12:00:00,XYZ401,UE00828,beamforming,BEAM_HO_CORRELATED,FAIL,,-91,13,9,,,413,,,,,,,ho_status=EXEC_FAILURE,1,68.0,3.2
2026-07-01 13:00:00,XYZ402,UE00829,beamforming,BEAM_FAILURE,FAIL,,-101,8,7,,,328,,,,,,,ho_status=SUCCESS,2,49.0,1.4
2026-07-01 14:00:00,XYZ403,UE00830,beamforming,BEAM_FAILURE,FAIL,,-99,7,7,,,361,,,,,,,ho_status=SUCCESS,3,47.0,3.6
2026-07-01 15:00:00,XYZ401,UE00831,beamforming,BEAM_HO_CORRELATED,FAIL,,-117,-4,2,,,94,,,,,,,ho_status=PREP_FAILURE,4,5.0,2.8
2026-07-01 16:00:00,XYZ402,UE00832,beamforming,BEAM_FAILURE,FAIL,,-98,10,8,,,391,,,,,,,ho_status=SUCCESS,5,57.0,0.0
2026-07-01 17:00:00,XYZ403,UE00833,beamforming,BEAM_FAILURE,FAIL,,-95,13,9,,,475,,,,,,,ho_status=SUCCESS,6,68.0,4.6
2026-07-01 18:00:00,XYZ401,UE00834,beamforming,BEAM_HO_CORRELATED,FAIL,,-116,3,5,,,217,,,,,,,ho_status=EXEC_FAILURE,1,32.0,1.6
2026-07-01 19:00:00,XYZ402,UE00835,beamforming,BEAM_FAILURE,FAIL,,-117,-3,3,,,159,,,,,,,ho_status=SUCCESS,2,10.0,4.2
2026-07-01 20:00:00,XYZ403,UE00836,beamforming,BEAM_HO_CORRELATED,FAIL,,-114,0,4,,,157,,,,,,,ho_status=PREP_FAILURE,3,20.0,2.2
2026-07-01 21:00:00,XYZ401,UE00837,beamforming,BEAM_HO_CORRELATED,FAIL,,-93,9,8,,,365,,,,,,,ho_status=PREP_FAILURE,4,55.0,5.2
2026-07-01 22:00:00,XYZ402,UE00838,beamforming,BEAM_FAILURE,FAIL,,-92,7,7,,,316,,,,,,,ho_status=SUCCESS,5,48.0,4.6
2026-07-01 23:00:00,XYZ403,UE00839,beamforming,BEAM_FAILURE,FAIL,,-108,3,5,,,212,,,,,,,ho_status=SUCCESS,6,31.0,4.6
2026-07-01 00:00:00,XYZ401,UE00840,beamforming,BEAM_HO_CORRELATED,FAIL,,-123,4,6,,,310,,,,,,,ho_status=PREP_FAILURE,1,36.0,4.0
2026-07-01 01:00:00,XYZ402,UE00841,beamforming,BEAM_FAILURE,FAIL,,-114,3,5,,,210,,,,,,,ho_status=SUCCESS,2,31.0,4.0
2026-07-01 02:00:00,XYZ403,UE00842,beamforming,BEAM_FAILURE,FAIL,,-92,9,8,,,415,,,,,,,ho_status=SUCCESS,3,56.0,2.8
2026-07-01 03:00:00,XYZ401,UE00843,beamforming,BEAM_FAILURE,FAIL,,-92,10,8,,,392,,,,,,,ho_status=SUCCESS,4,57.0,1.6
2026-07-01 04:00:00,XYZ402,UE00844,beamforming,BEAM_HO_CORRELATED,FAIL,,-101,6,6,,,260,,,,,,,ho_status=EXEC_FAILURE,5,42.0,0.8
2026-07-01 05:00:00,XYZ403,UE00845,beamforming,BEAM_HO_CORRELATED,FAIL,,-107,-2,3,,,125,,,,,,,ho_status=EXEC_FAILURE,6,12.0,6.8
2026-07-01 06:00:00,XYZ401,UE00846,beamforming,BEAM_HO_CORRELATED,FAIL,,-115,1,4,,,151,,,,,,,ho_status=EXEC_FAILURE,1,23.0,5.0
2026-07-01 07:00:00,XYZ402,UE00847,beamforming,BEAM_HO_CORRELATED,FAIL,,-116,-2,3,,,121,,,,,,,ho_status=PREP_FAILURE,2,13.0,2.6
2026-07-01 08:00:00,XYZ403,UE00848,beamforming,BEAM_HO_CORRELATED,FAIL,,-107,-1,3,,,137,,,,,,,ho_status=EXEC_FAILURE,3,15.0,3.0
2026-07-01 09:00:00,XYZ401,UE00849,beamforming,BEAM_FAILURE,FAIL,,-106,1,4,,,151,,,,,,,ho_status=SUCCESS,4,23.0,2.8
2026-07-01 10:00:00,XYZ402,UE00850,beamforming,BEAM_HO_CORRELATED,FAIL,,-100,15,10,,,471,,,,,,,ho_status=EXEC_FAILURE,5,77.0,2.2
2026-07-01 11:00:00,XYZ403,UE00851,beamforming,BEAM_FAILURE,FAIL,,-108,5,6,,,257,,,,,,,ho_status=SUCCESS,6,40.0,4.6
2026-07-01 12:00:00,XYZ401,UE00852,beamforming,BEAM_HO_CORRELATED,FAIL,,-110,-2,3,,,134,,,,,,,ho_status=EXEC_FAILURE,1,12.0,1.8
2026-07-01 13:00:00,XYZ402,UE00853,beamforming,BEAM_FAILURE,FAIL,,-114,3,5,,,238,,,,,,,ho_status=SUCCESS,2,32.0,2.0
2026-07-01 14:00:00,XYZ403,UE00854,beamforming,BEAM_HO_CORRELATED,FAIL,,-111,8,7,,,337,,,,,,,ho_status=PREP_FAILURE,3,49.0,2.4
2026-07-01 15:00:00,XYZ401,UE00855,beamforming,BEAM_FAILURE,FAIL,,-109,5,6,,,299,,,,,,,ho_status=SUCCESS,4,40.0,1.2
2026-07-01 16:00:00,XYZ402,UE00856,beamforming,BEAM_HO_CORRELATED,FAIL,,-94,8,7,,,296,,,,,,,ho_status=EXEC_FAILURE,5,49.0,6.2
2026-07-01 17:00:00,XYZ403,UE00857,beamforming,BEAM_HO_CORRELATED,FAIL,,-111,-3,3,,,129,,,,,,,ho_status=PREP_FAILURE,6,10.0,0.2
2026-07-01 18:00:00,XYZ401,UE00858,beamforming,BEAM_HO_CORRELATED,FAIL,,-110,0,4,,,161,,,,,,,ho_status=PREP_FAILURE,1,20.0,6.2
2026-07-01 19:00:00,XYZ402,UE00859,beamforming,BEAM_HO_CORRELATED,FAIL,,-105,11,9,,,435,,,,,,,ho_status=PREP_FAILURE,2,63.0,6.0
2026-07-01 20:00:00,XYZ403,UE00860,beamforming,BEAM_HO_CORRELATED,FAIL,,-87,11,9,,,446,,,,,,,ho_status=EXEC_FAILURE,3,62.0,3.6
2026-07-01 21:00:00,XYZ401,UE00861,beamforming,BEAM_HO_CORRELATED,FAIL,,-115,0,4,,,180,,,,,,,ho_status=PREP_FAILURE,4,21.0,2.8
2026-07-01 22:00:00,XYZ402,UE00862,beamforming,BEAM_FAILURE,FAIL,,-125,-5,2,,,77,,,,,,,ho_status=SUCCESS,5,5.0,1.0
2026-07-01 23:00:00,XYZ403,UE00863,beamforming,BEAM_HO_CORRELATED,FAIL,,-109,7,7,,,349,,,,,,,ho_status=PREP_FAILURE,6,46.0,6.6
2026-07-01 00:00:00,XYZ401,UE00864,beamforming,BEAM_HO_CORRELATED,FAIL,,-79,19,12,,,506,,,,,,,ho_status=EXEC_FAILURE,1,91.0,4.4
2026-07-01 01:00:00,XYZ402,UE00865,beamforming,BEAM_HO_CORRELATED,FAIL,,-98,7,7,,,262,,,,,,,ho_status=EXEC_FAILURE,2,48.0,0.2
2026-07-01 02:00:00,XYZ403,UE00866,beamforming,BEAM_FAILURE,FAIL,,-96,19,12,,,460,,,,,,,ho_status=SUCCESS,3,92.0,6.8
2026-07-01 03:00:00,XYZ401,UE00867,beamforming,BEAM_HO_CORRELATED,FAIL,,-111,3,5,,,238,,,,,,,ho_status=EXEC_FAILURE,4,31.0,2.2
2026-07-01 04:00:00,XYZ402,UE00868,beamforming,BEAM_HO_CORRELATED,FAIL,,-117,-3,3,,,125,,,,,,,ho_status=EXEC_FAILURE,5,9.0,2.0
2026-07-01 05:00:00,XYZ403,UE00869,beamforming,BEAM_HO_CORRELATED,FAIL,,-120,-2,3,,,129,,,,,,,ho_status=EXEC_FAILURE,6,12.0,4.0
2026-07-01 06:00:00,XYZ401,UE00870,beamforming,BEAM_HO_CORRELATED,FAIL,,-112,0,4,,,173,,,,,,,ho_status=PREP_FAILURE,1,20.0,2.0
2026-07-01 07:00:00,XYZ402,UE00871,beamforming,BEAM_HO_CORRELATED,FAIL,,-109,9,8,,,305,,,,,,,ho_status=PREP_FAILURE,2,54.0,5.8
2026-07-01 08:00:00,XYZ403,UE00872,beamforming,BEAM_FAILURE,FAIL,,-107,11,9,,,458,,,,,,,ho_status=SUCCESS,3,63.0,2.0
2026-07-01 09:00:00,XYZ401,UE00873,beamforming,BEAM_FAILURE,FAIL,,-96,11,9,,,410,,,,,,,ho_status=SUCCESS,4,63.0,4.0
2026-07-01 10:00:00,XYZ402,UE00874,beamforming,BEAM_HO_CORRELATED,FAIL,,-102,4,6,,,285,,,,,,,ho_status=EXEC_FAILURE,5,36.0,3.6
2026-07-01 11:00:00,XYZ403,UE00875,beamforming,BEAM_HO_CORRELATED,FAIL,,-103,9,8,,,377,,,,,,,ho_status=PREP_FAILURE,6,56.0,1.0
2026-07-01 12:00:00,XYZ401,UE00876,beamforming,BEAM_FAILURE,FAIL,,-91,11,9,,,472,,,,,,,ho_status=SUCCESS,1,62.0,4.8
2026-07-01 13:00:00,XYZ402,UE00877,beamforming,BEAM_HO_CORRELATED,FAIL,,-113,-3,3,,,131,,,,,,,ho_status=EXEC_FAILURE,2,10.0,3.2
2026-07-01 14:00:00,XYZ403,UE00878,beamforming,BEAM_HO_CORRELATED,FAIL,,-113,-3,3,,,140,,,,,,,ho_status=EXEC_FAILURE,3,9.0,0.4
2026-07-01 15:00:00,XYZ401,UE00879,beamforming,BEAM_HO_CORRELATED,FAIL,,-113,4,6,,,319,,,,,,,ho_status=EXEC_FAILURE,4,37.0,1.0
2026-07-01 16:00:00,XYZ402,UE00880,beamforming,BEAM_HO_CORRELATED,FAIL,,-85,19,12,,,497,,,,,,,ho_status=EXEC_FAILURE,5,92.0,5.8
2026-07-01 17:00:00,XYZ403,UE00881,beamforming,BEAM_HO_CORRELATED,FAIL,,-98,9,8,,,369,,,,,,,ho_status=PREP_FAILURE,6,56.0,5.2
2026-07-01 18:00:00,XYZ401,UE00882,beamforming,BEAM_FAILURE,FAIL,,-99,10,8,,,337,,,,,,,ho_status=SUCCESS,1,57.0,4.2
2026-07-01 19:00:00,XYZ402,UE00883,beamforming,BEAM_FAILURE,FAIL,,-111,-2,3,,,130,,,,,,,ho_status=SUCCESS,2,13.0,2.6
2026-07-01 20:00:00,XYZ403,UE00884,beamforming,BEAM_HO_CORRELATED,FAIL,,-111,-2,3,,,124,,,,,,,ho_status=EXEC_FAILURE,3,12.0,5.2
2026-07-01 21:00:00,XYZ401,UE00885,beamforming,BEAM_FAILURE,FAIL,,-106,6,6,,,298,,,,,,,ho_status=SUCCESS,4,42.0,6.8
2026-07-01 22:00:00,XYZ402,UE00886,beamforming,BEAM_HO_CORRELATED,FAIL,,-97,10,8,,,346,,,,,,,ho_status=EXEC_FAILURE,5,57.0,2.2
2026-07-01 23:00:00,XYZ403,UE00887,beamforming,BEAM_HO_CORRELATED,FAIL,,-90,16,11,,,432,,,,,,,ho_status=EXEC_FAILURE,6,81.0,2.8
2026-07-01 00:00:00,XYZ401,UE00888,beamforming,BEAM_HO_CORRELATED,FAIL,,-110,0,4,,,198,,,,,,,ho_status=PREP_FAILURE,1,21.0,2.8
2026-07-01 01:00:00,XYZ402,UE00889,beamforming,BEAM_HO_CORRELATED,FAIL,,-102,11,9,,,396,,,,,,,ho_status=EXEC_FAILURE,2,62.0,5.6
2026-07-01 02:00:00,XYZ403,UE00890,beamforming,BEAM_HO_CORRELATED,FAIL,,-106,10,8,,,374,,,,,,,ho_status=PREP_FAILURE,3,58.0,6.0
2026-07-01 03:00:00,XYZ401,UE00891,beamforming,BEAM_HO_CORRELATED,FAIL,,-105,0,4,,,167,,,,,,,ho_status=EXEC_FAILURE,4,20.0,1.4
2026-07-01 04:00:00,XYZ402,UE00892,beamforming,BEAM_FAILURE,FAIL,,-105,0,4,,,203,,,,,,,ho_status=SUCCESS,5,21.0,4.6
2026-07-01 05:00:00,XYZ403,UE00893,beamforming,BEAM_FAILURE,FAIL,,-111,3,5,,,212,,,,,,,ho_status=SUCCESS,6,30.0,0.6
2026-07-01 06:00:00,XYZ401,UE00894,beamforming,BEAM_HO_CORRELATED,FAIL,,-112,15,10,,,520,,,,,,,ho_status=EXEC_FAILURE,1,75.0,5.2
2026-07-01 07:00:00,XYZ402,UE00895,beamforming,BEAM_HO_CORRELATED,FAIL,,-112,7,7,,,301,,,,,,,ho_status=PREP_FAILURE,2,46.0,1.8
2026-07-01 08:00:00,XYZ403,UE00896,beamforming,BEAM_HO_CORRELATED,FAIL,,-116,-2,3,,,126,,,,,,,ho_status=PREP_FAILURE,3,12.0,3.2
2026-07-01 09:00:00,XYZ401,UE00897,beamforming,BEAM_HO_CORRELATED,FAIL,,-91,17,11,,,539,,,,,,,ho_status=EXEC_FAILURE,4,84.0,3.2
2026-07-01 10:00:00,XYZ402,UE00898,beamforming,BEAM_FAILURE,FAIL,,-97,4,6,,,317,,,,,,,ho_status=SUCCESS,5,37.0,4.0
2026-07-01 11:00:00,XYZ403,UE00899,beamforming,BEAM_HO_CORRELATED,FAIL,,-101,8,7,,,320,,,,,,,ho_status=EXEC_FAILURE,6,50.0,6.4
2026-07-01 12:00:00,XYZ401,UE00900,beamforming,BEAM_HO_CORRELATED,FAIL,,-121,-3,3,,,151,,,,,,,ho_status=PREP_FAILURE,1,10.0,4.4
2026-07-01 13:00:00,XYZ402,UE00901,beamforming,BEAM_HO_CORRELATED,FAIL,,-100,2,5,,,198,,,,,,,ho_status=PREP_FAILURE,2,28.0,1.0
2026-07-01 14:00:00,XYZ403,UE00902,beamforming,BEAM_HO_CORRELATED,FAIL,,-116,0,4,,,177,,,,,,,ho_status=PREP_FAILURE,3,21.0,4.8
2026-07-01 15:00:00,XYZ401,UE00903,beamforming,BEAM_FAILURE,FAIL,,-108,6,6,,,272,,,,,,,ho_status=SUCCESS,4,41.0,3.8
2026-07-01 16:00:00,XYZ402,UE00904,beamforming,BEAM_HO_CORRELATED,FAIL,,-90,12,9,,,354,,,,,,,ho_status=PREP_FAILURE,5,65.0,6.0
2026-07-01 17:00:00,XYZ403,UE00905,beamforming,BEAM_HO_CORRELATED,FAIL,,-99,15,10,,,450,,,,,,,ho_status=EXEC_FAILURE,6,76.0,6.0
2026-07-01 18:00:00,XYZ401,UE00906,beamforming,BEAM_HO_CORRELATED,FAIL,,-109,0,4,,,165,,,,,,,ho_status=EXEC_FAILURE,1,21.0,0.6
2026-07-01 19:00:00,XYZ402,UE00907,beamforming,BEAM_FAILURE,FAIL,,-97,4,6,,,234,,,,,,,ho_status=SUCCESS,2,37.0,4.0
2026-07-01 20:00:00,XYZ403,UE00908,beamforming,BEAM_HO_CORRELATED,FAIL,,-102,8,7,,,340,,,,,,,ho_status=EXEC_FAILURE,3,50.0,6.4
2026-07-01 21:00:00,XYZ401,UE00909,beamforming,BEAM_HO_CORRELATED,FAIL,,-91,18,12,,,522,,,,,,,ho_status=PREP_FAILURE,4,90.0,3.0
2026-07-01 22:00:00,XYZ402,UE00910,beamforming,BEAM_FAILURE,FAIL,,-112,0,4,,,203,,,,,,,ho_status=SUCCESS,5,21.0,4.6
2026-07-01 23:00:00,XYZ403,UE00911,beamforming,BEAM_FAILURE,FAIL,,-99,1,4,,,198,,,,,,,ho_status=SUCCESS,6,22.0,5.6
2026-07-01 00:00:00,XYZ401,UE00912,beamforming,BEAM_FAILURE,FAIL,,-97,10,8,,,370,,,,,,,ho_status=SUCCESS,1,58.0,0.4
2026-07-01 01:00:00,XYZ402,UE00913,beamforming,BEAM_FAILURE,FAIL,,-110,9,8,,,415,,,,,,,ho_status=SUCCESS,2,56.0,5.8
2026-07-01 02:00:00,XYZ403,UE00914,beamforming,BEAM_HO_CORRELATED,FAIL,,-98,2,5,,,263,,,,,,,ho_status=PREP_FAILURE,3,28.0,5.6
2026-07-01 03:00:00,XYZ401,UE00915,beamforming,BEAM_HO_CORRELATED,FAIL,,-93,10,8,,,379,,,,,,,ho_status=PREP_FAILURE,4,58.0,3.4
2026-07-01 04:00:00,XYZ402,UE00916,beamforming,BEAM_HO_CORRELATED,FAIL,,-106,5,6,,,243,,,,,,,ho_status=PREP_FAILURE,5,39.0,5.0
2026-07-01 05:00:00,XYZ403,UE00917,beamforming,BEAM_FAILURE,FAIL,,-105,7,7,,,341,,,,,,,ho_status=SUCCESS,6,48.0,4.0
2026-07-01 06:00:00,XYZ401,UE00918,beamforming,BEAM_HO_CORRELATED,FAIL,,-115,0,4,,,186,,,,,,,ho_status=EXEC_FAILURE,1,20.0,0.0
2026-07-01 07:00:00,XYZ402,UE00919,beamforming,BEAM_HO_CORRELATED,FAIL,,-110,5,6,,,270,,,,,,,ho_status=PREP_FAILURE,2,39.0,1.0
2026-07-01 08:00:00,XYZ403,UE00920,beamforming,BEAM_HO_CORRELATED,FAIL,,-100,0,4,,,147,,,,,,,ho_status=PREP_FAILURE,3,21.0,3.2
2026-07-01 09:00:00,XYZ401,UE00921,beamforming,BEAM_FAILURE,FAIL,,-99,9,8,,,411,,,,,,,ho_status=SUCCESS,4,55.0,2.4
2026-07-01 10:00:00,XYZ402,UE00922,beamforming,BEAM_HO_CORRELATED,FAIL,,-107,-4,2,,,72,,,,,,,ho_status=EXEC_FAILURE,5,5.0,1.2
2026-07-01 11:00:00,XYZ403,UE00923,beamforming,BEAM_HO_CORRELATED,FAIL,,-110,3,5,,,213,,,,,,,ho_status=EXEC_FAILURE,6,31.0,0.6
2026-07-01 12:00:00,XYZ401,UE00924,beamforming,BEAM_HO_CORRELATED,FAIL,,-113,5,6,,,304,,,,,,,ho_status=PREP_FAILURE,1,39.0,4.0
2026-07-01 13:00:00,XYZ402,UE00925,beamforming,BEAM_HO_CORRELATED,FAIL,,-106,8,7,,,369,,,,,,,ho_status=PREP_FAILURE,2,50.0,4.4
2026-07-01 14:00:00,XYZ403,UE00926,beamforming,BEAM_HO_CORRELATED,FAIL,,-101,5,6,,,234,,,,,,,ho_status=EXEC_FAILURE,3,40.0,6.2
2026-07-01 15:00:00,XYZ401,UE00927,beamforming,BEAM_HO_CORRELATED,FAIL,,-82,11,9,,,470,,,,,,,ho_status=PREP_FAILURE,4,62.0,4.6
2026-07-01 16:00:00,XYZ402,UE00928,beamforming,BEAM_FAILURE,FAIL,,-117,0,4,,,145,,,,,,,ho_status=SUCCESS,5,21.0,5.8
2026-07-01 17:00:00,XYZ403,UE00929,beamforming,BEAM_HO_CORRELATED,FAIL,,-107,3,5,,,204,,,,,,,ho_status=EXEC_FAILURE,6,30.0,0.6
2026-07-01 18:00:00,XYZ401,UE00930,beamforming,BEAM_FAILURE,FAIL,,-89,8,7,,,337,,,,,,,ho_status=SUCCESS,1,50.0,4.8
2026-07-01 19:00:00,XYZ402,UE00931,beamforming,BEAM_HO_CORRELATED,FAIL,,-103,7,7,,,318,,,,,,,ho_status=PREP_FAILURE,2,47.0,3.6
2026-07-01 20:00:00,XYZ403,UE00932,beamforming,BEAM_HO_CORRELATED,FAIL,,-89,16,11,,,517,,,,,,,ho_status=EXEC_FAILURE,3,81.0,5.2
2026-07-01 21:00:00,XYZ401,UE00933,beamforming,BEAM_HO_CORRELATED,FAIL,,-116,-1,3,,,147,,,,,,,ho_status=EXEC_FAILURE,4,16.0,2.6
2026-07-01 22:00:00,XYZ402,UE00934,beamforming,BEAM_HO_CORRELATED,FAIL,,-109,0,4,,,201,,,,,,,ho_status=EXEC_FAILURE,5,21.0,6.0
2026-07-01 23:00:00,XYZ403,UE00935,beamforming,BEAM_HO_CORRELATED,FAIL,,-102,7,7,,,293,,,,,,,ho_status=PREP_FAILURE,6,48.0,4.2
2026-07-01 00:00:00,XYZ401,UE00936,beamforming,BEAM_HO_CORRELATED,FAIL,,-117,-1,3,,,127,,,,,,,ho_status=EXEC_FAILURE,1,15.0,0.8
2026-07-01 01:00:00,XYZ402,UE00937,beamforming,BEAM_HO_CORRELATED,FAIL,,-105,3,5,,,188,,,,,,,ho_status=PREP_FAILURE,2,31.0,4.8
2026-07-01 02:00:00,XYZ403,UE00938,beamforming,BEAM_FAILURE,FAIL,,-119,-3,3,,,136,,,,,,,ho_status=SUCCESS,3,11.0,4.0
2026-07-01 03:00:00,XYZ401,UE00939,beamforming,BEAM_FAILURE,FAIL,,-114,2,5,,,208,,,,,,,ho_status=SUCCESS,4,28.0,0.4
2026-07-01 04:00:00,XYZ402,UE00940,beamforming,BEAM_HO_CORRELATED,FAIL,,-102,5,6,,,251,,,,,,,ho_status=EXEC_FAILURE,5,38.0,3.4
2026-07-01 05:00:00,XYZ403,UE00941,beamforming,BEAM_HO_CORRELATED,FAIL,,-88,5,6,,,321,,,,,,,ho_status=PREP_FAILURE,6,38.0,0.4
2026-07-01 06:00:00,XYZ401,UE00942,beamforming,BEAM_FAILURE,FAIL,,-97,7,7,,,282,,,,,,,ho_status=SUCCESS,1,47.0,6.2
2026-07-01 07:00:00,XYZ402,UE00943,beamforming,BEAM_FAILURE,FAIL,,-105,2,5,,,252,,,,,,,ho_status=SUCCESS,2,28.0,3.4
2026-07-01 08:00:00,XYZ403,UE00944,beamforming,BEAM_FAILURE,FAIL,,-103,5,6,,,238,,,,,,,ho_status=SUCCESS,3,40.0,3.4
2026-07-01 09:00:00,XYZ401,UE00945,beamforming,BEAM_FAILURE,FAIL,,-89,10,8,,,392,,,,,,,ho_status=SUCCESS,4,57.0,1.6
2026-07-01 10:00:00,XYZ402,UE00946,beamforming,BEAM_FAILURE,FAIL,,-102,9,8,,,379,,,,,,,ho_status=SUCCESS,5,55.0,6.8
2026-07-01 11:00:00,XYZ403,UE00947,beamforming,BEAM_HO_CORRELATED,FAIL,,-119,3,5,,,268,,,,,,,ho_status=EXEC_FAILURE,6,31.0,2.8
2026-07-01 12:00:00,XYZ401,UE00948,beamforming,BEAM_FAILURE,FAIL,,-114,-1,3,,,126,,,,,,,ho_status=SUCCESS,1,16.0,1.8
2026-07-01 13:00:00,XYZ402,UE00949,beamforming,BEAM_HO_CORRELATED,FAIL,,-118,-1,3,,,144,,,,,,,ho_status=PREP_FAILURE,2,14.0,6.6
2026-07-01 14:00:00,XYZ403,UE00950,beamforming,BEAM_OK,SUCCESS,,-89,17,11,,,564,,,,,,,ho_status=SUCCESS,3,85.0,1.8
2026-07-01 15:00:00,XYZ401,UE00951,beamforming,BEAM_HO_CORRELATED,FAIL,,-111,-2,3,,,115,,,,,,,ho_status=EXEC_FAILURE,4,13.0,5.2
2026-07-01 16:00:00,XYZ402,UE00952,beamforming,BEAM_HO_CORRELATED,FAIL,,-112,-1,3,,,151,,,,,,,ho_status=PREP_FAILURE,5,16.0,3.0
2026-07-01 17:00:00,XYZ403,UE00953,beamforming,BEAM_FAILURE,FAIL,,-110,0,4,,,151,,,,,,,ho_status=SUCCESS,6,21.0,4.2
2026-07-01 18:00:00,XYZ401,UE00954,beamforming,BEAM_HO_CORRELATED,FAIL,,-110,8,7,,,326,,,,,,,ho_status=PREP_FAILURE,1,50.0,4.2
2026-07-01 19:00:00,XYZ402,UE00955,beamforming,BEAM_HO_CORRELATED,FAIL,,-98,15,10,,,383,,,,,,,ho_status=EXEC_FAILURE,2,75.0,3.2
2026-07-01 20:00:00,XYZ403,UE00956,beamforming,BEAM_HO_CORRELATED,FAIL,,-96,9,8,,,379,,,,,,,ho_status=PREP_FAILURE,3,54.0,5.0
2026-07-01 21:00:00,XYZ401,UE00957,beamforming,BEAM_FAILURE,FAIL,,-109,0,4,,,177,,,,,,,ho_status=SUCCESS,4,21.0,4.8
2026-07-01 22:00:00,XYZ402,UE00958,beamforming,BEAM_OK,SUCCESS,,-82,24,14,,,513,,,,,,,ho_status=SUCCESS,5,100.0,3.0
2026-07-01 23:00:00,XYZ403,UE00959,beamforming,BEAM_HO_CORRELATED,FAIL,,-90,14,10,,,499,,,,,,,ho_status=PREP_FAILURE,6,73.0,6.2
2026-07-01 00:00:00,XYZ401,UE00960,beamforming,BEAM_HO_CORRELATED,FAIL,,-107,4,6,,,226,,,,,,,ho_status=EXEC_FAILURE,1,36.0,2.2
2026-07-01 01:00:00,XYZ402,UE00961,beamforming,BEAM_HO_CORRELATED,FAIL,,-108,0,4,,,146,,,,,,,ho_status=EXEC_FAILURE,2,20.0,2.6
2026-07-01 02:00:00,XYZ403,UE00962,beamforming,BEAM_FAILURE,FAIL,,-94,6,6,,,252,,,,,,,ho_status=SUCCESS,3,41.0,1.8
2026-07-01 03:00:00,XYZ401,UE00963,beamforming,BEAM_FAILURE,FAIL,,-106,2,5,,,211,,,,,,,ho_status=SUCCESS,4,28.0,6.6
2026-07-01 04:00:00,XYZ402,UE00964,beamforming,BEAM_HO_CORRELATED,FAIL,,-85,12,9,,,388,,,,,,,ho_status=EXEC_FAILURE,5,66.0,4.4
2026-07-01 05:00:00,XYZ403,UE00965,beamforming,BEAM_HO_CORRELATED,FAIL,,-90,10,8,,,304,,,,,,,ho_status=PREP_FAILURE,6,57.0,5.6
2026-07-01 06:00:00,XYZ401,UE00966,beamforming,BEAM_HO_CORRELATED,FAIL,,-96,14,10,,,396,,,,,,,ho_status=EXEC_FAILURE,1,73.0,4.6
2026-07-01 07:00:00,XYZ402,UE00967,beamforming,BEAM_OK,SUCCESS,,-88,16,11,,,585,,,,,,,ho_status=SUCCESS,2,81.0,0.2
2026-07-01 08:00:00,XYZ403,UE00968,beamforming,BEAM_FAILURE,FAIL,,-115,0,4,,,154,,,,,,,ho_status=SUCCESS,3,20.0,5.2
2026-07-01 09:00:00,XYZ401,UE00969,beamforming,BEAM_FAILURE,FAIL,,-111,5,6,,,249,,,,,,,ho_status=SUCCESS,4,38.0,2.8
2026-07-01 10:00:00,XYZ402,UE00970,beamforming,BEAM_HO_CORRELATED,FAIL,,-101,1,4,,,191,,,,,,,ho_status=PREP_FAILURE,5,22.0,1.2
2026-07-01 11:00:00,XYZ403,UE00971,beamforming,BEAM_HO_CORRELATED,FAIL,,-105,-1,3,,,118,,,,,,,ho_status=EXEC_FAILURE,6,16.0,3.6
2026-07-01 12:00:00,XYZ401,UE00972,beamforming,BEAM_HO_CORRELATED,FAIL,,-95,7,7,,,298,,,,,,,ho_status=PREP_FAILURE,1,46.0,0.8
2026-07-01 13:00:00,XYZ402,UE00973,beamforming,BEAM_HO_CORRELATED,FAIL,,-100,5,6,,,236,,,,,,,ho_status=PREP_FAILURE,2,39.0,1.8
2026-07-01 14:00:00,XYZ403,UE00974,beamforming,BEAM_HO_CORRELATED,FAIL,,-115,0,4,,,144,,,,,,,ho_status=PREP_FAILURE,3,21.0,2.2
2026-07-01 15:00:00,XYZ401,UE00975,beamforming,BEAM_HO_CORRELATED,FAIL,,-115,2,5,,,200,,,,,,,ho_status=EXEC_FAILURE,4,29.0,0.4
2026-07-01 16:00:00,XYZ402,UE00976,beamforming,BEAM_HO_CORRELATED,FAIL,,-101,7,7,,,328,,,,,,,ho_status=PREP_FAILURE,5,47.0,5.6
2026-07-01 17:00:00,XYZ403,UE00977,beamforming,BEAM_HO_CORRELATED,FAIL,,-103,4,6,,,257,,,,,,,ho_status=EXEC_FAILURE,6,36.0,0.2
2026-07-01 18:00:00,XYZ401,UE00978,beamforming,BEAM_HO_CORRELATED,FAIL,,-99,11,9,,,345,,,,,,,ho_status=EXEC_FAILURE,1,63.0,4.8
2026-07-01 19:00:00,XYZ402,UE00979,beamforming,BEAM_HO_CORRELATED,FAIL,,-107,-2,3,,,158,,,,,,,ho_status=EXEC_FAILURE,2,12.0,4.6
2026-07-01 20:00:00,XYZ403,UE00980,beamforming,BEAM_HO_CORRELATED,FAIL,,-104,6,6,,,221,,,,,,,ho_status=EXEC_FAILURE,3,41.0,3.6
2026-07-01 21:00:00,XYZ401,UE00981,beamforming,BEAM_HO_CORRELATED,FAIL,,-107,0,4,,,166,,,,,,,ho_status=EXEC_FAILURE,4,21.0,4.0
2026-07-01 22:00:00,XYZ402,UE00982,beamforming,BEAM_FAILURE,FAIL,,-106,3,5,,,234,,,,,,,ho_status=SUCCESS,5,32.0,4.6
2026-07-01 23:00:00,XYZ403,UE00983,beamforming,BEAM_HO_CORRELATED,FAIL,,-96,15,10,,,474,,,,,,,ho_status=EXEC_FAILURE,6,76.0,5.8
2026-07-01 00:00:00,XYZ401,UE00984,beamforming,BEAM_HO_CORRELATED,FAIL,,-108,2,5,,,261,,,,,,,ho_status=EXEC_FAILURE,1,29.0,2.6
2026-07-01 01:00:00,XYZ402,UE00985,beamforming,BEAM_HO_CORRELATED,FAIL,,-110,9,8,,,403,,,,,,,ho_status=PREP_FAILURE,2,56.0,5.4
2026-07-01 02:00:00,XYZ403,UE00986,beamforming,BEAM_HO_CORRELATED,FAIL,,-115,0,4,,,174,,,,,,,ho_status=EXEC_FAILURE,3,21.0,1.2
2026-07-01 03:00:00,XYZ401,UE00987,beamforming,BEAM_FAILURE,FAIL,,-106,8,7,,,364,,,,,,,ho_status=SUCCESS,4,49.0,5.2
2026-07-01 04:00:00,XYZ402,UE00988,beamforming,BEAM_FAILURE,FAIL,,-102,4,6,,,285,,,,,,,ho_status=SUCCESS,5,36.0,6.8
2026-07-01 05:00:00,XYZ403,UE00989,beamforming,BEAM_FAILURE,FAIL,,-110,3,5,,,228,,,,,,,ho_status=SUCCESS,6,32.0,5.8
2026-07-01 06:00:00,XYZ401,UE00990,beamforming,BEAM_HO_CORRELATED,FAIL,,-107,0,4,,,158,,,,,,,ho_status=EXEC_FAILURE,1,21.0,5.0
2026-07-01 07:00:00,XYZ402,UE00991,beamforming,BEAM_HO_CORRELATED,FAIL,,-97,9,8,,,326,,,,,,,ho_status=PREP_FAILURE,2,54.0,1.4
2026-07-01 08:00:00,XYZ403,UE00992,beamforming,BEAM_HO_CORRELATED,FAIL,,-121,-1,3,,,138,,,,,,,ho_status=PREP_FAILURE,3,15.0,0.6
2026-07-01 09:00:00,XYZ401,UE00993,beamforming,BEAM_HO_CORRELATED,FAIL,,-95,8,7,,,283,,,,,,,ho_status=EXEC_FAILURE,4,49.0,4.2
2026-07-01 10:00:00,XYZ402,UE00994,beamforming,BEAM_HO_CORRELATED,FAIL,,-120,-1,3,,,115,,,,,,,ho_status=PREP_FAILURE,5,16.0,5.4
2026-07-01 11:00:00,XYZ403,UE00995,beamforming,BEAM_HO_CORRELATED,FAIL,,-112,1,4,,,176,,,,,,,ho_status=EXEC_FAILURE,6,22.0,1.0
2026-07-01 12:00:00,XYZ401,UE00996,beamforming,BEAM_FAILURE,FAIL,,-91,12,9,,,333,,,,,,,ho_status=SUCCESS,1,65.0,0.8
2026-07-01 13:00:00,XYZ402,UE00997,beamforming,BEAM_FAILURE,FAIL,,-96,11,9,,,414,,,,,,,ho_status=SUCCESS,2,63.0,3.6
2026-07-01 14:00:00,XYZ403,UE00998,beamforming,BEAM_FAILURE,FAIL,,-89,13,9,,,383,,,,,,,ho_status=SUCCESS,3,67.0,5.8
2026-07-01 15:00:00,XYZ401,UE00999,beamforming,BEAM_HO_CORRELATED,FAIL,,-92,11,9,,,384,,,,,,,ho_status=EXEC_FAILURE,4,62.0,1.4
2026-07-01 16:00:00,XYZ402,UE01000,beamforming,BEAM_HO_CORRELATED,FAIL,,-102,10,8,,,422,,,,,,,ho_status=EXEC_FAILURE,5,57.0,6.6
2026-07-01 17:00:00,XYZ403,UE01001,beamforming,BEAM_HO_CORRELATED,FAIL,,-116,-2,3,,,141,,,,,,,ho_status=EXEC_FAILURE,6,12.0,5.0
2026-07-01 18:00:00,XYZ401,UE01002,beamforming,BEAM_HO_CORRELATED,FAIL,,-78,21,13,,,629,,,,,,,ho_status=PREP_FAILURE,1,100.0,1.0
2026-07-01 19:00:00,XYZ402,UE01003,beamforming,BEAM_HO_CORRELATED,FAIL,,-104,6,6,,,267,,,,,,,ho_status=EXEC_FAILURE,2,42.0,4.4
2026-07-01 20:00:00,XYZ403,UE01004,beamforming,BEAM_FAILURE,FAIL,,-100,8,7,,,264,,,,,,,ho_status=SUCCESS,3,50.0,2.8
2026-07-01 21:00:00,XYZ401,UE01005,beamforming,BEAM_HO_CORRELATED,FAIL,,-118,-2,3,,,140,,,,,,,ho_status=EXEC_FAILURE,4,12.0,3.6
2026-07-01 22:00:00,XYZ402,UE01006,beamforming,BEAM_HO_CORRELATED,FAIL,,-118,-4,2,,,92,,,,,,,ho_status=EXEC_FAILURE,5,5.0,2.8
2026-07-01 23:00:00,XYZ403,UE01007,beamforming,BEAM_HO_CORRELATED,FAIL,,-100,4,6,,,229,,,,,,,ho_status=EXEC_FAILURE,6,36.0,1.0
2026-07-01 00:00:00,XYZ401,UE01008,beamforming,BEAM_FAILURE,FAIL,,-112,2,5,,,215,,,,,,,ho_status=SUCCESS,1,28.0,4.0
2026-07-01 01:00:00,XYZ402,UE01009,beamforming,BEAM_HO_CORRELATED,FAIL,,-102,8,7,,,335,,,,,,,ho_status=PREP_FAILURE,2,49.0,3.0
2026-07-01 02:00:00,XYZ403,UE01010,beamforming,BEAM_HO_CORRELATED,FAIL,,-88,14,10,,,478,,,,,,,ho_status=EXEC_FAILURE,3,73.0,5.4
2026-07-01 03:00:00,XYZ401,UE01011,beamforming,BEAM_HO_CORRELATED,FAIL,,-76,25,15,,,752,,,,,,,ho_status=PREP_FAILURE,4,100.0,4.8
2026-07-01 04:00:00,XYZ402,UE01012,beamforming,BEAM_HO_CORRELATED,FAIL,,-108,4,6,,,310,,,,,,,ho_status=PREP_FAILURE,5,36.0,2.6
2026-07-01 05:00:00,XYZ403,UE01013,beamforming,BEAM_HO_CORRELATED,FAIL,,-79,13,9,,,452,,,,,,,ho_status=PREP_FAILURE,6,67.0,5.4
2026-07-01 06:00:00,XYZ401,UE01014,beamforming,BEAM_HO_CORRELATED,FAIL,,-90,8,7,,,347,,,,,,,ho_status=PREP_FAILURE,1,50.0,6.6
2026-07-01 07:00:00,XYZ402,UE01015,beamforming,BEAM_HO_CORRELATED,FAIL,,-98,13,9,,,397,,,,,,,ho_status=PREP_FAILURE,2,68.0,3.0
2026-07-01 08:00:00,XYZ403,UE01016,beamforming,BEAM_HO_CORRELATED,FAIL,,-111,0,4,,,189,,,,,,,ho_status=EXEC_FAILURE,3,21.0,5.8
2026-07-01 09:00:00,XYZ401,UE01017,beamforming,BEAM_HO_CORRELATED,FAIL,,-84,12,9,,,458,,,,,,,ho_status=PREP_FAILURE,4,65.0,6.4
2026-07-01 10:00:00,XYZ402,UE01018,beamforming,BEAM_FAILURE,FAIL,,-110,0,4,,,202,,,,,,,ho_status=SUCCESS,5,20.0,4.2
2026-07-01 11:00:00,XYZ403,UE01019,beamforming,BEAM_HO_CORRELATED,FAIL,,-115,-1,3,,,159,,,,,,,ho_status=EXEC_FAILURE,6,14.0,3.8
2026-07-01 12:00:00,XYZ401,UE01020,beamforming,BEAM_HO_CORRELATED,FAIL,,-109,1,4,,,169,,,,,,,ho_status=PREP_FAILURE,1,23.0,1.6
2026-07-01 13:00:00,XYZ402,UE01021,beamforming,BEAM_FAILURE,FAIL,,-107,4,6,,,314,,,,,,,ho_status=SUCCESS,2,37.0,4.8
2026-07-01 14:00:00,XYZ403,UE01022,beamforming,BEAM_FAILURE,FAIL,,-119,-3,3,,,146,,,,,,,ho_status=SUCCESS,3,10.0,4.0
2026-07-01 15:00:00,XYZ401,UE01023,beamforming,BEAM_HO_CORRELATED,FAIL,,-108,-1,3,,,128,,,,,,,ho_status=PREP_FAILURE,4,16.0,4.0
2026-07-01 16:00:00,XYZ402,UE01024,beamforming,BEAM_FAILURE,FAIL,,-95,5,6,,,254,,,,,,,ho_status=SUCCESS,5,39.0,5.0
2026-07-01 17:00:00,XYZ403,UE01025,beamforming,BEAM_HO_CORRELATED,FAIL,,-99,11,9,,,364,,,,,,,ho_status=PREP_FAILURE,6,63.0,5.2
2026-07-01 18:00:00,XYZ401,UE01026,beamforming,BEAM_HO_CORRELATED,FAIL,,-97,9,8,,,406,,,,,,,ho_status=PREP_FAILURE,1,55.0,6.2
2026-07-01 19:00:00,XYZ402,UE01027,beamforming,BEAM_HO_CORRELATED,FAIL,,-116,-1,3,,,147,,,,,,,ho_status=EXEC_FAILURE,2,15.0,2.6
2026-07-01 20:00:00,XYZ403,UE01028,beamforming,BEAM_HO_CORRELATED,FAIL,,-120,1,4,,,206,,,,,,,ho_status=PREP_FAILURE,3,24.0,2.2
2026-07-01 21:00:00,XYZ401,UE01029,beamforming,BEAM_FAILURE,FAIL,,-106,1,4,,,152,,,,,,,ho_status=SUCCESS,4,24.0,4.4
2026-07-01 22:00:00,XYZ402,UE01030,beamforming,BEAM_HO_CORRELATED,FAIL,,-101,3,5,,,228,,,,,,,ho_status=PREP_FAILURE,5,31.0,5.0
2026-07-01 23:00:00,XYZ403,UE01031,beamforming,BEAM_FAILURE,FAIL,,-117,1,4,,,189,,,,,,,ho_status=SUCCESS,6,23.0,0.8
2026-07-01 00:00:00,XYZ401,UE01032,beamforming,BEAM_HO_CORRELATED,FAIL,,-117,-1,3,,,129,,,,,,,ho_status=EXEC_FAILURE,1,15.0,2.6
2026-07-01 01:00:00,XYZ402,UE01033,beamforming,BEAM_HO_CORRELATED,FAIL,,-112,-2,3,,,139,,,,,,,ho_status=PREP_FAILURE,2,13.0,0.0
2026-07-01 02:00:00,XYZ403,UE01034,beamforming,BEAM_HO_CORRELATED,FAIL,,-97,13,9,,,474,,,,,,,ho_status=PREP_FAILURE,3,69.0,6.6
2026-07-01 03:00:00,XYZ401,UE01035,beamforming,BEAM_HO_CORRELATED,FAIL,,-109,-3,3,,,124,,,,,,,ho_status=EXEC_FAILURE,4,11.0,6.6
2026-07-01 04:00:00,XYZ402,UE01036,beamforming,BEAM_FAILURE,FAIL,,-107,1,4,,,211,,,,,,,ho_status=SUCCESS,5,23.0,3.2
2026-07-01 05:00:00,XYZ403,UE01037,beamforming,BEAM_HO_CORRELATED,FAIL,,-94,8,7,,,357,,,,,,,ho_status=PREP_FAILURE,6,49.0,6.0
2026-07-01 06:00:00,XYZ401,UE01038,beamforming,BEAM_HO_CORRELATED,FAIL,,-103,10,8,,,430,,,,,,,ho_status=EXEC_FAILURE,1,57.0,3.4
2026-07-01 07:00:00,XYZ402,UE01039,beamforming,BEAM_FAILURE,FAIL,,-102,2,5,,,185,,,,,,,ho_status=SUCCESS,2,28.0,0.8
2026-07-01 08:00:00,XYZ403,UE01040,beamforming,BEAM_FAILURE,FAIL,,-114,0,4,,,209,,,,,,,ho_status=SUCCESS,3,20.0,3.0
2026-07-01 09:00:00,XYZ401,UE01041,beamforming,BEAM_HO_CORRELATED,FAIL,,-111,5,6,,,316,,,,,,,ho_status=PREP_FAILURE,4,38.0,4.0
2026-07-01 10:00:00,XYZ402,UE01042,beamforming,BEAM_HO_CORRELATED,FAIL,,-95,13,9,,,378,,,,,,,ho_status=PREP_FAILURE,5,68.0,6.8
2026-07-01 11:00:00,XYZ403,UE01043,beamforming,BEAM_HO_CORRELATED,FAIL,,-101,11,9,,,462,,,,,,,ho_status=PREP_FAILURE,6,63.0,1.0
2026-07-01 12:00:00,XYZ401,UE01044,beamforming,BEAM_FAILURE,FAIL,,-113,3,5,,,197,,,,,,,ho_status=SUCCESS,1,31.0,2.6
2026-07-01 13:00:00,XYZ402,UE01045,beamforming,BEAM_HO_CORRELATED,FAIL,,-95,16,11,,,513,,,,,,,ho_status=PREP_FAILURE,2,81.0,5.0
2026-07-01 14:00:00,XYZ403,UE01046,beamforming,BEAM_HO_CORRELATED,FAIL,,-99,7,7,,,312,,,,,,,ho_status=PREP_FAILURE,3,46.0,0.2
2026-07-01 15:00:00,XYZ401,UE01047,beamforming,BEAM_HO_CORRELATED,FAIL,,-110,0,4,,,155,,,,,,,ho_status=PREP_FAILURE,4,21.0,3.2
2026-07-01 16:00:00,XYZ402,UE01048,beamforming,BEAM_FAILURE,FAIL,,-115,-3,3,,,158,,,,,,,ho_status=SUCCESS,5,10.0,1.6
2026-07-01 17:00:00,XYZ403,UE01049,beamforming,BEAM_FAILURE,FAIL,,-97,8,7,,,323,,,,,,,ho_status=SUCCESS,6,50.0,3.2
2026-07-01 18:00:00,XYZ401,UE01050,beamforming,BEAM_HO_CORRELATED,FAIL,,-92,15,10,,,532,,,,,,,ho_status=EXEC_FAILURE,1,77.0,2.4
2026-07-01 19:00:00,XYZ402,UE01051,beamforming,BEAM_HO_CORRELATED,FAIL,,-104,5,6,,,276,,,,,,,ho_status=PREP_FAILURE,2,39.0,2.8
2026-07-01 20:00:00,XYZ403,UE01052,beamforming,BEAM_HO_CORRELATED,FAIL,,-98,4,6,,,294,,,,,,,ho_status=PREP_FAILURE,3,37.0,1.0
2026-07-01 21:00:00,XYZ401,UE01053,beamforming,BEAM_FAILURE,FAIL,,-104,0,4,,,194,,,,,,,ho_status=SUCCESS,4,21.0,3.8
2026-07-01 22:00:00,XYZ402,UE01054,beamforming,BEAM_FAILURE,FAIL,,-116,-1,3,,,110,,,,,,,ho_status=SUCCESS,5,15.0,2.0
2026-07-01 23:00:00,XYZ403,UE01055,beamforming,BEAM_HO_CORRELATED,FAIL,,-100,12,9,,,329,,,,,,,ho_status=PREP_FAILURE,6,65.0,1.0
2026-07-01 00:00:00,XYZ401,UE01056,beamforming,BEAM_HO_CORRELATED,FAIL,,-98,10,8,,,352,,,,,,,ho_status=EXEC_FAILURE,1,58.0,4.8
2026-07-01 01:00:00,XYZ402,UE01057,beamforming,BEAM_HO_CORRELATED,FAIL,,-91,10,8,,,373,,,,,,,ho_status=PREP_FAILURE,2,58.0,3.6
2026-07-01 02:00:00,XYZ403,UE01058,beamforming,BEAM_HO_CORRELATED,FAIL,,-108,4,6,,,260,,,,,,,ho_status=EXEC_FAILURE,3,37.0,1.8
2026-07-01 03:00:00,XYZ401,UE01059,beamforming,BEAM_FAILURE,FAIL,,-119,0,4,,,162,,,,,,,ho_status=SUCCESS,4,21.0,1.0
2026-07-01 04:00:00,XYZ402,UE01060,beamforming,BEAM_HO_CORRELATED,FAIL,,-106,1,4,,,168,,,,,,,ho_status=EXEC_FAILURE,5,24.0,3.4
2026-07-01 05:00:00,XYZ403,UE01061,beamforming,BEAM_HO_CORRELATED,FAIL,,-95,8,7,,,296,,,,,,,ho_status=PREP_FAILURE,6,50.0,5.0
2026-07-01 06:00:00,XYZ401,UE01062,beamforming,BEAM_FAILURE,FAIL,,-109,8,7,,,334,,,,,,,ho_status=SUCCESS,1,49.0,0.4
2026-07-01 07:00:00,XYZ402,UE01063,beamforming,BEAM_FAILURE,FAIL,,-117,-5,2,,,77,,,,,,,ho_status=SUCCESS,2,5.0,0.4
2026-07-01 08:00:00,XYZ403,UE01064,beamforming,BEAM_FAILURE,FAIL,,-104,1,4,,,145,,,,,,,ho_status=SUCCESS,3,23.0,6.0
2026-07-01 09:00:00,XYZ401,UE01065,beamforming,BEAM_HO_CORRELATED,FAIL,,-111,2,5,,,247,,,,,,,ho_status=PREP_FAILURE,4,29.0,4.0
2026-07-01 10:00:00,XYZ402,UE01066,beamforming,BEAM_FAILURE,FAIL,,-107,5,6,,,323,,,,,,,ho_status=SUCCESS,5,38.0,0.4
2026-07-01 11:00:00,XYZ403,UE01067,beamforming,BEAM_FAILURE,FAIL,,-101,10,8,,,358,,,,,,,ho_status=SUCCESS,6,58.0,0.2
2026-07-01 12:00:00,XYZ401,UE01068,beamforming,BEAM_FAILURE,FAIL,,-90,13,9,,,385,,,,,,,ho_status=SUCCESS,1,68.0,6.0
2026-07-01 13:00:00,XYZ402,UE01069,beamforming,BEAM_HO_CORRELATED,FAIL,,-111,4,6,,,312,,,,,,,ho_status=PREP_FAILURE,2,37.0,2.6
2026-07-01 14:00:00,XYZ403,UE01070,beamforming,BEAM_FAILURE,FAIL,,-112,-3,3,,,155,,,,,,,ho_status=SUCCESS,3,11.0,3.2
2026-07-01 15:00:00,XYZ401,UE01071,beamforming,BEAM_FAILURE,FAIL,,-95,15,10,,,497,,,,,,,ho_status=SUCCESS,4,77.0,6.6
2026-07-01 16:00:00,XYZ402,UE01072,beamforming,BEAM_HO_CORRELATED,FAIL,,-88,15,10,,,445,,,,,,,ho_status=PREP_FAILURE,5,76.0,2.8
2026-07-01 17:00:00,XYZ403,UE01073,beamforming,BEAM_FAILURE,FAIL,,-94,11,9,,,414,,,,,,,ho_status=SUCCESS,6,64.0,3.4
2026-07-01 18:00:00,XYZ401,UE01074,beamforming,BEAM_HO_CORRELATED,FAIL,,-98,11,9,,,379,,,,,,,ho_status=PREP_FAILURE,1,64.0,6.8
2026-07-01 19:00:00,XYZ402,UE01075,beamforming,BEAM_FAILURE,FAIL,,-91,9,8,,,367,,,,,,,ho_status=SUCCESS,2,54.0,1.2
2026-07-01 20:00:00,XYZ403,UE01076,beamforming,BEAM_FAILURE,FAIL,,-100,7,7,,,276,,,,,,,ho_status=SUCCESS,3,48.0,0.0
2026-07-01 21:00:00,XYZ401,UE01077,beamforming,BEAM_FAILURE,FAIL,,-109,4,6,,,297,,,,,,,ho_status=SUCCESS,4,36.0,2.4
2026-07-01 22:00:00,XYZ402,UE01078,beamforming,BEAM_HO_CORRELATED,FAIL,,-97,7,7,,,368,,,,,,,ho_status=EXEC_FAILURE,5,48.0,4.6
2026-07-01 23:00:00,XYZ403,UE01079,beamforming,BEAM_HO_CORRELATED,FAIL,,-113,-3,3,,,122,,,,,,,ho_status=EXEC_FAILURE,6,11.0,0.2
2026-07-01 00:00:00,XYZ401,UE01080,beamforming,BEAM_HO_CORRELATED,FAIL,,-119,-2,3,,,114,,,,,,,ho_status=PREP_FAILURE,1,13.0,0.4
2026-07-01 01:00:00,XYZ402,UE01081,beamforming,BEAM_HO_CORRELATED,FAIL,,-101,10,8,,,323,,,,,,,ho_status=PREP_FAILURE,2,58.0,5.4
2026-07-01 02:00:00,XYZ403,UE01082,beamforming,BEAM_HO_CORRELATED,FAIL,,-89,16,11,,,592,,,,,,,ho_status=EXEC_FAILURE,3,81.0,4.4
2026-07-01 03:00:00,XYZ401,UE01083,beamforming,BEAM_FAILURE,FAIL,,-99,8,7,,,269,,,,,,,ho_status=SUCCESS,4,50.0,1.2
2026-07-01 04:00:00,XYZ402,UE01084,beamforming,BEAM_FAILURE,FAIL,,-111,0,4,,,180,,,,,,,ho_status=SUCCESS,5,20.0,0.8
2026-07-01 05:00:00,XYZ403,UE01085,beamforming,BEAM_HO_CORRELATED,FAIL,,-83,18,12,,,543,,,,,,,ho_status=EXEC_FAILURE,6,89.0,0.0
2026-07-01 06:00:00,XYZ401,UE01086,beamforming,BEAM_HO_CORRELATED,FAIL,,-103,7,7,,,309,,,,,,,ho_status=EXEC_FAILURE,1,48.0,3.8
2026-07-01 07:00:00,XYZ402,UE01087,beamforming,BEAM_FAILURE,FAIL,,-113,2,5,,,266,,,,,,,ho_status=SUCCESS,2,29.0,5.6
2026-07-01 08:00:00,XYZ403,UE01088,beamforming,BEAM_FAILURE,FAIL,,-97,5,6,,,292,,,,,,,ho_status=SUCCESS,3,40.0,6.8
2026-07-01 09:00:00,XYZ401,UE01089,beamforming,BEAM_FAILURE,FAIL,,-118,-3,3,,,117,,,,,,,ho_status=SUCCESS,4,10.0,5.4
2026-07-01 10:00:00,XYZ402,UE01090,beamforming,BEAM_HO_CORRELATED,FAIL,,-115,-5,2,,,87,,,,,,,ho_status=PREP_FAILURE,5,5.0,5.2
2026-07-01 11:00:00,XYZ403,UE01091,beamforming,BEAM_HO_CORRELATED,FAIL,,-112,1,4,,,205,,,,,,,ho_status=PREP_FAILURE,6,24.0,5.2
2026-07-01 12:00:00,XYZ401,UE01092,beamforming,BEAM_HO_CORRELATED,FAIL,,-112,-6,1,,,50,,,,,,,ho_status=EXEC_FAILURE,1,5.0,2.2
2026-07-01 13:00:00,XYZ402,UE01093,beamforming,BEAM_HO_CORRELATED,FAIL,,-112,3,5,,,248,,,,,,,ho_status=EXEC_FAILURE,2,31.0,4.2
2026-07-01 14:00:00,XYZ403,UE01094,beamforming,BEAM_HO_CORRELATED,FAIL,,-98,10,8,,,328,,,,,,,ho_status=EXEC_FAILURE,3,58.0,2.4
2026-07-01 15:00:00,XYZ401,UE01095,beamforming,BEAM_HO_CORRELATED,FAIL,,-88,13,9,,,370,,,,,,,ho_status=PREP_FAILURE,4,69.0,0.4
2026-07-01 16:00:00,XYZ402,UE01096,beamforming,BEAM_HO_CORRELATED,FAIL,,-116,5,6,,,305,,,,,,,ho_status=EXEC_FAILURE,5,38.0,0.0
2026-07-01 17:00:00,XYZ403,UE01097,beamforming,BEAM_FAILURE,FAIL,,-108,4,6,,,278,,,,,,,ho_status=SUCCESS,6,36.0,3.6
2026-07-01 18:00:00,XYZ401,UE01098,beamforming,BEAM_FAILURE,FAIL,,-105,0,4,,,161,,,,,,,ho_status=SUCCESS,1,20.0,1.6
2026-07-01 19:00:00,XYZ402,UE01099,beamforming,BEAM_HO_CORRELATED,FAIL,,-87,18,12,,,504,,,,,,,ho_status=EXEC_FAILURE,2,90.0,3.8
2026-07-01 20:00:00,XYZ403,UE01100,beamforming,BEAM_FAILURE,FAIL,,-108,7,7,,,313,,,,,,,ho_status=SUCCESS,3,46.0,3.2
2026-07-01 21:00:00,XYZ401,UE01101,beamforming,BEAM_FAILURE,FAIL,,-101,2,5,,,229,,,,,,,ho_status=SUCCESS,4,29.0,0.2
2026-07-01 22:00:00,XYZ402,UE01102,beamforming,BEAM_FAILURE,FAIL,,-94,3,5,,,267,,,,,,,ho_status=SUCCESS,5,32.0,5.6
2026-07-01 23:00:00,XYZ403,UE01103,beamforming,BEAM_HO_CORRELATED,FAIL,,-89,2,5,,,267,,,,,,,ho_status=PREP_FAILURE,6,28.0,0.2
2026-07-01 00:00:00,XYZ401,UE01104,beamforming,BEAM_HO_CORRELATED,FAIL,,-108,-3,3,,,124,,,,,,,ho_status=EXEC_FAILURE,1,11.0,4.0
2026-07-01 01:00:00,XYZ402,UE01105,beamforming,BEAM_FAILURE,FAIL,,-106,11,9,,,381,,,,,,,ho_status=SUCCESS,2,63.0,5.0
2026-07-01 02:00:00,XYZ403,UE01106,beamforming,BEAM_HO_CORRELATED,FAIL,,-116,-2,3,,,114,,,,,,,ho_status=PREP_FAILURE,3,12.0,5.8
2026-07-01 03:00:00,XYZ401,UE01107,beamforming,BEAM_HO_CORRELATED,FAIL,,-86,11,9,,,481,,,,,,,ho_status=PREP_FAILURE,4,64.0,6.0
2026-07-01 04:00:00,XYZ402,UE01108,beamforming,BEAM_FAILURE,FAIL,,-111,1,4,,,191,,,,,,,ho_status=SUCCESS,5,23.0,4.0
2026-07-01 05:00:00,XYZ403,UE01109,beamforming,BEAM_HO_CORRELATED,FAIL,,-105,5,6,,,299,,,,,,,ho_status=EXEC_FAILURE,6,39.0,1.6
2026-07-01 06:00:00,XYZ401,UE01110,beamforming,BEAM_HO_CORRELATED,FAIL,,-118,-2,3,,,148,,,,,,,ho_status=EXEC_FAILURE,1,13.0,4.6
2026-07-01 07:00:00,XYZ402,UE01111,beamforming,BEAM_HO_CORRELATED,FAIL,,-108,5,6,,,282,,,,,,,ho_status=PREP_FAILURE,2,39.0,4.6
2026-07-01 08:00:00,XYZ403,UE01112,beamforming,BEAM_HO_CORRELATED,FAIL,,-104,2,5,,,183,,,,,,,ho_status=PREP_FAILURE,3,28.0,5.4
2026-07-01 09:00:00,XYZ401,UE01113,beamforming,BEAM_HO_CORRELATED,FAIL,,-88,13,9,,,390,,,,,,,ho_status=EXEC_FAILURE,4,68.0,6.8
2026-07-01 10:00:00,XYZ402,UE01114,beamforming,BEAM_HO_CORRELATED,FAIL,,-115,4,6,,,280,,,,,,,ho_status=EXEC_FAILURE,5,36.0,1.6
2026-07-01 11:00:00,XYZ403,UE01115,beamforming,BEAM_FAILURE,FAIL,,-106,4,6,,,289,,,,,,,ho_status=SUCCESS,6,37.0,1.8
2026-07-01 12:00:00,XYZ401,UE01116,beamforming,BEAM_HO_CORRELATED,FAIL,,-113,0,4,,,149,,,,,,,ho_status=EXEC_FAILURE,1,21.0,4.4
2026-07-01 13:00:00,XYZ402,UE01117,beamforming,BEAM_HO_CORRELATED,FAIL,,-118,0,4,,,174,,,,,,,ho_status=EXEC_FAILURE,2,21.0,1.2
2026-07-01 14:00:00,XYZ403,UE01118,beamforming,BEAM_HO_CORRELATED,FAIL,,-102,6,6,,,264,,,,,,,ho_status=EXEC_FAILURE,3,41.0,2.8
2026-07-01 15:00:00,XYZ401,UE01119,beamforming,BEAM_HO_CORRELATED,FAIL,,-90,15,10,,,400,,,,,,,ho_status=EXEC_FAILURE,4,77.0,0.4
2026-07-01 16:00:00,XYZ402,UE01120,beamforming,BEAM_FAILURE,FAIL,,-110,-2,3,,,115,,,,,,,ho_status=SUCCESS,5,12.0,1.8
2026-07-01 17:00:00,XYZ403,UE01121,beamforming,BEAM_HO_CORRELATED,FAIL,,-107,4,6,,,221,,,,,,,ho_status=EXEC_FAILURE,6,37.0,4.6
2026-07-01 18:00:00,XYZ401,UE01122,beamforming,BEAM_HO_CORRELATED,FAIL,,-117,1,4,,,182,,,,,,,ho_status=PREP_FAILURE,1,23.0,0.0
2026-07-01 19:00:00,XYZ402,UE01123,beamforming,BEAM_HO_CORRELATED,FAIL,,-81,20,12,,,587,,,,,,,ho_status=PREP_FAILURE,2,94.0,3.0
2026-07-01 20:00:00,XYZ403,UE01124,beamforming,BEAM_HO_CORRELATED,FAIL,,-85,11,9,,,327,,,,,,,ho_status=EXEC_FAILURE,3,63.0,1.6
2026-07-01 21:00:00,XYZ401,UE01125,beamforming,BEAM_HO_CORRELATED,FAIL,,-100,13,9,,,475,,,,,,,ho_status=EXEC_FAILURE,4,67.0,5.8
2026-07-01 22:00:00,XYZ402,UE01126,beamforming,BEAM_FAILURE,FAIL,,-99,10,8,,,309,,,,,,,ho_status=SUCCESS,5,58.0,1.2
2026-07-01 23:00:00,XYZ403,UE01127,beamforming,BEAM_OK,SUCCESS,,-99,15,10,,,526,,,,,,,ho_status=SUCCESS,6,76.0,0.6
2026-07-01 00:00:00,XYZ401,UE01128,beamforming,BEAM_HO_CORRELATED,FAIL,,-108,1,4,,,183,,,,,,,ho_status=PREP_FAILURE,1,23.0,5.6
2026-07-01 01:00:00,XYZ402,UE01129,beamforming,BEAM_FAILURE,FAIL,,-117,0,4,,,151,,,,,,,ho_status=SUCCESS,2,20.0,5.4
2026-07-01 02:00:00,XYZ403,UE01130,beamforming,BEAM_HO_CORRELATED,FAIL,,-110,-4,2,,,95,,,,,,,ho_status=PREP_FAILURE,3,5.0,2.4
2026-07-01 03:00:00,XYZ401,UE01131,beamforming,BEAM_HO_CORRELATED,FAIL,,-117,-6,1,,,42,,,,,,,ho_status=PREP_FAILURE,4,5.0,0.2
2026-07-01 04:00:00,XYZ402,UE01132,beamforming,BEAM_HO_CORRELATED,FAIL,,-86,18,12,,,439,,,,,,,ho_status=PREP_FAILURE,5,89.0,3.6
2026-07-01 05:00:00,XYZ403,UE01133,beamforming,BEAM_FAILURE,FAIL,,-108,4,6,,,223,,,,,,,ho_status=SUCCESS,6,37.0,6.4
2026-07-01 06:00:00,XYZ401,UE01134,beamforming,BEAM_HO_CORRELATED,FAIL,,-111,0,4,,,199,,,,,,,ho_status=EXEC_FAILURE,1,21.0,3.0
2026-07-01 07:00:00,XYZ402,UE01135,beamforming,BEAM_HO_CORRELATED,FAIL,,-102,3,5,,,263,,,,,,,ho_status=PREP_FAILURE,2,31.0,2.0
2026-07-01 08:00:00,XYZ403,UE01136,beamforming,BEAM_HO_CORRELATED,FAIL,,-92,11,9,,,451,,,,,,,ho_status=EXEC_FAILURE,3,63.0,2.0
2026-07-01 09:00:00,XYZ401,UE01137,beamforming,BEAM_FAILURE,FAIL,,-107,10,8,,,380,,,,,,,ho_status=SUCCESS,4,58.0,2.0
2026-07-01 10:00:00,XYZ402,UE01138,beamforming,BEAM_FAILURE,FAIL,,-106,10,8,,,409,,,,,,,ho_status=SUCCESS,5,58.0,1.0
2026-07-01 11:00:00,XYZ403,UE01139,beamforming,BEAM_HO_CORRELATED,FAIL,,-115,-8,1,,,47,,,,,,,ho_status=PREP_FAILURE,6,5.0,4.0
2026-07-01 12:00:00,XYZ401,UE01140,beamforming,BEAM_HO_CORRELATED,FAIL,,-103,2,5,,,248,,,,,,,ho_status=EXEC_FAILURE,1,29.0,5.6
2026-07-01 13:00:00,XYZ402,UE01141,beamforming,BEAM_FAILURE,FAIL,,-95,12,9,,,391,,,,,,,ho_status=SUCCESS,2,66.0,3.2
2026-07-01 14:00:00,XYZ403,UE01142,beamforming,BEAM_HO_CORRELATED,FAIL,,-110,2,5,,,190,,,,,,,ho_status=EXEC_FAILURE,3,29.0,4.6
2026-07-01 15:00:00,XYZ401,UE01143,beamforming,BEAM_FAILURE,FAIL,,-110,3,5,,,243,,,,,,,ho_status=SUCCESS,4,31.0,2.0
2026-07-01 16:00:00,XYZ402,UE01144,beamforming,BEAM_FAILURE,FAIL,,-118,0,4,,,192,,,,,,,ho_status=SUCCESS,5,20.0,0.2
2026-07-01 17:00:00,XYZ403,UE01145,beamforming,BEAM_FAILURE,FAIL,,-97,13,9,,,407,,,,,,,ho_status=SUCCESS,6,68.0,4.4
2026-07-01 18:00:00,XYZ401,UE01146,beamforming,BEAM_HO_CORRELATED,FAIL,,-98,14,10,,,434,,,,,,,ho_status=EXEC_FAILURE,1,73.0,3.0
2026-07-01 19:00:00,XYZ402,UE01147,beamforming,BEAM_HO_CORRELATED,FAIL,,-100,8,7,,,376,,,,,,,ho_status=PREP_FAILURE,2,50.0,0.0
2026-07-01 20:00:00,XYZ403,UE01148,beamforming,BEAM_FAILURE,FAIL,,-93,10,8,,,378,,,,,,,ho_status=SUCCESS,3,58.0,3.0
2026-07-01 21:00:00,XYZ401,UE01149,beamforming,BEAM_HO_CORRELATED,FAIL,,-83,11,9,,,373,,,,,,,ho_status=PREP_FAILURE,4,62.0,5.2
2026-07-01 22:00:00,XYZ402,UE01150,beamforming,BEAM_FAILURE,FAIL,,-113,0,4,,,158,,,,,,,ho_status=SUCCESS,5,21.0,2.2
2026-07-01 23:00:00,XYZ403,UE01151,beamforming,BEAM_FAILURE,FAIL,,-97,5,6,,,284,,,,,,,ho_status=SUCCESS,6,38.0,1.4
2026-07-01 00:00:00,XYZ401,UE01152,beamforming,BEAM_HO_CORRELATED,FAIL,,-111,-6,1,,,42,,,,,,,ho_status=PREP_FAILURE,1,5.0,1.4
2026-07-01 01:00:00,XYZ402,UE01153,beamforming,BEAM_FAILURE,FAIL,,-111,4,6,,,302,,,,,,,ho_status=SUCCESS,2,37.0,3.4
2026-07-01 02:00:00,XYZ403,UE01154,beamforming,BEAM_HO_CORRELATED,FAIL,,-110,-1,3,,,113,,,,,,,ho_status=EXEC_FAILURE,3,15.0,1.6
2026-07-01 03:00:00,XYZ401,UE01155,beamforming,BEAM_HO_CORRELATED,FAIL,,-107,2,5,,,231,,,,,,,ho_status=PREP_FAILURE,4,29.0,5.2
2026-07-01 04:00:00,XYZ402,UE01156,beamforming,BEAM_FAILURE,FAIL,,-103,4,6,,,289,,,,,,,ho_status=SUCCESS,5,37.0,5.4
2026-07-01 05:00:00,XYZ403,UE01157,beamforming,BEAM_FAILURE,FAIL,,-121,-3,3,,,158,,,,,,,ho_status=SUCCESS,6,10.0,3.2
2026-07-01 06:00:00,XYZ401,UE01158,beamforming,BEAM_HO_CORRELATED,FAIL,,-111,-3,3,,,160,,,,,,,ho_status=EXEC_FAILURE,1,11.0,4.4
2026-07-01 07:00:00,XYZ402,UE01159,beamforming,BEAM_FAILURE,FAIL,,-85,13,9,,,481,,,,,,,ho_status=SUCCESS,2,68.0,2.6
2026-07-01 08:00:00,XYZ403,UE01160,beamforming,BEAM_FAILURE,FAIL,,-104,4,6,,,216,,,,,,,ho_status=SUCCESS,3,37.0,3.8
2026-07-01 09:00:00,XYZ401,UE01161,beamforming,BEAM_HO_CORRELATED,FAIL,,-106,9,8,,,350,,,,,,,ho_status=EXEC_FAILURE,4,55.0,0.4
2026-07-01 10:00:00,XYZ402,UE01162,beamforming,BEAM_FAILURE,FAIL,,-103,0,4,,,166,,,,,,,ho_status=SUCCESS,5,20.0,4.0
2026-07-01 11:00:00,XYZ403,UE01163,beamforming,BEAM_HO_CORRELATED,FAIL,,-97,11,9,,,375,,,,,,,ho_status=PREP_FAILURE,6,63.0,1.8
2026-07-01 12:00:00,XYZ401,UE01164,beamforming,BEAM_FAILURE,FAIL,,-119,0,4,,,207,,,,,,,ho_status=SUCCESS,1,21.0,5.6
2026-07-01 13:00:00,XYZ402,UE01165,beamforming,BEAM_FAILURE,FAIL,,-104,2,5,,,186,,,,,,,ho_status=SUCCESS,2,29.0,6.2
2026-07-01 14:00:00,XYZ403,UE01166,beamforming,BEAM_HO_CORRELATED,FAIL,,-89,5,6,,,258,,,,,,,ho_status=PREP_FAILURE,3,38.0,4.2
2026-07-01 15:00:00,XYZ401,UE01167,beamforming,BEAM_FAILURE,FAIL,,-103,0,4,,,187,,,,,,,ho_status=SUCCESS,4,20.0,2.8
2026-07-01 16:00:00,XYZ402,UE01168,beamforming,BEAM_HO_CORRELATED,FAIL,,-102,13,9,,,475,,,,,,,ho_status=PREP_FAILURE,5,68.0,5.8
2026-07-01 17:00:00,XYZ403,UE01169,beamforming,BEAM_FAILURE,FAIL,,-120,2,5,,,200,,,,,,,ho_status=SUCCESS,6,29.0,3.0
2026-07-01 18:00:00,XYZ401,UE01170,beamforming,BEAM_HO_CORRELATED,FAIL,,-102,0,4,,,200,,,,,,,ho_status=EXEC_FAILURE,1,21.0,4.0
2026-07-01 19:00:00,XYZ402,UE01171,beamforming,BEAM_HO_CORRELATED,FAIL,,-92,18,12,,,520,,,,,,,ho_status=PREP_FAILURE,2,90.0,0.0
2026-07-01 20:00:00,XYZ403,UE01172,beamforming,BEAM_HO_CORRELATED,FAIL,,-117,1,4,,,167,,,,,,,ho_status=EXEC_FAILURE,3,24.0,5.8
2026-07-01 21:00:00,XYZ401,UE01173,beamforming,BEAM_HO_CORRELATED,FAIL,,-118,6,6,,,237,,,,,,,ho_status=PREP_FAILURE,4,41.0,5.2
2026-07-01 22:00:00,XYZ402,UE01174,beamforming,BEAM_OK,SUCCESS,,-96,14,10,,,393,,,,,,,ho_status=SUCCESS,5,74.0,0.4
2026-07-01 23:00:00,XYZ403,UE01175,beamforming,BEAM_HO_CORRELATED,FAIL,,-88,16,11,,,564,,,,,,,ho_status=PREP_FAILURE,6,81.0,2.0
2026-07-01 00:00:00,XYZ401,UE01176,beamforming,BEAM_FAILURE,FAIL,,-94,8,7,,,286,,,,,,,ho_status=SUCCESS,1,50.0,1.8
2026-07-01 01:00:00,XYZ402,UE01177,beamforming,BEAM_HO_CORRELATED,FAIL,,-81,18,12,,,533,,,,,,,ho_status=PREP_FAILURE,2,90.0,3.6
2026-07-01 02:00:00,XYZ403,UE01178,beamforming,BEAM_HO_CORRELATED,FAIL,,-95,8,7,,,348,,,,,,,ho_status=PREP_FAILURE,3,49.0,4.0
2026-07-01 03:00:00,XYZ401,UE01179,beamforming,BEAM_FAILURE,FAIL,,-94,8,7,,,271,,,,,,,ho_status=SUCCESS,4,50.0,4.0
2026-07-01 04:00:00,XYZ402,UE01180,beamforming,BEAM_HO_CORRELATED,FAIL,,-105,-2,3,,,144,,,,,,,ho_status=PREP_FAILURE,5,13.0,1.8
2026-07-01 05:00:00,XYZ403,UE01181,beamforming,BEAM_HO_CORRELATED,FAIL,,-112,4,6,,,242,,,,,,,ho_status=EXEC_FAILURE,6,37.0,1.0
2026-07-01 06:00:00,XYZ401,UE01182,beamforming,BEAM_HO_CORRELATED,FAIL,,-93,14,10,,,532,,,,,,,ho_status=PREP_FAILURE,1,73.0,1.2
2026-07-01 07:00:00,XYZ402,UE01183,beamforming,BEAM_HO_CORRELATED,FAIL,,-97,6,6,,,264,,,,,,,ho_status=PREP_FAILURE,2,41.0,3.2
2026-07-01 08:00:00,XYZ403,UE01184,beamforming,BEAM_HO_CORRELATED,FAIL,,-118,-2,3,,,114,,,,,,,ho_status=EXEC_FAILURE,3,13.0,6.0
2026-07-01 09:00:00,XYZ401,UE01185,beamforming,BEAM_FAILURE,FAIL,,-105,4,6,,,292,,,,,,,ho_status=SUCCESS,4,36.0,3.2
2026-07-01 10:00:00,XYZ402,UE01186,beamforming,BEAM_OK,SUCCESS,,-88,16,11,,,524,,,,,,,ho_status=SUCCESS,5,81.0,2.2
2026-07-01 11:00:00,XYZ403,UE01187,beamforming,BEAM_HO_CORRELATED,FAIL,,-108,8,7,,,293,,,,,,,ho_status=EXEC_FAILURE,6,49.0,6.8
2026-07-01 12:00:00,XYZ401,UE01188,beamforming,BEAM_FAILURE,FAIL,,-102,6,6,,,302,,,,,,,ho_status=SUCCESS,1,41.0,3.0
2026-07-01 13:00:00,XYZ402,UE01189,beamforming,BEAM_HO_CORRELATED,FAIL,,-102,6,6,,,232,,,,,,,ho_status=EXEC_FAILURE,2,42.0,0.0
2026-07-01 14:00:00,XYZ403,UE01190,beamforming,BEAM_HO_CORRELATED,FAIL,,-121,2,5,,,188,,,,,,,ho_status=EXEC_FAILURE,3,28.0,6.0
2026-07-01 15:00:00,XYZ401,UE01191,beamforming,BEAM_HO_CORRELATED,FAIL,,-92,10,8,,,404,,,,,,,ho_status=PREP_FAILURE,4,58.0,1.8
2026-07-01 16:00:00,XYZ402,UE01192,beamforming,BEAM_HO_CORRELATED,FAIL,,-116,-4,2,,,104,,,,,,,ho_status=PREP_FAILURE,5,5.0,6.2
2026-07-01 17:00:00,XYZ403,UE01193,beamforming,BEAM_FAILURE,FAIL,,-103,6,6,,,274,,,,,,,ho_status=SUCCESS,6,41.0,2.8
2026-07-01 18:00:00,XYZ401,UE01194,beamforming,BEAM_HO_CORRELATED,FAIL,,-117,-1,3,,,139,,,,,,,ho_status=PREP_FAILURE,1,15.0,5.6
2026-07-01 19:00:00,XYZ402,UE01195,beamforming,BEAM_HO_CORRELATED,FAIL,,-99,3,5,,,264,,,,,,,ho_status=PREP_FAILURE,2,30.0,4.8
2026-07-01 20:00:00,XYZ403,UE01196,beamforming,BEAM_HO_CORRELATED,FAIL,,-100,3,5,,,193,,,,,,,ho_status=EXEC_FAILURE,3,31.0,1.6
2026-07-01 21:00:00,XYZ401,UE01197,beamforming,BEAM_FAILURE,FAIL,,-109,-1,3,,,156,,,,,,,ho_status=SUCCESS,4,15.0,1.6
2026-07-01 22:00:00,XYZ402,UE01198,beamforming,BEAM_FAILURE,FAIL,,-116,0,4,,,169,,,,,,,ho_status=SUCCESS,5,20.0,3.0
2026-07-01 23:00:00,XYZ403,UE01199,beamforming,BEAM_FAILURE,FAIL,,-92,16,11,,,429,,,,,,,ho_status=SUCCESS,6,82.0,4.8
2026-07-01 00:00:00,XYZ401,UE01200,beamforming,BEAM_HO_CORRELATED,FAIL,,-112,-4,2,,,78,,,,,,,ho_status=EXEC_FAILURE,1,5.0,6.6
2026-07-01 01:00:00,XYZ402,UE01201,beamforming,BEAM_HO_CORRELATED,FAIL,,-113,2,5,,,210,,,,,,,ho_status=EXEC_FAILURE,2,29.0,0.6
2026-07-01 02:00:00,XYZ403,UE01202,beamforming,BEAM_FAILURE,FAIL,,-97,9,8,,,420,,,,,,,ho_status=SUCCESS,3,55.0,1.0
2026-07-01 03:00:00,XYZ401,UE01203,beamforming,BEAM_HO_CORRELATED,FAIL,,-104,4,6,,,244,,,,,,,ho_status=PREP_FAILURE,4,36.0,0.8
2026-07-01 04:00:00,XYZ402,UE01204,beamforming,BEAM_HO_CORRELATED,FAIL,,-84,19,12,,,475,,,,,,,ho_status=PREP_FAILURE,5,91.0,5.4
2026-07-01 05:00:00,XYZ403,UE01205,beamforming,BEAM_HO_CORRELATED,FAIL,,-114,-1,3,,,136,,,,,,,ho_status=PREP_FAILURE,6,15.0,1.8
2026-07-01 06:00:00,XYZ401,UE01206,beamforming,BEAM_HO_CORRELATED,FAIL,,-109,4,6,,,307,,,,,,,ho_status=EXEC_FAILURE,1,37.0,6.4
2026-07-01 07:00:00,XYZ402,UE01207,beamforming,BEAM_HO_CORRELATED,FAIL,,-101,5,6,,,227,,,,,,,ho_status=PREP_FAILURE,2,40.0,2.8
2026-07-01 08:00:00,XYZ403,UE01208,beamforming,BEAM_FAILURE,FAIL,,-108,0,4,,,149,,,,,,,ho_status=SUCCESS,3,21.0,2.6
2026-07-01 09:00:00,XYZ401,UE01209,beamforming,BEAM_FAILURE,FAIL,,-100,6,6,,,266,,,,,,,ho_status=SUCCESS,4,41.0,3.8
2026-07-01 10:00:00,XYZ402,UE01210,beamforming,BEAM_FAILURE,FAIL,,-110,6,6,,,270,,,,,,,ho_status=SUCCESS,5,41.0,3.4
2026-07-01 11:00:00,XYZ403,UE01211,beamforming,BEAM_HO_CORRELATED,FAIL,,-96,9,8,,,394,,,,,,,ho_status=PREP_FAILURE,6,55.0,1.8
2026-07-01 12:00:00,XYZ401,UE01212,beamforming,BEAM_HO_CORRELATED,FAIL,,-87,15,10,,,469,,,,,,,ho_status=PREP_FAILURE,1,77.0,0.2
2026-07-01 13:00:00,XYZ402,UE01213,beamforming,BEAM_HO_CORRELATED,FAIL,,-102,1,4,,,177,,,,,,,ho_status=EXEC_FAILURE,2,23.0,6.0
2026-07-01 14:00:00,XYZ403,UE01214,beamforming,BEAM_HO_CORRELATED,FAIL,,-114,0,4,,,178,,,,,,,ho_status=EXEC_FAILURE,3,21.0,4.6
2026-07-01 15:00:00,XYZ401,UE01215,beamforming,BEAM_HO_CORRELATED,FAIL,,-92,7,7,,,252,,,,,,,ho_status=PREP_FAILURE,4,47.0,0.4
2026-07-01 16:00:00,XYZ402,UE01216,beamforming,BEAM_FAILURE,FAIL,,-123,-3,3,,,116,,,,,,,ho_status=SUCCESS,5,11.0,1.2
2026-07-01 17:00:00,XYZ403,UE01217,beamforming,BEAM_HO_CORRELATED,FAIL,,-107,4,6,,,218,,,,,,,ho_status=PREP_FAILURE,6,37.0,1.0
2026-07-01 18:00:00,XYZ401,UE01218,beamforming,BEAM_HO_CORRELATED,FAIL,,-109,-2,3,,,118,,,,,,,ho_status=PREP_FAILURE,1,12.0,6.6
2026-07-01 19:00:00,XYZ402,UE01219,beamforming,BEAM_HO_CORRELATED,FAIL,,-100,8,7,,,362,,,,,,,ho_status=EXEC_FAILURE,2,50.0,0.4
2026-07-01 20:00:00,XYZ403,UE01220,beamforming,BEAM_HO_CORRELATED,FAIL,,-85,15,10,,,474,,,,,,,ho_status=PREP_FAILURE,3,76.0,4.4
2026-07-01 21:00:00,XYZ401,UE01221,beamforming,BEAM_HO_CORRELATED,FAIL,,-106,5,6,,,247,,,,,,,ho_status=PREP_FAILURE,4,40.0,0.0
2026-07-01 22:00:00,XYZ402,UE01222,beamforming,BEAM_FAILURE,FAIL,,-119,0,4,,,200,,,,,,,ho_status=SUCCESS,5,21.0,4.8
2026-07-01 23:00:00,XYZ403,UE01223,beamforming,BEAM_FAILURE,FAIL,,-108,4,6,,,265,,,,,,,ho_status=SUCCESS,6,37.0,5.4
2026-07-01 00:00:00,XYZ401,UE01224,beamforming,BEAM_FAILURE,FAIL,,-110,7,7,,,266,,,,,,,ho_status=SUCCESS,1,46.0,2.6
2026-07-01 01:00:00,XYZ402,UE01225,beamforming,BEAM_FAILURE,FAIL,,-108,3,5,,,252,,,,,,,ho_status=SUCCESS,2,30.0,3.6
2026-07-01 02:00:00,XYZ403,UE01226,beamforming,BEAM_HO_CORRELATED,FAIL,,-116,2,5,,,268,,,,,,,ho_status=PREP_FAILURE,3,29.0,5.8
2026-07-01 03:00:00,XYZ401,UE01227,beamforming,BEAM_FAILURE,FAIL,,-113,1,4,,,147,,,,,,,ho_status=SUCCESS,4,23.0,1.6
2026-07-01 04:00:00,XYZ402,UE01228,beamforming,BEAM_HO_CORRELATED,FAIL,,-98,4,6,,,322,,,,,,,ho_status=EXEC_FAILURE,5,37.0,2.4
2026-07-01 05:00:00,XYZ403,UE01229,beamforming,BEAM_HO_CORRELATED,FAIL,,-118,2,5,,,234,,,,,,,ho_status=EXEC_FAILURE,6,28.0,4.0
2026-07-01 06:00:00,XYZ401,UE01230,beamforming,BEAM_FAILURE,FAIL,,-103,3,5,,,187,,,,,,,ho_status=SUCCESS,1,31.0,4.0
2026-07-01 07:00:00,XYZ402,UE01231,beamforming,BEAM_HO_CORRELATED,FAIL,,-90,14,10,,,518,,,,,,,ho_status=PREP_FAILURE,2,74.0,1.2
2026-07-01 08:00:00,XYZ403,UE01232,beamforming,BEAM_HO_CORRELATED,FAIL,,-112,-7,1,,,40,,,,,,,ho_status=PREP_FAILURE,3,5.0,6.0
2026-07-01 09:00:00,XYZ401,UE01233,beamforming,BEAM_HO_CORRELATED,FAIL,,-115,1,4,,,174,,,,,,,ho_status=PREP_FAILURE,4,22.0,3.0
2026-07-01 10:00:00,XYZ402,UE01234,beamforming,BEAM_HO_CORRELATED,FAIL,,-116,-1,3,,,113,,,,,,,ho_status=PREP_FAILURE,5,16.0,4.6
2026-07-01 11:00:00,XYZ403,UE01235,beamforming,BEAM_HO_CORRELATED,FAIL,,-113,1,4,,,147,,,,,,,ho_status=EXEC_FAILURE,6,22.0,5.8
2026-07-01 12:00:00,XYZ401,UE01236,beamforming,BEAM_HO_CORRELATED,FAIL,,-93,9,8,,,350,,,,,,,ho_status=EXEC_FAILURE,1,55.0,3.0
2026-07-01 13:00:00,XYZ402,UE01237,beamforming,BEAM_HO_CORRELATED,FAIL,,-97,9,8,,,414,,,,,,,ho_status=PREP_FAILURE,2,55.0,3.8
2026-07-01 14:00:00,XYZ403,UE01238,beamforming,BEAM_FAILURE,FAIL,,-103,4,6,,,241,,,,,,,ho_status=SUCCESS,3,36.0,3.4
2026-07-01 15:00:00,XYZ401,UE01239,beamforming,BEAM_HO_CORRELATED,FAIL,,-109,2,5,,,187,,,,,,,ho_status=PREP_FAILURE,4,28.0,4.6
2026-07-01 16:00:00,XYZ402,UE01240,beamforming,BEAM_FAILURE,FAIL,,-103,9,8,,,359,,,,,,,ho_status=SUCCESS,5,54.0,5.2
2026-07-01 17:00:00,XYZ403,UE01241,beamforming,BEAM_FAILURE,FAIL,,-110,4,6,,,235,,,,,,,ho_status=SUCCESS,6,37.0,6.0
2026-07-01 18:00:00,XYZ401,UE01242,beamforming,BEAM_HO_CORRELATED,FAIL,,-105,1,4,,,150,,,,,,,ho_status=PREP_FAILURE,1,22.0,0.8
2026-07-01 19:00:00,XYZ402,UE01243,beamforming,BEAM_HO_CORRELATED,FAIL,,-97,6,6,,,254,,,,,,,ho_status=EXEC_FAILURE,2,41.0,3.8
2026-07-01 20:00:00,XYZ403,UE01244,beamforming,BEAM_HO_CORRELATED,FAIL,,-116,4,6,,,316,,,,,,,ho_status=PREP_FAILURE,3,36.0,4.6
2026-07-01 21:00:00,XYZ401,UE01245,beamforming,BEAM_HO_CORRELATED,FAIL,,-96,12,9,,,383,,,,,,,ho_status=PREP_FAILURE,4,65.0,3.8
2026-07-01 22:00:00,XYZ402,UE01246,beamforming,BEAM_FAILURE,FAIL,,-99,9,8,,,372,,,,,,,ho_status=SUCCESS,5,55.0,1.0
2026-07-01 23:00:00,XYZ403,UE01247,beamforming,BEAM_HO_CORRELATED,FAIL,,-117,-2,3,,,116,,,,,,,ho_status=PREP_FAILURE,6,12.0,4.8
2026-07-01 00:00:00,XYZ401,UE01248,beamforming,BEAM_HO_CORRELATED,FAIL,,-84,17,11,,,445,,,,,,,ho_status=PREP_FAILURE,1,85.0,6.8
2026-07-01 01:00:00,XYZ402,UE01249,beamforming,BEAM_HO_CORRELATED,FAIL,,-85,17,11,,,436,,,,,,,ho_status=PREP_FAILURE,2,84.0,5.0
2026-07-01 02:00:00,XYZ403,UE01250,beamforming,BEAM_HO_CORRELATED,FAIL,,-86,20,12,,,576,,,,,,,ho_status=PREP_FAILURE,3,95.0,4.4
2026-07-01 03:00:00,XYZ401,UE01251,beamforming,BEAM_FAILURE,FAIL,,-107,2,5,,,235,,,,,,,ho_status=SUCCESS,4,29.0,3.2
2026-07-01 04:00:00,XYZ402,UE01252,beamforming,BEAM_FAILURE,FAIL,,-106,8,7,,,301,,,,,,,ho_status=SUCCESS,5,49.0,5.8
2026-07-01 05:00:00,XYZ403,UE01253,beamforming,BEAM_HO_CORRELATED,FAIL,,-112,-4,2,,,79,,,,,,,ho_status=PREP_FAILURE,6,5.0,6.0
2026-07-01 06:00:00,XYZ401,UE01254,beamforming,BEAM_HO_CORRELATED,FAIL,,-110,-2,3,,,120,,,,,,,ho_status=PREP_FAILURE,1,13.0,2.6
2026-07-01 07:00:00,XYZ402,UE01255,beamforming,BEAM_HO_CORRELATED,FAIL,,-114,3,5,,,202,,,,,,,ho_status=PREP_FAILURE,2,31.0,4.6
2026-07-01 08:00:00,XYZ403,UE01256,beamforming,BEAM_HO_CORRELATED,FAIL,,-104,9,8,,,420,,,,,,,ho_status=PREP_FAILURE,3,55.0,3.8
2026-07-01 09:00:00,XYZ401,UE01257,beamforming,BEAM_HO_CORRELATED,FAIL,,-107,4,6,,,323,,,,,,,ho_status=PREP_FAILURE,4,37.0,2.2
2026-07-01 10:00:00,XYZ402,UE01258,beamforming,BEAM_HO_CORRELATED,FAIL,,-101,9,8,,,301,,,,,,,ho_status=PREP_FAILURE,5,56.0,5.4
2026-07-01 11:00:00,XYZ403,UE01259,beamforming,BEAM_FAILURE,FAIL,,-116,-1,3,,,111,,,,,,,ho_status=SUCCESS,6,14.0,1.8
2026-07-01 12:00:00,XYZ401,UE01260,beamforming,BEAM_OK,SUCCESS,,-89,17,11,,,557,,,,,,,ho_status=SUCCESS,1,83.0,2.0
2026-07-01 13:00:00,XYZ402,UE01261,beamforming,BEAM_HO_CORRELATED,FAIL,,-101,9,8,,,366,,,,,,,ho_status=EXEC_FAILURE,2,56.0,5.6
2026-07-01 14:00:00,XYZ403,UE01262,beamforming,BEAM_FAILURE,FAIL,,-96,8,7,,,356,,,,,,,ho_status=SUCCESS,3,49.0,3.2
2026-07-01 15:00:00,XYZ401,UE01263,beamforming,BEAM_FAILURE,FAIL,,-79,16,11,,,502,,,,,,,ho_status=SUCCESS,4,81.0,5.0
2026-07-01 16:00:00,XYZ402,UE01264,beamforming,BEAM_HO_CORRELATED,FAIL,,-98,13,9,,,477,,,,,,,ho_status=EXEC_FAILURE,5,68.0,6.6
2026-07-01 17:00:00,XYZ403,UE01265,beamforming,BEAM_FAILURE,FAIL,,-110,-1,3,,,138,,,,,,,ho_status=SUCCESS,6,14.0,3.4
2026-07-01 18:00:00,XYZ401,UE01266,beamforming,BEAM_HO_CORRELATED,FAIL,,-89,12,9,,,386,,,,,,,ho_status=PREP_FAILURE,1,65.0,1.6
2026-07-01 19:00:00,XYZ402,UE01267,beamforming,BEAM_FAILURE,FAIL,,-97,6,6,,,292,,,,,,,ho_status=SUCCESS,2,41.0,3.2
2026-07-01 20:00:00,XYZ403,UE01268,beamforming,BEAM_HO_CORRELATED,FAIL,,-110,3,5,,,230,,,,,,,ho_status=EXEC_FAILURE,3,31.0,5.2
2026-07-01 21:00:00,XYZ401,UE01269,beamforming,BEAM_HO_CORRELATED,FAIL,,-106,2,5,,,249,,,,,,,ho_status=PREP_FAILURE,4,28.0,5.0
2026-07-01 22:00:00,XYZ402,UE01270,beamforming,BEAM_FAILURE,FAIL,,-107,1,4,,,146,,,,,,,ho_status=SUCCESS,5,24.0,5.8
2026-07-01 23:00:00,XYZ403,UE01271,beamforming,BEAM_FAILURE,FAIL,,-93,11,9,,,400,,,,,,,ho_status=SUCCESS,6,64.0,5.4
2026-07-01 00:00:00,XYZ401,UE01272,beamforming,BEAM_HO_CORRELATED,FAIL,,-105,0,4,,,187,,,,,,,ho_status=EXEC_FAILURE,1,21.0,0.8
2026-07-01 01:00:00,XYZ402,UE01273,beamforming,BEAM_HO_CORRELATED,FAIL,,-121,3,5,,,245,,,,,,,ho_status=EXEC_FAILURE,2,31.0,0.6
2026-07-01 02:00:00,XYZ403,UE01274,beamforming,BEAM_FAILURE,FAIL,,-116,1,4,,,212,,,,,,,ho_status=SUCCESS,3,22.0,5.0
2026-07-01 03:00:00,XYZ401,UE01275,beamforming,BEAM_FAILURE,FAIL,,-111,0,4,,,156,,,,,,,ho_status=SUCCESS,4,20.0,6.8
2026-07-01 04:00:00,XYZ402,UE01276,beamforming,BEAM_HO_CORRELATED,FAIL,,-120,-1,3,,,147,,,,,,,ho_status=EXEC_FAILURE,5,14.0,2.2
2026-07-01 05:00:00,XYZ403,UE01277,beamforming,BEAM_FAILURE,FAIL,,-114,6,6,,,233,,,,,,,ho_status=SUCCESS,6,43.0,4.4
2026-07-01 06:00:00,XYZ401,UE01278,beamforming,BEAM_HO_CORRELATED,FAIL,,-109,-2,3,,,147,,,,,,,ho_status=PREP_FAILURE,1,13.0,5.0
2026-07-01 07:00:00,XYZ402,UE01279,beamforming,BEAM_HO_CORRELATED,FAIL,,-92,12,9,,,428,,,,,,,ho_status=EXEC_FAILURE,2,65.0,0.2
2026-07-01 08:00:00,XYZ403,UE01280,beamforming,BEAM_HO_CORRELATED,FAIL,,-106,3,5,,,187,,,,,,,ho_status=PREP_FAILURE,3,32.0,5.6
2026-07-01 09:00:00,XYZ401,UE01281,beamforming,BEAM_FAILURE,FAIL,,-118,-2,3,,,152,,,,,,,ho_status=SUCCESS,4,12.0,6.0
2026-07-01 10:00:00,XYZ402,UE01282,beamforming,BEAM_FAILURE,FAIL,,-119,-5,2,,,79,,,,,,,ho_status=SUCCESS,5,5.0,6.0
2026-07-01 11:00:00,XYZ403,UE01283,beamforming,BEAM_HO_CORRELATED,FAIL,,-114,4,6,,,310,,,,,,,ho_status=PREP_FAILURE,6,36.0,2.2
2026-07-01 12:00:00,XYZ401,UE01284,beamforming,BEAM_HO_CORRELATED,FAIL,,-109,6,6,,,229,,,,,,,ho_status=PREP_FAILURE,1,42.0,5.8
2026-07-01 13:00:00,XYZ402,UE01285,beamforming,BEAM_OK,SUCCESS,,-78,18,12,,,510,,,,,,,ho_status=SUCCESS,2,89.0,3.2
2026-07-01 14:00:00,XYZ403,UE01286,beamforming,BEAM_HO_CORRELATED,FAIL,,-119,4,6,,,282,,,,,,,ho_status=EXEC_FAILURE,3,36.0,2.8
2026-07-01 15:00:00,XYZ401,UE01287,beamforming,BEAM_FAILURE,FAIL,,-115,7,7,,,288,,,,,,,ho_status=SUCCESS,4,47.0,1.6
2026-07-01 16:00:00,XYZ402,UE01288,beamforming,BEAM_HO_CORRELATED,FAIL,,-118,-2,3,,,155,,,,,,,ho_status=PREP_FAILURE,5,13.0,5.4
2026-07-01 17:00:00,XYZ403,UE01289,beamforming,BEAM_HO_CORRELATED,FAIL,,-117,-1,3,,,150,,,,,,,ho_status=PREP_FAILURE,6,16.0,1.8
2026-07-01 18:00:00,XYZ401,UE01290,beamforming,BEAM_HO_CORRELATED,FAIL,,-100,16,11,,,565,,,,,,,ho_status=EXEC_FAILURE,1,82.0,1.4
2026-07-01 19:00:00,XYZ402,UE01291,beamforming,BEAM_HO_CORRELATED,FAIL,,-105,1,4,,,170,,,,,,,ho_status=EXEC_FAILURE,2,23.0,2.0
2026-07-01 20:00:00,XYZ403,UE01292,beamforming,BEAM_HO_CORRELATED,FAIL,,-91,12,9,,,418,,,,,,,ho_status=PREP_FAILURE,3,66.0,0.4
2026-07-01 21:00:00,XYZ401,UE01293,beamforming,BEAM_HO_CORRELATED,FAIL,,-108,4,6,,,274,,,,,,,ho_status=EXEC_FAILURE,4,36.0,0.0
2026-07-01 22:00:00,XYZ402,UE01294,beamforming,BEAM_FAILURE,FAIL,,-115,3,5,,,191,,,,,,,ho_status=SUCCESS,5,31.0,0.6
2026-07-01 23:00:00,XYZ403,UE01295,beamforming,BEAM_HO_CORRELATED,FAIL,,-106,1,4,,,204,,,,,,,ho_status=PREP_FAILURE,6,22.0,5.8
2026-07-01 00:00:00,XYZ401,UE01296,beamforming,BEAM_HO_CORRELATED,FAIL,,-99,0,4,,,181,,,,,,,ho_status=EXEC_FAILURE,1,20.0,5.8
2026-07-01 01:00:00,XYZ402,UE01297,beamforming,BEAM_HO_CORRELATED,FAIL,,-117,0,4,,,151,,,,,,,ho_status=PREP_FAILURE,2,20.0,2.8
2026-07-01 02:00:00,XYZ403,UE01298,beamforming,BEAM_HO_CORRELATED,FAIL,,-105,4,6,,,248,,,,,,,ho_status=EXEC_FAILURE,3,37.0,1.2
2026-07-01 03:00:00,XYZ401,UE01299,beamforming,BEAM_HO_CORRELATED,FAIL,,-97,7,7,,,359,,,,,,,ho_status=EXEC_FAILURE,4,47.0,4.0
2026-07-01 04:00:00,XYZ402,UE01300,beamforming,BEAM_FAILURE,FAIL,,-106,9,8,,,294,,,,,,,ho_status=SUCCESS,5,56.0,4.2
2026-07-01 05:00:00,XYZ403,UE01301,beamforming,BEAM_OK,SUCCESS,,-95,14,10,,,464,,,,,,,ho_status=SUCCESS,6,74.0,3.0
2026-07-01 06:00:00,XYZ401,UE01302,beamforming,BEAM_HO_CORRELATED,FAIL,,-114,2,5,,,224,,,,,,,ho_status=EXEC_FAILURE,1,28.0,3.6
2026-07-01 07:00:00,XYZ402,UE01303,beamforming,BEAM_FAILURE,FAIL,,-98,4,6,,,247,,,,,,,ho_status=SUCCESS,2,36.0,4.8
2026-07-01 08:00:00,XYZ403,UE01304,beamforming,BEAM_HO_CORRELATED,FAIL,,-101,6,6,,,310,,,,,,,ho_status=EXEC_FAILURE,3,41.0,1.8
2026-07-01 09:00:00,XYZ401,UE01305,beamforming,BEAM_FAILURE,FAIL,,-98,14,10,,,472,,,,,,,ho_status=SUCCESS,4,74.0,4.4
2026-07-01 10:00:00,XYZ402,UE01306,beamforming,BEAM_HO_CORRELATED,FAIL,,-115,5,6,,,258,,,,,,,ho_status=EXEC_FAILURE,5,40.0,1.2
2026-07-01 11:00:00,XYZ403,UE01307,beamforming,BEAM_FAILURE,FAIL,,-108,6,6,,,241,,,,,,,ho_status=SUCCESS,6,42.0,5.2
2026-07-01 12:00:00,XYZ401,UE01308,beamforming,BEAM_FAILURE,FAIL,,-113,-4,2,,,74,,,,,,,ho_status=SUCCESS,1,5.0,2.2
2026-07-01 13:00:00,XYZ402,UE01309,beamforming,BEAM_HO_CORRELATED,FAIL,,-109,2,5,,,219,,,,,,,ho_status=PREP_FAILURE,2,29.0,4.4
2026-07-01 14:00:00,XYZ403,UE01310,beamforming,BEAM_HO_CORRELATED,FAIL,,-107,-3,3,,,125,,,,,,,ho_status=EXEC_FAILURE,3,9.0,3.2
2026-07-01 15:00:00,XYZ401,UE01311,beamforming,BEAM_FAILURE,FAIL,,-106,7,7,,,345,,,,,,,ho_status=SUCCESS,4,47.0,4.4
2026-07-01 16:00:00,XYZ402,UE01312,beamforming,BEAM_HO_CORRELATED,FAIL,,-100,4,6,,,272,,,,,,,ho_status=EXEC_FAILURE,5,37.0,0.0
2026-07-01 17:00:00,XYZ403,UE01313,beamforming,BEAM_HO_CORRELATED,FAIL,,-90,11,9,,,388,,,,,,,ho_status=PREP_FAILURE,6,62.0,3.2
2026-07-01 18:00:00,XYZ401,UE01314,beamforming,BEAM_HO_CORRELATED,FAIL,,-108,4,6,,,320,,,,,,,ho_status=EXEC_FAILURE,1,37.0,5.8
2026-07-01 19:00:00,XYZ402,UE01315,beamforming,BEAM_HO_CORRELATED,FAIL,,-103,8,7,,,313,,,,,,,ho_status=PREP_FAILURE,2,49.0,5.4
2026-07-01 20:00:00,XYZ403,UE01316,beamforming,BEAM_FAILURE,FAIL,,-106,8,7,,,303,,,,,,,ho_status=SUCCESS,3,49.0,6.2
2026-07-01 21:00:00,XYZ401,UE01317,beamforming,BEAM_FAILURE,FAIL,,-99,10,8,,,292,,,,,,,ho_status=SUCCESS,4,57.0,0.6
2026-07-01 22:00:00,XYZ402,UE01318,beamforming,BEAM_HO_CORRELATED,FAIL,,-111,0,4,,,145,,,,,,,ho_status=PREP_FAILURE,5,20.0,1.8
2026-07-01 23:00:00,XYZ403,UE01319,beamforming,BEAM_HO_CORRELATED,FAIL,,-102,6,6,,,290,,,,,,,ho_status=PREP_FAILURE,6,41.0,6.0
2026-07-01 00:00:00,XYZ401,UE01320,beamforming,BEAM_FAILURE,FAIL,,-95,6,6,,,276,,,,,,,ho_status=SUCCESS,1,42.0,2.8
2026-07-01 01:00:00,XYZ402,UE01321,beamforming,BEAM_HO_CORRELATED,FAIL,,-101,10,8,,,327,,,,,,,ho_status=PREP_FAILURE,2,57.0,4.4
2026-07-01 02:00:00,XYZ403,UE01322,beamforming,BEAM_FAILURE,FAIL,,-119,3,5,,,232,,,,,,,ho_status=SUCCESS,3,31.0,4.4
2026-07-01 03:00:00,XYZ401,UE01323,beamforming,BEAM_HO_CORRELATED,FAIL,,-107,4,6,,,220,,,,,,,ho_status=PREP_FAILURE,4,36.0,4.6
2026-07-01 04:00:00,XYZ402,UE01324,beamforming,BEAM_HO_CORRELATED,FAIL,,-113,-5,2,,,104,,,,,,,ho_status=EXEC_FAILURE,5,5.0,3.2
2026-07-01 05:00:00,XYZ403,UE01325,beamforming,BEAM_HO_CORRELATED,FAIL,,-94,18,12,,,440,,,,,,,ho_status=EXEC_FAILURE,6,90.0,1.6
2026-07-01 06:00:00,XYZ401,UE01326,beamforming,BEAM_HO_CORRELATED,FAIL,,-113,-6,1,,,38,,,,,,,ho_status=EXEC_FAILURE,1,5.0,6.2
2026-07-01 07:00:00,XYZ402,UE01327,beamforming,BEAM_HO_CORRELATED,FAIL,,-94,14,10,,,520,,,,,,,ho_status=EXEC_FAILURE,2,74.0,5.8
2026-07-01 08:00:00,XYZ403,UE01328,beamforming,BEAM_FAILURE,FAIL,,-107,-1,3,,,123,,,,,,,ho_status=SUCCESS,3,15.0,6.2
2026-07-01 09:00:00,XYZ401,UE01329,beamforming,BEAM_HO_CORRELATED,FAIL,,-102,6,6,,,283,,,,,,,ho_status=PREP_FAILURE,4,42.0,3.4
2026-07-01 10:00:00,XYZ402,UE01330,beamforming,BEAM_HO_CORRELATED,FAIL,,-96,9,8,,,318,,,,,,,ho_status=EXEC_FAILURE,5,55.0,1.0
2026-07-01 11:00:00,XYZ403,UE01331,beamforming,BEAM_HO_CORRELATED,FAIL,,-101,7,7,,,328,,,,,,,ho_status=EXEC_FAILURE,6,46.0,1.8
2026-07-01 12:00:00,XYZ401,UE01332,beamforming,BEAM_HO_CORRELATED,FAIL,,-105,8,7,,,265,,,,,,,ho_status=PREP_FAILURE,1,50.0,0.8
2026-07-01 13:00:00,XYZ402,UE01333,beamforming,BEAM_FAILURE,FAIL,,-98,3,5,,,259,,,,,,,ho_status=SUCCESS,2,31.0,0.8
2026-07-01 14:00:00,XYZ403,UE01334,beamforming,BEAM_FAILURE,FAIL,,-112,0,4,,,190,,,,,,,ho_status=SUCCESS,3,21.0,5.8
2026-07-01 15:00:00,XYZ401,UE01335,beamforming,BEAM_FAILURE,FAIL,,-113,-1,3,,,151,,,,,,,ho_status=SUCCESS,4,16.0,2.0
2026-07-01 16:00:00,XYZ402,UE01336,beamforming,BEAM_HO_CORRELATED,FAIL,,-86,16,11,,,465,,,,,,,ho_status=PREP_FAILURE,5,81.0,6.8
2026-07-01 17:00:00,XYZ403,UE01337,beamforming,BEAM_HO_CORRELATED,FAIL,,-113,1,4,,,145,,,,,,,ho_status=EXEC_FAILURE,6,23.0,2.4
2026-07-01 18:00:00,XYZ401,UE01338,beamforming,BEAM_HO_CORRELATED,FAIL,,-100,12,9,,,404,,,,,,,ho_status=EXEC_FAILURE,1,65.0,3.2
2026-07-01 19:00:00,XYZ402,UE01339,beamforming,BEAM_FAILURE,FAIL,,-114,4,6,,,293,,,,,,,ho_status=SUCCESS,2,36.0,5.8
2026-07-01 20:00:00,XYZ403,UE01340,beamforming,BEAM_HO_CORRELATED,FAIL,,-83,9,8,,,334,,,,,,,ho_status=EXEC_FAILURE,3,56.0,3.0
2026-07-01 21:00:00,XYZ401,UE01341,beamforming,BEAM_HO_CORRELATED,FAIL,,-97,10,8,,,295,,,,,,,ho_status=EXEC_FAILURE,4,58.0,6.8
2026-07-01 22:00:00,XYZ402,UE01342,beamforming,BEAM_FAILURE,FAIL,,-107,10,8,,,390,,,,,,,ho_status=SUCCESS,5,58.0,5.2
2026-07-01 23:00:00,XYZ403,UE01343,beamforming,BEAM_HO_CORRELATED,FAIL,,-103,6,6,,,234,,,,,,,ho_status=EXEC_FAILURE,6,42.0,6.8
2026-07-01 00:00:00,XYZ401,UE01344,beamforming,BEAM_HO_CORRELATED,FAIL,,-99,14,10,,,497,,,,,,,ho_status=EXEC_FAILURE,1,74.0,0.2
2026-07-01 01:00:00,XYZ402,UE01345,beamforming,BEAM_FAILURE,FAIL,,-98,8,7,,,296,,,,,,,ho_status=SUCCESS,2,49.0,5.6
2026-07-01 02:00:00,XYZ403,UE01346,beamforming,BEAM_FAILURE,FAIL,,-115,0,4,,,181,,,,,,,ho_status=SUCCESS,3,21.0,4.0
2026-07-01 03:00:00,XYZ401,UE01347,beamforming,BEAM_HO_CORRELATED,FAIL,,-113,6,6,,,309,,,,,,,ho_status=PREP_FAILURE,4,42.0,5.4
2026-07-01 04:00:00,XYZ402,UE01348,beamforming,BEAM_HO_CORRELATED,FAIL,,-92,17,11,,,511,,,,,,,ho_status=EXEC_FAILURE,5,85.0,3.2
2026-07-01 05:00:00,XYZ403,UE01349,beamforming,BEAM_HO_CORRELATED,FAIL,,-112,-2,3,,,120,,,,,,,ho_status=EXEC_FAILURE,6,13.0,0.2
2026-07-01 06:00:00,XYZ401,UE01350,beamforming,BEAM_FAILURE,FAIL,,-123,3,5,,,230,,,,,,,ho_status=SUCCESS,1,31.0,0.4
2026-07-01 07:00:00,XYZ402,UE01351,beamforming,BEAM_HO_CORRELATED,FAIL,,-101,6,6,,,222,,,,,,,ho_status=PREP_FAILURE,2,41.0,5.2
2026-07-01 08:00:00,XYZ403,UE01352,beamforming,BEAM_HO_CORRELATED,FAIL,,-91,13,9,,,341,,,,,,,ho_status=EXEC_FAILURE,3,68.0,3.8
2026-07-01 09:00:00,XYZ401,UE01353,beamforming,BEAM_HO_CORRELATED,FAIL,,-115,1,4,,,163,,,,,,,ho_status=PREP_FAILURE,4,23.0,3.2
2026-07-01 10:00:00,XYZ402,UE01354,beamforming,BEAM_HO_CORRELATED,FAIL,,-105,1,4,,,195,,,,,,,ho_status=PREP_FAILURE,5,23.0,2.2
2026-07-01 11:00:00,XYZ403,UE01355,beamforming,BEAM_FAILURE,FAIL,,-111,4,6,,,283,,,,,,,ho_status=SUCCESS,6,37.0,6.6
2026-07-01 12:00:00,XYZ401,UE01356,beamforming,BEAM_HO_CORRELATED,FAIL,,-110,4,6,,,313,,,,,,,ho_status=PREP_FAILURE,1,37.0,1.0
2026-07-01 13:00:00,XYZ402,UE01357,beamforming,BEAM_HO_CORRELATED,FAIL,,-78,21,13,,,571,,,,,,,ho_status=EXEC_FAILURE,2,100.0,1.6
2026-07-01 14:00:00,XYZ403,UE01358,beamforming,BEAM_FAILURE,FAIL,,-114,-3,3,,,152,,,,,,,ho_status=SUCCESS,3,9.0,2.0
2026-07-01 15:00:00,XYZ401,UE01359,beamforming,BEAM_FAILURE,FAIL,,-121,0,4,,,167,,,,,,,ho_status=SUCCESS,4,21.0,2.6
2026-07-01 16:00:00,XYZ402,UE01360,beamforming,BEAM_FAILURE,FAIL,,-113,0,4,,,180,,,,,,,ho_status=SUCCESS,5,21.0,3.2
2026-07-01 17:00:00,XYZ403,UE01361,beamforming,BEAM_HO_CORRELATED,FAIL,,-101,5,6,,,268,,,,,,,ho_status=EXEC_FAILURE,6,40.0,3.2
2026-07-01 18:00:00,XYZ401,UE01362,beamforming,BEAM_FAILURE,FAIL,,-114,1,4,,,161,,,,,,,ho_status=SUCCESS,1,23.0,6.8
2026-07-01 19:00:00,XYZ402,UE01363,beamforming,BEAM_HO_CORRELATED,FAIL,,-100,9,8,,,360,,,,,,,ho_status=PREP_FAILURE,2,55.0,0.8
2026-07-01 20:00:00,XYZ403,UE01364,beamforming,BEAM_HO_CORRELATED,FAIL,,-109,0,4,,,187,,,,,,,ho_status=EXEC_FAILURE,3,21.0,4.6
2026-07-01 21:00:00,XYZ401,UE01365,beamforming,BEAM_FAILURE,FAIL,,-122,-4,2,,,72,,,,,,,ho_status=SUCCESS,4,5.0,6.0
2026-07-01 22:00:00,XYZ402,UE01366,beamforming,BEAM_FAILURE,FAIL,,-107,5,6,,,282,,,,,,,ho_status=SUCCESS,5,40.0,3.8
2026-07-01 23:00:00,XYZ403,UE01367,beamforming,BEAM_FAILURE,FAIL,,-118,-4,2,,,90,,,,,,,ho_status=SUCCESS,6,5.0,5.4
2026-07-01 00:00:00,XYZ401,UE01368,beamforming,BEAM_HO_CORRELATED,FAIL,,-112,3,5,,,269,,,,,,,ho_status=PREP_FAILURE,1,31.0,3.0
2026-07-01 01:00:00,XYZ402,UE01369,beamforming,BEAM_HO_CORRELATED,FAIL,,-84,13,9,,,426,,,,,,,ho_status=EXEC_FAILURE,2,68.0,3.2
2026-07-01 02:00:00,XYZ403,UE01370,beamforming,BEAM_HO_CORRELATED,FAIL,,-105,3,5,,,216,,,,,,,ho_status=EXEC_FAILURE,3,32.0,0.8
2026-07-01 03:00:00,XYZ401,UE01371,beamforming,BEAM_FAILURE,FAIL,,-93,12,9,,,436,,,,,,,ho_status=SUCCESS,4,66.0,2.8
2026-07-01 04:00:00,XYZ402,UE01372,beamforming,BEAM_HO_CORRELATED,FAIL,,-101,15,10,,,484,,,,,,,ho_status=EXEC_FAILURE,5,76.0,2.8
2026-07-01 05:00:00,XYZ403,UE01373,beamforming,BEAM_FAILURE,FAIL,,-110,0,4,,,182,,,,,,,ho_status=SUCCESS,6,20.0,2.4
2026-07-01 06:00:00,XYZ401,UE01374,beamforming,BEAM_HO_CORRELATED,FAIL,,-106,0,4,,,211,,,,,,,ho_status=EXEC_FAILURE,1,20.0,4.6
2026-07-01 07:00:00,XYZ402,UE01375,beamforming,BEAM_FAILURE,FAIL,,-113,0,4,,,177,,,,,,,ho_status=SUCCESS,2,21.0,2.6
2026-07-01 08:00:00,XYZ403,UE01376,beamforming,BEAM_FAILURE,FAIL,,-105,10,8,,,381,,,,,,,ho_status=SUCCESS,3,58.0,5.2
2026-07-01 09:00:00,XYZ401,UE01377,beamforming,BEAM_HO_CORRELATED,FAIL,,-94,12,9,,,342,,,,,,,ho_status=PREP_FAILURE,4,66.0,6.8
2026-07-01 10:00:00,XYZ402,UE01378,beamforming,BEAM_FAILURE,FAIL,,-96,9,8,,,379,,,,,,,ho_status=SUCCESS,5,55.0,0.4
2026-07-01 11:00:00,XYZ403,UE01379,beamforming,BEAM_HO_CORRELATED,FAIL,,-112,-4,2,,,80,,,,,,,ho_status=PREP_FAILURE,6,5.0,5.6
2026-07-01 12:00:00,XYZ401,UE01380,beamforming,BEAM_HO_CORRELATED,FAIL,,-95,2,5,,,225,,,,,,,ho_status=PREP_FAILURE,1,29.0,3.6
2026-07-01 13:00:00,XYZ402,UE01381,beamforming,BEAM_FAILURE,FAIL,,-102,7,7,,,359,,,,,,,ho_status=SUCCESS,2,46.0,5.2
2026-07-01 14:00:00,XYZ403,UE01382,beamforming,BEAM_FAILURE,FAIL,,-99,9,8,,,418,,,,,,,ho_status=SUCCESS,3,56.0,4.8
2026-07-01 15:00:00,XYZ401,UE01383,beamforming,BEAM_HO_CORRELATED,FAIL,,-91,18,12,,,572,,,,,,,ho_status=EXEC_FAILURE,4,89.0,5.4
2026-07-01 16:00:00,XYZ402,UE01384,beamforming,BEAM_HO_CORRELATED,FAIL,,-120,-6,1,,,53,,,,,,,ho_status=PREP_FAILURE,5,5.0,5.4
2026-07-01 17:00:00,XYZ403,UE01385,beamforming,BEAM_HO_CORRELATED,FAIL,,-107,4,6,,,232,,,,,,,ho_status=EXEC_FAILURE,6,37.0,1.8
2026-07-01 18:00:00,XYZ401,UE01386,beamforming,BEAM_HO_CORRELATED,FAIL,,-113,-3,3,,,136,,,,,,,ho_status=PREP_FAILURE,1,9.0,0.6
2026-07-01 19:00:00,XYZ402,UE01387,beamforming,BEAM_FAILURE,FAIL,,-114,-2,3,,,158,,,,,,,ho_status=SUCCESS,2,12.0,6.4
2026-07-01 20:00:00,XYZ403,UE01388,beamforming,BEAM_HO_CORRELATED,FAIL,,-100,1,4,,,192,,,,,,,ho_status=PREP_FAILURE,3,23.0,3.8
2026-07-01 21:00:00,XYZ401,UE01389,beamforming,BEAM_FAILURE,FAIL,,-103,4,6,,,247,,,,,,,ho_status=SUCCESS,4,36.0,1.0
2026-07-01 22:00:00,XYZ402,UE01390,beamforming,BEAM_HO_CORRELATED,FAIL,,-87,14,10,,,467,,,,,,,ho_status=EXEC_FAILURE,5,74.0,3.6
2026-07-01 23:00:00,XYZ403,UE01391,beamforming,BEAM_HO_CORRELATED,FAIL,,-115,0,4,,,195,,,,,,,ho_status=EXEC_FAILURE,6,20.0,6.8
2026-07-01 00:00:00,XYZ401,UE01392,beamforming,BEAM_HO_CORRELATED,FAIL,,-96,7,7,,,359,,,,,,,ho_status=PREP_FAILURE,1,47.0,6.4
2026-07-01 01:00:00,XYZ402,UE01393,beamforming,BEAM_HO_CORRELATED,FAIL,,-118,-3,3,,,157,,,,,,,ho_status=PREP_FAILURE,2,10.0,5.2
2026-07-01 02:00:00,XYZ403,UE01394,beamforming,BEAM_HO_CORRELATED,FAIL,,-110,1,4,,,202,,,,,,,ho_status=EXEC_FAILURE,3,23.0,4.6
2026-07-01 03:00:00,XYZ401,UE01395,beamforming,BEAM_FAILURE,FAIL,,-107,6,6,,,241,,,,,,,ho_status=SUCCESS,4,41.0,3.4
2026-07-01 04:00:00,XYZ402,UE01396,beamforming,BEAM_FAILURE,FAIL,,-103,11,9,,,473,,,,,,,ho_status=SUCCESS,5,64.0,3.0
2026-07-01 05:00:00,XYZ403,UE01397,beamforming,BEAM_FAILURE,FAIL,,-115,0,4,,,162,,,,,,,ho_status=SUCCESS,6,20.0,0.6
2026-07-01 06:00:00,XYZ401,UE01398,beamforming,BEAM_HO_CORRELATED,FAIL,,-105,5,6,,,233,,,,,,,ho_status=PREP_FAILURE,1,39.0,4.2
2026-07-01 07:00:00,XYZ402,UE01399,beamforming,BEAM_FAILURE,FAIL,,-101,8,7,,,372,,,,,,,ho_status=SUCCESS,2,49.0,1.0
2026-07-01 08:00:00,XYZ403,UE01400,beamforming,BEAM_HO_CORRELATED,FAIL,,-81,20,12,,,631,,,,,,,ho_status=EXEC_FAILURE,3,94.0,3.0
2026-07-01 09:00:00,XYZ401,UE01401,beamforming,BEAM_HO_CORRELATED,FAIL,,-101,8,7,,,337,,,,,,,ho_status=EXEC_FAILURE,4,50.0,6.6
2026-07-01 10:00:00,XYZ402,UE01402,beamforming,BEAM_FAILURE,FAIL,,-102,5,6,,,258,,,,,,,ho_status=SUCCESS,5,38.0,4.0
2026-07-01 11:00:00,XYZ403,UE01403,beamforming,BEAM_FAILURE,FAIL,,-93,6,6,,,271,,,,,,,ho_status=SUCCESS,6,42.0,4.6
2026-07-01 12:00:00,XYZ401,UE01404,beamforming,BEAM_FAILURE,FAIL,,-98,5,6,,,271,,,,,,,ho_status=SUCCESS,1,38.0,3.6
2026-07-01 13:00:00,XYZ402,UE01405,beamforming,BEAM_HO_CORRELATED,FAIL,,-122,1,4,,,185,,,,,,,ho_status=PREP_FAILURE,2,23.0,4.4
2026-07-01 14:00:00,XYZ403,UE01406,beamforming,BEAM_FAILURE,FAIL,,-105,8,7,,,292,,,,,,,ho_status=SUCCESS,3,49.0,0.2
2026-07-01 15:00:00,XYZ401,UE01407,beamforming,BEAM_HO_CORRELATED,FAIL,,-106,3,5,,,189,,,,,,,ho_status=EXEC_FAILURE,4,30.0,2.8
2026-07-01 16:00:00,XYZ402,UE01408,beamforming,BEAM_HO_CORRELATED,FAIL,,-95,15,10,,,490,,,,,,,ho_status=EXEC_FAILURE,5,77.0,6.0
2026-07-01 17:00:00,XYZ403,UE01409,beamforming,BEAM_FAILURE,FAIL,,-108,0,4,,,183,,,,,,,ho_status=SUCCESS,6,21.0,4.4
2026-07-01 18:00:00,XYZ401,UE01410,beamforming,BEAM_FAILURE,FAIL,,-107,3,5,,,192,,,,,,,ho_status=SUCCESS,1,31.0,4.6
2026-07-01 19:00:00,XYZ402,UE01411,beamforming,BEAM_HO_CORRELATED,FAIL,,-81,17,11,,,415,,,,,,,ho_status=EXEC_FAILURE,2,84.0,5.6
2026-07-01 20:00:00,XYZ403,UE01412,beamforming,BEAM_FAILURE,FAIL,,-112,5,6,,,291,,,,,,,ho_status=SUCCESS,3,39.0,3.8
2026-07-01 21:00:00,XYZ401,UE01413,beamforming,BEAM_FAILURE,FAIL,,-94,10,8,,,419,,,,,,,ho_status=SUCCESS,4,57.0,0.6
2026-07-01 22:00:00,XYZ402,UE01414,beamforming,BEAM_HO_CORRELATED,FAIL,,-103,6,6,,,238,,,,,,,ho_status=PREP_FAILURE,5,42.0,1.8
2026-07-01 23:00:00,XYZ403,UE01415,beamforming,BEAM_HO_CORRELATED,FAIL,,-92,12,9,,,381,,,,,,,ho_status=PREP_FAILURE,6,65.0,0.0
2026-07-01 00:00:00,XYZ401,UE01416,beamforming,BEAM_HO_CORRELATED,FAIL,,-94,19,12,,,578,,,,,,,ho_status=EXEC_FAILURE,1,93.0,6.0
2026-07-01 01:00:00,XYZ402,UE01417,beamforming,BEAM_HO_CORRELATED,FAIL,,-101,10,8,,,366,,,,,,,ho_status=EXEC_FAILURE,2,58.0,4.6
2026-07-01 02:00:00,XYZ403,UE01418,beamforming,BEAM_HO_CORRELATED,FAIL,,-111,-5,2,,,78,,,,,,,ho_status=PREP_FAILURE,3,5.0,6.6
2026-07-01 03:00:00,XYZ401,UE01419,beamforming,BEAM_OK,SUCCESS,,-89,15,10,,,516,,,,,,,ho_status=SUCCESS,4,75.0,3.4
2026-07-01 04:00:00,XYZ402,UE01420,beamforming,BEAM_HO_CORRELATED,FAIL,,-103,3,5,,,201,,,,,,,ho_status=PREP_FAILURE,5,31.0,1.4
2026-07-01 05:00:00,XYZ403,UE01421,beamforming,BEAM_FAILURE,FAIL,,-105,10,8,,,341,,,,,,,ho_status=SUCCESS,6,58.0,3.0
2026-07-01 06:00:00,XYZ401,UE01422,beamforming,BEAM_HO_CORRELATED,FAIL,,-107,0,4,,,144,,,,,,,ho_status=EXEC_FAILURE,1,20.0,4.2
2026-07-01 07:00:00,XYZ402,UE01423,beamforming,BEAM_HO_CORRELATED,FAIL,,-105,-3,3,,,111,,,,,,,ho_status=EXEC_FAILURE,2,11.0,1.0
2026-07-01 08:00:00,XYZ403,UE01424,beamforming,BEAM_HO_CORRELATED,FAIL,,-103,4,6,,,223,,,,,,,ho_status=PREP_FAILURE,3,37.0,5.4
2026-07-01 09:00:00,XYZ401,UE01425,beamforming,BEAM_FAILURE,FAIL,,-103,0,4,,,153,,,,,,,ho_status=SUCCESS,4,21.0,5.4
2026-07-01 10:00:00,XYZ402,UE01426,beamforming,BEAM_HO_CORRELATED,FAIL,,-107,5,6,,,288,,,,,,,ho_status=PREP_FAILURE,5,39.0,1.4
2026-07-01 11:00:00,XYZ403,UE01427,beamforming,BEAM_HO_CORRELATED,FAIL,,-108,11,9,,,388,,,,,,,ho_status=EXEC_FAILURE,6,64.0,2.4
2026-07-01 12:00:00,XYZ401,UE01428,beamforming,BEAM_HO_CORRELATED,FAIL,,-90,11,9,,,340,,,,,,,ho_status=EXEC_FAILURE,1,63.0,6.2
2026-07-01 13:00:00,XYZ402,UE01429,beamforming,BEAM_FAILURE,FAIL,,-103,5,6,,,226,,,,,,,ho_status=SUCCESS,2,39.0,5.8
2026-07-01 14:00:00,XYZ403,UE01430,beamforming,BEAM_FAILURE,FAIL,,-101,2,5,,,216,,,,,,,ho_status=SUCCESS,3,29.0,4.8
2026-07-01 15:00:00,XYZ401,UE01431,beamforming,BEAM_HO_CORRELATED,FAIL,,-109,2,5,,,249,,,,,,,ho_status=PREP_FAILURE,4,28.0,3.0
2026-07-01 16:00:00,XYZ402,UE01432,beamforming,BEAM_HO_CORRELATED,FAIL,,-113,0,4,,,205,,,,,,,ho_status=EXEC_FAILURE,5,21.0,2.4
2026-07-01 17:00:00,XYZ403,UE01433,beamforming,BEAM_HO_CORRELATED,FAIL,,-87,14,10,,,522,,,,,,,ho_status=PREP_FAILURE,6,73.0,1.2
2026-07-01 18:00:00,XYZ401,UE01434,beamforming,BEAM_FAILURE,FAIL,,-87,8,7,,,343,,,,,,,ho_status=SUCCESS,1,49.0,6.6
2026-07-01 19:00:00,XYZ402,UE01435,beamforming,BEAM_HO_CORRELATED,FAIL,,-98,8,7,,,350,,,,,,,ho_status=PREP_FAILURE,2,49.0,4.6
2026-07-01 20:00:00,XYZ403,UE01436,beamforming,BEAM_HO_CORRELATED,FAIL,,-97,1,4,,,173,,,,,,,ho_status=PREP_FAILURE,3,23.0,2.0
2026-07-01 21:00:00,XYZ401,UE01437,beamforming,BEAM_HO_CORRELATED,FAIL,,-106,4,6,,,308,,,,,,,ho_status=EXEC_FAILURE,4,36.0,4.8
2026-07-01 22:00:00,XYZ402,UE01438,beamforming,BEAM_OK,SUCCESS,,-80,14,10,,,530,,,,,,,ho_status=SUCCESS,5,73.0,2.4
2026-07-01 23:00:00,XYZ403,UE01439,beamforming,BEAM_FAILURE,FAIL,,-107,1,4,,,155,,,,,,,ho_status=SUCCESS,6,23.0,0.4
2026-07-01 00:00:00,XYZ401,UE01440,beamforming,BEAM_HO_CORRELATED,FAIL,,-103,9,8,,,317,,,,,,,ho_status=PREP_FAILURE,1,56.0,3.4
2026-07-01 01:00:00,XYZ402,UE01441,beamforming,BEAM_HO_CORRELATED,FAIL,,-95,14,10,,,477,,,,,,,ho_status=EXEC_FAILURE,2,74.0,3.2
2026-07-01 02:00:00,XYZ403,UE01442,beamforming,BEAM_FAILURE,FAIL,,-115,6,6,,,318,,,,,,,ho_status=SUCCESS,3,41.0,6.2
2026-07-01 03:00:00,XYZ401,UE01443,beamforming,BEAM_FAILURE,FAIL,,-114,1,4,,,193,,,,,,,ho_status=SUCCESS,4,23.0,6.0
2026-07-01 04:00:00,XYZ402,UE01444,beamforming,BEAM_FAILURE,FAIL,,-111,-7,1,,,50,,,,,,,ho_status=SUCCESS,5,5.0,1.2
2026-07-01 05:00:00,XYZ403,UE01445,beamforming,BEAM_HO_CORRELATED,FAIL,,-98,11,9,,,349,,,,,,,ho_status=EXEC_FAILURE,6,63.0,0.8
2026-07-01 06:00:00,XYZ401,UE01446,beamforming,BEAM_FAILURE,FAIL,,-113,-1,3,,,160,,,,,,,ho_status=SUCCESS,1,15.0,4.0
2026-07-01 07:00:00,XYZ402,UE01447,beamforming,BEAM_HO_CORRELATED,FAIL,,-98,13,9,,,470,,,,,,,ho_status=EXEC_FAILURE,2,68.0,2.0
2026-07-01 08:00:00,XYZ403,UE01448,beamforming,BEAM_FAILURE,FAIL,,-124,4,6,,,249,,,,,,,ho_status=SUCCESS,3,37.0,2.2
2026-07-01 09:00:00,XYZ401,UE01449,beamforming,BEAM_HO_CORRELATED,FAIL,,-108,0,4,,,196,,,,,,,ho_status=PREP_FAILURE,4,21.0,1.6
2026-07-01 10:00:00,XYZ402,UE01450,beamforming,BEAM_FAILURE,FAIL,,-105,1,4,,,201,,,,,,,ho_status=SUCCESS,5,23.0,4.2
2026-07-01 11:00:00,XYZ403,UE01451,beamforming,BEAM_HO_CORRELATED,FAIL,,-110,0,4,,,191,,,,,,,ho_status=PREP_FAILURE,6,20.0,6.4
2026-07-01 12:00:00,XYZ401,UE01452,beamforming,BEAM_HO_CORRELATED,FAIL,,-104,10,8,,,416,,,,,,,ho_status=PREP_FAILURE,1,58.0,2.6
2026-07-01 13:00:00,XYZ402,UE01453,beamforming,BEAM_FAILURE,FAIL,,-106,0,4,,,207,,,,,,,ho_status=SUCCESS,2,21.0,0.4
2026-07-01 14:00:00,XYZ403,UE01454,beamforming,BEAM_FAILURE,FAIL,,-106,4,6,,,298,,,,,,,ho_status=SUCCESS,3,36.0,5.2
2026-07-01 15:00:00,XYZ401,UE01455,beamforming,BEAM_HO_CORRELATED,FAIL,,-99,2,5,,,244,,,,,,,ho_status=PREP_FAILURE,4,28.0,6.6
2026-07-01 16:00:00,XYZ402,UE01456,beamforming,BEAM_HO_CORRELATED,FAIL,,-90,13,9,,,349,,,,,,,ho_status=EXEC_FAILURE,5,69.0,3.0
2026-07-01 17:00:00,XYZ403,UE01457,beamforming,BEAM_OK,SUCCESS,,-92,17,11,,,461,,,,,,,ho_status=SUCCESS,6,85.0,0.6
2026-07-01 18:00:00,XYZ401,UE01458,beamforming,BEAM_HO_CORRELATED,FAIL,,-105,0,4,,,199,,,,,,,ho_status=PREP_FAILURE,1,21.0,5.2
2026-07-01 19:00:00,XYZ402,UE01459,beamforming,BEAM_HO_CORRELATED,FAIL,,-108,5,6,,,321,,,,,,,ho_status=EXEC_FAILURE,2,40.0,2.8
2026-07-01 20:00:00,XYZ403,UE01460,beamforming,BEAM_HO_CORRELATED,FAIL,,-104,1,4,,,146,,,,,,,ho_status=PREP_FAILURE,3,23.0,3.4
2026-07-01 21:00:00,XYZ401,UE01461,beamforming,BEAM_HO_CORRELATED,FAIL,,-110,1,4,,,175,,,,,,,ho_status=EXEC_FAILURE,4,24.0,0.6
2026-07-01 22:00:00,XYZ402,UE01462,beamforming,BEAM_HO_CORRELATED,FAIL,,-121,-2,3,,,141,,,,,,,ho_status=EXEC_FAILURE,5,12.0,6.8
2026-07-01 23:00:00,XYZ403,UE01463,beamforming,BEAM_HO_CORRELATED,FAIL,,-114,4,6,,,295,,,,,,,ho_status=EXEC_FAILURE,6,36.0,3.6
2026-07-01 00:00:00,XYZ401,UE01464,beamforming,BEAM_HO_CORRELATED,FAIL,,-114,-5,2,,,73,,,,,,,ho_status=EXEC_FAILURE,1,5.0,4.2
2026-07-01 01:00:00,XYZ402,UE01465,beamforming,BEAM_HO_CORRELATED,FAIL,,-114,3,5,,,184,,,,,,,ho_status=EXEC_FAILURE,2,31.0,1.2
2026-07-01 02:00:00,XYZ403,UE01466,beamforming,BEAM_HO_CORRELATED,FAIL,,-88,14,10,,,396,,,,,,,ho_status=PREP_FAILURE,3,73.0,2.6
2026-07-01 03:00:00,XYZ401,UE01467,beamforming,BEAM_HO_CORRELATED,FAIL,,-114,-1,3,,,153,,,,,,,ho_status=EXEC_FAILURE,4,15.0,3.4
2026-07-01 04:00:00,XYZ402,UE01468,beamforming,BEAM_FAILURE,FAIL,,-98,2,5,,,182,,,,,,,ho_status=SUCCESS,5,28.0,0.4
2026-07-01 05:00:00,XYZ403,UE01469,beamforming,BEAM_FAILURE,FAIL,,-89,15,10,,,399,,,,,,,ho_status=SUCCESS,6,75.0,5.6
2026-07-01 06:00:00,XYZ401,UE01470,beamforming,BEAM_FAILURE,FAIL,,-102,4,6,,,301,,,,,,,ho_status=SUCCESS,1,36.0,2.6
2026-07-01 07:00:00,XYZ402,UE01471,beamforming,BEAM_HO_CORRELATED,FAIL,,-112,0,4,,,154,,,,,,,ho_status=EXEC_FAILURE,2,20.0,6.8
2026-07-01 08:00:00,XYZ403,UE01472,beamforming,BEAM_HO_CORRELATED,FAIL,,-111,3,5,,,197,,,,,,,ho_status=PREP_FAILURE,3,32.0,1.4
2026-07-01 09:00:00,XYZ401,UE01473,beamforming,BEAM_HO_CORRELATED,FAIL,,-114,0,4,,,179,,,,,,,ho_status=PREP_FAILURE,4,21.0,0.6
2026-07-01 10:00:00,XYZ402,UE01474,beamforming,BEAM_FAILURE,FAIL,,-93,9,8,,,376,,,,,,,ho_status=SUCCESS,5,55.0,5.0
2026-07-01 11:00:00,XYZ403,UE01475,beamforming,BEAM_FAILURE,FAIL,,-116,3,5,,,181,,,,,,,ho_status=SUCCESS,6,31.0,2.0
2026-07-01 12:00:00,XYZ401,UE01476,beamforming,BEAM_HO_CORRELATED,FAIL,,-115,-1,3,,,160,,,,,,,ho_status=EXEC_FAILURE,1,15.0,6.4
2026-07-01 13:00:00,XYZ402,UE01477,beamforming,BEAM_FAILURE,FAIL,,-111,2,5,,,216,,,,,,,ho_status=SUCCESS,2,29.0,4.6
2026-07-01 14:00:00,XYZ403,UE01478,beamforming,BEAM_HO_CORRELATED,FAIL,,-105,1,4,,,166,,,,,,,ho_status=EXEC_FAILURE,3,23.0,6.6
2026-07-01 15:00:00,XYZ401,UE01479,beamforming,BEAM_FAILURE,FAIL,,-104,11,9,,,476,,,,,,,ho_status=SUCCESS,4,63.0,1.8
2026-07-01 16:00:00,XYZ402,UE01480,beamforming,BEAM_HO_CORRELATED,FAIL,,-108,3,5,,,224,,,,,,,ho_status=EXEC_FAILURE,5,31.0,0.0
2026-07-01 17:00:00,XYZ403,UE01481,beamforming,BEAM_HO_CORRELATED,FAIL,,-106,-3,3,,,147,,,,,,,ho_status=PREP_FAILURE,6,11.0,5.0
2026-07-01 18:00:00,XYZ401,UE01482,beamforming,BEAM_FAILURE,FAIL,,-93,9,8,,,315,,,,,,,ho_status=SUCCESS,1,55.0,6.4
2026-07-01 19:00:00,XYZ402,UE01483,beamforming,BEAM_OK,SUCCESS,,-86,17,11,,,574,,,,,,,ho_status=SUCCESS,2,83.0,3.6
2026-07-01 20:00:00,XYZ403,UE01484,beamforming,BEAM_HO_CORRELATED,FAIL,,-104,0,4,,,155,,,,,,,ho_status=PREP_FAILURE,3,20.0,1.0
2026-07-01 21:00:00,XYZ401,UE01485,beamforming,BEAM_HO_CORRELATED,FAIL,,-89,11,9,,,448,,,,,,,ho_status=EXEC_FAILURE,4,63.0,2.8
2026-07-01 22:00:00,XYZ402,UE01486,beamforming,BEAM_HO_CORRELATED,FAIL,,-113,3,5,,,243,,,,,,,ho_status=EXEC_FAILURE,5,31.0,4.2
2026-07-01 23:00:00,XYZ403,UE01487,beamforming,BEAM_FAILURE,FAIL,,-103,2,5,,,199,,,,,,,ho_status=SUCCESS,6,28.0,1.2
2026-07-01 00:00:00,XYZ401,UE01488,beamforming,BEAM_HO_CORRELATED,FAIL,,-112,0,4,,,205,,,,,,,ho_status=PREP_FAILURE,1,20.0,0.2
2026-07-01 01:00:00,XYZ402,UE01489,beamforming,BEAM_HO_CORRELATED,FAIL,,-117,-1,3,,,117,,,,,,,ho_status=PREP_FAILURE,2,14.0,0.6
2026-07-01 02:00:00,XYZ403,UE01490,beamforming,BEAM_FAILURE,FAIL,,-111,1,4,,,209,,,,,,,ho_status=SUCCESS,3,23.0,6.2
2026-07-01 03:00:00,XYZ401,UE01491,beamforming,BEAM_HO_CORRELATED,FAIL,,-104,0,4,,,178,,,,,,,ho_status=EXEC_FAILURE,4,20.0,6.4
2026-07-01 04:00:00,XYZ402,UE01492,beamforming,BEAM_FAILURE,FAIL,,-107,2,5,,,216,,,,,,,ho_status=SUCCESS,5,29.0,4.4
2026-07-01 05:00:00,XYZ403,UE01493,beamforming,BEAM_HO_CORRELATED,FAIL,,-87,17,11,,,573,,,,,,,ho_status=PREP_FAILURE,6,83.0,1.0
2026-07-01 06:00:00,XYZ401,UE01494,beamforming,BEAM_HO_CORRELATED,FAIL,,-99,11,9,,,393,,,,,,,ho_status=EXEC_FAILURE,1,63.0,1.8
2026-07-01 07:00:00,XYZ402,UE01495,beamforming,BEAM_HO_CORRELATED,FAIL,,-95,12,9,,,469,,,,,,,ho_status=PREP_FAILURE,2,66.0,0.0
2026-07-01 08:00:00,XYZ403,UE01496,beamforming,BEAM_HO_CORRELATED,FAIL,,-93,6,6,,,227,,,,,,,ho_status=EXEC_FAILURE,3,41.0,3.8
2026-07-01 09:00:00,XYZ401,UE01497,beamforming,BEAM_HO_CORRELATED,FAIL,,-119,-4,2,,,99,,,,,,,ho_status=EXEC_FAILURE,4,5.0,5.2
2026-07-01 10:00:00,XYZ402,UE01498,beamforming,BEAM_HO_CORRELATED,FAIL,,-106,6,6,,,264,,,,,,,ho_status=EXEC_FAILURE,5,41.0,3.6
2026-07-01 11:00:00,XYZ403,UE01499,beamforming,BEAM_OK,SUCCESS,,-96,14,10,,,394,,,,,,,ho_status=SUCCESS,6,74.0,2.8
2026-07-01 12:00:00,XYZ401,UE01500,beamforming,BEAM_HO_CORRELATED,FAIL,,-95,11,9,,,361,,,,,,,ho_status=EXEC_FAILURE,1,64.0,4.2
2026-07-01 13:00:00,XYZ402,UE01501,beamforming,BEAM_HO_CORRELATED,FAIL,,-96,9,8,,,402,,,,,,,ho_status=EXEC_FAILURE,2,56.0,1.2
2026-07-01 14:00:00,XYZ403,UE01502,beamforming,BEAM_OK,SUCCESS,,-82,16,11,,,574,,,,,,,ho_status=SUCCESS,3,82.0,1.4
2026-07-01 15:00:00,XYZ401,UE01503,beamforming,BEAM_HO_CORRELATED,FAIL,,-110,2,5,,,241,,,,,,,ho_status=EXEC_FAILURE,4,29.0,6.0
2026-07-01 16:00:00,XYZ402,UE01504,beamforming,BEAM_HO_CORRELATED,FAIL,,-101,5,6,,,318,,,,,,,ho_status=EXEC_FAILURE,5,38.0,2.8
2026-07-01 17:00:00,XYZ403,UE01505,beamforming,BEAM_FAILURE,FAIL,,-107,6,6,,,233,,,,,,,ho_status=SUCCESS,6,41.0,1.8
2026-07-01 18:00:00,XYZ401,UE01506,beamforming,BEAM_FAILURE,FAIL,,-104,1,4,,,157,,,,,,,ho_status=SUCCESS,1,23.0,1.0
2026-07-01 19:00:00,XYZ402,UE01507,beamforming,BEAM_HO_CORRELATED,FAIL,,-114,0,4,,,212,,,,,,,ho_status=EXEC_FAILURE,2,20.0,2.8
2026-07-01 20:00:00,XYZ403,UE01508,beamforming,BEAM_FAILURE,FAIL,,-89,12,9,,,330,,,,,,,ho_status=SUCCESS,3,66.0,1.6
2026-07-01 21:00:00,XYZ401,UE01509,beamforming,BEAM_FAILURE,FAIL,,-103,5,6,,,321,,,,,,,ho_status=SUCCESS,4,40.0,3.6
2026-07-01 22:00:00,XYZ402,UE01510,beamforming,BEAM_HO_CORRELATED,FAIL,,-101,4,6,,,235,,,,,,,ho_status=PREP_FAILURE,5,37.0,6.4
2026-07-01 23:00:00,XYZ403,UE01511,beamforming,BEAM_HO_CORRELATED,FAIL,,-117,-6,1,,,37,,,,,,,ho_status=PREP_FAILURE,6,5.0,1.8
2026-07-01 00:00:00,XYZ401,UE01512,beamforming,BEAM_HO_CORRELATED,FAIL,,-116,2,5,,,194,,,,,,,ho_status=EXEC_FAILURE,1,29.0,2.6
2026-07-01 01:00:00,XYZ402,UE01513,beamforming,BEAM_FAILURE,FAIL,,-110,4,6,,,307,,,,,,,ho_status=SUCCESS,2,37.0,0.4
2026-07-01 02:00:00,XYZ403,UE01514,beamforming,BEAM_FAILURE,FAIL,,-83,17,11,,,566,,,,,,,ho_status=SUCCESS,3,85.0,5.8
2026-07-01 03:00:00,XYZ401,UE01515,beamforming,BEAM_HO_CORRELATED,FAIL,,-106,5,6,,,300,,,,,,,ho_status=PREP_FAILURE,4,38.0,2.8
2026-07-01 04:00:00,XYZ402,UE01516,beamforming,BEAM_HO_CORRELATED,FAIL,,-113,-4,2,,,98,,,,,,,ho_status=EXEC_FAILURE,5,5.0,5.8
2026-07-01 05:00:00,XYZ403,UE01517,beamforming,BEAM_FAILURE,FAIL,,-121,-3,3,,,150,,,,,,,ho_status=SUCCESS,6,11.0,5.2
2026-07-01 06:00:00,XYZ401,UE01518,beamforming,BEAM_FAILURE,FAIL,,-109,5,6,,,295,,,,,,,ho_status=SUCCESS,1,39.0,2.6
2026-07-01 07:00:00,XYZ402,UE01519,beamforming,BEAM_HO_CORRELATED,FAIL,,-121,-5,2,,,104,,,,,,,ho_status=EXEC_FAILURE,2,5.0,1.2
2026-07-01 08:00:00,XYZ403,UE01520,beamforming,BEAM_HO_CORRELATED,FAIL,,-101,12,9,,,439,,,,,,,ho_status=EXEC_FAILURE,3,65.0,5.8
2026-07-01 09:00:00,XYZ401,UE01521,beamforming,BEAM_HO_CORRELATED,FAIL,,-115,0,4,,,153,,,,,,,ho_status=EXEC_FAILURE,4,20.0,2.6
2026-07-01 10:00:00,XYZ402,UE01522,beamforming,BEAM_HO_CORRELATED,FAIL,,-109,5,6,,,255,,,,,,,ho_status=PREP_FAILURE,5,39.0,0.8
2026-07-01 11:00:00,XYZ403,UE01523,beamforming,BEAM_FAILURE,FAIL,,-93,9,8,,,315,,,,,,,ho_status=SUCCESS,6,55.0,1.6
2026-07-01 12:00:00,XYZ401,UE01524,beamforming,BEAM_FAILURE,FAIL,,-111,6,6,,,282,,,,,,,ho_status=SUCCESS,1,41.0,0.0
2026-07-01 13:00:00,XYZ402,UE01525,beamforming,BEAM_HO_CORRELATED,FAIL,,-92,11,9,,,336,,,,,,,ho_status=EXEC_FAILURE,2,63.0,6.2
2026-07-01 14:00:00,XYZ403,UE01526,beamforming,BEAM_FAILURE,FAIL,,-113,0,4,,,156,,,,,,,ho_status=SUCCESS,3,20.0,5.2
2026-07-01 15:00:00,XYZ401,UE01527,beamforming,BEAM_HO_CORRELATED,FAIL,,-96,3,5,,,219,,,,,,,ho_status=PREP_FAILURE,4,32.0,2.8
2026-07-01 16:00:00,XYZ402,UE01528,beamforming,BEAM_HO_CORRELATED,FAIL,,-114,3,5,,,269,,,,,,,ho_status=EXEC_FAILURE,5,31.0,1.2
2026-07-01 17:00:00,XYZ403,UE01529,beamforming,BEAM_FAILURE,FAIL,,-95,12,9,,,382,,,,,,,ho_status=SUCCESS,6,66.0,4.0
2026-07-01 18:00:00,XYZ401,UE01530,beamforming,BEAM_HO_CORRELATED,FAIL,,-110,-1,3,,,135,,,,,,,ho_status=PREP_FAILURE,1,16.0,1.8
2026-07-01 19:00:00,XYZ402,UE01531,beamforming,BEAM_HO_CORRELATED,FAIL,,-88,11,9,,,345,,,,,,,ho_status=EXEC_FAILURE,2,63.0,0.6
2026-07-01 20:00:00,XYZ403,UE01532,beamforming,BEAM_HO_CORRELATED,FAIL,,-115,0,4,,,157,,,,,,,ho_status=PREP_FAILURE,3,21.0,6.6
2026-07-01 21:00:00,XYZ401,UE01533,beamforming,BEAM_FAILURE,FAIL,,-106,8,7,,,276,,,,,,,ho_status=SUCCESS,4,49.0,1.8
2026-07-01 22:00:00,XYZ402,UE01534,beamforming,BEAM_HO_CORRELATED,FAIL,,-111,0,4,,,209,,,,,,,ho_status=EXEC_FAILURE,5,20.0,2.6
2026-07-01 23:00:00,XYZ403,UE01535,beamforming,BEAM_OK,SUCCESS,,-88,15,10,,,490,,,,,,,ho_status=SUCCESS,6,76.0,2.0
2026-07-01 00:00:00,XYZ401,UE01536,beamforming,BEAM_FAILURE,FAIL,,-112,3,5,,,187,,,,,,,ho_status=SUCCESS,1,32.0,6.0
2026-07-01 01:00:00,XYZ402,UE01537,beamforming,BEAM_FAILURE,FAIL,,-118,-3,3,,,151,,,,,,,ho_status=SUCCESS,2,10.0,0.4
2026-07-01 02:00:00,XYZ403,UE01538,beamforming,BEAM_HO_CORRELATED,FAIL,,-103,8,7,,,326,,,,,,,ho_status=PREP_FAILURE,3,50.0,6.6
2026-07-01 03:00:00,XYZ401,UE01539,beamforming,BEAM_HO_CORRELATED,FAIL,,-86,8,7,,,303,,,,,,,ho_status=EXEC_FAILURE,4,49.0,6.6
2026-07-01 04:00:00,XYZ402,UE01540,beamforming,BEAM_HO_CORRELATED,FAIL,,-123,-5,2,,,97,,,,,,,ho_status=PREP_FAILURE,5,5.0,2.2
2026-07-01 05:00:00,XYZ403,UE01541,beamforming,BEAM_FAILURE,FAIL,,-112,0,4,,,153,,,,,,,ho_status=SUCCESS,6,20.0,1.6
2026-07-01 06:00:00,XYZ401,UE01542,beamforming,BEAM_FAILURE,FAIL,,-94,18,12,,,438,,,,,,,ho_status=SUCCESS,1,89.0,6.8
2026-07-01 07:00:00,XYZ402,UE01543,beamforming,BEAM_HO_CORRELATED,FAIL,,-95,13,9,,,329,,,,,,,ho_status=PREP_FAILURE,2,67.0,5.8
2026-07-01 08:00:00,XYZ403,UE01544,beamforming,BEAM_HO_CORRELATED,FAIL,,-115,0,4,,,203,,,,,,,ho_status=EXEC_FAILURE,3,20.0,0.8
2026-07-01 09:00:00,XYZ401,UE01545,beamforming,BEAM_HO_CORRELATED,FAIL,,-110,7,7,,,307,,,,,,,ho_status=PREP_FAILURE,4,47.0,3.8
2026-07-01 10:00:00,XYZ402,UE01546,beamforming,BEAM_FAILURE,FAIL,,-115,-2,3,,,123,,,,,,,ho_status=SUCCESS,5,12.0,3.2
2026-07-01 11:00:00,XYZ403,UE01547,beamforming,BEAM_FAILURE,FAIL,,-98,6,6,,,228,,,,,,,ho_status=SUCCESS,6,42.0,4.8
2026-07-01 12:00:00,XYZ401,UE01548,beamforming,BEAM_HO_CORRELATED,FAIL,,-87,17,11,,,499,,,,,,,ho_status=EXEC_FAILURE,1,85.0,4.0
2026-07-01 13:00:00,XYZ402,UE01549,beamforming,BEAM_FAILURE,FAIL,,-101,6,6,,,222,,,,,,,ho_status=SUCCESS,2,42.0,6.2
2026-07-01 14:00:00,XYZ403,UE01550,beamforming,BEAM_FAILURE,FAIL,,-95,10,8,,,353,,,,,,,ho_status=SUCCESS,3,57.0,2.6
2026-07-01 15:00:00,XYZ401,UE01551,beamforming,BEAM_HO_CORRELATED,FAIL,,-118,0,4,,,181,,,,,,,ho_status=EXEC_FAILURE,4,21.0,0.4
2026-07-01 16:00:00,XYZ402,UE01552,beamforming,BEAM_FAILURE,FAIL,,-95,10,8,,,322,,,,,,,ho_status=SUCCESS,5,57.0,0.2
2026-07-01 17:00:00,XYZ403,UE01553,beamforming,BEAM_FAILURE,FAIL,,-107,6,6,,,243,,,,,,,ho_status=SUCCESS,6,41.0,5.8
2026-07-01 18:00:00,XYZ401,UE01554,beamforming,BEAM_FAILURE,FAIL,,-108,1,4,,,182,,,,,,,ho_status=SUCCESS,1,24.0,0.4
2026-07-01 19:00:00,XYZ402,UE01555,beamforming,BEAM_FAILURE,FAIL,,-80,12,9,,,380,,,,,,,ho_status=SUCCESS,2,65.0,5.4
2026-07-01 20:00:00,XYZ403,UE01556,beamforming,BEAM_HO_CORRELATED,FAIL,,-104,7,7,,,277,,,,,,,ho_status=PREP_FAILURE,3,48.0,2.0
2026-07-01 21:00:00,XYZ401,UE01557,beamforming,BEAM_HO_CORRELATED,FAIL,,-109,3,5,,,229,,,,,,,ho_status=PREP_FAILURE,4,31.0,1.8
2026-07-01 22:00:00,XYZ402,UE01558,beamforming,BEAM_HO_CORRELATED,FAIL,,-99,6,6,,,222,,,,,,,ho_status=PREP_FAILURE,5,42.0,0.4
2026-07-01 23:00:00,XYZ403,UE01559,beamforming,BEAM_HO_CORRELATED,FAIL,,-110,3,5,,,247,,,,,,,ho_status=PREP_FAILURE,6,32.0,5.4
2026-07-01 00:00:00,XYZ401,UE01560,beamforming,BEAM_FAILURE,FAIL,,-120,-3,3,,,117,,,,,,,ho_status=SUCCESS,1,11.0,5.2
2026-07-01 01:00:00,XYZ402,UE01561,beamforming,BEAM_HO_CORRELATED,FAIL,,-106,3,5,,,246,,,,,,,ho_status=EXEC_FAILURE,2,31.0,0.6
2026-07-01 02:00:00,XYZ403,UE01562,beamforming,BEAM_HO_CORRELATED,FAIL,,-109,2,5,,,244,,,,,,,ho_status=EXEC_FAILURE,3,29.0,5.2
2026-07-01 03:00:00,XYZ401,UE01563,beamforming,BEAM_FAILURE,FAIL,,-99,4,6,,,263,,,,,,,ho_status=SUCCESS,4,37.0,1.6
2026-07-01 04:00:00,XYZ402,UE01564,beamforming,BEAM_HO_CORRELATED,FAIL,,-103,1,4,,,155,,,,,,,ho_status=PREP_FAILURE,5,22.0,5.0
2026-07-01 05:00:00,XYZ403,UE01565,beamforming,BEAM_FAILURE,FAIL,,-104,9,8,,,421,,,,,,,ho_status=SUCCESS,6,55.0,0.6
2026-07-01 06:00:00,XYZ401,UE01566,beamforming,BEAM_HO_CORRELATED,FAIL,,-111,-5,2,,,78,,,,,,,ho_status=EXEC_FAILURE,1,5.0,6.4
2026-07-01 07:00:00,XYZ402,UE01567,beamforming,BEAM_HO_CORRELATED,FAIL,,-97,5,6,,,253,,,,,,,ho_status=PREP_FAILURE,2,40.0,4.2
2026-07-01 08:00:00,XYZ403,UE01568,beamforming,BEAM_FAILURE,FAIL,,-107,-1,3,,,111,,,,,,,ho_status=SUCCESS,3,15.0,4.4
2026-07-01 09:00:00,XYZ401,UE01569,beamforming,BEAM_FAILURE,FAIL,,-120,-3,3,,,109,,,,,,,ho_status=SUCCESS,4,10.0,4.2
2026-07-01 10:00:00,XYZ402,UE01570,beamforming,BEAM_HO_CORRELATED,FAIL,,-111,8,7,,,287,,,,,,,ho_status=EXEC_FAILURE,5,50.0,4.2
2026-07-01 11:00:00,XYZ403,UE01571,beamforming,BEAM_HO_CORRELATED,FAIL,,-113,9,8,,,427,,,,,,,ho_status=EXEC_FAILURE,6,55.0,1.6
2026-07-01 12:00:00,XYZ401,UE01572,beamforming,BEAM_HO_CORRELATED,FAIL,,-101,9,8,,,370,,,,,,,ho_status=PREP_FAILURE,1,55.0,2.0
2026-07-01 13:00:00,XYZ402,UE01573,beamforming,BEAM_FAILURE,FAIL,,-97,5,6,,,280,,,,,,,ho_status=SUCCESS,2,39.0,1.2
2026-07-01 14:00:00,XYZ403,UE01574,beamforming,BEAM_FAILURE,FAIL,,-102,6,6,,,260,,,,,,,ho_status=SUCCESS,3,41.0,6.8
2026-07-01 15:00:00,XYZ401,UE01575,beamforming,BEAM_HO_CORRELATED,FAIL,,-96,10,8,,,378,,,,,,,ho_status=EXEC_FAILURE,4,58.0,4.8
2026-07-01 16:00:00,XYZ402,UE01576,beamforming,BEAM_FAILURE,FAIL,,-94,13,9,,,477,,,,,,,ho_status=SUCCESS,5,67.0,5.0
2026-07-01 17:00:00,XYZ403,UE01577,beamforming,BEAM_FAILURE,FAIL,,-108,5,6,,,268,,,,,,,ho_status=SUCCESS,6,39.0,0.6
2026-07-01 18:00:00,XYZ401,UE01578,beamforming,BEAM_HO_CORRELATED,FAIL,,-101,9,8,,,320,,,,,,,ho_status=EXEC_FAILURE,1,54.0,6.6
2026-07-01 19:00:00,XYZ402,UE01579,beamforming,BEAM_HO_CORRELATED,FAIL,,-111,-5,2,,,104,,,,,,,ho_status=PREP_FAILURE,2,5.0,6.4
2026-07-01 20:00:00,XYZ403,UE01580,beamforming,BEAM_FAILURE,FAIL,,-108,4,6,,,218,,,,,,,ho_status=SUCCESS,3,36.0,0.2
2026-07-01 21:00:00,XYZ401,UE01581,beamforming,BEAM_HO_CORRELATED,FAIL,,-119,0,4,,,196,,,,,,,ho_status=EXEC_FAILURE,4,20.0,5.4
2026-07-01 22:00:00,XYZ402,UE01582,beamforming,BEAM_HO_CORRELATED,FAIL,,-114,1,4,,,208,,,,,,,ho_status=EXEC_FAILURE,5,23.0,6.8
2026-07-01 23:00:00,XYZ403,UE01583,beamforming,BEAM_FAILURE,FAIL,,-99,6,6,,,255,,,,,,,ho_status=SUCCESS,6,41.0,4.4
2026-07-01 00:00:00,XYZ401,UE01584,beamforming,BEAM_HO_CORRELATED,FAIL,,-75,17,11,,,559,,,,,,,ho_status=EXEC_FAILURE,1,85.0,6.2
2026-07-01 01:00:00,XYZ402,UE01585,beamforming,BEAM_FAILURE,FAIL,,-98,10,8,,,343,,,,,,,ho_status=SUCCESS,2,57.0,1.8
2026-07-01 02:00:00,XYZ403,UE01586,beamforming,BEAM_HO_CORRELATED,FAIL,,-100,10,8,,,388,,,,,,,ho_status=PREP_FAILURE,3,58.0,2.2
2026-07-01 03:00:00,XYZ401,UE01587,beamforming,BEAM_HO_CORRELATED,FAIL,,-105,3,5,,,209,,,,,,,ho_status=EXEC_FAILURE,4,31.0,0.8
2026-07-01 04:00:00,XYZ402,UE01588,beamforming,BEAM_HO_CORRELATED,FAIL,,-121,-5,2,,,102,,,,,,,ho_status=EXEC_FAILURE,5,5.0,2.6
2026-07-01 05:00:00,XYZ403,UE01589,beamforming,BEAM_HO_CORRELATED,FAIL,,-97,11,9,,,459,,,,,,,ho_status=PREP_FAILURE,6,63.0,4.4
2026-07-01 06:00:00,XYZ401,UE01590,beamforming,BEAM_FAILURE,FAIL,,-103,0,4,,,187,,,,,,,ho_status=SUCCESS,1,21.0,5.4
2026-07-01 07:00:00,XYZ402,UE01591,beamforming,BEAM_HO_CORRELATED,FAIL,,-119,-1,3,,,140,,,,,,,ho_status=PREP_FAILURE,2,14.0,3.6
2026-07-01 08:00:00,XYZ403,UE01592,beamforming,BEAM_FAILURE,FAIL,,-104,4,6,,,302,,,,,,,ho_status=SUCCESS,3,37.0,0.4
2026-07-01 09:00:00,XYZ401,UE01593,beamforming,BEAM_HO_CORRELATED,FAIL,,-114,-4,2,,,93,,,,,,,ho_status=PREP_FAILURE,4,5.0,3.4
2026-07-01 10:00:00,XYZ402,UE01594,beamforming,BEAM_HO_CORRELATED,FAIL,,-109,6,6,,,261,,,,,,,ho_status=EXEC_FAILURE,5,41.0,4.2
2026-07-01 11:00:00,XYZ403,UE01595,beamforming,BEAM_OK,SUCCESS,,-92,15,10,,,427,,,,,,,ho_status=SUCCESS,6,77.0,0.0
2026-07-01 12:00:00,XYZ401,UE01596,beamforming,BEAM_HO_CORRELATED,FAIL,,-91,14,10,,,407,,,,,,,ho_status=PREP_FAILURE,1,74.0,2.2
2026-07-01 13:00:00,XYZ402,UE01597,beamforming,BEAM_HO_CORRELATED,FAIL,,-94,7,7,,,347,,,,,,,ho_status=PREP_FAILURE,2,47.0,1.4
2026-07-01 14:00:00,XYZ403,UE01598,beamforming,BEAM_HO_CORRELATED,FAIL,,-97,4,6,,,301,,,,,,,ho_status=EXEC_FAILURE,3,37.0,3.4
2026-07-01 15:00:00,XYZ401,UE01599,beamforming,BEAM_FAILURE,FAIL,,-105,1,4,,,191,,,,,,,ho_status=SUCCESS,4,24.0,0.4
2026-07-01 16:00:00,XYZ402,UE01600,beamforming,BEAM_HO_CORRELATED,FAIL,,-113,0,4,,,201,,,,,,,ho_status=PREP_FAILURE,5,20.0,0.0
2026-07-01 17:00:00,XYZ403,UE01601,beamforming,BEAM_FAILURE,FAIL,,-109,2,5,,,236,,,,,,,ho_status=SUCCESS,6,28.0,0.8
2026-07-01 18:00:00,XYZ401,UE01602,beamforming,BEAM_FAILURE,FAIL,,-115,-3,3,,,115,,,,,,,ho_status=SUCCESS,1,10.0,1.0
2026-07-01 19:00:00,XYZ402,UE01603,beamforming,BEAM_FAILURE,FAIL,,-110,0,4,,,150,,,,,,,ho_status=SUCCESS,2,20.0,6.2
2026-07-01 20:00:00,XYZ403,UE01604,beamforming,BEAM_HO_CORRELATED,FAIL,,-111,1,4,,,191,,,,,,,ho_status=PREP_FAILURE,3,24.0,1.0
2026-07-01 21:00:00,XYZ401,UE01605,beamforming,BEAM_HO_CORRELATED,FAIL,,-111,-6,1,,,40,,,,,,,ho_status=EXEC_FAILURE,4,5.0,1.6
2026-07-01 22:00:00,XYZ402,UE01606,beamforming,BEAM_HO_CORRELATED,FAIL,,-115,2,5,,,227,,,,,,,ho_status=PREP_FAILURE,5,28.0,5.8
2026-07-01 23:00:00,XYZ403,UE01607,beamforming,BEAM_HO_CORRELATED,FAIL,,-112,9,8,,,349,,,,,,,ho_status=EXEC_FAILURE,6,56.0,6.4
2026-07-01 00:00:00,XYZ401,UE01608,beamforming,BEAM_HO_CORRELATED,FAIL,,-110,8,7,,,372,,,,,,,ho_status=PREP_FAILURE,1,49.0,4.0
2026-07-01 01:00:00,XYZ402,UE01609,beamforming,BEAM_HO_CORRELATED,FAIL,,-92,11,9,,,422,,,,,,,ho_status=PREP_FAILURE,2,62.0,6.2
2026-07-01 02:00:00,XYZ403,UE01610,beamforming,BEAM_HO_CORRELATED,FAIL,,-103,4,6,,,269,,,,,,,ho_status=EXEC_FAILURE,3,36.0,2.6
2026-07-01 03:00:00,XYZ401,UE01611,beamforming,BEAM_HO_CORRELATED,FAIL,,-111,-2,3,,,136,,,,,,,ho_status=EXEC_FAILURE,4,12.0,3.8
2026-07-01 04:00:00,XYZ402,UE01612,beamforming,BEAM_HO_CORRELATED,FAIL,,-105,4,6,,,258,,,,,,,ho_status=PREP_FAILURE,5,36.0,2.6
2026-07-01 05:00:00,XYZ403,UE01613,beamforming,BEAM_HO_CORRELATED,FAIL,,-104,5,6,,,304,,,,,,,ho_status=EXEC_FAILURE,6,39.0,1.8
2026-07-01 06:00:00,XYZ401,UE01614,beamforming,BEAM_HO_CORRELATED,FAIL,,-114,0,4,,,187,,,,,,,ho_status=PREP_FAILURE,1,20.0,2.2
2026-07-01 07:00:00,XYZ402,UE01615,beamforming,BEAM_HO_CORRELATED,FAIL,,-85,15,10,,,413,,,,,,,ho_status=EXEC_FAILURE,2,77.0,5.6
2026-07-01 08:00:00,XYZ403,UE01616,beamforming,BEAM_FAILURE,FAIL,,-95,11,9,,,411,,,,,,,ho_status=SUCCESS,3,63.0,4.8
2026-07-01 09:00:00,XYZ401,UE01617,beamforming,BEAM_HO_CORRELATED,FAIL,,-111,5,6,,,280,,,,,,,ho_status=EXEC_FAILURE,4,39.0,6.4
2026-07-01 10:00:00,XYZ402,UE01618,beamforming,BEAM_FAILURE,FAIL,,-107,3,5,,,232,,,,,,,ho_status=SUCCESS,5,31.0,4.2
2026-07-01 11:00:00,XYZ403,UE01619,beamforming,BEAM_HO_CORRELATED,FAIL,,-109,1,4,,,184,,,,,,,ho_status=EXEC_FAILURE,6,24.0,4.8
2026-07-01 12:00:00,XYZ401,UE01620,beamforming,BEAM_HO_CORRELATED,FAIL,,-90,11,9,,,355,,,,,,,ho_status=EXEC_FAILURE,1,62.0,6.8
2026-07-01 13:00:00,XYZ402,UE01621,beamforming,BEAM_HO_CORRELATED,FAIL,,-117,-8,1,,,36,,,,,,,ho_status=EXEC_FAILURE,2,5.0,0.6
2026-07-01 14:00:00,XYZ403,UE01622,beamforming,BEAM_FAILURE,FAIL,,-109,5,6,,,275,,,,,,,ho_status=SUCCESS,3,38.0,6.2
2026-07-01 15:00:00,XYZ401,UE01623,beamforming,BEAM_FAILURE,FAIL,,-90,12,9,,,428,,,,,,,ho_status=SUCCESS,4,65.0,6.0
2026-07-01 16:00:00,XYZ402,UE01624,beamforming,BEAM_HO_CORRELATED,FAIL,,-110,0,4,,,169,,,,,,,ho_status=PREP_FAILURE,5,21.0,0.0
2026-07-01 17:00:00,XYZ403,UE01625,beamforming,BEAM_HO_CORRELATED,FAIL,,-105,6,6,,,305,,,,,,,ho_status=PREP_FAILURE,6,41.0,2.2
2026-07-01 18:00:00,XYZ401,UE01626,beamforming,BEAM_HO_CORRELATED,FAIL,,-110,-4,2,,,104,,,,,,,ho_status=EXEC_FAILURE,1,5.0,3.4
2026-07-01 19:00:00,XYZ402,UE01627,beamforming,BEAM_HO_CORRELATED,FAIL,,-93,12,9,,,352,,,,,,,ho_status=EXEC_FAILURE,2,65.0,3.4
2026-07-01 20:00:00,XYZ403,UE01628,beamforming,BEAM_HO_CORRELATED,FAIL,,-112,4,6,,,285,,,,,,,ho_status=PREP_FAILURE,3,36.0,1.0
2026-07-01 21:00:00,XYZ401,UE01629,beamforming,BEAM_HO_CORRELATED,FAIL,,-100,9,8,,,385,,,,,,,ho_status=EXEC_FAILURE,4,55.0,5.4
2026-07-01 22:00:00,XYZ402,UE01630,beamforming,BEAM_FAILURE,FAIL,,-109,5,6,,,291,,,,,,,ho_status=SUCCESS,5,38.0,1.8
2026-07-01 23:00:00,XYZ403,UE01631,beamforming,BEAM_OK,SUCCESS,,-88,19,12,,,480,,,,,,,ho_status=SUCCESS,6,92.0,0.0
2026-07-01 00:00:00,XYZ401,UE01632,beamforming,BEAM_FAILURE,FAIL,,-98,6,6,,,246,,,,,,,ho_status=SUCCESS,1,41.0,3.8
2026-07-01 01:00:00,XYZ402,UE01633,beamforming,BEAM_FAILURE,FAIL,,-115,1,4,,,184,,,,,,,ho_status=SUCCESS,2,23.0,4.0
2026-07-01 02:00:00,XYZ403,UE01634,beamforming,BEAM_HO_CORRELATED,FAIL,,-112,-6,1,,,45,,,,,,,ho_status=PREP_FAILURE,3,5.0,6.2
2026-07-01 03:00:00,XYZ401,UE01635,beamforming,BEAM_HO_CORRELATED,FAIL,,-84,18,12,,,608,,,,,,,ho_status=EXEC_FAILURE,4,89.0,3.0
2026-07-01 04:00:00,XYZ402,UE01636,beamforming,BEAM_FAILURE,FAIL,,-120,3,5,,,243,,,,,,,ho_status=SUCCESS,5,32.0,1.2
2026-07-01 05:00:00,XYZ403,UE01637,beamforming,BEAM_HO_CORRELATED,FAIL,,-107,4,6,,,285,,,,,,,ho_status=EXEC_FAILURE,6,37.0,3.8
2026-07-01 06:00:00,XYZ401,UE01638,beamforming,BEAM_OK,SUCCESS,,-82,21,13,,,635,,,,,,,ho_status=SUCCESS,1,100.0,3.0
2026-07-01 07:00:00,XYZ402,UE01639,beamforming,BEAM_HO_CORRELATED,FAIL,,-107,7,7,,,326,,,,,,,ho_status=PREP_FAILURE,2,47.0,0.8
2026-07-01 08:00:00,XYZ403,UE01640,beamforming,BEAM_HO_CORRELATED,FAIL,,-93,17,11,,,424,,,,,,,ho_status=PREP_FAILURE,3,84.0,4.2
2026-07-01 09:00:00,XYZ401,UE01641,beamforming,BEAM_HO_CORRELATED,FAIL,,-117,3,5,,,225,,,,,,,ho_status=PREP_FAILURE,4,31.0,1.6
2026-07-01 10:00:00,XYZ402,UE01642,beamforming,BEAM_HO_CORRELATED,FAIL,,-114,5,6,,,250,,,,,,,ho_status=PREP_FAILURE,5,40.0,1.6
2026-07-01 11:00:00,XYZ403,UE01643,beamforming,BEAM_FAILURE,FAIL,,-99,3,5,,,248,,,,,,,ho_status=SUCCESS,6,32.0,4.4
2026-07-01 12:00:00,XYZ401,UE01644,beamforming,BEAM_HO_CORRELATED,FAIL,,-104,8,7,,,260,,,,,,,ho_status=PREP_FAILURE,1,49.0,1.4
2026-07-01 13:00:00,XYZ402,UE01645,beamforming,BEAM_FAILURE,FAIL,,-116,-3,3,,,144,,,,,,,ho_status=SUCCESS,2,10.0,1.0
2026-07-01 14:00:00,XYZ403,UE01646,beamforming,BEAM_FAILURE,FAIL,,-99,2,5,,,255,,,,,,,ho_status=SUCCESS,3,29.0,6.8
2026-07-01 15:00:00,XYZ401,UE01647,beamforming,BEAM_HO_CORRELATED,FAIL,,-96,9,8,,,413,,,,,,,ho_status=EXEC_FAILURE,4,54.0,1.2
2026-07-01 16:00:00,XYZ402,UE01648,beamforming,BEAM_HO_CORRELATED,FAIL,,-86,7,7,,,372,,,,,,,ho_status=PREP_FAILURE,5,47.0,5.2
2026-07-01 17:00:00,XYZ403,UE01649,beamforming,BEAM_FAILURE,FAIL,,-113,0,4,,,153,,,,,,,ho_status=SUCCESS,6,20.0,4.0
2026-07-01 18:00:00,XYZ401,UE01650,beamforming,BEAM_FAILURE,FAIL,,-103,11,9,,,350,,,,,,,ho_status=SUCCESS,1,62.0,2.2
2026-07-01 19:00:00,XYZ402,UE01651,beamforming,BEAM_HO_CORRELATED,FAIL,,-89,17,11,,,542,,,,,,,ho_status=PREP_FAILURE,2,85.0,4.0
2026-07-01 20:00:00,XYZ403,UE01652,beamforming,BEAM_OK,SUCCESS,,-87,21,13,,,593,,,,,,,ho_status=SUCCESS,3,100.0,1.6
2026-07-01 21:00:00,XYZ401,UE01653,beamforming,BEAM_HO_CORRELATED,FAIL,,-100,1,4,,,160,,,,,,,ho_status=EXEC_FAILURE,4,23.0,1.2
2026-07-01 22:00:00,XYZ402,UE01654,beamforming,BEAM_HO_CORRELATED,FAIL,,-104,2,5,,,203,,,,,,,ho_status=EXEC_FAILURE,5,28.0,1.2
2026-07-01 23:00:00,XYZ403,UE01655,beamforming,BEAM_FAILURE,FAIL,,-112,-3,3,,,145,,,,,,,ho_status=SUCCESS,6,10.0,6.0
2026-07-01 00:00:00,XYZ401,UE01656,beamforming,BEAM_FAILURE,FAIL,,-101,5,6,,,323,,,,,,,ho_status=SUCCESS,1,39.0,5.4
2026-07-01 01:00:00,XYZ402,UE01657,beamforming,BEAM_HO_CORRELATED,FAIL,,-89,11,9,,,354,,,,,,,ho_status=PREP_FAILURE,2,62.0,5.6
2026-07-01 02:00:00,XYZ403,UE01658,beamforming,BEAM_HO_CORRELATED,FAIL,,-114,4,6,,,243,,,,,,,ho_status=EXEC_FAILURE,3,36.0,2.0
2026-07-01 03:00:00,XYZ401,UE01659,beamforming,BEAM_HO_CORRELATED,FAIL,,-107,6,6,,,297,,,,,,,ho_status=PREP_FAILURE,4,41.0,3.6
2026-07-01 04:00:00,XYZ402,UE01660,beamforming,BEAM_HO_CORRELATED,FAIL,,-107,1,4,,,156,,,,,,,ho_status=PREP_FAILURE,5,23.0,5.0
2026-07-01 05:00:00,XYZ403,UE01661,beamforming,BEAM_FAILURE,FAIL,,-106,-1,3,,,144,,,,,,,ho_status=SUCCESS,6,14.0,6.2
2026-07-01 06:00:00,XYZ401,UE01662,beamforming,BEAM_FAILURE,FAIL,,-101,7,7,,,277,,,,,,,ho_status=SUCCESS,1,47.0,2.0
2026-07-01 07:00:00,XYZ402,UE01663,beamforming,BEAM_FAILURE,FAIL,,-103,5,6,,,301,,,,,,,ho_status=SUCCESS,2,40.0,4.0
2026-07-01 08:00:00,XYZ403,UE01664,beamforming,BEAM_FAILURE,FAIL,,-96,12,9,,,403,,,,,,,ho_status=SUCCESS,3,65.0,6.8
2026-07-01 09:00:00,XYZ401,UE01665,beamforming,BEAM_FAILURE,FAIL,,-104,6,6,,,225,,,,,,,ho_status=SUCCESS,4,41.0,5.4
2026-07-01 10:00:00,XYZ402,UE01666,beamforming,BEAM_OK,SUCCESS,,-76,21,13,,,650,,,,,,,ho_status=SUCCESS,5,99.0,3.6
2026-07-01 11:00:00,XYZ403,UE01667,beamforming,BEAM_FAILURE,FAIL,,-103,10,8,,,347,,,,,,,ho_status=SUCCESS,6,58.0,4.4
2026-07-01 12:00:00,XYZ401,UE01668,beamforming,BEAM_HO_CORRELATED,FAIL,,-86,15,10,,,501,,,,,,,ho_status=PREP_FAILURE,1,77.0,0.2
2026-07-01 13:00:00,XYZ402,UE01669,beamforming,BEAM_FAILURE,FAIL,,-114,-2,3,,,160,,,,,,,ho_status=SUCCESS,2,13.0,4.4
2026-07-01 14:00:00,XYZ403,UE01670,beamforming,BEAM_FAILURE,FAIL,,-100,2,5,,,239,,,,,,,ho_status=SUCCESS,3,29.0,3.4
2026-07-01 15:00:00,XYZ401,UE01671,beamforming,BEAM_HO_CORRELATED,FAIL,,-104,4,6,,,306,,,,,,,ho_status=EXEC_FAILURE,4,36.0,1.8
2026-07-01 16:00:00,XYZ402,UE01672,beamforming,BEAM_HO_CORRELATED,FAIL,,-102,9,8,,,337,,,,,,,ho_status=PREP_FAILURE,5,55.0,3.8
2026-07-01 17:00:00,XYZ403,UE01673,beamforming,BEAM_HO_CORRELATED,FAIL,,-92,9,8,,,328,,,,,,,ho_status=PREP_FAILURE,6,54.0,4.2
2026-07-01 18:00:00,XYZ401,UE01674,beamforming,BEAM_HO_CORRELATED,FAIL,,-103,2,5,,,226,,,,,,,ho_status=EXEC_FAILURE,1,29.0,1.8
2026-07-01 19:00:00,XYZ402,UE01675,beamforming,BEAM_FAILURE,FAIL,,-121,1,4,,,206,,,,,,,ho_status=SUCCESS,2,23.0,1.8
2026-07-01 20:00:00,XYZ403,UE01676,beamforming,BEAM_FAILURE,FAIL,,-112,0,4,,,201,,,,,,,ho_status=SUCCESS,3,20.0,0.0
2026-07-01 21:00:00,XYZ401,UE01677,beamforming,BEAM_FAILURE,FAIL,,-114,-3,3,,,119,,,,,,,ho_status=SUCCESS,4,11.0,3.8
2026-07-01 22:00:00,XYZ402,UE01678,beamforming,BEAM_HO_CORRELATED,FAIL,,-121,-4,2,,,91,,,,,,,ho_status=PREP_FAILURE,5,5.0,5.4
2026-07-01 23:00:00,XYZ403,UE01679,beamforming,BEAM_HO_CORRELATED,FAIL,,-107,7,7,,,343,,,,,,,ho_status=EXEC_FAILURE,6,46.0,2.8
2026-07-01 00:00:00,XYZ401,UE01680,beamforming,BEAM_HO_CORRELATED,FAIL,,-85,14,10,,,513,,,,,,,ho_status=PREP_FAILURE,1,74.0,1.6
2026-07-01 01:00:00,XYZ402,UE01681,beamforming,BEAM_FAILURE,FAIL,,-83,18,12,,,541,,,,,,,ho_status=SUCCESS,2,89.0,5.0
2026-07-01 02:00:00,XYZ403,UE01682,beamforming,BEAM_FAILURE,FAIL,,-91,15,10,,,379,,,,,,,ho_status=SUCCESS,3,76.0,6.8
2026-07-01 03:00:00,XYZ401,UE01683,beamforming,BEAM_FAILURE,FAIL,,-104,4,6,,,237,,,,,,,ho_status=SUCCESS,4,37.0,3.2
2026-07-01 04:00:00,XYZ402,UE01684,beamforming,BEAM_FAILURE,FAIL,,-112,-1,3,,,134,,,,,,,ho_status=SUCCESS,5,15.0,4.4
2026-07-01 05:00:00,XYZ403,UE01685,beamforming,BEAM_FAILURE,FAIL,,-104,3,5,,,251,,,,,,,ho_status=SUCCESS,6,32.0,3.0
2026-07-01 06:00:00,XYZ401,UE01686,beamforming,BEAM_HO_CORRELATED,FAIL,,-101,7,7,,,280,,,,,,,ho_status=EXEC_FAILURE,1,47.0,1.6
2026-07-01 07:00:00,XYZ402,UE01687,beamforming,BEAM_FAILURE,FAIL,,-108,-1,3,,,160,,,,,,,ho_status=SUCCESS,2,14.0,3.8
2026-07-01 08:00:00,XYZ403,UE01688,beamforming,BEAM_HO_CORRELATED,FAIL,,-93,4,6,,,248,,,,,,,ho_status=EXEC_FAILURE,3,37.0,4.2
2026-07-01 09:00:00,XYZ401,UE01689,beamforming,BEAM_HO_CORRELATED,FAIL,,-108,5,6,,,283,,,,,,,ho_status=PREP_FAILURE,4,38.0,0.2
2026-07-01 10:00:00,XYZ402,UE01690,beamforming,BEAM_FAILURE,FAIL,,-111,3,5,,,260,,,,,,,ho_status=SUCCESS,5,32.0,0.6
2026-07-01 11:00:00,XYZ403,UE01691,beamforming,BEAM_HO_CORRELATED,FAIL,,-111,7,7,,,322,,,,,,,ho_status=EXEC_FAILURE,6,47.0,0.2
2026-07-01 12:00:00,XYZ401,UE01692,beamforming,BEAM_FAILURE,FAIL,,-119,1,4,,,144,,,,,,,ho_status=SUCCESS,1,24.0,0.4
2026-07-01 13:00:00,XYZ402,UE01693,beamforming,BEAM_HO_CORRELATED,FAIL,,-97,11,9,,,425,,,,,,,ho_status=EXEC_FAILURE,2,64.0,4.6
2026-07-01 14:00:00,XYZ403,UE01694,beamforming,BEAM_HO_CORRELATED,FAIL,,-94,17,11,,,439,,,,,,,ho_status=PREP_FAILURE,3,84.0,3.6
2026-07-01 15:00:00,XYZ401,UE01695,beamforming,BEAM_FAILURE,FAIL,,-106,1,4,,,158,,,,,,,ho_status=SUCCESS,4,23.0,6.0
2026-07-01 16:00:00,XYZ402,UE01696,beamforming,BEAM_FAILURE,FAIL,,-117,2,5,,,222,,,,,,,ho_status=SUCCESS,5,29.0,2.8
2026-07-01 17:00:00,XYZ403,UE01697,beamforming,BEAM_FAILURE,FAIL,,-85,16,11,,,398,,,,,,,ho_status=SUCCESS,6,81.0,4.6
2026-07-01 18:00:00,XYZ401,UE01698,beamforming,BEAM_FAILURE,FAIL,,-95,8,7,,,360,,,,,,,ho_status=SUCCESS,1,50.0,2.0
2026-07-01 19:00:00,XYZ402,UE01699,beamforming,BEAM_HO_CORRELATED,FAIL,,-98,9,8,,,409,,,,,,,ho_status=EXEC_FAILURE,2,55.0,1.4
2026-07-01 20:00:00,XYZ403,UE01700,beamforming,BEAM_FAILURE,FAIL,,-94,3,5,,,261,,,,,,,ho_status=SUCCESS,3,31.0,4.2
2026-07-01 21:00:00,XYZ401,UE01701,beamforming,BEAM_FAILURE,FAIL,,-102,0,4,,,151,,,,,,,ho_status=SUCCESS,4,21.0,2.8
2026-07-01 22:00:00,XYZ402,UE01702,beamforming,BEAM_OK,SUCCESS,,-87,21,13,,,700,,,,,,,ho_status=SUCCESS,5,100.0,0.8
2026-07-01 23:00:00,XYZ403,UE01703,beamforming,BEAM_HO_CORRELATED,FAIL,,-114,-7,1,,,50,,,,,,,ho_status=PREP_FAILURE,6,5.0,1.2
2026-07-01 00:00:00,XYZ401,UE01704,beamforming,BEAM_FAILURE,FAIL,,-103,12,9,,,408,,,,,,,ho_status=SUCCESS,1,66.0,3.4
2026-07-01 01:00:00,XYZ402,UE01705,beamforming,BEAM_HO_CORRELATED,FAIL,,-116,2,5,,,228,,,,,,,ho_status=EXEC_FAILURE,2,28.0,4.2
2026-07-01 02:00:00,XYZ403,UE01706,beamforming,BEAM_HO_CORRELATED,FAIL,,-98,8,7,,,282,,,,,,,ho_status=PREP_FAILURE,3,50.0,5.4
2026-07-01 03:00:00,XYZ401,UE01707,beamforming,BEAM_FAILURE,FAIL,,-103,4,6,,,281,,,,,,,ho_status=SUCCESS,4,37.0,0.2
2026-07-01 04:00:00,XYZ402,UE01708,beamforming,BEAM_HO_CORRELATED,FAIL,,-87,9,8,,,395,,,,,,,ho_status=PREP_FAILURE,5,55.0,1.6
2026-07-01 05:00:00,XYZ403,UE01709,beamforming,BEAM_HO_CORRELATED,FAIL,,-108,8,7,,,279,,,,,,,ho_status=PREP_FAILURE,6,49.0,4.6
2026-07-01 06:00:00,XYZ401,UE01710,beamforming,BEAM_FAILURE,FAIL,,-106,2,5,,,246,,,,,,,ho_status=SUCCESS,1,29.0,0.4
2026-07-01 07:00:00,XYZ402,UE01711,beamforming,BEAM_FAILURE,FAIL,,-107,1,4,,,215,,,,,,,ho_status=SUCCESS,2,23.0,4.6
2026-07-01 08:00:00,XYZ403,UE01712,beamforming,BEAM_HO_CORRELATED,FAIL,,-108,4,6,,,301,,,,,,,ho_status=EXEC_FAILURE,3,36.0,0.6
2026-07-01 09:00:00,XYZ401,UE01713,beamforming,BEAM_FAILURE,FAIL,,-101,0,4,,,206,,,,,,,ho_status=SUCCESS,4,20.0,6.8
2026-07-01 10:00:00,XYZ402,UE01714,beamforming,BEAM_FAILURE,FAIL,,-125,1,4,,,176,,,,,,,ho_status=SUCCESS,5,24.0,3.4
2026-07-01 11:00:00,XYZ403,UE01715,beamforming,BEAM_FAILURE,FAIL,,-116,0,4,,,180,,,,,,,ho_status=SUCCESS,6,21.0,3.8
2026-07-01 12:00:00,XYZ401,UE01716,beamforming,BEAM_HO_CORRELATED,FAIL,,-109,8,7,,,365,,,,,,,ho_status=EXEC_FAILURE,1,50.0,4.8
2026-07-01 13:00:00,XYZ402,UE01717,beamforming,BEAM_HO_CORRELATED,FAIL,,-103,5,6,,,304,,,,,,,ho_status=PREP_FAILURE,2,40.0,5.6
2026-07-01 14:00:00,XYZ403,UE01718,beamforming,BEAM_FAILURE,FAIL,,-95,4,6,,,246,,,,,,,ho_status=SUCCESS,3,36.0,4.2
2026-07-01 15:00:00,XYZ401,UE01719,beamforming,BEAM_HO_CORRELATED,FAIL,,-104,0,4,,,208,,,,,,,ho_status=EXEC_FAILURE,4,21.0,3.4
2026-07-01 16:00:00,XYZ402,UE01720,beamforming,BEAM_FAILURE,FAIL,,-112,0,4,,,153,,,,,,,ho_status=SUCCESS,5,20.0,6.2
2026-07-01 17:00:00,XYZ403,UE01721,beamforming,BEAM_HO_CORRELATED,FAIL,,-109,-4,2,,,103,,,,,,,ho_status=PREP_FAILURE,6,5.0,3.8
2026-07-01 18:00:00,XYZ401,UE01722,beamforming,BEAM_HO_CORRELATED,FAIL,,-107,0,4,,,178,,,,,,,ho_status=EXEC_FAILURE,1,20.0,5.4
2026-07-01 19:00:00,XYZ402,UE01723,beamforming,BEAM_HO_CORRELATED,FAIL,,-104,9,8,,,426,,,,,,,ho_status=PREP_FAILURE,2,55.0,6.8
2026-07-01 20:00:00,XYZ403,UE01724,beamforming,BEAM_HO_CORRELATED,FAIL,,-113,-2,3,,,161,,,,,,,ho_status=EXEC_FAILURE,3,12.0,1.0
2026-07-01 21:00:00,XYZ401,UE01725,beamforming,BEAM_FAILURE,FAIL,,-101,6,6,,,229,,,,,,,ho_status=SUCCESS,4,41.0,4.6
2026-07-01 22:00:00,XYZ402,UE01726,beamforming,BEAM_FAILURE,FAIL,,-110,6,6,,,315,,,,,,,ho_status=SUCCESS,5,42.0,1.0
2026-07-01 23:00:00,XYZ403,UE01727,beamforming,BEAM_HO_CORRELATED,FAIL,,-117,-1,3,,,157,,,,,,,ho_status=PREP_FAILURE,6,15.0,5.8
2026-07-01 00:00:00,XYZ401,UE01728,beamforming,BEAM_FAILURE,FAIL,,-96,7,7,,,364,,,,,,,ho_status=SUCCESS,1,47.0,1.8
2026-07-01 01:00:00,XYZ402,UE01729,beamforming,BEAM_HO_CORRELATED,FAIL,,-96,7,7,,,351,,,,,,,ho_status=EXEC_FAILURE,2,46.0,3.8
2026-07-01 02:00:00,XYZ403,UE01730,beamforming,BEAM_HO_CORRELATED,FAIL,,-89,12,9,,,351,,,,,,,ho_status=PREP_FAILURE,3,65.0,2.2
2026-07-01 03:00:00,XYZ401,UE01731,beamforming,BEAM_OK,SUCCESS,,-86,14,10,,,396,,,,,,,ho_status=SUCCESS,4,74.0,2.6
2026-07-01 04:00:00,XYZ402,UE01732,beamforming,BEAM_HO_CORRELATED,FAIL,,-95,10,8,,,318,,,,,,,ho_status=EXEC_FAILURE,5,58.0,4.4
2026-07-01 05:00:00,XYZ403,UE01733,beamforming,BEAM_FAILURE,FAIL,,-104,7,7,,,286,,,,,,,ho_status=SUCCESS,6,47.0,2.4
2026-07-01 06:00:00,XYZ401,UE01734,beamforming,BEAM_HO_CORRELATED,FAIL,,-100,8,7,,,330,,,,,,,ho_status=EXEC_FAILURE,1,49.0,2.2
2026-07-01 07:00:00,XYZ402,UE01735,beamforming,BEAM_HO_CORRELATED,FAIL,,-102,12,9,,,324,,,,,,,ho_status=PREP_FAILURE,2,65.0,2.4
2026-07-01 08:00:00,XYZ403,UE01736,beamforming,BEAM_FAILURE,FAIL,,-115,-1,3,,,153,,,,,,,ho_status=SUCCESS,3,15.0,4.6
2026-07-01 09:00:00,XYZ401,UE01737,beamforming,BEAM_FAILURE,FAIL,,-119,-4,2,,,79,,,,,,,ho_status=SUCCESS,4,5.0,3.2
2026-07-01 10:00:00,XYZ402,UE01738,beamforming,BEAM_FAILURE,FAIL,,-116,0,4,,,181,,,,,,,ho_status=SUCCESS,5,20.0,0.8
2026-07-01 11:00:00,XYZ403,UE01739,beamforming,BEAM_HO_CORRELATED,FAIL,,-84,13,9,,,426,,,,,,,ho_status=EXEC_FAILURE,6,69.0,5.2
2026-07-01 12:00:00,XYZ401,UE01740,beamforming,BEAM_HO_CORRELATED,FAIL,,-89,18,12,,,476,,,,,,,ho_status=PREP_FAILURE,1,90.0,0.0
2026-07-01 13:00:00,XYZ402,UE01741,beamforming,BEAM_FAILURE,FAIL,,-106,4,6,,,284,,,,,,,ho_status=SUCCESS,2,37.0,3.2
2026-07-01 14:00:00,XYZ403,UE01742,beamforming,BEAM_HO_CORRELATED,FAIL,,-111,3,5,,,220,,,,,,,ho_status=PREP_FAILURE,3,31.0,5.4
2026-07-01 15:00:00,XYZ401,UE01743,beamforming,BEAM_HO_CORRELATED,FAIL,,-108,7,7,,,370,,,,,,,ho_status=PREP_FAILURE,4,48.0,4.6
2026-07-01 16:00:00,XYZ402,UE01744,beamforming,BEAM_HO_CORRELATED,FAIL,,-112,-9,1,,,51,,,,,,,ho_status=PREP_FAILURE,5,5.0,6.8
2026-07-01 17:00:00,XYZ403,UE01745,beamforming,BEAM_HO_CORRELATED,FAIL,,-102,10,8,,,304,,,,,,,ho_status=PREP_FAILURE,6,58.0,2.2
2026-07-01 18:00:00,XYZ401,UE01746,beamforming,BEAM_FAILURE,FAIL,,-100,5,6,,,302,,,,,,,ho_status=SUCCESS,1,40.0,1.6
2026-07-01 19:00:00,XYZ402,UE01747,beamforming,BEAM_FAILURE,FAIL,,-89,7,7,,,311,,,,,,,ho_status=SUCCESS,2,48.0,0.4
2026-07-01 20:00:00,XYZ403,UE01748,beamforming,BEAM_FAILURE,FAIL,,-105,1,4,,,180,,,,,,,ho_status=SUCCESS,3,22.0,4.6
2026-07-01 21:00:00,XYZ401,UE01749,beamforming,BEAM_HO_CORRELATED,FAIL,,-105,1,4,,,199,,,,,,,ho_status=EXEC_FAILURE,4,23.0,2.4
2026-07-01 22:00:00,XYZ402,UE01750,beamforming,BEAM_HO_CORRELATED,FAIL,,-115,10,8,,,314,,,,,,,ho_status=EXEC_FAILURE,5,57.0,3.0
2026-07-01 23:00:00,XYZ403,UE01751,beamforming,BEAM_HO_CORRELATED,FAIL,,-107,6,6,,,308,,,,,,,ho_status=EXEC_FAILURE,6,41.0,3.6
2026-07-01 00:00:00,XYZ401,UE01752,beamforming,BEAM_HO_CORRELATED,FAIL,,-118,0,4,,,187,,,,,,,ho_status=PREP_FAILURE,1,21.0,4.2
2026-07-01 01:00:00,XYZ402,UE01753,beamforming,BEAM_HO_CORRELATED,FAIL,,-123,-2,3,,,121,,,,,,,ho_status=PREP_FAILURE,2,13.0,3.8
2026-07-01 02:00:00,XYZ403,UE01754,beamforming,BEAM_FAILURE,FAIL,,-108,-3,3,,,123,,,,,,,ho_status=SUCCESS,3,9.0,6.2
2026-07-01 03:00:00,XYZ401,UE01755,beamforming,BEAM_FAILURE,FAIL,,-104,4,6,,,287,,,,,,,ho_status=SUCCESS,4,36.0,1.8
2026-07-01 04:00:00,XYZ402,UE01756,beamforming,BEAM_HO_CORRELATED,FAIL,,-116,0,4,,,160,,,,,,,ho_status=PREP_FAILURE,5,21.0,6.8
2026-07-01 05:00:00,XYZ403,UE01757,beamforming,BEAM_HO_CORRELATED,FAIL,,-118,-4,2,,,75,,,,,,,ho_status=EXEC_FAILURE,6,5.0,1.6
2026-07-01 06:00:00,XYZ401,UE01758,beamforming,BEAM_HO_CORRELATED,FAIL,,-82,20,12,,,441,,,,,,,ho_status=PREP_FAILURE,1,95.0,3.8
2026-07-01 07:00:00,XYZ402,UE01759,beamforming,BEAM_HO_CORRELATED,FAIL,,-114,6,6,,,219,,,,,,,ho_status=PREP_FAILURE,2,41.0,5.0
2026-07-01 08:00:00,XYZ403,UE01760,beamforming,BEAM_FAILURE,FAIL,,-108,-3,3,,,160,,,,,,,ho_status=SUCCESS,3,9.0,3.4
2026-07-01 09:00:00,XYZ401,UE01761,beamforming,BEAM_HO_CORRELATED,FAIL,,-120,-3,3,,,118,,,,,,,ho_status=EXEC_FAILURE,4,10.0,1.4
2026-07-01 10:00:00,XYZ402,UE01762,beamforming,BEAM_HO_CORRELATED,FAIL,,-114,-1,3,,,148,,,,,,,ho_status=PREP_FAILURE,5,15.0,4.2
2026-07-01 11:00:00,XYZ403,UE01763,beamforming,BEAM_HO_CORRELATED,FAIL,,-112,6,6,,,314,,,,,,,ho_status=EXEC_FAILURE,6,41.0,3.0
2026-07-01 12:00:00,XYZ401,UE01764,beamforming,BEAM_FAILURE,FAIL,,-110,-2,3,,,114,,,,,,,ho_status=SUCCESS,1,13.0,1.4
2026-07-01 13:00:00,XYZ402,UE01765,beamforming,BEAM_HO_CORRELATED,FAIL,,-104,3,5,,,181,,,,,,,ho_status=EXEC_FAILURE,2,31.0,4.0
2026-07-01 14:00:00,XYZ403,UE01766,beamforming,BEAM_FAILURE,FAIL,,-89,11,9,,,376,,,,,,,ho_status=SUCCESS,3,63.0,0.4
2026-07-01 15:00:00,XYZ401,UE01767,beamforming,BEAM_HO_CORRELATED,FAIL,,-82,16,11,,,477,,,,,,,ho_status=PREP_FAILURE,4,82.0,5.8
2026-07-01 16:00:00,XYZ402,UE01768,beamforming,BEAM_HO_CORRELATED,FAIL,,-91,14,10,,,534,,,,,,,ho_status=EXEC_FAILURE,5,74.0,1.4
2026-07-01 17:00:00,XYZ403,UE01769,beamforming,BEAM_HO_CORRELATED,FAIL,,-101,8,7,,,284,,,,,,,ho_status=EXEC_FAILURE,6,50.0,5.8
2026-07-01 18:00:00,XYZ401,UE01770,beamforming,BEAM_FAILURE,FAIL,,-120,1,4,,,211,,,,,,,ho_status=SUCCESS,1,23.0,3.0
2026-07-01 19:00:00,XYZ402,UE01771,beamforming,BEAM_HO_CORRELATED,FAIL,,-101,9,8,,,395,,,,,,,ho_status=EXEC_FAILURE,2,55.0,2.4
2026-07-01 20:00:00,XYZ403,UE01772,beamforming,BEAM_HO_CORRELATED,FAIL,,-99,16,11,,,489,,,,,,,ho_status=PREP_FAILURE,3,82.0,1.4
2026-07-01 21:00:00,XYZ401,UE01773,beamforming,BEAM_HO_CORRELATED,FAIL,,-99,7,7,,,345,,,,,,,ho_status=PREP_FAILURE,4,47.0,6.2
2026-07-01 22:00:00,XYZ402,UE01774,beamforming,BEAM_FAILURE,FAIL,,-109,2,5,,,184,,,,,,,ho_status=SUCCESS,5,29.0,3.6
2026-07-01 23:00:00,XYZ403,UE01775,beamforming,BEAM_HO_CORRELATED,FAIL,,-110,-1,3,,,118,,,,,,,ho_status=EXEC_FAILURE,6,15.0,2.4
2026-07-01 00:00:00,XYZ401,UE01776,beamforming,BEAM_HO_CORRELATED,FAIL,,-116,0,4,,,149,,,,,,,ho_status=EXEC_FAILURE,1,20.0,2.0
2026-07-01 01:00:00,XYZ402,UE01777,beamforming,BEAM_HO_CORRELATED,FAIL,,-105,4,6,,,313,,,,,,,ho_status=PREP_FAILURE,2,36.0,2.8
2026-07-01 02:00:00,XYZ403,UE01778,beamforming,BEAM_HO_CORRELATED,FAIL,,-97,13,9,,,438,,,,,,,ho_status=EXEC_FAILURE,3,68.0,6.6
2026-07-01 03:00:00,XYZ401,UE01779,beamforming,BEAM_FAILURE,FAIL,,-110,5,6,,,309,,,,,,,ho_status=SUCCESS,4,40.0,3.2
2026-07-01 04:00:00,XYZ402,UE01780,beamforming,BEAM_FAILURE,FAIL,,-84,12,9,,,478,,,,,,,ho_status=SUCCESS,5,66.0,4.4
2026-07-01 05:00:00,XYZ403,UE01781,beamforming,BEAM_HO_CORRELATED,FAIL,,-118,1,4,,,213,,,,,,,ho_status=PREP_FAILURE,6,23.0,2.6
2026-07-01 06:00:00,XYZ401,UE01782,beamforming,BEAM_HO_CORRELATED,FAIL,,-109,-2,3,,,125,,,,,,,ho_status=PREP_FAILURE,1,12.0,0.6
2026-07-01 07:00:00,XYZ402,UE01783,beamforming,BEAM_HO_CORRELATED,FAIL,,-109,-2,3,,,121,,,,,,,ho_status=EXEC_FAILURE,2,12.0,0.4
2026-07-01 08:00:00,XYZ403,UE01784,beamforming,BEAM_HO_CORRELATED,FAIL,,-112,3,5,,,264,,,,,,,ho_status=EXEC_FAILURE,3,31.0,0.4
2026-07-01 09:00:00,XYZ401,UE01785,beamforming,BEAM_HO_CORRELATED,FAIL,,-107,11,9,,,406,,,,,,,ho_status=EXEC_FAILURE,4,64.0,5.4
2026-07-01 10:00:00,XYZ402,UE01786,beamforming,BEAM_HO_CORRELATED,FAIL,,-89,13,9,,,443,,,,,,,ho_status=EXEC_FAILURE,5,69.0,2.8
2026-07-01 11:00:00,XYZ403,UE01787,beamforming,BEAM_FAILURE,FAIL,,-94,13,9,,,467,,,,,,,ho_status=SUCCESS,6,67.0,3.8
2026-07-01 12:00:00,XYZ401,UE01788,beamforming,BEAM_HO_CORRELATED,FAIL,,-115,-1,3,,,132,,,,,,,ho_status=EXEC_FAILURE,1,15.0,2.0
2026-07-01 13:00:00,XYZ402,UE01789,beamforming,BEAM_FAILURE,FAIL,,-109,0,4,,,192,,,,,,,ho_status=SUCCESS,2,20.0,6.6
2026-07-01 14:00:00,XYZ403,UE01790,beamforming,BEAM_FAILURE,FAIL,,-107,4,6,,,309,,,,,,,ho_status=SUCCESS,3,36.0,5.8
2026-07-01 15:00:00,XYZ401,UE01791,beamforming,BEAM_HO_CORRELATED,FAIL,,-95,16,11,,,522,,,,,,,ho_status=PREP_FAILURE,4,81.0,6.2
2026-07-01 16:00:00,XYZ402,UE01792,beamforming,BEAM_HO_CORRELATED,FAIL,,-88,11,9,,,469,,,,,,,ho_status=PREP_FAILURE,5,63.0,5.8
2026-07-01 17:00:00,XYZ403,UE01793,beamforming,BEAM_FAILURE,FAIL,,-119,-4,2,,,76,,,,,,,ho_status=SUCCESS,6,5.0,2.4
2026-07-01 18:00:00,XYZ401,UE01794,beamforming,BEAM_HO_CORRELATED,FAIL,,-108,5,6,,,275,,,,,,,ho_status=EXEC_FAILURE,1,39.0,4.0
2026-07-01 19:00:00,XYZ402,UE01795,beamforming,BEAM_HO_CORRELATED,FAIL,,-120,-2,3,,,124,,,,,,,ho_status=PREP_FAILURE,2,12.0,6.6
2026-07-01 20:00:00,XYZ403,UE01796,beamforming,BEAM_HO_CORRELATED,FAIL,,-102,8,7,,,283,,,,,,,ho_status=PREP_FAILURE,3,49.0,4.8
2026-07-01 21:00:00,XYZ401,UE01797,beamforming,BEAM_HO_CORRELATED,FAIL,,-115,-4,2,,,102,,,,,,,ho_status=PREP_FAILURE,4,5.0,1.0
2026-07-01 22:00:00,XYZ402,UE01798,beamforming,BEAM_FAILURE,FAIL,,-115,-3,3,,,111,,,,,,,ho_status=SUCCESS,5,9.0,1.8
2026-07-01 23:00:00,XYZ403,UE01799,beamforming,BEAM_HO_CORRELATED,FAIL,,-83,19,12,,,618,,,,,,,ho_status=PREP_FAILURE,6,91.0,6.2
2026-07-01 00:00:00,XYZ401,UE01800,beamforming,BEAM_HO_CORRELATED,FAIL,,-104,6,6,,,301,,,,,,,ho_status=EXEC_FAILURE,1,42.0,0.2
2026-07-01 01:00:00,XYZ402,UE01801,beamforming,BEAM_HO_CORRELATED,FAIL,,-94,9,8,,,390,,,,,,,ho_status=EXEC_FAILURE,2,54.0,0.6
2026-07-01 02:00:00,XYZ403,UE01802,beamforming,BEAM_HO_CORRELATED,FAIL,,-100,8,7,,,263,,,,,,,ho_status=PREP_FAILURE,3,49.0,4.0
2026-07-01 03:00:00,XYZ401,UE01803,beamforming,BEAM_HO_CORRELATED,FAIL,,-102,4,6,,,242,,,,,,,ho_status=EXEC_FAILURE,4,36.0,2.8
2026-07-01 04:00:00,XYZ402,UE01804,beamforming,BEAM_HO_CORRELATED,FAIL,,-85,13,9,,,426,,,,,,,ho_status=EXEC_FAILURE,5,68.0,2.8
2026-07-01 05:00:00,XYZ403,UE01805,beamforming,BEAM_FAILURE,FAIL,,-112,0,4,,,210,,,,,,,ho_status=SUCCESS,6,20.0,3.2
2026-07-01 06:00:00,XYZ401,UE01806,beamforming,BEAM_HO_CORRELATED,FAIL,,-96,5,6,,,216,,,,,,,ho_status=EXEC_FAILURE,1,38.0,3.0
2026-07-01 07:00:00,XYZ402,UE01807,beamforming,BEAM_FAILURE,FAIL,,-111,2,5,,,258,,,,,,,ho_status=SUCCESS,2,28.0,6.8
2026-07-01 08:00:00,XYZ403,UE01808,beamforming,BEAM_FAILURE,FAIL,,-113,0,4,,,205,,,,,,,ho_status=SUCCESS,3,20.0,4.6
2026-07-01 09:00:00,XYZ401,UE01809,beamforming,BEAM_HO_CORRELATED,FAIL,,-104,6,6,,,283,,,,,,,ho_status=EXEC_FAILURE,4,42.0,2.2
2026-07-01 10:00:00,XYZ402,UE01810,beamforming,BEAM_FAILURE,FAIL,,-109,6,6,,,244,,,,,,,ho_status=SUCCESS,5,41.0,3.8
2026-07-01 11:00:00,XYZ403,UE01811,beamforming,BEAM_HO_CORRELATED,FAIL,,-93,7,7,,,292,,,,,,,ho_status=PREP_FAILURE,6,47.0,5.2
2026-07-01 12:00:00,XYZ401,UE01812,beamforming,BEAM_FAILURE,FAIL,,-87,9,8,,,424,,,,,,,ho_status=SUCCESS,1,56.0,2.8
2026-07-01 13:00:00,XYZ402,UE01813,beamforming,BEAM_FAILURE,FAIL,,-97,8,7,,,341,,,,,,,ho_status=SUCCESS,2,50.0,2.2
2026-07-01 14:00:00,XYZ403,UE01814,beamforming,BEAM_HO_CORRELATED,FAIL,,-107,10,8,,,337,,,,,,,ho_status=PREP_FAILURE,3,58.0,1.4
2026-07-01 15:00:00,XYZ401,UE01815,beamforming,BEAM_HO_CORRELATED,FAIL,,-111,-1,3,,,158,,,,,,,ho_status=PREP_FAILURE,4,15.0,4.8
2026-07-01 16:00:00,XYZ402,UE01816,beamforming,BEAM_HO_CORRELATED,FAIL,,-90,13,9,,,364,,,,,,,ho_status=PREP_FAILURE,5,69.0,3.2
2026-07-01 17:00:00,XYZ403,UE01817,beamforming,BEAM_FAILURE,FAIL,,-97,11,9,,,395,,,,,,,ho_status=SUCCESS,6,62.0,6.4
2026-07-01 18:00:00,XYZ401,UE01818,beamforming,BEAM_FAILURE,FAIL,,-104,0,4,,,175,,,,,,,ho_status=SUCCESS,1,20.0,2.2
2026-07-01 19:00:00,XYZ402,UE01819,beamforming,BEAM_HO_CORRELATED,FAIL,,-99,3,5,,,206,,,,,,,ho_status=PREP_FAILURE,2,31.0,5.6
2026-07-01 20:00:00,XYZ403,UE01820,beamforming,BEAM_FAILURE,FAIL,,-89,11,9,,,362,,,,,,,ho_status=SUCCESS,3,64.0,2.6
2026-07-01 21:00:00,XYZ401,UE01821,beamforming,BEAM_HO_CORRELATED,FAIL,,-86,19,12,,,485,,,,,,,ho_status=PREP_FAILURE,4,92.0,3.0
2026-07-01 22:00:00,XYZ402,UE01822,beamforming,BEAM_HO_CORRELATED,FAIL,,-118,0,4,,,204,,,,,,,ho_status=PREP_FAILURE,5,20.0,2.8
2026-07-01 23:00:00,XYZ403,UE01823,beamforming,BEAM_HO_CORRELATED,FAIL,,-98,9,8,,,430,,,,,,,ho_status=PREP_FAILURE,6,55.0,0.4
2026-07-01 00:00:00,XYZ401,UE01824,beamforming,BEAM_HO_CORRELATED,FAIL,,-111,-2,3,,,108,,,,,,,ho_status=EXEC_FAILURE,1,13.0,4.0
2026-07-01 01:00:00,XYZ402,UE01825,beamforming,BEAM_HO_CORRELATED,FAIL,,-92,14,10,,,507,,,,,,,ho_status=EXEC_FAILURE,2,74.0,5.0
2026-07-01 02:00:00,XYZ403,UE01826,beamforming,BEAM_HO_CORRELATED,FAIL,,-115,-3,3,,,125,,,,,,,ho_status=EXEC_FAILURE,3,11.0,1.0
2026-07-01 03:00:00,XYZ401,UE01827,beamforming,BEAM_HO_CORRELATED,FAIL,,-85,22,13,,,472,,,,,,,ho_status=EXEC_FAILURE,4,100.0,1.0
2026-07-01 04:00:00,XYZ402,UE01828,beamforming,BEAM_FAILURE,FAIL,,-101,2,5,,,238,,,,,,,ho_status=SUCCESS,5,29.0,3.8
2026-07-01 05:00:00,XYZ403,UE01829,beamforming,BEAM_HO_CORRELATED,FAIL,,-108,7,7,,,357,,,,,,,ho_status=PREP_FAILURE,6,47.0,5.8
2026-07-01 06:00:00,XYZ401,UE01830,beamforming,BEAM_HO_CORRELATED,FAIL,,-113,4,6,,,302,,,,,,,ho_status=EXEC_FAILURE,1,36.0,0.8
2026-07-01 07:00:00,XYZ402,UE01831,beamforming,BEAM_FAILURE,FAIL,,-94,6,6,,,265,,,,,,,ho_status=SUCCESS,2,42.0,0.4
2026-07-01 08:00:00,XYZ403,UE01832,beamforming,BEAM_HO_CORRELATED,FAIL,,-106,2,5,,,192,,,,,,,ho_status=EXEC_FAILURE,3,28.0,3.0
2026-07-01 09:00:00,XYZ401,UE01833,beamforming,BEAM_HO_CORRELATED,FAIL,,-88,17,11,,,447,,,,,,,ho_status=PREP_FAILURE,4,85.0,3.6
2026-07-01 10:00:00,XYZ402,UE01834,beamforming,BEAM_HO_CORRELATED,FAIL,,-108,-1,3,,,121,,,,,,,ho_status=EXEC_FAILURE,5,14.0,2.2
2026-07-01 11:00:00,XYZ403,UE01835,beamforming,BEAM_FAILURE,FAIL,,-108,6,6,,,264,,,,,,,ho_status=SUCCESS,6,42.0,3.2
2026-07-01 12:00:00,XYZ401,UE01836,beamforming,BEAM_HO_CORRELATED,FAIL,,-95,16,11,,,519,,,,,,,ho_status=EXEC_FAILURE,1,82.0,2.4
2026-07-01 13:00:00,XYZ402,UE01837,beamforming,BEAM_HO_CORRELATED,FAIL,,-104,5,6,,,303,,,,,,,ho_status=PREP_FAILURE,2,39.0,3.0
2026-07-01 14:00:00,XYZ403,UE01838,beamforming,BEAM_HO_CORRELATED,FAIL,,-115,0,4,,,167,,,,,,,ho_status=EXEC_FAILURE,3,21.0,3.2
2026-07-01 15:00:00,XYZ401,UE01839,beamforming,BEAM_HO_CORRELATED,FAIL,,-105,4,6,,,247,,,,,,,ho_status=PREP_FAILURE,4,36.0,3.8
2026-07-01 16:00:00,XYZ402,UE01840,beamforming,BEAM_HO_CORRELATED,FAIL,,-113,-1,3,,,131,,,,,,,ho_status=PREP_FAILURE,5,14.0,6.6
2026-07-01 17:00:00,XYZ403,UE01841,beamforming,BEAM_FAILURE,FAIL,,-93,18,12,,,519,,,,,,,ho_status=SUCCESS,6,90.0,6.0
2026-07-01 18:00:00,XYZ401,UE01842,beamforming,BEAM_FAILURE,FAIL,,-101,8,7,,,334,,,,,,,ho_status=SUCCESS,1,50.0,6.6
2026-07-01 19:00:00,XYZ402,UE01843,beamforming,BEAM_HO_CORRELATED,FAIL,,-121,-4,2,,,94,,,,,,,ho_status=PREP_FAILURE,2,5.0,5.6
2026-07-01 20:00:00,XYZ403,UE01844,beamforming,BEAM_HO_CORRELATED,FAIL,,-88,15,10,,,457,,,,,,,ho_status=EXEC_FAILURE,3,76.0,5.8
2026-07-01 21:00:00,XYZ401,UE01845,beamforming,BEAM_FAILURE,FAIL,,-111,2,5,,,236,,,,,,,ho_status=SUCCESS,4,28.0,4.4
2026-07-01 22:00:00,XYZ402,UE01846,beamforming,BEAM_FAILURE,FAIL,,-103,7,7,,,261,,,,,,,ho_status=SUCCESS,5,47.0,5.2
2026-07-01 23:00:00,XYZ403,UE01847,beamforming,BEAM_FAILURE,FAIL,,-91,12,9,,,482,,,,,,,ho_status=SUCCESS,6,66.0,2.0
2026-07-01 00:00:00,XYZ401,UE01848,beamforming,BEAM_OK,SUCCESS,,-85,19,12,,,493,,,,,,,ho_status=SUCCESS,1,92.0,1.4
2026-07-01 01:00:00,XYZ402,UE01849,beamforming,BEAM_HO_CORRELATED,FAIL,,-116,0,4,,,175,,,,,,,ho_status=EXEC_FAILURE,2,20.0,5.8
2026-07-01 02:00:00,XYZ403,UE01850,beamforming,BEAM_FAILURE,FAIL,,-101,11,9,,,442,,,,,,,ho_status=SUCCESS,3,63.0,0.6
2026-07-01 03:00:00,XYZ401,UE01851,beamforming,BEAM_HO_CORRELATED,FAIL,,-103,7,7,,,298,,,,,,,ho_status=PREP_FAILURE,4,47.0,0.8
2026-07-01 04:00:00,XYZ402,UE01852,beamforming,BEAM_FAILURE,FAIL,,-117,0,4,,,164,,,,,,,ho_status=SUCCESS,5,20.0,0.4
2026-07-01 05:00:00,XYZ403,UE01853,beamforming,BEAM_FAILURE,FAIL,,-108,6,6,,,226,,,,,,,ho_status=SUCCESS,6,42.0,4.0
2026-07-01 06:00:00,XYZ401,UE01854,beamforming,BEAM_FAILURE,FAIL,,-103,9,8,,,400,,,,,,,ho_status=SUCCESS,1,55.0,0.4
2026-07-01 07:00:00,XYZ402,UE01855,beamforming,BEAM_HO_CORRELATED,FAIL,,-102,0,4,,,170,,,,,,,ho_status=EXEC_FAILURE,2,20.0,0.8
2026-07-01 08:00:00,XYZ403,UE01856,beamforming,BEAM_HO_CORRELATED,FAIL,,-111,6,6,,,267,,,,,,,ho_status=PREP_FAILURE,3,41.0,2.2
2026-07-01 09:00:00,XYZ401,UE01857,beamforming,BEAM_FAILURE,FAIL,,-98,12,9,,,379,,,,,,,ho_status=SUCCESS,4,65.0,2.6
2026-07-01 10:00:00,XYZ402,UE01858,beamforming,BEAM_HO_CORRELATED,FAIL,,-101,4,6,,,275,,,,,,,ho_status=EXEC_FAILURE,5,37.0,0.2
2026-07-01 11:00:00,XYZ403,UE01859,beamforming,BEAM_FAILURE,FAIL,,-118,0,4,,,158,,,,,,,ho_status=SUCCESS,6,21.0,5.6
2026-07-01 12:00:00,XYZ401,UE01860,beamforming,BEAM_HO_CORRELATED,FAIL,,-93,15,10,,,386,,,,,,,ho_status=EXEC_FAILURE,1,75.0,2.6
2026-07-01 13:00:00,XYZ402,UE01861,beamforming,BEAM_FAILURE,FAIL,,-100,8,7,,,353,,,,,,,ho_status=SUCCESS,2,49.0,4.0
2026-07-01 14:00:00,XYZ403,UE01862,beamforming,BEAM_HO_CORRELATED,FAIL,,-112,3,5,,,213,,,,,,,ho_status=PREP_FAILURE,3,31.0,5.0
2026-07-01 15:00:00,XYZ401,UE01863,beamforming,BEAM_HO_CORRELATED,FAIL,,-102,13,9,,,438,,,,,,,ho_status=EXEC_FAILURE,4,68.0,0.4
2026-07-01 16:00:00,XYZ402,UE01864,beamforming,BEAM_HO_CORRELATED,FAIL,,-102,13,9,,,388,,,,,,,ho_status=PREP_FAILURE,5,69.0,3.4
2026-07-01 17:00:00,XYZ403,UE01865,beamforming,BEAM_HO_CORRELATED,FAIL,,-93,14,10,,,502,,,,,,,ho_status=EXEC_FAILURE,6,74.0,0.0
2026-07-01 18:00:00,XYZ401,UE01866,beamforming,BEAM_FAILURE,FAIL,,-112,7,7,,,338,,,,,,,ho_status=SUCCESS,1,47.0,2.4
2026-07-01 19:00:00,XYZ402,UE01867,beamforming,BEAM_HO_CORRELATED,FAIL,,-108,11,9,,,393,,,,,,,ho_status=PREP_FAILURE,2,62.0,0.2
2026-07-01 20:00:00,XYZ403,UE01868,beamforming,BEAM_HO_CORRELATED,FAIL,,-122,-2,3,,,160,,,,,,,ho_status=EXEC_FAILURE,3,13.0,5.8
2026-07-01 21:00:00,XYZ401,UE01869,beamforming,BEAM_FAILURE,FAIL,,-96,10,8,,,335,,,,,,,ho_status=SUCCESS,4,58.0,4.2
2026-07-01 22:00:00,XYZ402,UE01870,beamforming,BEAM_HO_CORRELATED,FAIL,,-100,7,7,,,281,,,,,,,ho_status=PREP_FAILURE,5,46.0,4.0
2026-07-01 23:00:00,XYZ403,UE01871,beamforming,BEAM_HO_CORRELATED,FAIL,,-114,-2,3,,,123,,,,,,,ho_status=PREP_FAILURE,6,13.0,6.2
2026-07-01 00:00:00,XYZ401,UE01872,beamforming,BEAM_HO_CORRELATED,FAIL,,-89,16,11,,,480,,,,,,,ho_status=EXEC_FAILURE,1,82.0,4.2
2026-07-01 01:00:00,XYZ402,UE01873,beamforming,BEAM_HO_CORRELATED,FAIL,,-121,0,4,,,181,,,,,,,ho_status=PREP_FAILURE,2,20.0,1.8
2026-07-01 02:00:00,XYZ403,UE01874,beamforming,BEAM_FAILURE,FAIL,,-112,-5,2,,,78,,,,,,,ho_status=SUCCESS,3,5.0,0.0
2026-07-01 03:00:00,XYZ401,UE01875,beamforming,BEAM_HO_CORRELATED,FAIL,,-112,1,4,,,152,,,,,,,ho_status=PREP_FAILURE,4,22.0,1.8
2026-07-01 04:00:00,XYZ402,UE01876,beamforming,BEAM_HO_CORRELATED,FAIL,,-94,5,6,,,300,,,,,,,ho_status=PREP_FAILURE,5,39.0,6.2
2026-07-01 05:00:00,XYZ403,UE01877,beamforming,BEAM_FAILURE,FAIL,,-91,10,8,,,391,,,,,,,ho_status=SUCCESS,6,58.0,5.4
2026-07-01 06:00:00,XYZ401,UE01878,beamforming,BEAM_HO_CORRELATED,FAIL,,-95,11,9,,,438,,,,,,,ho_status=PREP_FAILURE,1,62.0,5.0
2026-07-01 07:00:00,XYZ402,UE01879,beamforming,BEAM_OK,SUCCESS,,-90,18,12,,,608,,,,,,,ho_status=SUCCESS,2,89.0,3.8
2026-07-01 08:00:00,XYZ403,UE01880,beamforming,BEAM_FAILURE,FAIL,,-107,3,5,,,245,,,,,,,ho_status=SUCCESS,3,31.0,1.8
2026-07-01 09:00:00,XYZ401,UE01881,beamforming,BEAM_HO_CORRELATED,FAIL,,-109,4,6,,,313,,,,,,,ho_status=EXEC_FAILURE,4,36.0,2.2
2026-07-01 10:00:00,XYZ402,UE01882,beamforming,BEAM_FAILURE,FAIL,,-124,-5,2,,,72,,,,,,,ho_status=SUCCESS,5,5.0,3.0
2026-07-01 11:00:00,XYZ403,UE01883,beamforming,BEAM_HO_CORRELATED,FAIL,,-108,4,6,,,253,,,,,,,ho_status=PREP_FAILURE,6,36.0,5.2
2026-07-01 12:00:00,XYZ401,UE01884,beamforming,BEAM_HO_CORRELATED,FAIL,,-82,23,14,,,747,,,,,,,ho_status=EXEC_FAILURE,1,100.0,1.6
2026-07-01 13:00:00,XYZ402,UE01885,beamforming,BEAM_HO_CORRELATED,FAIL,,-94,15,10,,,408,,,,,,,ho_status=PREP_FAILURE,2,76.0,3.4
2026-07-01 14:00:00,XYZ403,UE01886,beamforming,BEAM_HO_CORRELATED,FAIL,,-100,8,7,,,369,,,,,,,ho_status=EXEC_FAILURE,3,50.0,6.6
2026-07-01 15:00:00,XYZ401,UE01887,beamforming,BEAM_FAILURE,FAIL,,-117,2,5,,,233,,,,,,,ho_status=SUCCESS,4,29.0,3.2
2026-07-01 16:00:00,XYZ402,UE01888,beamforming,BEAM_FAILURE,FAIL,,-106,2,5,,,183,,,,,,,ho_status=SUCCESS,5,28.0,0.0
2026-07-01 17:00:00,XYZ403,UE01889,beamforming,BEAM_HO_CORRELATED,FAIL,,-107,3,5,,,216,,,,,,,ho_status=EXEC_FAILURE,6,32.0,0.4
2026-07-01 18:00:00,XYZ401,UE01890,beamforming,BEAM_HO_CORRELATED,FAIL,,-110,-3,3,,,127,,,,,,,ho_status=EXEC_FAILURE,1,9.0,0.2
2026-07-01 19:00:00,XYZ402,UE01891,beamforming,BEAM_HO_CORRELATED,FAIL,,-94,17,11,,,417,,,,,,,ho_status=EXEC_FAILURE,2,84.0,3.0
2026-07-01 20:00:00,XYZ403,UE01892,beamforming,BEAM_HO_CORRELATED,FAIL,,-95,12,9,,,403,,,,,,,ho_status=EXEC_FAILURE,3,65.0,1.0
2026-07-01 21:00:00,XYZ401,UE01893,beamforming,BEAM_FAILURE,FAIL,,-97,9,8,,,426,,,,,,,ho_status=SUCCESS,4,55.0,2.2
2026-07-01 22:00:00,XYZ402,UE01894,beamforming,BEAM_HO_CORRELATED,FAIL,,-104,7,7,,,295,,,,,,,ho_status=EXEC_FAILURE,5,47.0,6.0
2026-07-01 23:00:00,XYZ403,UE01895,beamforming,BEAM_FAILURE,FAIL,,-117,3,5,,,234,,,,,,,ho_status=SUCCESS,6,31.0,0.2
2026-07-01 00:00:00,XYZ401,UE01896,beamforming,BEAM_FAILURE,FAIL,,-116,0,4,,,197,,,,,,,ho_status=SUCCESS,1,21.0,3.2
2026-07-01 01:00:00,XYZ402,UE01897,beamforming,BEAM_FAILURE,FAIL,,-115,-2,3,,,138,,,,,,,ho_status=SUCCESS,2,13.0,2.6
2026-07-01 02:00:00,XYZ403,UE01898,beamforming,BEAM_FAILURE,FAIL,,-103,5,6,,,283,,,,,,,ho_status=SUCCESS,3,38.0,6.2
2026-07-01 03:00:00,XYZ401,UE01899,beamforming,BEAM_FAILURE,FAIL,,-113,6,6,,,247,,,,,,,ho_status=SUCCESS,4,42.0,5.4
2026-07-01 04:00:00,XYZ402,UE01900,beamforming,BEAM_FAILURE,FAIL,,-108,0,4,,,208,,,,,,,ho_status=SUCCESS,5,20.0,3.0
2026-07-01 05:00:00,XYZ403,UE01901,beamforming,BEAM_HO_CORRELATED,FAIL,,-106,3,5,,,220,,,,,,,ho_status=PREP_FAILURE,6,32.0,4.0
2026-07-01 06:00:00,XYZ401,UE01902,beamforming,BEAM_HO_CORRELATED,FAIL,,-113,0,4,,,171,,,,,,,ho_status=EXEC_FAILURE,1,20.0,0.6
2026-07-01 07:00:00,XYZ402,UE01903,beamforming,BEAM_HO_CORRELATED,FAIL,,-115,-7,1,,,51,,,,,,,ho_status=PREP_FAILURE,2,5.0,5.2
2026-07-01 08:00:00,XYZ403,UE01904,beamforming,BEAM_HO_CORRELATED,FAIL,,-105,10,8,,,330,,,,,,,ho_status=EXEC_FAILURE,3,57.0,1.6
2026-07-01 09:00:00,XYZ401,UE01905,beamforming,BEAM_HO_CORRELATED,FAIL,,-91,18,12,,,437,,,,,,,ho_status=EXEC_FAILURE,4,90.0,3.4
2026-07-01 10:00:00,XYZ402,UE01906,beamforming,BEAM_HO_CORRELATED,FAIL,,-112,0,4,,,153,,,,,,,ho_status=EXEC_FAILURE,5,21.0,4.4
2026-07-01 11:00:00,XYZ403,UE01907,beamforming,BEAM_FAILURE,FAIL,,-96,8,7,,,353,,,,,,,ho_status=SUCCESS,6,50.0,6.4
2026-07-01 12:00:00,XYZ401,UE01908,beamforming,BEAM_HO_CORRELATED,FAIL,,-110,0,4,,,169,,,,,,,ho_status=EXEC_FAILURE,1,20.0,5.8
2026-07-01 13:00:00,XYZ402,UE01909,beamforming,BEAM_FAILURE,FAIL,,-111,6,6,,,266,,,,,,,ho_status=SUCCESS,2,42.0,6.4
2026-07-01 14:00:00,XYZ403,UE01910,beamforming,BEAM_HO_CORRELATED,FAIL,,-87,17,11,,,485,,,,,,,ho_status=EXEC_FAILURE,3,85.0,1.6
2026-07-01 15:00:00,XYZ401,UE01911,beamforming,BEAM_OK,SUCCESS,,-78,23,14,,,637,,,,,,,ho_status=SUCCESS,4,100.0,1.0
2026-07-01 16:00:00,XYZ402,UE01912,beamforming,BEAM_HO_CORRELATED,FAIL,,-103,7,7,,,307,,,,,,,ho_status=EXEC_FAILURE,5,46.0,4.0
2026-07-01 17:00:00,XYZ403,UE01913,beamforming,BEAM_FAILURE,FAIL,,-103,8,7,,,327,,,,,,,ho_status=SUCCESS,6,49.0,4.6
2026-07-01 18:00:00,XYZ401,UE01914,beamforming,BEAM_HO_CORRELATED,FAIL,,-106,10,8,,,387,,,,,,,ho_status=EXEC_FAILURE,1,58.0,5.0
2026-07-01 19:00:00,XYZ402,UE01915,beamforming,BEAM_HO_CORRELATED,FAIL,,-123,0,4,,,163,,,,,,,ho_status=EXEC_FAILURE,2,20.0,1.4
2026-07-01 20:00:00,XYZ403,UE01916,beamforming,BEAM_HO_CORRELATED,FAIL,,-103,10,8,,,411,,,,,,,ho_status=EXEC_FAILURE,3,57.0,5.0
2026-07-01 21:00:00,XYZ401,UE01917,beamforming,BEAM_FAILURE,FAIL,,-108,0,4,,,188,,,,,,,ho_status=SUCCESS,4,20.0,6.4
2026-07-01 22:00:00,XYZ402,UE01918,beamforming,BEAM_HO_CORRELATED,FAIL,,-109,0,4,,,156,,,,,,,ho_status=EXEC_FAILURE,5,21.0,1.0
2026-07-01 23:00:00,XYZ403,UE01919,beamforming,BEAM_HO_CORRELATED,FAIL,,-123,-7,1,,,37,,,,,,,ho_status=EXEC_FAILURE,6,5.0,5.0
2026-07-01 00:00:00,XYZ401,UE01920,beamforming,BEAM_HO_CORRELATED,FAIL,,-107,2,5,,,185,,,,,,,ho_status=PREP_FAILURE,1,29.0,3.6
2026-07-01 01:00:00,XYZ402,UE01921,beamforming,BEAM_HO_CORRELATED,FAIL,,-111,4,6,,,270,,,,,,,ho_status=PREP_FAILURE,2,36.0,3.0
2026-07-01 02:00:00,XYZ403,UE01922,beamforming,BEAM_HO_CORRELATED,FAIL,,-86,14,10,,,412,,,,,,,ho_status=PREP_FAILURE,3,74.0,1.6
2026-07-01 03:00:00,XYZ401,UE01923,beamforming,BEAM_HO_CORRELATED,FAIL,,-106,8,7,,,271,,,,,,,ho_status=EXEC_FAILURE,4,49.0,6.8
2026-07-01 04:00:00,XYZ402,UE01924,beamforming,BEAM_FAILURE,FAIL,,-102,7,7,,,325,,,,,,,ho_status=SUCCESS,5,48.0,3.2
2026-07-01 05:00:00,XYZ403,UE01925,beamforming,BEAM_FAILURE,FAIL,,-115,1,4,,,156,,,,,,,ho_status=SUCCESS,6,23.0,5.6
2026-07-01 06:00:00,XYZ401,UE01926,beamforming,BEAM_HO_CORRELATED,FAIL,,-89,14,10,,,530,,,,,,,ho_status=PREP_FAILURE,1,73.0,2.4
2026-07-01 07:00:00,XYZ402,UE01927,beamforming,BEAM_HO_CORRELATED,FAIL,,-92,16,11,,,530,,,,,,,ho_status=EXEC_FAILURE,2,81.0,6.0
2026-07-01 08:00:00,XYZ403,UE01928,beamforming,BEAM_HO_CORRELATED,FAIL,,-103,10,8,,,375,,,,,,,ho_status=EXEC_FAILURE,3,57.0,0.0
2026-07-01 09:00:00,XYZ401,UE01929,beamforming,BEAM_HO_CORRELATED,FAIL,,-88,14,10,,,501,,,,,,,ho_status=EXEC_FAILURE,4,74.0,4.2
2026-07-01 10:00:00,XYZ402,UE01930,beamforming,BEAM_HO_CORRELATED,FAIL,,-111,6,6,,,217,,,,,,,ho_status=EXEC_FAILURE,5,42.0,0.0
2026-07-01 11:00:00,XYZ403,UE01931,beamforming,BEAM_HO_CORRELATED,FAIL,,-88,16,11,,,497,,,,,,,ho_status=PREP_FAILURE,6,82.0,2.8
2026-07-01 12:00:00,XYZ401,UE01932,beamforming,BEAM_HO_CORRELATED,FAIL,,-102,4,6,,,286,,,,,,,ho_status=PREP_FAILURE,1,36.0,1.8
2026-07-01 13:00:00,XYZ402,UE01933,beamforming,BEAM_FAILURE,FAIL,,-84,17,11,,,456,,,,,,,ho_status=SUCCESS,2,84.0,6.6
2026-07-01 14:00:00,XYZ403,UE01934,beamforming,BEAM_FAILURE,FAIL,,-98,8,7,,,330,,,,,,,ho_status=SUCCESS,3,49.0,2.0
2026-07-01 15:00:00,XYZ401,UE01935,beamforming,BEAM_HO_CORRELATED,FAIL,,-117,0,4,,,192,,,,,,,ho_status=PREP_FAILURE,4,20.0,4.6
2026-07-01 16:00:00,XYZ402,UE01936,beamforming,BEAM_FAILURE,FAIL,,-104,1,4,,,160,,,,,,,ho_status=SUCCESS,5,23.0,4.0
2026-07-01 17:00:00,XYZ403,UE01937,beamforming,BEAM_HO_CORRELATED,FAIL,,-112,0,4,,,211,,,,,,,ho_status=EXEC_FAILURE,6,20.0,2.6
2026-07-01 18:00:00,XYZ401,UE01938,beamforming,BEAM_HO_CORRELATED,FAIL,,-101,5,6,,,266,,,,,,,ho_status=EXEC_FAILURE,1,39.0,5.2
2026-07-01 19:00:00,XYZ402,UE01939,beamforming,BEAM_HO_CORRELATED,FAIL,,-109,8,7,,,292,,,,,,,ho_status=EXEC_FAILURE,2,49.0,1.4
2026-07-01 20:00:00,XYZ403,UE01940,beamforming,BEAM_FAILURE,FAIL,,-103,8,7,,,285,,,,,,,ho_status=SUCCESS,3,50.0,1.8
2026-07-01 21:00:00,XYZ401,UE01941,beamforming,BEAM_OK,SUCCESS,,-75,23,14,,,565,,,,,,,ho_status=SUCCESS,4,100.0,2.8
2026-07-01 22:00:00,XYZ402,UE01942,beamforming,BEAM_FAILURE,FAIL,,-110,6,6,,,277,,,,,,,ho_status=SUCCESS,5,42.0,4.2
2026-07-01 23:00:00,XYZ403,UE01943,beamforming,BEAM_HO_CORRELATED,FAIL,,-88,16,11,,,435,,,,,,,ho_status=EXEC_FAILURE,6,81.0,5.4
2026-07-01 00:00:00,XYZ401,UE01944,beamforming,BEAM_HO_CORRELATED,FAIL,,-98,10,8,,,348,,,,,,,ho_status=PREP_FAILURE,1,58.0,1.4
2026-07-01 01:00:00,XYZ402,UE01945,beamforming,BEAM_HO_CORRELATED,FAIL,,-92,8,7,,,330,,,,,,,ho_status=EXEC_FAILURE,2,50.0,6.4
2026-07-01 02:00:00,XYZ403,UE01946,beamforming,BEAM_HO_CORRELATED,FAIL,,-117,1,4,,,165,,,,,,,ho_status=EXEC_FAILURE,3,24.0,5.0
2026-07-01 03:00:00,XYZ401,UE01947,beamforming,BEAM_HO_CORRELATED,FAIL,,-101,4,6,,,257,,,,,,,ho_status=PREP_FAILURE,4,37.0,2.6
2026-07-01 04:00:00,XYZ402,UE01948,beamforming,BEAM_FAILURE,FAIL,,-89,13,9,,,479,,,,,,,ho_status=SUCCESS,5,68.0,1.2
2026-07-01 05:00:00,XYZ403,UE01949,beamforming,BEAM_HO_CORRELATED,FAIL,,-75,18,12,,,526,,,,,,,ho_status=EXEC_FAILURE,6,89.0,6.0
2026-07-01 06:00:00,XYZ401,UE01950,beamforming,BEAM_FAILURE,FAIL,,-102,4,6,,,269,,,,,,,ho_status=SUCCESS,1,37.0,3.2
2026-07-01 07:00:00,XYZ402,UE01951,beamforming,BEAM_HO_CORRELATED,FAIL,,-94,5,6,,,268,,,,,,,ho_status=EXEC_FAILURE,2,39.0,2.6
2026-07-01 08:00:00,XYZ403,UE01952,beamforming,BEAM_FAILURE,FAIL,,-92,11,9,,,470,,,,,,,ho_status=SUCCESS,3,62.0,2.2
2026-07-01 09:00:00,XYZ401,UE01953,beamforming,BEAM_HO_CORRELATED,FAIL,,-102,4,6,,,310,,,,,,,ho_status=PREP_FAILURE,4,36.0,1.8
2026-07-01 10:00:00,XYZ402,UE01954,beamforming,BEAM_HO_CORRELATED,FAIL,,-102,0,4,,,189,,,,,,,ho_status=EXEC_FAILURE,5,20.0,6.0
2026-07-01 11:00:00,XYZ403,UE01955,beamforming,BEAM_HO_CORRELATED,FAIL,,-115,0,4,,,182,,,,,,,ho_status=EXEC_FAILURE,6,20.0,2.4
2026-07-01 12:00:00,XYZ401,UE01956,beamforming,BEAM_FAILURE,FAIL,,-120,-1,3,,,118,,,,,,,ho_status=SUCCESS,1,14.0,5.8
2026-07-01 13:00:00,XYZ402,UE01957,beamforming,BEAM_HO_CORRELATED,FAIL,,-98,9,8,,,364,,,,,,,ho_status=EXEC_FAILURE,2,56.0,2.4
2026-07-01 14:00:00,XYZ403,UE01958,beamforming,BEAM_HO_CORRELATED,FAIL,,-110,1,4,,,188,,,,,,,ho_status=PREP_FAILURE,3,23.0,1.4
2026-07-01 15:00:00,XYZ401,UE01959,beamforming,BEAM_HO_CORRELATED,FAIL,,-95,12,9,,,350,,,,,,,ho_status=EXEC_FAILURE,4,65.0,5.4
2026-07-01 16:00:00,XYZ402,UE01960,beamforming,BEAM_HO_CORRELATED,FAIL,,-96,0,4,,,215,,,,,,,ho_status=EXEC_FAILURE,5,20.0,4.8
2026-07-01 17:00:00,XYZ403,UE01961,beamforming,BEAM_HO_CORRELATED,FAIL,,-102,2,5,,,258,,,,,,,ho_status=EXEC_FAILURE,6,28.0,5.4
2026-07-01 18:00:00,XYZ401,UE01962,beamforming,BEAM_OK,SUCCESS,,-90,19,12,,,441,,,,,,,ho_status=SUCCESS,1,91.0,3.0
2026-07-01 19:00:00,XYZ402,UE01963,beamforming,BEAM_HO_CORRELATED,FAIL,,-111,-5,2,,,105,,,,,,,ho_status=PREP_FAILURE,2,5.0,5.4
2026-07-01 20:00:00,XYZ403,UE01964,beamforming,BEAM_HO_CORRELATED,FAIL,,-106,4,6,,,314,,,,,,,ho_status=EXEC_FAILURE,3,36.0,2.0
2026-07-01 21:00:00,XYZ401,UE01965,beamforming,BEAM_HO_CORRELATED,FAIL,,-112,2,5,,,195,,,,,,,ho_status=EXEC_FAILURE,4,29.0,6.8
2026-07-01 22:00:00,XYZ402,UE01966,beamforming,BEAM_FAILURE,FAIL,,-109,3,5,,,191,,,,,,,ho_status=SUCCESS,5,31.0,6.4
2026-07-01 23:00:00,XYZ403,UE01967,beamforming,BEAM_HO_CORRELATED,FAIL,,-99,4,6,,,269,,,,,,,ho_status=EXEC_FAILURE,6,36.0,0.8
2026-07-01 00:00:00,XYZ401,UE01968,beamforming,BEAM_HO_CORRELATED,FAIL,,-101,8,7,,,252,,,,,,,ho_status=PREP_FAILURE,1,50.0,4.4
2026-07-01 01:00:00,XYZ402,UE01969,beamforming,BEAM_FAILURE,FAIL,,-113,-4,2,,,107,,,,,,,ho_status=SUCCESS,2,5.0,3.8
2026-07-01 02:00:00,XYZ403,UE01970,beamforming,BEAM_HO_CORRELATED,FAIL,,-94,5,6,,,230,,,,,,,ho_status=PREP_FAILURE,3,39.0,3.4
2026-07-01 03:00:00,XYZ401,UE01971,beamforming,BEAM_FAILURE,FAIL,,-103,10,8,,,400,,,,,,,ho_status=SUCCESS,4,58.0,1.2
2026-07-01 04:00:00,XYZ402,UE01972,beamforming,BEAM_HO_CORRELATED,FAIL,,-113,0,4,,,194,,,,,,,ho_status=EXEC_FAILURE,5,20.0,4.6
2026-07-01 05:00:00,XYZ403,UE01973,beamforming,BEAM_FAILURE,FAIL,,-101,13,9,,,462,,,,,,,ho_status=SUCCESS,6,69.0,1.0
2026-07-01 06:00:00,XYZ401,UE01974,beamforming,BEAM_HO_CORRELATED,FAIL,,-98,14,10,,,400,,,,,,,ho_status=PREP_FAILURE,1,74.0,2.2
2026-07-01 07:00:00,XYZ402,UE01975,beamforming,BEAM_FAILURE,FAIL,,-106,1,4,,,197,,,,,,,ho_status=SUCCESS,2,24.0,5.6
2026-07-01 08:00:00,XYZ403,UE01976,beamforming,BEAM_HO_CORRELATED,FAIL,,-116,1,4,,,162,,,,,,,ho_status=PREP_FAILURE,3,24.0,5.2
2026-07-01 09:00:00,XYZ401,UE01977,beamforming,BEAM_HO_CORRELATED,FAIL,,-86,13,9,,,337,,,,,,,ho_status=EXEC_FAILURE,4,69.0,3.6
2026-07-01 10:00:00,XYZ402,UE01978,beamforming,BEAM_HO_CORRELATED,FAIL,,-121,0,4,,,182,,,,,,,ho_status=PREP_FAILURE,5,20.0,4.0
2026-07-01 11:00:00,XYZ403,UE01979,beamforming,BEAM_HO_CORRELATED,FAIL,,-110,0,4,,,171,,,,,,,ho_status=EXEC_FAILURE,6,21.0,1.6
2026-07-01 12:00:00,XYZ401,UE01980,beamforming,BEAM_HO_CORRELATED,FAIL,,-118,-1,3,,,125,,,,,,,ho_status=EXEC_FAILURE,1,14.0,6.2
2026-07-01 13:00:00,XYZ402,UE01981,beamforming,BEAM_HO_CORRELATED,FAIL,,-107,0,4,,,173,,,,,,,ho_status=EXEC_FAILURE,2,21.0,6.8
2026-07-01 14:00:00,XYZ403,UE01982,beamforming,BEAM_HO_CORRELATED,FAIL,,-112,-2,3,,,126,,,,,,,ho_status=PREP_FAILURE,3,12.0,1.8
2026-07-01 15:00:00,XYZ401,UE01983,beamforming,BEAM_FAILURE,FAIL,,-104,-1,3,,,130,,,,,,,ho_status=SUCCESS,4,16.0,2.0
2026-07-01 16:00:00,XYZ402,UE01984,beamforming,BEAM_FAILURE,FAIL,,-117,-3,3,,,129,,,,,,,ho_status=SUCCESS,5,10.0,5.4
2026-07-01 17:00:00,XYZ403,UE01985,beamforming,BEAM_HO_CORRELATED,FAIL,,-93,5,6,,,252,,,,,,,ho_status=EXEC_FAILURE,6,39.0,1.0
2026-07-01 18:00:00,XYZ401,UE01986,beamforming,BEAM_FAILURE,FAIL,,-121,2,5,,,202,,,,,,,ho_status=SUCCESS,1,28.0,0.2
2026-07-01 19:00:00,XYZ402,UE01987,beamforming,BEAM_FAILURE,FAIL,,-82,12,9,,,374,,,,,,,ho_status=SUCCESS,2,65.0,2.0
2026-07-01 20:00:00,XYZ403,UE01988,beamforming,BEAM_FAILURE,FAIL,,-119,0,4,,,181,,,,,,,ho_status=SUCCESS,3,20.0,6.8
2026-07-01 21:00:00,XYZ401,UE01989,beamforming,BEAM_HO_CORRELATED,FAIL,,-106,8,7,,,292,,,,,,,ho_status=PREP_FAILURE,4,50.0,3.0
2026-07-01 22:00:00,XYZ402,UE01990,beamforming,BEAM_HO_CORRELATED,FAIL,,-94,14,10,,,486,,,,,,,ho_status=PREP_FAILURE,5,73.0,0.0
2026-07-01 23:00:00,XYZ403,UE01991,beamforming,BEAM_HO_CORRELATED,FAIL,,-79,21,13,,,675,,,,,,,ho_status=EXEC_FAILURE,6,100.0,5.6
2026-07-01 00:00:00,XYZ401,UE01992,beamforming,BEAM_FAILURE,FAIL,,-104,7,7,,,317,,,,,,,ho_status=SUCCESS,1,47.0,3.4
2026-07-01 01:00:00,XYZ402,UE01993,beamforming,BEAM_FAILURE,FAIL,,-122,0,4,,,208,,,,,,,ho_status=SUCCESS,2,21.0,4.2
2026-07-01 02:00:00,XYZ403,UE01994,beamforming,BEAM_HO_CORRELATED,FAIL,,-113,6,6,,,321,,,,,,,ho_status=PREP_FAILURE,3,41.0,0.2
2026-07-01 03:00:00,XYZ401,UE01995,beamforming,BEAM_FAILURE,FAIL,,-107,0,4,,,208,,,,,,,ho_status=SUCCESS,4,20.0,1.2
2026-07-01 04:00:00,XYZ402,UE01996,beamforming,BEAM_FAILURE,FAIL,,-85,13,9,,,327,,,,,,,ho_status=SUCCESS,5,69.0,5.2
2026-07-01 05:00:00,XYZ403,UE01997,beamforming,BEAM_HO_CORRELATED,FAIL,,-92,16,11,,,587,,,,,,,ho_status=PREP_FAILURE,6,82.0,2.6
2026-07-01 06:00:00,XYZ401,UE01998,beamforming,BEAM_HO_CORRELATED,FAIL,,-101,5,6,,,301,,,,,,,ho_status=EXEC_FAILURE,1,39.0,1.0
2026-07-01 07:00:00,XYZ402,UE01999,beamforming,BEAM_FAILURE,FAIL,,-104,-1,3,,,156,,,,,,,ho_status=SUCCESS,2,15.0,4.6
2026-07-01 10:00:00,XYZ401,UE10001,ue_protocol,PBCH_DECODE_SUCCESS,SUCCESS,,,,,,,,,,,,,,layer=PHY procedure=CELL_SEARCH,,,
2026-07-01 10:00:01,XYZ401,UE10001,ue_protocol,MIB_DECODE_SUCCESS,SUCCESS,,,,,,,,,,,,,,layer=PHY procedure=MIB,,,
2026-07-01 10:00:02,XYZ401,UE10001,ue_protocol,SIB1_DECODE_SUCCESS,SUCCESS,,,,,,,,,,,,,,layer=SIB procedure=SIB1,,,
2026-07-01 10:05:04,XYZ401,UE10002,ue_protocol,RACH_FAILURE,FAIL,NO_RAR_RESPONSE,,,,,,,,,,,,,layer=RACH procedure=ACCESS,,,
2026-07-01 10:10:03,XYZ401,UE10003,ue_protocol,REGISTRATION_REJECT,FAIL,TA_NOT_ALLOWED,,,,,,,,,,,,,layer=NAS procedure=REGISTRATION,,,
2026-07-01 10:20:05,XYZ401,UE10005,ue_protocol,HO_FAILURE,FAIL,HO_PREP_FAILURE,,,,,,,,,,,,,layer=MOBILITY procedure=HANDOVER,,,
2026-07-01 10:25:05,XYZ401,UE10006,ue_protocol,T310_EXPIRY,FAIL,COVERAGE_HOLE,,,,,,,,,,,,,layer=RRC procedure=RLF,,,
2026-07-01 10:30:02,XYZ401,UE10007,ue_protocol,PDU_SESSION_REJECT,FAIL,QFI_MAPPING_ERROR,,,,,,,,,,,,,layer=5GSM procedure=PDU_SESSION,,,
2026-07-01 10:45:01,XYZ401,UE10008,ue_protocol,VONR_DROP,FAIL,IMS_TIMEOUT,,,,,,,,,,,,,layer=IMS procedure=VONR,,,
2026-07-01 11:00:01,XYZ401,UE10009,ue_protocol,MIB_DECODE_FAILURE,FAIL,LOW_SINR,,,,,,,,,,,,,layer=PHY procedure=MIB,,,
2026-07-01 11:05:03,XYZ401,UE10010,ue_protocol,RRC_SETUP_FAILURE,FAIL,CELL_CONGESTION,,,,,,,,,,,,,layer=RRC procedure=CONNECTION,,,
2026-07-01 11:10:05,XYZ401,UE10011,ue_protocol,AUTH_FAILURE,FAIL,AUTH_TIMEOUT,,,,,,,,,,,,,layer=NAS procedure=AUTHENTICATION,,,
2026-07-01 11:35:00,XYZ401,UE10016,ue_protocol,RETURN_TO_SOURCE_CELL,FAIL,PING_PONG_HO,,,,,,,,,,,,,layer=MOBILITY procedure=PING_PONG,,,
2026-07-01 12:20:03,XYZ401,UE10024,ue_protocol,BEAM_INSTABILITY,FAIL,EXCESSIVE_SWITCHING,,,,,,,,,,,,,layer=BEAM procedure=BEAM_MGMT,,,
2026-07-01 14:30:05,XYZ401,UE10045,ue_protocol,PAGING_RESPONSE_TIMEOUT,FAIL,T3417_EXPIRY,,,,,,,,,,,,,layer=RRC procedure=PAGING,,,
2026-07-01 20:00:04,XYZ401,UE10100,ue_protocol,DRB_SETUP_FAILURE,FAIL,RADIO_RESOURCE_UNAVAILABLE,,,,,,,,,,,,,layer=RRC procedure=DRB,,,
2026-07-01 00:00:00,XYZ401,,pm,PM_SNAPSHOT,FAIL,,,,8,,,447,,,,,,,ho_attempt=1941 rach_attempt=401,,,
2026-07-01 00:00:00,XYZ402,,pm,PM_SNAPSHOT,FAIL,,,,5,,,321,,,,,,,ho_attempt=1992 rach_attempt=340,,,
2026-07-01 00:00:00,XYZ403,,pm,PM_SNAPSHOT,FAIL,,,,4,,,429,,,,,,,ho_attempt=767 rach_attempt=407,,,
2026-07-01 00:00:00,XYZ404,,pm,PM_SNAPSHOT,FAIL,,,,11,,,554,,,,,,,ho_attempt=1304 rach_attempt=731,,,
2026-07-01 00:00:00,XYZ405,,pm,PM_SNAPSHOT,FAIL,,,,5,,,237,,,,,,,ho_attempt=1643 rach_attempt=238,,,
2026-07-01 00:00:00,XYZ406,,pm,PM_SNAPSHOT,SUCCESS,,,,13,,,681,,,,,,,ho_attempt=583 rach_attempt=218,,,
2026-07-01 00:00:00,XYZ407,,pm,PM_SNAPSHOT,FAIL,,,,8,,,668,,,,,,,ho_attempt=1492 rach_attempt=523,,,
2026-07-01 00:00:00,XYZ408,,pm,PM_SNAPSHOT,FAIL,,,,15,,,777,,,,,,,ho_attempt=1092 rach_attempt=820,,,
2026-07-01 00:00:00,XYZ409,,pm,PM_SNAPSHOT,FAIL,,,,11,,,402,,,,,,,ho_attempt=1928 rach_attempt=342,,,
2026-07-01 00:00:00,XYZ410,,pm,PM_SNAPSHOT,FAIL,,,,12,,,556,,,,,,,ho_attempt=1277 rach_attempt=476,,,
2026-07-01 00:01:00,XYZ410,,pm,PM_SNAPSHOT,SUCCESS,,,,10,,,283,,,,,,,ho_attempt=1306 rach_attempt=941,,,
2026-07-01 00:01:00,XYZ409,,pm,PM_SNAPSHOT,FAIL,,,,9,,,509,,,,,,,ho_attempt=1828 rach_attempt=658,,,
2026-07-01 00:01:00,XYZ408,,pm,PM_SNAPSHOT,FAIL,,,,6,,,181,,,,,,,ho_attempt=1632 rach_attempt=266,,,
2026-07-01 00:01:00,XYZ407,,pm,PM_SNAPSHOT,FAIL,,,,14,,,180,,,,,,,ho_attempt=885 rach_attempt=503,,,
2026-07-01 00:01:00,XYZ406,,pm,PM_SNAPSHOT,SUCCESS,,,,10,,,316,,,,,,,ho_attempt=1010 rach_attempt=343,,,
2026-07-01 00:01:00,XYZ402,,pm,PM_SNAPSHOT,FAIL,,,,15,,,133,,,,,,,ho_attempt=834 rach_attempt=294,,,
2026-07-01 00:01:00,XYZ404,,pm,PM_SNAPSHOT,FAIL,,,,15,,,434,,,,,,,ho_attempt=1134 rach_attempt=319,,,
2026-07-01 00:01:00,XYZ403,,pm,PM_SNAPSHOT,SUCCESS,,,,11,,,444,,,,,,,ho_attempt=839 rach_attempt=430,,,
2026-07-01 00:01:00,XYZ401,,pm,PM_SNAPSHOT,FAIL,,,,7,,,381,,,,,,,ho_attempt=572 rach_attempt=648,,,
2026-07-01 00:01:00,XYZ405,,pm,PM_SNAPSHOT,SUCCESS,,,,9,,,59,,,,,,,ho_attempt=1459 rach_attempt=209,,,
2026-07-01 00:02:00,XYZ407,,pm,PM_SNAPSHOT,FAIL,,,,6,,,176,,,,,,,ho_attempt=1808 rach_attempt=708,,,
2026-07-01 00:02:00,XYZ410,,pm,PM_SNAPSHOT,FAIL,,,,6,,,277,,,,,,,ho_attempt=1070 rach_attempt=410,,,
2026-07-01 00:02:00,XYZ408,,pm,PM_SNAPSHOT,FAIL,,,,4,,,196,,,,,,,ho_attempt=855 rach_attempt=662,,,
2026-07-01 00:02:00,XYZ405,,pm,PM_SNAPSHOT,FAIL,,,,9,,,688,,,,,,,ho_attempt=1220 rach_attempt=954,,,
2026-07-01 00:02:00,XYZ409,,pm,PM_SNAPSHOT,FAIL,,,,4,,,667,,,,,,,ho_attempt=686 rach_attempt=485,,,
2026-07-01 00:02:00,XYZ403,,pm,PM_SNAPSHOT,FAIL,,,,4,,,585,,,,,,,ho_attempt=1828 rach_attempt=308,,,
2026-07-01 00:02:00,XYZ402,,pm,PM_SNAPSHOT,FAIL,,,,15,,,785,,,,,,,ho_attempt=553 rach_attempt=382,,,
2026-07-01 00:02:00,XYZ404,,pm,PM_SNAPSHOT,SUCCESS,,,,4,,,139,,,,,,,ho_attempt=1827 rach_attempt=667,,,
2026-07-01 00:02:00,XYZ401,,pm,PM_SNAPSHOT,FAIL,,,,5,,,745,,,,,,,ho_attempt=1747 rach_attempt=487,,,
2026-07-01 00:03:00,XYZ401,,pm,PM_SNAPSHOT,FAIL,,,,10,,,132,,,,,,,ho_attempt=1808 rach_attempt=980,,,
2026-07-01 00:03:00,XYZ402,,pm,PM_SNAPSHOT,FAIL,,,,4,,,153,,,,,,,ho_attempt=1361 rach_attempt=792,,,
2026-07-01 00:03:00,XYZ403,,pm,PM_SNAPSHOT,FAIL,,,,11,,,114,,,,,,,ho_attempt=1194 rach_attempt=829,,,
2026-07-01 00:03:00,XYZ405,,pm,PM_SNAPSHOT,FAIL,,,,13,,,209,,,,,,,ho_attempt=730 rach_attempt=691,,,
2026-07-01 00:03:00,XYZ407,,pm,PM_SNAPSHOT,FAIL,,,,9,,,609,,,,,,,ho_attempt=1045 rach_attempt=282,,,
2026-07-01 00:03:00,XYZ408,,pm,PM_SNAPSHOT,FAIL,,,,2,,,790,,,,,,,ho_attempt=1913 rach_attempt=600,,,
2026-07-01 00:03:00,XYZ409,,pm,PM_SNAPSHOT,FAIL,,,,5,,,688,,,,,,,ho_attempt=511 rach_attempt=357,,,
2026-07-01 00:03:00,XYZ410,,pm,PM_SNAPSHOT,FAIL,,,,8,,,723,,,,,,,ho_attempt=1833 rach_attempt=318,,,
2026-07-01 00:04:00,XYZ407,,pm,PM_SNAPSHOT,FAIL,,,,13,,,783,,,,,,,ho_attempt=1791 rach_attempt=781,,,
2026-07-01 00:04:00,XYZ408,,pm,PM_SNAPSHOT,FAIL,,,,7,,,160,,,,,,,ho_attempt=1304 rach_attempt=381,,,
2026-07-01 00:04:00,XYZ409,,pm,PM_SNAPSHOT,FAIL,,,,5,,,166,,,,,,,ho_attempt=1839 rach_attempt=648,,,
2026-07-01 00:05:00,XYZ409,,pm,PM_SNAPSHOT,FAIL,,,,5,,,508,,,,,,,ho_attempt=716 rach_attempt=943,,,
2026-07-01 00:06:00,XYZ409,,pm,PM_SNAPSHOT,SUCCESS,,,,7,,,52,,,,,,,ho_attempt=1875 rach_attempt=800,,,
2026-07-01 01:00:00,XYZ401,,pm,PM_SNAPSHOT,FAIL,,,,1,,,245,,,,,,,ho_attempt=1869 rach_attempt=804,,,
2026-07-01 01:00:00,XYZ402,,pm,PM_SNAPSHOT,FAIL,,,,6,,,304,,,,,,,ho_attempt=1199 rach_attempt=640,,,
2026-07-01 01:00:00,XYZ403,,pm,PM_SNAPSHOT,FAIL,,,,4,,,411,,,,,,,ho_attempt=1320 rach_attempt=817,,,
2026-07-01 01:00:00,XYZ404,,pm,PM_SNAPSHOT,SUCCESS,,,,7,,,662,,,,,,,ho_attempt=1327 rach_attempt=809,,,
2026-07-01 01:00:00,XYZ405,,pm,PM_SNAPSHOT,FAIL,,,,8,,,115,,,,,,,ho_attempt=1572 rach_attempt=669,,,
2026-07-01 01:00:00,XYZ406,,pm,PM_SNAPSHOT,FAIL,,,,11,,,316,,,,,,,ho_attempt=1472 rach_attempt=286,,,
2026-07-01 01:00:00,XYZ407,,pm,PM_SNAPSHOT,FAIL,,,,4,,,450,,,,,,,ho_attempt=928 rach_attempt=462,,,
2026-07-01 01:00:00,XYZ408,,pm,PM_SNAPSHOT,FAIL,,,,3,,,637,,,,,,,ho_attempt=1733 rach_attempt=492,,,
2026-07-01 01:00:00,XYZ409,,pm,PM_SNAPSHOT,FAIL,,,,3,,,503,,,,,,,ho_attempt=1128 rach_attempt=981,,,
2026-07-01 01:00:00,XYZ410,,pm,PM_SNAPSHOT,FAIL,,,,3,,,645,,,,,,,ho_attempt=1981 rach_attempt=925,,,
2026-07-01 01:01:00,XYZ409,,pm,PM_SNAPSHOT,FAIL,,,,2,,,533,,,,,,,ho_attempt=1192 rach_attempt=604,,,
2026-07-01 01:01:00,XYZ408,,pm,PM_SNAPSHOT,FAIL,,,,6,,,477,,,,,,,ho_attempt=1609 rach_attempt=782,,,
2026-07-01 01:01:00,XYZ407,,pm,PM_SNAPSHOT,FAIL,,,,6,,,504,,,,,,,ho_attempt=1109 rach_attempt=580,,,
2026-07-01 01:01:00,XYZ406,,pm,PM_SNAPSHOT,FAIL,,,,4,,,177,,,,,,,ho_attempt=709 rach_attempt=696,,,
2026-07-01 01:01:00,XYZ410,,pm,PM_SNAPSHOT,SUCCESS,,,,14,,,469,,,,,,,ho_attempt=1841 rach_attempt=415,,,
2026-07-01 01:01:00,XYZ404,,pm,PM_SNAPSHOT,FAIL,,,,8,,,412,,,,,,,ho_attempt=1306 rach_attempt=348,,,
2026-07-01 01:01:00,XYZ403,,pm,PM_SNAPSHOT,FAIL,,,,6,,,612,,,,,,,ho_attempt=1963 rach_attempt=790,,,
2026-07-01 01:01:00,XYZ402,,pm,PM_SNAPSHOT,FAIL,,,,5,,,572,,,,,,,ho_attempt=816 rach_attempt=275,,,
2026-07-01 01:01:00,XYZ401,,pm,PM_SNAPSHOT,FAIL,,,,15,,,169,,,,,,,ho_attempt=595 rach_attempt=345,,,
2026-07-01 01:01:00,XYZ405,,pm,PM_SNAPSHOT,FAIL,,,,11,,,625,,,,,,,ho_attempt=888 rach_attempt=889,,,
2026-07-01 01:02:00,XYZ401,,pm,PM_SNAPSHOT,FAIL,,,,6,,,529,,,,,,,ho_attempt=1213 rach_attempt=235,,,
2026-07-01 01:02:00,XYZ403,,pm,PM_SNAPSHOT,FAIL,,,,7,,,327,,,,,,,ho_attempt=1570 rach_attempt=828,,,
2026-07-01 01:02:00,XYZ404,,pm,PM_SNAPSHOT,FAIL,,,,13,,,495,,,,,,,ho_attempt=1592 rach_attempt=653,,,
2026-07-01 01:02:00,XYZ405,,pm,PM_SNAPSHOT,FAIL,,,,11,,,172,,,,,,,ho_attempt=1015 rach_attempt=665,,,
2026-07-01 01:02:00,XYZ406,,pm,PM_SNAPSHOT,FAIL,,,,12,,,380,,,,,,,ho_attempt=1607 rach_attempt=341,,,
2026-07-01 01:02:00,XYZ408,,pm,PM_SNAPSHOT,FAIL,,,,15,,,663,,,,,,,ho_attempt=1015 rach_attempt=885,,,
2026-07-01 01:02:00,XYZ409,,pm,PM_SNAPSHOT,FAIL,,,,3,,,794,,,,,,,ho_attempt=1760 rach_attempt=755,,,
2026-07-01 01:02:00,XYZ410,,pm,PM_SNAPSHOT,FAIL,,,,10,,,343,,,,,,,ho_attempt=1694 rach_attempt=857,,,
2026-07-01 01:03:00,XYZ410,,pm,PM_SNAPSHOT,FAIL,,,,12,,,721,,,,,,,ho_attempt=913 rach_attempt=298,,,
2026-07-01 01:03:00,XYZ408,,pm,PM_SNAPSHOT,FAIL,,,,8,,,442,,,,,,,ho_attempt=1884 rach_attempt=863,,,
2026-07-01 01:03:00,XYZ405,,pm,PM_SNAPSHOT,FAIL,,,,14,,,124,,,,,,,ho_attempt=571 rach_attempt=934,,,
2026-07-01 01:03:00,XYZ401,,pm,PM_SNAPSHOT,FAIL,,,,8,,,633,,,,,,,ho_attempt=1212 rach_attempt=379,,,
2026-07-01 01:03:00,XYZ403,,pm,PM_SNAPSHOT,FAIL,,,,13,,,335,,,,,,,ho_attempt=1493 rach_attempt=425,,,
2026-07-01 01:04:00,XYZ401,,pm,PM_SNAPSHOT,FAIL,,,,7,,,624,,,,,,,ho_attempt=1781 rach_attempt=760,,,
2026-07-01 01:04:00,XYZ403,,pm,PM_SNAPSHOT,SUCCESS,,,,4,,,405,,,,,,,ho_attempt=787 rach_attempt=909,,,
2026-07-01 01:04:00,XYZ408,,pm,PM_SNAPSHOT,FAIL,,,,12,,,510,,,,,,,ho_attempt=1816 rach_attempt=634,,,
2026-07-01 01:04:00,XYZ410,,pm,PM_SNAPSHOT,FAIL,,,,12,,,653,,,,,,,ho_attempt=1487 rach_attempt=592,,,
2026-07-01 01:05:00,XYZ401,,pm,PM_SNAPSHOT,FAIL,,,,10,,,616,,,,,,,ho_attempt=1976 rach_attempt=222,,,
2026-07-01 01:05:00,XYZ410,,pm,PM_SNAPSHOT,FAIL,,,,13,,,151,,,,,,,ho_attempt=1315 rach_attempt=590,,,
2026-07-01 01:06:00,XYZ401,,pm,PM_SNAPSHOT,FAIL,,,,5,,,446,,,,,,,ho_attempt=1837 rach_attempt=397,,,
2026-07-01 01:07:00,XYZ401,,pm,PM_SNAPSHOT,SUCCESS,,,,5,,,297,,,,,,,ho_attempt=1829 rach_attempt=412,,,
2026-07-01 01:08:00,XYZ401,,pm,PM_SNAPSHOT,FAIL,,,,13,,,567,,,,,,,ho_attempt=1881 rach_attempt=578,,,
2026-07-01 02:00:00,XYZ410,,pm,PM_SNAPSHOT,SUCCESS,,,,15,,,715,,,,,,,ho_attempt=919 rach_attempt=672,,,
2026-07-01 02:00:00,XYZ409,,pm,PM_SNAPSHOT,FAIL,,,,1,,,600,,,,,,,ho_attempt=785 rach_attempt=550,,,
2026-07-01 02:00:00,XYZ408,,pm,PM_SNAPSHOT,SUCCESS,,,,14,,,309,,,,,,,ho_attempt=1182 rach_attempt=580,,,
2026-07-01 02:00:00,XYZ406,,pm,PM_SNAPSHOT,FAIL,,,,13,,,114,,,,,,,ho_attempt=1681 rach_attempt=943,,,
2026-07-01 02:00:00,XYZ407,,pm,PM_SNAPSHOT,FAIL,,,,4,,,636,,,,,,,ho_attempt=1280 rach_attempt=698,,,
2026-07-01 02:00:00,XYZ404,,pm,PM_SNAPSHOT,SUCCESS,,,,3,,,498,,,,,,,ho_attempt=954 rach_attempt=645,,,
2026-07-01 02:00:00,XYZ403,,pm,PM_SNAPSHOT,FAIL,,,,10,,,525,,,,,,,ho_attempt=974 rach_attempt=499,,,
2026-07-01 02:00:00,XYZ402,,pm,PM_SNAPSHOT,FAIL,,,,11,,,397,,,,,,,ho_attempt=1304 rach_attempt=257,,,
2026-07-01 02:00:00,XYZ401,,pm,PM_SNAPSHOT,FAIL,,,,11,,,431,,,,,,,ho_attempt=1243 rach_attempt=283,,,
2026-07-01 02:00:00,XYZ405,,pm,PM_SNAPSHOT,FAIL,,,,12,,,505,,,,,,,ho_attempt=795 rach_attempt=901,,,
2026-07-01 02:01:00,XYZ410,,pm,PM_SNAPSHOT,FAIL,,,,9,,,311,,,,,,,ho_attempt=1842 rach_attempt=860,,,
2026-07-01 02:01:00,XYZ409,,pm,PM_SNAPSHOT,FAIL,,,,2,,,486,,,,,,,ho_attempt=1611 rach_attempt=875,,,
2026-07-01 02:01:00,XYZ408,,pm,PM_SNAPSHOT,FAIL,,,,9,,,532,,,,,,,ho_attempt=1466 rach_attempt=986,,,
2026-07-01 02:01:00,XYZ407,,pm,PM_SNAPSHOT,SUCCESS,,,,1,,,723,,,,,,,ho_attempt=1029 rach_attempt=427,,,
2026-07-01 02:01:00,XYZ406,,pm,PM_SNAPSHOT,FAIL,,,,6,,,643,,,,,,,ho_attempt=715 rach_attempt=869,,,
2026-07-01 02:01:00,XYZ405,,pm,PM_SNAPSHOT,SUCCESS,,,,2,,,167,,,,,,,ho_attempt=750 rach_attempt=348,,,
2026-07-01 02:01:00,XYZ403,,pm,PM_SNAPSHOT,FAIL,,,,14,,,330,,,,,,,ho_attempt=661 rach_attempt=419,,,
2026-07-01 02:01:00,XYZ402,,pm,PM_SNAPSHOT,FAIL,,,,14,,,117,,,,,,,ho_attempt=1226 rach_attempt=993,,,
2026-07-01 02:01:00,XYZ401,,pm,PM_SNAPSHOT,FAIL,,,,12,,,76,,,,,,,ho_attempt=1910 rach_attempt=612,,,
2026-07-01 02:01:00,XYZ404,,pm,PM_SNAPSHOT,FAIL,,,,8,,,407,,,,,,,ho_attempt=1622 rach_attempt=969,,,
2026-07-01 02:02:00,XYZ410,,pm,PM_SNAPSHOT,FAIL,,,,8,,,501,,,,,,,ho_attempt=1134 rach_attempt=741,,,
2026-07-01 02:02:00,XYZ409,,pm,PM_SNAPSHOT,FAIL,,,,15,,,106,,,,,,,ho_attempt=1935 rach_attempt=722,,,
2026-07-01 02:02:00,XYZ408,,pm,PM_SNAPSHOT,SUCCESS,,,,10,,,716,,,,,,,ho_attempt=636 rach_attempt=309,,,
2026-07-01 02:02:00,XYZ406,,pm,PM_SNAPSHOT,FAIL,,,,3,,,326,,,,,,,ho_attempt=1435 rach_attempt=646,,,
2026-07-01 02:02:00,XYZ403,,pm,PM_SNAPSHOT,FAIL,,,,3,,,744,,,,,,,ho_attempt=581 rach_attempt=453,,,
2026-07-01 02:02:00,XYZ402,,pm,PM_SNAPSHOT,FAIL,,,,2,,,765,,,,,,,ho_attempt=773 rach_attempt=269,,,
2026-07-01 02:02:00,XYZ401,,pm,PM_SNAPSHOT,FAIL,,,,12,,,505,,,,,,,ho_attempt=877 rach_attempt=501,,,
2026-07-01 02:02:00,XYZ405,,pm,PM_SNAPSHOT,SUCCESS,,,,5,,,329,,,,,,,ho_attempt=1718 rach_attempt=624,,,
2026-07-01 02:03:00,XYZ401,,pm,PM_SNAPSHOT,FAIL,,,,4,,,501,,,,,,,ho_attempt=591 rach_attempt=715,,,
2026-07-01 02:03:00,XYZ402,,pm,PM_SNAPSHOT,FAIL,,,,3,,,680,,,,,,,ho_attempt=1780 rach_attempt=772,,,
2026-07-01 02:03:00,XYZ403,,pm,PM_SNAPSHOT,SUCCESS,,,,7,,,734,,,,,,,ho_attempt=1295 rach_attempt=300,,,
2026-07-01 02:03:00,XYZ405,,pm,PM_SNAPSHOT,FAIL,,,,7,,,142,,,,,,,ho_attempt=1016 rach_attempt=377,,,
2026-07-01 02:03:00,XYZ406,,pm,PM_SNAPSHOT,SUCCESS,,,,5,,,374,,,,,,,ho_attempt=1076 rach_attempt=262,,,
2026-07-01 02:03:00,XYZ409,,pm,PM_SNAPSHOT,SUCCESS,,,,3,,,582,,,,,,,ho_attempt=806 rach_attempt=762,,,
2026-07-01 02:03:00,XYZ410,,pm,PM_SNAPSHOT,SUCCESS,,,,13,,,149,,,,,,,ho_attempt=521 rach_attempt=459,,,
2026-07-01 02:04:00,XYZ410,,pm,PM_SNAPSHOT,FAIL,,,,9,,,274,,,,,,,ho_attempt=629 rach_attempt=512,,,
2026-07-01 02:04:00,XYZ401,,pm,PM_SNAPSHOT,FAIL,,,,6,,,66,,,,,,,ho_attempt=1231 rach_attempt=563,,,
2026-07-01 02:04:00,XYZ406,,pm,PM_SNAPSHOT,FAIL,,,,14,,,372,,,,,,,ho_attempt=1088 rach_attempt=581,,,
2026-07-01 02:04:00,XYZ409,,pm,PM_SNAPSHOT,SUCCESS,,,,1,,,742,,,,,,,ho_attempt=1543 rach_attempt=836,,,
2026-07-01 02:05:00,XYZ410,,pm,PM_SNAPSHOT,FAIL,,,,13,,,381,,,,,,,ho_attempt=860 rach_attempt=467,,,
2026-07-01 02:05:00,XYZ406,,pm,PM_SNAPSHOT,SUCCESS,,,,7,,,250,,,,,,,ho_attempt=805 rach_attempt=979,,,
2026-07-01 02:05:00,XYZ401,,pm,PM_SNAPSHOT,FAIL,,,,14,,,615,,,,,,,ho_attempt=1708 rach_attempt=278,,,
2026-07-01 03:00:00,XYZ401,,pm,PM_SNAPSHOT,FAIL,,,,5,,,326,,,,,,,ho_attempt=917 rach_attempt=939,,,
2026-07-01 03:00:00,XYZ402,,pm,PM_SNAPSHOT,FAIL,,,,10,,,679,,,,,,,ho_attempt=1780 rach_attempt=229,,,
2026-07-01 03:00:00,XYZ403,,pm,PM_SNAPSHOT,FAIL,,,,3,,,431,,,,,,,ho_attempt=1705 rach_attempt=616,,,
2026-07-01 03:00:00,XYZ404,,pm,PM_SNAPSHOT,FAIL,,,,12,,,282,,,,,,,ho_attempt=1750 rach_attempt=605,,,
2026-07-01 03:00:00,XYZ405,,pm,PM_SNAPSHOT,FAIL,,,,13,,,415,,,,,,,ho_attempt=1983 rach_attempt=301,,,
2026-07-01 03:00:00,XYZ406,,pm,PM_SNAPSHOT,FAIL,,,,9,,,487,,,,,,,ho_attempt=1485 rach_attempt=589,,,
2026-07-01 03:00:00,XYZ407,,pm,PM_SNAPSHOT,FAIL,,,,11,,,473,,,,,,,ho_attempt=1903 rach_attempt=225,,,
2026-07-01 03:00:00,XYZ408,,pm,PM_SNAPSHOT,FAIL,,,,8,,,442,,,,,,,ho_attempt=1667 rach_attempt=307,,,
2026-07-01 03:00:00,XYZ409,,pm,PM_SNAPSHOT,FAIL,,,,7,,,725,,,,,,,ho_attempt=1601 rach_attempt=638,,,
2026-07-01 03:00:00,XYZ410,,pm,PM_SNAPSHOT,SUCCESS,,,,10,,,297,,,,,,,ho_attempt=1348 rach_attempt=533,,,
2026-07-01 03:01:00,XYZ410,,pm,PM_SNAPSHOT,FAIL,,,,8,,,534,,,,,,,ho_attempt=838 rach_attempt=661,,,
2026-07-01 03:01:00,XYZ409,,pm,PM_SNAPSHOT,FAIL,,,,5,,,441,,,,,,,ho_attempt=502 rach_attempt=684,,,
2026-07-01 03:01:00,XYZ408,,pm,PM_SNAPSHOT,SUCCESS,,,,11,,,57,,,,,,,ho_attempt=1131 rach_attempt=940,,,
2026-07-01 03:01:00,XYZ407,,pm,PM_SNAPSHOT,FAIL,,,,5,,,301,,,,,,,ho_attempt=1413 rach_attempt=956,,,
2026-07-01 03:01:00,XYZ406,,pm,PM_SNAPSHOT,SUCCESS,,,,6,,,778,,,,,,,ho_attempt=1337 rach_attempt=364,,,
2026-07-01 03:01:00,XYZ405,,pm,PM_SNAPSHOT,FAIL,,,,3,,,505,,,,,,,ho_attempt=781 rach_attempt=878,,,
2026-07-01 03:01:00,XYZ404,,pm,PM_SNAPSHOT,FAIL,,,,11,,,492,,,,,,,ho_attempt=794 rach_attempt=789,,,
2026-07-01 03:01:00,XYZ403,,pm,PM_SNAPSHOT,SUCCESS,,,,3,,,158,,,,,,,ho_attempt=1540 rach_attempt=606,,,
2026-07-01 03:01:00,XYZ401,,pm,PM_SNAPSHOT,SUCCESS,,,,13,,,65,,,,,,,ho_attempt=1013 rach_attempt=969,,,
2026-07-01 03:02:00,XYZ401,,pm,PM_SNAPSHOT,FAIL,,,,12,,,174,,,,,,,ho_attempt=1825 rach_attempt=849,,,
2026-07-01 03:02:00,XYZ403,,pm,PM_SNAPSHOT,SUCCESS,,,,15,,,118,,,,,,,ho_attempt=1188 rach_attempt=709,,,
2026-07-01 03:02:00,XYZ404,,pm,PM_SNAPSHOT,FAIL,,,,11,,,80,,,,,,,ho_attempt=909 rach_attempt=859,,,
2026-07-01 03:02:00,XYZ405,,pm,PM_SNAPSHOT,SUCCESS,,,,15,,,188,,,,,,,ho_attempt=1743 rach_attempt=585,,,
2026-07-01 03:02:00,XYZ407,,pm,PM_SNAPSHOT,SUCCESS,,,,5,,,722,,,,,,,ho_attempt=1562 rach_attempt=925,,,
2026-07-01 03:02:00,XYZ408,,pm,PM_SNAPSHOT,FAIL,,,,2,,,589,,,,,,,ho_attempt=574 rach_attempt=458,,,
2026-07-01 03:02:00,XYZ409,,pm,PM_SNAPSHOT,FAIL,,,,14,,,686,,,,,,,ho_attempt=1420 rach_attempt=328,,,
2026-07-01 03:02:00,XYZ410,,pm,PM_SNAPSHOT,SUCCESS,,,,11,,,678,,,,,,,ho_attempt=1382 rach_attempt=535,,,
2026-07-01 03:03:00,XYZ410,,pm,PM_SNAPSHOT,FAIL,,,,13,,,661,,,,,,,ho_attempt=1258 rach_attempt=528,,,
2026-07-01 03:03:00,XYZ408,,pm,PM_SNAPSHOT,FAIL,,,,10,,,490,,,,,,,ho_attempt=1405 rach_attempt=869,,,
2026-07-01 03:03:00,XYZ407,,pm,PM_SNAPSHOT,FAIL,,,,2,,,569,,,,,,,ho_attempt=585 rach_attempt=626,,,
2026-07-01 03:03:00,XYZ401,,pm,PM_SNAPSHOT,FAIL,,,,4,,,608,,,,,,,ho_attempt=1472 rach_attempt=207,,,
2026-07-01 03:03:00,XYZ403,,pm,PM_SNAPSHOT,FAIL,,,,10,,,176,,,,,,,ho_attempt=1793 rach_attempt=432,,,
2026-07-01 03:03:00,XYZ404,,pm,PM_SNAPSHOT,FAIL,,,,7,,,694,,,,,,,ho_attempt=632 rach_attempt=772,,,
2026-07-01 03:04:00,XYZ401,,pm,PM_SNAPSHOT,SUCCESS,,,,3,,,783,,,,,,,ho_attempt=1071 rach_attempt=721,,,
2026-07-01 03:04:00,XYZ403,,pm,PM_SNAPSHOT,FAIL,,,,2,,,577,,,,,,,ho_attempt=896 rach_attempt=740,,,
2026-07-01 03:04:00,XYZ410,,pm,PM_SNAPSHOT,FAIL,,,,6,,,466,,,,,,,ho_attempt=862 rach_attempt=739,,,
2026-07-01 03:05:00,XYZ403,,pm,PM_SNAPSHOT,SUCCESS,,,,8,,,615,,,,,,,ho_attempt=1398 rach_attempt=430,,,
2026-07-01 03:05:00,XYZ410,,pm,PM_SNAPSHOT,SUCCESS,,,,13,,,661,,,,,,,ho_attempt=1172 rach_attempt=420,,,
2026-07-01 03:06:00,XYZ403,,pm,PM_SNAPSHOT,SUCCESS,,,,13,,,610,,,,,,,ho_attempt=1843 rach_attempt=410,,,
2026-07-01 03:07:00,XYZ403,,pm,PM_SNAPSHOT,FAIL,,,,3,,,480,,,,,,,ho_attempt=508 rach_attempt=513,,,
2026-07-01 03:08:00,XYZ403,,pm,PM_SNAPSHOT,FAIL,,,,8,,,231,,,,,,,ho_attempt=1887 rach_attempt=387,,,
2026-07-01 03:09:00,XYZ403,,pm,PM_SNAPSHOT,SUCCESS,,,,3,,,470,,,,,,,ho_attempt=520 rach_attempt=895,,,
2026-07-01 04:00:00,XYZ410,,pm,PM_SNAPSHOT,FAIL,,,,11,,,585,,,,,,,ho_attempt=1905 rach_attempt=768,,,
2026-07-01 04:00:00,XYZ409,,pm,PM_SNAPSHOT,SUCCESS,,,,5,,,205,,,,,,,ho_attempt=1607 rach_attempt=572,,,
2026-07-01 04:00:00,XYZ408,,pm,PM_SNAPSHOT,FAIL,,,,11,,,294,,,,,,,ho_attempt=1867 rach_attempt=670,,,
2026-07-01 04:00:00,XYZ407,,pm,PM_SNAPSHOT,SUCCESS,,,,9,,,593,,,,,,,ho_attempt=1503 rach_attempt=693,,,
2026-07-01 04:00:00,XYZ406,,pm,PM_SNAPSHOT,FAIL,,,,12,,,142,,,,,,,ho_attempt=1924 rach_attempt=832,,,
2026-07-01 04:00:00,XYZ402,,pm,PM_SNAPSHOT,FAIL,,,,7,,,256,,,,,,,ho_attempt=1947 rach_attempt=785,,,
2026-07-01 04:00:00,XYZ404,,pm,PM_SNAPSHOT,FAIL,,,,9,,,205,,,,,,,ho_attempt=846 rach_attempt=982,,,
2026-07-01 04:00:00,XYZ403,,pm,PM_SNAPSHOT,FAIL,,,,10,,,708,,,,,,,ho_attempt=1160 rach_attempt=333,,,
2026-07-01 04:00:00,XYZ401,,pm,PM_SNAPSHOT,FAIL,,,,12,,,319,,,,,,,ho_attempt=586 rach_attempt=720,,,
2026-07-01 04:00:00,XYZ405,,pm,PM_SNAPSHOT,FAIL,,,,8,,,526,,,,,,,ho_attempt=1314 rach_attempt=519,,,
2026-07-01 04:01:00,XYZ406,,pm,PM_SNAPSHOT,FAIL,,,,11,,,115,,,,,,,ho_attempt=538 rach_attempt=412,,,
2026-07-01 04:01:00,XYZ408,,pm,PM_SNAPSHOT,FAIL,,,,7,,,532,,,,,,,ho_attempt=1237 rach_attempt=329,,,
2026-07-01 04:01:00,XYZ407,,pm,PM_SNAPSHOT,FAIL,,,,12,,,694,,,,,,,ho_attempt=1482 rach_attempt=504,,,
2026-07-01 04:01:00,XYZ405,,pm,PM_SNAPSHOT,FAIL,,,,13,,,350,,,,,,,ho_attempt=558 rach_attempt=552,,,
2026-07-01 04:01:00,XYZ409,,pm,PM_SNAPSHOT,FAIL,,,,15,,,352,,,,,,,ho_attempt=834 rach_attempt=982,,,
2026-07-01 04:01:00,XYZ403,,pm,PM_SNAPSHOT,FAIL,,,,14,,,655,,,,,,,ho_attempt=1273 rach_attempt=316,,,
2026-07-01 04:01:00,XYZ401,,pm,PM_SNAPSHOT,FAIL,,,,2,,,455,,,,,,,ho_attempt=1337 rach_attempt=541,,,
2026-07-01 04:01:00,XYZ404,,pm,PM_SNAPSHOT,FAIL,,,,15,,,514,,,,,,,ho_attempt=1811 rach_attempt=441,,,
2026-07-01 04:01:00,XYZ402,,pm,PM_SNAPSHOT,FAIL,,,,8,,,471,,,,,,,ho_attempt=1746 rach_attempt=827,,,
2026-07-01 04:02:00,XYZ401,,pm,PM_SNAPSHOT,FAIL,,,,14,,,393,,,,,,,ho_attempt=1833 rach_attempt=655,,,
2026-07-01 04:02:00,XYZ403,,pm,PM_SNAPSHOT,SUCCESS,,,,12,,,183,,,,,,,ho_attempt=1410 rach_attempt=818,,,
2026-07-01 04:02:00,XYZ404,,pm,PM_SNAPSHOT,SUCCESS,,,,7,,,317,,,,,,,ho_attempt=1740 rach_attempt=865,,,
2026-07-01 04:02:00,XYZ405,,pm,PM_SNAPSHOT,FAIL,,,,12,,,156,,,,,,,ho_attempt=682 rach_attempt=871,,,
2026-07-01 04:02:00,XYZ407,,pm,PM_SNAPSHOT,FAIL,,,,11,,,563,,,,,,,ho_attempt=1187 rach_attempt=437,,,
2026-07-01 04:02:00,XYZ409,,pm,PM_SNAPSHOT,FAIL,,,,8,,,782,,,,,,,ho_attempt=1069 rach_attempt=307,,,
2026-07-01 04:03:00,XYZ401,,pm,PM_SNAPSHOT,FAIL,,,,5,,,62,,,,,,,ho_attempt=1747 rach_attempt=816,,,
2026-07-01 04:03:00,XYZ403,,pm,PM_SNAPSHOT,SUCCESS,,,,8,,,409,,,,,,,ho_attempt=1296 rach_attempt=285,,,
2026-07-01 04:03:00,XYZ404,,pm,PM_SNAPSHOT,SUCCESS,,,,13,,,189,,,,,,,ho_attempt=1092 rach_attempt=399,,,
2026-07-01 04:03:00,XYZ405,,pm,PM_SNAPSHOT,FAIL,,,,8,,,429,,,,,,,ho_attempt=1664 rach_attempt=355,,,
2026-07-01 04:03:00,XYZ407,,pm,PM_SNAPSHOT,SUCCESS,,,,8,,,214,,,,,,,ho_attempt=1622 rach_attempt=907,,,
2026-07-01 04:04:00,XYZ404,,pm,PM_SNAPSHOT,FAIL,,,,9,,,613,,,,,,,ho_attempt=1415 rach_attempt=930,,,
2026-07-01 04:04:00,XYZ407,,pm,PM_SNAPSHOT,FAIL,,,,15,,,306,,,,,,,ho_attempt=1203 rach_attempt=729,,,
2026-07-01 04:04:00,XYZ401,,pm,PM_SNAPSHOT,FAIL,,,,4,,,190,,,,,,,ho_attempt=1213 rach_attempt=725,,,
2026-07-01 04:04:00,XYZ405,,pm,PM_SNAPSHOT,FAIL,,,,6,,,737,,,,,,,ho_attempt=1952 rach_attempt=827,,,
2026-07-01 04:05:00,XYZ401,,pm,PM_SNAPSHOT,SUCCESS,,,,4,,,577,,,,,,,ho_attempt=1394 rach_attempt=951,,,
2026-07-01 04:05:00,XYZ404,,pm,PM_SNAPSHOT,FAIL,,,,12,,,553,,,,,,,ho_attempt=1668 rach_attempt=513,,,
2026-07-01 04:05:00,XYZ405,,pm,PM_SNAPSHOT,FAIL,,,,4,,,265,,,,,,,ho_attempt=1056 rach_attempt=762,,,
2026-07-01 04:05:00,XYZ407,,pm,PM_SNAPSHOT,FAIL,,,,15,,,640,,,,,,,ho_attempt=837 rach_attempt=300,,,
2026-07-01 04:06:00,XYZ401,,pm,PM_SNAPSHOT,FAIL,,,,3,,,657,,,,,,,ho_attempt=1799 rach_attempt=553,,,
2026-07-01 04:06:00,XYZ404,,pm,PM_SNAPSHOT,FAIL,,,,14,,,406,,,,,,,ho_attempt=1509 rach_attempt=974,,,
2026-07-01 04:06:00,XYZ405,,pm,PM_SNAPSHOT,FAIL,,,,9,,,284,,,,,,,ho_attempt=1161 rach_attempt=625,,,
2026-07-01 04:07:00,XYZ401,,pm,PM_SNAPSHOT,FAIL,,,,12,,,477,,,,,,,ho_attempt=1698 rach_attempt=908,,,
2026-07-01 05:00:00,XYZ407,,pm,PM_SNAPSHOT,SUCCESS,,,,15,,,728,,,,,,,ho_attempt=1797 rach_attempt=389,,,
2026-07-01 05:00:00,XYZ409,,pm,PM_SNAPSHOT,FAIL,,,,6,,,96,,,,,,,ho_attempt=1884 rach_attempt=763,,,
2026-07-01 05:00:00,XYZ408,,pm,PM_SNAPSHOT,FAIL,,,,8,,,670,,,,,,,ho_attempt=1421 rach_attempt=254,,,
2026-07-01 05:00:00,XYZ410,,pm,PM_SNAPSHOT,FAIL,,,,15,,,698,,,,,,,ho_attempt=855 rach_attempt=843,,,
2026-07-01 05:00:00,XYZ406,,pm,PM_SNAPSHOT,SUCCESS,,,,12,,,490,,,,,,,ho_attempt=1889 rach_attempt=897,,,
2026-07-01 05:00:00,XYZ404,,pm,PM_SNAPSHOT,FAIL,,,,9,,,276,,,,,,,ho_attempt=1324 rach_attempt=935,,,
2026-07-01 05:00:00,XYZ401,,pm,PM_SNAPSHOT,FAIL,,,,11,,,259,,,,,,,ho_attempt=1542 rach_attempt=238,,,
2026-07-01 05:00:00,XYZ405,,pm,PM_SNAPSHOT,FAIL,,,,4,,,598,,,,,,,ho_attempt=597 rach_attempt=942,,,
2026-07-01 05:00:00,XYZ403,,pm,PM_SNAPSHOT,FAIL,,,,10,,,494,,,,,,,ho_attempt=560 rach_attempt=395,,,
2026-07-01 05:00:00,XYZ402,,pm,PM_SNAPSHOT,FAIL,,,,4,,,267,,,,,,,ho_attempt=1139 rach_attempt=242,,,
2026-07-01 05:01:00,XYZ401,,pm,PM_SNAPSHOT,SUCCESS,,,,14,,,111,,,,,,,ho_attempt=1208 rach_attempt=462,,,
2026-07-01 05:01:00,XYZ402,,pm,PM_SNAPSHOT,FAIL,,,,11,,,706,,,,,,,ho_attempt=1794 rach_attempt=662,,,
2026-07-01 05:01:00,XYZ403,,pm,PM_SNAPSHOT,FAIL,,,,14,,,160,,,,,,,ho_attempt=1855 rach_attempt=771,,,
2026-07-01 05:01:00,XYZ405,,pm,PM_SNAPSHOT,FAIL,,,,15,,,591,,,,,,,ho_attempt=510 rach_attempt=622,,,
2026-07-01 05:01:00,XYZ407,,pm,PM_SNAPSHOT,FAIL,,,,6,,,543,,,,,,,ho_attempt=1569 rach_attempt=368,,,
2026-07-01 05:01:00,XYZ408,,pm,PM_SNAPSHOT,FAIL,,,,13,,,461,,,,,,,ho_attempt=1604 rach_attempt=266,,,
2026-07-01 05:01:00,XYZ409,,pm,PM_SNAPSHOT,FAIL,,,,4,,,335,,,,,,,ho_attempt=1643 rach_attempt=780,,,
2026-07-01 05:01:00,XYZ410,,pm,PM_SNAPSHOT,FAIL,,,,13,,,276,,,,,,,ho_attempt=1048 rach_attempt=746,,,
2026-07-01 05:01:00,XYZ404,,pm,PM_SNAPSHOT,FAIL,,,,12,,,203,,,,,,,ho_attempt=554 rach_attempt=982,,,
2026-07-01 05:02:00,XYZ410,,pm,PM_SNAPSHOT,FAIL,,,,8,,,650,,,,,,,ho_attempt=1203 rach_attempt=586,,,
2026-07-01 05:02:00,XYZ408,,pm,PM_SNAPSHOT,FAIL,,,,5,,,212,,,,,,,ho_attempt=1745 rach_attempt=472,,,
2026-07-01 05:02:00,XYZ409,,pm,PM_SNAPSHOT,FAIL,,,,4,,,125,,,,,,,ho_attempt=1669 rach_attempt=329,,,
2026-07-01 05:02:00,XYZ404,,pm,PM_SNAPSHOT,FAIL,,,,1,,,392,,,,,,,ho_attempt=627 rach_attempt=875,,,
2026-07-01 05:02:00,XYZ403,,pm,PM_SNAPSHOT,FAIL,,,,4,,,456,,,,,,,ho_attempt=1868 rach_attempt=690,,,
2026-07-01 05:02:00,XYZ401,,pm,PM_SNAPSHOT,SUCCESS,,,,12,,,707,,,,,,,ho_attempt=1482 rach_attempt=242,,,
2026-07-01 05:02:00,XYZ405,,pm,PM_SNAPSHOT,FAIL,,,,7,,,762,,,,,,,ho_attempt=1596 rach_attempt=903,,,
2026-07-01 05:03:00,XYZ401,,pm,PM_SNAPSHOT,FAIL,,,,13,,,677,,,,,,,ho_attempt=1665 rach_attempt=902,,,
2026-07-01 05:03:00,XYZ403,,pm,PM_SNAPSHOT,SUCCESS,,,,1,,,280,,,,,,,ho_attempt=1433 rach_attempt=566,,,
2026-07-01 05:03:00,XYZ404,,pm,PM_SNAPSHOT,FAIL,,,,6,,,132,,,,,,,ho_attempt=1435 rach_attempt=714,,,
2026-07-01 05:03:00,XYZ405,,pm,PM_SNAPSHOT,FAIL,,,,12,,,483,,,,,,,ho_attempt=1471 rach_attempt=227,,,
2026-07-01 05:03:00,XYZ408,,pm,PM_SNAPSHOT,FAIL,,,,7,,,698,,,,,,,ho_attempt=1014 rach_attempt=246,,,
2026-07-01 05:03:00,XYZ409,,pm,PM_SNAPSHOT,SUCCESS,,,,1,,,654,,,,,,,ho_attempt=1326 rach_attempt=580,,,
2026-07-01 05:04:00,XYZ409,,pm,PM_SNAPSHOT,FAIL,,,,4,,,295,,,,,,,ho_attempt=1637 rach_attempt=704,,,
2026-07-01 05:04:00,XYZ401,,pm,PM_SNAPSHOT,FAIL,,,,12,,,538,,,,,,,ho_attempt=1543 rach_attempt=745,,,
2026-07-01 05:04:00,XYZ403,,pm,PM_SNAPSHOT,FAIL,,,,4,,,505,,,,,,,ho_attempt=1390 rach_attempt=220,,,
2026-07-01 05:04:00,XYZ404,,pm,PM_SNAPSHOT,FAIL,,,,11,,,542,,,,,,,ho_attempt=1716 rach_attempt=506,,,
2026-07-01 05:04:00,XYZ405,,pm,PM_SNAPSHOT,FAIL,,,,8,,,117,,,,,,,ho_attempt=1524 rach_attempt=787,,,
2026-07-01 05:04:00,XYZ408,,pm,PM_SNAPSHOT,FAIL,,,,3,,,440,,,,,,,ho_attempt=1366 rach_attempt=795,,,
2026-07-01 05:05:00,XYZ409,,pm,PM_SNAPSHOT,FAIL,,,,2,,,725,,,,,,,ho_attempt=1186 rach_attempt=348,,,
2026-07-01 05:05:00,XYZ405,,pm,PM_SNAPSHOT,SUCCESS,,,,9,,,787,,,,,,,ho_attempt=1707 rach_attempt=803,,,
2026-07-01 05:05:00,XYZ401,,pm,PM_SNAPSHOT,SUCCESS,,,,12,,,709,,,,,,,ho_attempt=1026 rach_attempt=265,,,
2026-07-01 05:06:00,XYZ409,,pm,PM_SNAPSHOT,FAIL,,,,13,,,590,,,,,,,ho_attempt=1031 rach_attempt=742,,,
2026-07-01 06:00:00,XYZ401,,pm,PM_SNAPSHOT,FAIL,,,,1,,,503,,,,,,,ho_attempt=1188 rach_attempt=693,,,
2026-07-01 06:00:00,XYZ402,,pm,PM_SNAPSHOT,FAIL,,,,15,,,480,,,,,,,ho_attempt=1235 rach_attempt=272,,,
2026-07-01 06:00:00,XYZ403,,pm,PM_SNAPSHOT,FAIL,,,,2,,,573,,,,,,,ho_attempt=1507 rach_attempt=813,,,
2026-07-01 06:00:00,XYZ404,,pm,PM_SNAPSHOT,FAIL,,,,12,,,663,,,,,,,ho_attempt=1999 rach_attempt=209,,,
2026-07-01 06:00:00,XYZ405,,pm,PM_SNAPSHOT,FAIL,,,,15,,,582,,,,,,,ho_attempt=1882 rach_attempt=218,,,
2026-07-01 06:00:00,XYZ406,,pm,PM_SNAPSHOT,FAIL,,,,15,,,284,,,,,,,ho_attempt=810 rach_attempt=978,,,
2026-07-01 06:00:00,XYZ407,,pm,PM_SNAPSHOT,FAIL,,,,13,,,164,,,,,,,ho_attempt=517 rach_attempt=358,,,
2026-07-01 06:00:00,XYZ408,,pm,PM_SNAPSHOT,SUCCESS,,,,1,,,239,,,,,,,ho_attempt=1438 rach_attempt=542,,,
2026-07-01 06:00:00,XYZ409,,pm,PM_SNAPSHOT,FAIL,,,,5,,,750,,,,,,,ho_attempt=1524 rach_attempt=696,,,
2026-07-01 06:00:00,XYZ410,,pm,PM_SNAPSHOT,FAIL,,,,12,,,354,,,,,,,ho_attempt=918 rach_attempt=763,,,
2026-07-01 06:01:00,XYZ410,,pm,PM_SNAPSHOT,FAIL,,,,12,,,596,,,,,,,ho_attempt=784 rach_attempt=596,,,
2026-07-01 06:01:00,XYZ409,,pm,PM_SNAPSHOT,FAIL,,,,1,,,628,,,,,,,ho_attempt=627 rach_attempt=926,,,
2026-07-01 06:01:00,XYZ408,,pm,PM_SNAPSHOT,SUCCESS,,,,15,,,481,,,,,,,ho_attempt=1245 rach_attempt=796,,,
2026-07-01 06:01:00,XYZ407,,pm,PM_SNAPSHOT,FAIL,,,,15,,,448,,,,,,,ho_attempt=1693 rach_attempt=641,,,
2026-07-01 06:01:00,XYZ404,,pm,PM_SNAPSHOT,FAIL,,,,13,,,602,,,,,,,ho_attempt=554 rach_attempt=999,,,
2026-07-01 06:01:00,XYZ403,,pm,PM_SNAPSHOT,FAIL,,,,9,,,314,,,,,,,ho_attempt=1313 rach_attempt=886,,,
2026-07-01 06:01:00,XYZ402,,pm,PM_SNAPSHOT,FAIL,,,,5,,,290,,,,,,,ho_attempt=1106 rach_attempt=331,,,
2026-07-01 06:01:00,XYZ401,,pm,PM_SNAPSHOT,FAIL,,,,8,,,473,,,,,,,ho_attempt=1480 rach_attempt=211,,,
2026-07-01 06:01:00,XYZ405,,pm,PM_SNAPSHOT,FAIL,,,,6,,,220,,,,,,,ho_attempt=1455 rach_attempt=795,,,
2026-07-01 06:02:00,XYZ401,,pm,PM_SNAPSHOT,FAIL,,,,13,,,289,,,,,,,ho_attempt=1438 rach_attempt=665,,,
2026-07-01 06:02:00,XYZ403,,pm,PM_SNAPSHOT,FAIL,,,,9,,,710,,,,,,,ho_attempt=1563 rach_attempt=286,,,
2026-07-01 06:02:00,XYZ404,,pm,PM_SNAPSHOT,FAIL,,,,4,,,727,,,,,,,ho_attempt=1226 rach_attempt=635,,,
2026-07-01 06:02:00,XYZ405,,pm,PM_SNAPSHOT,FAIL,,,,5,,,785,,,,,,,ho_attempt=1293 rach_attempt=449,,,
2026-07-01 06:02:00,XYZ407,,pm,PM_SNAPSHOT,FAIL,,,,6,,,574,,,,,,,ho_attempt=1875 rach_attempt=501,,,
2026-07-01 06:02:00,XYZ408,,pm,PM_SNAPSHOT,SUCCESS,,,,14,,,133,,,,,,,ho_attempt=873 rach_attempt=206,,,
2026-07-01 06:02:00,XYZ409,,pm,PM_SNAPSHOT,FAIL,,,,9,,,339,,,,,,,ho_attempt=1939 rach_attempt=693,,,
2026-07-01 06:03:00,XYZ408,,pm,PM_SNAPSHOT,SUCCESS,,,,7,,,469,,,,,,,ho_attempt=863 rach_attempt=453,,,
2026-07-01 06:03:00,XYZ409,,pm,PM_SNAPSHOT,FAIL,,,,10,,,750,,,,,,,ho_attempt=1636 rach_attempt=416,,,
2026-07-01 06:03:00,XYZ405,,pm,PM_SNAPSHOT,SUCCESS,,,,11,,,461,,,,,,,ho_attempt=618 rach_attempt=543,,,
2026-07-01 06:03:00,XYZ401,,pm,PM_SNAPSHOT,FAIL,,,,10,,,188,,,,,,,ho_attempt=669 rach_attempt=759,,,
2026-07-01 06:03:00,XYZ403,,pm,PM_SNAPSHOT,FAIL,,,,13,,,424,,,,,,,ho_attempt=1386 rach_attempt=635,,,
2026-07-01 06:03:00,XYZ404,,pm,PM_SNAPSHOT,FAIL,,,,7,,,489,,,,,,,ho_attempt=875 rach_attempt=773,,,
2026-07-01 06:04:00,XYZ401,,pm,PM_SNAPSHOT,FAIL,,,,2,,,68,,,,,,,ho_attempt=536 rach_attempt=601,,,
2026-07-01 06:04:00,XYZ404,,pm,PM_SNAPSHOT,FAIL,,,,15,,,534,,,,,,,ho_attempt=1585 rach_attempt=264,,,
2026-07-01 06:04:00,XYZ408,,pm,PM_SNAPSHOT,FAIL,,,,14,,,226,,,,,,,ho_attempt=741 rach_attempt=927,,,
2026-07-01 06:04:00,XYZ409,,pm,PM_SNAPSHOT,FAIL,,,,15,,,380,,,,,,,ho_attempt=1012 rach_attempt=242,,,
2026-07-01 06:05:00,XYZ401,,pm,PM_SNAPSHOT,FAIL,,,,13,,,614,,,,,,,ho_attempt=1685 rach_attempt=480,,,
2026-07-01 06:05:00,XYZ404,,pm,PM_SNAPSHOT,FAIL,,,,15,,,94,,,,,,,ho_attempt=527 rach_attempt=281,,,
2026-07-01 06:05:00,XYZ408,,pm,PM_SNAPSHOT,FAIL,,,,13,,,64,,,,,,,ho_attempt=994 rach_attempt=981,,,
2026-07-01 06:06:00,XYZ401,,pm,PM_SNAPSHOT,SUCCESS,,,,10,,,209,,,,,,,ho_attempt=1676 rach_attempt=311,,,
2026-07-01 06:06:00,XYZ408,,pm,PM_SNAPSHOT,FAIL,,,,9,,,323,,,,,,,ho_attempt=1074 rach_attempt=458,,,
2026-07-01 06:07:00,XYZ401,,pm,PM_SNAPSHOT,FAIL,,,,8,,,378,,,,,,,ho_attempt=1650 rach_attempt=598,,,
2026-07-01 07:00:00,XYZ409,,pm,PM_SNAPSHOT,SUCCESS,,,,11,,,250,,,,,,,ho_attempt=647 rach_attempt=738,,,
2026-07-01 07:00:00,XYZ408,,pm,PM_SNAPSHOT,FAIL,,,,13,,,191,,,,,,,ho_attempt=1999 rach_attempt=856,,,
2026-07-01 07:00:00,XYZ407,,pm,PM_SNAPSHOT,FAIL,,,,3,,,65,,,,,,,ho_attempt=1847 rach_attempt=218,,,
2026-07-01 07:00:00,XYZ406,,pm,PM_SNAPSHOT,FAIL,,,,5,,,473,,,,,,,ho_attempt=1220 rach_attempt=847,,,
2026-07-01 07:00:00,XYZ401,,pm,PM_SNAPSHOT,FAIL,,,,1,,,719,,,,,,,ho_attempt=1522 rach_attempt=857,,,
2026-07-01 07:00:00,XYZ404,,pm,PM_SNAPSHOT,FAIL,,,,4,,,466,,,,,,,ho_attempt=1454 rach_attempt=525,,,
2026-07-01 07:00:00,XYZ403,,pm,PM_SNAPSHOT,FAIL,,,,12,,,525,,,,,,,ho_attempt=1066 rach_attempt=490,,,
2026-07-01 07:00:00,XYZ402,,pm,PM_SNAPSHOT,FAIL,,,,9,,,541,,,,,,,ho_attempt=541 rach_attempt=371,,,
2026-07-01 07:00:00,XYZ405,,pm,PM_SNAPSHOT,SUCCESS,,,,7,,,776,,,,,,,ho_attempt=1701 rach_attempt=577,,,
2026-07-01 07:01:00,XYZ406,,pm,PM_SNAPSHOT,SUCCESS,,,,11,,,419,,,,,,,ho_attempt=1488 rach_attempt=382,,,
2026-07-01 07:01:00,XYZ408,,pm,PM_SNAPSHOT,FAIL,,,,10,,,578,,,,,,,ho_attempt=1122 rach_attempt=360,,,
2026-07-01 07:01:00,XYZ407,,pm,PM_SNAPSHOT,FAIL,,,,5,,,786,,,,,,,ho_attempt=1268 rach_attempt=782,,,
2026-07-01 07:01:00,XYZ405,,pm,PM_SNAPSHOT,FAIL,,,,14,,,660,,,,,,,ho_attempt=538 rach_attempt=329,,,
2026-07-01 07:01:00,XYZ409,,pm,PM_SNAPSHOT,FAIL,,,,6,,,444,,,,,,,ho_attempt=1824 rach_attempt=242,,,
2026-07-01 07:01:00,XYZ403,,pm,PM_SNAPSHOT,SUCCESS,,,,7,,,484,,,,,,,ho_attempt=1020 rach_attempt=228,,,
2026-07-01 07:01:00,XYZ401,,pm,PM_SNAPSHOT,SUCCESS,,,,9,,,350,,,,,,,ho_attempt=541 rach_attempt=510,,,
2026-07-01 07:01:00,XYZ404,,pm,PM_SNAPSHOT,FAIL,,,,15,,,436,,,,,,,ho_attempt=1093 rach_attempt=682,,,
2026-07-01 07:01:00,XYZ402,,pm,PM_SNAPSHOT,FAIL,,,,12,,,162,,,,,,,ho_attempt=1475 rach_attempt=725,,,
2026-07-01 07:02:00,XYZ401,,pm,PM_SNAPSHOT,FAIL,,,,5,,,263,,,,,,,ho_attempt=565 rach_attempt=780,,,
2026-07-01 07:02:00,XYZ402,,pm,PM_SNAPSHOT,SUCCESS,,,,4,,,764,,,,,,,ho_attempt=855 rach_attempt=460,,,
2026-07-01 07:02:00,XYZ403,,pm,PM_SNAPSHOT,FAIL,,,,11,,,215,,,,,,,ho_attempt=1308 rach_attempt=909,,,
2026-07-01 07:02:00,XYZ404,,pm,PM_SNAPSHOT,FAIL,,,,4,,,336,,,,,,,ho_attempt=1756 rach_attempt=577,,,
2026-07-01 07:02:00,XYZ405,,pm,PM_SNAPSHOT,FAIL,,,,10,,,489,,,,,,,ho_attempt=1562 rach_attempt=462,,,
2026-07-01 07:02:00,XYZ406,,pm,PM_SNAPSHOT,FAIL,,,,12,,,203,,,,,,,ho_attempt=665 rach_attempt=822,,,
2026-07-01 07:02:00,XYZ407,,pm,PM_SNAPSHOT,FAIL,,,,12,,,369,,,,,,,ho_attempt=990 rach_attempt=760,,,
2026-07-01 07:02:00,XYZ408,,pm,PM_SNAPSHOT,FAIL,,,,10,,,171,,,,,,,ho_attempt=725 rach_attempt=212,,,
2026-07-01 07:02:00,XYZ409,,pm,PM_SNAPSHOT,FAIL,,,,15,,,362,,,,,,,ho_attempt=811 rach_attempt=780,,,
2026-07-01 07:03:00,XYZ406,,pm,PM_SNAPSHOT,FAIL,,,,10,,,458,,,,,,,ho_attempt=651 rach_attempt=863,,,
2026-07-01 07:03:00,XYZ408,,pm,PM_SNAPSHOT,FAIL,,,,13,,,723,,,,,,,ho_attempt=1189 rach_attempt=823,,,
2026-07-01 07:03:00,XYZ405,,pm,PM_SNAPSHOT,SUCCESS,,,,7,,,253,,,,,,,ho_attempt=823 rach_attempt=967,,,
2026-07-01 07:03:00,XYZ402,,pm,PM_SNAPSHOT,FAIL,,,,14,,,772,,,,,,,ho_attempt=722 rach_attempt=631,,,
2026-07-01 07:03:00,XYZ401,,pm,PM_SNAPSHOT,FAIL,,,,15,,,192,,,,,,,ho_attempt=812 rach_attempt=880,,,
2026-07-01 07:03:00,XYZ404,,pm,PM_SNAPSHOT,FAIL,,,,11,,,550,,,,,,,ho_attempt=599 rach_attempt=640,,,
2026-07-01 07:04:00,XYZ402,,pm,PM_SNAPSHOT,FAIL,,,,9,,,669,,,,,,,ho_attempt=1642 rach_attempt=703,,,
2026-07-01 07:04:00,XYZ405,,pm,PM_SNAPSHOT,FAIL,,,,3,,,211,,,,,,,ho_attempt=1296 rach_attempt=482,,,
2026-07-01 07:04:00,XYZ406,,pm,PM_SNAPSHOT,FAIL,,,,3,,,68,,,,,,,ho_attempt=1684 rach_attempt=482,,,
2026-07-01 07:04:00,XYZ408,,pm,PM_SNAPSHOT,FAIL,,,,15,,,243,,,,,,,ho_attempt=1215 rach_attempt=860,,,
2026-07-01 07:05:00,XYZ408,,pm,PM_SNAPSHOT,FAIL,,,,9,,,63,,,,,,,ho_attempt=1233 rach_attempt=212,,,
2026-07-01 07:05:00,XYZ405,,pm,PM_SNAPSHOT,FAIL,,,,8,,,370,,,,,,,ho_attempt=1686 rach_attempt=327,,,
2026-07-01 07:06:00,XYZ405,,pm,PM_SNAPSHOT,FAIL,,,,15,,,247,,,,,,,ho_attempt=501 rach_attempt=940,,,
2026-07-01 07:06:00,XYZ408,,pm,PM_SNAPSHOT,SUCCESS,,,,9,,,785,,,,,,,ho_attempt=926 rach_attempt=580,,,
2026-07-01 07:07:00,XYZ405,,pm,PM_SNAPSHOT,FAIL,,,,4,,,540,,,,,,,ho_attempt=1558 rach_attempt=493,,,
2026-07-01 08:00:00,XYZ407,,pm,PM_SNAPSHOT,FAIL,,,,12,,,709,,,,,,,ho_attempt=841 rach_attempt=868,,,
2026-07-01 08:00:00,XYZ406,,pm,PM_SNAPSHOT,FAIL,,,,1,,,722,,,,,,,ho_attempt=951 rach_attempt=682,,,
2026-07-01 08:00:00,XYZ409,,pm,PM_SNAPSHOT,FAIL,,,,9,,,753,,,,,,,ho_attempt=690 rach_attempt=972,,,
2026-07-01 08:00:00,XYZ408,,pm,PM_SNAPSHOT,FAIL,,,,10,,,178,,,,,,,ho_attempt=1656 rach_attempt=653,,,
2026-07-01 08:00:00,XYZ410,,pm,PM_SNAPSHOT,FAIL,,,,1,,,535,,,,,,,ho_attempt=645 rach_attempt=682,,,
2026-07-01 08:00:00,XYZ405,,pm,PM_SNAPSHOT,FAIL,,,,10,,,526,,,,,,,ho_attempt=870 rach_attempt=301,,,
2026-07-01 08:00:00,XYZ403,,pm,PM_SNAPSHOT,FAIL,,,,6,,,98,,,,,,,ho_attempt=697 rach_attempt=770,,,
2026-07-01 08:00:00,XYZ402,,pm,PM_SNAPSHOT,FAIL,,,,6,,,724,,,,,,,ho_attempt=1375 rach_attempt=697,,,
2026-07-01 08:00:00,XYZ401,,pm,PM_SNAPSHOT,FAIL,,,,1,,,317,,,,,,,ho_attempt=1909 rach_attempt=753,,,
2026-07-01 08:00:00,XYZ404,,pm,PM_SNAPSHOT,FAIL,,,,13,,,340,,,,,,,ho_attempt=1201 rach_attempt=599,,,
2026-07-01 08:01:00,XYZ410,,pm,PM_SNAPSHOT,FAIL,,,,14,,,414,,,,,,,ho_attempt=1349 rach_attempt=963,,,
2026-07-01 08:01:00,XYZ409,,pm,PM_SNAPSHOT,SUCCESS,,,,12,,,795,,,,,,,ho_attempt=656 rach_attempt=761,,,
2026-07-01 08:01:00,XYZ408,,pm,PM_SNAPSHOT,FAIL,,,,10,,,695,,,,,,,ho_attempt=1089 rach_attempt=511,,,
2026-07-01 08:01:00,XYZ407,,pm,PM_SNAPSHOT,SUCCESS,,,,10,,,711,,,,,,,ho_attempt=1914 rach_attempt=832,,,
2026-07-01 08:01:00,XYZ406,,pm,PM_SNAPSHOT,FAIL,,,,8,,,381,,,,,,,ho_attempt=1638 rach_attempt=552,,,
2026-07-01 08:01:00,XYZ405,,pm,PM_SNAPSHOT,FAIL,,,,3,,,651,,,,,,,ho_attempt=524 rach_attempt=461,,,
2026-07-01 08:01:00,XYZ404,,pm,PM_SNAPSHOT,SUCCESS,,,,13,,,558,,,,,,,ho_attempt=1986 rach_attempt=296,,,
2026-07-01 08:01:00,XYZ403,,pm,PM_SNAPSHOT,FAIL,,,,13,,,622,,,,,,,ho_attempt=1701 rach_attempt=879,,,
2026-07-01 08:01:00,XYZ402,,pm,PM_SNAPSHOT,FAIL,,,,10,,,227,,,,,,,ho_attempt=705 rach_attempt=592,,,
2026-07-01 08:01:00,XYZ401,,pm,PM_SNAPSHOT,FAIL,,,,4,,,399,,,,,,,ho_attempt=1746 rach_attempt=224,,,
2026-07-01 08:02:00,XYZ409,,pm,PM_SNAPSHOT,FAIL,,,,7,,,589,,,,,,,ho_attempt=1075 rach_attempt=622,,,
2026-07-01 08:02:00,XYZ410,,pm,PM_SNAPSHOT,SUCCESS,,,,6,,,701,,,,,,,ho_attempt=1939 rach_attempt=884,,,
2026-07-01 08:02:00,XYZ408,,pm,PM_SNAPSHOT,FAIL,,,,12,,,620,,,,,,,ho_attempt=1163 rach_attempt=983,,,
2026-07-01 08:02:00,XYZ407,,pm,PM_SNAPSHOT,FAIL,,,,14,,,243,,,,,,,ho_attempt=1879 rach_attempt=969,,,
2026-07-01 08:02:00,XYZ402,,pm,PM_SNAPSHOT,SUCCESS,,,,4,,,145,,,,,,,ho_attempt=510 rach_attempt=580,,,
2026-07-01 08:02:00,XYZ405,,pm,PM_SNAPSHOT,SUCCESS,,,,1,,,478,,,,,,,ho_attempt=996 rach_attempt=259,,,
2026-07-01 08:02:00,XYZ404,,pm,PM_SNAPSHOT,FAIL,,,,13,,,769,,,,,,,ho_attempt=516 rach_attempt=318,,,
2026-07-01 08:02:00,XYZ401,,pm,PM_SNAPSHOT,FAIL,,,,14,,,717,,,,,,,ho_attempt=1313 rach_attempt=279,,,
2026-07-01 08:02:00,XYZ406,,pm,PM_SNAPSHOT,FAIL,,,,4,,,786,,,,,,,ho_attempt=1209 rach_attempt=272,,,
2026-07-01 08:03:00,XYZ410,,pm,PM_SNAPSHOT,FAIL,,,,10,,,210,,,,,,,ho_attempt=1741 rach_attempt=467,,,
2026-07-01 08:03:00,XYZ401,,pm,PM_SNAPSHOT,FAIL,,,,9,,,98,,,,,,,ho_attempt=1372 rach_attempt=548,,,
2026-07-01 08:03:00,XYZ402,,pm,PM_SNAPSHOT,SUCCESS,,,,13,,,673,,,,,,,ho_attempt=724 rach_attempt=535,,,
2026-07-01 08:03:00,XYZ404,,pm,PM_SNAPSHOT,FAIL,,,,14,,,508,,,,,,,ho_attempt=1373 rach_attempt=758,,,
2026-07-01 08:03:00,XYZ405,,pm,PM_SNAPSHOT,FAIL,,,,4,,,313,,,,,,,ho_attempt=777 rach_attempt=864,,,
2026-07-01 08:03:00,XYZ406,,pm,PM_SNAPSHOT,FAIL,,,,1,,,752,,,,,,,ho_attempt=1262 rach_attempt=837,,,
2026-07-01 08:03:00,XYZ407,,pm,PM_SNAPSHOT,FAIL,,,,12,,,174,,,,,,,ho_attempt=1676 rach_attempt=412,,,
2026-07-01 08:03:00,XYZ408,,pm,PM_SNAPSHOT,FAIL,,,,12,,,714,,,,,,,ho_attempt=1251 rach_attempt=732,,,
2026-07-01 08:04:00,XYZ407,,pm,PM_SNAPSHOT,FAIL,,,,15,,,536,,,,,,,ho_attempt=723 rach_attempt=584,,,
2026-07-01 08:04:00,XYZ406,,pm,PM_SNAPSHOT,SUCCESS,,,,6,,,360,,,,,,,ho_attempt=1612 rach_attempt=825,,,
2026-07-01 08:04:00,XYZ404,,pm,PM_SNAPSHOT,FAIL,,,,3,,,789,,,,,,,ho_attempt=1446 rach_attempt=747,,,
2026-07-01 08:05:00,XYZ404,,pm,PM_SNAPSHOT,SUCCESS,,,,13,,,108,,,,,,,ho_attempt=1686 rach_attempt=330,,,
2026-07-01 08:05:00,XYZ407,,pm,PM_SNAPSHOT,SUCCESS,,,,9,,,282,,,,,,,ho_attempt=1508 rach_attempt=428,,,
2026-07-01 09:00:00,XYZ401,,pm,PM_SNAPSHOT,SUCCESS,,,,3,,,487,,,,,,,ho_attempt=1732 rach_attempt=269,,,
2026-07-01 09:00:00,XYZ402,,pm,PM_SNAPSHOT,FAIL,,,,6,,,84,,,,,,,ho_attempt=1206 rach_attempt=573,,,
2026-07-01 09:00:00,XYZ403,,pm,PM_SNAPSHOT,FAIL,,,,15,,,314,,,,,,,ho_attempt=1435 rach_attempt=466,,,
2026-07-01 09:00:00,XYZ404,,pm,PM_SNAPSHOT,FAIL,,,,4,,,525,,,,,,,ho_attempt=817 rach_attempt=820,,,
2026-07-01 09:00:00,XYZ405,,pm,PM_SNAPSHOT,FAIL,,,,8,,,624,,,,,,,ho_attempt=1387 rach_attempt=681,,,
2026-07-01 09:00:00,XYZ406,,pm,PM_SNAPSHOT,SUCCESS,,,,5,,,741,,,,,,,ho_attempt=1262 rach_attempt=563,,,
2026-07-01 09:00:00,XYZ407,,pm,PM_SNAPSHOT,FAIL,,,,13,,,132,,,,,,,ho_attempt=1872 rach_attempt=836,,,
2026-07-01 09:00:00,XYZ408,,pm,PM_SNAPSHOT,FAIL,,,,7,,,425,,,,,,,ho_attempt=664 rach_attempt=307,,,
2026-07-01 09:00:00,XYZ409,,pm,PM_SNAPSHOT,SUCCESS,,,,15,,,173,,,,,,,ho_attempt=975 rach_attempt=950,,,
2026-07-01 09:00:00,XYZ410,,pm,PM_SNAPSHOT,FAIL,,,,14,,,211,,,,,,,ho_attempt=540 rach_attempt=813,,,
2026-07-01 09:01:00,XYZ410,,pm,PM_SNAPSHOT,FAIL,,,,10,,,56,,,,,,,ho_attempt=528 rach_attempt=599,,,
2026-07-01 09:01:00,XYZ408,,pm,PM_SNAPSHOT,FAIL,,,,1,,,345,,,,,,,ho_attempt=1489 rach_attempt=852,,,
2026-07-01 09:01:00,XYZ407,,pm,PM_SNAPSHOT,FAIL,,,,13,,,232,,,,,,,ho_attempt=1257 rach_attempt=659,,,
2026-07-01 09:01:00,XYZ402,,pm,PM_SNAPSHOT,SUCCESS,,,,12,,,598,,,,,,,ho_attempt=1063 rach_attempt=441,,,
2026-07-01 09:01:00,XYZ405,,pm,PM_SNAPSHOT,FAIL,,,,13,,,300,,,,,,,ho_attempt=1894 rach_attempt=440,,,
2026-07-01 09:01:00,XYZ401,,pm,PM_SNAPSHOT,FAIL,,,,1,,,481,,,,,,,ho_attempt=1133 rach_attempt=847,,,
2026-07-01 09:01:00,XYZ406,,pm,PM_SNAPSHOT,FAIL,,,,14,,,152,,,,,,,ho_attempt=1562 rach_attempt=618,,,
2026-07-01 09:02:00,XYZ401,,pm,PM_SNAPSHOT,FAIL,,,,6,,,693,,,,,,,ho_attempt=1752 rach_attempt=798,,,
2026-07-01 09:02:00,XYZ402,,pm,PM_SNAPSHOT,FAIL,,,,4,,,322,,,,,,,ho_attempt=539 rach_attempt=209,,,
2026-07-01 09:02:00,XYZ405,,pm,PM_SNAPSHOT,FAIL,,,,9,,,770,,,,,,,ho_attempt=926 rach_attempt=785,,,
2026-07-01 09:02:00,XYZ406,,pm,PM_SNAPSHOT,FAIL,,,,12,,,163,,,,,,,ho_attempt=859 rach_attempt=389,,,
2026-07-01 09:02:00,XYZ407,,pm,PM_SNAPSHOT,FAIL,,,,13,,,381,,,,,,,ho_attempt=1723 rach_attempt=598,,,
2026-07-01 09:02:00,XYZ408,,pm,PM_SNAPSHOT,FAIL,,,,1,,,153,,,,,,,ho_attempt=1750 rach_attempt=501,,,
2026-07-01 09:02:00,XYZ410,,pm,PM_SNAPSHOT,FAIL,,,,14,,,80,,,,,,,ho_attempt=792 rach_attempt=718,,,
2026-07-01 09:03:00,XYZ410,,pm,PM_SNAPSHOT,FAIL,,,,11,,,428,,,,,,,ho_attempt=561 rach_attempt=793,,,
2026-07-01 09:03:00,XYZ408,,pm,PM_SNAPSHOT,SUCCESS,,,,9,,,461,,,,,,,ho_attempt=954 rach_attempt=699,,,
2026-07-01 09:03:00,XYZ407,,pm,PM_SNAPSHOT,FAIL,,,,2,,,424,,,,,,,ho_attempt=1872 rach_attempt=862,,,
2026-07-01 09:03:00,XYZ406,,pm,PM_SNAPSHOT,FAIL,,,,10,,,162,,,,,,,ho_attempt=1719 rach_attempt=687,,,
2026-07-01 09:03:00,XYZ402,,pm,PM_SNAPSHOT,FAIL,,,,3,,,429,,,,,,,ho_attempt=1598 rach_attempt=806,,,
2026-07-01 09:04:00,XYZ402,,pm,PM_SNAPSHOT,FAIL,,,,13,,,775,,,,,,,ho_attempt=1824 rach_attempt=331,,,
2026-07-01 09:04:00,XYZ406,,pm,PM_SNAPSHOT,FAIL,,,,6,,,719,,,,,,,ho_attempt=1292 rach_attempt=310,,,
2026-07-01 09:04:00,XYZ407,,pm,PM_SNAPSHOT,SUCCESS,,,,15,,,167,,,,,,,ho_attempt=1582 rach_attempt=248,,,
2026-07-01 09:04:00,XYZ408,,pm,PM_SNAPSHOT,FAIL,,,,15,,,149,,,,,,,ho_attempt=513 rach_attempt=277,,,
2026-07-01 09:04:00,XYZ410,,pm,PM_SNAPSHOT,SUCCESS,,,,7,,,548,,,,,,,ho_attempt=921 rach_attempt=549,,,
2026-07-01 09:05:00,XYZ406,,pm,PM_SNAPSHOT,FAIL,,,,4,,,617,,,,,,,ho_attempt=1300 rach_attempt=897,,,
2026-07-01 09:05:00,XYZ407,,pm,PM_SNAPSHOT,FAIL,,,,6,,,171,,,,,,,ho_attempt=1418 rach_attempt=257,,,
2026-07-01 09:05:00,XYZ408,,pm,PM_SNAPSHOT,FAIL,,,,14,,,327,,,,,,,ho_attempt=1385 rach_attempt=797,,,
2026-07-01 09:05:00,XYZ410,,pm,PM_SNAPSHOT,SUCCESS,,,,4,,,427,,,,,,,ho_attempt=1107 rach_attempt=924,,,
2026-07-01 09:06:00,XYZ406,,pm,PM_SNAPSHOT,FAIL,,,,12,,,342,,,,,,,ho_attempt=1052 rach_attempt=939,,,
2026-07-01 09:06:00,XYZ408,,pm,PM_SNAPSHOT,FAIL,,,,10,,,203,,,,,,,ho_attempt=1187 rach_attempt=239,,,
2026-07-01 09:06:00,XYZ410,,pm,PM_SNAPSHOT,SUCCESS,,,,15,,,736,,,,,,,ho_attempt=984 rach_attempt=849,,,
2026-07-01 09:07:00,XYZ406,,pm,PM_SNAPSHOT,FAIL,,,,12,,,82,,,,,,,ho_attempt=977 rach_attempt=395,,,
2026-07-01 10:00:00,XYZ401,,pm,PM_SNAPSHOT,FAIL,,,,13,,,219,,,,,,,ho_attempt=1271 rach_attempt=692,,,
2026-07-01 10:00:00,XYZ402,,pm,PM_SNAPSHOT,SUCCESS,,,,10,,,625,,,,,,,ho_attempt=970 rach_attempt=836,,,
2026-07-01 10:00:00,XYZ403,,pm,PM_SNAPSHOT,FAIL,,,,5,,,268,,,,,,,ho_attempt=1698 rach_attempt=644,,,
2026-07-01 10:00:00,XYZ404,,pm,PM_SNAPSHOT,FAIL,,,,14,,,158,,,,,,,ho_attempt=626 rach_attempt=793,,,
2026-07-01 10:00:00,XYZ405,,pm,PM_SNAPSHOT,FAIL,,,,2,,,437,,,,,,,ho_attempt=931 rach_attempt=354,,,
2026-07-01 10:00:00,XYZ406,,pm,PM_SNAPSHOT,SUCCESS,,,,14,,,595,,,,,,,ho_attempt=1702 rach_attempt=626,,,
2026-07-01 10:00:00,XYZ407,,pm,PM_SNAPSHOT,SUCCESS,,,,2,,,421,,,,,,,ho_attempt=1160 rach_attempt=821,,,
2026-07-01 10:00:00,XYZ408,,pm,PM_SNAPSHOT,FAIL,,,,7,,,50,,,,,,,ho_attempt=1586 rach_attempt=355,,,
2026-07-01 10:00:00,XYZ409,,pm,PM_SNAPSHOT,SUCCESS,,,,6,,,138,,,,,,,ho_attempt=681 rach_attempt=425,,,
2026-07-01 10:00:00,XYZ410,,pm,PM_SNAPSHOT,FAIL,,,,9,,,245,,,,,,,ho_attempt=1457 rach_attempt=963,,,
2026-07-01 10:01:00,XYZ410,,pm,PM_SNAPSHOT,SUCCESS,,,,1,,,392,,,,,,,ho_attempt=1668 rach_attempt=943,,,
2026-07-01 10:01:00,XYZ409,,pm,PM_SNAPSHOT,SUCCESS,,,,12,,,637,,,,,,,ho_attempt=1025 rach_attempt=624,,,
2026-07-01 10:01:00,XYZ407,,pm,PM_SNAPSHOT,SUCCESS,,,,2,,,102,,,,,,,ho_attempt=1796 rach_attempt=797,,,
2026-07-01 10:01:00,XYZ406,,pm,PM_SNAPSHOT,FAIL,,,,11,,,670,,,,,,,ho_attempt=1470 rach_attempt=323,,,
2026-07-01 10:01:00,XYZ408,,pm,PM_SNAPSHOT,SUCCESS,,,,7,,,798,,,,,,,ho_attempt=629 rach_attempt=714,,,
2026-07-01 10:01:00,XYZ404,,pm,PM_SNAPSHOT,FAIL,,,,11,,,671,,,,,,,ho_attempt=1531 rach_attempt=881,,,
2026-07-01 10:01:00,XYZ401,,pm,PM_SNAPSHOT,FAIL,,,,12,,,148,,,,,,,ho_attempt=1784 rach_attempt=441,,,
2026-07-01 10:01:00,XYZ402,,pm,PM_SNAPSHOT,FAIL,,,,7,,,427,,,,,,,ho_attempt=965 rach_attempt=604,,,
2026-07-01 10:01:00,XYZ405,,pm,PM_SNAPSHOT,FAIL,,,,11,,,584,,,,,,,ho_attempt=1447 rach_attempt=559,,,
2026-07-01 10:01:00,XYZ403,,pm,PM_SNAPSHOT,SUCCESS,,,,13,,,396,,,,,,,ho_attempt=1433 rach_attempt=408,,,
2026-07-01 10:02:00,XYZ401,,pm,PM_SNAPSHOT,FAIL,,,,10,,,486,,,,,,,ho_attempt=1291 rach_attempt=335,,,
2026-07-01 10:02:00,XYZ402,,pm,PM_SNAPSHOT,FAIL,,,,7,,,343,,,,,,,ho_attempt=1228 rach_attempt=219,,,
2026-07-01 10:02:00,XYZ403,,pm,PM_SNAPSHOT,FAIL,,,,2,,,90,,,,,,,ho_attempt=905 rach_attempt=749,,,
2026-07-01 10:02:00,XYZ404,,pm,PM_SNAPSHOT,FAIL,,,,1,,,122,,,,,,,ho_attempt=1481 rach_attempt=666,,,
2026-07-01 10:02:00,XYZ405,,pm,PM_SNAPSHOT,FAIL,,,,8,,,740,,,,,,,ho_attempt=1088 rach_attempt=254,,,
2026-07-01 10:02:00,XYZ406,,pm,PM_SNAPSHOT,FAIL,,,,6,,,103,,,,,,,ho_attempt=1423 rach_attempt=273,,,
2026-07-01 10:02:00,XYZ407,,pm,PM_SNAPSHOT,SUCCESS,,,,11,,,439,,,,,,,ho_attempt=1280 rach_attempt=685,,,
2026-07-01 10:02:00,XYZ410,,pm,PM_SNAPSHOT,FAIL,,,,3,,,514,,,,,,,ho_attempt=1199 rach_attempt=551,,,
2026-07-01 10:03:00,XYZ410,,pm,PM_SNAPSHOT,FAIL,,,,2,,,537,,,,,,,ho_attempt=1415 rach_attempt=323,,,
2026-07-01 10:03:00,XYZ406,,pm,PM_SNAPSHOT,SUCCESS,,,,11,,,282,,,,,,,ho_attempt=1807 rach_attempt=376,,,
2026-07-01 10:03:00,XYZ404,,pm,PM_SNAPSHOT,FAIL,,,,8,,,613,,,,,,,ho_attempt=1582 rach_attempt=810,,,
2026-07-01 10:03:00,XYZ405,,pm,PM_SNAPSHOT,FAIL,,,,1,,,150,,,,,,,ho_attempt=1893 rach_attempt=549,,,
2026-07-01 10:03:00,XYZ402,,pm,PM_SNAPSHOT,FAIL,,,,14,,,237,,,,,,,ho_attempt=919 rach_attempt=607,,,
2026-07-01 10:03:00,XYZ401,,pm,PM_SNAPSHOT,FAIL,,,,11,,,665,,,,,,,ho_attempt=760 rach_attempt=929,,,
2026-07-01 10:03:00,XYZ403,,pm,PM_SNAPSHOT,SUCCESS,,,,10,,,299,,,,,,,ho_attempt=630 rach_attempt=605,,,
2026-07-01 10:04:00,XYZ402,,pm,PM_SNAPSHOT,FAIL,,,,4,,,104,,,,,,,ho_attempt=1821 rach_attempt=889,,,
2026-07-01 10:04:00,XYZ403,,pm,PM_SNAPSHOT,FAIL,,,,9,,,307,,,,,,,ho_attempt=871 rach_attempt=316,,,
2026-07-01 10:04:00,XYZ410,,pm,PM_SNAPSHOT,FAIL,,,,10,,,705,,,,,,,ho_attempt=1383 rach_attempt=662,,,
2026-07-01 10:05:00,XYZ403,,pm,PM_SNAPSHOT,FAIL,,,,2,,,566,,,,,,,ho_attempt=848 rach_attempt=634,,,
2026-07-01 10:05:00,XYZ410,,pm,PM_SNAPSHOT,FAIL,,,,6,,,380,,,,,,,ho_attempt=1937 rach_attempt=207,,,
2026-07-01 10:06:00,XYZ403,,pm,PM_SNAPSHOT,FAIL,,,,2,,,529,,,,,,,ho_attempt=1746 rach_attempt=966,,,
2026-07-01 10:07:00,XYZ403,,pm,PM_SNAPSHOT,FAIL,,,,6,,,326,,,,,,,ho_attempt=1951 rach_attempt=995,,,
2026-07-01 11:00:00,XYZ410,,pm,PM_SNAPSHOT,FAIL,,,,13,,,90,,,,,,,ho_attempt=1705 rach_attempt=220,,,
2026-07-01 11:00:00,XYZ409,,pm,PM_SNAPSHOT,FAIL,,,,6,,,502,,,,,,,ho_attempt=1752 rach_attempt=342,,,
2026-07-01 11:00:00,XYZ408,,pm,PM_SNAPSHOT,FAIL,,,,6,,,582,,,,,,,ho_attempt=1629 rach_attempt=596,,,
2026-07-01 11:00:00,XYZ407,,pm,PM_SNAPSHOT,FAIL,,,,8,,,475,,,,,,,ho_attempt=1332 rach_attempt=783,,,
2026-07-01 11:00:00,XYZ406,,pm,PM_SNAPSHOT,FAIL,,,,13,,,543,,,,,,,ho_attempt=1642 rach_attempt=366,,,
2026-07-01 11:00:00,XYZ404,,pm,PM_SNAPSHOT,FAIL,,,,11,,,738,,,,,,,ho_attempt=1519 rach_attempt=855,,,
2026-07-01 11:00:00,XYZ401,,pm,PM_SNAPSHOT,FAIL,,,,4,,,689,,,,,,,ho_attempt=1883 rach_attempt=490,,,
2026-07-01 11:00:00,XYZ405,,pm,PM_SNAPSHOT,FAIL,,,,7,,,535,,,,,,,ho_attempt=1954 rach_attempt=976,,,
2026-07-01 11:00:00,XYZ403,,pm,PM_SNAPSHOT,FAIL,,,,8,,,258,,,,,,,ho_attempt=1300 rach_attempt=735,,,
2026-07-01 11:00:00,XYZ402,,pm,PM_SNAPSHOT,FAIL,,,,15,,,603,,,,,,,ho_attempt=715 rach_attempt=426,,,
2026-07-01 11:01:00,XYZ401,,pm,PM_SNAPSHOT,FAIL,,,,15,,,600,,,,,,,ho_attempt=568 rach_attempt=699,,,
2026-07-01 11:01:00,XYZ402,,pm,PM_SNAPSHOT,SUCCESS,,,,9,,,470,,,,,,,ho_attempt=615 rach_attempt=699,,,
2026-07-01 11:01:00,XYZ404,,pm,PM_SNAPSHOT,FAIL,,,,4,,,173,,,,,,,ho_attempt=1833 rach_attempt=412,,,
2026-07-01 11:01:00,XYZ406,,pm,PM_SNAPSHOT,SUCCESS,,,,6,,,223,,,,,,,ho_attempt=1020 rach_attempt=907,,,
2026-07-01 11:01:00,XYZ407,,pm,PM_SNAPSHOT,FAIL,,,,7,,,410,,,,,,,ho_attempt=533 rach_attempt=553,,,
2026-07-01 11:01:00,XYZ408,,pm,PM_SNAPSHOT,FAIL,,,,7,,,456,,,,,,,ho_attempt=1509 rach_attempt=497,,,
2026-07-01 11:01:00,XYZ409,,pm,PM_SNAPSHOT,FAIL,,,,7,,,151,,,,,,,ho_attempt=1336 rach_attempt=903,,,
2026-07-01 11:01:00,XYZ410,,pm,PM_SNAPSHOT,FAIL,,,,6,,,704,,,,,,,ho_attempt=1612 rach_attempt=874,,,
2026-07-01 11:01:00,XYZ405,,pm,PM_SNAPSHOT,FAIL,,,,8,,,703,,,,,,,ho_attempt=968 rach_attempt=872,,,
2026-07-01 11:02:00,XYZ410,,pm,PM_SNAPSHOT,FAIL,,,,6,,,233,,,,,,,ho_attempt=614 rach_attempt=607,,,
2026-07-01 11:02:00,XYZ407,,pm,PM_SNAPSHOT,FAIL,,,,3,,,130,,,,,,,ho_attempt=1434 rach_attempt=681,,,
2026-07-01 11:02:00,XYZ408,,pm,PM_SNAPSHOT,FAIL,,,,12,,,314,,,,,,,ho_attempt=880 rach_attempt=437,,,
2026-07-01 11:02:00,XYZ405,,pm,PM_SNAPSHOT,FAIL,,,,2,,,376,,,,,,,ho_attempt=983 rach_attempt=825,,,
2026-07-01 11:02:00,XYZ404,,pm,PM_SNAPSHOT,FAIL,,,,13,,,568,,,,,,,ho_attempt=1439 rach_attempt=718,,,
2026-07-01 11:02:00,XYZ401,,pm,PM_SNAPSHOT,FAIL,,,,14,,,470,,,,,,,ho_attempt=976 rach_attempt=808,,,
2026-07-01 11:02:00,XYZ406,,pm,PM_SNAPSHOT,FAIL,,,,11,,,683,,,,,,,ho_attempt=1420 rach_attempt=486,,,
2026-07-01 11:03:00,XYZ401,,pm,PM_SNAPSHOT,FAIL,,,,3,,,740,,,,,,,ho_attempt=506 rach_attempt=719,,,
2026-07-01 11:03:00,XYZ405,,pm,PM_SNAPSHOT,FAIL,,,,15,,,582,,,,,,,ho_attempt=1794 rach_attempt=561,,,
2026-07-01 11:03:00,XYZ406,,pm,PM_SNAPSHOT,SUCCESS,,,,13,,,71,,,,,,,ho_attempt=1365 rach_attempt=569,,,
2026-07-01 11:03:00,XYZ407,,pm,PM_SNAPSHOT,FAIL,,,,12,,,674,,,,,,,ho_attempt=1204 rach_attempt=291,,,
2026-07-01 11:03:00,XYZ408,,pm,PM_SNAPSHOT,FAIL,,,,11,,,407,,,,,,,ho_attempt=1653 rach_attempt=606,,,
2026-07-01 11:03:00,XYZ410,,pm,PM_SNAPSHOT,FAIL,,,,4,,,457,,,,,,,ho_attempt=1759 rach_attempt=433,,,
2026-07-01 11:04:00,XYZ410,,pm,PM_SNAPSHOT,FAIL,,,,1,,,222,,,,,,,ho_attempt=1477 rach_attempt=274,,,
2026-07-01 11:04:00,XYZ401,,pm,PM_SNAPSHOT,FAIL,,,,13,,,382,,,,,,,ho_attempt=613 rach_attempt=707,,,
2026-07-01 11:04:00,XYZ406,,pm,PM_SNAPSHOT,SUCCESS,,,,13,,,551,,,,,,,ho_attempt=1215 rach_attempt=382,,,
2026-07-01 11:04:00,XYZ407,,pm,PM_SNAPSHOT,FAIL,,,,13,,,153,,,,,,,ho_attempt=1918 rach_attempt=431,,,
2026-07-01 11:04:00,XYZ408,,pm,PM_SNAPSHOT,FAIL,,,,3,,,279,,,,,,,ho_attempt=1773 rach_attempt=817,,,
2026-07-01 11:05:00,XYZ410,,pm,PM_SNAPSHOT,FAIL,,,,2,,,699,,,,,,,ho_attempt=1254 rach_attempt=903,,,
2026-07-01 11:05:00,XYZ406,,pm,PM_SNAPSHOT,FAIL,,,,9,,,607,,,,,,,ho_attempt=1817 rach_attempt=225,,,
2026-07-01 11:05:00,XYZ407,,pm,PM_SNAPSHOT,FAIL,,,,10,,,578,,,,,,,ho_attempt=1644 rach_attempt=728,,,
2026-07-01 11:06:00,XYZ410,,pm,PM_SNAPSHOT,FAIL,,,,3,,,244,,,,,,,ho_attempt=1972 rach_attempt=504,,,
2026-07-01 11:07:00,XYZ410,,pm,PM_SNAPSHOT,FAIL,,,,15,,,309,,,,,,,ho_attempt=1084 rach_attempt=419,,,
2026-07-01 12:00:00,XYZ410,,pm,PM_SNAPSHOT,FAIL,,,,12,,,633,,,,,,,ho_attempt=1540 rach_attempt=670,,,
2026-07-01 12:00:00,XYZ409,,pm,PM_SNAPSHOT,FAIL,,,,15,,,483,,,,,,,ho_attempt=1468 rach_attempt=202,,,
2026-07-01 12:00:00,XYZ408,,pm,PM_SNAPSHOT,FAIL,,,,10,,,719,,,,,,,ho_attempt=1508 rach_attempt=478,,,
2026-07-01 12:00:00,XYZ407,,pm,PM_SNAPSHOT,SUCCESS,,,,1,,,611,,,,,,,ho_attempt=895 rach_attempt=952,,,
2026-07-01 12:00:00,XYZ406,,pm,PM_SNAPSHOT,FAIL,,,,5,,,492,,,,,,,ho_attempt=693 rach_attempt=235,,,
2026-07-01 12:00:00,XYZ404,,pm,PM_SNAPSHOT,SUCCESS,,,,1,,,356,,,,,,,ho_attempt=1163 rach_attempt=606,,,
2026-07-01 12:00:00,XYZ403,,pm,PM_SNAPSHOT,FAIL,,,,15,,,324,,,,,,,ho_attempt=812 rach_attempt=351,,,
2026-07-01 12:00:00,XYZ402,,pm,PM_SNAPSHOT,FAIL,,,,10,,,90,,,,,,,ho_attempt=1791 rach_attempt=777,,,
2026-07-01 12:00:00,XYZ401,,pm,PM_SNAPSHOT,FAIL,,,,5,,,252,,,,,,,ho_attempt=1409 rach_attempt=830,,,
2026-07-01 12:00:00,XYZ405,,pm,PM_SNAPSHOT,FAIL,,,,2,,,569,,,,,,,ho_attempt=607 rach_attempt=541,,,
2026-07-01 12:01:00,XYZ407,,pm,PM_SNAPSHOT,FAIL,,,,10,,,398,,,,,,,ho_attempt=1199 rach_attempt=977,,,
2026-07-01 12:01:00,XYZ410,,pm,PM_SNAPSHOT,SUCCESS,,,,1,,,433,,,,,,,ho_attempt=959 rach_attempt=846,,,
2026-07-01 12:01:00,XYZ409,,pm,PM_SNAPSHOT,FAIL,,,,13,,,614,,,,,,,ho_attempt=534 rach_attempt=460,,,
2026-07-01 12:01:00,XYZ408,,pm,PM_SNAPSHOT,FAIL,,,,11,,,240,,,,,,,ho_attempt=1060 rach_attempt=847,,,
2026-07-01 12:01:00,XYZ406,,pm,PM_SNAPSHOT,FAIL,,,,2,,,702,,,,,,,ho_attempt=1886 rach_attempt=741,,,
2026-07-01 12:01:00,XYZ401,,pm,PM_SNAPSHOT,FAIL,,,,3,,,446,,,,,,,ho_attempt=1835 rach_attempt=937,,,
2026-07-01 12:01:00,XYZ404,,pm,PM_SNAPSHOT,SUCCESS,,,,9,,,79,,,,,,,ho_attempt=1920 rach_attempt=716,,,
2026-07-01 12:01:00,XYZ403,,pm,PM_SNAPSHOT,SUCCESS,,,,5,,,608,,,,,,,ho_attempt=1051 rach_attempt=980,,,
2026-07-01 12:01:00,XYZ402,,pm,PM_SNAPSHOT,FAIL,,,,5,,,317,,,,,,,ho_attempt=1494 rach_attempt=591,,,
2026-07-01 12:01:00,XYZ405,,pm,PM_SNAPSHOT,FAIL,,,,2,,,69,,,,,,,ho_attempt=1197 rach_attempt=682,,,
2026-07-01 12:02:00,XYZ406,,pm,PM_SNAPSHOT,SUCCESS,,,,6,,,780,,,,,,,ho_attempt=632 rach_attempt=519,,,
2026-07-01 12:02:00,XYZ410,,pm,PM_SNAPSHOT,FAIL,,,,7,,,71,,,,,,,ho_attempt=1020 rach_attempt=801,,,
2026-07-01 12:02:00,XYZ408,,pm,PM_SNAPSHOT,FAIL,,,,7,,,84,,,,,,,ho_attempt=1384 rach_attempt=892,,,
2026-07-01 12:02:00,XYZ405,,pm,PM_SNAPSHOT,FAIL,,,,5,,,452,,,,,,,ho_attempt=991 rach_attempt=385,,,
2026-07-01 12:02:00,XYZ407,,pm,PM_SNAPSHOT,FAIL,,,,5,,,798,,,,,,,ho_attempt=1513 rach_attempt=336,,,
2026-07-01 12:02:00,XYZ403,,pm,PM_SNAPSHOT,FAIL,,,,13,,,403,,,,,,,ho_attempt=502 rach_attempt=944,,,
2026-07-01 12:02:00,XYZ404,,pm,PM_SNAPSHOT,FAIL,,,,9,,,483,,,,,,,ho_attempt=1448 rach_attempt=725,,,
2026-07-01 12:02:00,XYZ402,,pm,PM_SNAPSHOT,SUCCESS,,,,10,,,617,,,,,,,ho_attempt=817 rach_attempt=459,,,
2026-07-01 12:02:00,XYZ401,,pm,PM_SNAPSHOT,FAIL,,,,7,,,353,,,,,,,ho_attempt=1787 rach_attempt=312,,,
2026-07-01 12:03:00,XYZ402,,pm,PM_SNAPSHOT,FAIL,,,,1,,,237,,,,,,,ho_attempt=1473 rach_attempt=287,,,
2026-07-01 12:03:00,XYZ403,,pm,PM_SNAPSHOT,FAIL,,,,1,,,450,,,,,,,ho_attempt=1417 rach_attempt=965,,,
2026-07-01 12:03:00,XYZ404,,pm,PM_SNAPSHOT,FAIL,,,,4,,,687,,,,,,,ho_attempt=1025 rach_attempt=269,,,
2026-07-01 12:03:00,XYZ406,,pm,PM_SNAPSHOT,FAIL,,,,12,,,591,,,,,,,ho_attempt=1765 rach_attempt=989,,,
2026-07-01 12:03:00,XYZ408,,pm,PM_SNAPSHOT,SUCCESS,,,,5,,,263,,,,,,,ho_attempt=1454 rach_attempt=988,,,
2026-07-01 12:03:00,XYZ410,,pm,PM_SNAPSHOT,FAIL,,,,11,,,265,,,,,,,ho_attempt=1684 rach_attempt=442,,,
2026-07-01 12:04:00,XYZ402,,pm,PM_SNAPSHOT,FAIL,,,,5,,,392,,,,,,,ho_attempt=601 rach_attempt=426,,,
2026-07-01 12:04:00,XYZ403,,pm,PM_SNAPSHOT,FAIL,,,,10,,,620,,,,,,,ho_attempt=1630 rach_attempt=809,,,
2026-07-01 12:04:00,XYZ406,,pm,PM_SNAPSHOT,FAIL,,,,1,,,168,,,,,,,ho_attempt=1640 rach_attempt=613,,,
2026-07-01 12:04:00,XYZ410,,pm,PM_SNAPSHOT,FAIL,,,,5,,,669,,,,,,,ho_attempt=1088 rach_attempt=328,,,
2026-07-01 12:05:00,XYZ406,,pm,PM_SNAPSHOT,FAIL,,,,8,,,538,,,,,,,ho_attempt=1947 rach_attempt=570,,,
2026-07-01 12:06:00,XYZ406,,pm,PM_SNAPSHOT,FAIL,,,,4,,,502,,,,,,,ho_attempt=650 rach_attempt=646,,,
2026-07-01 12:07:00,XYZ406,,pm,PM_SNAPSHOT,FAIL,,,,3,,,99,,,,,,,ho_attempt=1668 rach_attempt=675,,,
2026-07-01 13:00:00,XYZ401,,pm,PM_SNAPSHOT,FAIL,,,,10,,,425,,,,,,,ho_attempt=1084 rach_attempt=654,,,
2026-07-01 13:00:00,XYZ402,,pm,PM_SNAPSHOT,SUCCESS,,,,6,,,468,,,,,,,ho_attempt=901 rach_attempt=736,,,
2026-07-01 13:00:00,XYZ403,,pm,PM_SNAPSHOT,FAIL,,,,9,,,318,,,,,,,ho_attempt=1103 rach_attempt=564,,,
2026-07-01 13:00:00,XYZ404,,pm,PM_SNAPSHOT,FAIL,,,,6,,,576,,,,,,,ho_attempt=736 rach_attempt=760,,,
2026-07-01 13:00:00,XYZ405,,pm,PM_SNAPSHOT,FAIL,,,,6,,,518,,,,,,,ho_attempt=760 rach_attempt=658,,,
2026-07-01 13:00:00,XYZ406,,pm,PM_SNAPSHOT,FAIL,,,,4,,,387,,,,,,,ho_attempt=524 rach_attempt=818,,,
2026-07-01 13:00:00,XYZ407,,pm,PM_SNAPSHOT,SUCCESS,,,,2,,,695,,,,,,,ho_attempt=1832 rach_attempt=284,,,
2026-07-01 13:00:00,XYZ408,,pm,PM_SNAPSHOT,FAIL,,,,2,,,628,,,,,,,ho_attempt=826 rach_attempt=343,,,
2026-07-01 13:00:00,XYZ409,,pm,PM_SNAPSHOT,FAIL,,,,7,,,136,,,,,,,ho_attempt=1676 rach_attempt=997,,,
2026-07-01 13:00:00,XYZ410,,pm,PM_SNAPSHOT,FAIL,,,,2,,,154,,,,,,,ho_attempt=988 rach_attempt=329,,,
2026-07-01 13:01:00,XYZ410,,pm,PM_SNAPSHOT,FAIL,,,,9,,,775,,,,,,,ho_attempt=947 rach_attempt=348,,,
2026-07-01 13:01:00,XYZ409,,pm,PM_SNAPSHOT,FAIL,,,,1,,,465,,,,,,,ho_attempt=659 rach_attempt=932,,,
2026-07-01 13:01:00,XYZ408,,pm,PM_SNAPSHOT,SUCCESS,,,,1,,,750,,,,,,,ho_attempt=1318 rach_attempt=436,,,
2026-07-01 13:01:00,XYZ406,,pm,PM_SNAPSHOT,FAIL,,,,13,,,762,,,,,,,ho_attempt=1258 rach_attempt=919,,,
2026-07-01 13:01:00,XYZ407,,pm,PM_SNAPSHOT,FAIL,,,,13,,,713,,,,,,,ho_attempt=1749 rach_attempt=483,,,
2026-07-01 13:01:00,XYZ404,,pm,PM_SNAPSHOT,FAIL,,,,15,,,309,,,,,,,ho_attempt=1530 rach_attempt=862,,,
2026-07-01 13:01:00,XYZ401,,pm,PM_SNAPSHOT,FAIL,,,,5,,,93,,,,,,,ho_attempt=944 rach_attempt=555,,,
2026-07-01 13:01:00,XYZ402,,pm,PM_SNAPSHOT,FAIL,,,,6,,,136,,,,,,,ho_attempt=1766 rach_attempt=537,,,
2026-07-01 13:01:00,XYZ405,,pm,PM_SNAPSHOT,FAIL,,,,5,,,607,,,,,,,ho_attempt=1846 rach_attempt=863,,,
2026-07-01 13:01:00,XYZ403,,pm,PM_SNAPSHOT,FAIL,,,,8,,,652,,,,,,,ho_attempt=1001 rach_attempt=283,,,
2026-07-01 13:02:00,XYZ401,,pm,PM_SNAPSHOT,FAIL,,,,11,,,139,,,,,,,ho_attempt=1186 rach_attempt=693,,,
2026-07-01 13:02:00,XYZ402,,pm,PM_SNAPSHOT,FAIL,,,,12,,,79,,,,,,,ho_attempt=1516 rach_attempt=513,,,
2026-07-01 13:02:00,XYZ403,,pm,PM_SNAPSHOT,FAIL,,,,15,,,788,,,,,,,ho_attempt=1234 rach_attempt=860,,,
2026-07-01 13:02:00,XYZ404,,pm,PM_SNAPSHOT,FAIL,,,,10,,,137,,,,,,,ho_attempt=1948 rach_attempt=353,,,
2026-07-01 13:02:00,XYZ405,,pm,PM_SNAPSHOT,FAIL,,,,8,,,696,,,,,,,ho_attempt=1847 rach_attempt=613,,,
2026-07-01 13:02:00,XYZ406,,pm,PM_SNAPSHOT,SUCCESS,,,,14,,,242,,,,,,,ho_attempt=744 rach_attempt=971,,,
2026-07-01 13:02:00,XYZ407,,pm,PM_SNAPSHOT,FAIL,,,,6,,,131,,,,,,,ho_attempt=1056 rach_attempt=337,,,
2026-07-01 13:02:00,XYZ408,,pm,PM_SNAPSHOT,FAIL,,,,2,,,202,,,,,,,ho_attempt=671 rach_attempt=515,,,
2026-07-01 13:02:00,XYZ409,,pm,PM_SNAPSHOT,FAIL,,,,13,,,747,,,,,,,ho_attempt=1626 rach_attempt=735,,,
2026-07-01 13:03:00,XYZ408,,pm,PM_SNAPSHOT,FAIL,,,,15,,,211,,,,,,,ho_attempt=1535 rach_attempt=801,,,
2026-07-01 13:03:00,XYZ409,,pm,PM_SNAPSHOT,FAIL,,,,7,,,487,,,,,,,ho_attempt=1508 rach_attempt=760,,,
2026-07-01 13:03:00,XYZ405,,pm,PM_SNAPSHOT,SUCCESS,,,,6,,,371,,,,,,,ho_attempt=1607 rach_attempt=243,,,
2026-07-01 13:03:00,XYZ403,,pm,PM_SNAPSHOT,FAIL,,,,6,,,753,,,,,,,ho_attempt=1812 rach_attempt=708,,,
2026-07-01 13:03:00,XYZ406,,pm,PM_SNAPSHOT,FAIL,,,,6,,,102,,,,,,,ho_attempt=707 rach_attempt=855,,,
2026-07-01 13:04:00,XYZ403,,pm,PM_SNAPSHOT,SUCCESS,,,,9,,,237,,,,,,,ho_attempt=1221 rach_attempt=666,,,
2026-07-01 13:04:00,XYZ405,,pm,PM_SNAPSHOT,SUCCESS,,,,14,,,589,,,,,,,ho_attempt=1841 rach_attempt=382,,,
2026-07-01 13:04:00,XYZ406,,pm,PM_SNAPSHOT,FAIL,,,,9,,,61,,,,,,,ho_attempt=833 rach_attempt=838,,,
2026-07-01 13:04:00,XYZ408,,pm,PM_SNAPSHOT,SUCCESS,,,,6,,,620,,,,,,,ho_attempt=1682 rach_attempt=719,,,
2026-07-01 13:05:00,XYZ403,,pm,PM_SNAPSHOT,FAIL,,,,6,,,439,,,,,,,ho_attempt=883 rach_attempt=265,,,
2026-07-01 13:05:00,XYZ405,,pm,PM_SNAPSHOT,SUCCESS,,,,15,,,205,,,,,,,ho_attempt=1365 rach_attempt=541,,,
2026-07-01 13:05:00,XYZ406,,pm,PM_SNAPSHOT,SUCCESS,,,,1,,,572,,,,,,,ho_attempt=802 rach_attempt=496,,,
2026-07-01 13:06:00,XYZ405,,pm,PM_SNAPSHOT,FAIL,,,,4,,,206,,,,,,,ho_attempt=959 rach_attempt=583,,,
2026-07-01 14:00:00,XYZ406,,pm,PM_SNAPSHOT,FAIL,,,,10,,,211,,,,,,,ho_attempt=1901 rach_attempt=530,,,
2026-07-01 14:00:00,XYZ409,,pm,PM_SNAPSHOT,FAIL,,,,7,,,608,,,,,,,ho_attempt=1247 rach_attempt=814,,,
2026-07-01 14:00:00,XYZ408,,pm,PM_SNAPSHOT,SUCCESS,,,,4,,,653,,,,,,,ho_attempt=1325 rach_attempt=749,,,
2026-07-01 14:00:00,XYZ407,,pm,PM_SNAPSHOT,SUCCESS,,,,8,,,284,,,,,,,ho_attempt=1966 rach_attempt=278,,,
2026-07-01 14:00:00,XYZ410,,pm,PM_SNAPSHOT,FAIL,,,,1,,,383,,,,,,,ho_attempt=1322 rach_attempt=861,,,
2026-07-01 14:00:00,XYZ405,,pm,PM_SNAPSHOT,SUCCESS,,,,2,,,393,,,,,,,ho_attempt=898 rach_attempt=940,,,
2026-07-01 14:00:00,XYZ403,,pm,PM_SNAPSHOT,SUCCESS,,,,5,,,565,,,,,,,ho_attempt=1664 rach_attempt=305,,,
2026-07-01 14:00:00,XYZ402,,pm,PM_SNAPSHOT,FAIL,,,,4,,,260,,,,,,,ho_attempt=1660 rach_attempt=993,,,
2026-07-01 14:00:00,XYZ401,,pm,PM_SNAPSHOT,SUCCESS,,,,11,,,403,,,,,,,ho_attempt=1487 rach_attempt=651,,,
2026-07-01 14:00:00,XYZ404,,pm,PM_SNAPSHOT,FAIL,,,,10,,,708,,,,,,,ho_attempt=1804 rach_attempt=841,,,
2026-07-01 14:01:00,XYZ410,,pm,PM_SNAPSHOT,FAIL,,,,10,,,732,,,,,,,ho_attempt=1355 rach_attempt=875,,,
2026-07-01 14:01:00,XYZ409,,pm,PM_SNAPSHOT,FAIL,,,,14,,,439,,,,,,,ho_attempt=1915 rach_attempt=941,,,
2026-07-01 14:01:00,XYZ407,,pm,PM_SNAPSHOT,FAIL,,,,7,,,413,,,,,,,ho_attempt=1684 rach_attempt=977,,,
2026-07-01 14:01:00,XYZ406,,pm,PM_SNAPSHOT,SUCCESS,,,,8,,,543,,,,,,,ho_attempt=1250 rach_attempt=853,,,
2026-07-01 14:01:00,XYZ405,,pm,PM_SNAPSHOT,SUCCESS,,,,3,,,214,,,,,,,ho_attempt=1483 rach_attempt=914,,,
2026-07-01 14:01:00,XYZ403,,pm,PM_SNAPSHOT,FAIL,,,,2,,,695,,,,,,,ho_attempt=1889 rach_attempt=372,,,
2026-07-01 14:01:00,XYZ402,,pm,PM_SNAPSHOT,SUCCESS,,,,6,,,363,,,,,,,ho_attempt=1703 rach_attempt=535,,,
2026-07-01 14:01:00,XYZ401,,pm,PM_SNAPSHOT,FAIL,,,,1,,,710,,,,,,,ho_attempt=1304 rach_attempt=479,,,
2026-07-01 14:01:00,XYZ404,,pm,PM_SNAPSHOT,FAIL,,,,15,,,311,,,,,,,ho_attempt=1497 rach_attempt=315,,,
2026-07-01 14:02:00,XYZ410,,pm,PM_SNAPSHOT,FAIL,,,,12,,,463,,,,,,,ho_attempt=528 rach_attempt=435,,,
2026-07-01 14:02:00,XYZ409,,pm,PM_SNAPSHOT,FAIL,,,,13,,,602,,,,,,,ho_attempt=1607 rach_attempt=680,,,
2026-07-01 14:02:00,XYZ407,,pm,PM_SNAPSHOT,FAIL,,,,8,,,158,,,,,,,ho_attempt=1280 rach_attempt=635,,,
2026-07-01 14:02:00,XYZ406,,pm,PM_SNAPSHOT,FAIL,,,,2,,,752,,,,,,,ho_attempt=1455 rach_attempt=765,,,
2026-07-01 14:02:00,XYZ403,,pm,PM_SNAPSHOT,FAIL,,,,6,,,573,,,,,,,ho_attempt=1563 rach_attempt=216,,,
2026-07-01 14:02:00,XYZ404,,pm,PM_SNAPSHOT,FAIL,,,,3,,,98,,,,,,,ho_attempt=1192 rach_attempt=478,,,
2026-07-01 14:02:00,XYZ402,,pm,PM_SNAPSHOT,FAIL,,,,13,,,333,,,,,,,ho_attempt=942 rach_attempt=248,,,
2026-07-01 14:02:00,XYZ401,,pm,PM_SNAPSHOT,SUCCESS,,,,5,,,223,,,,,,,ho_attempt=1958 rach_attempt=300,,,
2026-07-01 14:02:00,XYZ405,,pm,PM_SNAPSHOT,SUCCESS,,,,1,,,628,,,,,,,ho_attempt=1230 rach_attempt=924,,,
2026-07-01 14:03:00,XYZ409,,pm,PM_SNAPSHOT,FAIL,,,,10,,,736,,,,,,,ho_attempt=1077 rach_attempt=419,,,
2026-07-01 14:03:00,XYZ401,,pm,PM_SNAPSHOT,FAIL,,,,15,,,251,,,,,,,ho_attempt=546 rach_attempt=665,,,
2026-07-01 14:03:00,XYZ402,,pm,PM_SNAPSHOT,FAIL,,,,3,,,777,,,,,,,ho_attempt=586 rach_attempt=599,,,
2026-07-01 14:03:00,XYZ403,,pm,PM_SNAPSHOT,SUCCESS,,,,13,,,362,,,,,,,ho_attempt=1583 rach_attempt=783,,,
2026-07-01 14:03:00,XYZ404,,pm,PM_SNAPSHOT,FAIL,,,,12,,,102,,,,,,,ho_attempt=592 rach_attempt=781,,,
2026-07-01 14:03:00,XYZ405,,pm,PM_SNAPSHOT,FAIL,,,,11,,,541,,,,,,,ho_attempt=1727 rach_attempt=397,,,
2026-07-01 14:03:00,XYZ406,,pm,PM_SNAPSHOT,SUCCESS,,,,7,,,577,,,,,,,ho_attempt=501 rach_attempt=598,,,
2026-07-01 14:03:00,XYZ407,,pm,PM_SNAPSHOT,FAIL,,,,2,,,499,,,,,,,ho_attempt=1545 rach_attempt=660,,,
2026-07-01 14:04:00,XYZ407,,pm,PM_SNAPSHOT,FAIL,,,,4,,,520,,,,,,,ho_attempt=693 rach_attempt=361,,,
2026-07-01 14:04:00,XYZ404,,pm,PM_SNAPSHOT,SUCCESS,,,,8,,,659,,,,,,,ho_attempt=800 rach_attempt=644,,,
2026-07-01 14:04:00,XYZ402,,pm,PM_SNAPSHOT,SUCCESS,,,,13,,,749,,,,,,,ho_attempt=1190 rach_attempt=231,,,
2026-07-01 14:05:00,XYZ402,,pm,PM_SNAPSHOT,FAIL,,,,4,,,174,,,,,,,ho_attempt=988 rach_attempt=812,,,
2026-07-01 14:05:00,XYZ404,,pm,PM_SNAPSHOT,FAIL,,,,4,,,717,,,,,,,ho_attempt=1243 rach_attempt=363,,,
2026-07-01 14:05:00,XYZ407,,pm,PM_SNAPSHOT,FAIL,,,,4,,,343,,,,,,,ho_attempt=807 rach_attempt=959,,,
2026-07-01 15:00:00,XYZ409,,pm,PM_SNAPSHOT,SUCCESS,,,,4,,,631,,,,,,,ho_attempt=539 rach_attempt=844,,,
2026-07-01 15:00:00,XYZ408,,pm,PM_SNAPSHOT,FAIL,,,,1,,,271,,,,,,,ho_attempt=1443 rach_attempt=631,,,
2026-07-01 15:00:00,XYZ407,,pm,PM_SNAPSHOT,FAIL,,,,8,,,708,,,,,,,ho_attempt=1671 rach_attempt=680,,,
2026-07-01 15:00:00,XYZ406,,pm,PM_SNAPSHOT,FAIL,,,,6,,,360,,,,,,,ho_attempt=1114 rach_attempt=779,,,
2026-07-01 15:00:00,XYZ410,,pm,PM_SNAPSHOT,FAIL,,,,13,,,124,,,,,,,ho_attempt=1209 rach_attempt=316,,,
2026-07-01 15:00:00,XYZ404,,pm,PM_SNAPSHOT,FAIL,,,,12,,,621,,,,,,,ho_attempt=701 rach_attempt=527,,,
2026-07-01 15:00:00,XYZ403,,pm,PM_SNAPSHOT,FAIL,,,,13,,,607,,,,,,,ho_attempt=1636 rach_attempt=974,,,
2026-07-01 15:00:00,XYZ402,,pm,PM_SNAPSHOT,FAIL,,,,6,,,248,,,,,,,ho_attempt=664 rach_attempt=809,,,
2026-07-01 15:00:00,XYZ401,,pm,PM_SNAPSHOT,FAIL,,,,12,,,491,,,,,,,ho_attempt=1489 rach_attempt=619,,,
2026-07-01 15:00:00,XYZ405,,pm,PM_SNAPSHOT,FAIL,,,,4,,,309,,,,,,,ho_attempt=1513 rach_attempt=840,,,
2026-07-01 15:01:00,XYZ410,,pm,PM_SNAPSHOT,FAIL,,,,6,,,222,,,,,,,ho_attempt=827 rach_attempt=353,,,
2026-07-01 15:01:00,XYZ409,,pm,PM_SNAPSHOT,SUCCESS,,,,11,,,635,,,,,,,ho_attempt=1730 rach_attempt=801,,,
2026-07-01 15:01:00,XYZ408,,pm,PM_SNAPSHOT,FAIL,,,,8,,,499,,,,,,,ho_attempt=1811 rach_attempt=405,,,
2026-07-01 15:01:00,XYZ407,,pm,PM_SNAPSHOT,FAIL,,,,6,,,492,,,,,,,ho_attempt=1316 rach_attempt=797,,,
2026-07-01 15:01:00,XYZ405,,pm,PM_SNAPSHOT,FAIL,,,,5,,,392,,,,,,,ho_attempt=601 rach_attempt=443,,,
2026-07-01 15:01:00,XYZ404,,pm,PM_SNAPSHOT,FAIL,,,,4,,,612,,,,,,,ho_attempt=1643 rach_attempt=621,,,
2026-07-01 15:01:00,XYZ403,,pm,PM_SNAPSHOT,FAIL,,,,1,,,75,,,,,,,ho_attempt=1882 rach_attempt=716,,,
2026-07-01 15:01:00,XYZ401,,pm,PM_SNAPSHOT,FAIL,,,,14,,,374,,,,,,,ho_attempt=1433 rach_attempt=899,,,
2026-07-01 15:01:00,XYZ406,,pm,PM_SNAPSHOT,FAIL,,,,1,,,309,,,,,,,ho_attempt=1225 rach_attempt=211,,,
2026-07-01 15:02:00,XYZ407,,pm,PM_SNAPSHOT,SUCCESS,,,,4,,,267,,,,,,,ho_attempt=1689 rach_attempt=869,,,
2026-07-01 15:02:00,XYZ410,,pm,PM_SNAPSHOT,FAIL,,,,15,,,736,,,,,,,ho_attempt=1260 rach_attempt=822,,,
2026-07-01 15:02:00,XYZ409,,pm,PM_SNAPSHOT,FAIL,,,,10,,,403,,,,,,,ho_attempt=1470 rach_attempt=887,,,
2026-07-01 15:02:00,XYZ406,,pm,PM_SNAPSHOT,FAIL,,,,14,,,374,,,,,,,ho_attempt=1278 rach_attempt=668,,,
2026-07-01 15:02:00,XYZ408,,pm,PM_SNAPSHOT,SUCCESS,,,,10,,,500,,,,,,,ho_attempt=515 rach_attempt=544,,,
2026-07-01 15:02:00,XYZ404,,pm,PM_SNAPSHOT,SUCCESS,,,,14,,,114,,,,,,,ho_attempt=691 rach_attempt=371,,,
2026-07-01 15:02:00,XYZ403,,pm,PM_SNAPSHOT,SUCCESS,,,,4,,,351,,,,,,,ho_attempt=1815 rach_attempt=547,,,
2026-07-01 15:02:00,XYZ401,,pm,PM_SNAPSHOT,FAIL,,,,3,,,263,,,,,,,ho_attempt=1901 rach_attempt=463,,,
2026-07-01 15:02:00,XYZ405,,pm,PM_SNAPSHOT,FAIL,,,,6,,,330,,,,,,,ho_attempt=929 rach_attempt=328,,,
2026-07-01 15:03:00,XYZ401,,pm,PM_SNAPSHOT,FAIL,,,,10,,,757,,,,,,,ho_attempt=1853 rach_attempt=871,,,
2026-07-01 15:03:00,XYZ403,,pm,PM_SNAPSHOT,FAIL,,,,15,,,615,,,,,,,ho_attempt=864 rach_attempt=851,,,
2026-07-01 15:03:00,XYZ408,,pm,PM_SNAPSHOT,FAIL,,,,15,,,197,,,,,,,ho_attempt=1196 rach_attempt=751,,,
2026-07-01 15:03:00,XYZ410,,pm,PM_SNAPSHOT,FAIL,,,,7,,,404,,,,,,,ho_attempt=1841 rach_attempt=345,,,
2026-07-01 15:04:00,XYZ401,,pm,PM_SNAPSHOT,FAIL,,,,15,,,569,,,,,,,ho_attempt=1647 rach_attempt=958,,,
2026-07-01 15:04:00,XYZ403,,pm,PM_SNAPSHOT,FAIL,,,,10,,,275,,,,,,,ho_attempt=1418 rach_attempt=624,,,
2026-07-01 15:04:00,XYZ408,,pm,PM_SNAPSHOT,SUCCESS,,,,5,,,407,,,,,,,ho_attempt=1406 rach_attempt=935,,,
2026-07-01 15:04:00,XYZ410,,pm,PM_SNAPSHOT,FAIL,,,,1,,,312,,,,,,,ho_attempt=1408 rach_attempt=704,,,
2026-07-01 15:05:00,XYZ401,,pm,PM_SNAPSHOT,FAIL,,,,5,,,514,,,,,,,ho_attempt=834 rach_attempt=362,,,
2026-07-01 15:05:00,XYZ403,,pm,PM_SNAPSHOT,FAIL,,,,11,,,623,,,,,,,ho_attempt=1859 rach_attempt=453,,,
2026-07-01 15:05:00,XYZ408,,pm,PM_SNAPSHOT,SUCCESS,,,,1,,,523,,,,,,,ho_attempt=1982 rach_attempt=477,,,
2026-07-01 15:06:00,XYZ408,,pm,PM_SNAPSHOT,FAIL,,,,4,,,618,,,,,,,ho_attempt=1729 rach_attempt=590,,,
2026-07-01 15:06:00,XYZ401,,pm,PM_SNAPSHOT,FAIL,,,,4,,,769,,,,,,,ho_attempt=874 rach_attempt=871,,,
2026-07-01 15:07:00,XYZ408,,pm,PM_SNAPSHOT,FAIL,,,,14,,,541,,,,,,,ho_attempt=1087 rach_attempt=684,,,
2026-07-01 16:00:00,XYZ401,,pm,PM_SNAPSHOT,FAIL,,,,10,,,315,,,,,,,ho_attempt=1277 rach_attempt=987,,,
2026-07-01 16:00:00,XYZ402,,pm,PM_SNAPSHOT,FAIL,,,,8,,,151,,,,,,,ho_attempt=550 rach_attempt=543,,,
2026-07-01 16:00:00,XYZ403,,pm,PM_SNAPSHOT,FAIL,,,,13,,,353,,,,,,,ho_attempt=1779 rach_attempt=501,,,
2026-07-01 16:00:00,XYZ404,,pm,PM_SNAPSHOT,FAIL,,,,3,,,244,,,,,,,ho_attempt=992 rach_attempt=841,,,
2026-07-01 16:00:00,XYZ405,,pm,PM_SNAPSHOT,FAIL,,,,6,,,599,,,,,,,ho_attempt=613 rach_attempt=584,,,
2026-07-01 16:00:00,XYZ406,,pm,PM_SNAPSHOT,FAIL,,,,9,,,90,,,,,,,ho_attempt=506 rach_attempt=854,,,
2026-07-01 16:00:00,XYZ407,,pm,PM_SNAPSHOT,FAIL,,,,4,,,333,,,,,,,ho_attempt=1474 rach_attempt=975,,,
2026-07-01 16:00:00,XYZ408,,pm,PM_SNAPSHOT,FAIL,,,,3,,,192,,,,,,,ho_attempt=714 rach_attempt=869,,,
2026-07-01 16:00:00,XYZ409,,pm,PM_SNAPSHOT,FAIL,,,,7,,,426,,,,,,,ho_attempt=1959 rach_attempt=649,,,
2026-07-01 16:00:00,XYZ410,,pm,PM_SNAPSHOT,FAIL,,,,7,,,654,,,,,,,ho_attempt=1724 rach_attempt=627,,,
2026-07-01 16:01:00,XYZ410,,pm,PM_SNAPSHOT,FAIL,,,,11,,,628,,,,,,,ho_attempt=1867 rach_attempt=844,,,
2026-07-01 16:01:00,XYZ409,,pm,PM_SNAPSHOT,FAIL,,,,12,,,376,,,,,,,ho_attempt=1577 rach_attempt=492,,,
2026-07-01 16:01:00,XYZ408,,pm,PM_SNAPSHOT,SUCCESS,,,,12,,,323,,,,,,,ho_attempt=1824 rach_attempt=699,,,
2026-07-01 16:01:00,XYZ407,,pm,PM_SNAPSHOT,FAIL,,,,7,,,369,,,,,,,ho_attempt=1174 rach_attempt=687,,,
2026-07-01 16:01:00,XYZ406,,pm,PM_SNAPSHOT,FAIL,,,,15,,,382,,,,,,,ho_attempt=1990 rach_attempt=862,,,
2026-07-01 16:01:00,XYZ405,,pm,PM_SNAPSHOT,SUCCESS,,,,9,,,718,,,,,,,ho_attempt=771 rach_attempt=984,,,
2026-07-01 16:01:00,XYZ404,,pm,PM_SNAPSHOT,SUCCESS,,,,14,,,578,,,,,,,ho_attempt=1812 rach_attempt=347,,,
2026-07-01 16:01:00,XYZ403,,pm,PM_SNAPSHOT,FAIL,,,,13,,,719,,,,,,,ho_attempt=1365 rach_attempt=689,,,
2026-07-01 16:01:00,XYZ402,,pm,PM_SNAPSHOT,FAIL,,,,15,,,328,,,,,,,ho_attempt=1684 rach_attempt=323,,,
2026-07-01 16:01:00,XYZ401,,pm,PM_SNAPSHOT,FAIL,,,,11,,,250,,,,,,,ho_attempt=1630 rach_attempt=363,,,
2026-07-01 16:02:00,XYZ409,,pm,PM_SNAPSHOT,FAIL,,,,13,,,239,,,,,,,ho_attempt=1894 rach_attempt=826,,,
2026-07-01 16:02:00,XYZ408,,pm,PM_SNAPSHOT,FAIL,,,,3,,,604,,,,,,,ho_attempt=792 rach_attempt=959,,,
2026-07-01 16:02:00,XYZ407,,pm,PM_SNAPSHOT,FAIL,,,,9,,,775,,,,,,,ho_attempt=1484 rach_attempt=460,,,
2026-07-01 16:02:00,XYZ406,,pm,PM_SNAPSHOT,FAIL,,,,2,,,778,,,,,,,ho_attempt=1370 rach_attempt=793,,,
2026-07-01 16:02:00,XYZ410,,pm,PM_SNAPSHOT,FAIL,,,,5,,,546,,,,,,,ho_attempt=1392 rach_attempt=753,,,
2026-07-01 16:02:00,XYZ404,,pm,PM_SNAPSHOT,FAIL,,,,9,,,607,,,,,,,ho_attempt=852 rach_attempt=459,,,
2026-07-01 16:02:00,XYZ403,,pm,PM_SNAPSHOT,SUCCESS,,,,3,,,406,,,,,,,ho_attempt=1796 rach_attempt=372,,,
2026-07-01 16:02:00,XYZ402,,pm,PM_SNAPSHOT,FAIL,,,,15,,,714,,,,,,,ho_attempt=1087 rach_attempt=861,,,
2026-07-01 16:02:00,XYZ401,,pm,PM_SNAPSHOT,FAIL,,,,2,,,62,,,,,,,ho_attempt=1348 rach_attempt=882,,,
2026-07-01 16:02:00,XYZ405,,pm,PM_SNAPSHOT,FAIL,,,,15,,,153,,,,,,,ho_attempt=1941 rach_attempt=419,,,
2026-07-01 16:03:00,XYZ410,,pm,PM_SNAPSHOT,FAIL,,,,10,,,124,,,,,,,ho_attempt=1556 rach_attempt=402,,,
2026-07-01 16:03:00,XYZ409,,pm,PM_SNAPSHOT,SUCCESS,,,,15,,,414,,,,,,,ho_attempt=1554 rach_attempt=567,,,
2026-07-01 16:03:00,XYZ408,,pm,PM_SNAPSHOT,SUCCESS,,,,9,,,608,,,,,,,ho_attempt=1535 rach_attempt=476,,,
2026-07-01 16:03:00,XYZ405,,pm,PM_SNAPSHOT,FAIL,,,,2,,,411,,,,,,,ho_attempt=804 rach_attempt=776,,,
2026-07-01 16:03:00,XYZ403,,pm,PM_SNAPSHOT,SUCCESS,,,,7,,,341,,,,,,,ho_attempt=1540 rach_attempt=487,,,
2026-07-01 16:03:00,XYZ402,,pm,PM_SNAPSHOT,FAIL,,,,14,,,352,,,,,,,ho_attempt=610 rach_attempt=827,,,
2026-07-01 16:03:00,XYZ401,,pm,PM_SNAPSHOT,FAIL,,,,5,,,206,,,,,,,ho_attempt=713 rach_attempt=604,,,
2026-07-01 16:03:00,XYZ404,,pm,PM_SNAPSHOT,SUCCESS,,,,14,,,631,,,,,,,ho_attempt=1486 rach_attempt=796,,,
2026-07-01 16:04:00,XYZ401,,pm,PM_SNAPSHOT,SUCCESS,,,,10,,,461,,,,,,,ho_attempt=1826 rach_attempt=360,,,
2026-07-01 16:04:00,XYZ403,,pm,PM_SNAPSHOT,FAIL,,,,3,,,254,,,,,,,ho_attempt=1513 rach_attempt=408,,,
2026-07-01 16:04:00,XYZ408,,pm,PM_SNAPSHOT,FAIL,,,,1,,,647,,,,,,,ho_attempt=1245 rach_attempt=243,,,
2026-07-01 17:00:00,XYZ408,,pm,PM_SNAPSHOT,FAIL,,,,10,,,555,,,,,,,ho_attempt=1552 rach_attempt=654,,,
2026-07-01 17:00:00,XYZ410,,pm,PM_SNAPSHOT,FAIL,,,,10,,,225,,,,,,,ho_attempt=676 rach_attempt=598,,,
2026-07-01 17:00:00,XYZ409,,pm,PM_SNAPSHOT,FAIL,,,,9,,,259,,,,,,,ho_attempt=1539 rach_attempt=967,,,
2026-07-01 17:00:00,XYZ407,,pm,PM_SNAPSHOT,FAIL,,,,15,,,566,,,,,,,ho_attempt=537 rach_attempt=925,,,
2026-07-01 17:00:00,XYZ405,,pm,PM_SNAPSHOT,SUCCESS,,,,10,,,767,,,,,,,ho_attempt=1260 rach_attempt=779,,,
2026-07-01 17:00:00,XYZ403,,pm,PM_SNAPSHOT,FAIL,,,,6,,,240,,,,,,,ho_attempt=934 rach_attempt=857,,,
2026-07-01 17:00:00,XYZ402,,pm,PM_SNAPSHOT,SUCCESS,,,,4,,,444,,,,,,,ho_attempt=812 rach_attempt=653,,,
2026-07-01 17:00:00,XYZ401,,pm,PM_SNAPSHOT,FAIL,,,,11,,,771,,,,,,,ho_attempt=841 rach_attempt=641,,,
2026-07-01 17:00:00,XYZ406,,pm,PM_SNAPSHOT,FAIL,,,,11,,,176,,,,,,,ho_attempt=1767 rach_attempt=313,,,
2026-07-01 17:01:00,XYZ409,,pm,PM_SNAPSHOT,SUCCESS,,,,6,,,262,,,,,,,ho_attempt=1682 rach_attempt=211,,,
2026-07-01 17:01:00,XYZ401,,pm,PM_SNAPSHOT,FAIL,,,,7,,,480,,,,,,,ho_attempt=1023 rach_attempt=211,,,
2026-07-01 17:01:00,XYZ402,,pm,PM_SNAPSHOT,SUCCESS,,,,6,,,325,,,,,,,ho_attempt=1404 rach_attempt=730,,,
2026-07-01 17:01:00,XYZ403,,pm,PM_SNAPSHOT,FAIL,,,,13,,,191,,,,,,,ho_attempt=1745 rach_attempt=371,,,
2026-07-01 17:01:00,XYZ405,,pm,PM_SNAPSHOT,FAIL,,,,8,,,390,,,,,,,ho_attempt=1612 rach_attempt=220,,,
2026-07-01 17:01:00,XYZ406,,pm,PM_SNAPSHOT,FAIL,,,,12,,,233,,,,,,,ho_attempt=1905 rach_attempt=620,,,
2026-07-01 17:01:00,XYZ407,,pm,PM_SNAPSHOT,FAIL,,,,12,,,208,,,,,,,ho_attempt=989 rach_attempt=731,,,
2026-07-01 17:01:00,XYZ408,,pm,PM_SNAPSHOT,FAIL,,,,15,,,757,,,,,,,ho_attempt=829 rach_attempt=618,,,
2026-07-01 17:01:00,XYZ410,,pm,PM_SNAPSHOT,FAIL,,,,11,,,124,,,,,,,ho_attempt=1463 rach_attempt=709,,,
2026-07-01 17:02:00,XYZ410,,pm,PM_SNAPSHOT,FAIL,,,,8,,,574,,,,,,,ho_attempt=1402 rach_attempt=837,,,
2026-07-01 17:02:00,XYZ408,,pm,PM_SNAPSHOT,SUCCESS,,,,2,,,717,,,,,,,ho_attempt=1611 rach_attempt=401,,,
2026-07-01 17:02:00,XYZ406,,pm,PM_SNAPSHOT,FAIL,,,,1,,,653,,,,,,,ho_attempt=1431 rach_attempt=469,,,
2026-07-01 17:02:00,XYZ401,,pm,PM_SNAPSHOT,FAIL,,,,9,,,251,,,,,,,ho_attempt=1963 rach_attempt=300,,,
2026-07-01 17:02:00,XYZ403,,pm,PM_SNAPSHOT,FAIL,,,,9,,,455,,,,,,,ho_attempt=1801 rach_attempt=738,,,
2026-07-01 17:02:00,XYZ402,,pm,PM_SNAPSHOT,FAIL,,,,13,,,205,,,,,,,ho_attempt=1949 rach_attempt=581,,,
2026-07-01 17:02:00,XYZ405,,pm,PM_SNAPSHOT,FAIL,,,,13,,,196,,,,,,,ho_attempt=1785 rach_attempt=476,,,
2026-07-01 17:03:00,XYZ406,,pm,PM_SNAPSHOT,SUCCESS,,,,6,,,422,,,,,,,ho_attempt=1336 rach_attempt=402,,,
2026-07-01 17:03:00,XYZ408,,pm,PM_SNAPSHOT,SUCCESS,,,,6,,,681,,,,,,,ho_attempt=589 rach_attempt=358,,,
2026-07-01 17:03:00,XYZ405,,pm,PM_SNAPSHOT,SUCCESS,,,,4,,,80,,,,,,,ho_attempt=1832 rach_attempt=714,,,
2026-07-01 17:03:00,XYZ410,,pm,PM_SNAPSHOT,FAIL,,,,7,,,495,,,,,,,ho_attempt=1391 rach_attempt=296,,,
2026-07-01 17:03:00,XYZ402,,pm,PM_SNAPSHOT,FAIL,,,,9,,,212,,,,,,,ho_attempt=1034 rach_attempt=419,,,
2026-07-01 17:03:00,XYZ401,,pm,PM_SNAPSHOT,FAIL,,,,15,,,545,,,,,,,ho_attempt=750 rach_attempt=312,,,
2026-07-01 17:03:00,XYZ403,,pm,PM_SNAPSHOT,SUCCESS,,,,6,,,185,,,,,,,ho_attempt=1293 rach_attempt=303,,,
2026-07-01 17:04:00,XYZ406,,pm,PM_SNAPSHOT,FAIL,,,,3,,,254,,,,,,,ho_attempt=786 rach_attempt=377,,,
2026-07-01 17:04:00,XYZ408,,pm,PM_SNAPSHOT,FAIL,,,,11,,,490,,,,,,,ho_attempt=655 rach_attempt=716,,,
2026-07-01 17:04:00,XYZ402,,pm,PM_SNAPSHOT,FAIL,,,,7,,,404,,,,,,,ho_attempt=1378 rach_attempt=455,,,
2026-07-01 17:04:00,XYZ403,,pm,PM_SNAPSHOT,FAIL,,,,11,,,418,,,,,,,ho_attempt=725 rach_attempt=664,,,
2026-07-01 17:05:00,XYZ408,,pm,PM_SNAPSHOT,FAIL,,,,3,,,730,,,,,,,ho_attempt=844 rach_attempt=271,,,
2026-07-01 17:05:00,XYZ403,,pm,PM_SNAPSHOT,FAIL,,,,4,,,175,,,,,,,ho_attempt=1507 rach_attempt=969,,,
2026-07-01 17:05:00,XYZ402,,pm,PM_SNAPSHOT,FAIL,,,,12,,,108,,,,,,,ho_attempt=1000 rach_attempt=213,,,
2026-07-01 17:06:00,XYZ403,,pm,PM_SNAPSHOT,FAIL,,,,5,,,74,,,,,,,ho_attempt=1023 rach_attempt=634,,,
2026-07-01 17:07:00,XYZ403,,pm,PM_SNAPSHOT,FAIL,,,,3,,,52,,,,,,,ho_attempt=1766 rach_attempt=772,,,
2026-07-01 18:00:00,XYZ410,,pm,PM_SNAPSHOT,FAIL,,,,7,,,499,,,,,,,ho_attempt=616 rach_attempt=828,,,
2026-07-01 18:00:00,XYZ409,,pm,PM_SNAPSHOT,SUCCESS,,,,10,,,117,,,,,,,ho_attempt=1274 rach_attempt=654,,,
2026-07-01 18:00:00,XYZ408,,pm,PM_SNAPSHOT,FAIL,,,,10,,,538,,,,,,,ho_attempt=775 rach_attempt=353,,,
2026-07-01 18:00:00,XYZ407,,pm,PM_SNAPSHOT,FAIL,,,,14,,,493,,,,,,,ho_attempt=1762 rach_attempt=558,,,
2026-07-01 18:00:00,XYZ406,,pm,PM_SNAPSHOT,FAIL,,,,3,,,784,,,,,,,ho_attempt=1985 rach_attempt=800,,,
2026-07-01 18:00:00,XYZ404,,pm,PM_SNAPSHOT,FAIL,,,,10,,,711,,,,,,,ho_attempt=784 rach_attempt=992,,,
2026-07-01 18:00:00,XYZ403,,pm,PM_SNAPSHOT,FAIL,,,,8,,,582,,,,,,,ho_attempt=1451 rach_attempt=201,,,
2026-07-01 18:00:00,XYZ402,,pm,PM_SNAPSHOT,FAIL,,,,5,,,432,,,,,,,ho_attempt=828 rach_attempt=753,,,
2026-07-01 18:00:00,XYZ401,,pm,PM_SNAPSHOT,FAIL,,,,5,,,661,,,,,,,ho_attempt=1446 rach_attempt=575,,,
2026-07-01 18:00:00,XYZ405,,pm,PM_SNAPSHOT,SUCCESS,,,,3,,,733,,,,,,,ho_attempt=1749 rach_attempt=779,,,
2026-07-01 18:01:00,XYZ407,,pm,PM_SNAPSHOT,FAIL,,,,8,,,700,,,,,,,ho_attempt=900 rach_attempt=237,,,
2026-07-01 18:01:00,XYZ410,,pm,PM_SNAPSHOT,FAIL,,,,1,,,623,,,,,,,ho_attempt=1675 rach_attempt=999,,,
2026-07-01 18:01:00,XYZ409,,pm,PM_SNAPSHOT,FAIL,,,,10,,,604,,,,,,,ho_attempt=528 rach_attempt=829,,,
2026-07-01 18:01:00,XYZ408,,pm,PM_SNAPSHOT,FAIL,,,,14,,,321,,,,,,,ho_attempt=1313 rach_attempt=766,,,
2026-07-01 18:01:00,XYZ406,,pm,PM_SNAPSHOT,FAIL,,,,14,,,112,,,,,,,ho_attempt=1762 rach_attempt=249,,,
2026-07-01 18:01:00,XYZ401,,pm,PM_SNAPSHOT,FAIL,,,,6,,,160,,,,,,,ho_attempt=1247 rach_attempt=900,,,
2026-07-01 18:01:00,XYZ404,,pm,PM_SNAPSHOT,FAIL,,,,12,,,776,,,,,,,ho_attempt=774 rach_attempt=438,,,
2026-07-01 18:01:00,XYZ403,,pm,PM_SNAPSHOT,FAIL,,,,2,,,281,,,,,,,ho_attempt=1758 rach_attempt=359,,,
2026-07-01 18:01:00,XYZ402,,pm,PM_SNAPSHOT,FAIL,,,,3,,,326,,,,,,,ho_attempt=1849 rach_attempt=573,,,
2026-07-01 18:01:00,XYZ405,,pm,PM_SNAPSHOT,FAIL,,,,15,,,622,,,,,,,ho_attempt=526 rach_attempt=747,,,
2026-07-01 18:02:00,XYZ407,,pm,PM_SNAPSHOT,FAIL,,,,14,,,77,,,,,,,ho_attempt=621 rach_attempt=337,,,
2026-07-01 18:02:00,XYZ410,,pm,PM_SNAPSHOT,FAIL,,,,15,,,221,,,,,,,ho_attempt=1631 rach_attempt=978,,,
2026-07-01 18:02:00,XYZ409,,pm,PM_SNAPSHOT,SUCCESS,,,,14,,,706,,,,,,,ho_attempt=827 rach_attempt=399,,,
2026-07-01 18:02:00,XYZ405,,pm,PM_SNAPSHOT,SUCCESS,,,,11,,,126,,,,,,,ho_attempt=1324 rach_attempt=696,,,
2026-07-01 18:02:00,XYZ406,,pm,PM_SNAPSHOT,SUCCESS,,,,15,,,607,,,,,,,ho_attempt=1457 rach_attempt=948,,,
2026-07-01 18:02:00,XYZ403,,pm,PM_SNAPSHOT,FAIL,,,,7,,,726,,,,,,,ho_attempt=1855 rach_attempt=942,,,
2026-07-01 18:02:00,XYZ402,,pm,PM_SNAPSHOT,FAIL,,,,10,,,128,,,,,,,ho_attempt=1918 rach_attempt=828,,,
2026-07-01 18:02:00,XYZ401,,pm,PM_SNAPSHOT,FAIL,,,,4,,,520,,,,,,,ho_attempt=616 rach_attempt=832,,,
2026-07-01 18:02:00,XYZ404,,pm,PM_SNAPSHOT,FAIL,,,,3,,,715,,,,,,,ho_attempt=715 rach_attempt=431,,,
2026-07-01 18:03:00,XYZ403,,pm,PM_SNAPSHOT,FAIL,,,,3,,,533,,,,,,,ho_attempt=1504 rach_attempt=347,,,
2026-07-01 18:03:00,XYZ404,,pm,PM_SNAPSHOT,SUCCESS,,,,15,,,598,,,,,,,ho_attempt=1417 rach_attempt=885,,,
2026-07-01 18:03:00,XYZ405,,pm,PM_SNAPSHOT,SUCCESS,,,,2,,,633,,,,,,,ho_attempt=578 rach_attempt=797,,,
2026-07-01 18:03:00,XYZ406,,pm,PM_SNAPSHOT,FAIL,,,,5,,,612,,,,,,,ho_attempt=1210 rach_attempt=465,,,
2026-07-01 18:03:00,XYZ409,,pm,PM_SNAPSHOT,FAIL,,,,3,,,75,,,,,,,ho_attempt=1890 rach_attempt=713,,,
2026-07-01 18:03:00,XYZ410,,pm,PM_SNAPSHOT,FAIL,,,,4,,,97,,,,,,,ho_attempt=925 rach_attempt=536,,,
2026-07-01 18:04:00,XYZ410,,pm,PM_SNAPSHOT,FAIL,,,,12,,,707,,,,,,,ho_attempt=882 rach_attempt=962,,,
2026-07-01 18:04:00,XYZ404,,pm,PM_SNAPSHOT,FAIL,,,,3,,,224,,,,,,,ho_attempt=621 rach_attempt=387,,,
2026-07-01 18:04:00,XYZ405,,pm,PM_SNAPSHOT,FAIL,,,,2,,,386,,,,,,,ho_attempt=1019 rach_attempt=648,,,
2026-07-01 18:04:00,XYZ406,,pm,PM_SNAPSHOT,FAIL,,,,1,,,606,,,,,,,ho_attempt=1663 rach_attempt=382,,,
2026-07-01 18:05:00,XYZ405,,pm,PM_SNAPSHOT,FAIL,,,,1,,,747,,,,,,,ho_attempt=794 rach_attempt=831,,,
2026-07-01 18:05:00,XYZ404,,pm,PM_SNAPSHOT,FAIL,,,,14,,,259,,,,,,,ho_attempt=874 rach_attempt=753,,,
2026-07-01 19:00:00,XYZ401,,pm,PM_SNAPSHOT,FAIL,,,,7,,,276,,,,,,,ho_attempt=1222 rach_attempt=788,,,
2026-07-01 19:00:00,XYZ402,,pm,PM_SNAPSHOT,SUCCESS,,,,3,,,620,,,,,,,ho_attempt=1819 rach_attempt=924,,,
2026-07-01 19:00:00,XYZ403,,pm,PM_SNAPSHOT,SUCCESS,,,,9,,,606,,,,,,,ho_attempt=864 rach_attempt=777,,,
2026-07-01 19:00:00,XYZ404,,pm,PM_SNAPSHOT,SUCCESS,,,,9,,,122,,,,,,,ho_attempt=1752 rach_attempt=863,,,
2026-07-01 19:00:00,XYZ405,,pm,PM_SNAPSHOT,FAIL,,,,9,,,550,,,,,,,ho_attempt=1330 rach_attempt=884,,,
2026-07-01 19:00:00,XYZ406,,pm,PM_SNAPSHOT,FAIL,,,,4,,,98,,,,,,,ho_attempt=1494 rach_attempt=327,,,
2026-07-01 19:00:00,XYZ407,,pm,PM_SNAPSHOT,FAIL,,,,10,,,167,,,,,,,ho_attempt=900 rach_attempt=736,,,
2026-07-01 19:00:00,XYZ408,,pm,PM_SNAPSHOT,FAIL,,,,14,,,322,,,,,,,ho_attempt=562 rach_attempt=914,,,
2026-07-01 19:00:00,XYZ409,,pm,PM_SNAPSHOT,FAIL,,,,7,,,413,,,,,,,ho_attempt=1436 rach_attempt=420,,,
2026-07-01 19:00:00,XYZ410,,pm,PM_SNAPSHOT,SUCCESS,,,,14,,,250,,,,,,,ho_attempt=1576 rach_attempt=417,,,
2026-07-01 19:01:00,XYZ409,,pm,PM_SNAPSHOT,FAIL,,,,11,,,50,,,,,,,ho_attempt=900 rach_attempt=312,,,
2026-07-01 19:01:00,XYZ406,,pm,PM_SNAPSHOT,FAIL,,,,8,,,515,,,,,,,ho_attempt=885 rach_attempt=617,,,
2026-07-01 19:01:00,XYZ410,,pm,PM_SNAPSHOT,FAIL,,,,10,,,253,,,,,,,ho_attempt=966 rach_attempt=980,,,
2026-07-01 19:01:00,XYZ405,,pm,PM_SNAPSHOT,FAIL,,,,12,,,311,,,,,,,ho_attempt=1810 rach_attempt=652,,,
2026-07-01 19:01:00,XYZ408,,pm,PM_SNAPSHOT,FAIL,,,,10,,,582,,,,,,,ho_attempt=1079 rach_attempt=596,,,
2026-07-01 19:01:00,XYZ403,,pm,PM_SNAPSHOT,FAIL,,,,5,,,90,,,,,,,ho_attempt=1393 rach_attempt=889,,,
2026-07-01 19:01:00,XYZ401,,pm,PM_SNAPSHOT,FAIL,,,,10,,,639,,,,,,,ho_attempt=1531 rach_attempt=426,,,
2026-07-01 19:01:00,XYZ404,,pm,PM_SNAPSHOT,FAIL,,,,6,,,563,,,,,,,ho_attempt=650 rach_attempt=359,,,
2026-07-01 19:01:00,XYZ402,,pm,PM_SNAPSHOT,FAIL,,,,14,,,453,,,,,,,ho_attempt=648 rach_attempt=716,,,
2026-07-01 19:02:00,XYZ402,,pm,PM_SNAPSHOT,FAIL,,,,9,,,560,,,,,,,ho_attempt=1917 rach_attempt=422,,,
2026-07-01 19:02:00,XYZ403,,pm,PM_SNAPSHOT,FAIL,,,,15,,,108,,,,,,,ho_attempt=717 rach_attempt=899,,,
2026-07-01 19:02:00,XYZ404,,pm,PM_SNAPSHOT,FAIL,,,,10,,,582,,,,,,,ho_attempt=993 rach_attempt=348,,,
2026-07-01 19:02:00,XYZ405,,pm,PM_SNAPSHOT,FAIL,,,,2,,,738,,,,,,,ho_attempt=1567 rach_attempt=760,,,
2026-07-01 19:02:00,XYZ406,,pm,PM_SNAPSHOT,FAIL,,,,2,,,551,,,,,,,ho_attempt=1254 rach_attempt=599,,,
2026-07-01 19:02:00,XYZ408,,pm,PM_SNAPSHOT,FAIL,,,,7,,,72,,,,,,,ho_attempt=642 rach_attempt=259,,,
2026-07-01 19:02:00,XYZ409,,pm,PM_SNAPSHOT,FAIL,,,,10,,,237,,,,,,,ho_attempt=1446 rach_attempt=861,,,
2026-07-01 19:02:00,XYZ410,,pm,PM_SNAPSHOT,FAIL,,,,14,,,682,,,,,,,ho_attempt=1087 rach_attempt=971,,,
2026-07-01 19:03:00,XYZ409,,pm,PM_SNAPSHOT,FAIL,,,,1,,,276,,,,,,,ho_attempt=506 rach_attempt=675,,,
2026-07-01 19:03:00,XYZ408,,pm,PM_SNAPSHOT,FAIL,,,,7,,,173,,,,,,,ho_attempt=1533 rach_attempt=907,,,
2026-07-01 19:03:00,XYZ405,,pm,PM_SNAPSHOT,FAIL,,,,3,,,468,,,,,,,ho_attempt=876 rach_attempt=579,,,
2026-07-01 19:03:00,XYZ403,,pm,PM_SNAPSHOT,SUCCESS,,,,4,,,662,,,,,,,ho_attempt=1774 rach_attempt=278,,,
2026-07-01 19:03:00,XYZ402,,pm,PM_SNAPSHOT,SUCCESS,,,,14,,,557,,,,,,,ho_attempt=1963 rach_attempt=552,,,
2026-07-01 19:04:00,XYZ402,,pm,PM_SNAPSHOT,FAIL,,,,6,,,74,,,,,,,ho_attempt=1119 rach_attempt=221,,,
2026-07-01 19:04:00,XYZ403,,pm,PM_SNAPSHOT,FAIL,,,,6,,,375,,,,,,,ho_attempt=1670 rach_attempt=249,,,
2026-07-01 19:04:00,XYZ405,,pm,PM_SNAPSHOT,FAIL,,,,3,,,715,,,,,,,ho_attempt=686 rach_attempt=585,,,
2026-07-01 19:04:00,XYZ409,,pm,PM_SNAPSHOT,FAIL,,,,1,,,151,,,,,,,ho_attempt=1361 rach_attempt=494,,,
2026-07-01 19:05:00,XYZ403,,pm,PM_SNAPSHOT,FAIL,,,,6,,,735,,,,,,,ho_attempt=1192 rach_attempt=582,,,
2026-07-01 19:05:00,XYZ405,,pm,PM_SNAPSHOT,FAIL,,,,7,,,353,,,,,,,ho_attempt=1670 rach_attempt=565,,,
2026-07-01 19:05:00,XYZ409,,pm,PM_SNAPSHOT,FAIL,,,,6,,,696,,,,,,,ho_attempt=1052 rach_attempt=671,,,
2026-07-01 19:06:00,XYZ405,,pm,PM_SNAPSHOT,FAIL,,,,11,,,232,,,,,,,ho_attempt=1090 rach_attempt=303,,,
2026-07-01 19:07:00,XYZ405,,pm,PM_SNAPSHOT,SUCCESS,,,,12,,,629,,,,,,,ho_attempt=1300 rach_attempt=758,,,
2026-07-01 20:00:00,XYZ409,,pm,PM_SNAPSHOT,FAIL,,,,3,,,213,,,,,,,ho_attempt=1699 rach_attempt=372,,,
2026-07-01 20:00:00,XYZ407,,pm,PM_SNAPSHOT,FAIL,,,,4,,,669,,,,,,,ho_attempt=1502 rach_attempt=250,,,
2026-07-01 20:00:00,XYZ406,,pm,PM_SNAPSHOT,FAIL,,,,14,,,494,,,,,,,ho_attempt=1439 rach_attempt=301,,,
2026-07-01 20:00:00,XYZ410,,pm,PM_SNAPSHOT,SUCCESS,,,,1,,,506,,,,,,,ho_attempt=1074 rach_attempt=353,,,
2026-07-01 20:00:00,XYZ405,,pm,PM_SNAPSHOT,FAIL,,,,8,,,296,,,,,,,ho_attempt=1820 rach_attempt=854,,,
2026-07-01 20:00:00,XYZ403,,pm,PM_SNAPSHOT,SUCCESS,,,,2,,,626,,,,,,,ho_attempt=1388 rach_attempt=387,,,
2026-07-01 20:00:00,XYZ402,,pm,PM_SNAPSHOT,SUCCESS,,,,5,,,651,,,,,,,ho_attempt=1819 rach_attempt=447,,,
2026-07-01 20:00:00,XYZ401,,pm,PM_SNAPSHOT,FAIL,,,,10,,,686,,,,,,,ho_attempt=1608 rach_attempt=722,,,
2026-07-01 20:00:00,XYZ404,,pm,PM_SNAPSHOT,SUCCESS,,,,2,,,204,,,,,,,ho_attempt=560 rach_attempt=773,,,
2026-07-01 20:01:00,XYZ401,,pm,PM_SNAPSHOT,FAIL,,,,15,,,112,,,,,,,ho_attempt=1973 rach_attempt=452,,,
2026-07-01 20:01:00,XYZ402,,pm,PM_SNAPSHOT,FAIL,,,,8,,,598,,,,,,,ho_attempt=1385 rach_attempt=321,,,
2026-07-01 20:01:00,XYZ403,,pm,PM_SNAPSHOT,SUCCESS,,,,14,,,443,,,,,,,ho_attempt=1774 rach_attempt=311,,,
2026-07-01 20:01:00,XYZ404,,pm,PM_SNAPSHOT,SUCCESS,,,,4,,,349,,,,,,,ho_attempt=1880 rach_attempt=824,,,
2026-07-01 20:01:00,XYZ405,,pm,PM_SNAPSHOT,FAIL,,,,3,,,362,,,,,,,ho_attempt=1841 rach_attempt=843,,,
2026-07-01 20:01:00,XYZ406,,pm,PM_SNAPSHOT,FAIL,,,,7,,,50,,,,,,,ho_attempt=981 rach_attempt=560,,,
2026-07-01 20:01:00,XYZ407,,pm,PM_SNAPSHOT,FAIL,,,,15,,,599,,,,,,,ho_attempt=503 rach_attempt=975,,,
2026-07-01 20:01:00,XYZ410,,pm,PM_SNAPSHOT,FAIL,,,,11,,,751,,,,,,,ho_attempt=1787 rach_attempt=561,,,
2026-07-01 20:02:00,XYZ410,,pm,PM_SNAPSHOT,FAIL,,,,7,,,685,,,,,,,ho_attempt=1078 rach_attempt=730,,,
2026-07-01 20:02:00,XYZ407,,pm,PM_SNAPSHOT,FAIL,,,,3,,,779,,,,,,,ho_attempt=1145 rach_attempt=676,,,
2026-07-01 20:02:00,XYZ406,,pm,PM_SNAPSHOT,SUCCESS,,,,4,,,476,,,,,,,ho_attempt=765 rach_attempt=420,,,
2026-07-01 20:02:00,XYZ405,,pm,PM_SNAPSHOT,SUCCESS,,,,4,,,378,,,,,,,ho_attempt=1171 rach_attempt=847,,,
2026-07-01 20:02:00,XYZ402,,pm,PM_SNAPSHOT,FAIL,,,,4,,,447,,,,,,,ho_attempt=658 rach_attempt=840,,,
2026-07-01 20:02:00,XYZ401,,pm,PM_SNAPSHOT,SUCCESS,,,,15,,,480,,,,,,,ho_attempt=1436 rach_attempt=594,,,
2026-07-01 20:02:00,XYZ404,,pm,PM_SNAPSHOT,FAIL,,,,14,,,243,,,,,,,ho_attempt=913 rach_attempt=892,,,
2026-07-01 20:03:00,XYZ401,,pm,PM_SNAPSHOT,FAIL,,,,4,,,339,,,,,,,ho_attempt=1488 rach_attempt=895,,,
2026-07-01 20:03:00,XYZ402,,pm,PM_SNAPSHOT,FAIL,,,,11,,,277,,,,,,,ho_attempt=817 rach_attempt=854,,,
2026-07-01 20:03:00,XYZ404,,pm,PM_SNAPSHOT,FAIL,,,,8,,,734,,,,,,,ho_attempt=958 rach_attempt=434,,,
2026-07-01 20:03:00,XYZ405,,pm,PM_SNAPSHOT,FAIL,,,,6,,,61,,,,,,,ho_attempt=1867 rach_attempt=636,,,
2026-07-01 20:03:00,XYZ406,,pm,PM_SNAPSHOT,FAIL,,,,13,,,742,,,,,,,ho_attempt=1894 rach_attempt=381,,,
2026-07-01 20:03:00,XYZ407,,pm,PM_SNAPSHOT,FAIL,,,,11,,,736,,,,,,,ho_attempt=1316 rach_attempt=241,,,
2026-07-01 20:03:00,XYZ410,,pm,PM_SNAPSHOT,FAIL,,,,4,,,762,,,,,,,ho_attempt=1480 rach_attempt=992,,,
2026-07-01 20:04:00,XYZ410,,pm,PM_SNAPSHOT,FAIL,,,,6,,,176,,,,,,,ho_attempt=1119 rach_attempt=807,,,
2026-07-01 20:04:00,XYZ404,,pm,PM_SNAPSHOT,SUCCESS,,,,13,,,774,,,,,,,ho_attempt=1493 rach_attempt=518,,,
2026-07-01 20:04:00,XYZ406,,pm,PM_SNAPSHOT,FAIL,,,,14,,,291,,,,,,,ho_attempt=741 rach_attempt=267,,,
2026-07-01 20:04:00,XYZ407,,pm,PM_SNAPSHOT,SUCCESS,,,,2,,,669,,,,,,,ho_attempt=835 rach_attempt=427,,,
2026-07-01 20:05:00,XYZ410,,pm,PM_SNAPSHOT,FAIL,,,,11,,,72,,,,,,,ho_attempt=1550 rach_attempt=682,,,
2026-07-01 20:05:00,XYZ407,,pm,PM_SNAPSHOT,FAIL,,,,14,,,198,,,,,,,ho_attempt=1249 rach_attempt=970,,,
2026-07-01 20:05:00,XYZ404,,pm,PM_SNAPSHOT,FAIL,,,,11,,,763,,,,,,,ho_attempt=1864 rach_attempt=973,,,
2026-07-01 20:06:00,XYZ404,,pm,PM_SNAPSHOT,SUCCESS,,,,1,,,301,,,,,,,ho_attempt=1524 rach_attempt=437,,,
2026-07-01 20:06:00,XYZ410,,pm,PM_SNAPSHOT,FAIL,,,,9,,,285,,,,,,,ho_attempt=958 rach_attempt=962,,,
2026-07-01 20:07:00,XYZ410,,pm,PM_SNAPSHOT,FAIL,,,,11,,,520,,,,,,,ho_attempt=1129 rach_attempt=689,,,
2026-07-01 21:00:00,XYZ410,,pm,PM_SNAPSHOT,FAIL,,,,8,,,678,,,,,,,ho_attempt=531 rach_attempt=289,,,
2026-07-01 21:00:00,XYZ409,,pm,PM_SNAPSHOT,FAIL,,,,15,,,700,,,,,,,ho_attempt=1161 rach_attempt=982,,,
2026-07-01 21:00:00,XYZ408,,pm,PM_SNAPSHOT,FAIL,,,,13,,,217,,,,,,,ho_attempt=700 rach_attempt=540,,,
2026-07-01 21:00:00,XYZ407,,pm,PM_SNAPSHOT,SUCCESS,,,,2,,,596,,,,,,,ho_attempt=1424 rach_attempt=758,,,
2026-07-01 21:00:00,XYZ406,,pm,PM_SNAPSHOT,FAIL,,,,4,,,339,,,,,,,ho_attempt=1069 rach_attempt=544,,,
2026-07-01 21:00:00,XYZ405,,pm,PM_SNAPSHOT,FAIL,,,,6,,,774,,,,,,,ho_attempt=743 rach_attempt=864,,,
2026-07-01 21:00:00,XYZ404,,pm,PM_SNAPSHOT,FAIL,,,,5,,,554,,,,,,,ho_attempt=1165 rach_attempt=429,,,
2026-07-01 21:00:00,XYZ403,,pm,PM_SNAPSHOT,SUCCESS,,,,4,,,556,,,,,,,ho_attempt=1456 rach_attempt=256,,,
2026-07-01 21:00:00,XYZ402,,pm,PM_SNAPSHOT,FAIL,,,,15,,,390,,,,,,,ho_attempt=510 rach_attempt=563,,,
2026-07-01 21:00:00,XYZ401,,pm,PM_SNAPSHOT,FAIL,,,,5,,,689,,,,,,,ho_attempt=1278 rach_attempt=264,,,
2026-07-01 21:01:00,XYZ410,,pm,PM_SNAPSHOT,SUCCESS,,,,7,,,272,,,,,,,ho_attempt=687 rach_attempt=291,,,
2026-07-01 21:01:00,XYZ409,,pm,PM_SNAPSHOT,FAIL,,,,1,,,332,,,,,,,ho_attempt=1230 rach_attempt=486,,,
2026-07-01 21:01:00,XYZ408,,pm,PM_SNAPSHOT,SUCCESS,,,,4,,,72,,,,,,,ho_attempt=810 rach_attempt=255,,,
2026-07-01 21:01:00,XYZ407,,pm,PM_SNAPSHOT,FAIL,,,,15,,,424,,,,,,,ho_attempt=1574 rach_attempt=811,,,
2026-07-01 21:01:00,XYZ402,,pm,PM_SNAPSHOT,FAIL,,,,3,,,479,,,,,,,ho_attempt=1438 rach_attempt=930,,,
2026-07-01 21:01:00,XYZ404,,pm,PM_SNAPSHOT,FAIL,,,,12,,,187,,,,,,,ho_attempt=1456 rach_attempt=991,,,
2026-07-01 21:01:00,XYZ401,,pm,PM_SNAPSHOT,FAIL,,,,5,,,671,,,,,,,ho_attempt=646 rach_attempt=849,,,
2026-07-01 21:01:00,XYZ405,,pm,PM_SNAPSHOT,SUCCESS,,,,2,,,165,,,,,,,ho_attempt=862 rach_attempt=967,,,
2026-07-01 21:02:00,XYZ401,,pm,PM_SNAPSHOT,FAIL,,,,14,,,707,,,,,,,ho_attempt=1456 rach_attempt=877,,,
2026-07-01 21:02:00,XYZ402,,pm,PM_SNAPSHOT,FAIL,,,,7,,,589,,,,,,,ho_attempt=1879 rach_attempt=818,,,
2026-07-01 21:02:00,XYZ405,,pm,PM_SNAPSHOT,FAIL,,,,6,,,344,,,,,,,ho_attempt=520 rach_attempt=714,,,
2026-07-01 21:02:00,XYZ407,,pm,PM_SNAPSHOT,FAIL,,,,15,,,373,,,,,,,ho_attempt=1353 rach_attempt=753,,,
2026-07-01 21:02:00,XYZ408,,pm,PM_SNAPSHOT,SUCCESS,,,,15,,,730,,,,,,,ho_attempt=1978 rach_attempt=359,,,
2026-07-01 21:02:00,XYZ409,,pm,PM_SNAPSHOT,FAIL,,,,12,,,188,,,,,,,ho_attempt=1790 rach_attempt=304,,,
2026-07-01 21:02:00,XYZ410,,pm,PM_SNAPSHOT,SUCCESS,,,,9,,,593,,,,,,,ho_attempt=698 rach_attempt=423,,,
2026-07-01 21:03:00,XYZ408,,pm,PM_SNAPSHOT,FAIL,,,,11,,,284,,,,,,,ho_attempt=605 rach_attempt=410,,,
2026-07-01 21:03:00,XYZ409,,pm,PM_SNAPSHOT,FAIL,,,,13,,,797,,,,,,,ho_attempt=1691 rach_attempt=850,,,
2026-07-01 21:03:00,XYZ407,,pm,PM_SNAPSHOT,FAIL,,,,6,,,426,,,,,,,ho_attempt=1609 rach_attempt=452,,,
2026-07-01 21:03:00,XYZ401,,pm,PM_SNAPSHOT,FAIL,,,,8,,,687,,,,,,,ho_attempt=1252 rach_attempt=902,,,
2026-07-01 21:03:00,XYZ402,,pm,PM_SNAPSHOT,FAIL,,,,3,,,609,,,,,,,ho_attempt=1670 rach_attempt=303,,,
2026-07-01 21:03:00,XYZ405,,pm,PM_SNAPSHOT,SUCCESS,,,,13,,,267,,,,,,,ho_attempt=769 rach_attempt=526,,,
2026-07-01 21:04:00,XYZ401,,pm,PM_SNAPSHOT,FAIL,,,,13,,,708,,,,,,,ho_attempt=1413 rach_attempt=666,,,
2026-07-01 21:04:00,XYZ407,,pm,PM_SNAPSHOT,FAIL,,,,2,,,528,,,,,,,ho_attempt=1425 rach_attempt=619,,,
2026-07-01 21:04:00,XYZ408,,pm,PM_SNAPSHOT,FAIL,,,,13,,,672,,,,,,,ho_attempt=880 rach_attempt=398,,,
2026-07-01 21:04:00,XYZ409,,pm,PM_SNAPSHOT,FAIL,,,,1,,,190,,,,,,,ho_attempt=1204 rach_attempt=743,,,
2026-07-01 21:05:00,XYZ407,,pm,PM_SNAPSHOT,FAIL,,,,4,,,731,,,,,,,ho_attempt=685 rach_attempt=817,,,
2026-07-01 21:05:00,XYZ409,,pm,PM_SNAPSHOT,FAIL,,,,11,,,680,,,,,,,ho_attempt=1083 rach_attempt=576,,,
2026-07-01 21:05:00,XYZ401,,pm,PM_SNAPSHOT,FAIL,,,,10,,,668,,,,,,,ho_attempt=1569 rach_attempt=256,,,
2026-07-01 21:06:00,XYZ401,,pm,PM_SNAPSHOT,FAIL,,,,12,,,54,,,,,,,ho_attempt=1739 rach_attempt=413,,,
2026-07-01 21:06:00,XYZ407,,pm,PM_SNAPSHOT,FAIL,,,,12,,,351,,,,,,,ho_attempt=628 rach_attempt=878,,,
2026-07-01 21:06:00,XYZ409,,pm,PM_SNAPSHOT,FAIL,,,,6,,,504,,,,,,,ho_attempt=1607 rach_attempt=502,,,
2026-07-01 22:00:00,XYZ407,,pm,PM_SNAPSHOT,FAIL,,,,2,,,351,,,,,,,ho_attempt=1169 rach_attempt=544,,,
2026-07-01 22:00:00,XYZ410,,pm,PM_SNAPSHOT,SUCCESS,,,,3,,,586,,,,,,,ho_attempt=1930 rach_attempt=275,,,
2026-07-01 22:00:00,XYZ409,,pm,PM_SNAPSHOT,FAIL,,,,10,,,682,,,,,,,ho_attempt=1506 rach_attempt=259,,,
2026-07-01 22:00:00,XYZ408,,pm,PM_SNAPSHOT,SUCCESS,,,,14,,,338,,,,,,,ho_attempt=1165 rach_attempt=523,,,
2026-07-01 22:00:00,XYZ406,,pm,PM_SNAPSHOT,FAIL,,,,15,,,753,,,,,,,ho_attempt=1175 rach_attempt=520,,,
2026-07-01 22:00:00,XYZ401,,pm,PM_SNAPSHOT,FAIL,,,,10,,,113,,,,,,,ho_attempt=953 rach_attempt=780,,,
2026-07-01 22:00:00,XYZ404,,pm,PM_SNAPSHOT,FAIL,,,,8,,,84,,,,,,,ho_attempt=1887 rach_attempt=487,,,
2026-07-01 22:00:00,XYZ403,,pm,PM_SNAPSHOT,FAIL,,,,13,,,373,,,,,,,ho_attempt=1540 rach_attempt=793,,,
2026-07-01 22:00:00,XYZ402,,pm,PM_SNAPSHOT,SUCCESS,,,,9,,,777,,,,,,,ho_attempt=1036 rach_attempt=211,,,
2026-07-01 22:00:00,XYZ405,,pm,PM_SNAPSHOT,FAIL,,,,6,,,408,,,,,,,ho_attempt=1451 rach_attempt=391,,,
2026-07-01 22:01:00,XYZ408,,pm,PM_SNAPSHOT,FAIL,,,,7,,,549,,,,,,,ho_attempt=1005 rach_attempt=507,,,
2026-07-01 22:01:00,XYZ410,,pm,PM_SNAPSHOT,SUCCESS,,,,15,,,647,,,,,,,ho_attempt=1904 rach_attempt=789,,,
2026-07-01 22:01:00,XYZ409,,pm,PM_SNAPSHOT,FAIL,,,,10,,,718,,,,,,,ho_attempt=941 rach_attempt=911,,,
2026-07-01 22:01:00,XYZ407,,pm,PM_SNAPSHOT,FAIL,,,,1,,,708,,,,,,,ho_attempt=554 rach_attempt=340,,,
2026-07-01 22:01:00,XYZ406,,pm,PM_SNAPSHOT,FAIL,,,,11,,,328,,,,,,,ho_attempt=1621 rach_attempt=852,,,
2026-07-01 22:01:00,XYZ405,,pm,PM_SNAPSHOT,FAIL,,,,12,,,708,,,,,,,ho_attempt=1986 rach_attempt=219,,,
2026-07-01 22:01:00,XYZ404,,pm,PM_SNAPSHOT,FAIL,,,,5,,,412,,,,,,,ho_attempt=1903 rach_attempt=604,,,
2026-07-01 22:01:00,XYZ403,,pm,PM_SNAPSHOT,FAIL,,,,7,,,409,,,,,,,ho_attempt=1238 rach_attempt=662,,,
2026-07-01 22:01:00,XYZ402,,pm,PM_SNAPSHOT,SUCCESS,,,,2,,,669,,,,,,,ho_attempt=653 rach_attempt=969,,,
2026-07-01 22:01:00,XYZ401,,pm,PM_SNAPSHOT,FAIL,,,,11,,,793,,,,,,,ho_attempt=521 rach_attempt=421,,,
2026-07-01 22:02:00,XYZ401,,pm,PM_SNAPSHOT,FAIL,,,,12,,,94,,,,,,,ho_attempt=1953 rach_attempt=733,,,
2026-07-01 22:02:00,XYZ403,,pm,PM_SNAPSHOT,FAIL,,,,10,,,524,,,,,,,ho_attempt=1420 rach_attempt=323,,,
2026-07-01 22:02:00,XYZ404,,pm,PM_SNAPSHOT,FAIL,,,,6,,,748,,,,,,,ho_attempt=1769 rach_attempt=928,,,
2026-07-01 22:02:00,XYZ406,,pm,PM_SNAPSHOT,SUCCESS,,,,2,,,386,,,,,,,ho_attempt=1960 rach_attempt=559,,,
2026-07-01 22:02:00,XYZ407,,pm,PM_SNAPSHOT,FAIL,,,,11,,,631,,,,,,,ho_attempt=591 rach_attempt=635,,,
2026-07-01 22:02:00,XYZ409,,pm,PM_SNAPSHOT,FAIL,,,,3,,,697,,,,,,,ho_attempt=667 rach_attempt=502,,,
2026-07-01 22:02:00,XYZ410,,pm,PM_SNAPSHOT,FAIL,,,,8,,,600,,,,,,,ho_attempt=749 rach_attempt=488,,,
2026-07-01 22:03:00,XYZ410,,pm,PM_SNAPSHOT,FAIL,,,,12,,,500,,,,,,,ho_attempt=802 rach_attempt=902,,,
2026-07-01 22:03:00,XYZ409,,pm,PM_SNAPSHOT,SUCCESS,,,,3,,,713,,,,,,,ho_attempt=1085 rach_attempt=550,,,
2026-07-01 22:03:00,XYZ407,,pm,PM_SNAPSHOT,FAIL,,,,12,,,565,,,,,,,ho_attempt=1091 rach_attempt=797,,,
2026-07-01 22:03:00,XYZ406,,pm,PM_SNAPSHOT,FAIL,,,,7,,,724,,,,,,,ho_attempt=523 rach_attempt=512,,,
2026-07-01 22:03:00,XYZ404,,pm,PM_SNAPSHOT,FAIL,,,,6,,,272,,,,,,,ho_attempt=1514 rach_attempt=635,,,
2026-07-01 22:03:00,XYZ403,,pm,PM_SNAPSHOT,FAIL,,,,2,,,495,,,,,,,ho_attempt=886 rach_attempt=690,,,
2026-07-01 22:03:00,XYZ401,,pm,PM_SNAPSHOT,FAIL,,,,2,,,339,,,,,,,ho_attempt=894 rach_attempt=219,,,
2026-07-01 22:04:00,XYZ401,,pm,PM_SNAPSHOT,FAIL,,,,6,,,350,,,,,,,ho_attempt=833 rach_attempt=265,,,
2026-07-01 22:04:00,XYZ403,,pm,PM_SNAPSHOT,FAIL,,,,14,,,745,,,,,,,ho_attempt=1810 rach_attempt=409,,,
2026-07-01 22:04:00,XYZ407,,pm,PM_SNAPSHOT,SUCCESS,,,,11,,,645,,,,,,,ho_attempt=1774 rach_attempt=854,,,
2026-07-01 22:04:00,XYZ409,,pm,PM_SNAPSHOT,FAIL,,,,11,,,62,,,,,,,ho_attempt=1386 rach_attempt=605,,,
2026-07-01 22:04:00,XYZ410,,pm,PM_SNAPSHOT,FAIL,,,,8,,,537,,,,,,,ho_attempt=1184 rach_attempt=824,,,
2026-07-01 22:05:00,XYZ409,,pm,PM_SNAPSHOT,FAIL,,,,15,,,62,,,,,,,ho_attempt=707 rach_attempt=317,,,
2026-07-01 22:05:00,XYZ410,,pm,PM_SNAPSHOT,SUCCESS,,,,11,,,356,,,,,,,ho_attempt=513 rach_attempt=625,,,
2026-07-01 23:00:00,XYZ410,,pm,PM_SNAPSHOT,FAIL,,,,10,,,703,,,,,,,ho_attempt=784 rach_attempt=549,,,
2026-07-01 23:00:00,XYZ409,,pm,PM_SNAPSHOT,SUCCESS,,,,8,,,591,,,,,,,ho_attempt=1299 rach_attempt=317,,,
2026-07-01 23:00:00,XYZ408,,pm,PM_SNAPSHOT,FAIL,,,,8,,,224,,,,,,,ho_attempt=1136 rach_attempt=404,,,
2026-07-01 23:00:00,XYZ407,,pm,PM_SNAPSHOT,FAIL,,,,5,,,557,,,,,,,ho_attempt=1787 rach_attempt=366,,,
2026-07-01 23:00:00,XYZ405,,pm,PM_SNAPSHOT,FAIL,,,,9,,,773,,,,,,,ho_attempt=655 rach_attempt=988,,,
2026-07-01 23:00:00,XYZ402,,pm,PM_SNAPSHOT,SUCCESS,,,,7,,,722,,,,,,,ho_attempt=829 rach_attempt=628,,,
2026-07-01 23:00:00,XYZ404,,pm,PM_SNAPSHOT,SUCCESS,,,,2,,,275,,,,,,,ho_attempt=574 rach_attempt=332,,,
2026-07-01 23:00:00,XYZ403,,pm,PM_SNAPSHOT,FAIL,,,,3,,,516,,,,,,,ho_attempt=1109 rach_attempt=510,,,
2026-07-01 23:00:00,XYZ401,,pm,PM_SNAPSHOT,FAIL,,,,4,,,228,,,,,,,ho_attempt=528 rach_attempt=761,,,
2026-07-01 23:00:00,XYZ406,,pm,PM_SNAPSHOT,FAIL,,,,10,,,180,,,,,,,ho_attempt=1313 rach_attempt=910,,,
2026-07-01 23:01:00,XYZ410,,pm,PM_SNAPSHOT,FAIL,,,,14,,,124,,,,,,,ho_attempt=1693 rach_attempt=656,,,
2026-07-01 23:01:00,XYZ409,,pm,PM_SNAPSHOT,FAIL,,,,13,,,548,,,,,,,ho_attempt=1846 rach_attempt=216,,,
2026-07-01 23:01:00,XYZ407,,pm,PM_SNAPSHOT,FAIL,,,,13,,,531,,,,,,,ho_attempt=1803 rach_attempt=366,,,
2026-07-01 23:01:00,XYZ406,,pm,PM_SNAPSHOT,FAIL,,,,12,,,259,,,,,,,ho_attempt=1399 rach_attempt=360,,,
2026-07-01 23:01:00,XYZ408,,pm,PM_SNAPSHOT,FAIL,,,,1,,,388,,,,,,,ho_attempt=1468 rach_attempt=297,,,
2026-07-01 23:01:00,XYZ404,,pm,PM_SNAPSHOT,FAIL,,,,1,,,681,,,,,,,ho_attempt=1414 rach_attempt=276,,,
2026-07-01 23:01:00,XYZ403,,pm,PM_SNAPSHOT,FAIL,,,,14,,,367,,,,,,,ho_attempt=1636 rach_attempt=832,,,
2026-07-01 23:01:00,XYZ402,,pm,PM_SNAPSHOT,SUCCESS,,,,11,,,436,,,,,,,ho_attempt=903 rach_attempt=811,,,
2026-07-01 23:01:00,XYZ401,,pm,PM_SNAPSHOT,FAIL,,,,13,,,457,,,,,,,ho_attempt=630 rach_attempt=742,,,
2026-07-01 23:01:00,XYZ405,,pm,PM_SNAPSHOT,FAIL,,,,8,,,68,,,,,,,ho_attempt=1973 rach_attempt=960,,,
2026-07-01 23:02:00,XYZ401,,pm,PM_SNAPSHOT,FAIL,,,,7,,,697,,,,,,,ho_attempt=973 rach_attempt=830,,,
2026-07-01 23:02:00,XYZ403,,pm,PM_SNAPSHOT,SUCCESS,,,,11,,,589,,,,,,,ho_attempt=890 rach_attempt=363,,,
2026-07-01 23:02:00,XYZ404,,pm,PM_SNAPSHOT,FAIL,,,,5,,,140,,,,,,,ho_attempt=536 rach_attempt=615,,,
2026-07-01 23:02:00,XYZ405,,pm,PM_SNAPSHOT,FAIL,,,,14,,,744,,,,,,,ho_attempt=852 rach_attempt=598,,,
2026-07-01 23:02:00,XYZ406,,pm,PM_SNAPSHOT,FAIL,,,,13,,,487,,,,,,,ho_attempt=808 rach_attempt=453,,,
2026-07-01 23:02:00,XYZ407,,pm,PM_SNAPSHOT,FAIL,,,,9,,,596,,,,,,,ho_attempt=1756 rach_attempt=487,,,
2026-07-01 23:02:00,XYZ409,,pm,PM_SNAPSHOT,FAIL,,,,3,,,622,,,,,,,ho_attempt=1237 rach_attempt=996,,,
2026-07-01 23:02:00,XYZ410,,pm,PM_SNAPSHOT,FAIL,,,,3,,,175,,,,,,,ho_attempt=1882 rach_attempt=621,,,
2026-07-01 23:03:00,XYZ407,,pm,PM_SNAPSHOT,FAIL,,,,15,,,403,,,,,,,ho_attempt=1587 rach_attempt=786,,,
2026-07-01 23:03:00,XYZ406,,pm,PM_SNAPSHOT,FAIL,,,,9,,,783,,,,,,,ho_attempt=1168 rach_attempt=990,,,
2026-07-01 23:03:00,XYZ409,,pm,PM_SNAPSHOT,FAIL,,,,9,,,264,,,,,,,ho_attempt=1368 rach_attempt=829,,,
2026-07-01 23:03:00,XYZ403,,pm,PM_SNAPSHOT,SUCCESS,,,,5,,,786,,,,,,,ho_attempt=581 rach_attempt=528,,,
2026-07-01 23:03:00,XYZ401,,pm,PM_SNAPSHOT,FAIL,,,,10,,,123,,,,,,,ho_attempt=848 rach_attempt=672,,,
2026-07-01 23:03:00,XYZ404,,pm,PM_SNAPSHOT,FAIL,,,,6,,,186,,,,,,,ho_attempt=1091 rach_attempt=472,,,
2026-07-01 23:03:00,XYZ410,,pm,PM_SNAPSHOT,FAIL,,,,11,,,497,,,,,,,ho_attempt=1209 rach_attempt=445,,,
2026-07-01 23:04:00,XYZ403,,pm,PM_SNAPSHOT,FAIL,,,,5,,,150,,,,,,,ho_attempt=927 rach_attempt=863,,,
2026-07-01 23:04:00,XYZ401,,pm,PM_SNAPSHOT,FAIL,,,,3,,,410,,,,,,,ho_attempt=625 rach_attempt=575,,,
2026-07-01 23:04:00,XYZ410,,pm,PM_SNAPSHOT,FAIL,,,,15,,,158,,,,,,,ho_attempt=758 rach_attempt=967,,,
2026-07-01 23:05:00,XYZ410,,pm,PM_SNAPSHOT,FAIL,,,,9,,,651,,,,,,,ho_attempt=1343 rach_attempt=488,,,
2026-07-01 23:05:00,XYZ403,,pm,PM_SNAPSHOT,FAIL,,,,13,,,506,,,,,,,ho_attempt=1003 rach_attempt=865,,,
2026-07-01 23:06:00,XYZ403,,pm,PM_SNAPSHOT,FAIL,,,,14,,,748,,,,,,,ho_attempt=1576 rach_attempt=753,,,
