incident_id,opened_at,cell_id,issue_type,complaint_summary,root_cause,resolution,status,severity
INC-2026-001,2026-01-01T08:00:00,XYZ401,call_drop,Voice drops during mobility on XYZ401,Missed Xn neighbor relation for inter-gNB HO,Added neighbor relation and tuned HO margins,Closed,High
INC-2026-002,2026-01-01T20:00:00,XYZ404,throughput,DL speed below SLA on XYZ404,High DL BLER and rank-1 stuck — interferer on n77,Enabled QoS shaping and scheduled backhaul upgrade,Closed,High
INC-2026-003,2026-01-02T03:00:00,XYZ405,handover,HO prep/exec failure spike neighbor sector XYZ405,Target cell barred due to transport alarm on F1,Reduced A3 offset and enabled time-to-trigger tuning,Closed,Critical
INC-2026-004,2026-01-02T08:00:00,XYZ403,rach,Registration failures at cell edge XYZ403,PRACH occasion collision with co-channel DAS,Restored F1 link and cleared cell barring,Closed,High
INC-2026-005,2026-01-02T12:00:00,XYZ401,rach,Registration failures at cell edge XYZ401,PRACH occasion collision with co-channel DAS,Retuned electrical tilt and enabled IRC,In Progress,High
INC-2026-006,2026-01-02T20:00:00,XYZ404,throughput,DL speed below SLA on XYZ404,High DL BLER and rank-1 stuck — interferer on n77,Added neighbor relation and tuned HO margins,In Progress,High
INC-2026-007,2026-01-03T03:00:00,XYZ404,throughput,DL speed below SLA on XYZ404,High DL BLER and rank-1 stuck — interferer on n77,Re-ran beam calibration procedure,Closed,High
INC-2026-008,2026-01-03T09:00:00,XYZ403,throughput,DL speed below SLA on XYZ403,High DL BLER and rank-1 stuck — interferer on n77,Retuned electrical tilt and enabled IRC,Closed,High
INC-2026-009,2026-01-03T17:00:00,XYZ404,handover,HO prep/exec failure spike neighbor sector XYZ404,Target cell barred due to transport alarm on F1,Rebalanced UPF sessions and scaled pod count,Closed,Critical
INC-2026-010,2026-01-03T23:00:00,XYZ404,handover,HO prep/exec failure spike neighbor sector XYZ404,Target cell barred due to transport alarm on F1,Re-ran beam calibration procedure,Closed,High
INC-2026-011,2026-01-04T09:00:00,XYZ402,beamforming,Beam failure ratio above threshold XYZ402,SSB beam weight drift after AAU firmware upgrade,Retuned electrical tilt and enabled IRC,Closed,High
INC-2026-012,2026-01-04T18:00:00,XYZ403,rlf,RLF cluster after successful HO on XYZ403,Too-late HO — A3 offset insufficient for fast UE,Adjusted PRACH configuration index and root sequence,Closed,High
INC-2026-013,2026-01-05T00:00:00,XYZ401,beamforming,Beam failure ratio above threshold XYZ401,SSB beam weight drift after AAU firmware upgrade,Re-ran beam calibration procedure,Closed,High
INC-2026-014,2026-01-05T06:00:00,XYZ406,call_drop,Voice drops during mobility on XYZ406,Missed Xn neighbor relation for inter-gNB HO,Added neighbor relation and tuned HO margins,Closed,Medium
INC-2026-015,2026-01-05T12:00:00,XYZ401,latency,Video buffering on 5QI-9 during peak XYZ401,UPF cluster CPU saturation,Updated UDM subscription template,Closed,High
INC-2026-016,2026-01-05T20:00:00,XYZ407,mobility,Network issue on XYZ407,Under investigation,Restored F1 link and cleared cell barring,Closed,Medium
INC-2026-017,2026-01-06T01:00:00,XYZ402,rlf,RLF cluster after successful HO on XYZ402,Too-late HO — A3 offset insufficient for fast UE,Re-ran beam calibration procedure,In Progress,High
INC-2026-018,2026-01-06T07:00:00,XYZ403,rlf,RLF cluster after successful HO on XYZ403,Too-late HO — A3 offset insufficient for fast UE,Re-ran beam calibration procedure,Closed,High
INC-2026-019,2026-01-06T17:00:00,XYZ401,call_drop,Voice drops during mobility on XYZ401,Missed Xn neighbor relation for inter-gNB HO,Restored F1 link and cleared cell barring,Closed,High
INC-2026-020,2026-01-07T01:00:00,XYZ401,rlf,RLF cluster after successful HO on XYZ401,Too-late HO — A3 offset insufficient for fast UE,Reduced A3 offset and enabled time-to-trigger tuning,Closed,Critical
INC-2026-021,2026-01-07T09:00:00,XYZ402,rach,Registration failures at cell edge XYZ402,PRACH occasion collision with co-channel DAS,Added neighbor relation and tuned HO margins,Closed,High
INC-2026-022,2026-01-07T15:00:00,XYZ404,throughput,DL speed below SLA on XYZ404,High DL BLER and rank-1 stuck — interferer on n77,Retuned electrical tilt and enabled IRC,Closed,Critical
INC-2026-023,2026-01-07T18:00:00,XYZ401,rach,Registration failures at cell edge XYZ401,PRACH occasion collision with co-channel DAS,Re-ran beam calibration procedure,Closed,Critical
INC-2026-024,2026-01-08T03:00:00,XYZ403,rlf,RLF cluster after successful HO on XYZ403,Too-late HO — A3 offset insufficient for fast UE,Retuned electrical tilt and enabled IRC,Open,High
INC-2026-025,2026-01-08T08:00:00,XYZ403,rlf,RLF cluster after successful HO on XYZ403,Too-late HO — A3 offset insufficient for fast UE,Re-ran beam calibration procedure,Closed,High
INC-2026-026,2026-01-08T16:00:00,XYZ402,rach,Registration failures at cell edge XYZ402,PRACH occasion collision with co-channel DAS,Restored F1 link and cleared cell barring,Closed,High
INC-2026-027,2026-01-09T02:00:00,XYZ408,core,PDU session release without RF anomaly XYZ408,AMF subscription profile missing DNN,Adjusted PRACH configuration index and root sequence,Closed,Medium
INC-2026-028,2026-01-09T09:00:00,XYZ404,throughput,DL speed below SLA on XYZ404,High DL BLER and rank-1 stuck — interferer on n77,Reduced A3 offset and enabled time-to-trigger tuning,Closed,High
INC-2026-029,2026-01-09T13:00:00,XYZ406,handover,HO prep/exec failure spike neighbor sector XYZ406,Target cell barred due to transport alarm on F1,Rebalanced UPF sessions and scaled pod count,In Progress,Medium
INC-2026-030,2026-01-09T19:00:00,XYZ401,call_drop,Voice drops during mobility on XYZ401,Missed Xn neighbor relation for inter-gNB HO,Reduced A3 offset and enabled time-to-trigger tuning,Closed,High
INC-2026-031,2026-01-10T07:00:00,XYZ401,call_drop,Voice drops during mobility on XYZ401,Missed Xn neighbor relation for inter-gNB HO,Restored F1 link and cleared cell barring,In Progress,High
INC-2026-032,2026-01-10T13:00:00,XYZ404,throughput,DL speed below SLA on XYZ404,High DL BLER and rank-1 stuck — interferer on n77,Re-ran beam calibration procedure,Closed,High
INC-2026-033,2026-01-10T18:00:00,XYZ408,transport,N3 throughput cap during evening peak XYZ408,Backhaul link at high utilization on core switch,Reduced A3 offset and enabled time-to-trigger tuning,Closed,Medium
INC-2026-034,2026-01-11T03:00:00,XYZ403,rlf,RLF cluster after successful HO on XYZ403,Too-late HO — A3 offset insufficient for fast UE,Rebalanced UPF sessions and scaled pod count,Open,High
INC-2026-035,2026-01-11T10:00:00,XYZ407,mobility,Network issue on XYZ407,Under investigation,Updated UDM subscription template,Closed,Medium
INC-2026-036,2026-01-11T18:00:00,XYZ406,rach,Registration failures at cell edge XYZ406,PRACH occasion collision with co-channel DAS,Retuned electrical tilt and enabled IRC,Closed,Medium
INC-2026-037,2026-01-11T22:00:00,XYZ408,core,PDU session release without RF anomaly XYZ408,AMF subscription profile missing DNN,Updated UDM subscription template,Closed,Medium
INC-2026-038,2026-01-12T06:00:00,XYZ405,throughput,DL speed below SLA on XYZ405,High DL BLER and rank-1 stuck — interferer on n77,Re-ran beam calibration procedure,Closed,Critical
INC-2026-039,2026-01-12T13:00:00,XYZ404,throughput,DL speed below SLA on XYZ404,High DL BLER and rank-1 stuck — interferer on n77,Rebalanced UPF sessions and scaled pod count,Open,High
INC-2026-040,2026-01-12T22:00:00,XYZ402,latency,Video buffering on 5QI-9 during peak XYZ402,UPF cluster CPU saturation,Adjusted PRACH configuration index and root sequence,Open,High
INC-2026-041,2026-01-13T05:00:00,XYZ407,handover,HO prep/exec failure spike neighbor sector XYZ407,Target cell barred due to transport alarm on F1,Enabled QoS shaping and scheduled backhaul upgrade,Closed,Critical
INC-2026-042,2026-01-13T10:00:00,XYZ401,latency,Video buffering on 5QI-9 during peak XYZ401,UPF cluster CPU saturation,Adjusted PRACH configuration index and root sequence,Closed,High
INC-2026-043,2026-01-13T16:00:00,XYZ402,rach,Registration failures at cell edge XYZ402,PRACH occasion collision with co-channel DAS,Adjusted PRACH configuration index and root sequence,Closed,High
INC-2026-044,2026-01-14T01:00:00,XYZ403,rlf,RLF cluster after successful HO on XYZ403,Too-late HO — A3 offset insufficient for fast UE,Added neighbor relation and tuned HO margins,Closed,High
INC-2026-045,2026-01-14T09:00:00,XYZ402,throughput,DL speed below SLA on XYZ402,High DL BLER and rank-1 stuck — interferer on n77,Rebalanced UPF sessions and scaled pod count,Closed,High
INC-2026-046,2026-01-14T15:00:00,XYZ404,throughput,DL speed below SLA on XYZ404,High DL BLER and rank-1 stuck — interferer on n77,Re-ran beam calibration procedure,Closed,High
INC-2026-047,2026-01-14T20:00:00,XYZ403,rlf,RLF cluster after successful HO on XYZ403,Too-late HO — A3 offset insufficient for fast UE,Added neighbor relation and tuned HO margins,Closed,High
INC-2026-048,2026-01-15T04:00:00,XYZ407,mobility,Network issue on XYZ407,Under investigation,Added neighbor relation and tuned HO margins,Open,Medium
INC-2026-049,2026-01-15T09:00:00,XYZ403,rlf,RLF cluster after successful HO on XYZ403,Too-late HO — A3 offset insufficient for fast UE,Re-ran beam calibration procedure,Closed,High
INC-2026-050,2026-01-15T19:00:00,XYZ404,handover,HO prep/exec failure spike neighbor sector XYZ404,Target cell barred due to transport alarm on F1,Restored F1 link and cleared cell barring,Closed,High
INC-2026-051,2026-01-15T23:00:00,XYZ401,transport,N3 throughput cap during evening peak XYZ401,Backhaul link at high utilization on core switch,Enabled QoS shaping and scheduled backhaul upgrade,Closed,High
INC-2026-052,2026-01-16T10:00:00,XYZ402,rach,Registration failures at cell edge XYZ402,PRACH occasion collision with co-channel DAS,Updated UDM subscription template,In Progress,High
INC-2026-053,2026-01-16T17:00:00,XYZ401,rach,Registration failures at cell edge XYZ401,PRACH occasion collision with co-channel DAS,Updated UDM subscription template,Closed,High
INC-2026-054,2026-01-16T23:00:00,XYZ403,rlf,RLF cluster after successful HO on XYZ403,Too-late HO — A3 offset insufficient for fast UE,Restored F1 link and cleared cell barring,In Progress,High
INC-2026-055,2026-01-17T02:00:00,XYZ402,core,PDU session release without RF anomaly XYZ402,AMF subscription profile missing DNN,Reduced A3 offset and enabled time-to-trigger tuning,Closed,High
INC-2026-056,2026-01-17T13:00:00,XYZ402,rach,Registration failures at cell edge XYZ402,PRACH occasion collision with co-channel DAS,Adjusted PRACH configuration index and root sequence,In Progress,High
INC-2026-057,2026-01-17T16:00:00,XYZ401,handover,HO prep/exec failure spike neighbor sector XYZ401,Target cell barred due to transport alarm on F1,Restored F1 link and cleared cell barring,Open,High
INC-2026-058,2026-01-18T04:00:00,XYZ406,core,PDU session release without RF anomaly XYZ406,AMF subscription profile missing DNN,Reduced A3 offset and enabled time-to-trigger tuning,In Progress,Medium
INC-2026-059,2026-01-18T08:00:00,XYZ401,call_drop,Voice drops during mobility on XYZ401,Missed Xn neighbor relation for inter-gNB HO,Re-ran beam calibration procedure,Closed,High
INC-2026-060,2026-01-18T14:00:00,XYZ401,call_drop,Voice drops during mobility on XYZ401,Missed Xn neighbor relation for inter-gNB HO,Reduced A3 offset and enabled time-to-trigger tuning,Open,Critical
INC-2026-061,2026-01-18T23:00:00,XYZ405,handover,HO prep/exec failure spike neighbor sector XYZ405,Target cell barred due to transport alarm on F1,Restored F1 link and cleared cell barring,Closed,Medium
INC-2026-062,2026-01-19T04:00:00,XYZ403,rlf,RLF cluster after successful HO on XYZ403,Too-late HO — A3 offset insufficient for fast UE,Rebalanced UPF sessions and scaled pod count,Closed,High
INC-2026-063,2026-01-19T13:00:00,XYZ404,rlf,RLF cluster after successful HO on XYZ404,Too-late HO — A3 offset insufficient for fast UE,Re-ran beam calibration procedure,Closed,High
INC-2026-064,2026-01-19T21:00:00,XYZ401,call_drop,Voice drops during mobility on XYZ401,Missed Xn neighbor relation for inter-gNB HO,Restored F1 link and cleared cell barring,Open,High
INC-2026-065,2026-01-20T05:00:00,XYZ403,latency,Video buffering on 5QI-9 during peak XYZ403,UPF cluster CPU saturation,Enabled QoS shaping and scheduled backhaul upgrade,Closed,High
INC-2026-066,2026-01-20T10:00:00,XYZ402,rlf,RLF cluster after successful HO on XYZ402,Too-late HO — A3 offset insufficient for fast UE,Rebalanced UPF sessions and scaled pod count,Closed,High
INC-2026-067,2026-01-20T18:00:00,XYZ403,rach,Registration failures at cell edge XYZ403,PRACH occasion collision with co-channel DAS,Re-ran beam calibration procedure,Closed,High
INC-2026-068,2026-01-20T22:00:00,XYZ405,throughput,DL speed below SLA on XYZ405,High DL BLER and rank-1 stuck — interferer on n77,Retuned electrical tilt and enabled IRC,Closed,Medium
INC-2026-069,2026-01-21T09:00:00,XYZ406,handover,HO prep/exec failure spike neighbor sector XYZ406,Target cell barred due to transport alarm on F1,Added neighbor relation and tuned HO margins,Closed,Medium
INC-2026-070,2026-01-21T13:00:00,XYZ403,rlf,RLF cluster after successful HO on XYZ403,Too-late HO — A3 offset insufficient for fast UE,Reduced A3 offset and enabled time-to-trigger tuning,In Progress,High
INC-2026-071,2026-01-21T19:00:00,XYZ410,rach,Registration failures at cell edge XYZ410,PRACH occasion collision with co-channel DAS,Rebalanced UPF sessions and scaled pod count,In Progress,Low
INC-2026-072,2026-01-22T01:00:00,XYZ408,transport,N3 throughput cap during evening peak XYZ408,Backhaul link at high utilization on core switch,Restored F1 link and cleared cell barring,Closed,Medium
INC-2026-073,2026-01-22T09:00:00,XYZ402,throughput,DL speed below SLA on XYZ402,High DL BLER and rank-1 stuck — interferer on n77,Adjusted PRACH configuration index and root sequence,Closed,High
INC-2026-074,2026-01-22T16:00:00,XYZ406,handover,HO prep/exec failure spike neighbor sector XYZ406,Target cell barred due to transport alarm on F1,Retuned electrical tilt and enabled IRC,Closed,Critical
INC-2026-075,2026-01-23T01:00:00,XYZ401,call_drop,Voice drops during mobility on XYZ401,Missed Xn neighbor relation for inter-gNB HO,Enabled QoS shaping and scheduled backhaul upgrade,Closed,High
INC-2026-076,2026-01-23T05:00:00,XYZ409,rlf,RLF cluster after successful HO on XYZ409,Too-late HO — A3 offset insufficient for fast UE,Updated UDM subscription template,Closed,Low
INC-2026-077,2026-01-23T17:00:00,XYZ405,throughput,DL speed below SLA on XYZ405,High DL BLER and rank-1 stuck — interferer on n77,Updated UDM subscription template,In Progress,Medium
INC-2026-078,2026-01-24T00:00:00,XYZ402,rach,Registration failures at cell edge XYZ402,PRACH occasion collision with co-channel DAS,Retuned electrical tilt and enabled IRC,In Progress,High
INC-2026-079,2026-01-24T04:00:00,XYZ403,rlf,RLF cluster after successful HO on XYZ403,Too-late HO — A3 offset insufficient for fast UE,Re-ran beam calibration procedure,Closed,Critical
INC-2026-080,2026-01-24T12:00:00,XYZ406,handover,HO prep/exec failure spike neighbor sector XYZ406,Target cell barred due to transport alarm on F1,Enabled QoS shaping and scheduled backhaul upgrade,Closed,Medium
INC-2026-081,2026-01-24T18:00:00,XYZ403,core,PDU session release without RF anomaly XYZ403,AMF subscription profile missing DNN,Restored F1 link and cleared cell barring,Closed,High
INC-2026-082,2026-01-25T04:00:00,XYZ405,rach,Registration failures at cell edge XYZ405,PRACH occasion collision with co-channel DAS,Reduced A3 offset and enabled time-to-trigger tuning,Open,Medium
INC-2026-083,2026-01-25T10:00:00,XYZ401,call_drop,Voice drops during mobility on XYZ401,Missed Xn neighbor relation for inter-gNB HO,Enabled QoS shaping and scheduled backhaul upgrade,Closed,High
INC-2026-084,2026-01-25T18:00:00,XYZ402,rach,Registration failures at cell edge XYZ402,PRACH occasion collision with co-channel DAS,Reduced A3 offset and enabled time-to-trigger tuning,Closed,High
INC-2026-085,2026-01-25T23:00:00,XYZ402,rach,Registration failures at cell edge XYZ402,PRACH occasion collision with co-channel DAS,Reduced A3 offset and enabled time-to-trigger tuning,Closed,High
INC-2026-086,2026-01-26T06:00:00,XYZ404,core,PDU session release without RF anomaly XYZ404,AMF subscription profile missing DNN,Restored F1 link and cleared cell barring,Open,Critical
INC-2026-087,2026-01-26T10:00:00,XYZ404,core,PDU session release without RF anomaly XYZ404,AMF subscription profile missing DNN,Updated UDM subscription template,Closed,High
INC-2026-088,2026-01-26T21:00:00,XYZ404,throughput,DL speed below SLA on XYZ404,High DL BLER and rank-1 stuck — interferer on n77,Restored F1 link and cleared cell barring,Open,Critical
INC-2026-089,2026-01-27T02:00:00,XYZ403,rlf,RLF cluster after successful HO on XYZ403,Too-late HO — A3 offset insufficient for fast UE,Rebalanced UPF sessions and scaled pod count,Closed,High
INC-2026-090,2026-01-27T11:00:00,XYZ407,mobility,Network issue on XYZ407,Under investigation,Reduced A3 offset and enabled time-to-trigger tuning,Closed,Medium
INC-2026-091,2026-01-27T19:00:00,XYZ402,rach,Registration failures at cell edge XYZ402,PRACH occasion collision with co-channel DAS,Restored F1 link and cleared cell barring,In Progress,Critical
INC-2026-092,2026-01-28T02:00:00,XYZ402,rach,Registration failures at cell edge XYZ402,PRACH occasion collision with co-channel DAS,Re-ran beam calibration procedure,In Progress,High
INC-2026-093,2026-01-28T07:00:00,XYZ408,core,PDU session release without RF anomaly XYZ408,AMF subscription profile missing DNN,Reduced A3 offset and enabled time-to-trigger tuning,Closed,Medium
INC-2026-094,2026-01-28T14:00:00,XYZ403,rlf,RLF cluster after successful HO on XYZ403,Too-late HO — A3 offset insufficient for fast UE,Enabled QoS shaping and scheduled backhaul upgrade,Closed,Critical
INC-2026-095,2026-01-28T23:00:00,XYZ401,call_drop,Voice drops during mobility on XYZ401,Missed Xn neighbor relation for inter-gNB HO,Retuned electrical tilt and enabled IRC,Closed,High
INC-2026-096,2026-01-29T05:00:00,XYZ401,call_drop,Voice drops during mobility on XYZ401,Missed Xn neighbor relation for inter-gNB HO,Updated UDM subscription template,In Progress,Critical
INC-2026-097,2026-01-29T11:00:00,XYZ402,rach,Registration failures at cell edge XYZ402,PRACH occasion collision with co-channel DAS,Retuned electrical tilt and enabled IRC,Closed,High
INC-2026-098,2026-01-29T18:00:00,XYZ407,rlf,RLF cluster after successful HO on XYZ407,Too-late HO — A3 offset insufficient for fast UE,Updated UDM subscription template,Open,Medium
INC-2026-099,2026-01-29T22:00:00,XYZ406,handover,HO prep/exec failure spike neighbor sector XYZ406,Target cell barred due to transport alarm on F1,Adjusted PRACH configuration index and root sequence,Closed,Critical
INC-2026-100,2026-01-30T08:00:00,XYZ403,rlf,RLF cluster after successful HO on XYZ403,Too-late HO — A3 offset insufficient for fast UE,Updated UDM subscription template,Closed,High
INC-2026-101,2026-01-30T15:00:00,XYZ404,throughput,DL speed below SLA on XYZ404,High DL BLER and rank-1 stuck — interferer on n77,Retuned electrical tilt and enabled IRC,Closed,High
INC-2026-102,2026-01-30T23:00:00,XYZ401,beamforming,Beam failure ratio above threshold XYZ401,SSB beam weight drift after AAU firmware upgrade,Restored F1 link and cleared cell barring,In Progress,High
INC-2026-103,2026-01-31T06:00:00,XYZ403,beamforming,Beam failure ratio above threshold XYZ403,SSB beam weight drift after AAU firmware upgrade,Added neighbor relation and tuned HO margins,Closed,High
INC-2026-104,2026-01-31T13:00:00,XYZ401,transport,N3 throughput cap during evening peak XYZ401,Backhaul link at high utilization on core switch,Added neighbor relation and tuned HO margins,Closed,High
INC-2026-105,2026-01-31T16:00:00,XYZ404,latency,Video buffering on 5QI-9 during peak XYZ404,UPF cluster CPU saturation,Rebalanced UPF sessions and scaled pod count,Open,Critical
INC-2026-106,2026-01-31T23:00:00,XYZ407,mobility,Network issue on XYZ407,Under investigation,Added neighbor relation and tuned HO margins,Closed,Medium
INC-2026-107,2026-02-01T09:00:00,XYZ407,mobility,Network issue on XYZ407,Under investigation,Restored F1 link and cleared cell barring,Closed,Medium
INC-2026-108,2026-02-01T18:00:00,XYZ401,call_drop,Voice drops during mobility on XYZ401,Missed Xn neighbor relation for inter-gNB HO,Rebalanced UPF sessions and scaled pod count,Closed,High
INC-2026-109,2026-02-01T20:00:00,XYZ401,call_drop,Voice drops during mobility on XYZ401,Missed Xn neighbor relation for inter-gNB HO,Updated UDM subscription template,Closed,High
INC-2026-110,2026-02-02T06:00:00,XYZ404,throughput,DL speed below SLA on XYZ404,High DL BLER and rank-1 stuck — interferer on n77,Re-ran beam calibration procedure,Closed,High
INC-2026-111,2026-02-02T11:00:00,XYZ404,throughput,DL speed below SLA on XYZ404,High DL BLER and rank-1 stuck — interferer on n77,Adjusted PRACH configuration index and root sequence,Closed,High
INC-2026-112,2026-02-02T18:00:00,XYZ401,call_drop,Voice drops during mobility on XYZ401,Missed Xn neighbor relation for inter-gNB HO,Restored F1 link and cleared cell barring,Closed,Critical
INC-2026-113,2026-02-03T05:00:00,XYZ402,rach,Registration failures at cell edge XYZ402,PRACH occasion collision with co-channel DAS,Rebalanced UPF sessions and scaled pod count,In Progress,High
INC-2026-114,2026-02-03T09:00:00,XYZ401,call_drop,Voice drops during mobility on XYZ401,Missed Xn neighbor relation for inter-gNB HO,Rebalanced UPF sessions and scaled pod count,Open,High
INC-2026-115,2026-02-03T19:00:00,XYZ403,throughput,DL speed below SLA on XYZ403,High DL BLER and rank-1 stuck — interferer on n77,Adjusted PRACH configuration index and root sequence,Closed,High
INC-2026-116,2026-02-04T02:00:00,XYZ405,core,PDU session release without RF anomaly XYZ405,AMF subscription profile missing DNN,Rebalanced UPF sessions and scaled pod count,Open,Medium
INC-2026-117,2026-02-04T04:00:00,XYZ402,rach,Registration failures at cell edge XYZ402,PRACH occasion collision with co-channel DAS,Enabled QoS shaping and scheduled backhaul upgrade,Closed,High
INC-2026-118,2026-02-04T14:00:00,XYZ407,mobility,Network issue on XYZ407,Under investigation,Re-ran beam calibration procedure,Closed,Medium
INC-2026-119,2026-02-04T22:00:00,XYZ404,latency,Video buffering on 5QI-9 during peak XYZ404,UPF cluster CPU saturation,Retuned electrical tilt and enabled IRC,Closed,High
INC-2026-120,2026-02-05T06:00:00,XYZ402,core,PDU session release without RF anomaly XYZ402,AMF subscription profile missing DNN,Enabled QoS shaping and scheduled backhaul upgrade,Open,High
INC-2026-121,2026-02-05T13:00:00,XYZ403,rlf,RLF cluster after successful HO on XYZ403,Too-late HO — A3 offset insufficient for fast UE,Updated UDM subscription template,Closed,High
INC-2026-122,2026-02-05T17:00:00,XYZ401,call_drop,Voice drops during mobility on XYZ401,Missed Xn neighbor relation for inter-gNB HO,Re-ran beam calibration procedure,In Progress,Critical
INC-2026-123,2026-02-06T01:00:00,XYZ402,rach,Registration failures at cell edge XYZ402,PRACH occasion collision with co-channel DAS,Re-ran beam calibration procedure,Closed,High
INC-2026-124,2026-02-06T10:00:00,XYZ403,rlf,RLF cluster after successful HO on XYZ403,Too-late HO — A3 offset insufficient for fast UE,Adjusted PRACH configuration index and root sequence,Closed,High
INC-2026-125,2026-02-06T12:00:00,XYZ403,rlf,RLF cluster after successful HO on XYZ403,Too-late HO — A3 offset insufficient for fast UE,Retuned electrical tilt and enabled IRC,Closed,High
INC-2026-126,2026-02-06T19:00:00,XYZ402,rach,Registration failures at cell edge XYZ402,PRACH occasion collision with co-channel DAS,Enabled QoS shaping and scheduled backhaul upgrade,Closed,High
INC-2026-127,2026-02-07T05:00:00,XYZ403,rlf,RLF cluster after successful HO on XYZ403,Too-late HO — A3 offset insufficient for fast UE,Enabled QoS shaping and scheduled backhaul upgrade,In Progress,Critical
INC-2026-128,2026-02-07T11:00:00,XYZ402,rach,Registration failures at cell edge XYZ402,PRACH occasion collision with co-channel DAS,Added neighbor relation and tuned HO margins,Closed,High
INC-2026-129,2026-02-07T20:00:00,XYZ402,rach,Registration failures at cell edge XYZ402,PRACH occasion collision with co-channel DAS,Adjusted PRACH configuration index and root sequence,Closed,High
INC-2026-130,2026-02-08T03:00:00,XYZ410,handover,HO prep/exec failure spike neighbor sector XYZ410,Target cell barred due to transport alarm on F1,Updated UDM subscription template,Closed,Low
INC-2026-131,2026-02-08T06:00:00,XYZ409,latency,Video buffering on 5QI-9 during peak XYZ409,UPF cluster CPU saturation,Updated UDM subscription template,Closed,Low
INC-2026-132,2026-02-08T16:00:00,XYZ406,handover,HO prep/exec failure spike neighbor sector XYZ406,Target cell barred due to transport alarm on F1,Updated UDM subscription template,In Progress,Medium
INC-2026-133,2026-02-08T23:00:00,XYZ404,latency,Video buffering on 5QI-9 during peak XYZ404,UPF cluster CPU saturation,Added neighbor relation and tuned HO margins,Closed,High
INC-2026-134,2026-02-09T03:00:00,XYZ403,rlf,RLF cluster after successful HO on XYZ403,Too-late HO — A3 offset insufficient for fast UE,Rebalanced UPF sessions and scaled pod count,Closed,High
INC-2026-135,2026-02-09T15:00:00,XYZ403,rlf,RLF cluster after successful HO on XYZ403,Too-late HO — A3 offset insufficient for fast UE,Retuned electrical tilt and enabled IRC,Open,High
INC-2026-136,2026-02-09T19:00:00,XYZ401,call_drop,Voice drops during mobility on XYZ401,Missed Xn neighbor relation for inter-gNB HO,Restored F1 link and cleared cell barring,Closed,Critical
INC-2026-137,2026-02-10T01:00:00,XYZ404,rach,Registration failures at cell edge XYZ404,PRACH occasion collision with co-channel DAS,Restored F1 link and cleared cell barring,Closed,High
INC-2026-138,2026-02-10T09:00:00,XYZ404,throughput,DL speed below SLA on XYZ404,High DL BLER and rank-1 stuck — interferer on n77,Updated UDM subscription template,Closed,High
INC-2026-139,2026-02-10T18:00:00,XYZ401,handover,HO prep/exec failure spike neighbor sector XYZ401,Target cell barred due to transport alarm on F1,Rebalanced UPF sessions and scaled pod count,Closed,Critical
INC-2026-140,2026-02-11T00:00:00,XYZ402,rach,Registration failures at cell edge XYZ402,PRACH occasion collision with co-channel DAS,Re-ran beam calibration procedure,Closed,High
INC-2026-141,2026-02-11T09:00:00,XYZ405,latency,Video buffering on 5QI-9 during peak XYZ405,UPF cluster CPU saturation,Reduced A3 offset and enabled time-to-trigger tuning,Closed,Medium
INC-2026-142,2026-02-11T16:00:00,XYZ408,core,PDU session release without RF anomaly XYZ408,AMF subscription profile missing DNN,Adjusted PRACH configuration index and root sequence,Closed,Medium
INC-2026-143,2026-02-11T18:00:00,XYZ408,rlf,RLF cluster after successful HO on XYZ408,Too-late HO — A3 offset insufficient for fast UE,Added neighbor relation and tuned HO margins,Closed,Medium
INC-2026-144,2026-02-12T04:00:00,XYZ403,latency,Video buffering on 5QI-9 during peak XYZ403,UPF cluster CPU saturation,Enabled QoS shaping and scheduled backhaul upgrade,Closed,High
INC-2026-145,2026-02-12T08:00:00,XYZ406,handover,HO prep/exec failure spike neighbor sector XYZ406,Target cell barred due to transport alarm on F1,Adjusted PRACH configuration index and root sequence,In Progress,Medium
INC-2026-146,2026-02-12T16:00:00,XYZ403,rach,Registration failures at cell edge XYZ403,PRACH occasion collision with co-channel DAS,Added neighbor relation and tuned HO margins,Closed,High
INC-2026-147,2026-02-13T00:00:00,XYZ404,handover,HO prep/exec failure spike neighbor sector XYZ404,Target cell barred due to transport alarm on F1,Retuned electrical tilt and enabled IRC,Closed,High
INC-2026-148,2026-02-13T08:00:00,XYZ402,rach,Registration failures at cell edge XYZ402,PRACH occasion collision with co-channel DAS,Adjusted PRACH configuration index and root sequence,In Progress,High
INC-2026-149,2026-02-13T15:00:00,XYZ407,handover,HO prep/exec failure spike neighbor sector XYZ407,Target cell barred due to transport alarm on F1,Rebalanced UPF sessions and scaled pod count,Closed,Medium
INC-2026-150,2026-02-13T22:00:00,XYZ401,call_drop,Voice drops during mobility on XYZ401,Missed Xn neighbor relation for inter-gNB HO,Adjusted PRACH configuration index and root sequence,Closed,High
INC-2026-151,2026-02-14T02:00:00,XYZ408,core,PDU session release without RF anomaly XYZ408,AMF subscription profile missing DNN,Re-ran beam calibration procedure,Closed,Medium
INC-2026-152,2026-02-14T11:00:00,XYZ406,handover,HO prep/exec failure spike neighbor sector XYZ406,Target cell barred due to transport alarm on F1,Re-ran beam calibration procedure,Closed,Medium
INC-2026-153,2026-02-14T20:00:00,XYZ405,rach,Registration failures at cell edge XYZ405,PRACH occasion collision with co-channel DAS,Updated UDM subscription template,In Progress,Medium
INC-2026-154,2026-02-14T23:00:00,XYZ406,latency,Video buffering on 5QI-9 during peak XYZ406,UPF cluster CPU saturation,Updated UDM subscription template,Closed,Medium
INC-2026-155,2026-02-15T10:00:00,XYZ403,transport,N3 throughput cap during evening peak XYZ403,Backhaul link at high utilization on core switch,Retuned electrical tilt and enabled IRC,Closed,High
INC-2026-156,2026-02-15T13:00:00,XYZ404,throughput,DL speed below SLA on XYZ404,High DL BLER and rank-1 stuck — interferer on n77,Added neighbor relation and tuned HO margins,Open,High
INC-2026-157,2026-02-15T22:00:00,XYZ404,throughput,DL speed below SLA on XYZ404,High DL BLER and rank-1 stuck — interferer on n77,Retuned electrical tilt and enabled IRC,Closed,Critical
INC-2026-158,2026-02-16T03:00:00,XYZ405,handover,HO prep/exec failure spike neighbor sector XYZ405,Target cell barred due to transport alarm on F1,Adjusted PRACH configuration index and root sequence,Open,Critical
INC-2026-159,2026-02-16T12:00:00,XYZ408,core,PDU session release without RF anomaly XYZ408,AMF subscription profile missing DNN,Added neighbor relation and tuned HO margins,Closed,Medium
INC-2026-160,2026-02-16T18:00:00,XYZ401,rach,Registration failures at cell edge XYZ401,PRACH occasion collision with co-channel DAS,Added neighbor relation and tuned HO margins,Closed,High
INC-2026-161,2026-02-17T04:00:00,XYZ404,throughput,DL speed below SLA on XYZ404,High DL BLER and rank-1 stuck — interferer on n77,Updated UDM subscription template,Closed,High
INC-2026-162,2026-02-17T12:00:00,XYZ402,rach,Registration failures at cell edge XYZ402,PRACH occasion collision with co-channel DAS,Restored F1 link and cleared cell barring,Closed,High
INC-2026-163,2026-02-17T19:00:00,XYZ405,rach,Registration failures at cell edge XYZ405,PRACH occasion collision with co-channel DAS,Adjusted PRACH configuration index and root sequence,Closed,Critical
INC-2026-164,2026-02-18T02:00:00,XYZ405,core,PDU session release without RF anomaly XYZ405,AMF subscription profile missing DNN,Enabled QoS shaping and scheduled backhaul upgrade,Closed,Medium
INC-2026-165,2026-02-18T07:00:00,XYZ402,rach,Registration failures at cell edge XYZ402,PRACH occasion collision with co-channel DAS,Enabled QoS shaping and scheduled backhaul upgrade,Closed,High
INC-2026-166,2026-02-18T14:00:00,XYZ402,core,PDU session release without RF anomaly XYZ402,AMF subscription profile missing DNN,Rebalanced UPF sessions and scaled pod count,Closed,High
INC-2026-167,2026-02-18T20:00:00,XYZ401,call_drop,Voice drops during mobility on XYZ401,Missed Xn neighbor relation for inter-gNB HO,Updated UDM subscription template,In Progress,High
INC-2026-168,2026-02-19T01:00:00,XYZ404,throughput,DL speed below SLA on XYZ404,High DL BLER and rank-1 stuck — interferer on n77,Rebalanced UPF sessions and scaled pod count,Closed,High
INC-2026-169,2026-02-19T12:00:00,XYZ401,call_drop,Voice drops during mobility on XYZ401,Missed Xn neighbor relation for inter-gNB HO,Adjusted PRACH configuration index and root sequence,Closed,Critical
INC-2026-170,2026-02-19T17:00:00,XYZ402,rach,Registration failures at cell edge XYZ402,PRACH occasion collision with co-channel DAS,Adjusted PRACH configuration index and root sequence,Closed,High
INC-2026-171,2026-02-20T01:00:00,XYZ403,rlf,RLF cluster after successful HO on XYZ403,Too-late HO — A3 offset insufficient for fast UE,Retuned electrical tilt and enabled IRC,Open,High
INC-2026-172,2026-02-20T05:00:00,XYZ401,core,PDU session release without RF anomaly XYZ401,AMF subscription profile missing DNN,Re-ran beam calibration procedure,Closed,High
INC-2026-173,2026-02-20T14:00:00,XYZ404,latency,Video buffering on 5QI-9 during peak XYZ404,UPF cluster CPU saturation,Retuned electrical tilt and enabled IRC,Closed,High
INC-2026-174,2026-02-21T00:00:00,XYZ404,throughput,DL speed below SLA on XYZ404,High DL BLER and rank-1 stuck — interferer on n77,Adjusted PRACH configuration index and root sequence,Closed,High
INC-2026-175,2026-02-21T04:00:00,XYZ410,handover,HO prep/exec failure spike neighbor sector XYZ410,Target cell barred due to transport alarm on F1,Reduced A3 offset and enabled time-to-trigger tuning,Open,Low
INC-2026-176,2026-02-21T13:00:00,XYZ407,mobility,Network issue on XYZ407,Under investigation,Restored F1 link and cleared cell barring,Closed,Medium
INC-2026-177,2026-02-21T20:00:00,XYZ408,rlf,RLF cluster after successful HO on XYZ408,Too-late HO — A3 offset insufficient for fast UE,Retuned electrical tilt and enabled IRC,Closed,Critical
INC-2026-178,2026-02-22T04:00:00,XYZ402,rach,Registration failures at cell edge XYZ402,PRACH occasion collision with co-channel DAS,Reduced A3 offset and enabled time-to-trigger tuning,Closed,High
INC-2026-179,2026-02-22T09:00:00,XYZ407,rach,Registration failures at cell edge XYZ407,PRACH occasion collision with co-channel DAS,Updated UDM subscription template,Closed,Medium
INC-2026-180,2026-02-22T16:00:00,XYZ403,rlf,RLF cluster after successful HO on XYZ403,Too-late HO — A3 offset insufficient for fast UE,Added neighbor relation and tuned HO margins,Open,High
INC-2026-181,2026-02-22T20:00:00,XYZ402,latency,Video buffering on 5QI-9 during peak XYZ402,UPF cluster CPU saturation,Rebalanced UPF sessions and scaled pod count,Closed,High
INC-2026-182,2026-02-23T07:00:00,XYZ404,core,PDU session release without RF anomaly XYZ404,AMF subscription profile missing DNN,Restored F1 link and cleared cell barring,Open,Critical
INC-2026-183,2026-02-23T13:00:00,XYZ404,call_drop,Voice drops during mobility on XYZ404,Missed Xn neighbor relation for inter-gNB HO,Adjusted PRACH configuration index and root sequence,Open,High
INC-2026-184,2026-02-23T19:00:00,XYZ404,throughput,DL speed below SLA on XYZ404,High DL BLER and rank-1 stuck — interferer on n77,Updated UDM subscription template,Closed,High
INC-2026-185,2026-02-24T02:00:00,XYZ401,core,PDU session release without RF anomaly XYZ401,AMF subscription profile missing DNN,Rebalanced UPF sessions and scaled pod count,In Progress,High
INC-2026-186,2026-02-24T09:00:00,XYZ404,rlf,RLF cluster after successful HO on XYZ404,Too-late HO — A3 offset insufficient for fast UE,Restored F1 link and cleared cell barring,Closed,High
INC-2026-187,2026-02-24T15:00:00,XYZ401,call_drop,Voice drops during mobility on XYZ401,Missed Xn neighbor relation for inter-gNB HO,Retuned electrical tilt and enabled IRC,Closed,High
INC-2026-188,2026-02-25T00:00:00,XYZ403,rlf,RLF cluster after successful HO on XYZ403,Too-late HO — A3 offset insufficient for fast UE,Retuned electrical tilt and enabled IRC,Closed,High
INC-2026-189,2026-02-25T09:00:00,XYZ405,handover,HO prep/exec failure spike neighbor sector XYZ405,Target cell barred due to transport alarm on F1,Adjusted PRACH configuration index and root sequence,In Progress,Medium
INC-2026-190,2026-02-25T11:00:00,XYZ403,rlf,RLF cluster after successful HO on XYZ403,Too-late HO — A3 offset insufficient for fast UE,Rebalanced UPF sessions and scaled pod count,Closed,Critical
INC-2026-191,2026-02-25T22:00:00,XYZ402,rach,Registration failures at cell edge XYZ402,PRACH occasion collision with co-channel DAS,Enabled QoS shaping and scheduled backhaul upgrade,Closed,High
INC-2026-192,2026-02-26T04:00:00,XYZ410,beamforming,Beam failure ratio above threshold XYZ410,SSB beam weight drift after AAU firmware upgrade,Rebalanced UPF sessions and scaled pod count,Open,Low
INC-2026-193,2026-02-26T09:00:00,XYZ401,call_drop,Voice drops during mobility on XYZ401,Missed Xn neighbor relation for inter-gNB HO,Updated UDM subscription template,Open,High
INC-2026-194,2026-02-26T15:00:00,XYZ404,throughput,DL speed below SLA on XYZ404,High DL BLER and rank-1 stuck — interferer on n77,Added neighbor relation and tuned HO margins,In Progress,High
INC-2026-195,2026-02-27T02:00:00,XYZ403,rach,Registration failures at cell edge XYZ403,PRACH occasion collision with co-channel DAS,Enabled QoS shaping and scheduled backhaul upgrade,Closed,High
INC-2026-196,2026-02-27T09:00:00,XYZ404,throughput,DL speed below SLA on XYZ404,High DL BLER and rank-1 stuck — interferer on n77,Adjusted PRACH configuration index and root sequence,Closed,Critical
INC-2026-197,2026-02-27T15:00:00,XYZ403,handover,HO prep/exec failure spike neighbor sector XYZ403,Target cell barred due to transport alarm on F1,Enabled QoS shaping and scheduled backhaul upgrade,Closed,High
INC-2026-198,2026-02-27T20:00:00,XYZ405,handover,HO prep/exec failure spike neighbor sector XYZ405,Target cell barred due to transport alarm on F1,Reduced A3 offset and enabled time-to-trigger tuning,Closed,Medium
INC-2026-199,2026-02-28T07:00:00,XYZ402,throughput,DL speed below SLA on XYZ402,High DL BLER and rank-1 stuck — interferer on n77,Reduced A3 offset and enabled time-to-trigger tuning,Closed,High
INC-2026-200,2026-02-28T12:00:00,XYZ405,handover,HO prep/exec failure spike neighbor sector XYZ405,Target cell barred due to transport alarm on F1,Updated UDM subscription template,Closed,Medium
INC-2026-201,2026-02-28T21:00:00,XYZ402,rach,Registration failures at cell edge XYZ402,PRACH occasion collision with co-channel DAS,Reduced A3 offset and enabled time-to-trigger tuning,In Progress,High
INC-2026-202,2026-03-01T04:00:00,XYZ406,latency,Video buffering on 5QI-9 during peak XYZ406,UPF cluster CPU saturation,Re-ran beam calibration procedure,In Progress,Medium
INC-2026-203,2026-03-01T06:00:00,XYZ405,core,PDU session release without RF anomaly XYZ405,AMF subscription profile missing DNN,Reduced A3 offset and enabled time-to-trigger tuning,Closed,Medium
INC-2026-204,2026-03-01T13:00:00,XYZ409,beamforming,Beam failure ratio above threshold XYZ409,SSB beam weight drift after AAU firmware upgrade,Updated UDM subscription template,Open,Low
INC-2026-205,2026-03-01T20:00:00,XYZ404,rlf,RLF cluster after successful HO on XYZ404,Too-late HO — A3 offset insufficient for fast UE,Re-ran beam calibration procedure,Closed,High
INC-2026-206,2026-03-02T05:00:00,XYZ408,core,PDU session release without RF anomaly XYZ408,AMF subscription profile missing DNN,Restored F1 link and cleared cell barring,Open,Medium
INC-2026-207,2026-03-02T12:00:00,XYZ404,throughput,DL speed below SLA on XYZ404,High DL BLER and rank-1 stuck — interferer on n77,Retuned electrical tilt and enabled IRC,Closed,Critical
INC-2026-208,2026-03-02T22:00:00,XYZ403,rlf,RLF cluster after successful HO on XYZ403,Too-late HO — A3 offset insufficient for fast UE,Retuned electrical tilt and enabled IRC,Closed,High
INC-2026-209,2026-03-03T02:00:00,XYZ402,rach,Registration failures at cell edge XYZ402,PRACH occasion collision with co-channel DAS,Adjusted PRACH configuration index and root sequence,Open,High
INC-2026-210,2026-03-03T08:00:00,XYZ403,rlf,RLF cluster after successful HO on XYZ403,Too-late HO — A3 offset insufficient for fast UE,Adjusted PRACH configuration index and root sequence,Open,High
INC-2026-211,2026-03-03T16:00:00,XYZ404,throughput,DL speed below SLA on XYZ404,High DL BLER and rank-1 stuck — interferer on n77,Rebalanced UPF sessions and scaled pod count,Closed,High
INC-2026-212,2026-03-03T23:00:00,XYZ402,rach,Registration failures at cell edge XYZ402,PRACH occasion collision with co-channel DAS,Updated UDM subscription template,Closed,High
INC-2026-213,2026-03-04T05:00:00,XYZ408,core,PDU session release without RF anomaly XYZ408,AMF subscription profile missing DNN,Rebalanced UPF sessions and scaled pod count,Closed,Medium
INC-2026-214,2026-03-04T11:00:00,XYZ404,latency,Video buffering on 5QI-9 during peak XYZ404,UPF cluster CPU saturation,Rebalanced UPF sessions and scaled pod count,Closed,High
INC-2026-215,2026-03-04T20:00:00,XYZ406,handover,HO prep/exec failure spike neighbor sector XYZ406,Target cell barred due to transport alarm on F1,Restored F1 link and cleared cell barring,Closed,Critical
INC-2026-216,2026-03-05T01:00:00,XYZ402,throughput,DL speed below SLA on XYZ402,High DL BLER and rank-1 stuck — interferer on n77,Retuned electrical tilt and enabled IRC,Closed,High
INC-2026-217,2026-03-05T12:00:00,XYZ404,throughput,DL speed below SLA on XYZ404,High DL BLER and rank-1 stuck — interferer on n77,Adjusted PRACH configuration index and root sequence,Closed,High
INC-2026-218,2026-03-05T15:00:00,XYZ405,handover,HO prep/exec failure spike neighbor sector XYZ405,Target cell barred due to transport alarm on F1,Added neighbor relation and tuned HO margins,Closed,Medium
INC-2026-219,2026-03-06T03:00:00,XYZ403,beamforming,Beam failure ratio above threshold XYZ403,SSB beam weight drift after AAU firmware upgrade,Re-ran beam calibration procedure,Closed,High
INC-2026-220,2026-03-06T10:00:00,XYZ404,throughput,DL speed below SLA on XYZ404,High DL BLER and rank-1 stuck — interferer on n77,Retuned electrical tilt and enabled IRC,Closed,High
INC-2026-221,2026-03-06T17:00:00,XYZ401,rlf,RLF cluster after successful HO on XYZ401,Too-late HO — A3 offset insufficient for fast UE,Added neighbor relation and tuned HO margins,Closed,High
INC-2026-222,2026-03-06T22:00:00,XYZ402,rach,Registration failures at cell edge XYZ402,PRACH occasion collision with co-channel DAS,Added neighbor relation and tuned HO margins,Closed,High
INC-2026-223,2026-03-07T03:00:00,XYZ403,rlf,RLF cluster after successful HO on XYZ403,Too-late HO — A3 offset insufficient for fast UE,Added neighbor relation and tuned HO margins,Closed,High
INC-2026-224,2026-03-07T09:00:00,XYZ408,rlf,RLF cluster after successful HO on XYZ408,Too-late HO — A3 offset insufficient for fast UE,Re-ran beam calibration procedure,Closed,Medium
INC-2026-225,2026-03-07T18:00:00,XYZ404,rlf,RLF cluster after successful HO on XYZ404,Too-late HO — A3 offset insufficient for fast UE,Retuned electrical tilt and enabled IRC,In Progress,High
INC-2026-226,2026-03-07T23:00:00,XYZ404,throughput,DL speed below SLA on XYZ404,High DL BLER and rank-1 stuck — interferer on n77,Retuned electrical tilt and enabled IRC,Closed,High
INC-2026-227,2026-03-08T10:00:00,XYZ401,rlf,RLF cluster after successful HO on XYZ401,Too-late HO — A3 offset insufficient for fast UE,Retuned electrical tilt and enabled IRC,Closed,High
INC-2026-228,2026-03-08T15:00:00,XYZ408,call_drop,Voice drops during mobility on XYZ408,Missed Xn neighbor relation for inter-gNB HO,Enabled QoS shaping and scheduled backhaul upgrade,Closed,Medium
INC-2026-229,2026-03-08T21:00:00,XYZ406,handover,HO prep/exec failure spike neighbor sector XYZ406,Target cell barred due to transport alarm on F1,Re-ran beam calibration procedure,Open,Critical
INC-2026-230,2026-03-09T05:00:00,XYZ401,call_drop,Voice drops during mobility on XYZ401,Missed Xn neighbor relation for inter-gNB HO,Enabled QoS shaping and scheduled backhaul upgrade,Open,High
INC-2026-231,2026-03-09T10:00:00,XYZ407,mobility,Network issue on XYZ407,Under investigation,Re-ran beam calibration procedure,Open,Medium
INC-2026-232,2026-03-09T20:00:00,XYZ401,rach,Registration failures at cell edge XYZ401,PRACH occasion collision with co-channel DAS,Reduced A3 offset and enabled time-to-trigger tuning,Closed,High
INC-2026-233,2026-03-10T03:00:00,XYZ403,beamforming,Beam failure ratio above threshold XYZ403,SSB beam weight drift after AAU firmware upgrade,Updated UDM subscription template,Open,High
INC-2026-234,2026-03-10T09:00:00,XYZ401,handover,HO prep/exec failure spike neighbor sector XYZ401,Target cell barred due to transport alarm on F1,Updated UDM subscription template,Closed,Critical
INC-2026-235,2026-03-10T19:00:00,XYZ404,throughput,DL speed below SLA on XYZ404,High DL BLER and rank-1 stuck — interferer on n77,Reduced A3 offset and enabled time-to-trigger tuning,Closed,High
INC-2026-236,2026-03-10T23:00:00,XYZ404,throughput,DL speed below SLA on XYZ404,High DL BLER and rank-1 stuck — interferer on n77,Retuned electrical tilt and enabled IRC,Closed,High
INC-2026-237,2026-03-11T04:00:00,XYZ409,handover,HO prep/exec failure spike neighbor sector XYZ409,Target cell barred due to transport alarm on F1,Retuned electrical tilt and enabled IRC,Open,Low
INC-2026-238,2026-03-11T16:00:00,XYZ408,rlf,RLF cluster after successful HO on XYZ408,Too-late HO — A3 offset insufficient for fast UE,Adjusted PRACH configuration index and root sequence,Closed,Medium
INC-2026-239,2026-03-11T21:00:00,XYZ407,mobility,Network issue on XYZ407,Under investigation,Rebalanced UPF sessions and scaled pod count,Closed,Medium
INC-2026-240,2026-03-12T06:00:00,XYZ404,rlf,RLF cluster after successful HO on XYZ404,Too-late HO — A3 offset insufficient for fast UE,Reduced A3 offset and enabled time-to-trigger tuning,Closed,High
INC-2026-241,2026-03-12T13:00:00,XYZ401,call_drop,Voice drops during mobility on XYZ401,Missed Xn neighbor relation for inter-gNB HO,Adjusted PRACH configuration index and root sequence,Closed,Critical
INC-2026-242,2026-03-12T19:00:00,XYZ402,transport,N3 throughput cap during evening peak XYZ402,Backhaul link at high utilization on core switch,Rebalanced UPF sessions and scaled pod count,Closed,High
INC-2026-243,2026-03-12T22:00:00,XYZ402,rach,Registration failures at cell edge XYZ402,PRACH occasion collision with co-channel DAS,Re-ran beam calibration procedure,Closed,High
INC-2026-244,2026-03-13T05:00:00,XYZ403,rlf,RLF cluster after successful HO on XYZ403,Too-late HO — A3 offset insufficient for fast UE,Rebalanced UPF sessions and scaled pod count,Closed,High
INC-2026-245,2026-03-13T15:00:00,XYZ404,throughput,DL speed below SLA on XYZ404,High DL BLER and rank-1 stuck — interferer on n77,Updated UDM subscription template,In Progress,High
INC-2026-246,2026-03-13T22:00:00,XYZ402,beamforming,Beam failure ratio above threshold XYZ402,SSB beam weight drift after AAU firmware upgrade,Adjusted PRACH configuration index and root sequence,Closed,High
INC-2026-247,2026-03-14T03:00:00,XYZ401,call_drop,Voice drops during mobility on XYZ401,Missed Xn neighbor relation for inter-gNB HO,Reduced A3 offset and enabled time-to-trigger tuning,Closed,High
INC-2026-248,2026-03-14T13:00:00,XYZ401,call_drop,Voice drops during mobility on XYZ401,Missed Xn neighbor relation for inter-gNB HO,Reduced A3 offset and enabled time-to-trigger tuning,Closed,High
INC-2026-249,2026-03-14T19:00:00,XYZ403,rach,Registration failures at cell edge XYZ403,PRACH occasion collision with co-channel DAS,Adjusted PRACH configuration index and root sequence,Closed,High
INC-2026-250,2026-03-15T03:00:00,XYZ404,throughput,DL speed below SLA on XYZ404,High DL BLER and rank-1 stuck — interferer on n77,Added neighbor relation and tuned HO margins,Open,High
INC-2026-251,2026-03-15T08:00:00,XYZ404,throughput,DL speed below SLA on XYZ404,High DL BLER and rank-1 stuck — interferer on n77,Reduced A3 offset and enabled time-to-trigger tuning,Closed,High
INC-2026-252,2026-03-15T14:00:00,XYZ407,mobility,Network issue on XYZ407,Under investigation,Rebalanced UPF sessions and scaled pod count,Closed,Medium
INC-2026-253,2026-03-15T23:00:00,XYZ409,throughput,DL speed below SLA on XYZ409,High DL BLER and rank-1 stuck — interferer on n77,Enabled QoS shaping and scheduled backhaul upgrade,Open,Low
INC-2026-254,2026-03-16T03:00:00,XYZ402,rach,Registration failures at cell edge XYZ402,PRACH occasion collision with co-channel DAS,Enabled QoS shaping and scheduled backhaul upgrade,Closed,High
INC-2026-255,2026-03-16T10:00:00,XYZ403,rlf,RLF cluster after successful HO on XYZ403,Too-late HO — A3 offset insufficient for fast UE,Enabled QoS shaping and scheduled backhaul upgrade,Closed,High
INC-2026-256,2026-03-16T21:00:00,XYZ404,throughput,DL speed below SLA on XYZ404,High DL BLER and rank-1 stuck — interferer on n77,Retuned electrical tilt and enabled IRC,Closed,High
INC-2026-257,2026-03-17T03:00:00,XYZ403,rlf,RLF cluster after successful HO on XYZ403,Too-late HO — A3 offset insufficient for fast UE,Enabled QoS shaping and scheduled backhaul upgrade,Open,High
INC-2026-258,2026-03-17T10:00:00,XYZ404,rlf,RLF cluster after successful HO on XYZ404,Too-late HO — A3 offset insufficient for fast UE,Reduced A3 offset and enabled time-to-trigger tuning,Open,High
INC-2026-259,2026-03-17T16:00:00,XYZ403,rlf,RLF cluster after successful HO on XYZ403,Too-late HO — A3 offset insufficient for fast UE,Adjusted PRACH configuration index and root sequence,Closed,High
INC-2026-260,2026-03-17T21:00:00,XYZ403,handover,HO prep/exec failure spike neighbor sector XYZ403,Target cell barred due to transport alarm on F1,Rebalanced UPF sessions and scaled pod count,Closed,High
INC-2026-261,2026-03-18T04:00:00,XYZ402,rach,Registration failures at cell edge XYZ402,PRACH occasion collision with co-channel DAS,Rebalanced UPF sessions and scaled pod count,Closed,High
INC-2026-262,2026-03-18T12:00:00,XYZ403,rlf,RLF cluster after successful HO on XYZ403,Too-late HO — A3 offset insufficient for fast UE,Enabled QoS shaping and scheduled backhaul upgrade,Closed,High
INC-2026-263,2026-03-18T22:00:00,XYZ409,rach,Registration failures at cell edge XYZ409,PRACH occasion collision with co-channel DAS,Updated UDM subscription template,In Progress,Low
INC-2026-264,2026-03-19T02:00:00,XYZ409,call_drop,Voice drops during mobility on XYZ409,Missed Xn neighbor relation for inter-gNB HO,Re-ran beam calibration procedure,Open,Low
INC-2026-265,2026-03-19T12:00:00,XYZ403,rlf,RLF cluster after successful HO on XYZ403,Too-late HO — A3 offset insufficient for fast UE,Retuned electrical tilt and enabled IRC,Open,High
INC-2026-266,2026-03-19T20:00:00,XYZ402,rach,Registration failures at cell edge XYZ402,PRACH occasion collision with co-channel DAS,Retuned electrical tilt and enabled IRC,Closed,High
INC-2026-267,2026-03-19T22:00:00,XYZ407,rach,Registration failures at cell edge XYZ407,PRACH occasion collision with co-channel DAS,Enabled QoS shaping and scheduled backhaul upgrade,Open,Medium
INC-2026-268,2026-03-20T06:00:00,XYZ404,throughput,DL speed below SLA on XYZ404,High DL BLER and rank-1 stuck — interferer on n77,Added neighbor relation and tuned HO margins,Closed,High
INC-2026-269,2026-03-20T17:00:00,XYZ403,rlf,RLF cluster after successful HO on XYZ403,Too-late HO — A3 offset insufficient for fast UE,Adjusted PRACH configuration index and root sequence,Open,Critical
INC-2026-270,2026-03-20T23:00:00,XYZ402,rach,Registration failures at cell edge XYZ402,PRACH occasion collision with co-channel DAS,Rebalanced UPF sessions and scaled pod count,Open,High
INC-2026-271,2026-03-21T07:00:00,XYZ403,rlf,RLF cluster after successful HO on XYZ403,Too-late HO — A3 offset insufficient for fast UE,Reduced A3 offset and enabled time-to-trigger tuning,Closed,Critical
INC-2026-272,2026-03-21T10:00:00,XYZ403,rlf,RLF cluster after successful HO on XYZ403,Too-late HO — A3 offset insufficient for fast UE,Updated UDM subscription template,Closed,High
INC-2026-273,2026-03-21T20:00:00,XYZ401,call_drop,Voice drops during mobility on XYZ401,Missed Xn neighbor relation for inter-gNB HO,Enabled QoS shaping and scheduled backhaul upgrade,Closed,High
INC-2026-274,2026-03-22T00:00:00,XYZ407,mobility,Network issue on XYZ407,Under investigation,Re-ran beam calibration procedure,Closed,Medium
INC-2026-275,2026-03-22T11:00:00,XYZ403,rlf,RLF cluster after successful HO on XYZ403,Too-late HO — A3 offset insufficient for fast UE,Re-ran beam calibration procedure,Closed,High
INC-2026-276,2026-03-22T18:00:00,XYZ401,call_drop,Voice drops during mobility on XYZ401,Missed Xn neighbor relation for inter-gNB HO,Re-ran beam calibration procedure,Open,High
INC-2026-277,2026-03-22T21:00:00,XYZ409,transport,N3 throughput cap during evening peak XYZ409,Backhaul link at high utilization on core switch,Enabled QoS shaping and scheduled backhaul upgrade,Closed,Low
INC-2026-278,2026-03-23T03:00:00,XYZ404,transport,N3 throughput cap during evening peak XYZ404,Backhaul link at high utilization on core switch,Updated UDM subscription template,Open,High
INC-2026-279,2026-03-23T12:00:00,XYZ405,handover,HO prep/exec failure spike neighbor sector XYZ405,Target cell barred due to transport alarm on F1,Reduced A3 offset and enabled time-to-trigger tuning,In Progress,Medium
INC-2026-280,2026-03-23T19:00:00,XYZ407,mobility,Network issue on XYZ407,Under investigation,Adjusted PRACH configuration index and root sequence,Closed,Medium
INC-2026-281,2026-03-24T02:00:00,XYZ402,transport,N3 throughput cap during evening peak XYZ402,Backhaul link at high utilization on core switch,Adjusted PRACH configuration index and root sequence,Closed,High
INC-2026-282,2026-03-24T08:00:00,XYZ403,rlf,RLF cluster after successful HO on XYZ403,Too-late HO — A3 offset insufficient for fast UE,Reduced A3 offset and enabled time-to-trigger tuning,Closed,High
INC-2026-283,2026-03-24T16:00:00,XYZ408,core,PDU session release without RF anomaly XYZ408,AMF subscription profile missing DNN,Enabled QoS shaping and scheduled backhaul upgrade,Closed,Medium
INC-2026-284,2026-03-24T21:00:00,XYZ405,handover,HO prep/exec failure spike neighbor sector XYZ405,Target cell barred due to transport alarm on F1,Reduced A3 offset and enabled time-to-trigger tuning,Closed,Critical
INC-2026-285,2026-03-25T05:00:00,XYZ401,beamforming,Beam failure ratio above threshold XYZ401,SSB beam weight drift after AAU firmware upgrade,Restored F1 link and cleared cell barring,Open,High
INC-2026-286,2026-03-25T15:00:00,XYZ404,throughput,DL speed below SLA on XYZ404,High DL BLER and rank-1 stuck — interferer on n77,Reduced A3 offset and enabled time-to-trigger tuning,Closed,High
INC-2026-287,2026-03-25T23:00:00,XYZ404,throughput,DL speed below SLA on XYZ404,High DL BLER and rank-1 stuck — interferer on n77,Reduced A3 offset and enabled time-to-trigger tuning,Closed,High
INC-2026-288,2026-03-26T01:00:00,XYZ410,transport,N3 throughput cap during evening peak XYZ410,Backhaul link at high utilization on core switch,Adjusted PRACH configuration index and root sequence,Closed,Critical
INC-2026-289,2026-03-26T12:00:00,XYZ406,handover,HO prep/exec failure spike neighbor sector XYZ406,Target cell barred due to transport alarm on F1,Adjusted PRACH configuration index and root sequence,Open,Medium
INC-2026-290,2026-03-26T18:00:00,XYZ403,rlf,RLF cluster after successful HO on XYZ403,Too-late HO — A3 offset insufficient for fast UE,Retuned electrical tilt and enabled IRC,Closed,Critical
INC-2026-291,2026-03-26T23:00:00,XYZ404,throughput,DL speed below SLA on XYZ404,High DL BLER and rank-1 stuck — interferer on n77,Reduced A3 offset and enabled time-to-trigger tuning,Closed,High
INC-2026-292,2026-03-27T09:00:00,XYZ407,latency,Video buffering on 5QI-9 during peak XYZ407,UPF cluster CPU saturation,Enabled QoS shaping and scheduled backhaul upgrade,Open,Medium
INC-2026-293,2026-03-27T17:00:00,XYZ404,call_drop,Voice drops during mobility on XYZ404,Missed Xn neighbor relation for inter-gNB HO,Enabled QoS shaping and scheduled backhaul upgrade,Closed,High
INC-2026-294,2026-03-27T21:00:00,XYZ402,rach,Registration failures at cell edge XYZ402,PRACH occasion collision with co-channel DAS,Adjusted PRACH configuration index and root sequence,Closed,High
INC-2026-295,2026-03-28T04:00:00,XYZ401,call_drop,Voice drops during mobility on XYZ401,Missed Xn neighbor relation for inter-gNB HO,Restored F1 link and cleared cell barring,Closed,High
INC-2026-296,2026-03-28T09:00:00,XYZ404,transport,N3 throughput cap during evening peak XYZ404,Backhaul link at high utilization on core switch,Added neighbor relation and tuned HO margins,Closed,High
INC-2026-297,2026-03-28T21:00:00,XYZ402,rach,Registration failures at cell edge XYZ402,PRACH occasion collision with co-channel DAS,Enabled QoS shaping and scheduled backhaul upgrade,In Progress,High
INC-2026-298,2026-03-29T01:00:00,XYZ404,throughput,DL speed below SLA on XYZ404,High DL BLER and rank-1 stuck — interferer on n77,Updated UDM subscription template,Closed,High
INC-2026-299,2026-03-29T10:00:00,XYZ405,handover,HO prep/exec failure spike neighbor sector XYZ405,Target cell barred due to transport alarm on F1,Retuned electrical tilt and enabled IRC,Closed,Medium
INC-2026-300,2026-03-29T14:00:00,XYZ410,transport,N3 throughput cap during evening peak XYZ410,Backhaul link at high utilization on core switch,Retuned electrical tilt and enabled IRC,Closed,Low
INC-2026-301,2026-03-29T23:00:00,XYZ404,rlf,RLF cluster after successful HO on XYZ404,Too-late HO — A3 offset insufficient for fast UE,Adjusted PRACH configuration index and root sequence,Closed,High
INC-2026-302,2026-03-30T06:00:00,XYZ404,beamforming,Beam failure ratio above threshold XYZ404,SSB beam weight drift after AAU firmware upgrade,Updated UDM subscription template,Closed,High
INC-2026-303,2026-03-30T13:00:00,XYZ403,latency,Video buffering on 5QI-9 during peak XYZ403,UPF cluster CPU saturation,Adjusted PRACH configuration index and root sequence,Closed,High
INC-2026-304,2026-03-30T19:00:00,XYZ406,handover,HO prep/exec failure spike neighbor sector XYZ406,Target cell barred due to transport alarm on F1,Updated UDM subscription template,Closed,Medium
INC-2026-305,2026-03-31T04:00:00,XYZ401,transport,N3 throughput cap during evening peak XYZ401,Backhaul link at high utilization on core switch,Reduced A3 offset and enabled time-to-trigger tuning,Closed,High
INC-2026-306,2026-03-31T10:00:00,XYZ403,rlf,RLF cluster after successful HO on XYZ403,Too-late HO — A3 offset insufficient for fast UE,Added neighbor relation and tuned HO margins,Closed,High
INC-2026-307,2026-03-31T18:00:00,XYZ405,handover,HO prep/exec failure spike neighbor sector XYZ405,Target cell barred due to transport alarm on F1,Retuned electrical tilt and enabled IRC,Closed,Critical
INC-2026-308,2026-04-01T00:00:00,XYZ410,rlf,RLF cluster after successful HO on XYZ410,Too-late HO — A3 offset insufficient for fast UE,Restored F1 link and cleared cell barring,Open,Low
INC-2026-309,2026-04-01T08:00:00,XYZ403,rach,Registration failures at cell edge XYZ403,PRACH occasion collision with co-channel DAS,Reduced A3 offset and enabled time-to-trigger tuning,Closed,High
INC-2026-310,2026-04-01T16:00:00,XYZ401,call_drop,Voice drops during mobility on XYZ401,Missed Xn neighbor relation for inter-gNB HO,Enabled QoS shaping and scheduled backhaul upgrade,Closed,High
INC-2026-311,2026-04-01T22:00:00,XYZ401,call_drop,Voice drops during mobility on XYZ401,Missed Xn neighbor relation for inter-gNB HO,Adjusted PRACH configuration index and root sequence,Closed,High
INC-2026-312,2026-04-02T06:00:00,XYZ403,latency,Video buffering on 5QI-9 during peak XYZ403,UPF cluster CPU saturation,Added neighbor relation and tuned HO margins,Closed,High
INC-2026-313,2026-04-02T13:00:00,XYZ405,latency,Video buffering on 5QI-9 during peak XYZ405,UPF cluster CPU saturation,Rebalanced UPF sessions and scaled pod count,Closed,Medium
INC-2026-314,2026-04-02T15:00:00,XYZ404,handover,HO prep/exec failure spike neighbor sector XYZ404,Target cell barred due to transport alarm on F1,Retuned electrical tilt and enabled IRC,Closed,High
INC-2026-315,2026-04-03T01:00:00,XYZ402,rach,Registration failures at cell edge XYZ402,PRACH occasion collision with co-channel DAS,Re-ran beam calibration procedure,Closed,High
INC-2026-316,2026-04-03T05:00:00,XYZ407,mobility,Network issue on XYZ407,Under investigation,Updated UDM subscription template,Closed,Medium
INC-2026-317,2026-04-03T12:00:00,XYZ404,throughput,DL speed below SLA on XYZ404,High DL BLER and rank-1 stuck — interferer on n77,Rebalanced UPF sessions and scaled pod count,Closed,High
INC-2026-318,2026-04-04T00:00:00,XYZ402,rach,Registration failures at cell edge XYZ402,PRACH occasion collision with co-channel DAS,Adjusted PRACH configuration index and root sequence,Closed,High
INC-2026-319,2026-04-04T04:00:00,XYZ403,rlf,RLF cluster after successful HO on XYZ403,Too-late HO — A3 offset insufficient for fast UE,Restored F1 link and cleared cell barring,Open,High
INC-2026-320,2026-04-04T11:00:00,XYZ410,beamforming,Beam failure ratio above threshold XYZ410,SSB beam weight drift after AAU firmware upgrade,Enabled QoS shaping and scheduled backhaul upgrade,In Progress,Low
INC-2026-321,2026-04-04T21:00:00,XYZ404,throughput,DL speed below SLA on XYZ404,High DL BLER and rank-1 stuck — interferer on n77,Added neighbor relation and tuned HO margins,In Progress,High
INC-2026-322,2026-04-05T03:00:00,XYZ402,rach,Registration failures at cell edge XYZ402,PRACH occasion collision with co-channel DAS,Rebalanced UPF sessions and scaled pod count,Closed,High
INC-2026-323,2026-04-05T06:00:00,XYZ401,call_drop,Voice drops during mobility on XYZ401,Missed Xn neighbor relation for inter-gNB HO,Retuned electrical tilt and enabled IRC,Closed,High
INC-2026-324,2026-04-05T14:00:00,XYZ405,transport,N3 throughput cap during evening peak XYZ405,Backhaul link at high utilization on core switch,Added neighbor relation and tuned HO margins,Open,Medium
INC-2026-325,2026-04-05T20:00:00,XYZ404,throughput,DL speed below SLA on XYZ404,High DL BLER and rank-1 stuck — interferer on n77,Restored F1 link and cleared cell barring,Closed,High
INC-2026-326,2026-04-06T06:00:00,XYZ404,throughput,DL speed below SLA on XYZ404,High DL BLER and rank-1 stuck — interferer on n77,Restored F1 link and cleared cell barring,Closed,High
INC-2026-327,2026-04-06T12:00:00,XYZ404,core,PDU session release without RF anomaly XYZ404,AMF subscription profile missing DNN,Retuned electrical tilt and enabled IRC,Closed,Critical
INC-2026-328,2026-04-06T17:00:00,XYZ403,beamforming,Beam failure ratio above threshold XYZ403,SSB beam weight drift after AAU firmware upgrade,Enabled QoS shaping and scheduled backhaul upgrade,In Progress,High
INC-2026-329,2026-04-07T04:00:00,XYZ402,rach,Registration failures at cell edge XYZ402,PRACH occasion collision with co-channel DAS,Re-ran beam calibration procedure,Closed,High
INC-2026-330,2026-04-07T08:00:00,XYZ408,core,PDU session release without RF anomaly XYZ408,AMF subscription profile missing DNN,Rebalanced UPF sessions and scaled pod count,Closed,Medium
INC-2026-331,2026-04-07T14:00:00,XYZ404,throughput,DL speed below SLA on XYZ404,High DL BLER and rank-1 stuck — interferer on n77,Reduced A3 offset and enabled time-to-trigger tuning,Closed,High
INC-2026-332,2026-04-08T02:00:00,XYZ402,rach,Registration failures at cell edge XYZ402,PRACH occasion collision with co-channel DAS,Re-ran beam calibration procedure,Closed,Critical
INC-2026-333,2026-04-08T07:00:00,XYZ408,core,PDU session release without RF anomaly XYZ408,AMF subscription profile missing DNN,Added neighbor relation and tuned HO margins,Open,Medium
INC-2026-334,2026-04-08T14:00:00,XYZ401,throughput,DL speed below SLA on XYZ401,High DL BLER and rank-1 stuck — interferer on n77,Adjusted PRACH configuration index and root sequence,Closed,High
INC-2026-335,2026-04-08T18:00:00,XYZ407,throughput,DL speed below SLA on XYZ407,High DL BLER and rank-1 stuck — interferer on n77,Enabled QoS shaping and scheduled backhaul upgrade,Closed,Medium
INC-2026-336,2026-04-09T04:00:00,XYZ404,latency,Video buffering on 5QI-9 during peak XYZ404,UPF cluster CPU saturation,Updated UDM subscription template,Closed,High
INC-2026-337,2026-04-09T09:00:00,XYZ401,call_drop,Voice drops during mobility on XYZ401,Missed Xn neighbor relation for inter-gNB HO,Enabled QoS shaping and scheduled backhaul upgrade,In Progress,High
INC-2026-338,2026-04-09T19:00:00,XYZ403,rlf,RLF cluster after successful HO on XYZ403,Too-late HO — A3 offset insufficient for fast UE,Reduced A3 offset and enabled time-to-trigger tuning,Closed,Critical
INC-2026-339,2026-04-10T02:00:00,XYZ403,call_drop,Voice drops during mobility on XYZ403,Missed Xn neighbor relation for inter-gNB HO,Added neighbor relation and tuned HO margins,Closed,High
INC-2026-340,2026-04-10T07:00:00,XYZ403,rlf,RLF cluster after successful HO on XYZ403,Too-late HO — A3 offset insufficient for fast UE,Adjusted PRACH configuration index and root sequence,Closed,High
INC-2026-341,2026-04-10T12:00:00,XYZ404,throughput,DL speed below SLA on XYZ404,High DL BLER and rank-1 stuck — interferer on n77,Enabled QoS shaping and scheduled backhaul upgrade,Closed,High
INC-2026-342,2026-04-11T00:00:00,XYZ402,rach,Registration failures at cell edge XYZ402,PRACH occasion collision with co-channel DAS,Enabled QoS shaping and scheduled backhaul upgrade,In Progress,High
INC-2026-343,2026-04-11T05:00:00,XYZ402,call_drop,Voice drops during mobility on XYZ402,Missed Xn neighbor relation for inter-gNB HO,Enabled QoS shaping and scheduled backhaul upgrade,In Progress,High
INC-2026-344,2026-04-11T14:00:00,XYZ405,call_drop,Voice drops during mobility on XYZ405,Missed Xn neighbor relation for inter-gNB HO,Adjusted PRACH configuration index and root sequence,Closed,Medium
INC-2026-345,2026-04-11T20:00:00,XYZ404,throughput,DL speed below SLA on XYZ404,High DL BLER and rank-1 stuck — interferer on n77,Added neighbor relation and tuned HO margins,Closed,Critical
INC-2026-346,2026-04-11T23:00:00,XYZ402,beamforming,Beam failure ratio above threshold XYZ402,SSB beam weight drift after AAU firmware upgrade,Restored F1 link and cleared cell barring,Open,Critical
INC-2026-347,2026-04-12T06:00:00,XYZ403,rlf,RLF cluster after successful HO on XYZ403,Too-late HO — A3 offset insufficient for fast UE,Updated UDM subscription template,Open,Critical
INC-2026-348,2026-04-12T13:00:00,XYZ404,rlf,RLF cluster after successful HO on XYZ404,Too-late HO — A3 offset insufficient for fast UE,Updated UDM subscription template,Closed,High
INC-2026-349,2026-04-13T01:00:00,XYZ402,rach,Registration failures at cell edge XYZ402,PRACH occasion collision with co-channel DAS,Re-ran beam calibration procedure,Closed,High
INC-2026-350,2026-04-13T04:00:00,XYZ406,throughput,DL speed below SLA on XYZ406,High DL BLER and rank-1 stuck — interferer on n77,Retuned electrical tilt and enabled IRC,In Progress,Medium
INC-2026-351,2026-04-13T12:00:00,XYZ405,handover,HO prep/exec failure spike neighbor sector XYZ405,Target cell barred due to transport alarm on F1,Retuned electrical tilt and enabled IRC,Closed,Medium
INC-2026-352,2026-04-13T21:00:00,XYZ401,call_drop,Voice drops during mobility on XYZ401,Missed Xn neighbor relation for inter-gNB HO,Added neighbor relation and tuned HO margins,Closed,Critical
INC-2026-353,2026-04-14T03:00:00,XYZ406,handover,HO prep/exec failure spike neighbor sector XYZ406,Target cell barred due to transport alarm on F1,Restored F1 link and cleared cell barring,Closed,Medium
INC-2026-354,2026-04-14T08:00:00,XYZ401,call_drop,Voice drops during mobility on XYZ401,Missed Xn neighbor relation for inter-gNB HO,Enabled QoS shaping and scheduled backhaul upgrade,Closed,Critical
INC-2026-355,2026-04-14T16:00:00,XYZ407,mobility,Network issue on XYZ407,Under investigation,Re-ran beam calibration procedure,Open,Critical
INC-2026-356,2026-04-15T01:00:00,XYZ403,rlf,RLF cluster after successful HO on XYZ403,Too-late HO — A3 offset insufficient for fast UE,Added neighbor relation and tuned HO margins,Closed,High
INC-2026-357,2026-04-15T09:00:00,XYZ404,throughput,DL speed below SLA on XYZ404,High DL BLER and rank-1 stuck — interferer on n77,Added neighbor relation and tuned HO margins,Closed,Critical
INC-2026-358,2026-04-15T16:00:00,XYZ404,handover,HO prep/exec failure spike neighbor sector XYZ404,Target cell barred due to transport alarm on F1,Updated UDM subscription template,Closed,Critical
INC-2026-359,2026-04-15T22:00:00,XYZ401,call_drop,Voice drops during mobility on XYZ401,Missed Xn neighbor relation for inter-gNB HO,Rebalanced UPF sessions and scaled pod count,Closed,High
INC-2026-360,2026-04-16T05:00:00,XYZ404,throughput,DL speed below SLA on XYZ404,High DL BLER and rank-1 stuck — interferer on n77,Updated UDM subscription template,Closed,High
INC-2026-361,2026-04-16T12:00:00,XYZ403,beamforming,Beam failure ratio above threshold XYZ403,SSB beam weight drift after AAU firmware upgrade,Adjusted PRACH configuration index and root sequence,Closed,High
INC-2026-362,2026-04-16T17:00:00,XYZ403,rlf,RLF cluster after successful HO on XYZ403,Too-late HO — A3 offset insufficient for fast UE,Restored F1 link and cleared cell barring,Closed,High
INC-2026-363,2026-04-16T23:00:00,XYZ401,call_drop,Voice drops during mobility on XYZ401,Missed Xn neighbor relation for inter-gNB HO,Adjusted PRACH configuration index and root sequence,Closed,High
INC-2026-364,2026-04-17T08:00:00,XYZ402,rach,Registration failures at cell edge XYZ402,PRACH occasion collision with co-channel DAS,Restored F1 link and cleared cell barring,Closed,Critical
INC-2026-365,2026-04-17T14:00:00,XYZ410,beamforming,Beam failure ratio above threshold XYZ410,SSB beam weight drift after AAU firmware upgrade,Re-ran beam calibration procedure,Closed,Low
INC-2026-366,2026-04-17T21:00:00,XYZ402,rach,Registration failures at cell edge XYZ402,PRACH occasion collision with co-channel DAS,Added neighbor relation and tuned HO margins,Closed,High
INC-2026-367,2026-04-18T06:00:00,XYZ401,call_drop,Voice drops during mobility on XYZ401,Missed Xn neighbor relation for inter-gNB HO,Updated UDM subscription template,Closed,High
INC-2026-368,2026-04-18T11:00:00,XYZ405,handover,HO prep/exec failure spike neighbor sector XYZ405,Target cell barred due to transport alarm on F1,Updated UDM subscription template,In Progress,Medium
INC-2026-369,2026-04-18T19:00:00,XYZ403,rlf,RLF cluster after successful HO on XYZ403,Too-late HO — A3 offset insufficient for fast UE,Enabled QoS shaping and scheduled backhaul upgrade,Closed,High
INC-2026-370,2026-04-19T04:00:00,XYZ405,handover,HO prep/exec failure spike neighbor sector XYZ405,Target cell barred due to transport alarm on F1,Re-ran beam calibration procedure,Closed,Critical
INC-2026-371,2026-04-19T09:00:00,XYZ408,core,PDU session release without RF anomaly XYZ408,AMF subscription profile missing DNN,Re-ran beam calibration procedure,Closed,Critical
INC-2026-372,2026-04-19T18:00:00,XYZ401,call_drop,Voice drops during mobility on XYZ401,Missed Xn neighbor relation for inter-gNB HO,Reduced A3 offset and enabled time-to-trigger tuning,Closed,High
INC-2026-373,2026-04-19T23:00:00,XYZ404,call_drop,Voice drops during mobility on XYZ404,Missed Xn neighbor relation for inter-gNB HO,Added neighbor relation and tuned HO margins,Closed,Critical
INC-2026-374,2026-04-20T04:00:00,XYZ401,rach,Registration failures at cell edge XYZ401,PRACH occasion collision with co-channel DAS,Reduced A3 offset and enabled time-to-trigger tuning,Closed,High
INC-2026-375,2026-04-20T12:00:00,XYZ403,rach,Registration failures at cell edge XYZ403,PRACH occasion collision with co-channel DAS,Re-ran beam calibration procedure,Closed,Critical
INC-2026-376,2026-04-20T17:00:00,XYZ404,transport,N3 throughput cap during evening peak XYZ404,Backhaul link at high utilization on core switch,Adjusted PRACH configuration index and root sequence,Closed,High
INC-2026-377,2026-04-21T02:00:00,XYZ403,rlf,RLF cluster after successful HO on XYZ403,Too-late HO — A3 offset insufficient for fast UE,Enabled QoS shaping and scheduled backhaul upgrade,Closed,High
INC-2026-378,2026-04-21T10:00:00,XYZ402,rach,Registration failures at cell edge XYZ402,PRACH occasion collision with co-channel DAS,Rebalanced UPF sessions and scaled pod count,Closed,High
INC-2026-379,2026-04-21T18:00:00,XYZ404,throughput,DL speed below SLA on XYZ404,High DL BLER and rank-1 stuck — interferer on n77,Updated UDM subscription template,Closed,High
INC-2026-380,2026-04-22T00:00:00,XYZ401,call_drop,Voice drops during mobility on XYZ401,Missed Xn neighbor relation for inter-gNB HO,Adjusted PRACH configuration index and root sequence,Open,High
INC-2026-381,2026-04-22T06:00:00,XYZ402,throughput,DL speed below SLA on XYZ402,High DL BLER and rank-1 stuck — interferer on n77,Reduced A3 offset and enabled time-to-trigger tuning,Closed,High
INC-2026-382,2026-04-22T13:00:00,XYZ403,rlf,RLF cluster after successful HO on XYZ403,Too-late HO — A3 offset insufficient for fast UE,Re-ran beam calibration procedure,Open,High
INC-2026-383,2026-04-22T18:00:00,XYZ404,throughput,DL speed below SLA on XYZ404,High DL BLER and rank-1 stuck — interferer on n77,Added neighbor relation and tuned HO margins,In Progress,High
INC-2026-384,2026-04-23T03:00:00,XYZ402,rach,Registration failures at cell edge XYZ402,PRACH occasion collision with co-channel DAS,Enabled QoS shaping and scheduled backhaul upgrade,Closed,High
INC-2026-385,2026-04-23T12:00:00,XYZ407,beamforming,Beam failure ratio above threshold XYZ407,SSB beam weight drift after AAU firmware upgrade,Rebalanced UPF sessions and scaled pod count,Closed,Medium
INC-2026-386,2026-04-23T20:00:00,XYZ407,mobility,Network issue on XYZ407,Under investigation,Restored F1 link and cleared cell barring,Closed,Medium
INC-2026-387,2026-04-24T00:00:00,XYZ406,latency,Video buffering on 5QI-9 during peak XYZ406,UPF cluster CPU saturation,Rebalanced UPF sessions and scaled pod count,Open,Medium
INC-2026-388,2026-04-24T07:00:00,XYZ402,throughput,DL speed below SLA on XYZ402,High DL BLER and rank-1 stuck — interferer on n77,Added neighbor relation and tuned HO margins,Closed,Critical
INC-2026-389,2026-04-24T15:00:00,XYZ401,call_drop,Voice drops during mobility on XYZ401,Missed Xn neighbor relation for inter-gNB HO,Rebalanced UPF sessions and scaled pod count,In Progress,High
INC-2026-390,2026-04-24T20:00:00,XYZ408,rach,Registration failures at cell edge XYZ408,PRACH occasion collision with co-channel DAS,Added neighbor relation and tuned HO margins,Open,Critical
INC-2026-391,2026-04-25T05:00:00,XYZ408,beamforming,Beam failure ratio above threshold XYZ408,SSB beam weight drift after AAU firmware upgrade,Reduced A3 offset and enabled time-to-trigger tuning,Closed,Critical
INC-2026-392,2026-04-25T10:00:00,XYZ404,core,PDU session release without RF anomaly XYZ404,AMF subscription profile missing DNN,Re-ran beam calibration procedure,Closed,High
INC-2026-393,2026-04-25T16:00:00,XYZ401,call_drop,Voice drops during mobility on XYZ401,Missed Xn neighbor relation for inter-gNB HO,Re-ran beam calibration procedure,Closed,Critical
INC-2026-394,2026-04-26T04:00:00,XYZ403,rlf,RLF cluster after successful HO on XYZ403,Too-late HO — A3 offset insufficient for fast UE,Added neighbor relation and tuned HO margins,Closed,High
INC-2026-395,2026-04-26T07:00:00,XYZ403,handover,HO prep/exec failure spike neighbor sector XYZ403,Target cell barred due to transport alarm on F1,Added neighbor relation and tuned HO margins,Closed,Critical
INC-2026-396,2026-04-26T14:00:00,XYZ403,rlf,RLF cluster after successful HO on XYZ403,Too-late HO — A3 offset insufficient for fast UE,Updated UDM subscription template,In Progress,High
INC-2026-397,2026-04-26T22:00:00,XYZ407,call_drop,Voice drops during mobility on XYZ407,Missed Xn neighbor relation for inter-gNB HO,Enabled QoS shaping and scheduled backhaul upgrade,In Progress,Critical
INC-2026-398,2026-04-27T04:00:00,XYZ402,rach,Registration failures at cell edge XYZ402,PRACH occasion collision with co-channel DAS,Reduced A3 offset and enabled time-to-trigger tuning,Closed,High
INC-2026-399,2026-04-27T12:00:00,XYZ410,rach,Registration failures at cell edge XYZ410,PRACH occasion collision with co-channel DAS,Rebalanced UPF sessions and scaled pod count,Closed,Low
INC-2026-400,2026-04-27T18:00:00,XYZ401,call_drop,Voice drops during mobility on XYZ401,Missed Xn neighbor relation for inter-gNB HO,Rebalanced UPF sessions and scaled pod count,Closed,Critical
INC-2026-401,2026-04-28T02:00:00,XYZ402,rach,Registration failures at cell edge XYZ402,PRACH occasion collision with co-channel DAS,Retuned electrical tilt and enabled IRC,Closed,High
INC-2026-402,2026-04-28T07:00:00,XYZ401,call_drop,Voice drops during mobility on XYZ401,Missed Xn neighbor relation for inter-gNB HO,Rebalanced UPF sessions and scaled pod count,Closed,High
INC-2026-403,2026-04-28T14:00:00,XYZ408,handover,HO prep/exec failure spike neighbor sector XYZ408,Target cell barred due to transport alarm on F1,Retuned electrical tilt and enabled IRC,In Progress,Medium
INC-2026-404,2026-04-29T01:00:00,XYZ404,throughput,DL speed below SLA on XYZ404,High DL BLER and rank-1 stuck — interferer on n77,Restored F1 link and cleared cell barring,Open,High
INC-2026-405,2026-04-29T06:00:00,XYZ406,handover,HO prep/exec failure spike neighbor sector XYZ406,Target cell barred due to transport alarm on F1,Adjusted PRACH configuration index and root sequence,Open,Medium
INC-2026-406,2026-04-29T15:00:00,XYZ409,core,PDU session release without RF anomaly XYZ409,AMF subscription profile missing DNN,Adjusted PRACH configuration index and root sequence,Closed,Low
INC-2026-407,2026-04-29T22:00:00,XYZ403,rach,Registration failures at cell edge XYZ403,PRACH occasion collision with co-channel DAS,Rebalanced UPF sessions and scaled pod count,Closed,High
INC-2026-408,2026-04-30T02:00:00,XYZ401,call_drop,Voice drops during mobility on XYZ401,Missed Xn neighbor relation for inter-gNB HO,Retuned electrical tilt and enabled IRC,Open,Critical
INC-2026-409,2026-04-30T10:00:00,XYZ404,rach,Registration failures at cell edge XYZ404,PRACH occasion collision with co-channel DAS,Rebalanced UPF sessions and scaled pod count,Closed,High
INC-2026-410,2026-04-30T16:00:00,XYZ410,rlf,RLF cluster after successful HO on XYZ410,Too-late HO — A3 offset insufficient for fast UE,Re-ran beam calibration procedure,Closed,Critical
INC-2026-411,2026-05-01T03:00:00,XYZ404,beamforming,Beam failure ratio above threshold XYZ404,SSB beam weight drift after AAU firmware upgrade,Retuned electrical tilt and enabled IRC,Open,High
INC-2026-412,2026-05-01T05:00:00,XYZ403,rlf,RLF cluster after successful HO on XYZ403,Too-late HO — A3 offset insufficient for fast UE,Enabled QoS shaping and scheduled backhaul upgrade,Closed,High
INC-2026-413,2026-05-01T17:00:00,XYZ401,call_drop,Voice drops during mobility on XYZ401,Missed Xn neighbor relation for inter-gNB HO,Added neighbor relation and tuned HO margins,Open,High
INC-2026-414,2026-05-01T23:00:00,XYZ403,rlf,RLF cluster after successful HO on XYZ403,Too-late HO — A3 offset insufficient for fast UE,Adjusted PRACH configuration index and root sequence,In Progress,Critical
INC-2026-415,2026-05-02T04:00:00,XYZ409,call_drop,Voice drops during mobility on XYZ409,Missed Xn neighbor relation for inter-gNB HO,Enabled QoS shaping and scheduled backhaul upgrade,Closed,Low
INC-2026-416,2026-05-02T12:00:00,XYZ402,transport,N3 throughput cap during evening peak XYZ402,Backhaul link at high utilization on core switch,Enabled QoS shaping and scheduled backhaul upgrade,Closed,Critical
INC-2026-417,2026-05-02T20:00:00,XYZ405,handover,HO prep/exec failure spike neighbor sector XYZ405,Target cell barred due to transport alarm on F1,Retuned electrical tilt and enabled IRC,Closed,Medium
INC-2026-418,2026-05-03T02:00:00,XYZ401,call_drop,Voice drops during mobility on XYZ401,Missed Xn neighbor relation for inter-gNB HO,Enabled QoS shaping and scheduled backhaul upgrade,In Progress,High
INC-2026-419,2026-05-03T08:00:00,XYZ410,latency,Video buffering on 5QI-9 during peak XYZ410,UPF cluster CPU saturation,Enabled QoS shaping and scheduled backhaul upgrade,In Progress,Low
INC-2026-420,2026-05-03T16:00:00,XYZ409,transport,N3 throughput cap during evening peak XYZ409,Backhaul link at high utilization on core switch,Added neighbor relation and tuned HO margins,Closed,Low
INC-2026-421,2026-05-03T23:00:00,XYZ407,beamforming,Beam failure ratio above threshold XYZ407,SSB beam weight drift after AAU firmware upgrade,Re-ran beam calibration procedure,Closed,Medium
INC-2026-422,2026-05-04T05:00:00,XYZ401,call_drop,Voice drops during mobility on XYZ401,Missed Xn neighbor relation for inter-gNB HO,Enabled QoS shaping and scheduled backhaul upgrade,In Progress,High
INC-2026-423,2026-05-04T13:00:00,XYZ410,latency,Video buffering on 5QI-9 during peak XYZ410,UPF cluster CPU saturation,Restored F1 link and cleared cell barring,Closed,Low
INC-2026-424,2026-05-04T22:00:00,XYZ407,mobility,Network issue on XYZ407,Under investigation,Re-ran beam calibration procedure,Closed,Critical
INC-2026-425,2026-05-05T03:00:00,XYZ402,rach,Registration failures at cell edge XYZ402,PRACH occasion collision with co-channel DAS,Re-ran beam calibration procedure,Closed,High
INC-2026-426,2026-05-05T12:00:00,XYZ405,handover,HO prep/exec failure spike neighbor sector XYZ405,Target cell barred due to transport alarm on F1,Reduced A3 offset and enabled time-to-trigger tuning,Closed,Critical
INC-2026-427,2026-05-05T17:00:00,XYZ403,rlf,RLF cluster after successful HO on XYZ403,Too-late HO — A3 offset insufficient for fast UE,Adjusted PRACH configuration index and root sequence,Closed,High
INC-2026-428,2026-05-06T01:00:00,XYZ404,core,PDU session release without RF anomaly XYZ404,AMF subscription profile missing DNN,Adjusted PRACH configuration index and root sequence,Closed,High
INC-2026-429,2026-05-06T05:00:00,XYZ404,latency,Video buffering on 5QI-9 during peak XYZ404,UPF cluster CPU saturation,Added neighbor relation and tuned HO margins,Closed,High
INC-2026-430,2026-05-06T14:00:00,XYZ404,latency,Video buffering on 5QI-9 during peak XYZ404,UPF cluster CPU saturation,Enabled QoS shaping and scheduled backhaul upgrade,Closed,High
INC-2026-431,2026-05-06T21:00:00,XYZ403,rlf,RLF cluster after successful HO on XYZ403,Too-late HO — A3 offset insufficient for fast UE,Re-ran beam calibration procedure,In Progress,High
INC-2026-432,2026-05-07T04:00:00,XYZ404,call_drop,Voice drops during mobility on XYZ404,Missed Xn neighbor relation for inter-gNB HO,Re-ran beam calibration procedure,Open,High
INC-2026-433,2026-05-07T09:00:00,XYZ401,call_drop,Voice drops during mobility on XYZ401,Missed Xn neighbor relation for inter-gNB HO,Enabled QoS shaping and scheduled backhaul upgrade,Closed,High
INC-2026-434,2026-05-07T20:00:00,XYZ403,rlf,RLF cluster after successful HO on XYZ403,Too-late HO — A3 offset insufficient for fast UE,Re-ran beam calibration procedure,Closed,Critical
INC-2026-435,2026-05-08T00:00:00,XYZ405,throughput,DL speed below SLA on XYZ405,High DL BLER and rank-1 stuck — interferer on n77,Rebalanced UPF sessions and scaled pod count,Closed,Medium
INC-2026-436,2026-05-08T10:00:00,XYZ409,beamforming,Beam failure ratio above threshold XYZ409,SSB beam weight drift after AAU firmware upgrade,Added neighbor relation and tuned HO margins,Closed,Low
INC-2026-437,2026-05-08T13:00:00,XYZ404,beamforming,Beam failure ratio above threshold XYZ404,SSB beam weight drift after AAU firmware upgrade,Updated UDM subscription template,Closed,High
INC-2026-438,2026-05-08T21:00:00,XYZ401,rlf,RLF cluster after successful HO on XYZ401,Too-late HO — A3 offset insufficient for fast UE,Retuned electrical tilt and enabled IRC,In Progress,High
INC-2026-439,2026-05-09T05:00:00,XYZ407,transport,N3 throughput cap during evening peak XYZ407,Backhaul link at high utilization on core switch,Enabled QoS shaping and scheduled backhaul upgrade,Closed,Critical
INC-2026-440,2026-05-09T10:00:00,XYZ404,transport,N3 throughput cap during evening peak XYZ404,Backhaul link at high utilization on core switch,Enabled QoS shaping and scheduled backhaul upgrade,Closed,High
INC-2026-441,2026-05-09T20:00:00,XYZ401,call_drop,Voice drops during mobility on XYZ401,Missed Xn neighbor relation for inter-gNB HO,Retuned electrical tilt and enabled IRC,In Progress,Critical
INC-2026-442,2026-05-10T04:00:00,XYZ403,rlf,RLF cluster after successful HO on XYZ403,Too-late HO — A3 offset insufficient for fast UE,Retuned electrical tilt and enabled IRC,Closed,High
INC-2026-443,2026-05-10T06:00:00,XYZ403,latency,Video buffering on 5QI-9 during peak XYZ403,UPF cluster CPU saturation,Updated UDM subscription template,Closed,High
INC-2026-444,2026-05-10T17:00:00,XYZ404,throughput,DL speed below SLA on XYZ404,High DL BLER and rank-1 stuck — interferer on n77,Added neighbor relation and tuned HO margins,Closed,High
INC-2026-445,2026-05-10T22:00:00,XYZ409,rlf,RLF cluster after successful HO on XYZ409,Too-late HO — A3 offset insufficient for fast UE,Reduced A3 offset and enabled time-to-trigger tuning,Closed,Low
INC-2026-446,2026-05-11T08:00:00,XYZ401,rach,Registration failures at cell edge XYZ401,PRACH occasion collision with co-channel DAS,Rebalanced UPF sessions and scaled pod count,Closed,High
INC-2026-447,2026-05-11T15:00:00,XYZ403,rlf,RLF cluster after successful HO on XYZ403,Too-late HO — A3 offset insufficient for fast UE,Reduced A3 offset and enabled time-to-trigger tuning,In Progress,High
INC-2026-448,2026-05-11T20:00:00,XYZ409,latency,Video buffering on 5QI-9 during peak XYZ409,UPF cluster CPU saturation,Retuned electrical tilt and enabled IRC,Closed,Low
INC-2026-449,2026-05-12T04:00:00,XYZ409,core,PDU session release without RF anomaly XYZ409,AMF subscription profile missing DNN,Updated UDM subscription template,Closed,Low
INC-2026-450,2026-05-12T11:00:00,XYZ402,rach,Registration failures at cell edge XYZ402,PRACH occasion collision with co-channel DAS,Enabled QoS shaping and scheduled backhaul upgrade,Closed,High
INC-2026-451,2026-05-12T18:00:00,XYZ402,rach,Registration failures at cell edge XYZ402,PRACH occasion collision with co-channel DAS,Re-ran beam calibration procedure,Open,High
INC-2026-452,2026-05-12T23:00:00,XYZ401,call_drop,Voice drops during mobility on XYZ401,Missed Xn neighbor relation for inter-gNB HO,Restored F1 link and cleared cell barring,Closed,High
INC-2026-453,2026-05-13T04:00:00,XYZ408,core,PDU session release without RF anomaly XYZ408,AMF subscription profile missing DNN,Restored F1 link and cleared cell barring,Closed,Critical
INC-2026-454,2026-05-13T15:00:00,XYZ401,latency,Video buffering on 5QI-9 during peak XYZ401,UPF cluster CPU saturation,Re-ran beam calibration procedure,Closed,High
INC-2026-455,2026-05-13T18:00:00,XYZ401,call_drop,Voice drops during mobility on XYZ401,Missed Xn neighbor relation for inter-gNB HO,Restored F1 link and cleared cell barring,Closed,High
INC-2026-456,2026-05-14T02:00:00,XYZ404,throughput,DL speed below SLA on XYZ404,High DL BLER and rank-1 stuck — interferer on n77,Enabled QoS shaping and scheduled backhaul upgrade,Closed,High
INC-2026-457,2026-05-14T13:00:00,XYZ406,handover,HO prep/exec failure spike neighbor sector XYZ406,Target cell barred due to transport alarm on F1,Adjusted PRACH configuration index and root sequence,Closed,Critical
INC-2026-458,2026-05-14T16:00:00,XYZ401,transport,N3 throughput cap during evening peak XYZ401,Backhaul link at high utilization on core switch,Retuned electrical tilt and enabled IRC,Closed,High
INC-2026-459,2026-05-15T01:00:00,XYZ403,rlf,RLF cluster after successful HO on XYZ403,Too-late HO — A3 offset insufficient for fast UE,Updated UDM subscription template,Closed,High
INC-2026-460,2026-05-15T06:00:00,XYZ405,handover,HO prep/exec failure spike neighbor sector XYZ405,Target cell barred due to transport alarm on F1,Reduced A3 offset and enabled time-to-trigger tuning,Closed,Medium
INC-2026-461,2026-05-15T16:00:00,XYZ404,throughput,DL speed below SLA on XYZ404,High DL BLER and rank-1 stuck — interferer on n77,Adjusted PRACH configuration index and root sequence,Open,High
INC-2026-462,2026-05-15T21:00:00,XYZ402,rach,Registration failures at cell edge XYZ402,PRACH occasion collision with co-channel DAS,Added neighbor relation and tuned HO margins,Closed,High
INC-2026-463,2026-05-16T03:00:00,XYZ407,throughput,DL speed below SLA on XYZ407,High DL BLER and rank-1 stuck — interferer on n77,Enabled QoS shaping and scheduled backhaul upgrade,Closed,Medium
INC-2026-464,2026-05-16T12:00:00,XYZ403,rlf,RLF cluster after successful HO on XYZ403,Too-late HO — A3 offset insufficient for fast UE,Retuned electrical tilt and enabled IRC,Closed,High
INC-2026-465,2026-05-16T19:00:00,XYZ401,call_drop,Voice drops during mobility on XYZ401,Missed Xn neighbor relation for inter-gNB HO,Rebalanced UPF sessions and scaled pod count,Closed,High
INC-2026-466,2026-05-16T23:00:00,XYZ401,call_drop,Voice drops during mobility on XYZ401,Missed Xn neighbor relation for inter-gNB HO,Retuned electrical tilt and enabled IRC,Closed,Critical
INC-2026-467,2026-05-17T06:00:00,XYZ408,core,PDU session release without RF anomaly XYZ408,AMF subscription profile missing DNN,Restored F1 link and cleared cell barring,In Progress,Medium
INC-2026-468,2026-05-17T18:00:00,XYZ401,core,PDU session release without RF anomaly XYZ401,AMF subscription profile missing DNN,Re-ran beam calibration procedure,Closed,High
INC-2026-469,2026-05-17T21:00:00,XYZ403,rlf,RLF cluster after successful HO on XYZ403,Too-late HO — A3 offset insufficient for fast UE,Retuned electrical tilt and enabled IRC,Open,High
INC-2026-470,2026-05-18T03:00:00,XYZ403,rlf,RLF cluster after successful HO on XYZ403,Too-late HO — A3 offset insufficient for fast UE,Retuned electrical tilt and enabled IRC,Closed,High
INC-2026-471,2026-05-18T14:00:00,XYZ403,rlf,RLF cluster after successful HO on XYZ403,Too-late HO — A3 offset insufficient for fast UE,Re-ran beam calibration procedure,Closed,High
INC-2026-472,2026-05-18T17:00:00,XYZ404,throughput,DL speed below SLA on XYZ404,High DL BLER and rank-1 stuck — interferer on n77,Re-ran beam calibration procedure,Closed,High
INC-2026-473,2026-05-19T00:00:00,XYZ404,latency,Video buffering on 5QI-9 during peak XYZ404,UPF cluster CPU saturation,Enabled QoS shaping and scheduled backhaul upgrade,Closed,High
INC-2026-474,2026-05-19T07:00:00,XYZ406,handover,HO prep/exec failure spike neighbor sector XYZ406,Target cell barred due to transport alarm on F1,Enabled QoS shaping and scheduled backhaul upgrade,Closed,Medium
INC-2026-475,2026-05-19T18:00:00,XYZ404,throughput,DL speed below SLA on XYZ404,High DL BLER and rank-1 stuck — interferer on n77,Updated UDM subscription template,Open,Critical
INC-2026-476,2026-05-19T22:00:00,XYZ402,beamforming,Beam failure ratio above threshold XYZ402,SSB beam weight drift after AAU firmware upgrade,Rebalanced UPF sessions and scaled pod count,Closed,High
INC-2026-477,2026-05-20T04:00:00,XYZ408,core,PDU session release without RF anomaly XYZ408,AMF subscription profile missing DNN,Rebalanced UPF sessions and scaled pod count,Open,Medium
INC-2026-478,2026-05-20T13:00:00,XYZ402,rach,Registration failures at cell edge XYZ402,PRACH occasion collision with co-channel DAS,Adjusted PRACH configuration index and root sequence,Closed,High
INC-2026-479,2026-05-20T18:00:00,XYZ403,rlf,RLF cluster after successful HO on XYZ403,Too-late HO — A3 offset insufficient for fast UE,Rebalanced UPF sessions and scaled pod count,Open,Critical
INC-2026-480,2026-05-21T02:00:00,XYZ404,throughput,DL speed below SLA on XYZ404,High DL BLER and rank-1 stuck — interferer on n77,Updated UDM subscription template,Closed,High
INC-2026-481,2026-05-21T12:00:00,XYZ402,core,PDU session release without RF anomaly XYZ402,AMF subscription profile missing DNN,Adjusted PRACH configuration index and root sequence,Closed,High
INC-2026-482,2026-05-21T19:00:00,XYZ406,rach,Registration failures at cell edge XYZ406,PRACH occasion collision with co-channel DAS,Retuned electrical tilt and enabled IRC,Closed,Medium
INC-2026-483,2026-05-22T03:00:00,XYZ406,handover,HO prep/exec failure spike neighbor sector XYZ406,Target cell barred due to transport alarm on F1,Restored F1 link and cleared cell barring,Closed,Medium
INC-2026-484,2026-05-22T06:00:00,XYZ401,call_drop,Voice drops during mobility on XYZ401,Missed Xn neighbor relation for inter-gNB HO,Updated UDM subscription template,Open,High
INC-2026-485,2026-05-22T14:00:00,XYZ404,throughput,DL speed below SLA on XYZ404,High DL BLER and rank-1 stuck — interferer on n77,Enabled QoS shaping and scheduled backhaul upgrade,Closed,Critical
INC-2026-486,2026-05-22T22:00:00,XYZ401,rlf,RLF cluster after successful HO on XYZ401,Too-late HO — A3 offset insufficient for fast UE,Reduced A3 offset and enabled time-to-trigger tuning,Closed,High
INC-2026-487,2026-05-23T03:00:00,XYZ402,core,PDU session release without RF anomaly XYZ402,AMF subscription profile missing DNN,Restored F1 link and cleared cell barring,Open,High
INC-2026-488,2026-05-23T14:00:00,XYZ401,throughput,DL speed below SLA on XYZ401,High DL BLER and rank-1 stuck — interferer on n77,Added neighbor relation and tuned HO margins,Open,Critical
INC-2026-489,2026-05-23T17:00:00,XYZ401,handover,HO prep/exec failure spike neighbor sector XYZ401,Target cell barred due to transport alarm on F1,Enabled QoS shaping and scheduled backhaul upgrade,In Progress,High
INC-2026-490,2026-05-23T23:00:00,XYZ408,core,PDU session release without RF anomaly XYZ408,AMF subscription profile missing DNN,Restored F1 link and cleared cell barring,Closed,Medium
INC-2026-491,2026-05-24T10:00:00,XYZ402,rach,Registration failures at cell edge XYZ402,PRACH occasion collision with co-channel DAS,Enabled QoS shaping and scheduled backhaul upgrade,Closed,High
INC-2026-492,2026-05-24T14:00:00,XYZ405,handover,HO prep/exec failure spike neighbor sector XYZ405,Target cell barred due to transport alarm on F1,Re-ran beam calibration procedure,Closed,Medium
INC-2026-493,2026-05-25T01:00:00,XYZ409,rlf,RLF cluster after successful HO on XYZ409,Too-late HO — A3 offset insufficient for fast UE,Rebalanced UPF sessions and scaled pod count,Closed,Low
INC-2026-494,2026-05-25T07:00:00,XYZ402,rach,Registration failures at cell edge XYZ402,PRACH occasion collision with co-channel DAS,Retuned electrical tilt and enabled IRC,Closed,High
INC-2026-495,2026-05-25T12:00:00,XYZ401,throughput,DL speed below SLA on XYZ401,High DL BLER and rank-1 stuck — interferer on n77,Added neighbor relation and tuned HO margins,Closed,Critical
INC-2026-496,2026-05-25T20:00:00,XYZ403,rlf,RLF cluster after successful HO on XYZ403,Too-late HO — A3 offset insufficient for fast UE,Adjusted PRACH configuration index and root sequence,Closed,Critical
INC-2026-497,2026-05-26T04:00:00,XYZ402,throughput,DL speed below SLA on XYZ402,High DL BLER and rank-1 stuck — interferer on n77,Reduced A3 offset and enabled time-to-trigger tuning,Closed,High
INC-2026-498,2026-05-26T12:00:00,XYZ404,throughput,DL speed below SLA on XYZ404,High DL BLER and rank-1 stuck — interferer on n77,Added neighbor relation and tuned HO margins,Closed,High
INC-2026-499,2026-05-26T14:00:00,XYZ401,beamforming,Beam failure ratio above threshold XYZ401,SSB beam weight drift after AAU firmware upgrade,Added neighbor relation and tuned HO margins,Open,High
INC-2026-500,2026-05-27T02:00:00,XYZ402,rach,Registration failures at cell edge XYZ402,PRACH occasion collision with co-channel DAS,Added neighbor relation and tuned HO margins,Open,High
INC-2026-501,2026-05-27T09:00:00,XYZ403,rlf,RLF cluster after successful HO on XYZ403,Too-late HO — A3 offset insufficient for fast UE,Re-ran beam calibration procedure,Closed,High
INC-2026-502,2026-05-27T12:00:00,XYZ407,mobility,Network issue on XYZ407,Under investigation,Updated UDM subscription template,Open,Medium
INC-2026-503,2026-05-27T22:00:00,XYZ404,beamforming,Beam failure ratio above threshold XYZ404,SSB beam weight drift after AAU firmware upgrade,Re-ran beam calibration procedure,Closed,High
INC-2026-504,2026-05-28T04:00:00,XYZ404,transport,N3 throughput cap during evening peak XYZ404,Backhaul link at high utilization on core switch,Adjusted PRACH configuration index and root sequence,Closed,High
INC-2026-505,2026-05-28T09:00:00,XYZ410,core,PDU session release without RF anomaly XYZ410,AMF subscription profile missing DNN,Retuned electrical tilt and enabled IRC,In Progress,Low
INC-2026-506,2026-05-28T19:00:00,XYZ409,latency,Video buffering on 5QI-9 during peak XYZ409,UPF cluster CPU saturation,Enabled QoS shaping and scheduled backhaul upgrade,Closed,Low
INC-2026-507,2026-05-29T00:00:00,XYZ401,call_drop,Voice drops during mobility on XYZ401,Missed Xn neighbor relation for inter-gNB HO,Enabled QoS shaping and scheduled backhaul upgrade,Closed,Critical
INC-2026-508,2026-05-29T09:00:00,XYZ410,latency,Video buffering on 5QI-9 during peak XYZ410,UPF cluster CPU saturation,Adjusted PRACH configuration index and root sequence,Closed,Low
INC-2026-509,2026-05-29T16:00:00,XYZ404,throughput,DL speed below SLA on XYZ404,High DL BLER and rank-1 stuck — interferer on n77,Updated UDM subscription template,Closed,High
INC-2026-510,2026-05-29T23:00:00,XYZ410,rach,Registration failures at cell edge XYZ410,PRACH occasion collision with co-channel DAS,Adjusted PRACH configuration index and root sequence,Closed,Low
INC-2026-511,2026-05-30T02:00:00,XYZ407,mobility,Network issue on XYZ407,Under investigation,Added neighbor relation and tuned HO margins,Closed,Medium
INC-2026-512,2026-05-30T14:00:00,XYZ404,throughput,DL speed below SLA on XYZ404,High DL BLER and rank-1 stuck — interferer on n77,Retuned electrical tilt and enabled IRC,Closed,Critical
INC-2026-513,2026-05-30T17:00:00,XYZ402,latency,Video buffering on 5QI-9 during peak XYZ402,UPF cluster CPU saturation,Reduced A3 offset and enabled time-to-trigger tuning,Closed,High
INC-2026-514,2026-05-31T03:00:00,XYZ401,transport,N3 throughput cap during evening peak XYZ401,Backhaul link at high utilization on core switch,Restored F1 link and cleared cell barring,Closed,Critical
INC-2026-515,2026-05-31T10:00:00,XYZ407,mobility,Network issue on XYZ407,Under investigation,Re-ran beam calibration procedure,Closed,Medium
INC-2026-516,2026-05-31T15:00:00,XYZ406,handover,HO prep/exec failure spike neighbor sector XYZ406,Target cell barred due to transport alarm on F1,Reduced A3 offset and enabled time-to-trigger tuning,Closed,Medium
INC-2026-517,2026-05-31T22:00:00,XYZ402,latency,Video buffering on 5QI-9 during peak XYZ402,UPF cluster CPU saturation,Adjusted PRACH configuration index and root sequence,In Progress,High
INC-2026-518,2026-06-01T07:00:00,XYZ403,rlf,RLF cluster after successful HO on XYZ403,Too-late HO — A3 offset insufficient for fast UE,Enabled QoS shaping and scheduled backhaul upgrade,Closed,High
INC-2026-519,2026-06-01T15:00:00,XYZ409,beamforming,Beam failure ratio above threshold XYZ409,SSB beam weight drift after AAU firmware upgrade,Adjusted PRACH configuration index and root sequence,Closed,Low
INC-2026-520,2026-06-01T18:00:00,XYZ401,call_drop,Voice drops during mobility on XYZ401,Missed Xn neighbor relation for inter-gNB HO,Updated UDM subscription template,Closed,Critical
INC-2026-521,2026-06-02T03:00:00,XYZ403,rlf,RLF cluster after successful HO on XYZ403,Too-late HO — A3 offset insufficient for fast UE,Retuned electrical tilt and enabled IRC,Closed,High
INC-2026-522,2026-06-02T12:00:00,XYZ405,handover,HO prep/exec failure spike neighbor sector XYZ405,Target cell barred due to transport alarm on F1,Re-ran beam calibration procedure,Closed,Medium
INC-2026-523,2026-06-02T16:00:00,XYZ410,latency,Video buffering on 5QI-9 during peak XYZ410,UPF cluster CPU saturation,Re-ran beam calibration procedure,Closed,Low
INC-2026-524,2026-06-03T01:00:00,XYZ402,rach,Registration failures at cell edge XYZ402,PRACH occasion collision with co-channel DAS,Reduced A3 offset and enabled time-to-trigger tuning,Closed,High
INC-2026-525,2026-06-03T05:00:00,XYZ405,handover,HO prep/exec failure spike neighbor sector XYZ405,Target cell barred due to transport alarm on F1,Restored F1 link and cleared cell barring,Closed,Medium
INC-2026-526,2026-06-03T11:00:00,XYZ401,call_drop,Voice drops during mobility on XYZ401,Missed Xn neighbor relation for inter-gNB HO,Updated UDM subscription template,Closed,Critical
INC-2026-527,2026-06-03T19:00:00,XYZ402,latency,Video buffering on 5QI-9 during peak XYZ402,UPF cluster CPU saturation,Re-ran beam calibration procedure,Closed,Critical
INC-2026-528,2026-06-04T05:00:00,XYZ410,transport,N3 throughput cap during evening peak XYZ410,Backhaul link at high utilization on core switch,Added neighbor relation and tuned HO margins,Closed,Low
INC-2026-529,2026-06-04T13:00:00,XYZ405,rlf,RLF cluster after successful HO on XYZ405,Too-late HO — A3 offset insufficient for fast UE,Reduced A3 offset and enabled time-to-trigger tuning,Closed,Medium
INC-2026-530,2026-06-04T20:00:00,XYZ410,rach,Registration failures at cell edge XYZ410,PRACH occasion collision with co-channel DAS,Retuned electrical tilt and enabled IRC,Closed,Low
INC-2026-531,2026-06-05T01:00:00,XYZ403,handover,HO prep/exec failure spike neighbor sector XYZ403,Target cell barred due to transport alarm on F1,Retuned electrical tilt and enabled IRC,Closed,High
INC-2026-532,2026-06-05T10:00:00,XYZ401,rach,Registration failures at cell edge XYZ401,PRACH occasion collision with co-channel DAS,Updated UDM subscription template,Closed,High
INC-2026-533,2026-06-05T12:00:00,XYZ403,rlf,RLF cluster after successful HO on XYZ403,Too-late HO — A3 offset insufficient for fast UE,Reduced A3 offset and enabled time-to-trigger tuning,Closed,High
INC-2026-534,2026-06-05T23:00:00,XYZ405,beamforming,Beam failure ratio above threshold XYZ405,SSB beam weight drift after AAU firmware upgrade,Adjusted PRACH configuration index and root sequence,In Progress,Medium
INC-2026-535,2026-06-06T04:00:00,XYZ410,rach,Registration failures at cell edge XYZ410,PRACH occasion collision with co-channel DAS,Retuned electrical tilt and enabled IRC,Closed,Low
INC-2026-536,2026-06-06T10:00:00,XYZ402,rach,Registration failures at cell edge XYZ402,PRACH occasion collision with co-channel DAS,Adjusted PRACH configuration index and root sequence,In Progress,High
INC-2026-537,2026-06-06T20:00:00,XYZ405,rach,Registration failures at cell edge XYZ405,PRACH occasion collision with co-channel DAS,Reduced A3 offset and enabled time-to-trigger tuning,Closed,Medium
INC-2026-538,2026-06-07T00:00:00,XYZ404,throughput,DL speed below SLA on XYZ404,High DL BLER and rank-1 stuck — interferer on n77,Retuned electrical tilt and enabled IRC,Closed,High
INC-2026-539,2026-06-07T07:00:00,XYZ403,rlf,RLF cluster after successful HO on XYZ403,Too-late HO — A3 offset insufficient for fast UE,Re-ran beam calibration procedure,Closed,High
INC-2026-540,2026-06-07T14:00:00,XYZ402,rach,Registration failures at cell edge XYZ402,PRACH occasion collision with co-channel DAS,Updated UDM subscription template,Closed,High
INC-2026-541,2026-06-08T00:00:00,XYZ403,rlf,RLF cluster after successful HO on XYZ403,Too-late HO — A3 offset insufficient for fast UE,Restored F1 link and cleared cell barring,Closed,High
INC-2026-542,2026-06-08T06:00:00,XYZ402,rach,Registration failures at cell edge XYZ402,PRACH occasion collision with co-channel DAS,Enabled QoS shaping and scheduled backhaul upgrade,Closed,Critical
INC-2026-543,2026-06-08T10:00:00,XYZ404,throughput,DL speed below SLA on XYZ404,High DL BLER and rank-1 stuck — interferer on n77,Added neighbor relation and tuned HO margins,Closed,High
INC-2026-544,2026-06-08T22:00:00,XYZ403,rlf,RLF cluster after successful HO on XYZ403,Too-late HO — A3 offset insufficient for fast UE,Adjusted PRACH configuration index and root sequence,Closed,Critical
INC-2026-545,2026-06-09T04:00:00,XYZ403,rlf,RLF cluster after successful HO on XYZ403,Too-late HO — A3 offset insufficient for fast UE,Rebalanced UPF sessions and scaled pod count,Closed,High
INC-2026-546,2026-06-09T12:00:00,XYZ409,rach,Registration failures at cell edge XYZ409,PRACH occasion collision with co-channel DAS,Updated UDM subscription template,Closed,Low
INC-2026-547,2026-06-09T15:00:00,XYZ404,throughput,DL speed below SLA on XYZ404,High DL BLER and rank-1 stuck — interferer on n77,Rebalanced UPF sessions and scaled pod count,Closed,High
INC-2026-548,2026-06-09T22:00:00,XYZ403,rlf,RLF cluster after successful HO on XYZ403,Too-late HO — A3 offset insufficient for fast UE,Re-ran beam calibration procedure,Closed,High
INC-2026-549,2026-06-10T08:00:00,XYZ401,call_drop,Voice drops during mobility on XYZ401,Missed Xn neighbor relation for inter-gNB HO,Updated UDM subscription template,Closed,High
INC-2026-550,2026-06-10T14:00:00,XYZ407,mobility,Network issue on XYZ407,Under investigation,Re-ran beam calibration procedure,Closed,Medium
INC-2026-551,2026-06-10T23:00:00,XYZ402,core,PDU session release without RF anomaly XYZ402,AMF subscription profile missing DNN,Retuned electrical tilt and enabled IRC,Closed,High
INC-2026-552,2026-06-11T03:00:00,XYZ404,throughput,DL speed below SLA on XYZ404,High DL BLER and rank-1 stuck — interferer on n77,Restored F1 link and cleared cell barring,Closed,High
INC-2026-553,2026-06-11T08:00:00,XYZ401,handover,HO prep/exec failure spike neighbor sector XYZ401,Target cell barred due to transport alarm on F1,Reduced A3 offset and enabled time-to-trigger tuning,Closed,High
INC-2026-554,2026-06-11T16:00:00,XYZ401,call_drop,Voice drops during mobility on XYZ401,Missed Xn neighbor relation for inter-gNB HO,Retuned electrical tilt and enabled IRC,Closed,High
INC-2026-555,2026-06-11T23:00:00,XYZ401,call_drop,Voice drops during mobility on XYZ401,Missed Xn neighbor relation for inter-gNB HO,Rebalanced UPF sessions and scaled pod count,Closed,High
INC-2026-556,2026-06-12T09:00:00,XYZ408,rlf,RLF cluster after successful HO on XYZ408,Too-late HO — A3 offset insufficient for fast UE,Enabled QoS shaping and scheduled backhaul upgrade,Closed,Medium
INC-2026-557,2026-06-12T16:00:00,XYZ402,rach,Registration failures at cell edge XYZ402,PRACH occasion collision with co-channel DAS,Adjusted PRACH configuration index and root sequence,Closed,High
INC-2026-558,2026-06-12T21:00:00,XYZ405,handover,HO prep/exec failure spike neighbor sector XYZ405,Target cell barred due to transport alarm on F1,Enabled QoS shaping and scheduled backhaul upgrade,Closed,Medium
INC-2026-559,2026-06-13T04:00:00,XYZ402,rach,Registration failures at cell edge XYZ402,PRACH occasion collision with co-channel DAS,Adjusted PRACH configuration index and root sequence,In Progress,High
INC-2026-560,2026-06-13T10:00:00,XYZ403,rlf,RLF cluster after successful HO on XYZ403,Too-late HO — A3 offset insufficient for fast UE,Restored F1 link and cleared cell barring,Closed,High
INC-2026-561,2026-06-13T18:00:00,XYZ402,rach,Registration failures at cell edge XYZ402,PRACH occasion collision with co-channel DAS,Enabled QoS shaping and scheduled backhaul upgrade,Closed,High
INC-2026-562,2026-06-14T03:00:00,XYZ401,call_drop,Voice drops during mobility on XYZ401,Missed Xn neighbor relation for inter-gNB HO,Re-ran beam calibration procedure,Open,Critical
INC-2026-563,2026-06-14T07:00:00,XYZ403,rlf,RLF cluster after successful HO on XYZ403,Too-late HO — A3 offset insufficient for fast UE,Rebalanced UPF sessions and scaled pod count,Open,High
INC-2026-564,2026-06-14T14:00:00,XYZ402,rach,Registration failures at cell edge XYZ402,PRACH occasion collision with co-channel DAS,Restored F1 link and cleared cell barring,Closed,High
INC-2026-565,2026-06-14T23:00:00,XYZ404,throughput,DL speed below SLA on XYZ404,High DL BLER and rank-1 stuck — interferer on n77,Reduced A3 offset and enabled time-to-trigger tuning,Closed,High
INC-2026-566,2026-06-15T07:00:00,XYZ403,rlf,RLF cluster after successful HO on XYZ403,Too-late HO — A3 offset insufficient for fast UE,Added neighbor relation and tuned HO margins,Closed,High
INC-2026-567,2026-06-15T14:00:00,XYZ404,throughput,DL speed below SLA on XYZ404,High DL BLER and rank-1 stuck — interferer on n77,Retuned electrical tilt and enabled IRC,Closed,High
INC-2026-568,2026-06-15T20:00:00,XYZ405,handover,HO prep/exec failure spike neighbor sector XYZ405,Target cell barred due to transport alarm on F1,Rebalanced UPF sessions and scaled pod count,Closed,Critical
INC-2026-569,2026-06-16T03:00:00,XYZ403,rlf,RLF cluster after successful HO on XYZ403,Too-late HO — A3 offset insufficient for fast UE,Rebalanced UPF sessions and scaled pod count,Closed,High
INC-2026-570,2026-06-16T10:00:00,XYZ410,call_drop,Voice drops during mobility on XYZ410,Missed Xn neighbor relation for inter-gNB HO,Updated UDM subscription template,Open,Low
INC-2026-571,2026-06-16T16:00:00,XYZ403,rach,Registration failures at cell edge XYZ403,PRACH occasion collision with co-channel DAS,Restored F1 link and cleared cell barring,In Progress,High
INC-2026-572,2026-06-16T23:00:00,XYZ402,rach,Registration failures at cell edge XYZ402,PRACH occasion collision with co-channel DAS,Reduced A3 offset and enabled time-to-trigger tuning,Closed,High
INC-2026-573,2026-06-17T05:00:00,XYZ404,throughput,DL speed below SLA on XYZ404,High DL BLER and rank-1 stuck — interferer on n77,Retuned electrical tilt and enabled IRC,In Progress,Critical
INC-2026-574,2026-06-17T15:00:00,XYZ401,call_drop,Voice drops during mobility on XYZ401,Missed Xn neighbor relation for inter-gNB HO,Restored F1 link and cleared cell barring,Closed,High
INC-2026-575,2026-06-17T19:00:00,XYZ404,throughput,DL speed below SLA on XYZ404,High DL BLER and rank-1 stuck — interferer on n77,Restored F1 link and cleared cell barring,Closed,High
INC-2026-576,2026-06-18T04:00:00,XYZ409,call_drop,Voice drops during mobility on XYZ409,Missed Xn neighbor relation for inter-gNB HO,Restored F1 link and cleared cell barring,Closed,Critical
INC-2026-577,2026-06-18T13:00:00,XYZ401,rlf,RLF cluster after successful HO on XYZ401,Too-late HO — A3 offset insufficient for fast UE,Reduced A3 offset and enabled time-to-trigger tuning,In Progress,High
INC-2026-578,2026-06-18T20:00:00,XYZ405,beamforming,Beam failure ratio above threshold XYZ405,SSB beam weight drift after AAU firmware upgrade,Restored F1 link and cleared cell barring,Closed,Medium
INC-2026-579,2026-06-19T01:00:00,XYZ408,rlf,RLF cluster after successful HO on XYZ408,Too-late HO — A3 offset insufficient for fast UE,Rebalanced UPF sessions and scaled pod count,Closed,Medium
INC-2026-580,2026-06-19T09:00:00,XYZ404,throughput,DL speed below SLA on XYZ404,High DL BLER and rank-1 stuck — interferer on n77,Re-ran beam calibration procedure,In Progress,High
INC-2026-581,2026-06-19T14:00:00,XYZ407,mobility,Network issue on XYZ407,Under investigation,Updated UDM subscription template,Closed,Medium
INC-2026-582,2026-06-19T19:00:00,XYZ402,core,PDU session release without RF anomaly XYZ402,AMF subscription profile missing DNN,Rebalanced UPF sessions and scaled pod count,Closed,High
INC-2026-583,2026-06-20T07:00:00,XYZ403,rlf,RLF cluster after successful HO on XYZ403,Too-late HO — A3 offset insufficient for fast UE,Updated UDM subscription template,Closed,High
INC-2026-584,2026-06-20T10:00:00,XYZ403,rlf,RLF cluster after successful HO on XYZ403,Too-late HO — A3 offset insufficient for fast UE,Reduced A3 offset and enabled time-to-trigger tuning,Closed,High
INC-2026-585,2026-06-20T19:00:00,XYZ408,core,PDU session release without RF anomaly XYZ408,AMF subscription profile missing DNN,Adjusted PRACH configuration index and root sequence,Closed,Medium
INC-2026-586,2026-06-21T04:00:00,XYZ402,rach,Registration failures at cell edge XYZ402,PRACH occasion collision with co-channel DAS,Restored F1 link and cleared cell barring,Closed,High
INC-2026-587,2026-06-21T07:00:00,XYZ408,core,PDU session release without RF anomaly XYZ408,AMF subscription profile missing DNN,Enabled QoS shaping and scheduled backhaul upgrade,Closed,Medium
INC-2026-588,2026-06-21T18:00:00,XYZ402,rach,Registration failures at cell edge XYZ402,PRACH occasion collision with co-channel DAS,Reduced A3 offset and enabled time-to-trigger tuning,Closed,High
INC-2026-589,2026-06-22T00:00:00,XYZ401,call_drop,Voice drops during mobility on XYZ401,Missed Xn neighbor relation for inter-gNB HO,Retuned electrical tilt and enabled IRC,Closed,High
INC-2026-590,2026-06-22T07:00:00,XYZ403,rlf,RLF cluster after successful HO on XYZ403,Too-late HO — A3 offset insufficient for fast UE,Enabled QoS shaping and scheduled backhaul upgrade,Closed,High
INC-2026-591,2026-06-22T10:00:00,XYZ404,throughput,DL speed below SLA on XYZ404,High DL BLER and rank-1 stuck — interferer on n77,Adjusted PRACH configuration index and root sequence,Closed,High
INC-2026-592,2026-06-22T21:00:00,XYZ402,rach,Registration failures at cell edge XYZ402,PRACH occasion collision with co-channel DAS,Re-ran beam calibration procedure,Closed,Critical
INC-2026-593,2026-06-23T01:00:00,XYZ410,rlf,RLF cluster after successful HO on XYZ410,Too-late HO — A3 offset insufficient for fast UE,Enabled QoS shaping and scheduled backhaul upgrade,Closed,Low
INC-2026-594,2026-06-23T11:00:00,XYZ402,rach,Registration failures at cell edge XYZ402,PRACH occasion collision with co-channel DAS,Re-ran beam calibration procedure,Closed,Critical
INC-2026-595,2026-06-23T18:00:00,XYZ403,call_drop,Voice drops during mobility on XYZ403,Missed Xn neighbor relation for inter-gNB HO,Restored F1 link and cleared cell barring,Closed,High
INC-2026-596,2026-06-23T23:00:00,XYZ406,handover,HO prep/exec failure spike neighbor sector XYZ406,Target cell barred due to transport alarm on F1,Updated UDM subscription template,Closed,Medium
INC-2026-597,2026-06-24T05:00:00,XYZ402,rach,Registration failures at cell edge XYZ402,PRACH occasion collision with co-channel DAS,Re-ran beam calibration procedure,Closed,High
INC-2026-598,2026-06-24T14:00:00,XYZ404,throughput,DL speed below SLA on XYZ404,High DL BLER and rank-1 stuck — interferer on n77,Added neighbor relation and tuned HO margins,In Progress,High
INC-2026-599,2026-06-24T23:00:00,XYZ410,call_drop,Voice drops during mobility on XYZ410,Missed Xn neighbor relation for inter-gNB HO,Added neighbor relation and tuned HO margins,Open,Low
INC-2026-600,2026-06-25T06:00:00,XYZ404,throughput,DL speed below SLA on XYZ404,High DL BLER and rank-1 stuck — interferer on n77,Updated UDM subscription template,Closed,High
INC-2026-601,2026-06-25T10:00:00,XYZ403,rlf,RLF cluster after successful HO on XYZ403,Too-late HO — A3 offset insufficient for fast UE,Reduced A3 offset and enabled time-to-trigger tuning,Closed,High
INC-2026-602,2026-06-25T19:00:00,XYZ404,rlf,RLF cluster after successful HO on XYZ404,Too-late HO — A3 offset insufficient for fast UE,Added neighbor relation and tuned HO margins,Closed,High
INC-2026-603,2026-06-26T01:00:00,XYZ402,rach,Registration failures at cell edge XYZ402,PRACH occasion collision with co-channel DAS,Adjusted PRACH configuration index and root sequence,Closed,High
INC-2026-604,2026-06-26T10:00:00,XYZ408,core,PDU session release without RF anomaly XYZ408,AMF subscription profile missing DNN,Reduced A3 offset and enabled time-to-trigger tuning,Closed,Medium
INC-2026-605,2026-06-26T12:00:00,XYZ401,call_drop,Voice drops during mobility on XYZ401,Missed Xn neighbor relation for inter-gNB HO,Updated UDM subscription template,Closed,High
INC-2026-606,2026-06-26T20:00:00,XYZ401,call_drop,Voice drops during mobility on XYZ401,Missed Xn neighbor relation for inter-gNB HO,Reduced A3 offset and enabled time-to-trigger tuning,Closed,High
INC-2026-607,2026-06-27T07:00:00,XYZ406,handover,HO prep/exec failure spike neighbor sector XYZ406,Target cell barred due to transport alarm on F1,Enabled QoS shaping and scheduled backhaul upgrade,Closed,Critical
INC-2026-608,2026-06-27T11:00:00,XYZ404,throughput,DL speed below SLA on XYZ404,High DL BLER and rank-1 stuck — interferer on n77,Adjusted PRACH configuration index and root sequence,In Progress,Critical
INC-2026-609,2026-06-27T19:00:00,XYZ402,rach,Registration failures at cell edge XYZ402,PRACH occasion collision with co-channel DAS,Enabled QoS shaping and scheduled backhaul upgrade,Closed,High
INC-2026-610,2026-06-28T00:00:00,XYZ402,rach,Registration failures at cell edge XYZ402,PRACH occasion collision with co-channel DAS,Restored F1 link and cleared cell barring,Closed,High
INC-2026-611,2026-06-28T09:00:00,XYZ403,rach,Registration failures at cell edge XYZ403,PRACH occasion collision with co-channel DAS,Rebalanced UPF sessions and scaled pod count,Closed,High
INC-2026-612,2026-06-28T16:00:00,XYZ409,beamforming,Beam failure ratio above threshold XYZ409,SSB beam weight drift after AAU firmware upgrade,Restored F1 link and cleared cell barring,Closed,Critical
INC-2026-613,2026-06-28T22:00:00,XYZ407,handover,HO prep/exec failure spike neighbor sector XYZ407,Target cell barred due to transport alarm on F1,Updated UDM subscription template,Open,Medium
INC-2026-614,2026-06-29T04:00:00,XYZ401,call_drop,Voice drops during mobility on XYZ401,Missed Xn neighbor relation for inter-gNB HO,Enabled QoS shaping and scheduled backhaul upgrade,Open,High
INC-2026-615,2026-06-29T11:00:00,XYZ406,handover,HO prep/exec failure spike neighbor sector XYZ406,Target cell barred due to transport alarm on F1,Rebalanced UPF sessions and scaled pod count,Closed,Medium
INC-2026-616,2026-06-29T21:00:00,XYZ403,rlf,RLF cluster after successful HO on XYZ403,Too-late HO — A3 offset insufficient for fast UE,Reduced A3 offset and enabled time-to-trigger tuning,Closed,High
INC-2026-617,2026-06-30T05:00:00,XYZ402,rach,Registration failures at cell edge XYZ402,PRACH occasion collision with co-channel DAS,Reduced A3 offset and enabled time-to-trigger tuning,In Progress,High
INC-2026-618,2026-06-30T07:00:00,XYZ407,mobility,Network issue on XYZ407,Under investigation,Enabled QoS shaping and scheduled backhaul upgrade,Closed,Medium
INC-2026-619,2026-06-30T14:00:00,XYZ410,throughput,DL speed below SLA on XYZ410,High DL BLER and rank-1 stuck — interferer on n77,Reduced A3 offset and enabled time-to-trigger tuning,In Progress,Critical
INC-2026-620,2026-06-30T22:00:00,XYZ404,throughput,DL speed below SLA on XYZ404,High DL BLER and rank-1 stuck — interferer on n77,Re-ran beam calibration procedure,Closed,High
INC-2026-621,2026-07-01T08:00:00,XYZ403,throughput,DL speed below SLA on XYZ403,High DL BLER and rank-1 stuck — interferer on n77,Updated UDM subscription template,Closed,High
INC-2026-622,2026-07-01T13:00:00,XYZ407,mobility,Network issue on XYZ407,Under investigation,Rebalanced UPF sessions and scaled pod count,Closed,Critical
INC-2026-623,2026-07-01T18:00:00,XYZ402,rach,Registration failures at cell edge XYZ402,PRACH occasion collision with co-channel DAS,Reduced A3 offset and enabled time-to-trigger tuning,Closed,High
INC-2026-624,2026-07-02T04:00:00,XYZ408,core,PDU session release without RF anomaly XYZ408,AMF subscription profile missing DNN,Enabled QoS shaping and scheduled backhaul upgrade,Closed,Medium
INC-2026-625,2026-07-02T12:00:00,XYZ408,core,PDU session release without RF anomaly XYZ408,AMF subscription profile missing DNN,Adjusted PRACH configuration index and root sequence,Closed,Medium
INC-2026-626,2026-07-02T19:00:00,XYZ405,handover,HO prep/exec failure spike neighbor sector XYZ405,Target cell barred due to transport alarm on F1,Enabled QoS shaping and scheduled backhaul upgrade,Closed,Medium
INC-2026-627,2026-07-02T22:00:00,XYZ403,rlf,RLF cluster after successful HO on XYZ403,Too-late HO — A3 offset insufficient for fast UE,Updated UDM subscription template,Closed,High
INC-2026-628,2026-07-03T10:00:00,XYZ401,call_drop,Voice drops during mobility on XYZ401,Missed Xn neighbor relation for inter-gNB HO,Adjusted PRACH configuration index and root sequence,Closed,High
INC-2026-629,2026-07-03T16:00:00,XYZ401,call_drop,Voice drops during mobility on XYZ401,Missed Xn neighbor relation for inter-gNB HO,Re-ran beam calibration procedure,Open,Critical
INC-2026-630,2026-07-03T21:00:00,XYZ401,latency,Video buffering on 5QI-9 during peak XYZ401,UPF cluster CPU saturation,Reduced A3 offset and enabled time-to-trigger tuning,Closed,High
INC-2026-631,2026-07-04T03:00:00,XYZ405,transport,N3 throughput cap during evening peak XYZ405,Backhaul link at high utilization on core switch,Added neighbor relation and tuned HO margins,Closed,Medium
INC-2026-632,2026-07-04T14:00:00,XYZ404,handover,HO prep/exec failure spike neighbor sector XYZ404,Target cell barred due to transport alarm on F1,Rebalanced UPF sessions and scaled pod count,Closed,High
INC-2026-633,2026-07-04T19:00:00,XYZ405,core,PDU session release without RF anomaly XYZ405,AMF subscription profile missing DNN,Updated UDM subscription template,Closed,Medium
INC-2026-634,2026-07-05T00:00:00,XYZ403,rlf,RLF cluster after successful HO on XYZ403,Too-late HO — A3 offset insufficient for fast UE,Re-ran beam calibration procedure,Closed,High
INC-2026-635,2026-07-05T08:00:00,XYZ404,throughput,DL speed below SLA on XYZ404,High DL BLER and rank-1 stuck — interferer on n77,Updated UDM subscription template,Closed,High
INC-2026-636,2026-07-05T14:00:00,XYZ405,handover,HO prep/exec failure spike neighbor sector XYZ405,Target cell barred due to transport alarm on F1,Retuned electrical tilt and enabled IRC,Closed,Medium
INC-2026-637,2026-07-06T01:00:00,XYZ403,transport,N3 throughput cap during evening peak XYZ403,Backhaul link at high utilization on core switch,Updated UDM subscription template,Closed,High
INC-2026-638,2026-07-06T08:00:00,XYZ401,call_drop,Voice drops during mobility on XYZ401,Missed Xn neighbor relation for inter-gNB HO,Re-ran beam calibration procedure,Closed,High
INC-2026-639,2026-07-06T14:00:00,XYZ403,latency,Video buffering on 5QI-9 during peak XYZ403,UPF cluster CPU saturation,Re-ran beam calibration procedure,Closed,Critical
INC-2026-640,2026-07-06T17:00:00,XYZ403,latency,Video buffering on 5QI-9 during peak XYZ403,UPF cluster CPU saturation,Rebalanced UPF sessions and scaled pod count,In Progress,Critical
INC-2026-641,2026-07-07T05:00:00,XYZ401,call_drop,Voice drops during mobility on XYZ401,Missed Xn neighbor relation for inter-gNB HO,Re-ran beam calibration procedure,Closed,High
INC-2026-642,2026-07-07T11:00:00,XYZ410,throughput,DL speed below SLA on XYZ410,High DL BLER and rank-1 stuck — interferer on n77,Re-ran beam calibration procedure,Closed,Critical
INC-2026-643,2026-07-07T14:00:00,XYZ402,rach,Registration failures at cell edge XYZ402,PRACH occasion collision with co-channel DAS,Enabled QoS shaping and scheduled backhaul upgrade,Closed,High
INC-2026-644,2026-07-07T22:00:00,XYZ404,rlf,RLF cluster after successful HO on XYZ404,Too-late HO — A3 offset insufficient for fast UE,Rebalanced UPF sessions and scaled pod count,Closed,High
INC-2026-645,2026-07-08T05:00:00,XYZ403,handover,HO prep/exec failure spike neighbor sector XYZ403,Target cell barred due to transport alarm on F1,Adjusted PRACH configuration index and root sequence,Closed,High
INC-2026-646,2026-07-08T13:00:00,XYZ404,beamforming,Beam failure ratio above threshold XYZ404,SSB beam weight drift after AAU firmware upgrade,Rebalanced UPF sessions and scaled pod count,Closed,High
INC-2026-647,2026-07-08T23:00:00,XYZ410,rlf,RLF cluster after successful HO on XYZ410,Too-late HO — A3 offset insufficient for fast UE,Retuned electrical tilt and enabled IRC,Closed,Low
INC-2026-648,2026-07-09T03:00:00,XYZ407,core,PDU session release without RF anomaly XYZ407,AMF subscription profile missing DNN,Updated UDM subscription template,Closed,Critical
INC-2026-649,2026-07-09T09:00:00,XYZ401,call_drop,Voice drops during mobility on XYZ401,Missed Xn neighbor relation for inter-gNB HO,Restored F1 link and cleared cell barring,Closed,Critical
INC-2026-650,2026-07-09T19:00:00,XYZ402,rach,Registration failures at cell edge XYZ402,PRACH occasion collision with co-channel DAS,Reduced A3 offset and enabled time-to-trigger tuning,Closed,Critical
INC-2026-651,2026-07-10T00:00:00,XYZ403,beamforming,Beam failure ratio above threshold XYZ403,SSB beam weight drift after AAU firmware upgrade,Reduced A3 offset and enabled time-to-trigger tuning,In Progress,High
INC-2026-652,2026-07-10T07:00:00,XYZ408,core,PDU session release without RF anomaly XYZ408,AMF subscription profile missing DNN,Updated UDM subscription template,Closed,Critical
INC-2026-653,2026-07-10T14:00:00,XYZ403,latency,Video buffering on 5QI-9 during peak XYZ403,UPF cluster CPU saturation,Retuned electrical tilt and enabled IRC,Closed,High
INC-2026-654,2026-07-10T21:00:00,XYZ409,handover,HO prep/exec failure spike neighbor sector XYZ409,Target cell barred due to transport alarm on F1,Rebalanced UPF sessions and scaled pod count,Closed,Low
INC-2026-655,2026-07-11T03:00:00,XYZ402,core,PDU session release without RF anomaly XYZ402,AMF subscription profile missing DNN,Rebalanced UPF sessions and scaled pod count,Open,High
INC-2026-656,2026-07-11T10:00:00,XYZ402,rach,Registration failures at cell edge XYZ402,PRACH occasion collision with co-channel DAS,Added neighbor relation and tuned HO margins,Open,High
INC-2026-657,2026-07-11T17:00:00,XYZ408,rach,Registration failures at cell edge XYZ408,PRACH occasion collision with co-channel DAS,Restored F1 link and cleared cell barring,Closed,Critical
INC-2026-658,2026-07-12T04:00:00,XYZ403,rlf,RLF cluster after successful HO on XYZ403,Too-late HO — A3 offset insufficient for fast UE,Re-ran beam calibration procedure,Closed,High
INC-2026-659,2026-07-12T10:00:00,XYZ408,core,PDU session release without RF anomaly XYZ408,AMF subscription profile missing DNN,Rebalanced UPF sessions and scaled pod count,Closed,Medium
INC-2026-660,2026-07-12T14:00:00,XYZ407,mobility,Network issue on XYZ407,Under investigation,Updated UDM subscription template,Closed,Medium
INC-2026-661,2026-07-12T21:00:00,XYZ403,rlf,RLF cluster after successful HO on XYZ403,Too-late HO — A3 offset insufficient for fast UE,Adjusted PRACH configuration index and root sequence,Closed,High
INC-2026-662,2026-07-13T06:00:00,XYZ406,transport,N3 throughput cap during evening peak XYZ406,Backhaul link at high utilization on core switch,Restored F1 link and cleared cell barring,Closed,Medium
INC-2026-663,2026-07-13T14:00:00,XYZ406,handover,HO prep/exec failure spike neighbor sector XYZ406,Target cell barred due to transport alarm on F1,Updated UDM subscription template,Closed,Medium
INC-2026-664,2026-07-13T20:00:00,XYZ403,rlf,RLF cluster after successful HO on XYZ403,Too-late HO — A3 offset insufficient for fast UE,Enabled QoS shaping and scheduled backhaul upgrade,Closed,High
INC-2026-665,2026-07-14T02:00:00,XYZ401,rlf,RLF cluster after successful HO on XYZ401,Too-late HO — A3 offset insufficient for fast UE,Updated UDM subscription template,Closed,High
INC-2026-666,2026-07-14T07:00:00,XYZ404,throughput,DL speed below SLA on XYZ404,High DL BLER and rank-1 stuck — interferer on n77,Adjusted PRACH configuration index and root sequence,Closed,High
INC-2026-667,2026-07-14T18:00:00,XYZ405,throughput,DL speed below SLA on XYZ405,High DL BLER and rank-1 stuck — interferer on n77,Restored F1 link and cleared cell barring,Closed,Medium
INC-2026-668,2026-07-15T01:00:00,XYZ403,rlf,RLF cluster after successful HO on XYZ403,Too-late HO — A3 offset insufficient for fast UE,Restored F1 link and cleared cell barring,Closed,High
INC-2026-669,2026-07-15T05:00:00,XYZ402,rlf,RLF cluster after successful HO on XYZ402,Too-late HO — A3 offset insufficient for fast UE,Enabled QoS shaping and scheduled backhaul upgrade,Open,High
INC-2026-670,2026-07-15T11:00:00,XYZ401,rach,Registration failures at cell edge XYZ401,PRACH occasion collision with co-channel DAS,Added neighbor relation and tuned HO margins,Closed,High
INC-2026-671,2026-07-15T23:00:00,XYZ401,core,PDU session release without RF anomaly XYZ401,AMF subscription profile missing DNN,Re-ran beam calibration procedure,Closed,High
INC-2026-672,2026-07-16T05:00:00,XYZ403,rach,Registration failures at cell edge XYZ403,PRACH occasion collision with co-channel DAS,Rebalanced UPF sessions and scaled pod count,In Progress,High
INC-2026-673,2026-07-16T11:00:00,XYZ403,rlf,RLF cluster after successful HO on XYZ403,Too-late HO — A3 offset insufficient for fast UE,Enabled QoS shaping and scheduled backhaul upgrade,Closed,High
INC-2026-674,2026-07-16T20:00:00,XYZ405,handover,HO prep/exec failure spike neighbor sector XYZ405,Target cell barred due to transport alarm on F1,Restored F1 link and cleared cell barring,Closed,Medium
INC-2026-675,2026-07-16T23:00:00,XYZ404,rlf,RLF cluster after successful HO on XYZ404,Too-late HO — A3 offset insufficient for fast UE,Enabled QoS shaping and scheduled backhaul upgrade,Closed,High
INC-2026-676,2026-07-17T09:00:00,XYZ401,rlf,RLF cluster after successful HO on XYZ401,Too-late HO — A3 offset insufficient for fast UE,Restored F1 link and cleared cell barring,Closed,High
INC-2026-677,2026-07-17T16:00:00,XYZ403,rlf,RLF cluster after successful HO on XYZ403,Too-late HO — A3 offset insufficient for fast UE,Updated UDM subscription template,Closed,High
INC-2026-678,2026-07-17T20:00:00,XYZ402,rach,Registration failures at cell edge XYZ402,PRACH occasion collision with co-channel DAS,Restored F1 link and cleared cell barring,In Progress,High
INC-2026-679,2026-07-18T05:00:00,XYZ402,rach,Registration failures at cell edge XYZ402,PRACH occasion collision with co-channel DAS,Restored F1 link and cleared cell barring,Closed,High
INC-2026-680,2026-07-18T09:00:00,XYZ401,rach,Registration failures at cell edge XYZ401,PRACH occasion collision with co-channel DAS,Re-ran beam calibration procedure,Closed,High
INC-2026-681,2026-07-18T18:00:00,XYZ406,rach,Registration failures at cell edge XYZ406,PRACH occasion collision with co-channel DAS,Restored F1 link and cleared cell barring,Open,Medium
INC-2026-682,2026-07-19T03:00:00,XYZ403,beamforming,Beam failure ratio above threshold XYZ403,SSB beam weight drift after AAU firmware upgrade,Restored F1 link and cleared cell barring,In Progress,High
INC-2026-683,2026-07-19T09:00:00,XYZ404,call_drop,Voice drops during mobility on XYZ404,Missed Xn neighbor relation for inter-gNB HO,Rebalanced UPF sessions and scaled pod count,Closed,High
INC-2026-684,2026-07-19T13:00:00,XYZ404,throughput,DL speed below SLA on XYZ404,High DL BLER and rank-1 stuck — interferer on n77,Retuned electrical tilt and enabled IRC,In Progress,Critical
INC-2026-685,2026-07-19T23:00:00,XYZ402,rach,Registration failures at cell edge XYZ402,PRACH occasion collision with co-channel DAS,Restored F1 link and cleared cell barring,In Progress,High
INC-2026-686,2026-07-20T07:00:00,XYZ402,rach,Registration failures at cell edge XYZ402,PRACH occasion collision with co-channel DAS,Rebalanced UPF sessions and scaled pod count,Closed,High
INC-2026-687,2026-07-20T10:00:00,XYZ404,transport,N3 throughput cap during evening peak XYZ404,Backhaul link at high utilization on core switch,Added neighbor relation and tuned HO margins,Closed,High
INC-2026-688,2026-07-20T22:00:00,XYZ401,call_drop,Voice drops during mobility on XYZ401,Missed Xn neighbor relation for inter-gNB HO,Added neighbor relation and tuned HO margins,Closed,High
INC-2026-689,2026-07-21T03:00:00,XYZ403,latency,Video buffering on 5QI-9 during peak XYZ403,UPF cluster CPU saturation,Enabled QoS shaping and scheduled backhaul upgrade,Closed,High
INC-2026-690,2026-07-21T08:00:00,XYZ408,core,PDU session release without RF anomaly XYZ408,AMF subscription profile missing DNN,Re-ran beam calibration procedure,Closed,Medium
INC-2026-691,2026-07-21T17:00:00,XYZ404,throughput,DL speed below SLA on XYZ404,High DL BLER and rank-1 stuck — interferer on n77,Reduced A3 offset and enabled time-to-trigger tuning,Closed,Critical
INC-2026-692,2026-07-22T00:00:00,XYZ402,rach,Registration failures at cell edge XYZ402,PRACH occasion collision with co-channel DAS,Reduced A3 offset and enabled time-to-trigger tuning,Closed,High
INC-2026-693,2026-07-22T04:00:00,XYZ407,mobility,Network issue on XYZ407,Under investigation,Reduced A3 offset and enabled time-to-trigger tuning,Open,Medium
INC-2026-694,2026-07-22T16:00:00,XYZ406,call_drop,Voice drops during mobility on XYZ406,Missed Xn neighbor relation for inter-gNB HO,Adjusted PRACH configuration index and root sequence,Open,Medium
INC-2026-695,2026-07-22T20:00:00,XYZ404,throughput,DL speed below SLA on XYZ404,High DL BLER and rank-1 stuck — interferer on n77,Adjusted PRACH configuration index and root sequence,Closed,Critical
INC-2026-696,2026-07-23T06:00:00,XYZ406,handover,HO prep/exec failure spike neighbor sector XYZ406,Target cell barred due to transport alarm on F1,Re-ran beam calibration procedure,In Progress,Medium
INC-2026-697,2026-07-23T08:00:00,XYZ401,beamforming,Beam failure ratio above threshold XYZ401,SSB beam weight drift after AAU firmware upgrade,Retuned electrical tilt and enabled IRC,Open,High
INC-2026-698,2026-07-23T16:00:00,XYZ407,transport,N3 throughput cap during evening peak XYZ407,Backhaul link at high utilization on core switch,Adjusted PRACH configuration index and root sequence,Closed,Medium
INC-2026-699,2026-07-24T01:00:00,XYZ401,call_drop,Voice drops during mobility on XYZ401,Missed Xn neighbor relation for inter-gNB HO,Retuned electrical tilt and enabled IRC,Closed,High
INC-2026-700,2026-07-24T07:00:00,XYZ405,handover,HO prep/exec failure spike neighbor sector XYZ405,Target cell barred due to transport alarm on F1,Retuned electrical tilt and enabled IRC,Closed,Medium
INC-2026-701,2026-07-24T17:00:00,XYZ403,throughput,DL speed below SLA on XYZ403,High DL BLER and rank-1 stuck — interferer on n77,Restored F1 link and cleared cell barring,Closed,High
INC-2026-702,2026-07-24T21:00:00,XYZ403,rlf,RLF cluster after successful HO on XYZ403,Too-late HO — A3 offset insufficient for fast UE,Updated UDM subscription template,Open,High
INC-2026-703,2026-07-25T07:00:00,XYZ401,latency,Video buffering on 5QI-9 during peak XYZ401,UPF cluster CPU saturation,Added neighbor relation and tuned HO margins,Closed,High
INC-2026-704,2026-07-25T11:00:00,XYZ402,rach,Registration failures at cell edge XYZ402,PRACH occasion collision with co-channel DAS,Reduced A3 offset and enabled time-to-trigger tuning,Closed,High
INC-2026-705,2026-07-25T17:00:00,XYZ401,transport,N3 throughput cap during evening peak XYZ401,Backhaul link at high utilization on core switch,Updated UDM subscription template,Open,High
INC-2026-706,2026-07-26T04:00:00,XYZ405,handover,HO prep/exec failure spike neighbor sector XYZ405,Target cell barred due to transport alarm on F1,Enabled QoS shaping and scheduled backhaul upgrade,Open,Medium
INC-2026-707,2026-07-26T07:00:00,XYZ402,rach,Registration failures at cell edge XYZ402,PRACH occasion collision with co-channel DAS,Re-ran beam calibration procedure,Open,High
INC-2026-708,2026-07-26T15:00:00,XYZ409,rach,Registration failures at cell edge XYZ409,PRACH occasion collision with co-channel DAS,Re-ran beam calibration procedure,In Progress,Low
INC-2026-709,2026-07-26T20:00:00,XYZ402,rach,Registration failures at cell edge XYZ402,PRACH occasion collision with co-channel DAS,Retuned electrical tilt and enabled IRC,Closed,High
INC-2026-710,2026-07-27T06:00:00,XYZ402,rach,Registration failures at cell edge XYZ402,PRACH occasion collision with co-channel DAS,Reduced A3 offset and enabled time-to-trigger tuning,Closed,High
INC-2026-711,2026-07-27T10:00:00,XYZ401,call_drop,Voice drops during mobility on XYZ401,Missed Xn neighbor relation for inter-gNB HO,Restored F1 link and cleared cell barring,Closed,High
INC-2026-712,2026-07-27T20:00:00,XYZ402,rach,Registration failures at cell edge XYZ402,PRACH occasion collision with co-channel DAS,Added neighbor relation and tuned HO margins,Closed,High
INC-2026-713,2026-07-28T05:00:00,XYZ408,latency,Video buffering on 5QI-9 during peak XYZ408,UPF cluster CPU saturation,Retuned electrical tilt and enabled IRC,Closed,Critical
INC-2026-714,2026-07-28T10:00:00,XYZ408,core,PDU session release without RF anomaly XYZ408,AMF subscription profile missing DNN,Enabled QoS shaping and scheduled backhaul upgrade,Closed,Medium
INC-2026-715,2026-07-28T18:00:00,XYZ405,transport,N3 throughput cap during evening peak XYZ405,Backhaul link at high utilization on core switch,Updated UDM subscription template,Closed,Medium
INC-2026-716,2026-07-28T21:00:00,XYZ403,beamforming,Beam failure ratio above threshold XYZ403,SSB beam weight drift after AAU firmware upgrade,Rebalanced UPF sessions and scaled pod count,Closed,Critical
INC-2026-717,2026-07-29T04:00:00,XYZ401,rlf,RLF cluster after successful HO on XYZ401,Too-late HO — A3 offset insufficient for fast UE,Rebalanced UPF sessions and scaled pod count,In Progress,Critical
INC-2026-718,2026-07-29T15:00:00,XYZ403,rlf,RLF cluster after successful HO on XYZ403,Too-late HO — A3 offset insufficient for fast UE,Added neighbor relation and tuned HO margins,Closed,High
INC-2026-719,2026-07-29T20:00:00,XYZ407,mobility,Network issue on XYZ407,Under investigation,Adjusted PRACH configuration index and root sequence,Closed,Medium
INC-2026-720,2026-07-30T03:00:00,XYZ402,rach,Registration failures at cell edge XYZ402,PRACH occasion collision with co-channel DAS,Restored F1 link and cleared cell barring,Closed,High
INC-2026-721,2026-07-30T10:00:00,XYZ403,rlf,RLF cluster after successful HO on XYZ403,Too-late HO — A3 offset insufficient for fast UE,Rebalanced UPF sessions and scaled pod count,Open,High
INC-2026-722,2026-07-30T16:00:00,XYZ404,throughput,DL speed below SLA on XYZ404,High DL BLER and rank-1 stuck — interferer on n77,Re-ran beam calibration procedure,Closed,High
INC-2026-723,2026-07-31T03:00:00,XYZ402,rach,Registration failures at cell edge XYZ402,PRACH occasion collision with co-channel DAS,Restored F1 link and cleared cell barring,Closed,Critical
INC-2026-724,2026-07-31T08:00:00,XYZ404,transport,N3 throughput cap during evening peak XYZ404,Backhaul link at high utilization on core switch,Enabled QoS shaping and scheduled backhaul upgrade,Open,High
INC-2026-725,2026-07-31T16:00:00,XYZ403,rlf,RLF cluster after successful HO on XYZ403,Too-late HO — A3 offset insufficient for fast UE,Rebalanced UPF sessions and scaled pod count,Closed,High
INC-2026-726,2026-07-31T22:00:00,XYZ404,throughput,DL speed below SLA on XYZ404,High DL BLER and rank-1 stuck — interferer on n77,Updated UDM subscription template,Closed,High
INC-2026-727,2026-08-01T03:00:00,XYZ405,handover,HO prep/exec failure spike neighbor sector XYZ405,Target cell barred due to transport alarm on F1,Adjusted PRACH configuration index and root sequence,Closed,Medium
INC-2026-728,2026-08-01T09:00:00,XYZ409,throughput,DL speed below SLA on XYZ409,High DL BLER and rank-1 stuck — interferer on n77,Retuned electrical tilt and enabled IRC,Open,Low
INC-2026-729,2026-08-01T17:00:00,XYZ409,rlf,RLF cluster after successful HO on XYZ409,Too-late HO — A3 offset insufficient for fast UE,Enabled QoS shaping and scheduled backhaul upgrade,In Progress,Low
INC-2026-730,2026-08-02T02:00:00,XYZ405,handover,HO prep/exec failure spike neighbor sector XYZ405,Target cell barred due to transport alarm on F1,Reduced A3 offset and enabled time-to-trigger tuning,Closed,Medium
INC-2026-731,2026-08-02T06:00:00,XYZ408,core,PDU session release without RF anomaly XYZ408,AMF subscription profile missing DNN,Adjusted PRACH configuration index and root sequence,Closed,Critical
INC-2026-732,2026-08-02T16:00:00,XYZ401,call_drop,Voice drops during mobility on XYZ401,Missed Xn neighbor relation for inter-gNB HO,Updated UDM subscription template,In Progress,High
INC-2026-733,2026-08-03T01:00:00,XYZ406,handover,HO prep/exec failure spike neighbor sector XYZ406,Target cell barred due to transport alarm on F1,Restored F1 link and cleared cell barring,Closed,Medium
INC-2026-734,2026-08-03T04:00:00,XYZ402,rach,Registration failures at cell edge XYZ402,PRACH occasion collision with co-channel DAS,Added neighbor relation and tuned HO margins,Closed,High
INC-2026-735,2026-08-03T15:00:00,XYZ402,rach,Registration failures at cell edge XYZ402,PRACH occasion collision with co-channel DAS,Enabled QoS shaping and scheduled backhaul upgrade,Closed,High
INC-2026-736,2026-08-03T19:00:00,XYZ404,handover,HO prep/exec failure spike neighbor sector XYZ404,Target cell barred due to transport alarm on F1,Retuned electrical tilt and enabled IRC,Closed,High
INC-2026-737,2026-08-04T03:00:00,XYZ407,handover,HO prep/exec failure spike neighbor sector XYZ407,Target cell barred due to transport alarm on F1,Retuned electrical tilt and enabled IRC,Closed,Medium
INC-2026-738,2026-08-04T12:00:00,XYZ404,core,PDU session release without RF anomaly XYZ404,AMF subscription profile missing DNN,Reduced A3 offset and enabled time-to-trigger tuning,Open,High
INC-2026-739,2026-08-04T16:00:00,XYZ403,core,PDU session release without RF anomaly XYZ403,AMF subscription profile missing DNN,Enabled QoS shaping and scheduled backhaul upgrade,Closed,High
INC-2026-740,2026-08-04T22:00:00,XYZ403,handover,HO prep/exec failure spike neighbor sector XYZ403,Target cell barred due to transport alarm on F1,Updated UDM subscription template,Closed,Critical
INC-2026-741,2026-08-05T06:00:00,XYZ408,core,PDU session release without RF anomaly XYZ408,AMF subscription profile missing DNN,Rebalanced UPF sessions and scaled pod count,Closed,Medium
INC-2026-742,2026-08-05T15:00:00,XYZ408,core,PDU session release without RF anomaly XYZ408,AMF subscription profile missing DNN,Retuned electrical tilt and enabled IRC,Closed,Medium
INC-2026-743,2026-08-05T20:00:00,XYZ403,core,PDU session release without RF anomaly XYZ403,AMF subscription profile missing DNN,Adjusted PRACH configuration index and root sequence,Open,High
INC-2026-744,2026-08-06T01:00:00,XYZ404,throughput,DL speed below SLA on XYZ404,High DL BLER and rank-1 stuck — interferer on n77,Reduced A3 offset and enabled time-to-trigger tuning,Closed,High
INC-2026-745,2026-08-06T09:00:00,XYZ405,handover,HO prep/exec failure spike neighbor sector XYZ405,Target cell barred due to transport alarm on F1,Restored F1 link and cleared cell barring,Closed,Medium
INC-2026-746,2026-08-06T17:00:00,XYZ403,latency,Video buffering on 5QI-9 during peak XYZ403,UPF cluster CPU saturation,Adjusted PRACH configuration index and root sequence,Closed,High
INC-2026-747,2026-08-06T22:00:00,XYZ404,throughput,DL speed below SLA on XYZ404,High DL BLER and rank-1 stuck — interferer on n77,Restored F1 link and cleared cell barring,Open,High
INC-2026-748,2026-08-07T07:00:00,XYZ402,rach,Registration failures at cell edge XYZ402,PRACH occasion collision with co-channel DAS,Rebalanced UPF sessions and scaled pod count,Closed,Critical
INC-2026-749,2026-08-07T13:00:00,XYZ407,mobility,Network issue on XYZ407,Under investigation,Retuned electrical tilt and enabled IRC,Closed,Medium
INC-2026-750,2026-08-07T21:00:00,XYZ403,beamforming,Beam failure ratio above threshold XYZ403,SSB beam weight drift after AAU firmware upgrade,Retuned electrical tilt and enabled IRC,Closed,High
INC-2026-751,2026-08-08T07:00:00,XYZ404,throughput,DL speed below SLA on XYZ404,High DL BLER and rank-1 stuck — interferer on n77,Adjusted PRACH configuration index and root sequence,Closed,High
INC-2026-752,2026-08-08T10:00:00,XYZ402,rach,Registration failures at cell edge XYZ402,PRACH occasion collision with co-channel DAS,Enabled QoS shaping and scheduled backhaul upgrade,Closed,Critical
INC-2026-753,2026-08-08T19:00:00,XYZ403,rlf,RLF cluster after successful HO on XYZ403,Too-late HO — A3 offset insufficient for fast UE,Updated UDM subscription template,Closed,Critical
INC-2026-754,2026-08-09T01:00:00,XYZ403,rlf,RLF cluster after successful HO on XYZ403,Too-late HO — A3 offset insufficient for fast UE,Reduced A3 offset and enabled time-to-trigger tuning,Closed,High
INC-2026-755,2026-08-09T08:00:00,XYZ403,rlf,RLF cluster after successful HO on XYZ403,Too-late HO — A3 offset insufficient for fast UE,Retuned electrical tilt and enabled IRC,Closed,Critical
INC-2026-756,2026-08-09T13:00:00,XYZ404,call_drop,Voice drops during mobility on XYZ404,Missed Xn neighbor relation for inter-gNB HO,Updated UDM subscription template,Closed,High
INC-2026-757,2026-08-09T21:00:00,XYZ403,core,PDU session release without RF anomaly XYZ403,AMF subscription profile missing DNN,Rebalanced UPF sessions and scaled pod count,Closed,High
INC-2026-758,2026-08-10T08:00:00,XYZ405,handover,HO prep/exec failure spike neighbor sector XYZ405,Target cell barred due to transport alarm on F1,Adjusted PRACH configuration index and root sequence,Closed,Medium
INC-2026-759,2026-08-10T11:00:00,XYZ404,handover,HO prep/exec failure spike neighbor sector XYZ404,Target cell barred due to transport alarm on F1,Added neighbor relation and tuned HO margins,Open,Critical
INC-2026-760,2026-08-10T20:00:00,XYZ404,throughput,DL speed below SLA on XYZ404,High DL BLER and rank-1 stuck — interferer on n77,Added neighbor relation and tuned HO margins,Closed,High
INC-2026-761,2026-08-11T05:00:00,XYZ401,core,PDU session release without RF anomaly XYZ401,AMF subscription profile missing DNN,Enabled QoS shaping and scheduled backhaul upgrade,Closed,High
INC-2026-762,2026-08-11T11:00:00,XYZ401,transport,N3 throughput cap during evening peak XYZ401,Backhaul link at high utilization on core switch,Enabled QoS shaping and scheduled backhaul upgrade,Open,High
INC-2026-763,2026-08-11T15:00:00,XYZ401,call_drop,Voice drops during mobility on XYZ401,Missed Xn neighbor relation for inter-gNB HO,Enabled QoS shaping and scheduled backhaul upgrade,Open,High
INC-2026-764,2026-08-11T21:00:00,XYZ408,latency,Video buffering on 5QI-9 during peak XYZ408,UPF cluster CPU saturation,Enabled QoS shaping and scheduled backhaul upgrade,Closed,Medium
INC-2026-765,2026-08-12T06:00:00,XYZ401,handover,HO prep/exec failure spike neighbor sector XYZ401,Target cell barred due to transport alarm on F1,Reduced A3 offset and enabled time-to-trigger tuning,Closed,Critical
INC-2026-766,2026-08-12T13:00:00,XYZ402,call_drop,Voice drops during mobility on XYZ402,Missed Xn neighbor relation for inter-gNB HO,Restored F1 link and cleared cell barring,Open,High
INC-2026-767,2026-08-12T22:00:00,XYZ407,mobility,Network issue on XYZ407,Under investigation,Reduced A3 offset and enabled time-to-trigger tuning,Closed,Medium
INC-2026-768,2026-08-13T06:00:00,XYZ404,throughput,DL speed below SLA on XYZ404,High DL BLER and rank-1 stuck — interferer on n77,Adjusted PRACH configuration index and root sequence,Closed,Critical
INC-2026-769,2026-08-13T10:00:00,XYZ401,rach,Registration failures at cell edge XYZ401,PRACH occasion collision with co-channel DAS,Enabled QoS shaping and scheduled backhaul upgrade,Closed,High
INC-2026-770,2026-08-13T18:00:00,XYZ410,beamforming,Beam failure ratio above threshold XYZ410,SSB beam weight drift after AAU firmware upgrade,Retuned electrical tilt and enabled IRC,Closed,Low
INC-2026-771,2026-08-14T03:00:00,XYZ403,rlf,RLF cluster after successful HO on XYZ403,Too-late HO — A3 offset insufficient for fast UE,Updated UDM subscription template,Closed,High
INC-2026-772,2026-08-14T08:00:00,XYZ401,call_drop,Voice drops during mobility on XYZ401,Missed Xn neighbor relation for inter-gNB HO,Retuned electrical tilt and enabled IRC,Closed,High
INC-2026-773,2026-08-14T13:00:00,XYZ401,call_drop,Voice drops during mobility on XYZ401,Missed Xn neighbor relation for inter-gNB HO,Adjusted PRACH configuration index and root sequence,Open,High
INC-2026-774,2026-08-14T19:00:00,XYZ408,core,PDU session release without RF anomaly XYZ408,AMF subscription profile missing DNN,Restored F1 link and cleared cell barring,Closed,Medium
INC-2026-775,2026-08-15T03:00:00,XYZ401,call_drop,Voice drops during mobility on XYZ401,Missed Xn neighbor relation for inter-gNB HO,Adjusted PRACH configuration index and root sequence,Closed,High
INC-2026-776,2026-08-15T12:00:00,XYZ402,latency,Video buffering on 5QI-9 during peak XYZ402,UPF cluster CPU saturation,Restored F1 link and cleared cell barring,Closed,High
INC-2026-777,2026-08-15T20:00:00,XYZ410,latency,Video buffering on 5QI-9 during peak XYZ410,UPF cluster CPU saturation,Restored F1 link and cleared cell barring,Closed,Low
INC-2026-778,2026-08-16T03:00:00,XYZ404,throughput,DL speed below SLA on XYZ404,High DL BLER and rank-1 stuck — interferer on n77,Retuned electrical tilt and enabled IRC,Closed,Critical
INC-2026-779,2026-08-16T10:00:00,XYZ407,handover,HO prep/exec failure spike neighbor sector XYZ407,Target cell barred due to transport alarm on F1,Enabled QoS shaping and scheduled backhaul upgrade,In Progress,Critical
INC-2026-780,2026-08-16T18:00:00,XYZ403,rach,Registration failures at cell edge XYZ403,PRACH occasion collision with co-channel DAS,Retuned electrical tilt and enabled IRC,Closed,High
INC-2026-781,2026-08-17T01:00:00,XYZ401,throughput,DL speed below SLA on XYZ401,High DL BLER and rank-1 stuck — interferer on n77,Rebalanced UPF sessions and scaled pod count,In Progress,High
INC-2026-782,2026-08-17T07:00:00,XYZ406,rach,Registration failures at cell edge XYZ406,PRACH occasion collision with co-channel DAS,Retuned electrical tilt and enabled IRC,Open,Medium
INC-2026-783,2026-08-17T10:00:00,XYZ401,call_drop,Voice drops during mobility on XYZ401,Missed Xn neighbor relation for inter-gNB HO,Re-ran beam calibration procedure,Closed,High
INC-2026-784,2026-08-17T22:00:00,XYZ406,rlf,RLF cluster after successful HO on XYZ406,Too-late HO — A3 offset insufficient for fast UE,Adjusted PRACH configuration index and root sequence,Closed,Medium
INC-2026-785,2026-08-18T00:00:00,XYZ408,call_drop,Voice drops during mobility on XYZ408,Missed Xn neighbor relation for inter-gNB HO,Restored F1 link and cleared cell barring,Closed,Critical
INC-2026-786,2026-08-18T08:00:00,XYZ402,rach,Registration failures at cell edge XYZ402,PRACH occasion collision with co-channel DAS,Updated UDM subscription template,In Progress,Critical
INC-2026-787,2026-08-18T15:00:00,XYZ403,latency,Video buffering on 5QI-9 during peak XYZ403,UPF cluster CPU saturation,Reduced A3 offset and enabled time-to-trigger tuning,Closed,High
INC-2026-788,2026-08-18T22:00:00,XYZ404,core,PDU session release without RF anomaly XYZ404,AMF subscription profile missing DNN,Re-ran beam calibration procedure,Open,High
INC-2026-789,2026-08-19T05:00:00,XYZ408,rach,Registration failures at cell edge XYZ408,PRACH occasion collision with co-channel DAS,Adjusted PRACH configuration index and root sequence,Closed,Medium
INC-2026-790,2026-08-19T15:00:00,XYZ409,throughput,DL speed below SLA on XYZ409,High DL BLER and rank-1 stuck — interferer on n77,Adjusted PRACH configuration index and root sequence,Closed,Low
INC-2026-791,2026-08-19T19:00:00,XYZ403,rlf,RLF cluster after successful HO on XYZ403,Too-late HO — A3 offset insufficient for fast UE,Enabled QoS shaping and scheduled backhaul upgrade,Open,High
INC-2026-792,2026-08-20T02:00:00,XYZ402,rlf,RLF cluster after successful HO on XYZ402,Too-late HO — A3 offset insufficient for fast UE,Restored F1 link and cleared cell barring,Closed,High
INC-2026-793,2026-08-20T09:00:00,XYZ407,call_drop,Voice drops during mobility on XYZ407,Missed Xn neighbor relation for inter-gNB HO,Enabled QoS shaping and scheduled backhaul upgrade,Open,Medium
INC-2026-794,2026-08-20T15:00:00,XYZ402,beamforming,Beam failure ratio above threshold XYZ402,SSB beam weight drift after AAU firmware upgrade,Added neighbor relation and tuned HO margins,Closed,High
INC-2026-795,2026-08-20T22:00:00,XYZ402,throughput,DL speed below SLA on XYZ402,High DL BLER and rank-1 stuck — interferer on n77,Re-ran beam calibration procedure,Closed,High
INC-2026-796,2026-08-21T09:00:00,XYZ404,throughput,DL speed below SLA on XYZ404,High DL BLER and rank-1 stuck — interferer on n77,Retuned electrical tilt and enabled IRC,Closed,High
INC-2026-797,2026-08-21T16:00:00,XYZ405,handover,HO prep/exec failure spike neighbor sector XYZ405,Target cell barred due to transport alarm on F1,Restored F1 link and cleared cell barring,Closed,Critical
INC-2026-798,2026-08-21T21:00:00,XYZ404,handover,HO prep/exec failure spike neighbor sector XYZ404,Target cell barred due to transport alarm on F1,Re-ran beam calibration procedure,Open,High
INC-2026-799,2026-08-22T07:00:00,XYZ403,handover,HO prep/exec failure spike neighbor sector XYZ403,Target cell barred due to transport alarm on F1,Updated UDM subscription template,Closed,High
INC-2026-800,2026-08-22T14:00:00,XYZ406,handover,HO prep/exec failure spike neighbor sector XYZ406,Target cell barred due to transport alarm on F1,Re-ran beam calibration procedure,Closed,Medium
INC-2026-801,2026-08-22T18:00:00,XYZ404,throughput,DL speed below SLA on XYZ404,High DL BLER and rank-1 stuck — interferer on n77,Updated UDM subscription template,Closed,High
INC-2026-802,2026-08-23T00:00:00,XYZ404,throughput,DL speed below SLA on XYZ404,High DL BLER and rank-1 stuck — interferer on n77,Rebalanced UPF sessions and scaled pod count,Closed,High
INC-2026-803,2026-08-23T11:00:00,XYZ408,core,PDU session release without RF anomaly XYZ408,AMF subscription profile missing DNN,Retuned electrical tilt and enabled IRC,Closed,Critical
INC-2026-804,2026-08-23T16:00:00,XYZ405,latency,Video buffering on 5QI-9 during peak XYZ405,UPF cluster CPU saturation,Updated UDM subscription template,Closed,Medium
INC-2026-805,2026-08-23T23:00:00,XYZ402,rach,Registration failures at cell edge XYZ402,PRACH occasion collision with co-channel DAS,Rebalanced UPF sessions and scaled pod count,Closed,High
INC-2026-806,2026-08-24T06:00:00,XYZ404,latency,Video buffering on 5QI-9 during peak XYZ404,UPF cluster CPU saturation,Rebalanced UPF sessions and scaled pod count,Closed,High
INC-2026-807,2026-08-24T15:00:00,XYZ404,rlf,RLF cluster after successful HO on XYZ404,Too-late HO — A3 offset insufficient for fast UE,Re-ran beam calibration procedure,Open,High
INC-2026-808,2026-08-24T19:00:00,XYZ401,call_drop,Voice drops during mobility on XYZ401,Missed Xn neighbor relation for inter-gNB HO,Enabled QoS shaping and scheduled backhaul upgrade,Closed,Critical
INC-2026-809,2026-08-25T03:00:00,XYZ401,beamforming,Beam failure ratio above threshold XYZ401,SSB beam weight drift after AAU firmware upgrade,Updated UDM subscription template,Closed,Critical
INC-2026-810,2026-08-25T11:00:00,XYZ404,throughput,DL speed below SLA on XYZ404,High DL BLER and rank-1 stuck — interferer on n77,Restored F1 link and cleared cell barring,Closed,High
INC-2026-811,2026-08-25T16:00:00,XYZ402,rach,Registration failures at cell edge XYZ402,PRACH occasion collision with co-channel DAS,Restored F1 link and cleared cell barring,Closed,Critical
INC-2026-812,2026-08-25T22:00:00,XYZ402,rach,Registration failures at cell edge XYZ402,PRACH occasion collision with co-channel DAS,Enabled QoS shaping and scheduled backhaul upgrade,In Progress,High
INC-2026-813,2026-08-26T05:00:00,XYZ408,core,PDU session release without RF anomaly XYZ408,AMF subscription profile missing DNN,Re-ran beam calibration procedure,Closed,Medium
INC-2026-814,2026-08-26T15:00:00,XYZ403,rlf,RLF cluster after successful HO on XYZ403,Too-late HO — A3 offset insufficient for fast UE,Added neighbor relation and tuned HO margins,Closed,High
INC-2026-815,2026-08-26T21:00:00,XYZ404,throughput,DL speed below SLA on XYZ404,High DL BLER and rank-1 stuck — interferer on n77,Rebalanced UPF sessions and scaled pod count,Closed,High
INC-2026-816,2026-08-27T04:00:00,XYZ406,transport,N3 throughput cap during evening peak XYZ406,Backhaul link at high utilization on core switch,Restored F1 link and cleared cell barring,Closed,Medium
INC-2026-817,2026-08-27T12:00:00,XYZ402,throughput,DL speed below SLA on XYZ402,High DL BLER and rank-1 stuck — interferer on n77,Added neighbor relation and tuned HO margins,Closed,High
INC-2026-818,2026-08-27T16:00:00,XYZ404,throughput,DL speed below SLA on XYZ404,High DL BLER and rank-1 stuck — interferer on n77,Adjusted PRACH configuration index and root sequence,Closed,High
INC-2026-819,2026-08-28T00:00:00,XYZ403,handover,HO prep/exec failure spike neighbor sector XYZ403,Target cell barred due to transport alarm on F1,Adjusted PRACH configuration index and root sequence,Closed,Critical
INC-2026-820,2026-08-28T09:00:00,XYZ402,rlf,RLF cluster after successful HO on XYZ402,Too-late HO — A3 offset insufficient for fast UE,Updated UDM subscription template,Closed,High
INC-2026-821,2026-08-28T15:00:00,XYZ403,rlf,RLF cluster after successful HO on XYZ403,Too-late HO — A3 offset insufficient for fast UE,Retuned electrical tilt and enabled IRC,Closed,Critical
INC-2026-822,2026-08-29T00:00:00,XYZ401,call_drop,Voice drops during mobility on XYZ401,Missed Xn neighbor relation for inter-gNB HO,Rebalanced UPF sessions and scaled pod count,In Progress,High
INC-2026-823,2026-08-29T07:00:00,XYZ408,core,PDU session release without RF anomaly XYZ408,AMF subscription profile missing DNN,Rebalanced UPF sessions and scaled pod count,Closed,Medium
INC-2026-824,2026-08-29T12:00:00,XYZ404,rach,Registration failures at cell edge XYZ404,PRACH occasion collision with co-channel DAS,Reduced A3 offset and enabled time-to-trigger tuning,Closed,High
INC-2026-825,2026-08-29T17:00:00,XYZ403,rlf,RLF cluster after successful HO on XYZ403,Too-late HO — A3 offset insufficient for fast UE,Adjusted PRACH configuration index and root sequence,Open,High
INC-2026-826,2026-08-29T23:00:00,XYZ406,rach,Registration failures at cell edge XYZ406,PRACH occasion collision with co-channel DAS,Enabled QoS shaping and scheduled backhaul upgrade,Closed,Medium
INC-2026-827,2026-08-30T08:00:00,XYZ401,latency,Video buffering on 5QI-9 during peak XYZ401,UPF cluster CPU saturation,Reduced A3 offset and enabled time-to-trigger tuning,Closed,High
INC-2026-828,2026-08-30T15:00:00,XYZ402,rach,Registration failures at cell edge XYZ402,PRACH occasion collision with co-channel DAS,Re-ran beam calibration procedure,Closed,High
INC-2026-829,2026-08-30T20:00:00,XYZ404,throughput,DL speed below SLA on XYZ404,High DL BLER and rank-1 stuck — interferer on n77,Restored F1 link and cleared cell barring,Closed,High
INC-2026-830,2026-08-31T03:00:00,XYZ407,beamforming,Beam failure ratio above threshold XYZ407,SSB beam weight drift after AAU firmware upgrade,Adjusted PRACH configuration index and root sequence,Closed,Medium
INC-2026-831,2026-08-31T13:00:00,XYZ404,throughput,DL speed below SLA on XYZ404,High DL BLER and rank-1 stuck — interferer on n77,Updated UDM subscription template,Closed,High
INC-2026-832,2026-08-31T17:00:00,XYZ403,handover,HO prep/exec failure spike neighbor sector XYZ403,Target cell barred due to transport alarm on F1,Added neighbor relation and tuned HO margins,Closed,High
INC-2026-833,2026-09-01T00:00:00,XYZ404,throughput,DL speed below SLA on XYZ404,High DL BLER and rank-1 stuck — interferer on n77,Updated UDM subscription template,Open,High
INC-2026-834,2026-09-01T09:00:00,XYZ402,transport,N3 throughput cap during evening peak XYZ402,Backhaul link at high utilization on core switch,Restored F1 link and cleared cell barring,Open,High
INC-2026-835,2026-09-01T15:00:00,XYZ409,rlf,RLF cluster after successful HO on XYZ409,Too-late HO — A3 offset insufficient for fast UE,Reduced A3 offset and enabled time-to-trigger tuning,Closed,Low
INC-2026-836,2026-09-01T21:00:00,XYZ407,mobility,Network issue on XYZ407,Under investigation,Enabled QoS shaping and scheduled backhaul upgrade,Closed,Medium
INC-2026-837,2026-09-02T09:00:00,XYZ403,rlf,RLF cluster after successful HO on XYZ403,Too-late HO — A3 offset insufficient for fast UE,Rebalanced UPF sessions and scaled pod count,Closed,Critical
INC-2026-838,2026-09-02T12:00:00,XYZ403,rlf,RLF cluster after successful HO on XYZ403,Too-late HO — A3 offset insufficient for fast UE,Restored F1 link and cleared cell barring,Open,Critical
INC-2026-839,2026-09-02T20:00:00,XYZ403,rach,Registration failures at cell edge XYZ403,PRACH occasion collision with co-channel DAS,Rebalanced UPF sessions and scaled pod count,In Progress,Critical
INC-2026-840,2026-09-03T06:00:00,XYZ401,transport,N3 throughput cap during evening peak XYZ401,Backhaul link at high utilization on core switch,Updated UDM subscription template,Closed,High
INC-2026-841,2026-09-03T12:00:00,XYZ401,rlf,RLF cluster after successful HO on XYZ401,Too-late HO — A3 offset insufficient for fast UE,Re-ran beam calibration procedure,Closed,High
INC-2026-842,2026-09-03T20:00:00,XYZ408,latency,Video buffering on 5QI-9 during peak XYZ408,UPF cluster CPU saturation,Re-ran beam calibration procedure,Closed,Medium
INC-2026-843,2026-09-03T23:00:00,XYZ404,throughput,DL speed below SLA on XYZ404,High DL BLER and rank-1 stuck — interferer on n77,Restored F1 link and cleared cell barring,Closed,High
INC-2026-844,2026-09-04T10:00:00,XYZ405,handover,HO prep/exec failure spike neighbor sector XYZ405,Target cell barred due to transport alarm on F1,Restored F1 link and cleared cell barring,Closed,Medium
INC-2026-845,2026-09-04T17:00:00,XYZ402,rach,Registration failures at cell edge XYZ402,PRACH occasion collision with co-channel DAS,Retuned electrical tilt and enabled IRC,Closed,High
INC-2026-846,2026-09-04T23:00:00,XYZ404,throughput,DL speed below SLA on XYZ404,High DL BLER and rank-1 stuck — interferer on n77,Added neighbor relation and tuned HO margins,Closed,Critical
INC-2026-847,2026-09-05T04:00:00,XYZ403,rlf,RLF cluster after successful HO on XYZ403,Too-late HO — A3 offset insufficient for fast UE,Updated UDM subscription template,Closed,High
INC-2026-848,2026-09-05T10:00:00,XYZ401,call_drop,Voice drops during mobility on XYZ401,Missed Xn neighbor relation for inter-gNB HO,Enabled QoS shaping and scheduled backhaul upgrade,Open,High
INC-2026-849,2026-09-05T19:00:00,XYZ405,handover,HO prep/exec failure spike neighbor sector XYZ405,Target cell barred due to transport alarm on F1,Retuned electrical tilt and enabled IRC,Open,Medium
INC-2026-850,2026-09-05T23:00:00,XYZ402,rach,Registration failures at cell edge XYZ402,PRACH occasion collision with co-channel DAS,Updated UDM subscription template,Closed,High
INC-2026-851,2026-09-06T09:00:00,XYZ401,call_drop,Voice drops during mobility on XYZ401,Missed Xn neighbor relation for inter-gNB HO,Enabled QoS shaping and scheduled backhaul upgrade,Closed,High
INC-2026-852,2026-09-06T16:00:00,XYZ408,core,PDU session release without RF anomaly XYZ408,AMF subscription profile missing DNN,Updated UDM subscription template,Open,Medium
INC-2026-853,2026-09-07T00:00:00,XYZ406,handover,HO prep/exec failure spike neighbor sector XYZ406,Target cell barred due to transport alarm on F1,Updated UDM subscription template,Closed,Medium
INC-2026-854,2026-09-07T06:00:00,XYZ410,handover,HO prep/exec failure spike neighbor sector XYZ410,Target cell barred due to transport alarm on F1,Added neighbor relation and tuned HO margins,Closed,Low
INC-2026-855,2026-09-07T12:00:00,XYZ402,rach,Registration failures at cell edge XYZ402,PRACH occasion collision with co-channel DAS,Restored F1 link and cleared cell barring,Open,High
INC-2026-856,2026-09-07T19:00:00,XYZ403,rlf,RLF cluster after successful HO on XYZ403,Too-late HO — A3 offset insufficient for fast UE,Re-ran beam calibration procedure,Closed,High
INC-2026-857,2026-09-08T01:00:00,XYZ401,call_drop,Voice drops during mobility on XYZ401,Missed Xn neighbor relation for inter-gNB HO,Added neighbor relation and tuned HO margins,Closed,High
INC-2026-858,2026-09-08T09:00:00,XYZ401,call_drop,Voice drops during mobility on XYZ401,Missed Xn neighbor relation for inter-gNB HO,Reduced A3 offset and enabled time-to-trigger tuning,In Progress,High
INC-2026-859,2026-09-08T19:00:00,XYZ408,core,PDU session release without RF anomaly XYZ408,AMF subscription profile missing DNN,Enabled QoS shaping and scheduled backhaul upgrade,Closed,Medium
INC-2026-860,2026-09-08T22:00:00,XYZ404,rach,Registration failures at cell edge XYZ404,PRACH occasion collision with co-channel DAS,Added neighbor relation and tuned HO margins,In Progress,High
INC-2026-861,2026-09-09T07:00:00,XYZ403,rlf,RLF cluster after successful HO on XYZ403,Too-late HO — A3 offset insufficient for fast UE,Adjusted PRACH configuration index and root sequence,Open,High
INC-2026-862,2026-09-09T12:00:00,XYZ405,handover,HO prep/exec failure spike neighbor sector XYZ405,Target cell barred due to transport alarm on F1,Reduced A3 offset and enabled time-to-trigger tuning,In Progress,Medium
INC-2026-863,2026-09-09T19:00:00,XYZ409,latency,Video buffering on 5QI-9 during peak XYZ409,UPF cluster CPU saturation,Reduced A3 offset and enabled time-to-trigger tuning,Closed,Low
INC-2026-864,2026-09-10T03:00:00,XYZ404,throughput,DL speed below SLA on XYZ404,High DL BLER and rank-1 stuck — interferer on n77,Reduced A3 offset and enabled time-to-trigger tuning,Closed,High
INC-2026-865,2026-09-10T12:00:00,XYZ401,call_drop,Voice drops during mobility on XYZ401,Missed Xn neighbor relation for inter-gNB HO,Re-ran beam calibration procedure,Closed,High
INC-2026-866,2026-09-10T15:00:00,XYZ406,latency,Video buffering on 5QI-9 during peak XYZ406,UPF cluster CPU saturation,Retuned electrical tilt and enabled IRC,Closed,Medium
INC-2026-867,2026-09-10T22:00:00,XYZ404,latency,Video buffering on 5QI-9 during peak XYZ404,UPF cluster CPU saturation,Updated UDM subscription template,Open,High
INC-2026-868,2026-09-11T08:00:00,XYZ404,throughput,DL speed below SLA on XYZ404,High DL BLER and rank-1 stuck — interferer on n77,Re-ran beam calibration procedure,Closed,High
INC-2026-869,2026-09-11T17:00:00,XYZ401,call_drop,Voice drops during mobility on XYZ401,Missed Xn neighbor relation for inter-gNB HO,Restored F1 link and cleared cell barring,Open,High
INC-2026-870,2026-09-11T22:00:00,XYZ401,core,PDU session release without RF anomaly XYZ401,AMF subscription profile missing DNN,Reduced A3 offset and enabled time-to-trigger tuning,Closed,High
INC-2026-871,2026-09-12T06:00:00,XYZ401,latency,Video buffering on 5QI-9 during peak XYZ401,UPF cluster CPU saturation,Retuned electrical tilt and enabled IRC,Closed,High
INC-2026-872,2026-09-12T09:00:00,XYZ407,beamforming,Beam failure ratio above threshold XYZ407,SSB beam weight drift after AAU firmware upgrade,Updated UDM subscription template,Open,Medium
INC-2026-873,2026-09-12T17:00:00,XYZ402,rach,Registration failures at cell edge XYZ402,PRACH occasion collision with co-channel DAS,Retuned electrical tilt and enabled IRC,Closed,High
INC-2026-874,2026-09-13T01:00:00,XYZ408,rlf,RLF cluster after successful HO on XYZ408,Too-late HO — A3 offset insufficient for fast UE,Adjusted PRACH configuration index and root sequence,Open,Medium
INC-2026-875,2026-09-13T09:00:00,XYZ403,transport,N3 throughput cap during evening peak XYZ403,Backhaul link at high utilization on core switch,Reduced A3 offset and enabled time-to-trigger tuning,Closed,Critical
INC-2026-876,2026-09-13T17:00:00,XYZ404,throughput,DL speed below SLA on XYZ404,High DL BLER and rank-1 stuck — interferer on n77,Re-ran beam calibration procedure,In Progress,High
INC-2026-877,2026-09-13T23:00:00,XYZ402,transport,N3 throughput cap during evening peak XYZ402,Backhaul link at high utilization on core switch,Adjusted PRACH configuration index and root sequence,Open,High
INC-2026-878,2026-09-14T06:00:00,XYZ403,rlf,RLF cluster after successful HO on XYZ403,Too-late HO — A3 offset insufficient for fast UE,Retuned electrical tilt and enabled IRC,Closed,High
INC-2026-879,2026-09-14T11:00:00,XYZ401,call_drop,Voice drops during mobility on XYZ401,Missed Xn neighbor relation for inter-gNB HO,Reduced A3 offset and enabled time-to-trigger tuning,Closed,High
INC-2026-880,2026-09-14T20:00:00,XYZ403,call_drop,Voice drops during mobility on XYZ403,Missed Xn neighbor relation for inter-gNB HO,Rebalanced UPF sessions and scaled pod count,Closed,High
INC-2026-881,2026-09-15T03:00:00,XYZ407,mobility,Network issue on XYZ407,Under investigation,Retuned electrical tilt and enabled IRC,Open,Medium
INC-2026-882,2026-09-15T08:00:00,XYZ403,throughput,DL speed below SLA on XYZ403,High DL BLER and rank-1 stuck — interferer on n77,Enabled QoS shaping and scheduled backhaul upgrade,In Progress,High
INC-2026-883,2026-09-15T19:00:00,XYZ402,rach,Registration failures at cell edge XYZ402,PRACH occasion collision with co-channel DAS,Enabled QoS shaping and scheduled backhaul upgrade,Closed,Critical
INC-2026-884,2026-09-15T22:00:00,XYZ402,rach,Registration failures at cell edge XYZ402,PRACH occasion collision with co-channel DAS,Added neighbor relation and tuned HO margins,Open,High
INC-2026-885,2026-09-16T05:00:00,XYZ404,throughput,DL speed below SLA on XYZ404,High DL BLER and rank-1 stuck — interferer on n77,Adjusted PRACH configuration index and root sequence,Closed,High
INC-2026-886,2026-09-16T12:00:00,XYZ402,rach,Registration failures at cell edge XYZ402,PRACH occasion collision with co-channel DAS,Re-ran beam calibration procedure,In Progress,High
INC-2026-887,2026-09-16T19:00:00,XYZ402,latency,Video buffering on 5QI-9 during peak XYZ402,UPF cluster CPU saturation,Added neighbor relation and tuned HO margins,Open,High
INC-2026-888,2026-09-17T06:00:00,XYZ401,call_drop,Voice drops during mobility on XYZ401,Missed Xn neighbor relation for inter-gNB HO,Enabled QoS shaping and scheduled backhaul upgrade,Closed,Critical
INC-2026-889,2026-09-17T08:00:00,XYZ408,handover,HO prep/exec failure spike neighbor sector XYZ408,Target cell barred due to transport alarm on F1,Re-ran beam calibration procedure,Closed,Medium
INC-2026-890,2026-09-17T20:00:00,XYZ405,latency,Video buffering on 5QI-9 during peak XYZ405,UPF cluster CPU saturation,Rebalanced UPF sessions and scaled pod count,Open,Critical
INC-2026-891,2026-09-18T01:00:00,XYZ410,beamforming,Beam failure ratio above threshold XYZ410,SSB beam weight drift after AAU firmware upgrade,Re-ran beam calibration procedure,Closed,Low
INC-2026-892,2026-09-18T06:00:00,XYZ404,throughput,DL speed below SLA on XYZ404,High DL BLER and rank-1 stuck — interferer on n77,Retuned electrical tilt and enabled IRC,Closed,High
INC-2026-893,2026-09-18T13:00:00,XYZ401,call_drop,Voice drops during mobility on XYZ401,Missed Xn neighbor relation for inter-gNB HO,Retuned electrical tilt and enabled IRC,Closed,High
INC-2026-894,2026-09-18T22:00:00,XYZ401,call_drop,Voice drops during mobility on XYZ401,Missed Xn neighbor relation for inter-gNB HO,Rebalanced UPF sessions and scaled pod count,Closed,High
INC-2026-895,2026-09-19T05:00:00,XYZ404,throughput,DL speed below SLA on XYZ404,High DL BLER and rank-1 stuck — interferer on n77,Restored F1 link and cleared cell barring,Closed,High
INC-2026-896,2026-09-19T09:00:00,XYZ403,core,PDU session release without RF anomaly XYZ403,AMF subscription profile missing DNN,Retuned electrical tilt and enabled IRC,Closed,High
INC-2026-897,2026-09-19T20:00:00,XYZ403,transport,N3 throughput cap during evening peak XYZ403,Backhaul link at high utilization on core switch,Retuned electrical tilt and enabled IRC,Open,High
INC-2026-898,2026-09-20T00:00:00,XYZ410,latency,Video buffering on 5QI-9 during peak XYZ410,UPF cluster CPU saturation,Restored F1 link and cleared cell barring,Closed,Low
INC-2026-899,2026-09-20T11:00:00,XYZ401,call_drop,Voice drops during mobility on XYZ401,Missed Xn neighbor relation for inter-gNB HO,Rebalanced UPF sessions and scaled pod count,Open,High
INC-2026-900,2026-09-20T17:00:00,XYZ403,rlf,RLF cluster after successful HO on XYZ403,Too-late HO — A3 offset insufficient for fast UE,Reduced A3 offset and enabled time-to-trigger tuning,Closed,High
INC-2026-901,2026-09-21T00:00:00,XYZ401,call_drop,Voice drops during mobility on XYZ401,Missed Xn neighbor relation for inter-gNB HO,Rebalanced UPF sessions and scaled pod count,Closed,Critical
INC-2026-902,2026-09-21T08:00:00,XYZ403,rlf,RLF cluster after successful HO on XYZ403,Too-late HO — A3 offset insufficient for fast UE,Re-ran beam calibration procedure,Closed,High
INC-2026-903,2026-09-21T12:00:00,XYZ407,core,PDU session release without RF anomaly XYZ407,AMF subscription profile missing DNN,Restored F1 link and cleared cell barring,Closed,Medium
INC-2026-904,2026-09-21T17:00:00,XYZ402,throughput,DL speed below SLA on XYZ402,High DL BLER and rank-1 stuck — interferer on n77,Restored F1 link and cleared cell barring,Closed,Critical
INC-2026-905,2026-09-22T03:00:00,XYZ408,throughput,DL speed below SLA on XYZ408,High DL BLER and rank-1 stuck — interferer on n77,Added neighbor relation and tuned HO margins,Open,Medium
INC-2026-906,2026-09-22T09:00:00,XYZ402,rach,Registration failures at cell edge XYZ402,PRACH occasion collision with co-channel DAS,Adjusted PRACH configuration index and root sequence,In Progress,High
INC-2026-907,2026-09-22T16:00:00,XYZ403,beamforming,Beam failure ratio above threshold XYZ403,SSB beam weight drift after AAU firmware upgrade,Retuned electrical tilt and enabled IRC,Closed,High
INC-2026-908,2026-09-23T01:00:00,XYZ404,rlf,RLF cluster after successful HO on XYZ404,Too-late HO — A3 offset insufficient for fast UE,Rebalanced UPF sessions and scaled pod count,Closed,High
INC-2026-909,2026-09-23T09:00:00,XYZ403,rlf,RLF cluster after successful HO on XYZ403,Too-late HO — A3 offset insufficient for fast UE,Updated UDM subscription template,Closed,High
INC-2026-910,2026-09-23T12:00:00,XYZ404,latency,Video buffering on 5QI-9 during peak XYZ404,UPF cluster CPU saturation,Reduced A3 offset and enabled time-to-trigger tuning,Closed,Critical
INC-2026-911,2026-09-23T21:00:00,XYZ402,handover,HO prep/exec failure spike neighbor sector XYZ402,Target cell barred due to transport alarm on F1,Rebalanced UPF sessions and scaled pod count,Closed,High
INC-2026-912,2026-09-24T05:00:00,XYZ407,mobility,Network issue on XYZ407,Under investigation,Reduced A3 offset and enabled time-to-trigger tuning,Closed,Medium
INC-2026-913,2026-09-24T11:00:00,XYZ408,core,PDU session release without RF anomaly XYZ408,AMF subscription profile missing DNN,Updated UDM subscription template,Closed,Medium
INC-2026-914,2026-09-24T17:00:00,XYZ402,core,PDU session release without RF anomaly XYZ402,AMF subscription profile missing DNN,Adjusted PRACH configuration index and root sequence,Closed,High
INC-2026-915,2026-09-25T02:00:00,XYZ406,handover,HO prep/exec failure spike neighbor sector XYZ406,Target cell barred due to transport alarm on F1,Adjusted PRACH configuration index and root sequence,Closed,Medium
INC-2026-916,2026-09-25T10:00:00,XYZ404,core,PDU session release without RF anomaly XYZ404,AMF subscription profile missing DNN,Retuned electrical tilt and enabled IRC,Closed,High
INC-2026-917,2026-09-25T17:00:00,XYZ407,handover,HO prep/exec failure spike neighbor sector XYZ407,Target cell barred due to transport alarm on F1,Rebalanced UPF sessions and scaled pod count,Closed,Medium
INC-2026-918,2026-09-25T19:00:00,XYZ408,core,PDU session release without RF anomaly XYZ408,AMF subscription profile missing DNN,Rebalanced UPF sessions and scaled pod count,Closed,Medium
INC-2026-919,2026-09-26T02:00:00,XYZ405,handover,HO prep/exec failure spike neighbor sector XYZ405,Target cell barred due to transport alarm on F1,Re-ran beam calibration procedure,Closed,Medium
INC-2026-920,2026-09-26T11:00:00,XYZ401,latency,Video buffering on 5QI-9 during peak XYZ401,UPF cluster CPU saturation,Adjusted PRACH configuration index and root sequence,Closed,High
INC-2026-921,2026-09-26T21:00:00,XYZ401,transport,N3 throughput cap during evening peak XYZ401,Backhaul link at high utilization on core switch,Re-ran beam calibration procedure,Open,High
INC-2026-922,2026-09-27T03:00:00,XYZ402,rach,Registration failures at cell edge XYZ402,PRACH occasion collision with co-channel DAS,Adjusted PRACH configuration index and root sequence,Closed,Critical
INC-2026-923,2026-09-27T07:00:00,XYZ404,latency,Video buffering on 5QI-9 during peak XYZ404,UPF cluster CPU saturation,Restored F1 link and cleared cell barring,Closed,High
INC-2026-924,2026-09-27T17:00:00,XYZ403,throughput,DL speed below SLA on XYZ403,High DL BLER and rank-1 stuck — interferer on n77,Enabled QoS shaping and scheduled backhaul upgrade,Closed,High
INC-2026-925,2026-09-28T01:00:00,XYZ404,throughput,DL speed below SLA on XYZ404,High DL BLER and rank-1 stuck — interferer on n77,Added neighbor relation and tuned HO margins,Open,High
INC-2026-926,2026-09-28T05:00:00,XYZ403,core,PDU session release without RF anomaly XYZ403,AMF subscription profile missing DNN,Rebalanced UPF sessions and scaled pod count,Closed,High
INC-2026-927,2026-09-28T14:00:00,XYZ403,rlf,RLF cluster after successful HO on XYZ403,Too-late HO — A3 offset insufficient for fast UE,Adjusted PRACH configuration index and root sequence,Closed,High
INC-2026-928,2026-09-28T17:00:00,XYZ401,handover,HO prep/exec failure spike neighbor sector XYZ401,Target cell barred due to transport alarm on F1,Updated UDM subscription template,Closed,High
INC-2026-929,2026-09-29T00:00:00,XYZ406,handover,HO prep/exec failure spike neighbor sector XYZ406,Target cell barred due to transport alarm on F1,Re-ran beam calibration procedure,Closed,Medium
INC-2026-930,2026-09-29T11:00:00,XYZ408,handover,HO prep/exec failure spike neighbor sector XYZ408,Target cell barred due to transport alarm on F1,Restored F1 link and cleared cell barring,Open,Critical
INC-2026-931,2026-09-29T15:00:00,XYZ404,throughput,DL speed below SLA on XYZ404,High DL BLER and rank-1 stuck — interferer on n77,Re-ran beam calibration procedure,Closed,High
INC-2026-932,2026-09-30T02:00:00,XYZ409,call_drop,Voice drops during mobility on XYZ409,Missed Xn neighbor relation for inter-gNB HO,Adjusted PRACH configuration index and root sequence,Closed,Critical
INC-2026-933,2026-09-30T08:00:00,XYZ403,rlf,RLF cluster after successful HO on XYZ403,Too-late HO — A3 offset insufficient for fast UE,Added neighbor relation and tuned HO margins,Open,High
INC-2026-934,2026-09-30T11:00:00,XYZ405,handover,HO prep/exec failure spike neighbor sector XYZ405,Target cell barred due to transport alarm on F1,Restored F1 link and cleared cell barring,Closed,Medium
INC-2026-935,2026-09-30T18:00:00,XYZ402,throughput,DL speed below SLA on XYZ402,High DL BLER and rank-1 stuck — interferer on n77,Restored F1 link and cleared cell barring,Closed,High
INC-2026-936,2026-10-01T03:00:00,XYZ401,call_drop,Voice drops during mobility on XYZ401,Missed Xn neighbor relation for inter-gNB HO,Enabled QoS shaping and scheduled backhaul upgrade,Closed,High
INC-2026-937,2026-10-01T10:00:00,XYZ405,rlf,RLF cluster after successful HO on XYZ405,Too-late HO — A3 offset insufficient for fast UE,Restored F1 link and cleared cell barring,Closed,Medium
INC-2026-938,2026-10-01T16:00:00,XYZ401,call_drop,Voice drops during mobility on XYZ401,Missed Xn neighbor relation for inter-gNB HO,Adjusted PRACH configuration index and root sequence,Closed,High
INC-2026-939,2026-10-02T00:00:00,XYZ403,rlf,RLF cluster after successful HO on XYZ403,Too-late HO — A3 offset insufficient for fast UE,Re-ran beam calibration procedure,Closed,High
INC-2026-940,2026-10-02T07:00:00,XYZ402,latency,Video buffering on 5QI-9 during peak XYZ402,UPF cluster CPU saturation,Restored F1 link and cleared cell barring,Closed,High
INC-2026-941,2026-10-02T15:00:00,XYZ405,handover,HO prep/exec failure spike neighbor sector XYZ405,Target cell barred due to transport alarm on F1,Rebalanced UPF sessions and scaled pod count,Open,Medium
INC-2026-942,2026-10-02T21:00:00,XYZ401,call_drop,Voice drops during mobility on XYZ401,Missed Xn neighbor relation for inter-gNB HO,Reduced A3 offset and enabled time-to-trigger tuning,Closed,High
INC-2026-943,2026-10-03T07:00:00,XYZ404,throughput,DL speed below SLA on XYZ404,High DL BLER and rank-1 stuck — interferer on n77,Updated UDM subscription template,Closed,High
INC-2026-944,2026-10-03T14:00:00,XYZ404,throughput,DL speed below SLA on XYZ404,High DL BLER and rank-1 stuck — interferer on n77,Restored F1 link and cleared cell barring,Closed,High
INC-2026-945,2026-10-03T18:00:00,XYZ405,handover,HO prep/exec failure spike neighbor sector XYZ405,Target cell barred due to transport alarm on F1,Rebalanced UPF sessions and scaled pod count,Closed,Medium
INC-2026-946,2026-10-03T23:00:00,XYZ404,throughput,DL speed below SLA on XYZ404,High DL BLER and rank-1 stuck — interferer on n77,Re-ran beam calibration procedure,Closed,High
INC-2026-947,2026-10-04T09:00:00,XYZ401,call_drop,Voice drops during mobility on XYZ401,Missed Xn neighbor relation for inter-gNB HO,Reduced A3 offset and enabled time-to-trigger tuning,Open,High
INC-2026-948,2026-10-04T17:00:00,XYZ403,handover,HO prep/exec failure spike neighbor sector XYZ403,Target cell barred due to transport alarm on F1,Re-ran beam calibration procedure,Closed,High
INC-2026-949,2026-10-04T23:00:00,XYZ401,call_drop,Voice drops during mobility on XYZ401,Missed Xn neighbor relation for inter-gNB HO,Added neighbor relation and tuned HO margins,Closed,Critical
INC-2026-950,2026-10-05T04:00:00,XYZ402,rlf,RLF cluster after successful HO on XYZ402,Too-late HO — A3 offset insufficient for fast UE,Added neighbor relation and tuned HO margins,Closed,High
INC-2026-951,2026-10-05T15:00:00,XYZ402,rach,Registration failures at cell edge XYZ402,PRACH occasion collision with co-channel DAS,Re-ran beam calibration procedure,Closed,High
INC-2026-952,2026-10-05T22:00:00,XYZ403,beamforming,Beam failure ratio above threshold XYZ403,SSB beam weight drift after AAU firmware upgrade,Added neighbor relation and tuned HO margins,Closed,High
INC-2026-953,2026-10-06T03:00:00,XYZ406,transport,N3 throughput cap during evening peak XYZ406,Backhaul link at high utilization on core switch,Adjusted PRACH configuration index and root sequence,Closed,Medium
INC-2026-954,2026-10-06T09:00:00,XYZ407,mobility,Network issue on XYZ407,Under investigation,Updated UDM subscription template,Closed,Medium
INC-2026-955,2026-10-06T19:00:00,XYZ403,transport,N3 throughput cap during evening peak XYZ403,Backhaul link at high utilization on core switch,Updated UDM subscription template,Closed,High
INC-2026-956,2026-10-07T00:00:00,XYZ410,core,PDU session release without RF anomaly XYZ410,AMF subscription profile missing DNN,Updated UDM subscription template,Closed,Low
INC-2026-957,2026-10-07T06:00:00,XYZ404,throughput,DL speed below SLA on XYZ404,High DL BLER and rank-1 stuck — interferer on n77,Restored F1 link and cleared cell barring,Closed,High
INC-2026-958,2026-10-07T14:00:00,XYZ402,handover,HO prep/exec failure spike neighbor sector XYZ402,Target cell barred due to transport alarm on F1,Rebalanced UPF sessions and scaled pod count,Open,High
INC-2026-959,2026-10-07T23:00:00,XYZ402,rach,Registration failures at cell edge XYZ402,PRACH occasion collision with co-channel DAS,Enabled QoS shaping and scheduled backhaul upgrade,Closed,High
INC-2026-960,2026-10-08T02:00:00,XYZ404,throughput,DL speed below SLA on XYZ404,High DL BLER and rank-1 stuck — interferer on n77,Enabled QoS shaping and scheduled backhaul upgrade,In Progress,High
INC-2026-961,2026-10-08T11:00:00,XYZ409,rach,Registration failures at cell edge XYZ409,PRACH occasion collision with co-channel DAS,Restored F1 link and cleared cell barring,Closed,Low
INC-2026-962,2026-10-08T19:00:00,XYZ404,throughput,DL speed below SLA on XYZ404,High DL BLER and rank-1 stuck — interferer on n77,Updated UDM subscription template,Open,High
INC-2026-963,2026-10-09T01:00:00,XYZ404,throughput,DL speed below SLA on XYZ404,High DL BLER and rank-1 stuck — interferer on n77,Reduced A3 offset and enabled time-to-trigger tuning,Closed,High
INC-2026-964,2026-10-09T10:00:00,XYZ402,rach,Registration failures at cell edge XYZ402,PRACH occasion collision with co-channel DAS,Enabled QoS shaping and scheduled backhaul upgrade,Closed,Critical
INC-2026-965,2026-10-09T15:00:00,XYZ403,rlf,RLF cluster after successful HO on XYZ403,Too-late HO — A3 offset insufficient for fast UE,Added neighbor relation and tuned HO margins,Closed,High
INC-2026-966,2026-10-09T19:00:00,XYZ401,call_drop,Voice drops during mobility on XYZ401,Missed Xn neighbor relation for inter-gNB HO,Re-ran beam calibration procedure,Closed,High
INC-2026-967,2026-10-10T07:00:00,XYZ402,rlf,RLF cluster after successful HO on XYZ402,Too-late HO — A3 offset insufficient for fast UE,Added neighbor relation and tuned HO margins,Closed,Critical
INC-2026-968,2026-10-10T11:00:00,XYZ402,rach,Registration failures at cell edge XYZ402,PRACH occasion collision with co-channel DAS,Reduced A3 offset and enabled time-to-trigger tuning,Closed,High
INC-2026-969,2026-10-10T20:00:00,XYZ410,beamforming,Beam failure ratio above threshold XYZ410,SSB beam weight drift after AAU firmware upgrade,Re-ran beam calibration procedure,Closed,Low
INC-2026-970,2026-10-11T00:00:00,XYZ408,rlf,RLF cluster after successful HO on XYZ408,Too-late HO — A3 offset insufficient for fast UE,Rebalanced UPF sessions and scaled pod count,Closed,Critical
INC-2026-971,2026-10-11T09:00:00,XYZ405,beamforming,Beam failure ratio above threshold XYZ405,SSB beam weight drift after AAU firmware upgrade,Enabled QoS shaping and scheduled backhaul upgrade,Open,Medium
INC-2026-972,2026-10-11T18:00:00,XYZ401,call_drop,Voice drops during mobility on XYZ401,Missed Xn neighbor relation for inter-gNB HO,Enabled QoS shaping and scheduled backhaul upgrade,Closed,High
INC-2026-973,2026-10-11T22:00:00,XYZ408,core,PDU session release without RF anomaly XYZ408,AMF subscription profile missing DNN,Enabled QoS shaping and scheduled backhaul upgrade,Open,Medium
INC-2026-974,2026-10-12T06:00:00,XYZ402,rach,Registration failures at cell edge XYZ402,PRACH occasion collision with co-channel DAS,Rebalanced UPF sessions and scaled pod count,Closed,High
INC-2026-975,2026-10-12T11:00:00,XYZ401,call_drop,Voice drops during mobility on XYZ401,Missed Xn neighbor relation for inter-gNB HO,Restored F1 link and cleared cell barring,Closed,High
INC-2026-976,2026-10-12T21:00:00,XYZ408,call_drop,Voice drops during mobility on XYZ408,Missed Xn neighbor relation for inter-gNB HO,Added neighbor relation and tuned HO margins,Closed,Medium
INC-2026-977,2026-10-13T03:00:00,XYZ407,latency,Video buffering on 5QI-9 during peak XYZ407,UPF cluster CPU saturation,Added neighbor relation and tuned HO margins,Open,Medium
INC-2026-978,2026-10-13T10:00:00,XYZ402,call_drop,Voice drops during mobility on XYZ402,Missed Xn neighbor relation for inter-gNB HO,Retuned electrical tilt and enabled IRC,Closed,High
INC-2026-979,2026-10-13T16:00:00,XYZ407,core,PDU session release without RF anomaly XYZ407,AMF subscription profile missing DNN,Restored F1 link and cleared cell barring,Closed,Critical
INC-2026-980,2026-10-13T21:00:00,XYZ404,rlf,RLF cluster after successful HO on XYZ404,Too-late HO — A3 offset insufficient for fast UE,Enabled QoS shaping and scheduled backhaul upgrade,Closed,High
INC-2026-981,2026-10-14T07:00:00,XYZ402,rach,Registration failures at cell edge XYZ402,PRACH occasion collision with co-channel DAS,Adjusted PRACH configuration index and root sequence,Open,High
INC-2026-982,2026-10-14T12:00:00,XYZ402,rach,Registration failures at cell edge XYZ402,PRACH occasion collision with co-channel DAS,Reduced A3 offset and enabled time-to-trigger tuning,Open,High
INC-2026-983,2026-10-14T21:00:00,XYZ407,mobility,Network issue on XYZ407,Under investigation,Re-ran beam calibration procedure,Closed,Medium
INC-2026-984,2026-10-15T03:00:00,XYZ407,throughput,DL speed below SLA on XYZ407,High DL BLER and rank-1 stuck — interferer on n77,Enabled QoS shaping and scheduled backhaul upgrade,Closed,Medium
INC-2026-985,2026-10-15T13:00:00,XYZ403,rlf,RLF cluster after successful HO on XYZ403,Too-late HO — A3 offset insufficient for fast UE,Added neighbor relation and tuned HO margins,Closed,High
INC-2026-986,2026-10-15T17:00:00,XYZ410,call_drop,Voice drops during mobility on XYZ410,Missed Xn neighbor relation for inter-gNB HO,Added neighbor relation and tuned HO margins,Closed,Low
INC-2026-987,2026-10-15T22:00:00,XYZ404,latency,Video buffering on 5QI-9 during peak XYZ404,UPF cluster CPU saturation,Updated UDM subscription template,Closed,High
INC-2026-988,2026-10-16T09:00:00,XYZ403,rlf,RLF cluster after successful HO on XYZ403,Too-late HO — A3 offset insufficient for fast UE,Updated UDM subscription template,Closed,Critical
INC-2026-989,2026-10-16T13:00:00,XYZ401,call_drop,Voice drops during mobility on XYZ401,Missed Xn neighbor relation for inter-gNB HO,Enabled QoS shaping and scheduled backhaul upgrade,Closed,Critical
INC-2026-990,2026-10-16T19:00:00,XYZ402,rach,Registration failures at cell edge XYZ402,PRACH occasion collision with co-channel DAS,Enabled QoS shaping and scheduled backhaul upgrade,Closed,Critical
INC-2026-991,2026-10-17T06:00:00,XYZ403,rlf,RLF cluster after successful HO on XYZ403,Too-late HO — A3 offset insufficient for fast UE,Updated UDM subscription template,Closed,High
INC-2026-992,2026-10-17T13:00:00,XYZ403,handover,HO prep/exec failure spike neighbor sector XYZ403,Target cell barred due to transport alarm on F1,Rebalanced UPF sessions and scaled pod count,Closed,High
INC-2026-993,2026-10-17T21:00:00,XYZ404,throughput,DL speed below SLA on XYZ404,High DL BLER and rank-1 stuck — interferer on n77,Re-ran beam calibration procedure,Closed,Critical
INC-2026-994,2026-10-18T00:00:00,XYZ402,handover,HO prep/exec failure spike neighbor sector XYZ402,Target cell barred due to transport alarm on F1,Restored F1 link and cleared cell barring,In Progress,High
INC-2026-995,2026-10-18T10:00:00,XYZ402,rach,Registration failures at cell edge XYZ402,PRACH occasion collision with co-channel DAS,Added neighbor relation and tuned HO margins,Closed,High
INC-2026-996,2026-10-18T17:00:00,XYZ401,rach,Registration failures at cell edge XYZ401,PRACH occasion collision with co-channel DAS,Enabled QoS shaping and scheduled backhaul upgrade,In Progress,High
INC-2026-997,2026-10-18T21:00:00,XYZ406,beamforming,Beam failure ratio above threshold XYZ406,SSB beam weight drift after AAU firmware upgrade,Rebalanced UPF sessions and scaled pod count,Closed,Medium
INC-2026-998,2026-10-19T03:00:00,XYZ405,handover,HO prep/exec failure spike neighbor sector XYZ405,Target cell barred due to transport alarm on F1,Retuned electrical tilt and enabled IRC,Closed,Medium
INC-2026-999,2026-10-19T13:00:00,XYZ409,throughput,DL speed below SLA on XYZ409,High DL BLER and rank-1 stuck — interferer on n77,Re-ran beam calibration procedure,Closed,Low
INC-2026-1000,2026-10-19T18:00:00,XYZ403,rlf,RLF cluster after successful HO on XYZ403,Too-late HO — A3 offset insufficient for fast UE,Added neighbor relation and tuned HO margins,Closed,Critical
