timestamp,ue_id,latitude,longitude,cell_id,sector,rsrp_dbm,sinr_db,dl_tp_mbps,latency_ms,coverage_status,beam_id,beam_health_score,hotspot_type
2026-07-01 00:00:00,UE00000,32.96037961495144,-96.99486340817693,XYZ401,A,-99,11,349,114,Coverage_Hole,1,64,coverage_hole
2026-07-01 01:00:00,UE00001,32.95623842771268,-97.0295271575902,XYZ402,A,-119,-4,82,105,Fair,2,5,coverage_hole
2026-07-01 03:00:00,UE00003,32.926346228172925,-97.00843124463655,XYZ401,B,-93,10,344,20,Coverage_Hole,4,58,coverage_hole
2026-07-01 08:00:00,UE00008,32.91069490641537,-96.98676519324114,XYZ403,C,-101,9,396,73,Coverage_Hole,3,55,coverage_hole
2026-07-01 11:00:00,UE00011,32.93455907254406,-96.93438324478132,XYZ403,B,-124,-2,109,101,Good,6,13,coverage_hole
2026-07-01 14:00:00,UE00014,32.917124480946924,-97.02754112223296,XYZ403,B,-117,1,194,126,Poor,3,23,coverage_hole
2026-07-01 20:00:00,UE00020,32.92104328790031,-97.03247027263218,XYZ403,B,-120,-1,161,16,Fair,3,15,coverage_hole
2026-07-01 22:00:00,UE00022,32.97536121807113,-96.97678012004243,XYZ402,B,-121,4,251,72,Fair,5,36,coverage_hole
2026-07-01 01:00:00,UE00025,32.935010479170074,-96.96471236907324,XYZ402,B,-86,13,369,107,Coverage_Hole,2,68,coverage_hole
2026-07-01 05:00:00,UE00029,32.91734782050177,-96.9503455116328,XYZ403,B,-114,7,294,128,Coverage_Hole,6,47,coverage_hole
2026-07-01 06:00:00,UE00030,32.89419713568289,-97.00032962659712,XYZ401,C,-110,-8,49,76,Coverage_Hole,1,5,coverage_hole
2026-07-01 08:00:00,UE00032,32.92949483490553,-96.97101103090452,XYZ403,A,-82,17,454,37,Coverage_Hole,3,84,coverage_hole
2026-07-01 09:00:00,UE00033,32.976438646623414,-96.9932539587968,XYZ401,A,-115,2,267,116,Good,4,28,coverage_hole
2026-07-01 12:00:00,UE00036,32.91928870849824,-97.02576189613166,XYZ401,B,-114,-3,112,58,Coverage_Hole,1,10,coverage_hole
2026-07-01 14:00:00,UE00038,32.97523944482476,-96.99791789133324,XYZ403,B,-116,-3,126,74,Excellent,3,11,coverage_hole
2026-07-01 17:00:00,UE00041,32.89599559307294,-96.97593176051672,XYZ403,A,-121,-2,154,116,Coverage_Hole,6,13,coverage_hole
2026-07-01 18:00:00,UE00042,32.93668458360493,-97.0293015565604,XYZ401,B,-117,-1,121,79,Good,1,16,coverage_hole
2026-07-01 22:00:00,UE00046,32.924779348737445,-97.00014155401227,XYZ402,A,-94,9,356,19,Coverage_Hole,5,54,coverage_hole
2026-07-01 02:00:00,UE00050,32.96880249760459,-96.95995141353934,XYZ403,C,-120,0,178,114,Poor,3,21,coverage_hole
2026-07-01 04:00:00,UE00052,32.96918008041554,-96.96013577812435,XYZ402,C,-111,0,214,89,Coverage_Hole,5,21,coverage_hole
2026-07-01 05:00:00,UE00053,32.94973301376032,-96.94326832263565,XYZ403,B,-116,-5,80,78,Fair,6,5,coverage_hole
2026-07-01 06:00:00,UE00054,32.9170118346544,-96.94003607664304,XYZ401,A,-123,1,183,54,Coverage_Hole,1,23,coverage_hole
2026-07-01 08:00:00,UE00056,32.92760779559066,-97.03427219091492,XYZ403,C,-114,0,203,92,Coverage_Hole,3,20,coverage_hole
2026-07-01 09:00:00,UE00057,32.92140553102848,-97.02146497611788,XYZ401,A,-101,1,188,39,Coverage_Hole,4,22,coverage_hole
2026-07-01 10:00:00,UE00058,32.90562613076702,-97.0199102131508,XYZ402,C,-121,1,201,41,Excellent,5,24,coverage_hole
2026-07-01 11:00:00,UE00059,32.93526716184401,-96.956280018842,XYZ403,C,-94,9,337,114,Coverage_Hole,6,54,coverage_hole
2026-07-01 13:00:00,UE00061,32.938645668672734,-96.95518986319033,XYZ402,A,-108,5,314,111,Coverage_Hole,2,39,coverage_hole
2026-07-01 14:00:00,UE00062,32.95605394728494,-96.94955245419932,XYZ403,C,-104,5,295,37,Coverage_Hole,3,39,coverage_hole
2026-07-01 15:00:00,UE00063,32.94192681744735,-96.965790479584,XYZ401,A,-96,14,400,23,Coverage_Hole,4,74,coverage_hole
2026-07-01 20:00:00,UE00068,32.93158399406414,-96.95381871476552,XYZ403,A,-106,11,349,71,Coverage_Hole,3,64,coverage_hole
2026-07-01 21:00:00,UE00069,32.917195547248205,-96.95136384996744,XYZ401,B,-105,3,244,46,Coverage_Hole,4,31,coverage_hole
2026-07-01 22:00:00,UE00070,32.92261047138858,-96.95568239069972,XYZ402,A,-102,3,256,74,Coverage_Hole,5,31,coverage_hole
2026-07-01 00:00:00,UE00072,32.94301547638953,-97.03545071741064,XYZ401,B,-116,-5,88,23,Excellent,1,5,coverage_hole
2026-07-01 02:00:00,UE00074,32.90736236613457,-96.9846765704522,XYZ403,B,-105,7,285,26,Coverage_Hole,3,48,coverage_hole
2026-07-01 03:00:00,UE00075,32.90220316768201,-96.95839257055344,XYZ401,A,-116,3,266,35,Poor,4,31,coverage_hole
2026-07-01 04:00:00,UE00076,32.92427980900612,-96.94318534757396,XYZ402,B,-115,8,370,50,Coverage_Hole,5,49,coverage_hole
2026-07-01 10:00:00,UE00082,32.909350355976144,-96.943471480107,XYZ402,B,-120,1,189,39,Excellent,5,23,coverage_hole
2026-07-01 13:00:00,UE00085,32.93988335825977,-96.93813733032292,XYZ402,A,-115,-2,159,68,Fair,2,13,coverage_hole
2026-07-01 14:00:00,UE00086,32.901849930158704,-96.99147263778774,XYZ403,B,-108,-2,161,27,Coverage_Hole,3,13,coverage_hole
2026-07-01 16:00:00,UE00088,32.934652853917044,-96.95772566069996,XYZ402,A,-99,6,227,128,Coverage_Hole,5,41,coverage_hole
2026-07-01 17:00:00,UE00089,32.897727769873164,-97.00657162419442,XYZ403,A,-113,4,295,73,Coverage_Hole,6,36,coverage_hole
2026-07-01 18:00:00,UE00090,32.92214532549816,-97.03003828677149,XYZ401,C,-110,3,194,56,Coverage_Hole,1,30,coverage_hole
2026-07-01 21:00:00,UE00093,32.92521125599474,-97.02915619156468,XYZ401,C,-115,0,205,113,Fair,4,21,coverage_hole
2026-07-01 22:00:00,UE00094,32.907731256238606,-96.95134671076168,XYZ402,A,-116,1,155,113,Coverage_Hole,5,24,coverage_hole
2026-07-01 04:00:00,UE00100,32.93574038063979,-96.96844203522777,XYZ402,B,-81,13,414,111,Coverage_Hole,5,68,coverage_hole
2026-07-01 20:00:00,UE00116,32.909330872153994,-96.97497144369412,XYZ403,B,-105,2,186,80,Coverage_Hole,3,29,coverage_hole
2026-07-01 21:00:00,UE00117,32.894928579503166,-96.99095900086976,XYZ401,C,-116,-1,128,57,Good,4,15,coverage_hole
2026-07-01 00:00:00,UE00120,32.95410385345402,-97.0310826806651,XYZ401,B,-121,-2,151,21,Good,1,12,coverage_hole
2026-07-01 03:00:00,UE00123,32.89508673523606,-96.97701507509504,XYZ401,B,-120,0,160,87,Excellent,4,21,coverage_hole
2026-07-01 04:00:00,UE00124,32.963318887410026,-96.9462748749188,XYZ402,B,-120,2,244,33,Coverage_Hole,5,29,coverage_hole
2026-07-01 06:00:00,UE00126,32.93934534602561,-96.94278876732749,XYZ401,B,-116,0,171,101,Poor,1,21,coverage_hole
2026-07-01 07:00:00,UE00127,32.9476166348808,-96.9888835312996,XYZ402,A,-84,16,477,30,Coverage_Hole,2,82,coverage_hole
2026-07-01 09:00:00,UE00129,32.970699073266026,-96.97537811035268,XYZ401,A,-115,-1,112,89,Good,4,15,coverage_hole
2026-07-01 11:00:00,UE00131,32.92201950433491,-96.94184754394742,XYZ403,B,-114,-2,145,24,Coverage_Hole,6,13,coverage_hole
2026-07-01 16:00:00,UE00136,32.91935549244782,-97.01235397142788,XYZ402,B,-101,0,156,69,Coverage_Hole,5,21,coverage_hole
2026-07-01 01:00:00,UE00145,32.913773960320185,-96.99239267967528,XYZ402,C,-103,11,445,100,Coverage_Hole,2,62,coverage_hole
2026-07-01 05:00:00,UE00149,32.97203520135046,-96.97525748645444,XYZ403,C,-116,2,213,84,Coverage_Hole,6,28,coverage_hole
2026-07-01 06:00:00,UE00150,32.94165747409522,-97.02599798353944,XYZ401,B,-111,0,144,60,Coverage_Hole,1,20,coverage_hole
2026-07-01 13:00:00,UE00157,32.973129505514414,-96.9924387820818,XYZ402,B,-117,-5,81,121,Excellent,2,5,coverage_hole
2026-07-01 15:00:00,UE00159,32.961418444804494,-96.94469640866684,XYZ401,A,-120,0,166,75,Coverage_Hole,4,21,coverage_hole
2026-07-01 18:00:00,UE00162,32.94677062943249,-97.03448970769976,XYZ401,C,-125,-2,137,118,Excellent,1,12,coverage_hole
2026-07-01 01:00:00,UE00169,32.94852627902561,-96.94364855332672,XYZ402,C,-116,6,295,105,Good,2,41,coverage_hole
2026-07-01 02:00:00,UE00170,32.925381339018465,-97.01240681902031,XYZ403,B,-102,9,328,39,Coverage_Hole,3,54,coverage_hole
2026-07-01 11:00:00,UE00179,32.937934115407,-96.9359762780531,XYZ403,A,-125,-6,47,27,Excellent,6,5,coverage_hole
2026-07-01 13:00:00,UE00181,32.89867315757788,-97.00720235828229,XYZ402,A,-115,-3,116,123,Coverage_Hole,2,9,coverage_hole
2026-07-01 21:00:00,UE00189,32.952549459962995,-96.98890774159229,XYZ401,B,-98,12,357,65,Coverage_Hole,4,66,coverage_hole
2026-07-01 23:00:00,UE00191,32.89240816584347,-96.97809633494089,XYZ403,A,-122,-2,153,65,Poor,6,13,coverage_hole
2026-07-01 00:00:00,UE00192,32.91262050266347,-96.9999873831748,XYZ401,C,-102,3,224,96,Coverage_Hole,1,31,coverage_hole
2026-07-01 07:00:00,UE00199,32.92371808830125,-96.97528670612398,XYZ402,C,-94,16,400,28,Coverage_Hole,2,81,coverage_hole
2026-07-01 08:00:00,UE00200,32.89297221577804,-96.99235948211364,XYZ403,B,-118,-3,150,104,Poor,3,10,coverage_hole
2026-07-01 09:00:00,UE00201,32.90215890245775,-96.95722887419409,XYZ401,A,-118,-2,109,119,Coverage_Hole,4,13,coverage_hole
2026-07-01 12:00:00,UE00204,32.930051357079186,-96.9415950644969,XYZ401,B,-115,0,200,95,Coverage_Hole,1,21,coverage_hole
2026-07-01 13:00:00,UE00205,32.971633208971305,-96.96025212824983,XYZ402,C,-116,-5,92,63,Coverage_Hole,2,5,coverage_hole
2026-07-01 23:00:00,UE00215,32.9729742288776,-96.96195337723334,XYZ403,C,-122,-4,77,59,Poor,6,5,coverage_hole
2026-07-01 01:00:00,UE00217,32.9271177672403,-96.97967306162364,XYZ402,B,-82,14,530,76,Coverage_Hole,2,74,coverage_hole
2026-07-01 03:00:00,UE00219,32.953439276457445,-96.99210900560524,XYZ401,B,-95,11,394,20,Coverage_Hole,4,63,coverage_hole
2026-07-01 04:00:00,UE00220,32.97595537087193,-96.99767547427622,XYZ402,C,-115,-2,116,108,Excellent,5,12,coverage_hole
2026-07-01 06:00:00,UE00222,32.93561368319651,-96.95911181018988,XYZ401,B,-94,8,365,129,Coverage_Hole,1,51,coverage_hole
2026-07-01 10:00:00,UE00226,32.89563736449981,-96.99868233657132,XYZ402,B,-118,-3,140,29,Fair,5,10,coverage_hole
2026-07-01 16:00:00,UE00232,32.96310454569624,-96.95298461625302,XYZ402,A,-114,0,154,17,Coverage_Hole,5,21,coverage_hole
2026-07-01 17:00:00,UE00233,32.892735986463755,-96.98401685014058,XYZ403,C,-121,-3,147,49,Good,6,9,coverage_hole
2026-07-01 19:00:00,UE00235,32.94121935717064,-96.93518379627685,XYZ402,C,-116,-1,141,71,Fair,2,15,coverage_hole
2026-07-01 20:00:00,UE00236,32.974878855519265,-96.9906222235994,XYZ403,A,-120,0,157,41,Excellent,3,21,coverage_hole
2026-07-01 21:00:00,UE00237,32.95558413648615,-97.0087824244752,XYZ401,A,-109,7,262,80,Coverage_Hole,4,47,coverage_hole
2026-07-01 22:00:00,UE00238,32.931047377376565,-97.03084924537688,XYZ402,B,-112,-1,140,77,Coverage_Hole,5,14,coverage_hole
2026-07-01 23:00:00,UE00239,32.96930428076449,-96.95429630314284,XYZ403,A,-115,-2,118,90,Good,6,12,coverage_hole
2026-07-01 05:00:00,UE00245,32.923895679457715,-97.00447142380126,XYZ403,C,-99,5,280,24,Coverage_Hole,6,40,coverage_hole
2026-07-01 06:00:00,UE00246,32.90420424581783,-96.95760058319644,XYZ401,A,-120,0,164,20,Coverage_Hole,1,20,coverage_hole
2026-07-01 08:00:00,UE00248,32.93300765435177,-96.977924306458,XYZ403,B,-86,18,632,52,Coverage_Hole,3,90,coverage_hole
2026-07-01 11:00:00,UE00251,32.955208750260326,-97.00185602303198,XYZ403,C,-99,1,207,44,Coverage_Hole,6,22,coverage_hole
2026-07-01 13:00:00,UE00253,32.93195109409049,-97.01833861070104,XYZ402,B,-99,11,358,29,Coverage_Hole,2,64,coverage_hole
2026-07-01 14:00:00,UE00254,32.93571663645561,-97.01855362159073,XYZ403,C,-102,8,346,27,Coverage_Hole,3,50,coverage_hole
2026-07-01 15:00:00,UE00255,32.898761162151686,-96.98403481680236,XYZ401,A,-111,3,226,81,Coverage_Hole,4,30,coverage_hole
2026-07-01 16:00:00,UE00256,32.905722606938006,-97.01459381784764,XYZ402,A,-111,2,259,68,Coverage_Hole,5,29,coverage_hole
2026-07-01 17:00:00,UE00257,32.956841394644265,-97.02430866388282,XYZ403,A,-122,-1,132,59,Coverage_Hole,6,14,coverage_hole
2026-07-01 21:00:00,UE00261,32.941109626744215,-96.96511349830274,XYZ401,B,-93,13,446,115,Coverage_Hole,4,67,coverage_hole
2026-07-01 00:00:00,UE00264,32.922106137103384,-97.00778309450963,XYZ401,A,-96,10,429,42,Coverage_Hole,1,58,coverage_hole
2026-07-01 01:00:00,UE00265,32.936727670692406,-96.93666988006724,XYZ402,C,-117,-1,125,118,Fair,2,15,coverage_hole
2026-07-01 02:00:00,UE00266,32.92453677532718,-97.03019638549716,XYZ403,A,-111,2,221,27,Coverage_Hole,3,29,coverage_hole
2026-07-01 03:00:00,UE00267,32.89982592795717,-97.00372731477192,XYZ401,C,-109,-4,72,93,Coverage_Hole,4,5,coverage_hole
2026-07-01 07:00:00,UE00271,32.953575250966296,-97.02131450837209,XYZ402,B,-108,5,306,17,Coverage_Hole,2,39,coverage_hole
2026-07-01 09:00:00,UE00273,32.94806175056039,-97.00325798073298,XYZ401,C,-97,11,370,98,Coverage_Hole,4,63,coverage_hole
2026-07-01 12:00:00,UE00276,32.90878439420025,-96.94998900361767,XYZ401,B,-119,-3,117,102,Fair,1,9,coverage_hole
2026-07-01 13:00:00,UE00277,32.94586055986081,-97.02188509479996,XYZ402,A,-107,0,154,79,Coverage_Hole,2,20,coverage_hole
2026-07-01 15:00:00,UE00279,32.976991655120194,-96.98021552002166,XYZ401,A,-125,3,230,113,Poor,4,31,coverage_hole
2026-07-01 18:00:00,UE00282,32.95754833642496,-96.9688768269924,XYZ401,B,-97,7,274,99,Coverage_Hole,1,46,coverage_hole
2026-07-01 20:00:00,UE00284,32.90248806937191,-97.00979538202786,XYZ403,B,-110,4,271,107,Coverage_Hole,3,36,coverage_hole
2026-07-01 22:00:00,UE00286,32.93594674896727,-97.0314080515638,XYZ402,C,-116,-3,149,76,Good,5,10,coverage_hole
2026-07-01 02:00:00,UE00290,32.96900793632025,-96.95987380067072,XYZ403,A,-114,0,211,125,Coverage_Hole,3,20,coverage_hole
2026-07-01 05:00:00,UE00293,32.96958803361387,-97.00143514323511,XYZ403,B,-108,1,156,124,Coverage_Hole,6,22,coverage_hole
2026-07-01 09:00:00,UE00297,32.94426141218228,-96.9814182667753,XYZ401,C,-88,22,611,95,Coverage_Hole,4,100,coverage_hole
2026-07-01 10:00:00,UE00298,32.95614221793278,-96.9464946547578,XYZ402,C,-113,-2,153,124,Coverage_Hole,5,13,coverage_hole
2026-07-01 15:00:00,UE00303,32.914125225389874,-96.98558185900208,XYZ401,C,-95,9,419,44,Coverage_Hole,4,54,coverage_hole
2026-07-01 21:00:00,UE00309,32.89841135738014,-96.96107807409038,XYZ401,A,-124,1,185,18,Fair,4,24,coverage_hole
2026-07-01 23:00:00,UE00311,32.92226599577266,-96.98026400609012,XYZ403,C,-86,13,358,29,Coverage_Hole,6,69,coverage_hole
2026-07-01 01:00:00,UE00313,32.94766903724373,-96.94465075408894,XYZ402,B,-116,3,260,84,Poor,2,30,coverage_hole
2026-07-01 03:00:00,UE00315,32.91416163446532,-97.0240821500958,XYZ401,B,-109,0,177,80,Coverage_Hole,4,21,coverage_hole
2026-07-01 08:00:00,UE00320,32.89807535580203,-96.9831524664674,XYZ403,A,-107,2,252,117,Coverage_Hole,3,29,coverage_hole
2026-07-01 10:00:00,UE00322,32.90510503715675,-97.01643897934972,XYZ402,C,-120,0,149,92,Coverage_Hole,5,20,coverage_hole
2026-07-01 11:00:00,UE00323,32.962746000249254,-96.9511886186424,XYZ403,A,-113,-1,132,41,Coverage_Hole,6,14,coverage_hole
2026-07-01 12:00:00,UE00324,32.912259222147945,-96.95092965287168,XYZ401,C,-107,1,184,39,Coverage_Hole,1,22,coverage_hole
2026-07-01 14:00:00,UE00326,32.94773273298106,-97.02173894765262,XYZ403,C,-113,0,192,47,Coverage_Hole,3,21,coverage_hole
2026-07-01 15:00:00,UE00327,32.9235270901714,-97.0221395967851,XYZ401,A,-104,5,269,74,Coverage_Hole,4,38,coverage_hole
2026-07-01 19:00:00,UE00331,32.93611144783586,-97.01777344389724,XYZ402,C,-112,2,202,125,Coverage_Hole,2,28,coverage_hole
2026-07-01 05:00:00,UE00341,32.92466811223189,-97.00655484833352,XYZ403,C,-97,7,275,20,Coverage_Hole,6,48,coverage_hole
2026-07-01 06:00:00,UE00342,32.91264449624091,-96.96101178238084,XYZ401,A,-106,5,222,81,Coverage_Hole,1,39,coverage_hole
2026-07-01 08:00:00,UE00344,32.976909871675105,-96.99022444332536,XYZ403,C,-114,0,155,83,Coverage_Hole,3,20,coverage_hole
2026-07-01 09:00:00,UE00345,32.93210096941237,-96.96995872579087,XYZ401,A,-93,15,419,82,Coverage_Hole,4,77,coverage_hole
2026-07-01 12:00:00,UE00348,32.948279535862106,-97.02976030685817,XYZ401,B,-117,0,183,36,Poor,1,21,coverage_hole
2026-07-01 13:00:00,UE00349,32.97828115510204,-96.98160943802552,XYZ402,C,-115,1,153,129,Coverage_Hole,2,23,coverage_hole
2026-07-01 14:00:00,UE00350,32.90524215086449,-97.00345695612852,XYZ403,B,-109,0,185,62,Coverage_Hole,3,20,coverage_hole
2026-07-01 18:00:00,UE00354,32.96720516432891,-97.0085104377286,XYZ401,A,-117,1,158,59,Excellent,1,23,coverage_hole
2026-07-01 19:00:00,UE00355,32.9456130135945,-96.97744819516122,XYZ402,C,-89,10,328,29,Coverage_Hole,2,58,coverage_hole
2026-07-01 02:00:00,UE00362,32.917653358135034,-97.03110506789577,XYZ403,C,-116,-8,45,89,Fair,3,5,coverage_hole
2026-07-01 11:00:00,UE00371,32.93459606797038,-96.99918893882148,XYZ403,C,-92,17,577,128,Coverage_Hole,6,84,coverage_hole
2026-07-01 17:00:00,UE00377,32.96507876388636,-97.01550547544709,XYZ403,C,-116,-3,128,110,Good,6,10,coverage_hole
2026-07-01 22:00:00,UE00382,32.91576540083218,-96.98067809559268,XYZ402,B,-98,12,467,77,Coverage_Hole,5,66,coverage_hole
2026-07-01 07:00:00,UE00391,32.919901643016466,-97.00952549899344,XYZ402,C,-102,5,280,20,Coverage_Hole,2,38,coverage_hole
2026-07-01 08:00:00,UE00392,32.95708034989599,-97.02254894303896,XYZ403,C,-114,-3,146,107,Coverage_Hole,3,11,coverage_hole
2026-07-01 13:00:00,UE00397,32.97137685065971,-96.97503291639404,XYZ402,C,-120,0,144,24,Coverage_Hole,2,20,coverage_hole
2026-07-01 15:00:00,UE00399,32.94276903196321,-97.01935404523437,XYZ401,A,-111,0,195,16,Coverage_Hole,4,21,coverage_hole
2026-07-01 17:00:00,UE00401,32.90254419833423,-96.98926127588788,XYZ403,C,-107,-2,144,68,Coverage_Hole,6,12,coverage_hole
2026-07-01 18:00:00,UE00402,32.94193246829677,-96.96982170137912,XYZ401,B,-96,14,417,89,Coverage_Hole,1,74,coverage_hole
2026-07-01 20:00:00,UE00404,32.92926575639474,-96.96773619525656,XYZ403,C,-89,16,432,122,Coverage_Hole,3,82,coverage_hole
2026-07-01 21:00:00,UE00405,32.93457289189509,-96.95044451686204,XYZ401,C,-100,4,318,67,Coverage_Hole,4,37,coverage_hole
2026-07-01 03:00:00,UE00411,32.96588977883424,-96.98350224890154,XYZ401,C,-102,8,298,102,Coverage_Hole,4,50,coverage_hole
2026-07-01 04:00:00,UE00412,32.89608838923039,-96.97231449297762,XYZ402,C,-124,-2,145,99,Poor,5,12,coverage_hole
2026-07-01 06:00:00,UE00414,32.93949012102825,-97.01297213157711,XYZ401,C,-106,7,293,24,Coverage_Hole,1,48,coverage_hole
2026-07-01 07:00:00,UE00415,32.93416639555137,-96.95045715918478,XYZ402,A,-99,2,191,44,Coverage_Hole,2,28,coverage_hole
2026-07-01 09:00:00,UE00417,32.91199535127835,-96.96225944862904,XYZ401,B,-101,0,213,68,Coverage_Hole,4,20,coverage_hole
2026-07-01 12:00:00,UE00420,32.945070374015415,-97.03404910790498,XYZ401,A,-116,-3,148,85,Poor,1,10,coverage_hole
2026-07-01 14:00:00,UE00422,32.92160772067309,-96.97100877181514,XYZ403,C,-97,5,268,97,Coverage_Hole,3,38,coverage_hole
2026-07-01 18:00:00,UE00426,32.92480534232542,-97.0341596622982,XYZ401,B,-110,-2,142,55,Coverage_Hole,1,12,coverage_hole
2026-07-01 19:00:00,UE00427,32.94411457259611,-96.941984085675,XYZ402,A,-112,4,230,90,Coverage_Hole,2,37,coverage_hole
2026-07-01 21:00:00,UE00429,32.8996719256728,-96.96146338370109,XYZ401,A,-122,-2,127,82,Excellent,4,12,coverage_hole
2026-07-01 05:00:00,UE00437,32.92917911741443,-96.94131301617628,XYZ403,A,-117,4,244,116,Excellent,6,36,coverage_hole
2026-07-01 07:00:00,UE00439,32.92317762801693,-97.03012477980172,XYZ402,B,-117,0,177,90,Excellent,2,21,coverage_hole
2026-07-01 08:00:00,UE00440,32.912376921573674,-97.02883466878568,XYZ403,B,-115,0,166,29,Fair,3,20,coverage_hole
2026-07-01 09:00:00,UE00441,32.9664132255862,-97.01580131231523,XYZ401,C,-122,-8,48,86,Coverage_Hole,4,5,coverage_hole
2026-07-01 10:00:00,UE00442,32.92013473603764,-97.00436114695184,XYZ402,B,-88,10,363,24,Coverage_Hole,5,57,coverage_hole
2026-07-01 14:00:00,UE00446,32.926009168723425,-96.93864350198868,XYZ403,B,-120,2,183,69,Good,3,28,coverage_hole
2026-07-01 19:00:00,UE00451,32.920348966505166,-97.0240720323386,XYZ402,C,-116,3,221,87,Good,2,32,coverage_hole
2026-07-01 20:00:00,UE00452,32.91847655366286,-97.02350529047813,XYZ403,A,-115,3,189,21,Coverage_Hole,3,30,coverage_hole
2026-07-01 22:00:00,UE00454,32.92987075792346,-96.97907146190428,XYZ402,B,-88,18,482,34,Coverage_Hole,5,89,coverage_hole
2026-07-01 02:00:00,UE00458,32.89219497481797,-96.97696361951228,XYZ403,C,-119,0,186,117,Poor,3,20,coverage_hole
2026-07-01 04:00:00,UE00460,32.95851531827304,-96.94965852421306,XYZ402,C,-117,6,216,115,Good,5,41,coverage_hole
2026-07-01 05:00:00,UE00461,32.924098493616924,-96.96766552050786,XYZ403,A,-97,11,420,121,Coverage_Hole,6,63,coverage_hole
2026-07-01 10:00:00,UE00466,32.948584235551735,-97.03431726565093,XYZ402,B,-116,0,158,63,Good,5,21,coverage_hole
2026-07-01 11:00:00,UE00467,32.95757899681117,-96.98554317753256,XYZ403,A,-99,12,429,81,Coverage_Hole,6,65,coverage_hole
2026-07-01 12:00:00,UE00468,32.903309779479045,-96.95786611417562,XYZ401,C,-114,1,178,90,Coverage_Hole,1,22,coverage_hole
2026-07-01 15:00:00,UE00471,32.89671566892685,-96.99586838066696,XYZ401,A,-115,0,150,112,Fair,4,20,coverage_hole
2026-07-01 19:00:00,UE00475,32.89371427567811,-96.99643119932908,XYZ402,C,-112,-3,133,118,Coverage_Hole,2,10,coverage_hole
2026-07-01 00:00:00,UE00480,32.89348847091164,-96.9831925283163,XYZ401,C,-118,-2,136,121,Excellent,1,12,coverage_hole
2026-07-01 01:00:00,UE00481,32.89654462059816,-96.98800804211248,XYZ402,B,-116,-1,128,98,Good,2,15,coverage_hole
2026-07-01 03:00:00,UE00483,32.897946535851915,-97.00941427241128,XYZ401,B,-119,-2,118,57,Coverage_Hole,4,13,coverage_hole
2026-07-01 06:00:00,UE00486,32.9344776962108,-96.9696903643205,XYZ401,B,-89,17,547,96,Coverage_Hole,1,84,coverage_hole
2026-07-01 08:00:00,UE00488,32.93924986934887,-96.97512539544796,XYZ403,C,-86,9,288,126,Coverage_Hole,3,55,coverage_hole
2026-07-01 13:00:00,UE00493,32.93422447823547,-97.01369843959606,XYZ402,C,-95,4,256,121,Coverage_Hole,2,36,coverage_hole
2026-07-01 14:00:00,UE00494,32.91710919474024,-96.96167973980228,XYZ403,A,-97,7,318,23,Coverage_Hole,3,47,coverage_hole
2026-07-01 16:00:00,UE00496,32.95603919876351,-96.98853586632048,XYZ402,B,-103,7,263,18,Coverage_Hole,5,47,coverage_hole
2026-07-01 21:00:00,UE00501,32.9274918603294,-96.9344307196076,XYZ401,B,-125,-2,154,34,Coverage_Hole,4,13,coverage_hole
2026-07-01 01:00:00,UE00505,32.903798578653706,-97.0212141480728,XYZ402,B,-124,-4,73,70,Fair,2,5,coverage_hole
2026-07-01 07:00:00,UE00511,32.91567778053301,-96.9906756670056,XYZ402,A,-93,14,532,58,Coverage_Hole,2,74,coverage_hole
2026-07-01 08:00:00,UE00512,32.939430894360775,-96.93749297911448,XYZ403,C,-116,-3,157,117,Excellent,3,11,coverage_hole
2026-07-01 10:00:00,UE00514,32.93350137291633,-96.9770686351649,XYZ402,A,-81,16,516,18,Coverage_Hole,5,81,coverage_hole
2026-07-01 13:00:00,UE00517,32.93478396538326,-97.03308505014472,XYZ402,A,-117,-2,157,101,Excellent,2,13,coverage_hole
2026-07-01 00:00:00,UE00528,32.95106196346364,-96.94598984854343,XYZ401,A,-112,3,248,117,Coverage_Hole,1,32,coverage_hole
2026-07-01 05:00:00,UE00533,32.918635546014386,-96.93831123380066,XYZ403,A,-116,-5,75,78,Coverage_Hole,6,5,coverage_hole
2026-07-01 07:00:00,UE00535,32.93448543737571,-97.03066146895404,XYZ402,A,-117,0,164,58,Coverage_Hole,2,20,coverage_hole
2026-07-01 09:00:00,UE00537,32.92042102714939,-96.94110935049578,XYZ401,A,-124,0,175,65,Fair,4,20,coverage_hole
2026-07-01 10:00:00,UE00538,32.972277477480375,-96.9874131938232,XYZ402,C,-117,4,310,27,Poor,5,37,coverage_hole
2026-07-01 12:00:00,UE00540,32.92644820931309,-96.96404033500625,XYZ401,C,-93,10,317,80,Coverage_Hole,1,57,coverage_hole
2026-07-01 15:00:00,UE00543,32.917321969877904,-97.02496114187949,XYZ401,C,-116,0,206,91,Coverage_Hole,4,20,coverage_hole
2026-07-01 16:00:00,UE00544,32.958919003636666,-97.01878494680902,XYZ402,B,-111,7,258,42,Coverage_Hole,5,48,coverage_hole
2026-07-01 17:00:00,UE00545,32.96134056975512,-97.01979639079748,XYZ403,B,-115,0,198,61,Fair,6,20,coverage_hole
2026-07-01 02:00:00,UE00554,32.895687024030074,-96.97162026434104,XYZ403,B,-124,2,181,107,Fair,3,29,coverage_hole
2026-07-01 03:00:00,UE00555,32.936347777052625,-96.95296717297649,XYZ401,A,-102,8,254,82,Coverage_Hole,4,50,coverage_hole
2026-07-01 04:00:00,UE00556,32.91696348805531,-97.01410959248666,XYZ402,A,-111,7,263,31,Coverage_Hole,5,48,coverage_hole
2026-07-01 06:00:00,UE00558,32.950853208099865,-97.00257038473778,XYZ401,C,-91,7,303,23,Coverage_Hole,1,46,coverage_hole
2026-07-01 17:00:00,UE00569,32.90604217222607,-97.02126729779032,XYZ403,C,-122,-3,161,89,Coverage_Hole,6,9,coverage_hole
2026-07-01 01:00:00,UE00577,32.92985107397006,-96.99807673478593,XYZ402,A,-86,12,361,54,Coverage_Hole,2,65,coverage_hole
2026-07-01 03:00:00,UE00579,32.92052937550006,-97.02438478900656,XYZ401,A,-104,1,185,92,Coverage_Hole,4,22,coverage_hole
2026-07-01 04:00:00,UE00580,32.91928091448461,-96.99699759513682,XYZ402,B,-88,12,344,95,Coverage_Hole,5,65,coverage_hole
2026-07-01 05:00:00,UE00581,32.901893835075754,-96.98847704275204,XYZ403,A,-116,2,188,35,Fair,6,29,coverage_hole
2026-07-01 07:00:00,UE00583,32.92703169782377,-96.94402237216778,XYZ402,A,-116,1,145,103,Good,2,24,coverage_hole
2026-07-01 09:00:00,UE00585,32.93166324273957,-96.96983691220645,XYZ401,C,-88,17,574,65,Coverage_Hole,4,85,coverage_hole
2026-07-01 14:00:00,UE00590,32.90862960385265,-96.98635078655926,XYZ403,A,-95,8,329,27,Coverage_Hole,3,50,coverage_hole
2026-07-01 19:00:00,UE00595,32.96233869936766,-96.98493930514942,XYZ402,A,-102,3,217,90,Coverage_Hole,2,31,coverage_hole
2026-07-01 20:00:00,UE00596,32.96425285934794,-97.01228721345107,XYZ403,C,-116,2,261,94,Fair,3,28,coverage_hole
2026-07-01 22:00:00,UE00598,32.92875287399098,-97.00433049166992,XYZ402,A,-85,12,395,31,Coverage_Hole,5,65,coverage_hole
2026-07-01 00:00:00,UE00600,32.94464576385076,-96.94984878471948,XYZ401,C,-103,-1,115,79,Coverage_Hole,1,16,coverage_hole
2026-07-01 01:00:00,UE00601,32.95551728673733,-96.94859315552348,XYZ402,A,-110,2,206,33,Coverage_Hole,2,28,coverage_hole
2026-07-01 04:00:00,UE00604,32.90428458534911,-96.9633549906036,XYZ402,C,-115,5,323,28,Poor,5,39,coverage_hole
2026-07-01 08:00:00,UE00608,32.9110302515216,-97.00582745716218,XYZ403,A,-103,2,239,106,Coverage_Hole,3,29,coverage_hole
2026-07-01 10:00:00,UE00610,32.93233865283814,-97.00150935158555,XYZ402,C,-83,14,418,115,Coverage_Hole,5,74,coverage_hole
2026-07-01 11:00:00,UE00611,32.90495324851438,-96.9749105883385,XYZ403,A,-115,3,182,74,Fair,6,30,coverage_hole
2026-07-01 12:00:00,UE00612,32.947161094845534,-96.93726758116784,XYZ401,C,-120,0,201,90,Good,1,21,coverage_hole
2026-07-01 15:00:00,UE00615,32.95147531774392,-96.99836031744994,XYZ401,C,-96,14,402,91,Coverage_Hole,4,74,coverage_hole
2026-07-01 17:00:00,UE00617,32.94989018014738,-96.93726069938108,XYZ403,A,-122,-6,51,80,Poor,6,5,coverage_hole
2026-07-01 20:00:00,UE00620,32.9286823936236,-96.95739138358032,XYZ403,A,-97,11,394,43,Coverage_Hole,3,63,coverage_hole
2026-07-01 21:00:00,UE00621,32.91834889094846,-97.01180107798837,XYZ401,B,-107,7,370,41,Coverage_Hole,4,48,coverage_hole
2026-07-01 22:00:00,UE00622,32.97684296253563,-96.9732918039898,XYZ402,C,-121,-3,161,126,Excellent,5,10,coverage_hole
2026-07-01 01:00:00,UE00625,32.97592727750731,-96.99053341585532,XYZ402,A,-120,0,181,55,Coverage_Hole,2,20,coverage_hole
2026-07-01 02:00:00,UE00626,32.927485824089004,-97.00723185459724,XYZ403,A,-97,6,300,109,Coverage_Hole,3,41,coverage_hole
2026-07-01 21:00:00,UE00645,32.94905757267578,-97.03224742944307,XYZ401,B,-118,-4,78,20,Excellent,4,5,coverage_hole
2026-07-01 22:00:00,UE00646,32.954009945367275,-96.96625129749368,XYZ402,A,-107,6,226,128,Coverage_Hole,5,41,coverage_hole
2026-07-01 00:00:00,UE00648,32.90250390349337,-97.01882021488576,XYZ401,A,-115,-4,101,62,Fair,1,5,coverage_hole
2026-07-01 08:00:00,UE00656,32.94168096765961,-97.00424864997372,XYZ403,A,-95,10,362,28,Coverage_Hole,3,58,coverage_hole
2026-07-01 13:00:00,UE00661,32.93061233199012,-96.93965687544724,XYZ402,C,-113,-5,78,93,Coverage_Hole,2,5,coverage_hole
2026-07-01 16:00:00,UE00664,32.93603901018682,-96.97891382791396,XYZ402,B,-84,13,465,111,Coverage_Hole,5,69,coverage_hole
2026-07-01 17:00:00,UE00665,32.95449557860754,-96.99650743013136,XYZ403,B,-97,10,301,90,Coverage_Hole,6,57,coverage_hole
2026-07-01 18:00:00,UE00666,32.951562999118444,-96.93903834077108,XYZ401,B,-121,-1,130,107,Excellent,1,15,coverage_hole
2026-07-01 19:00:00,UE00667,32.96403327763975,-97.00535872413889,XYZ402,A,-112,0,195,71,Coverage_Hole,2,20,coverage_hole
2026-07-01 20:00:00,UE00668,32.917536059859856,-96.9837760073114,XYZ403,A,-91,15,447,45,Coverage_Hole,3,77,coverage_hole
2026-07-01 03:00:00,UE00675,32.92120977222925,-97.0051802897269,XYZ401,B,-98,12,484,26,Coverage_Hole,4,65,coverage_hole
2026-07-01 09:00:00,UE00681,32.97835090807004,-96.98935667502768,XYZ401,A,-119,0,173,58,Poor,4,20,coverage_hole
2026-07-01 11:00:00,UE00683,32.947776533578136,-97.02657105056304,XYZ403,A,-108,-3,156,106,Coverage_Hole,6,10,coverage_hole
2026-07-01 14:00:00,UE00686,32.924060359346214,-97.03346090123205,XYZ403,B,-119,0,203,77,Coverage_Hole,3,20,coverage_hole
2026-07-01 16:00:00,UE00688,32.926123040922654,-97.0215834932986,XYZ402,B,-110,2,249,67,Coverage_Hole,5,29,coverage_hole
2026-07-01 17:00:00,UE00689,32.94095053190264,-96.96893971840218,XYZ403,B,-92,11,406,98,Coverage_Hole,6,62,coverage_hole
2026-07-01 02:00:00,UE00698,32.967272360281285,-96.98848848348256,XYZ403,A,-104,5,239,103,Coverage_Hole,3,38,coverage_hole
2026-07-01 04:00:00,UE00700,32.93099299664657,-97.01846240727971,XYZ402,A,-104,5,302,48,Coverage_Hole,5,40,coverage_hole
2026-07-01 05:00:00,UE00701,32.94298876880007,-97.03241109130023,XYZ403,B,-121,0,144,56,Good,6,20,coverage_hole
2026-07-01 06:00:00,UE00702,32.9313585823015,-96.93755317116084,XYZ401,A,-125,2,230,126,Excellent,1,29,coverage_hole
2026-07-01 07:00:00,UE00703,32.90711786524311,-97.01192392214736,XYZ402,C,-116,0,193,22,Excellent,2,21,coverage_hole
2026-07-01 11:00:00,UE00707,32.926151833173485,-96.94654368242928,XYZ403,A,-104,4,273,112,Coverage_Hole,6,37,coverage_hole
2026-07-01 12:00:00,UE00708,32.93329461734593,-96.97485484237674,XYZ401,B,-84,12,408,27,Coverage_Hole,1,66,coverage_hole
2026-07-01 13:00:00,UE00709,32.93319349176514,-96.93406877671728,XYZ402,B,-119,-2,138,62,Excellent,2,13,coverage_hole
2026-07-01 16:00:00,UE00712,32.916972091837444,-96.94567073406849,XYZ402,A,-113,-2,120,68,Coverage_Hole,5,12,coverage_hole
2026-07-01 17:00:00,UE00713,32.92520208596909,-96.93826461405432,XYZ403,B,-110,-7,41,38,Coverage_Hole,6,5,coverage_hole
2026-07-01 20:00:00,UE00716,32.93138649113627,-96.94807016348436,XYZ403,B,-105,8,292,120,Coverage_Hole,3,49,coverage_hole
2026-07-01 21:00:00,UE00717,32.90345701809123,-96.96166898498603,XYZ401,B,-116,-4,91,34,Coverage_Hole,4,5,coverage_hole
2026-07-01 22:00:00,UE00718,32.90185120748384,-97.0158523989907,XYZ402,C,-120,2,237,107,Coverage_Hole,5,28,coverage_hole
2026-07-01 01:00:00,UE00721,32.9432628193851,-96.95063728505522,XYZ402,C,-105,8,315,50,Coverage_Hole,2,50,coverage_hole
2026-07-01 04:00:00,UE00724,32.947319814708614,-96.97477293480542,XYZ402,C,-94,15,503,110,Coverage_Hole,5,77,coverage_hole
2026-07-01 05:00:00,UE00725,32.89530677488416,-96.9892262102662,XYZ403,A,-116,-2,118,105,Poor,6,13,coverage_hole
2026-07-01 09:00:00,UE00729,32.90406680887568,-96.97186596770138,XYZ401,A,-103,7,320,45,Coverage_Hole,4,48,coverage_hole
2026-07-01 16:00:00,UE00736,32.95069780506886,-97.03004615353454,XYZ402,B,-120,2,232,117,Poor,5,29,coverage_hole
2026-07-01 18:00:00,UE00738,32.92682004147149,-97.00327115832089,XYZ401,B,-95,12,335,116,Coverage_Hole,1,66,coverage_hole
2026-07-01 21:00:00,UE00741,32.95127066891448,-97.0230501941162,XYZ401,B,-109,0,176,129,Coverage_Hole,4,21,coverage_hole
2026-07-01 22:00:00,UE00742,32.918833576905214,-96.94197061132073,XYZ402,C,-116,0,166,65,Coverage_Hole,5,21,coverage_hole
2026-07-01 23:00:00,UE00743,32.917851484545565,-97.02300569533844,XYZ403,C,-112,2,180,83,Coverage_Hole,6,29,coverage_hole
2026-07-01 11:00:00,UE00755,32.94856149277012,-96.94201691391213,XYZ403,A,-116,0,155,43,Excellent,6,20,coverage_hole
2026-07-01 13:00:00,UE00757,32.956640691631144,-96.97872132913518,XYZ402,C,-94,6,239,97,Coverage_Hole,2,42,coverage_hole
2026-07-01 17:00:00,UE00761,32.92286808510818,-97.00455540862464,XYZ403,A,-101,9,290,25,Coverage_Hole,6,55,coverage_hole
2026-07-01 18:00:00,UE00762,32.94072362027748,-97.02188865248492,XYZ401,C,-109,2,229,17,Coverage_Hole,1,29,coverage_hole
2026-07-01 19:00:00,UE00763,32.90530324371859,-97.0125440544269,XYZ402,A,-108,-3,109,94,Coverage_Hole,2,11,coverage_hole
2026-07-01 20:00:00,UE00764,32.957830013580086,-97.02716563438403,XYZ403,B,-121,1,185,76,Excellent,3,22,coverage_hole
2026-07-01 02:00:00,UE00770,32.96681044144355,-97.01979512355064,XYZ403,A,-125,1,144,19,Excellent,3,23,coverage_hole
2026-07-01 03:00:00,UE00771,32.94892897093552,-97.02624159184045,XYZ401,C,-108,-2,129,87,Coverage_Hole,4,13,coverage_hole
2026-07-01 04:00:00,UE00772,32.92372379303535,-96.9905915433186,XYZ402,B,-92,13,408,117,Coverage_Hole,5,67,coverage_hole
2026-07-01 10:00:00,UE00778,32.96619639986497,-97.01458009132595,XYZ402,A,-117,-1,144,26,Poor,5,15,coverage_hole
2026-07-01 11:00:00,UE00779,32.924383984483704,-96.9624158524204,XYZ403,B,-97,4,271,106,Coverage_Hole,6,37,coverage_hole
2026-07-01 14:00:00,UE00782,32.897158486688056,-97.00249312265112,XYZ403,A,-120,-4,101,56,Excellent,3,5,coverage_hole
2026-07-01 17:00:00,UE00785,32.95303792000472,-96.9813167197637,XYZ403,A,-97,12,468,127,Coverage_Hole,6,65,coverage_hole
2026-07-01 18:00:00,UE00786,32.97574131124109,-96.9978558938514,XYZ401,A,-119,-5,103,81,Fair,1,5,coverage_hole
2026-07-01 21:00:00,UE00789,32.95041424758889,-96.93701367031366,XYZ401,C,-118,-4,90,61,Excellent,4,5,coverage_hole
2026-07-01 05:00:00,UE00797,32.89959912980357,-96.97696107503836,XYZ403,C,-118,-4,91,65,Excellent,6,5,coverage_hole
2026-07-01 08:00:00,UE00800,32.97562617782443,-96.99239813750955,XYZ403,A,-115,4,292,107,Coverage_Hole,3,37,coverage_hole
2026-07-01 10:00:00,UE00802,32.916060002418696,-96.94566131042676,XYZ402,B,-115,2,199,39,Coverage_Hole,5,28,coverage_hole
2026-07-01 12:00:00,UE00804,32.93238849784888,-96.96149909919158,XYZ401,B,-95,4,316,26,Coverage_Hole,1,36,coverage_hole
2026-07-01 15:00:00,UE00807,32.9531708526876,-96.95368136814623,XYZ401,A,-104,0,164,92,Coverage_Hole,4,20,coverage_hole
2026-07-01 20:00:00,UE00812,32.96371262774737,-97.02265359322742,XYZ403,B,-119,0,187,55,Fair,3,20,coverage_hole
2026-07-01 21:00:00,UE00813,32.91673459886847,-96.98699658996472,XYZ401,C,-92,13,438,49,Coverage_Hole,4,67,coverage_hole
2026-07-01 00:00:00,UE00816,32.94983747568245,-96.95843833647382,XYZ401,C,-100,12,401,57,Coverage_Hole,1,66,coverage_hole
2026-07-01 01:00:00,UE00817,32.91418224722561,-97.0306387345222,XYZ402,B,-120,1,154,112,Fair,2,23,coverage_hole
2026-07-01 02:00:00,UE00818,32.91842075401795,-97.0023330366956,XYZ403,B,-95,8,288,55,Coverage_Hole,3,50,coverage_hole
2026-07-01 04:00:00,UE00820,32.93095297932588,-97.03568708328352,XYZ402,B,-120,0,149,90,Good,5,21,coverage_hole
2026-07-01 08:00:00,UE00824,32.96497331760718,-96.96814082987392,XYZ403,A,-105,5,221,119,Coverage_Hole,3,38,coverage_hole
2026-07-01 09:00:00,UE00825,32.95297205501637,-97.02694652542984,XYZ401,A,-118,-4,94,69,Fair,4,5,coverage_hole
2026-07-01 10:00:00,UE00826,32.96645006060795,-96.9667045888423,XYZ402,C,-104,0,185,72,Coverage_Hole,5,21,coverage_hole
2026-07-01 11:00:00,UE00827,32.892145538267094,-96.99323565332124,XYZ403,A,-125,0,162,70,Poor,6,21,coverage_hole
2026-07-01 12:00:00,UE00828,32.941970271807946,-97.00174183643372,XYZ401,A,-91,13,413,52,Coverage_Hole,1,68,coverage_hole
2026-07-01 15:00:00,UE00831,32.96201238781934,-96.94896323996362,XYZ401,C,-117,-4,94,31,Coverage_Hole,4,5,coverage_hole
2026-07-01 18:00:00,UE00834,32.90259118674205,-96.96479135216693,XYZ401,C,-116,3,217,102,Poor,1,32,coverage_hole
2026-07-01 19:00:00,UE00835,32.90438788791149,-97.01705663971208,XYZ402,A,-117,-3,159,95,Coverage_Hole,2,10,coverage_hole
2026-07-01 00:00:00,UE00840,32.940082516411785,-96.93993076844296,XYZ401,A,-123,4,310,100,Poor,1,36,coverage_hole
2026-07-01 05:00:00,UE00845,32.91668846071598,-97.01865871994478,XYZ403,B,-107,-2,125,51,Coverage_Hole,6,12,coverage_hole
2026-07-01 06:00:00,UE00846,32.92857443920134,-97.0285488402406,XYZ401,B,-115,1,151,39,Coverage_Hole,1,23,coverage_hole
2026-07-01 07:00:00,UE00847,32.89537366812785,-96.99246106300252,XYZ402,A,-116,-2,121,125,Coverage_Hole,2,13,coverage_hole
2026-07-01 10:00:00,UE00850,32.920750585820585,-96.9858975321786,XYZ402,B,-100,15,471,24,Coverage_Hole,5,77,coverage_hole
2026-07-01 19:00:00,UE00859,32.936241216907995,-97.01120926170508,XYZ402,C,-105,11,435,72,Coverage_Hole,2,63,coverage_hole
2026-07-01 21:00:00,UE00861,32.90835021386003,-97.02437858486034,XYZ401,C,-115,0,180,24,Coverage_Hole,4,21,coverage_hole
2026-07-01 22:00:00,UE00862,32.92262842873991,-97.03356470915566,XYZ402,C,-125,-5,77,33,Fair,5,5,coverage_hole
2026-07-01 02:00:00,UE00866,32.9321566598422,-96.97469164132548,XYZ403,A,-96,19,460,93,Coverage_Hole,3,92,coverage_hole
2026-07-01 04:00:00,UE00868,32.898896647146834,-97.0119725314426,XYZ402,C,-117,-3,125,42,Good,5,9,coverage_hole
2026-07-01 05:00:00,UE00869,32.973633369408674,-96.99916723611358,XYZ403,C,-120,-2,129,90,Coverage_Hole,6,12,coverage_hole
2026-07-01 14:00:00,UE00878,32.96915068607285,-97.00048147287436,XYZ403,C,-113,-3,140,125,Coverage_Hole,3,9,coverage_hole
2026-07-01 15:00:00,UE00879,32.916578524972145,-96.95210920925784,XYZ401,B,-113,4,319,63,Coverage_Hole,4,37,coverage_hole
2026-07-01 16:00:00,UE00880,32.93013218872094,-96.97949140924212,XYZ402,C,-85,19,497,50,Coverage_Hole,5,92,coverage_hole
2026-07-01 20:00:00,UE00884,32.97717580344816,-96.98909898935314,XYZ403,A,-111,-2,124,32,Coverage_Hole,3,12,coverage_hole
2026-07-01 02:00:00,UE00890,32.96167727863328,-96.98148574464732,XYZ403,C,-106,10,374,80,Coverage_Hole,3,58,coverage_hole
2026-07-01 03:00:00,UE00891,32.943053244616266,-97.02458917289428,XYZ401,B,-105,0,167,55,Coverage_Hole,4,20,coverage_hole
2026-07-01 05:00:00,UE00893,32.93271943397979,-96.94182116436616,XYZ403,C,-111,3,212,82,Coverage_Hole,6,30,coverage_hole
2026-07-01 08:00:00,UE00896,32.96322674607962,-97.02126797130316,XYZ403,A,-116,-2,126,101,Fair,3,12,coverage_hole
2026-07-01 12:00:00,UE00900,32.90800035948821,-96.946977438621,XYZ401,A,-121,-3,151,30,Excellent,1,10,coverage_hole
2026-07-01 14:00:00,UE00902,32.9151319874975,-96.94734605975196,XYZ403,A,-116,0,177,97,Excellent,3,21,coverage_hole
2026-07-01 17:00:00,UE00905,32.94975522618412,-96.99115227106168,XYZ403,A,-99,15,450,49,Coverage_Hole,6,76,coverage_hole
2026-07-01 18:00:00,UE00906,32.91835959132692,-97.02655774802696,XYZ401,C,-109,0,165,32,Coverage_Hole,1,21,coverage_hole
2026-07-01 21:00:00,UE00909,32.94835537898301,-96.9775672884907,XYZ401,C,-91,18,522,89,Coverage_Hole,4,90,coverage_hole
2026-07-01 02:00:00,UE00914,32.92082736045911,-97.0096121898642,XYZ403,C,-98,2,263,33,Coverage_Hole,3,28,coverage_hole
2026-07-01 04:00:00,UE00916,32.94260032853324,-96.9533275450361,XYZ402,B,-106,5,243,75,Coverage_Hole,5,39,coverage_hole
2026-07-01 06:00:00,UE00918,32.955430330341365,-97.02725305364112,XYZ401,A,-115,0,186,35,Excellent,1,20,coverage_hole
2026-07-01 11:00:00,UE00923,32.95523036724644,-96.95873229412275,XYZ403,B,-110,3,213,77,Coverage_Hole,6,31,coverage_hole
2026-07-01 16:00:00,UE00928,32.9763463084162,-96.98060218114507,XYZ402,B,-117,0,145,34,Coverage_Hole,5,21,coverage_hole
2026-07-01 19:00:00,UE00931,32.907061215667525,-96.99857182254412,XYZ402,C,-103,7,318,33,Coverage_Hole,2,47,coverage_hole
2026-07-01 21:00:00,UE00933,32.920508312071284,-97.02608171228616,XYZ401,C,-116,-1,147,22,Excellent,4,16,coverage_hole
2026-07-01 00:00:00,UE00936,32.95747518039033,-97.02458709275986,XYZ401,A,-117,-1,127,41,Coverage_Hole,1,15,coverage_hole
2026-07-01 02:00:00,UE00938,32.89424694918422,-96.97525490878088,XYZ403,A,-119,-3,136,42,Excellent,3,11,coverage_hole
2026-07-01 04:00:00,UE00940,32.95450073800391,-97.0099562842641,XYZ402,A,-102,5,251,15,Coverage_Hole,5,38,coverage_hole
2026-07-01 11:00:00,UE00947,32.93318191248427,-97.0335549253196,XYZ403,B,-119,3,268,50,Coverage_Hole,6,31,coverage_hole
2026-07-01 13:00:00,UE00949,32.914947523949145,-96.94002701998784,XYZ402,B,-118,-1,144,82,Excellent,2,14,coverage_hole
2026-07-01 18:00:00,UE00954,32.92431064310229,-97.02707199946454,XYZ401,A,-110,8,326,91,Coverage_Hole,1,50,coverage_hole
2026-07-01 21:00:00,UE00957,32.95903537429097,-96.96434828666216,XYZ401,B,-109,0,177,55,Coverage_Hole,4,21,coverage_hole
2026-07-01 03:00:00,UE00963,32.96279237057307,-96.96252345065658,XYZ401,C,-106,2,211,98,Coverage_Hole,4,28,coverage_hole
2026-07-01 04:00:00,UE00964,32.93746612943725,-96.99133779990676,XYZ402,C,-85,12,388,96,Coverage_Hole,5,66,coverage_hole
2026-07-01 08:00:00,UE00968,32.9150749169718,-96.94629602608198,XYZ403,A,-115,0,154,19,Excellent,3,20,coverage_hole
2026-07-01 10:00:00,UE00970,32.96325947870233,-96.99417075919928,XYZ402,A,-101,1,191,26,Coverage_Hole,5,22,coverage_hole
2026-07-01 13:00:00,UE00973,32.90791835981297,-96.99716108238128,XYZ402,A,-100,5,236,61,Coverage_Hole,2,39,coverage_hole
2026-07-01 14:00:00,UE00974,32.905176370706094,-97.01633461523622,XYZ403,A,-115,0,144,70,Poor,3,21,coverage_hole
2026-07-01 15:00:00,UE00975,32.97329788307907,-96.98077252283603,XYZ401,A,-115,2,200,125,Fair,4,29,coverage_hole
2026-07-01 20:00:00,UE00980,32.907011746901496,-96.97841450952929,XYZ403,C,-104,6,221,19,Coverage_Hole,3,41,coverage_hole
2026-07-01 22:00:00,UE00982,32.96179212438692,-96.99648818158944,XYZ402,C,-106,3,234,34,Coverage_Hole,5,32,coverage_hole
2026-07-01 23:00:00,UE00983,32.922806848297604,-97.00895727929914,XYZ403,C,-96,15,474,48,Coverage_Hole,6,76,coverage_hole
2026-07-01 00:00:00,UE00984,32.94265955747607,-97.02670870530584,XYZ401,A,-108,2,261,73,Coverage_Hole,1,29,coverage_hole
2026-07-01 02:00:00,UE00986,32.92628001131901,-97.03454756973392,XYZ403,B,-115,0,174,62,Fair,3,21,coverage_hole
2026-07-01 03:00:00,UE00987,32.91224034805924,-96.96227597389314,XYZ401,C,-106,8,364,17,Coverage_Hole,4,49,coverage_hole
2026-07-01 04:00:00,UE00988,32.949546450679364,-97.01839879564054,XYZ402,B,-102,4,285,50,Coverage_Hole,5,36,coverage_hole
2026-07-01 07:00:00,UE00991,32.93318866234754,-97.0101415935304,XYZ402,A,-97,9,326,110,Coverage_Hole,2,54,coverage_hole
2026-07-01 08:00:00,UE00992,32.95681828704414,-96.9446979679636,XYZ403,B,-121,-1,138,16,Coverage_Hole,3,15,coverage_hole
2026-07-01 10:00:00,UE00994,32.894857528915246,-97.00411648943138,XYZ402,C,-120,-1,115,33,Excellent,5,16,coverage_hole
2026-07-01 11:00:00,UE00995,32.95842087359824,-96.95113863387294,XYZ403,C,-112,1,176,28,Coverage_Hole,6,22,coverage_hole
2026-07-01 15:00:00,UE00999,32.9425059401783,-96.96821245333594,XYZ401,B,-92,11,384,118,Coverage_Hole,4,62,coverage_hole
2026-07-01 16:00:00,UE01000,32.9137043044815,-97.00712753053254,XYZ402,C,-102,10,422,85,Coverage_Hole,5,57,coverage_hole
2026-07-01 17:00:00,UE01001,32.91332689405599,-96.94604850396514,XYZ403,B,-116,-2,141,61,Poor,6,12,coverage_hole
2026-07-01 19:00:00,UE01003,32.91823388632441,-96.96680218886256,XYZ402,C,-104,6,267,102,Coverage_Hole,2,42,coverage_hole
2026-07-01 21:00:00,UE01005,32.97522798241624,-96.9854998787826,XYZ401,B,-118,-2,140,123,Poor,4,12,coverage_hole
2026-07-01 22:00:00,UE01006,32.90122803511651,-96.9561644234005,XYZ402,C,-118,-4,92,62,Coverage_Hole,5,5,coverage_hole
2026-07-01 06:00:00,UE01014,32.93109480830154,-96.96437292553944,XYZ401,A,-90,8,347,91,Coverage_Hole,1,50,coverage_hole
2026-07-01 10:00:00,UE01018,32.89204855766774,-96.97946618286451,XYZ402,C,-110,0,202,89,Coverage_Hole,5,20,coverage_hole
2026-07-01 11:00:00,UE01019,32.90063633836094,-96.96086880581584,XYZ403,A,-115,-1,159,45,Poor,6,14,coverage_hole
2026-07-01 14:00:00,UE01022,32.89670044093484,-97.00497093706883,XYZ403,A,-119,-3,146,62,Poor,3,10,coverage_hole
2026-07-01 19:00:00,UE01027,32.97183014086134,-97.0003973437733,XYZ402,B,-116,-1,147,54,Good,2,15,coverage_hole
2026-07-01 20:00:00,UE01028,32.965754443333424,-97.00797095036822,XYZ403,C,-120,1,206,35,Good,3,24,coverage_hole
2026-07-01 23:00:00,UE01031,32.9290377803834,-97.03195081708115,XYZ403,B,-117,1,189,52,Excellent,6,23,coverage_hole
2026-07-01 00:00:00,UE01032,32.97161704918841,-97.00592970296908,XYZ401,C,-117,-1,129,89,Poor,1,15,coverage_hole
2026-07-01 10:00:00,UE01042,32.91586540626046,-96.98226249266592,XYZ402,B,-95,13,378,81,Coverage_Hole,5,68,coverage_hole
2026-07-01 16:00:00,UE01048,32.931434695572854,-97.0269307606604,XYZ402,B,-115,-3,158,31,Good,5,10,coverage_hole
2026-07-01 22:00:00,UE01054,32.91877870522414,-96.9452744975468,XYZ402,A,-116,-1,110,45,Coverage_Hole,5,15,coverage_hole
2026-07-01 03:00:00,UE01059,32.89680443347402,-96.96101951157144,XYZ401,B,-119,0,162,94,Good,4,21,coverage_hole
2026-07-01 04:00:00,UE01060,32.90393283195274,-97.00635637352836,XYZ402,A,-106,1,168,93,Coverage_Hole,5,24,coverage_hole
2026-07-01 07:00:00,UE01063,32.97268805017707,-96.99322771600222,XYZ402,B,-117,-5,77,26,Poor,2,5,coverage_hole
2026-07-01 15:00:00,UE01071,32.9185382196516,-96.99494304189663,XYZ401,C,-95,15,497,45,Coverage_Hole,4,77,coverage_hole
2026-07-01 17:00:00,UE01073,32.93876083067757,-97.00486029812885,XYZ403,C,-94,11,414,96,Coverage_Hole,6,64,coverage_hole
2026-07-01 00:00:00,UE01080,32.96212053857054,-96.95202541223986,XYZ401,B,-119,-2,114,30,Good,1,13,coverage_hole
2026-07-01 03:00:00,UE01083,32.96142982121137,-96.98011495982476,XYZ401,A,-99,8,269,101,Coverage_Hole,4,50,coverage_hole
2026-07-01 04:00:00,UE01084,32.95304252421131,-96.9512580718777,XYZ402,C,-111,0,180,107,Coverage_Hole,5,20,coverage_hole
2026-07-01 08:00:00,UE01088,32.906125624939364,-96.99005560297486,XYZ403,A,-97,5,292,83,Coverage_Hole,3,40,coverage_hole
2026-07-01 09:00:00,UE01089,32.89552513532752,-96.9688632598302,XYZ401,C,-118,-3,117,84,Good,4,10,coverage_hole
2026-07-01 10:00:00,UE01090,32.902977803357324,-97.01943270191587,XYZ402,B,-115,-5,87,25,Coverage_Hole,5,5,coverage_hole
2026-07-01 13:00:00,UE01093,32.97051031898319,-96.9779660274156,XYZ402,C,-112,3,248,111,Coverage_Hole,2,31,coverage_hole
2026-07-01 16:00:00,UE01096,32.90324318841287,-96.95320310594067,XYZ402,A,-116,5,305,52,Excellent,5,38,coverage_hole
2026-07-01 00:00:00,UE01104,32.97187652608745,-96.98085916589136,XYZ401,B,-108,-3,124,52,Coverage_Hole,1,11,coverage_hole
2026-07-01 02:00:00,UE01106,32.89756452007485,-96.99115650572996,XYZ403,B,-116,-2,114,38,Good,3,12,coverage_hole
2026-07-01 06:00:00,UE01110,32.900303463143025,-97.01617080430722,XYZ401,C,-118,-2,148,50,Excellent,1,13,coverage_hole
2026-07-01 10:00:00,UE01114,32.92135790589316,-97.025020264798,XYZ402,C,-115,4,280,56,Coverage_Hole,5,36,coverage_hole
2026-07-01 13:00:00,UE01117,32.97433800595661,-96.96639534679356,XYZ402,A,-118,0,174,47,Good,2,21,coverage_hole
2026-07-01 18:00:00,UE01122,32.96391639588065,-96.95152519607394,XYZ401,C,-117,1,182,81,Excellent,1,23,coverage_hole
2026-07-01 00:00:00,UE01128,32.89707774551764,-96.99370085845908,XYZ401,C,-108,1,183,99,Coverage_Hole,1,23,coverage_hole
2026-07-01 01:00:00,UE01129,32.94895566348967,-96.93697268305785,XYZ402,A,-117,0,151,65,Good,2,20,coverage_hole
2026-07-01 03:00:00,UE01131,32.967236130934424,-97.01829264800368,XYZ401,A,-117,-6,42,23,Good,4,5,coverage_hole
2026-07-01 08:00:00,UE01136,32.917113707499034,-96.98451885504906,XYZ403,B,-92,11,451,119,Coverage_Hole,3,63,coverage_hole
2026-07-01 09:00:00,UE01137,32.92614667958627,-97.0189255392875,XYZ401,A,-107,10,380,79,Coverage_Hole,4,58,coverage_hole
2026-07-01 11:00:00,UE01139,32.933271885439844,-96.9374654907654,XYZ403,B,-115,-8,47,109,Good,6,5,coverage_hole
2026-07-01 16:00:00,UE01144,32.97429683847577,-96.96438020755365,XYZ402,A,-118,0,192,86,Excellent,5,20,coverage_hole
2026-07-01 03:00:00,UE01155,32.897046807482674,-96.9899557985044,XYZ401,B,-107,2,231,115,Coverage_Hole,4,29,coverage_hole
2026-07-01 05:00:00,UE01157,32.90489597858743,-97.0214048679786,XYZ403,B,-121,-3,158,57,Coverage_Hole,6,10,coverage_hole
2026-07-01 12:00:00,UE01164,32.97265641058145,-96.97892595024238,XYZ401,C,-119,0,207,88,Coverage_Hole,1,21,coverage_hole
2026-07-01 17:00:00,UE01169,32.910854510125084,-97.02590096403728,XYZ403,B,-120,2,200,34,Coverage_Hole,6,29,coverage_hole
2026-07-01 20:00:00,UE01172,32.908527125117025,-97.02241045746794,XYZ403,C,-117,1,167,82,Coverage_Hole,3,24,coverage_hole
2026-07-01 21:00:00,UE01173,32.89697321457521,-97.00330923869654,XYZ401,B,-118,6,237,49,Good,4,41,coverage_hole
2026-07-01 23:00:00,UE01175,32.940391483702165,-96.97334492898864,XYZ403,A,-88,16,564,37,Coverage_Hole,6,81,coverage_hole
2026-07-01 01:00:00,UE01177,32.94274591112185,-96.99033810948217,XYZ402,B,-81,18,533,69,Coverage_Hole,2,90,coverage_hole
2026-07-01 06:00:00,UE01182,32.92830502893561,-96.99705614556716,XYZ401,B,-93,14,532,41,Coverage_Hole,1,73,coverage_hole
2026-07-01 07:00:00,UE01183,32.91465845196388,-96.98923150254925,XYZ402,C,-97,6,264,122,Coverage_Hole,2,41,coverage_hole
2026-07-01 08:00:00,UE01184,32.96623247844479,-96.95458470424222,XYZ403,A,-118,-2,114,66,Excellent,3,13,coverage_hole
2026-07-01 09:00:00,UE01185,32.93237857064674,-96.9550556035309,XYZ401,B,-105,4,292,103,Coverage_Hole,4,36,coverage_hole
2026-07-01 12:00:00,UE01188,32.91916169394447,-96.95911227575104,XYZ401,C,-102,6,302,62,Coverage_Hole,1,41,coverage_hole
2026-07-01 13:00:00,UE01189,32.91218967999056,-96.98887284432683,XYZ402,C,-102,6,232,17,Coverage_Hole,2,42,coverage_hole
2026-07-01 14:00:00,UE01190,32.96496049008845,-97.01410564437047,XYZ403,A,-121,2,188,73,Coverage_Hole,3,28,coverage_hole
2026-07-01 16:00:00,UE01192,32.97254707027319,-97.00326083406516,XYZ402,C,-116,-4,104,67,Fair,5,5,coverage_hole
2026-07-01 18:00:00,UE01194,32.9724478343609,-96.99884042387448,XYZ401,A,-117,-1,139,60,Excellent,1,15,coverage_hole
2026-07-01 20:00:00,UE01196,32.91295712639877,-96.96503951466327,XYZ403,B,-100,3,193,35,Coverage_Hole,3,31,coverage_hole
2026-07-01 22:00:00,UE01198,32.93714124548166,-96.93759833292678,XYZ402,A,-116,0,169,55,Poor,5,20,coverage_hole
2026-07-01 03:00:00,UE01203,32.92117679578484,-97.01698788594706,XYZ401,B,-104,4,244,65,Coverage_Hole,4,36,coverage_hole
2026-07-01 16:00:00,UE01216,32.96130396805842,-97.02597317927888,XYZ402,B,-123,-3,116,36,Poor,5,11,coverage_hole
2026-07-01 22:00:00,UE01222,32.89955564264572,-97.01360680013045,XYZ402,C,-119,0,200,53,Good,5,21,coverage_hole
2026-07-01 02:00:00,UE01226,32.93742960253188,-96.93970993903582,XYZ403,A,-116,2,268,79,Excellent,3,29,coverage_hole
2026-07-01 05:00:00,UE01229,32.93039473259665,-96.93965677459884,XYZ403,C,-118,2,234,129,Good,6,28,coverage_hole
2026-07-01 09:00:00,UE01233,32.91926719684369,-97.02442800952971,XYZ401,C,-115,1,174,22,Excellent,4,22,coverage_hole
2026-07-01 10:00:00,UE01234,32.91479996839997,-97.02600085225528,XYZ402,A,-116,-1,113,62,Fair,5,16,coverage_hole
2026-07-01 11:00:00,UE01235,32.93386102296446,-97.02716522243534,XYZ403,C,-113,1,147,87,Coverage_Hole,6,22,coverage_hole
2026-07-01 20:00:00,UE01244,32.94566683950256,-96.94216080712263,XYZ403,B,-116,4,316,125,Good,3,36,coverage_hole
2026-07-01 22:00:00,UE01246,32.95571876855459,-96.99203048110223,XYZ402,A,-99,9,372,37,Coverage_Hole,5,55,coverage_hole
2026-07-01 23:00:00,UE01247,32.93815988551508,-96.93543320476088,XYZ403,C,-117,-2,116,59,Good,6,12,coverage_hole
2026-07-01 02:00:00,UE01250,32.925066031257145,-96.98952171004628,XYZ403,A,-86,20,576,16,Coverage_Hole,3,95,coverage_hole
2026-07-01 03:00:00,UE01251,32.95917493776922,-97.00112487522244,XYZ401,A,-107,2,235,37,Coverage_Hole,4,29,coverage_hole
2026-07-01 11:00:00,UE01259,32.953266962077635,-96.94185581477716,XYZ403,C,-116,-1,111,124,Coverage_Hole,6,14,coverage_hole
2026-07-01 15:00:00,UE01263,32.939324764372,-96.98862227315917,XYZ401,B,-79,16,502,24,Coverage_Hole,4,81,coverage_hole
2026-07-01 17:00:00,UE01265,32.92247437741863,-97.02860003724972,XYZ403,C,-110,-1,138,57,Coverage_Hole,6,14,coverage_hole
2026-07-01 18:00:00,UE01266,32.94207034490928,-96.9605453491442,XYZ401,C,-89,12,386,80,Coverage_Hole,1,65,coverage_hole
2026-07-01 01:00:00,UE01273,32.9185203926552,-96.94159341138486,XYZ402,B,-121,3,245,21,Excellent,2,31,coverage_hole
2026-07-01 02:00:00,UE01274,32.9008212301982,-96.9688210706392,XYZ403,B,-116,1,212,20,Fair,3,22,coverage_hole
2026-07-01 04:00:00,UE01276,32.94712459526368,-97.03440007779083,XYZ402,A,-120,-1,147,46,Fair,5,14,coverage_hole
2026-07-01 06:00:00,UE01278,32.96465763758881,-97.0062153086026,XYZ401,A,-109,-2,147,114,Coverage_Hole,1,13,coverage_hole
2026-07-01 09:00:00,UE01281,32.9003565705896,-96.95779898928444,XYZ401,B,-118,-2,152,60,Excellent,4,12,coverage_hole
2026-07-01 10:00:00,UE01282,32.90315623328299,-96.955245279218,XYZ402,A,-119,-5,79,25,Good,5,5,coverage_hole
2026-07-01 14:00:00,UE01286,32.941593063224225,-97.0280899886757,XYZ403,C,-119,4,282,20,Poor,3,36,coverage_hole
2026-07-01 15:00:00,UE01287,32.93065815130105,-96.9426995434879,XYZ401,A,-115,7,288,106,Fair,4,47,coverage_hole
2026-07-01 16:00:00,UE01288,32.92857751100475,-97.03481257617184,XYZ402,A,-118,-2,155,29,Poor,5,13,coverage_hole
2026-07-01 17:00:00,UE01289,32.90027763653699,-96.95840700997266,XYZ403,A,-117,-1,150,112,Fair,6,16,coverage_hole
2026-07-01 22:00:00,UE01294,32.93296516515825,-96.94439157553688,XYZ402,C,-115,3,191,74,Poor,5,31,coverage_hole
2026-07-01 00:00:00,UE01296,32.95980677551659,-96.9879247618856,XYZ401,C,-99,0,181,71,Coverage_Hole,1,20,coverage_hole
2026-07-01 01:00:00,UE01297,32.96807833336753,-96.965262870283,XYZ402,B,-117,0,151,15,Fair,2,20,coverage_hole
2026-07-01 04:00:00,UE01300,32.96184110230522,-96.98772409758512,XYZ402,C,-106,9,294,113,Coverage_Hole,5,56,coverage_hole
2026-07-01 05:00:00,UE01301,32.916498109939205,-96.98116589243511,XYZ403,A,-95,14,464,106,Coverage_Hole,6,74,coverage_hole
2026-07-01 06:00:00,UE01302,32.90028187415064,-96.96348191722782,XYZ401,A,-114,2,224,80,Coverage_Hole,1,28,coverage_hole
2026-07-01 07:00:00,UE01303,32.90780748998419,-96.9882226519263,XYZ402,A,-98,4,247,73,Coverage_Hole,2,36,coverage_hole
2026-07-01 10:00:00,UE01306,32.9048428471745,-96.96637288651594,XYZ402,B,-115,5,258,82,Poor,5,40,coverage_hole
2026-07-01 11:00:00,UE01307,32.909727715725765,-96.95282979483989,XYZ403,B,-108,6,241,38,Coverage_Hole,6,42,coverage_hole
2026-07-01 17:00:00,UE01313,32.94795316212002,-96.98808328396106,XYZ403,C,-90,11,388,40,Coverage_Hole,6,62,coverage_hole
2026-07-01 01:00:00,UE01321,32.92174801595104,-97.01336434631146,XYZ402,B,-101,10,327,104,Coverage_Hole,2,57,coverage_hole
2026-07-01 02:00:00,UE01322,32.95814620167492,-97.02234345241013,XYZ403,B,-119,3,232,67,Fair,3,31,coverage_hole
2026-07-01 05:00:00,UE01325,32.93811649219402,-96.99770005782749,XYZ403,B,-94,18,440,121,Coverage_Hole,6,90,coverage_hole
2026-07-01 14:00:00,UE01334,32.950224261302445,-96.94597400724932,XYZ403,B,-112,0,190,106,Coverage_Hole,3,21,coverage_hole
2026-07-01 19:00:00,UE01339,32.96352448478891,-96.9767563683894,XYZ402,C,-114,4,293,40,Coverage_Hole,2,36,coverage_hole
2026-07-01 21:00:00,UE01341,32.95340636534609,-96.9939939831988,XYZ401,B,-97,10,295,118,Coverage_Hole,4,58,coverage_hole
2026-07-01 02:00:00,UE01346,32.92970751931612,-97.02367561228998,XYZ403,A,-115,0,181,18,Excellent,3,21,coverage_hole
2026-07-01 03:00:00,UE01347,32.96505310873759,-96.9654456874313,XYZ401,A,-113,6,309,52,Coverage_Hole,4,42,coverage_hole
2026-07-01 06:00:00,UE01350,32.95307033203377,-96.93905650351446,XYZ401,A,-123,3,230,22,Poor,1,31,coverage_hole
2026-07-01 09:00:00,UE01353,32.93728339191095,-96.94465569517652,XYZ401,B,-115,1,163,91,Poor,4,23,coverage_hole
2026-07-01 15:00:00,UE01359,32.950084183566986,-96.93891647289264,XYZ401,B,-121,0,167,32,Coverage_Hole,4,21,coverage_hole
2026-07-01 18:00:00,UE01362,32.92576103491292,-96.9442061499415,XYZ401,C,-114,1,161,55,Coverage_Hole,1,23,coverage_hole
2026-07-01 21:00:00,UE01365,32.92004393161677,-97.0273484337879,XYZ401,B,-122,-4,72,86,Excellent,4,5,coverage_hole
2026-07-01 23:00:00,UE01367,32.946956269278736,-96.93582858194507,XYZ403,C,-118,-4,90,80,Coverage_Hole,6,5,coverage_hole
2026-07-01 04:00:00,UE01372,32.92098558913625,-97.00392985051477,XYZ402,A,-101,15,484,83,Coverage_Hole,5,76,coverage_hole
2026-07-01 15:00:00,UE01383,32.93631621748594,-97.00532129173466,XYZ401,A,-91,18,572,44,Coverage_Hole,4,89,coverage_hole
2026-07-01 16:00:00,UE01384,32.89300531470643,-96.97681832958382,XYZ402,A,-120,-6,53,104,Poor,5,5,coverage_hole
2026-07-01 17:00:00,UE01385,32.96779824543772,-96.98551498264467,XYZ403,B,-107,4,232,21,Coverage_Hole,6,37,coverage_hole
2026-07-01 19:00:00,UE01387,32.920554938834975,-96.93917330871729,XYZ402,A,-114,-2,158,89,Coverage_Hole,2,12,coverage_hole
2026-07-01 21:00:00,UE01389,32.95985280601575,-96.97640299471182,XYZ401,C,-103,4,247,67,Coverage_Hole,4,36,coverage_hole
2026-07-01 22:00:00,UE01390,32.94283256561639,-96.9698668414731,XYZ402,B,-87,14,467,18,Coverage_Hole,5,74,coverage_hole
2026-07-01 23:00:00,UE01391,32.952412189608765,-97.02357386291048,XYZ403,B,-115,0,195,51,Excellent,6,20,coverage_hole
2026-07-01 00:00:00,UE01392,32.960758870741515,-96.98626466361084,XYZ401,A,-96,7,359,30,Coverage_Hole,1,47,coverage_hole
2026-07-01 01:00:00,UE01393,32.96483307312737,-96.9485195066898,XYZ402,B,-118,-3,157,16,Good,2,10,coverage_hole
2026-07-01 02:00:00,UE01394,32.90410465437253,-97.0052009341572,XYZ403,B,-110,1,202,19,Coverage_Hole,3,23,coverage_hole
2026-07-01 05:00:00,UE01397,32.9753023377056,-96.98230971881804,XYZ403,A,-115,0,162,102,Poor,6,20,coverage_hole
2026-07-01 06:00:00,UE01398,32.945815533161486,-97.01825311269629,XYZ401,B,-105,5,233,61,Coverage_Hole,1,39,coverage_hole
2026-07-01 10:00:00,UE01402,32.95705549175915,-97.0034666677876,XYZ402,A,-102,5,258,72,Coverage_Hole,5,38,coverage_hole
2026-07-01 13:00:00,UE01405,32.965984342299514,-97.0202530066276,XYZ402,A,-122,1,185,27,Poor,2,23,coverage_hole
2026-07-01 16:00:00,UE01408,32.917798465052726,-96.97688069971842,XYZ402,C,-95,15,490,116,Coverage_Hole,5,77,coverage_hole
2026-07-01 17:00:00,UE01409,32.970856403168035,-96.9762485639354,XYZ403,C,-108,0,183,39,Coverage_Hole,6,21,coverage_hole
2026-07-01 18:00:00,UE01410,32.964588851057044,-97.00102088069649,XYZ401,B,-107,3,192,89,Coverage_Hole,1,31,coverage_hole
2026-07-01 19:00:00,UE01411,32.93488331374098,-96.97716730909846,XYZ402,A,-81,17,415,25,Coverage_Hole,2,84,coverage_hole
2026-07-01 05:00:00,UE01421,32.92578563784733,-96.95700430384204,XYZ403,B,-105,10,341,76,Coverage_Hole,6,58,coverage_hole
2026-07-01 06:00:00,UE01422,32.94937095757544,-96.95572049551588,XYZ401,A,-107,0,144,43,Coverage_Hole,1,20,coverage_hole
2026-07-01 12:00:00,UE01428,32.94237351081636,-96.96205232616369,XYZ401,A,-90,11,340,26,Coverage_Hole,1,63,coverage_hole
2026-07-01 20:00:00,UE01436,32.921710096503425,-97.0094898572614,XYZ403,C,-97,1,173,53,Coverage_Hole,3,23,coverage_hole
2026-07-01 01:00:00,UE01441,32.926999728668086,-96.96062596457875,XYZ402,C,-95,14,477,65,Coverage_Hole,2,74,coverage_hole
2026-07-01 02:00:00,UE01442,32.91243827292822,-96.94605452678849,XYZ403,A,-115,6,318,15,Poor,3,41,coverage_hole
2026-07-01 03:00:00,UE01443,32.970646560901905,-96.99530730695564,XYZ401,C,-114,1,193,43,Coverage_Hole,4,23,coverage_hole
2026-07-01 07:00:00,UE01447,32.91374642653088,-96.98799683438912,XYZ402,C,-98,13,470,108,Coverage_Hole,2,68,coverage_hole
2026-07-01 08:00:00,UE01448,32.93493059003224,-97.03385010224407,XYZ403,A,-124,4,249,59,Poor,3,37,coverage_hole
2026-07-01 09:00:00,UE01449,32.900261117752464,-96.98960465247524,XYZ401,C,-108,0,196,31,Coverage_Hole,4,21,coverage_hole
2026-07-01 14:00:00,UE01454,32.93188317928847,-96.94673402644088,XYZ403,C,-106,4,298,27,Coverage_Hole,3,36,coverage_hole
2026-07-01 19:00:00,UE01459,32.96439191446038,-96.99428691795264,XYZ402,B,-108,5,321,60,Coverage_Hole,2,40,coverage_hole
2026-07-01 22:00:00,UE01462,32.90064948262859,-96.95599596814316,XYZ402,B,-121,-2,141,33,Excellent,5,12,coverage_hole
2026-07-01 02:00:00,UE01466,32.947382545576616,-96.97978693888818,XYZ403,B,-88,14,396,67,Coverage_Hole,3,73,coverage_hole
2026-07-01 03:00:00,UE01467,32.97400339336201,-96.98222101191531,XYZ401,A,-114,-1,153,76,Coverage_Hole,4,15,coverage_hole
2026-07-01 09:00:00,UE01473,32.930795736085685,-97.02596223286344,XYZ401,B,-114,0,179,57,Coverage_Hole,4,21,coverage_hole
2026-07-01 11:00:00,UE01475,32.91679272251566,-96.94687236300312,XYZ403,B,-116,3,181,59,Excellent,6,31,coverage_hole
2026-07-01 12:00:00,UE01476,32.94160496014817,-97.03287242711798,XYZ401,B,-115,-1,160,29,Coverage_Hole,1,15,coverage_hole
2026-07-01 14:00:00,UE01478,32.90858400860554,-96.96312520970277,XYZ403,B,-105,1,166,32,Coverage_Hole,3,23,coverage_hole
2026-07-01 18:00:00,UE01482,32.95458130332452,-97.00205122960392,XYZ401,C,-93,9,315,64,Coverage_Hole,1,55,coverage_hole
2026-07-01 01:00:00,UE01489,32.919840517413355,-96.94056687938894,XYZ402,C,-117,-1,117,28,Good,2,14,coverage_hole
2026-07-01 04:00:00,UE01492,32.903990715149405,-96.98637916242714,XYZ402,A,-107,2,216,77,Coverage_Hole,5,29,coverage_hole
2026-07-01 09:00:00,UE01497,32.89675679216778,-96.96224390089604,XYZ401,C,-119,-4,99,45,Coverage_Hole,4,5,coverage_hole
2026-07-01 21:00:00,UE01509,32.94146823136517,-96.9547072454282,XYZ401,A,-103,5,321,60,Coverage_Hole,4,40,coverage_hole
2026-07-01 22:00:00,UE01510,32.92205215498267,-96.95556276167432,XYZ402,A,-101,4,235,61,Coverage_Hole,5,37,coverage_hole
2026-07-01 23:00:00,UE01511,32.906945195171204,-96.94634833772726,XYZ403,A,-117,-6,37,47,Excellent,6,5,coverage_hole
2026-07-01 00:00:00,UE01512,32.93247903912145,-96.93356179426506,XYZ401,A,-116,2,194,28,Good,1,29,coverage_hole
2026-07-01 01:00:00,UE01513,32.96771136590356,-96.97869600065414,XYZ402,C,-110,4,307,43,Coverage_Hole,2,37,coverage_hole
2026-07-01 04:00:00,UE01516,32.97765782984035,-96.97533521783626,XYZ402,A,-113,-4,98,37,Coverage_Hole,5,5,coverage_hole
2026-07-01 05:00:00,UE01517,32.964918845479005,-96.95225342440484,XYZ403,C,-121,-3,150,74,Fair,6,11,coverage_hole
2026-07-01 07:00:00,UE01519,32.92263638766036,-97.03348659995636,XYZ402,B,-121,-5,104,22,Excellent,2,5,coverage_hole
2026-07-01 09:00:00,UE01521,32.93185174407997,-96.9371214181802,XYZ401,B,-115,0,153,33,Good,4,20,coverage_hole
2026-07-01 12:00:00,UE01524,32.96765567802657,-96.99059188290364,XYZ401,A,-111,6,282,99,Coverage_Hole,1,41,coverage_hole
2026-07-01 13:00:00,UE01525,32.94849297266115,-96.98769057845816,XYZ402,B,-92,11,336,89,Coverage_Hole,2,63,coverage_hole
2026-07-01 15:00:00,UE01527,32.93637137573034,-96.9523341838182,XYZ401,B,-96,3,219,38,Coverage_Hole,4,32,coverage_hole
2026-07-01 18:00:00,UE01530,32.943633235015135,-96.94029662356311,XYZ401,B,-110,-1,135,17,Coverage_Hole,1,16,coverage_hole
2026-07-01 20:00:00,UE01532,32.915326993534755,-96.947146362031,XYZ403,C,-115,0,157,18,Coverage_Hole,3,21,coverage_hole
2026-07-01 22:00:00,UE01534,32.89753045677865,-96.9895098275742,XYZ402,A,-111,0,209,90,Coverage_Hole,5,20,coverage_hole
2026-07-01 01:00:00,UE01537,32.89864100336816,-96.9610253275393,XYZ402,C,-118,-3,151,42,Poor,2,10,coverage_hole
2026-07-01 02:00:00,UE01538,32.95769510799183,-96.96554289441832,XYZ403,A,-103,8,326,105,Coverage_Hole,3,50,coverage_hole
2026-07-01 04:00:00,UE01540,32.90210303313195,-97.01865203503056,XYZ402,A,-123,-5,97,43,Excellent,5,5,coverage_hole
2026-07-01 08:00:00,UE01544,32.90064702316871,-96.99571719636786,XYZ403,B,-115,0,203,42,Coverage_Hole,3,20,coverage_hole
2026-07-01 10:00:00,UE01546,32.93055218003472,-97.0311518095998,XYZ402,A,-115,-2,123,67,Coverage_Hole,5,12,coverage_hole
2026-07-01 15:00:00,UE01551,32.89582412809886,-96.9700827540303,XYZ401,A,-118,0,181,113,Fair,4,21,coverage_hole
2026-07-01 00:00:00,UE01560,32.972970539912794,-96.99588986399594,XYZ401,A,-120,-3,117,33,Coverage_Hole,1,11,coverage_hole
2026-07-01 01:00:00,UE01561,32.940047725393136,-96.95567217558134,XYZ402,A,-106,3,246,94,Coverage_Hole,2,31,coverage_hole
2026-07-01 09:00:00,UE01569,32.91794801072788,-97.03133967959936,XYZ401,B,-120,-3,109,16,Good,4,10,coverage_hole
2026-07-01 13:00:00,UE01573,32.92665844675039,-97.01154040210474,XYZ402,C,-97,5,280,84,Coverage_Hole,2,39,coverage_hole
2026-07-01 15:00:00,UE01575,32.95088213193029,-96.9978989441292,XYZ401,B,-96,10,378,96,Coverage_Hole,4,58,coverage_hole
2026-07-01 16:00:00,UE01576,32.93329665481665,-97.0029077388846,XYZ402,B,-94,13,477,19,Coverage_Hole,5,67,coverage_hole
2026-07-01 18:00:00,UE01578,32.92345091002704,-97.01884921134042,XYZ401,A,-101,9,320,39,Coverage_Hole,1,54,coverage_hole
2026-07-01 21:00:00,UE01581,32.92039138363585,-96.94046713448786,XYZ401,C,-119,0,196,108,Fair,4,20,coverage_hole
2026-07-01 01:00:00,UE01585,32.93859283327564,-97.01360848508314,XYZ402,B,-98,10,343,85,Coverage_Hole,2,57,coverage_hole
2026-07-01 03:00:00,UE01587,32.96442180154645,-97.00437955427792,XYZ401,B,-105,3,209,37,Coverage_Hole,4,31,coverage_hole
2026-07-01 04:00:00,UE01588,32.945008273734004,-97.03555406697278,XYZ402,A,-121,-5,102,83,Excellent,5,5,coverage_hole
2026-07-01 07:00:00,UE01591,32.90818527374677,-96.94616904570644,XYZ402,A,-119,-1,140,27,Excellent,2,14,coverage_hole
2026-07-01 17:00:00,UE01601,32.97457229256956,-96.99457076457736,XYZ403,B,-109,2,236,120,Coverage_Hole,6,28,coverage_hole
2026-07-01 18:00:00,UE01602,32.96667826466509,-96.95044925945844,XYZ401,A,-115,-3,115,42,Excellent,1,10,coverage_hole
2026-07-01 22:00:00,UE01606,32.970773737069194,-96.99191797610683,XYZ402,C,-115,2,227,45,Poor,5,28,coverage_hole
2026-07-01 23:00:00,UE01607,32.93579198784904,-96.94872767485514,XYZ403,C,-112,9,349,90,Coverage_Hole,6,56,coverage_hole
2026-07-01 06:00:00,UE01614,32.97477127731419,-97.00268892774002,XYZ401,A,-114,0,187,120,Coverage_Hole,1,20,coverage_hole
2026-07-01 07:00:00,UE01615,32.9422748164862,-96.977195137979,XYZ402,A,-85,15,413,66,Coverage_Hole,2,77,coverage_hole
2026-07-01 12:00:00,UE01620,32.924815552288344,-96.99408960973793,XYZ401,B,-90,11,355,59,Coverage_Hole,1,62,coverage_hole
2026-07-01 13:00:00,UE01621,32.91897047185649,-96.93838159733156,XYZ402,B,-117,-8,36,129,Poor,2,5,coverage_hole
2026-07-01 17:00:00,UE01625,32.910642895853336,-96.9751928611673,XYZ403,B,-105,6,305,81,Coverage_Hole,6,41,coverage_hole
2026-07-01 19:00:00,UE01627,32.946500624529804,-96.99476337873578,XYZ402,C,-93,12,352,39,Coverage_Hole,2,65,coverage_hole
2026-07-01 21:00:00,UE01629,32.950771203537975,-97.00593704333927,XYZ401,C,-100,9,385,114,Coverage_Hole,4,55,coverage_hole
2026-07-01 00:00:00,UE01632,32.9083337321006,-96.98829458557697,XYZ401,A,-98,6,246,48,Coverage_Hole,1,41,coverage_hole
2026-07-01 01:00:00,UE01633,32.967538587339554,-97.01458871122756,XYZ402,B,-115,1,184,33,Fair,2,23,coverage_hole
2026-07-01 04:00:00,UE01636,32.9441176826554,-97.03412671331128,XYZ402,A,-120,3,243,94,Coverage_Hole,5,32,coverage_hole
2026-07-01 09:00:00,UE01641,32.91332997157672,-96.9425727141742,XYZ401,C,-117,3,225,18,Poor,4,31,coverage_hole
2026-07-01 13:00:00,UE01645,32.97057435779163,-96.96464507800984,XYZ402,B,-116,-3,144,63,Coverage_Hole,2,10,coverage_hole
2026-07-01 20:00:00,UE01652,32.94242099083803,-96.97521021378864,XYZ403,B,-87,21,593,51,Coverage_Hole,3,100,coverage_hole
2026-07-01 21:00:00,UE01653,32.94416909180773,-97.01708485758694,XYZ401,B,-100,1,160,97,Coverage_Hole,4,23,coverage_hole
2026-07-01 00:00:00,UE01656,32.94092311136393,-96.9430277155799,XYZ401,C,-101,5,323,29,Coverage_Hole,1,39,coverage_hole
2026-07-01 01:00:00,UE01657,32.918608110630274,-96.98417529854534,XYZ402,B,-89,11,354,106,Coverage_Hole,2,62,coverage_hole
2026-07-01 02:00:00,UE01658,32.92287152331172,-97.03174849568164,XYZ403,C,-114,4,243,59,Coverage_Hole,3,36,coverage_hole
2026-07-01 03:00:00,UE01659,32.907348249555874,-96.99867144886925,XYZ401,C,-107,6,297,32,Coverage_Hole,4,41,coverage_hole
2026-07-01 10:00:00,UE01666,32.93934537318748,-96.9848732348734,XYZ402,C,-76,21,650,127,Coverage_Hole,5,99,coverage_hole
2026-07-01 13:00:00,UE01669,32.913756442830376,-96.9478447829494,XYZ402,C,-114,-2,160,99,Coverage_Hole,2,13,coverage_hole
2026-07-01 15:00:00,UE01671,32.924266849003544,-96.94768783795406,XYZ401,B,-104,4,306,27,Coverage_Hole,4,36,coverage_hole
2026-07-01 19:00:00,UE01675,32.97617601124119,-96.9782677270419,XYZ402,A,-121,1,206,73,Coverage_Hole,2,23,coverage_hole
2026-07-01 22:00:00,UE01678,32.89447202235041,-96.98012722765856,XYZ402,B,-121,-4,91,30,Excellent,5,5,coverage_hole
2026-07-01 23:00:00,UE01679,32.9254893906781,-96.9505220987572,XYZ403,A,-107,7,343,92,Coverage_Hole,6,46,coverage_hole
2026-07-01 05:00:00,UE01685,32.96397859410814,-96.96624813899676,XYZ403,B,-104,3,251,99,Coverage_Hole,6,32,coverage_hole
2026-07-01 08:00:00,UE01688,32.92468425473009,-97.008740161248,XYZ403,B,-93,4,248,96,Coverage_Hole,3,37,coverage_hole
2026-07-01 09:00:00,UE01689,32.90805559416152,-96.97007245616612,XYZ401,C,-108,5,283,52,Coverage_Hole,4,38,coverage_hole
2026-07-01 11:00:00,UE01691,32.92584734963827,-97.02145006339757,XYZ403,B,-111,7,322,30,Coverage_Hole,6,47,coverage_hole
2026-07-01 12:00:00,UE01692,32.97553005909754,-96.98256814326662,XYZ401,C,-119,1,144,86,Poor,1,24,coverage_hole
2026-07-01 16:00:00,UE01696,32.97052790244134,-96.96879741293544,XYZ402,C,-117,2,222,126,Excellent,5,29,coverage_hole
2026-07-01 19:00:00,UE01699,32.91149983014481,-96.97902941871972,XYZ402,C,-98,9,409,17,Coverage_Hole,2,55,coverage_hole
2026-07-01 01:00:00,UE01705,32.97590792421597,-97.00260693383684,XYZ402,C,-116,2,228,76,Excellent,2,28,coverage_hole
2026-07-01 05:00:00,UE01709,32.96596863268495,-96.96785144789824,XYZ403,A,-108,8,279,107,Coverage_Hole,6,49,coverage_hole
2026-07-01 06:00:00,UE01710,32.96541826210812,-96.9746896490192,XYZ401,C,-106,2,246,66,Coverage_Hole,1,29,coverage_hole
2026-07-01 10:00:00,UE01714,32.96001715288691,-96.95113445949136,XYZ402,A,-125,1,176,30,Coverage_Hole,5,24,coverage_hole
2026-07-01 11:00:00,UE01715,32.9363851416529,-96.94599080428132,XYZ403,C,-116,0,180,51,Coverage_Hole,6,21,coverage_hole
2026-07-01 12:00:00,UE01716,32.96130487248239,-96.969177190406,XYZ401,C,-109,8,365,63,Coverage_Hole,1,50,coverage_hole
2026-07-01 17:00:00,UE01721,32.89747655974372,-96.982989130232,XYZ403,C,-109,-4,103,46,Coverage_Hole,6,5,coverage_hole
2026-07-01 18:00:00,UE01722,32.90794989490022,-96.95281936996729,XYZ401,A,-107,0,178,53,Coverage_Hole,1,20,coverage_hole
2026-07-01 23:00:00,UE01727,32.89486570370985,-96.97182208897786,XYZ403,C,-117,-1,157,16,Coverage_Hole,6,15,coverage_hole
2026-07-01 06:00:00,UE01734,32.95734429399105,-96.97729230066028,XYZ401,B,-100,8,330,43,Coverage_Hole,1,49,coverage_hole
2026-07-01 07:00:00,UE01735,32.960439156740485,-97.00365161964706,XYZ402,C,-102,12,324,120,Coverage_Hole,2,65,coverage_hole
2026-07-01 08:00:00,UE01736,32.91514637372203,-96.94122361836423,XYZ403,C,-115,-1,153,30,Good,3,15,coverage_hole
2026-07-01 09:00:00,UE01737,32.89942443709188,-96.96705017822872,XYZ401,A,-119,-4,79,44,Good,4,5,coverage_hole
2026-07-01 10:00:00,UE01738,32.96744293686014,-96.9686305009678,XYZ402,A,-116,0,181,66,Excellent,5,20,coverage_hole
2026-07-01 19:00:00,UE01747,32.931381958436525,-97.00994883085274,XYZ402,B,-89,7,311,79,Coverage_Hole,2,48,coverage_hole
2026-07-01 20:00:00,UE01748,32.933990055948755,-97.01698193864092,XYZ403,A,-105,1,180,128,Coverage_Hole,3,22,coverage_hole
2026-07-01 22:00:00,UE01750,32.91140317826591,-97.0056137438174,XYZ402,C,-115,10,314,89,Coverage_Hole,5,57,coverage_hole
2026-07-01 00:00:00,UE01752,32.95528785066662,-97.02987734580748,XYZ401,C,-118,0,187,28,Good,1,21,coverage_hole
2026-07-01 01:00:00,UE01753,32.9045442415187,-97.02125704244536,XYZ402,B,-123,-2,121,77,Good,2,13,coverage_hole
2026-07-01 02:00:00,UE01754,32.89836880726551,-97.00786759223382,XYZ403,C,-108,-3,123,65,Coverage_Hole,3,9,coverage_hole
2026-07-01 04:00:00,UE01756,32.92106556834625,-96.9362518507458,XYZ402,B,-116,0,160,21,Fair,5,21,coverage_hole
2026-07-01 05:00:00,UE01757,32.94041142870736,-96.94013201355152,XYZ403,A,-118,-4,75,110,Poor,6,5,coverage_hole
2026-07-01 07:00:00,UE01759,32.94878681609958,-96.9458268397156,XYZ402,B,-114,6,219,85,Coverage_Hole,2,41,coverage_hole
2026-07-01 09:00:00,UE01761,32.94416321627594,-96.9361411022616,XYZ401,B,-120,-3,118,40,Poor,4,10,coverage_hole
2026-07-01 12:00:00,UE01764,32.912891110941885,-97.0239487953857,XYZ401,A,-110,-2,114,52,Coverage_Hole,1,13,coverage_hole
2026-07-01 13:00:00,UE01765,32.928842702045074,-96.94765212332626,XYZ402,A,-104,3,181,106,Coverage_Hole,2,31,coverage_hole
2026-07-01 18:00:00,UE01770,32.95833628103746,-96.94548709254798,XYZ401,B,-120,1,211,77,Coverage_Hole,1,23,coverage_hole
2026-07-01 00:00:00,UE01776,32.934482189932865,-97.0337110083085,XYZ401,A,-116,0,149,84,Good,1,20,coverage_hole
2026-07-01 03:00:00,UE01779,32.94039615914596,-96.95054166758442,XYZ401,B,-110,5,309,16,Coverage_Hole,4,40,coverage_hole
2026-07-01 05:00:00,UE01781,32.918987321195495,-97.02348002357422,XYZ403,A,-118,1,213,41,Good,6,23,coverage_hole
2026-07-01 12:00:00,UE01788,32.91286113630966,-97.02237391332544,XYZ401,C,-115,-1,132,87,Fair,1,15,coverage_hole
2026-07-01 13:00:00,UE01789,32.95024837474393,-97.0200707895118,XYZ402,A,-109,0,192,56,Coverage_Hole,2,20,coverage_hole
2026-07-01 15:00:00,UE01791,32.94571686292003,-96.99668110710158,XYZ401,C,-95,16,522,93,Coverage_Hole,4,81,coverage_hole
2026-07-01 17:00:00,UE01793,32.91098576274865,-96.94478383681302,XYZ403,C,-119,-4,76,113,Poor,6,5,coverage_hole
2026-07-01 19:00:00,UE01795,32.96348156451131,-96.95371510155331,XYZ402,A,-120,-2,124,54,Coverage_Hole,2,12,coverage_hole
2026-07-01 21:00:00,UE01797,32.907038232706306,-97.01795909681452,XYZ401,A,-115,-4,102,18,Poor,4,5,coverage_hole
2026-07-01 22:00:00,UE01798,32.89864938858763,-96.96584808384404,XYZ402,A,-115,-3,111,95,Fair,5,9,coverage_hole
2026-07-01 02:00:00,UE01802,32.95983723372806,-96.970103368107,XYZ403,C,-100,8,263,79,Coverage_Hole,3,49,coverage_hole
2026-07-01 06:00:00,UE01806,32.91951507521864,-97.00557407048994,XYZ401,B,-96,5,216,71,Coverage_Hole,1,38,coverage_hole
2026-07-01 07:00:00,UE01807,32.903255535298875,-96.98477920339064,XYZ402,B,-111,2,258,61,Coverage_Hole,2,28,coverage_hole
2026-07-01 10:00:00,UE01810,32.94829898253145,-96.95020341423412,XYZ402,C,-109,6,244,80,Coverage_Hole,5,41,coverage_hole
2026-07-01 12:00:00,UE01812,32.94540231523045,-96.99113030390964,XYZ401,C,-87,9,424,128,Coverage_Hole,1,56,coverage_hole
2026-07-01 22:00:00,UE01822,32.898114891330366,-96.96049820347068,XYZ402,C,-118,0,204,125,Poor,5,20,coverage_hole
2026-07-01 02:00:00,UE01826,32.94372378396227,-97.02977153502496,XYZ403,B,-115,-3,125,43,Coverage_Hole,3,11,coverage_hole
2026-07-01 04:00:00,UE01828,32.958697753402994,-97.00928526737484,XYZ402,B,-101,2,238,81,Coverage_Hole,5,29,coverage_hole
2026-07-01 14:00:00,UE01838,32.91690232986497,-96.94136108028572,XYZ403,A,-115,0,167,113,Coverage_Hole,3,21,coverage_hole
2026-07-01 19:00:00,UE01843,32.976646527143096,-96.9812413031985,XYZ402,B,-121,-4,94,115,Fair,2,5,coverage_hole
2026-07-01 20:00:00,UE01844,32.92396867524482,-96.98565290320566,XYZ403,B,-88,15,457,66,Coverage_Hole,3,76,coverage_hole
2026-07-01 22:00:00,UE01846,32.94603634441404,-97.01784637735145,XYZ402,C,-103,7,261,26,Coverage_Hole,5,47,coverage_hole
2026-07-01 23:00:00,UE01847,32.918661863580944,-96.98034923456464,XYZ403,A,-91,12,482,91,Coverage_Hole,6,66,coverage_hole
2026-07-01 00:00:00,UE01848,32.928978641616894,-96.9826054714662,XYZ401,C,-85,19,493,46,Coverage_Hole,1,92,coverage_hole
2026-07-01 01:00:00,UE01849,32.90254966078117,-96.96011012032966,XYZ402,A,-116,0,175,57,Coverage_Hole,2,20,coverage_hole
2026-07-01 02:00:00,UE01850,32.91909318947838,-96.96623101964911,XYZ403,C,-101,11,442,60,Coverage_Hole,3,63,coverage_hole
2026-07-01 04:00:00,UE01852,32.94657332623024,-96.93825352235388,XYZ402,A,-117,0,164,109,Coverage_Hole,5,20,coverage_hole
2026-07-01 08:00:00,UE01856,32.918661752353245,-96.946647188406,XYZ403,C,-111,6,267,120,Coverage_Hole,3,41,coverage_hole
2026-07-01 09:00:00,UE01857,32.92681174404645,-97.00856524828494,XYZ401,B,-98,12,379,27,Coverage_Hole,4,65,coverage_hole
2026-07-01 10:00:00,UE01858,32.90683071495596,-96.9661074963765,XYZ402,B,-101,4,275,61,Coverage_Hole,5,37,coverage_hole
2026-07-01 11:00:00,UE01859,32.93109390833877,-97.0309375985192,XYZ403,A,-118,0,158,81,Excellent,6,21,coverage_hole
2026-07-01 14:00:00,UE01862,32.90139074530372,-96.98555528232866,XYZ403,C,-112,3,213,121,Coverage_Hole,3,31,coverage_hole
2026-07-01 17:00:00,UE01865,32.9550144661763,-96.98266969364502,XYZ403,A,-93,14,502,86,Coverage_Hole,6,74,coverage_hole
2026-07-01 18:00:00,UE01866,32.9304347452045,-97.01923305145549,XYZ401,C,-112,7,338,117,Coverage_Hole,1,47,coverage_hole
2026-07-01 19:00:00,UE01867,32.95301975164219,-96.96376678335832,XYZ402,C,-108,11,393,60,Coverage_Hole,2,62,coverage_hole
2026-07-01 20:00:00,UE01868,32.91987394867945,-97.031800307313,XYZ403,C,-122,-2,160,127,Fair,3,13,coverage_hole
2026-07-01 22:00:00,UE01870,32.92597014026516,-97.01759989590391,XYZ402,A,-100,7,281,94,Coverage_Hole,5,46,coverage_hole
2026-07-01 01:00:00,UE01873,32.89842638416784,-96.96810241987372,XYZ402,A,-121,0,181,29,Poor,2,20,coverage_hole
2026-07-01 02:00:00,UE01874,32.900908740453914,-97.01680261471688,XYZ403,C,-112,-5,78,20,Coverage_Hole,3,5,coverage_hole
2026-07-01 05:00:00,UE01877,32.936789007160804,-96.96986959006152,XYZ403,A,-91,10,391,42,Coverage_Hole,6,58,coverage_hole
2026-07-01 10:00:00,UE01882,32.90074949789699,-97.01145916267905,XYZ402,C,-124,-5,72,27,Excellent,5,5,coverage_hole
2026-07-01 14:00:00,UE01886,32.95496691470421,-96.96118581911324,XYZ403,C,-100,8,369,115,Coverage_Hole,3,50,coverage_hole
2026-07-01 15:00:00,UE01887,32.97043949244,-96.97364977806642,XYZ401,C,-117,2,233,41,Good,4,29,coverage_hole
2026-07-01 18:00:00,UE01890,32.97436300934368,-96.99233389217886,XYZ401,C,-110,-3,127,120,Coverage_Hole,1,9,coverage_hole
2026-07-01 23:00:00,UE01895,32.965352473598244,-96.9639471437924,XYZ403,B,-117,3,234,24,Fair,6,31,coverage_hole
2026-07-01 00:00:00,UE01896,32.97000019005412,-96.97155095931372,XYZ401,C,-116,0,197,41,Poor,1,21,coverage_hole
2026-07-01 01:00:00,UE01897,32.96637426656955,-96.96983140333178,XYZ402,C,-115,-2,138,72,Coverage_Hole,2,13,coverage_hole
2026-07-01 03:00:00,UE01899,32.90302811390671,-96.9617558960232,XYZ401,B,-113,6,247,127,Coverage_Hole,4,42,coverage_hole
2026-07-01 04:00:00,UE01900,32.90594234528851,-96.96894266142124,XYZ402,C,-108,0,208,60,Coverage_Hole,5,20,coverage_hole
2026-07-01 07:00:00,UE01903,32.92625220414094,-97.03536363149428,XYZ402,B,-115,-7,51,87,Coverage_Hole,2,5,coverage_hole
2026-07-01 13:00:00,UE01909,32.95082899824443,-96.95609862530044,XYZ402,C,-111,6,266,94,Coverage_Hole,2,42,coverage_hole
2026-07-01 19:00:00,UE01915,32.9087517568772,-96.94460944002324,XYZ402,C,-123,0,163,108,Good,2,20,coverage_hole
2026-07-01 23:00:00,UE01919,32.96751703169827,-97.01743876327905,XYZ403,C,-123,-7,37,66,Coverage_Hole,6,5,coverage_hole
2026-07-01 01:00:00,UE01921,32.96267573850253,-97.00912052678736,XYZ402,A,-111,4,270,113,Coverage_Hole,2,36,coverage_hole
2026-07-01 03:00:00,UE01923,32.96134839178973,-96.97237651428291,XYZ401,B,-106,8,271,43,Coverage_Hole,4,49,coverage_hole
2026-07-01 05:00:00,UE01925,32.96475223279165,-96.95932281628,XYZ403,B,-115,1,156,40,Fair,6,23,coverage_hole
2026-07-01 14:00:00,UE01934,32.9483469919983,-97.0021361402856,XYZ403,B,-98,8,330,36,Coverage_Hole,3,49,coverage_hole
2026-07-01 15:00:00,UE01935,32.93988978148193,-97.0284863633197,XYZ401,B,-117,0,192,32,Excellent,4,20,coverage_hole
2026-07-01 16:00:00,UE01936,32.91447064289688,-97.01567871720069,XYZ402,B,-104,1,160,56,Coverage_Hole,5,23,coverage_hole
2026-07-01 01:00:00,UE01945,32.94715387619035,-96.99675592400924,XYZ402,A,-92,8,330,67,Coverage_Hole,2,50,coverage_hole
2026-07-01 02:00:00,UE01946,32.907574425254445,-96.95198155947294,XYZ403,C,-117,1,165,91,Excellent,3,24,coverage_hole
2026-07-01 04:00:00,UE01948,32.9430049002506,-96.97002798883908,XYZ402,C,-89,13,479,62,Coverage_Hole,5,68,coverage_hole
2026-07-01 06:00:00,UE01950,32.92615215174662,-96.95524664510822,XYZ401,B,-102,4,269,28,Coverage_Hole,1,37,coverage_hole
2026-07-01 11:00:00,UE01955,32.901688687170626,-96.99198720661386,XYZ403,C,-115,0,182,98,Good,6,20,coverage_hole
2026-07-01 12:00:00,UE01956,32.89667310201059,-96.99020237578809,XYZ401,B,-120,-1,118,119,Good,1,14,coverage_hole
2026-07-01 14:00:00,UE01958,32.90022545655171,-97.00265834611592,XYZ403,C,-110,1,188,91,Coverage_Hole,3,23,coverage_hole
2026-07-01 05:00:00,UE01973,32.93058802148238,-96.9619765030916,XYZ403,C,-101,13,462,110,Coverage_Hole,6,69,coverage_hole
2026-07-01 08:00:00,UE01976,32.96702851988972,-97.00620688462924,XYZ403,A,-116,1,162,49,Poor,3,24,coverage_hole
2026-07-01 10:00:00,UE01978,32.89659905979021,-96.96444210135164,XYZ402,C,-121,0,182,17,Coverage_Hole,5,20,coverage_hole
2026-07-01 12:00:00,UE01980,32.94710763390529,-97.02917238318987,XYZ401,A,-118,-1,125,32,Coverage_Hole,1,14,coverage_hole
2026-07-01 16:00:00,UE01984,32.89675846673782,-97.00543409135582,XYZ402,A,-117,-3,129,115,Fair,5,10,coverage_hole
2026-07-01 18:00:00,UE01986,32.9367893536191,-97.03678630662294,XYZ401,B,-121,2,202,23,Excellent,1,28,coverage_hole
2026-07-01 20:00:00,UE01988,32.919926297893696,-96.94067742530518,XYZ403,C,-119,0,181,127,Poor,3,20,coverage_hole
2026-07-01 00:00:00,UE01992,32.92148480696428,-97.02129095798637,XYZ401,B,-104,7,317,38,Coverage_Hole,1,47,coverage_hole
2026-07-01 01:00:00,UE01993,32.93749660934277,-97.0347945985492,XYZ402,C,-122,0,208,53,Fair,2,21,coverage_hole
2026-07-01 02:00:00,UE01994,32.94691055858682,-97.02971061319585,XYZ403,A,-113,6,321,101,Coverage_Hole,3,41,coverage_hole
2026-07-01 04:00:00,UE00004,32.941769275516045,-97.03557701648772,XYZ402,A,-114,-2,118,96,Excellent,5,13,weak_coverage
2026-07-01 06:00:00,UE00006,32.96531739517448,-97.00321508928326,XYZ401,B,-106,3,220,102,Fair,1,30,weak_coverage
2026-07-01 07:00:00,UE00007,32.91088656334055,-96.95915970319616,XYZ402,B,-111,5,220,91,Excellent,2,39,weak_coverage
2026-07-01 09:00:00,UE00009,32.95367097310067,-96.96786913949978,XYZ401,A,-105,7,363,117,Fair,4,47,weak_coverage
2026-07-01 10:00:00,UE00010,32.94681342242532,-97.01601269120236,XYZ402,C,-114,6,228,46,Good,5,42,weak_coverage
2026-07-01 15:00:00,UE00015,32.959083499043814,-97.01122778498296,XYZ401,C,-110,0,204,127,Poor,4,20,weak_coverage
2026-07-01 16:00:00,UE00016,32.91201248099194,-96.956815668029,XYZ402,A,-112,0,176,28,Fair,5,21,weak_coverage
2026-07-01 17:00:00,UE00017,32.90297662302907,-97.00268361022574,XYZ403,C,-111,0,161,41,Poor,6,21,weak_coverage
2026-07-01 18:00:00,UE00018,32.95841307562227,-97.017129522723,XYZ401,B,-110,-3,149,107,Poor,1,10,weak_coverage
2026-07-01 21:00:00,UE00021,32.90042697754924,-96.9994131245068,XYZ401,A,-114,-4,94,50,Poor,4,5,weak_coverage
2026-07-01 00:00:00,UE00024,32.921212225164645,-96.95182156769468,XYZ401,C,-109,6,224,23,Good,1,42,weak_coverage
2026-07-01 03:00:00,UE00027,32.90064718103181,-96.98600937583072,XYZ401,C,-108,4,223,98,Fair,4,37,weak_coverage
2026-07-01 04:00:00,UE00028,32.90135767168009,-96.9744277913067,XYZ402,A,-107,2,266,26,Fair,5,29,weak_coverage
2026-07-01 05:00:00,UE00029,32.91734782050177,-96.9503455116328,XYZ403,B,-114,7,294,128,Coverage_Hole,6,47,weak_coverage
2026-07-01 06:00:00,UE00030,32.89419713568289,-97.00032962659712,XYZ401,C,-110,-8,49,76,Coverage_Hole,1,5,weak_coverage
2026-07-01 07:00:00,UE00031,32.93779854167526,-96.94076296390432,XYZ402,A,-109,-6,43,114,Fair,2,5,weak_coverage
2026-07-01 12:00:00,UE00036,32.91928870849824,-97.02576189613166,XYZ401,B,-114,-3,112,58,Coverage_Hole,1,10,weak_coverage
2026-07-01 19:00:00,UE00043,32.904691583043295,-96.9797569194946,XYZ402,C,-108,7,373,61,Fair,2,46,weak_coverage
2026-07-01 04:00:00,UE00052,32.96918008041554,-96.96013577812435,XYZ402,C,-111,0,214,89,Coverage_Hole,5,21,weak_coverage
2026-07-01 08:00:00,UE00056,32.92760779559066,-97.03427219091492,XYZ403,C,-114,0,203,92,Coverage_Hole,3,20,weak_coverage
2026-07-01 13:00:00,UE00061,32.938645668672734,-96.95518986319033,XYZ402,A,-108,5,314,111,Coverage_Hole,2,39,weak_coverage
2026-07-01 17:00:00,UE00065,32.90824020650205,-96.9673676746552,XYZ403,A,-107,6,284,85,Poor,6,41,weak_coverage
2026-07-01 18:00:00,UE00066,32.947765921592946,-96.95047574161477,XYZ401,B,-111,0,174,43,Fair,1,21,weak_coverage
2026-07-01 20:00:00,UE00068,32.93158399406414,-96.95381871476552,XYZ403,A,-106,11,349,71,Coverage_Hole,3,64,weak_coverage
2026-07-01 21:00:00,UE00069,32.917195547248205,-96.95136384996744,XYZ401,B,-105,3,244,46,Coverage_Hole,4,31,weak_coverage
2026-07-01 02:00:00,UE00074,32.90736236613457,-96.9846765704522,XYZ403,B,-105,7,285,26,Coverage_Hole,3,48,weak_coverage
2026-07-01 08:00:00,UE00080,32.91454923218129,-97.01887451172657,XYZ403,C,-106,-4,103,101,Poor,3,5,weak_coverage
2026-07-01 09:00:00,UE00081,32.91884994626997,-96.94336828031634,XYZ401,B,-110,0,160,27,Fair,4,20,weak_coverage
2026-07-01 12:00:00,UE00084,32.93284581414722,-96.93899908459116,XYZ401,A,-112,0,187,85,Poor,1,20,weak_coverage
2026-07-01 14:00:00,UE00086,32.901849930158704,-96.99147263778774,XYZ403,B,-108,-2,161,27,Coverage_Hole,3,13,weak_coverage
2026-07-01 17:00:00,UE00089,32.897727769873164,-97.00657162419442,XYZ403,A,-113,4,295,73,Coverage_Hole,6,36,weak_coverage
2026-07-01 18:00:00,UE00090,32.92214532549816,-97.03003828677149,XYZ401,C,-110,3,194,56,Coverage_Hole,1,30,weak_coverage
2026-07-01 19:00:00,UE00091,32.95497349142562,-96.94737287429278,XYZ402,A,-110,1,144,119,Fair,2,23,weak_coverage
2026-07-01 23:00:00,UE00095,32.941650090821874,-96.94278136188522,XYZ403,A,-110,0,163,35,Fair,6,20,weak_coverage
2026-07-01 01:00:00,UE00097,32.9417769538179,-97.0328103296308,XYZ402,B,-113,0,189,17,Excellent,2,20,weak_coverage
2026-07-01 07:00:00,UE00103,32.964204589795656,-96.976103013255,XYZ402,A,-106,1,186,129,Poor,2,23,weak_coverage
2026-07-01 08:00:00,UE00104,32.96102683833766,-97.01742640417004,XYZ403,A,-114,0,145,73,Fair,3,21,weak_coverage
2026-07-01 09:00:00,UE00105,32.9672690294104,-96.96647788906957,XYZ401,B,-106,1,197,34,Excellent,4,23,weak_coverage
2026-07-01 10:00:00,UE00106,32.90851630564206,-97.00471838257876,XYZ402,C,-107,2,233,123,Excellent,5,28,weak_coverage
2026-07-01 14:00:00,UE00110,32.966249575256015,-96.97708800629428,XYZ403,B,-112,5,225,34,Good,3,40,weak_coverage
2026-07-01 15:00:00,UE00111,32.95939952385907,-96.99015575570068,XYZ401,B,-106,9,337,59,Poor,4,55,weak_coverage
2026-07-01 16:00:00,UE00112,32.970080575813526,-96.99319080944952,XYZ402,A,-109,0,206,69,Good,5,21,weak_coverage
2026-07-01 19:00:00,UE00115,32.94627009560007,-97.02840541672042,XYZ402,A,-107,0,183,90,Fair,2,21,weak_coverage
2026-07-01 20:00:00,UE00116,32.909330872153994,-96.97497144369412,XYZ403,B,-105,2,186,80,Coverage_Hole,3,29,weak_coverage
2026-07-01 22:00:00,UE00118,32.898586735064164,-96.99103076393745,XYZ402,C,-112,4,223,29,Fair,5,36,weak_coverage
2026-07-01 10:00:00,UE00130,32.901505313217804,-96.98915058392588,XYZ402,A,-109,5,307,49,Fair,5,38,weak_coverage
2026-07-01 11:00:00,UE00131,32.92201950433491,-96.94184754394742,XYZ403,B,-114,-2,145,24,Coverage_Hole,6,13,weak_coverage
2026-07-01 12:00:00,UE00132,32.970742412980435,-97.00763917302478,XYZ401,A,-105,-2,117,27,Poor,1,12,weak_coverage
2026-07-01 14:00:00,UE00134,32.914955690481335,-97.01822119711704,XYZ403,A,-110,6,323,101,Poor,3,42,weak_coverage
2026-07-01 18:00:00,UE00138,32.92141839477586,-97.00641884169012,XYZ401,C,-105,9,306,119,Good,1,56,weak_coverage
2026-07-01 19:00:00,UE00139,32.96503770059719,-97.0139930639753,XYZ402,C,-108,-3,121,48,Excellent,2,10,weak_coverage
2026-07-01 20:00:00,UE00140,32.96615967661684,-96.96869568908998,XYZ403,A,-114,2,226,101,Fair,3,28,weak_coverage
2026-07-01 06:00:00,UE00150,32.94165747409522,-97.02599798353944,XYZ401,B,-111,0,144,60,Coverage_Hole,1,20,weak_coverage
2026-07-01 10:00:00,UE00154,32.91080033422405,-96.9992077390966,XYZ402,B,-107,7,294,123,Fair,5,47,weak_coverage
2026-07-01 14:00:00,UE00158,32.96773999754969,-96.96168440422667,XYZ403,B,-109,-2,114,40,Good,3,12,weak_coverage
2026-07-01 17:00:00,UE00161,32.95304853076368,-96.95893933595454,XYZ403,C,-108,7,360,54,Good,6,48,weak_coverage
2026-07-01 20:00:00,UE00164,32.93933355834888,-97.01674064326006,XYZ403,C,-109,7,324,29,Poor,3,46,weak_coverage
2026-07-01 22:00:00,UE00166,32.94853381845677,-97.0311307118266,XYZ402,B,-113,-1,161,18,Fair,5,15,weak_coverage
2026-07-01 23:00:00,UE00167,32.965087691169735,-96.96151091611866,XYZ403,C,-113,-2,126,74,Poor,6,12,weak_coverage
2026-07-01 04:00:00,UE00172,32.9153078862074,-96.96298905347952,XYZ402,A,-105,2,217,39,Excellent,5,29,weak_coverage
2026-07-01 08:00:00,UE00176,32.93266531596996,-97.02129385416876,XYZ403,A,-108,4,222,101,Poor,3,36,weak_coverage
2026-07-01 09:00:00,UE00177,32.95427659951076,-96.95835309459638,XYZ401,C,-109,3,265,18,Poor,4,32,weak_coverage
2026-07-01 10:00:00,UE00178,32.91753526258376,-97.0147633111398,XYZ402,B,-105,6,270,39,Good,5,41,weak_coverage
2026-07-01 14:00:00,UE00182,32.970362606625294,-96.99770798196508,XYZ403,B,-109,2,244,32,Excellent,3,30,weak_coverage
2026-07-01 15:00:00,UE00183,32.915061011076475,-96.9595524239304,XYZ401,A,-105,2,186,53,Excellent,4,28,weak_coverage
2026-07-01 16:00:00,UE00184,32.96169531621745,-97.01214478312414,XYZ402,B,-109,9,304,41,Good,5,56,weak_coverage
2026-07-01 18:00:00,UE00186,32.92177075737503,-97.01526742440612,XYZ401,C,-108,2,220,42,Fair,1,28,weak_coverage
2026-07-01 22:00:00,UE00190,32.927850439679986,-96.95118430591104,XYZ402,A,-105,5,281,73,Poor,5,38,weak_coverage
2026-07-01 02:00:00,UE00194,32.9640480795946,-96.97759803810104,XYZ403,A,-108,5,269,76,Fair,3,38,weak_coverage
2026-07-01 03:00:00,UE00195,32.90801770394189,-96.94739749735164,XYZ401,C,-114,-1,131,123,Excellent,4,15,weak_coverage
2026-07-01 06:00:00,UE00198,32.973695666872445,-96.98794116682132,XYZ401,A,-114,-1,111,74,Good,1,15,weak_coverage
2026-07-01 11:00:00,UE00203,32.95120609969099,-97.02450606085606,XYZ403,C,-110,4,231,45,Good,6,36,weak_coverage
2026-07-01 15:00:00,UE00207,32.9685954163235,-96.999886715015,XYZ401,A,-111,-3,161,113,Fair,4,10,weak_coverage
2026-07-01 17:00:00,UE00209,32.93601730122211,-97.03141277410444,XYZ403,A,-114,-1,114,42,Poor,6,14,weak_coverage
2026-07-01 00:00:00,UE00216,32.94784074693356,-97.02383276303456,XYZ401,A,-110,3,228,128,Fair,1,31,weak_coverage
2026-07-01 02:00:00,UE00218,32.907720893017434,-96.9982951972007,XYZ403,A,-105,8,336,64,Excellent,3,49,weak_coverage
2026-07-01 07:00:00,UE00223,32.91514731628109,-97.01223343003888,XYZ402,A,-106,2,235,105,Excellent,2,29,weak_coverage
2026-07-01 11:00:00,UE00227,32.91540962698978,-96.94401725194784,XYZ403,A,-110,1,154,37,Excellent,6,23,weak_coverage
2026-07-01 13:00:00,UE00229,32.93323487471473,-97.02732979363384,XYZ402,C,-111,5,251,92,Poor,2,39,weak_coverage
2026-07-01 14:00:00,UE00230,32.93618831552693,-97.03659360298636,XYZ403,C,-111,-7,37,48,Excellent,3,5,weak_coverage
2026-07-01 15:00:00,UE00231,32.95986527123922,-96.9949767888504,XYZ401,A,-105,7,350,102,Fair,4,47,weak_coverage
2026-07-01 16:00:00,UE00232,32.96310454569624,-96.95298461625302,XYZ402,A,-114,0,154,17,Coverage_Hole,5,21,weak_coverage
2026-07-01 21:00:00,UE00237,32.95558413648615,-97.0087824244752,XYZ401,A,-109,7,262,80,Coverage_Hole,4,47,weak_coverage
2026-07-01 22:00:00,UE00238,32.931047377376565,-97.03084924537688,XYZ402,B,-112,-1,140,77,Coverage_Hole,5,14,weak_coverage
2026-07-01 01:00:00,UE00241,32.911040508154755,-97.01331160886416,XYZ402,A,-114,5,320,111,Fair,2,40,weak_coverage
2026-07-01 04:00:00,UE00244,32.97043449994929,-96.9605082938956,XYZ402,A,-114,0,180,57,Poor,5,20,weak_coverage
2026-07-01 15:00:00,UE00255,32.898761162151686,-96.98403481680236,XYZ401,A,-111,3,226,81,Coverage_Hole,4,30,weak_coverage
2026-07-01 16:00:00,UE00256,32.905722606938006,-97.01459381784764,XYZ402,A,-111,2,259,68,Coverage_Hole,5,29,weak_coverage
2026-07-01 18:00:00,UE00258,32.918364912201405,-97.0117536854602,XYZ401,B,-108,5,307,91,Fair,1,39,weak_coverage
2026-07-01 22:00:00,UE00262,32.93020827623268,-96.94173405597888,XYZ402,B,-114,-2,119,58,Poor,5,13,weak_coverage
2026-07-01 02:00:00,UE00266,32.92453677532718,-97.03019638549716,XYZ403,A,-111,2,221,27,Coverage_Hole,3,29,weak_coverage
2026-07-01 03:00:00,UE00267,32.89982592795717,-97.00372731477192,XYZ401,C,-109,-4,72,93,Coverage_Hole,4,5,weak_coverage
2026-07-01 07:00:00,UE00271,32.953575250966296,-97.02131450837209,XYZ402,B,-108,5,306,17,Coverage_Hole,2,39,weak_coverage
2026-07-01 13:00:00,UE00277,32.94586055986081,-97.02188509479996,XYZ402,A,-107,0,154,79,Coverage_Hole,2,20,weak_coverage
2026-07-01 19:00:00,UE00283,32.94576520849554,-97.03181892622707,XYZ402,B,-109,0,176,86,Good,2,21,weak_coverage
2026-07-01 20:00:00,UE00284,32.90248806937191,-97.00979538202786,XYZ403,B,-110,4,271,107,Coverage_Hole,3,36,weak_coverage
2026-07-01 00:00:00,UE00288,32.94001133187993,-97.02225673180652,XYZ401,C,-109,0,213,42,Poor,1,21,weak_coverage
2026-07-01 01:00:00,UE00289,32.97289065647006,-97.00075112110288,XYZ402,A,-113,0,164,119,Fair,2,21,weak_coverage
2026-07-01 02:00:00,UE00290,32.96900793632025,-96.95987380067072,XYZ403,A,-114,0,211,125,Coverage_Hole,3,20,weak_coverage
2026-07-01 03:00:00,UE00291,32.90597860843062,-96.98553206184332,XYZ401,C,-105,0,198,81,Good,4,20,weak_coverage
2026-07-01 04:00:00,UE00292,32.944034302186566,-97.03431189348711,XYZ402,C,-112,-2,146,18,Excellent,5,13,weak_coverage
2026-07-01 05:00:00,UE00293,32.96958803361387,-97.00143514323511,XYZ403,B,-108,1,156,124,Coverage_Hole,6,22,weak_coverage
2026-07-01 06:00:00,UE00294,32.909428291469574,-96.95999882721664,XYZ401,C,-110,2,181,100,Good,1,29,weak_coverage
2026-07-01 07:00:00,UE00295,32.9654997176718,-96.99887557900776,XYZ402,A,-108,2,188,87,Poor,2,28,weak_coverage
2026-07-01 08:00:00,UE00296,32.957372758255886,-97.01598159441134,XYZ403,B,-107,1,197,108,Good,3,22,weak_coverage
2026-07-01 10:00:00,UE00298,32.95614221793278,-96.9464946547578,XYZ402,C,-113,-2,153,124,Coverage_Hole,5,13,weak_coverage
2026-07-01 13:00:00,UE00301,32.908557882689486,-96.9632376413281,XYZ402,C,-106,4,256,46,Good,2,36,weak_coverage
2026-07-01 14:00:00,UE00302,32.92943662454425,-96.94780278167008,XYZ403,A,-110,0,146,104,Fair,3,20,weak_coverage
2026-07-01 16:00:00,UE00304,32.904205524612046,-96.95788222931688,XYZ402,A,-109,0,144,37,Good,5,20,weak_coverage
2026-07-01 19:00:00,UE00307,32.925453738156754,-96.9531669975634,XYZ402,A,-105,8,367,126,Good,2,50,weak_coverage
2026-07-01 22:00:00,UE00310,32.93533535225856,-97.02417619607093,XYZ402,C,-107,0,150,95,Good,5,21,weak_coverage
2026-07-01 00:00:00,UE00312,32.94625937192951,-97.02202879811632,XYZ401,B,-110,4,244,83,Fair,1,37,weak_coverage
2026-07-01 03:00:00,UE00315,32.91416163446532,-97.0240821500958,XYZ401,B,-109,0,177,80,Coverage_Hole,4,21,weak_coverage
2026-07-01 05:00:00,UE00317,32.96733182427472,-96.95618111567715,XYZ403,A,-111,0,192,30,Poor,6,21,weak_coverage
2026-07-01 08:00:00,UE00320,32.89807535580203,-96.9831524664674,XYZ403,A,-107,2,252,117,Coverage_Hole,3,29,weak_coverage
2026-07-01 09:00:00,UE00321,32.91680631315738,-96.9514259373966,XYZ401,C,-109,4,293,94,Excellent,4,37,weak_coverage
2026-07-01 11:00:00,UE00323,32.962746000249254,-96.9511886186424,XYZ403,A,-113,-1,132,41,Coverage_Hole,6,14,weak_coverage
2026-07-01 12:00:00,UE00324,32.912259222147945,-96.95092965287168,XYZ401,C,-107,1,184,39,Coverage_Hole,1,22,weak_coverage
2026-07-01 14:00:00,UE00326,32.94773273298106,-97.02173894765262,XYZ403,C,-113,0,192,47,Coverage_Hole,3,21,weak_coverage
2026-07-01 16:00:00,UE00328,32.93928474867496,-96.9392462456798,XYZ402,A,-112,-4,82,34,Poor,5,5,weak_coverage
2026-07-01 17:00:00,UE00329,32.96238523474226,-96.97068721024232,XYZ403,B,-105,4,272,116,Fair,6,36,weak_coverage
2026-07-01 19:00:00,UE00331,32.93611144783586,-97.01777344389724,XYZ402,C,-112,2,202,125,Coverage_Hole,2,28,weak_coverage
2026-07-01 22:00:00,UE00334,32.949231896611764,-96.95753903947572,XYZ402,A,-106,8,321,49,Poor,5,50,weak_coverage
2026-07-01 00:00:00,UE00336,32.905235863991095,-96.98575759454545,XYZ401,A,-107,1,209,85,Good,1,22,weak_coverage
2026-07-01 02:00:00,UE00338,32.975547174541724,-96.98127879688477,XYZ403,C,-113,-5,93,21,Good,3,5,weak_coverage
2026-07-01 06:00:00,UE00342,32.91264449624091,-96.96101178238084,XYZ401,A,-106,5,222,81,Coverage_Hole,1,39,weak_coverage
2026-07-01 08:00:00,UE00344,32.976909871675105,-96.99022444332536,XYZ403,C,-114,0,155,83,Coverage_Hole,3,20,weak_coverage
2026-07-01 14:00:00,UE00350,32.90524215086449,-97.00345695612852,XYZ403,B,-109,0,185,62,Coverage_Hole,3,20,weak_coverage
2026-07-01 15:00:00,UE00351,32.94436984393956,-96.9538477823399,XYZ401,A,-108,6,250,42,Good,4,42,weak_coverage
2026-07-01 20:00:00,UE00356,32.970475078791,-97.00418612439093,XYZ403,B,-114,2,239,123,Excellent,3,28,weak_coverage
2026-07-01 21:00:00,UE00357,32.97388249378867,-96.97041327329865,XYZ401,A,-114,-2,119,26,Poor,4,13,weak_coverage
2026-07-01 22:00:00,UE00358,32.92187261568243,-97.01879618582872,XYZ402,C,-105,6,225,83,Excellent,5,41,weak_coverage
2026-07-01 03:00:00,UE00363,32.914871262390115,-96.94072079119518,XYZ401,A,-112,0,212,123,Poor,4,20,weak_coverage
2026-07-01 04:00:00,UE00364,32.91285388006917,-97.01648506110716,XYZ402,A,-106,0,159,89,Poor,5,20,weak_coverage
2026-07-01 06:00:00,UE00366,32.95041056606746,-96.96327163759948,XYZ401,C,-106,10,298,17,Excellent,1,58,weak_coverage
2026-07-01 09:00:00,UE00369,32.958234253046925,-96.9528969502373,XYZ401,C,-110,3,208,119,Good,4,31,weak_coverage
2026-07-01 12:00:00,UE00372,32.92051893487438,-97.02624128365062,XYZ401,B,-111,1,192,82,Good,1,22,weak_coverage
2026-07-01 13:00:00,UE00373,32.92903851334213,-96.94701445413902,XYZ402,B,-106,3,257,23,Fair,2,31,weak_coverage
2026-07-01 21:00:00,UE00381,32.9008564208653,-96.99898431145412,XYZ401,A,-112,-3,143,46,Poor,4,9,weak_coverage
2026-07-01 02:00:00,UE00386,32.93236983092337,-96.94224361897383,XYZ403,A,-106,2,262,70,Excellent,3,29,weak_coverage
2026-07-01 03:00:00,UE00387,32.90888278891191,-96.94906445267462,XYZ401,B,-109,1,204,94,Poor,4,22,weak_coverage
2026-07-01 04:00:00,UE00388,32.9010857905997,-96.98016751673516,XYZ402,C,-114,4,280,81,Good,5,37,weak_coverage
2026-07-01 05:00:00,UE00389,32.89688459653941,-96.96279226195423,XYZ403,B,-113,-2,146,35,Good,6,12,weak_coverage
2026-07-01 06:00:00,UE00390,32.93710090103593,-96.93404892770678,XYZ401,C,-113,-1,116,26,Fair,1,15,weak_coverage
2026-07-01 08:00:00,UE00392,32.95708034989599,-97.02254894303896,XYZ403,C,-114,-3,146,107,Coverage_Hole,3,11,weak_coverage
2026-07-01 09:00:00,UE00393,32.95448887718814,-97.0235453685804,XYZ401,B,-110,0,166,122,Good,4,20,weak_coverage
2026-07-01 11:00:00,UE00395,32.90320850761146,-97.00984629895058,XYZ403,B,-110,-2,140,25,Poor,6,12,weak_coverage
2026-07-01 15:00:00,UE00399,32.94276903196321,-97.01935404523437,XYZ401,A,-111,0,195,16,Coverage_Hole,4,21,weak_coverage
2026-07-01 17:00:00,UE00401,32.90254419833423,-96.98926127588788,XYZ403,C,-107,-2,144,68,Coverage_Hole,6,12,weak_coverage
2026-07-01 22:00:00,UE00406,32.95826609382782,-96.9785760033707,XYZ402,B,-110,8,330,112,Fair,5,49,weak_coverage
2026-07-01 23:00:00,UE00407,32.92830072705989,-96.93567086077856,XYZ403,B,-111,-5,105,29,Good,6,5,weak_coverage
2026-07-01 06:00:00,UE00414,32.93949012102825,-97.01297213157711,XYZ401,C,-106,7,293,24,Coverage_Hole,1,48,weak_coverage
2026-07-01 10:00:00,UE00418,32.92831276724131,-96.9465771778465,XYZ402,A,-111,-1,110,123,Good,5,14,weak_coverage
2026-07-01 13:00:00,UE00421,32.9610221806572,-97.02600047308952,XYZ402,B,-107,-2,137,71,Fair,2,13,weak_coverage
2026-07-01 16:00:00,UE00424,32.95720672515936,-96.96786224403176,XYZ402,B,-111,4,242,19,Poor,5,36,weak_coverage
2026-07-01 18:00:00,UE00426,32.92480534232542,-97.0341596622982,XYZ401,B,-110,-2,142,55,Coverage_Hole,1,12,weak_coverage
2026-07-01 19:00:00,UE00427,32.94411457259611,-96.941984085675,XYZ402,A,-112,4,230,90,Coverage_Hole,2,37,weak_coverage
2026-07-01 20:00:00,UE00428,32.95763696655628,-96.95805531338785,XYZ403,A,-111,1,173,97,Poor,3,24,weak_coverage
2026-07-01 23:00:00,UE00431,32.972994370945386,-96.96969388142374,XYZ403,A,-114,-3,132,49,Fair,6,10,weak_coverage
2026-07-01 06:00:00,UE00438,32.97428751864806,-96.99277795386662,XYZ401,A,-112,2,191,57,Good,1,28,weak_coverage
2026-07-01 12:00:00,UE00444,32.92650392171,-97.03153317439089,XYZ401,A,-111,0,164,87,Good,1,20,weak_coverage
2026-07-01 15:00:00,UE00447,32.965143353657496,-96.98189119475552,XYZ401,A,-108,2,202,112,Good,4,28,weak_coverage
2026-07-01 17:00:00,UE00449,32.96779264178581,-96.9555229722287,XYZ403,A,-113,0,213,15,Poor,6,21,weak_coverage
2026-07-01 21:00:00,UE00453,32.969981997098415,-97.00285541733666,XYZ401,A,-111,1,148,128,Good,4,23,weak_coverage
2026-07-01 00:00:00,UE00456,32.95775920144041,-96.96840054681633,XYZ401,B,-107,12,483,75,Poor,1,66,weak_coverage
2026-07-01 01:00:00,UE00457,32.936560650324154,-96.9392954751465,XYZ402,B,-114,-5,94,115,Fair,2,5,weak_coverage
2026-07-01 03:00:00,UE00459,32.93848585160732,-96.93695917192692,XYZ401,C,-112,-3,135,34,Fair,4,10,weak_coverage
2026-07-01 06:00:00,UE00462,32.913305480896135,-96.95339482693254,XYZ401,B,-109,2,230,41,Excellent,1,29,weak_coverage
2026-07-01 07:00:00,UE00463,32.93581467879903,-96.94992897961308,XYZ402,C,-106,6,273,37,Excellent,2,41,weak_coverage
2026-07-01 08:00:00,UE00464,32.90261455468187,-96.97180569850646,XYZ403,C,-112,4,259,116,Excellent,3,37,weak_coverage
2026-07-01 09:00:00,UE00465,32.901789131118925,-96.96651362715512,XYZ401,A,-109,0,173,59,Poor,4,21,weak_coverage
2026-07-01 12:00:00,UE00468,32.903309779479045,-96.95786611417562,XYZ401,C,-114,1,178,90,Coverage_Hole,1,22,weak_coverage
2026-07-01 14:00:00,UE00470,32.9506775866,-97.02314732746316,XYZ403,B,-110,0,179,46,Excellent,3,21,weak_coverage
2026-07-01 16:00:00,UE00472,32.9664643541601,-97.00156820786526,XYZ402,B,-106,0,181,90,Poor,5,20,weak_coverage
2026-07-01 18:00:00,UE00474,32.911567758088765,-96.96934133883552,XYZ401,A,-106,6,308,35,Fair,1,42,weak_coverage
2026-07-01 19:00:00,UE00475,32.89371427567811,-96.99643119932908,XYZ402,C,-112,-3,133,118,Coverage_Hole,2,10,weak_coverage
2026-07-01 20:00:00,UE00476,32.96724874150826,-97.00700645511064,XYZ403,A,-111,3,230,25,Excellent,3,31,weak_coverage
2026-07-01 23:00:00,UE00479,32.945687065927785,-96.95373855946384,XYZ403,A,-108,2,201,77,Good,6,28,weak_coverage
2026-07-01 05:00:00,UE00485,32.91937045089248,-96.9651713943394,XYZ403,B,-106,11,406,58,Fair,6,63,weak_coverage
2026-07-01 07:00:00,UE00487,32.93650755384097,-96.9421277058432,XYZ402,C,-110,-4,72,54,Poor,2,5,weak_coverage
2026-07-01 15:00:00,UE00495,32.922174567417386,-96.94951986817756,XYZ401,B,-106,1,169,87,Excellent,4,23,weak_coverage
2026-07-01 17:00:00,UE00497,32.911538154876084,-97.0171322580877,XYZ403,C,-108,2,217,117,Good,6,28,weak_coverage
2026-07-01 18:00:00,UE00498,32.90754187342184,-96.97398572418427,XYZ401,A,-108,3,261,128,Excellent,1,30,weak_coverage
2026-07-01 19:00:00,UE00499,32.91465959519037,-97.02568003235248,XYZ402,A,-112,-1,119,45,Poor,2,14,weak_coverage
2026-07-01 20:00:00,UE00500,32.9130053889732,-97.01930608154036,XYZ403,B,-109,2,269,22,Excellent,3,28,weak_coverage
2026-07-01 23:00:00,UE00503,32.9627303543028,-96.97255834345962,XYZ403,B,-107,0,212,104,Poor,6,21,weak_coverage
2026-07-01 03:00:00,UE00507,32.9142300943499,-97.0231757611554,XYZ401,B,-111,3,244,90,Good,4,30,weak_coverage
2026-07-01 05:00:00,UE00509,32.9575034084404,-97.00697715579663,XYZ403,B,-108,4,319,38,Poor,6,36,weak_coverage
2026-07-01 06:00:00,UE00510,32.96792411635489,-97.008329608704,XYZ401,C,-111,2,250,45,Good,1,29,weak_coverage
2026-07-01 09:00:00,UE00513,32.91824558653366,-96.9520390962363,XYZ401,C,-106,3,240,111,Good,4,31,weak_coverage
2026-07-01 11:00:00,UE00515,32.91595350154377,-96.94993888517834,XYZ403,B,-109,6,234,30,Excellent,6,42,weak_coverage
2026-07-01 12:00:00,UE00516,32.96521327717976,-97.00720420690892,XYZ401,B,-110,4,252,91,Fair,1,37,weak_coverage
2026-07-01 14:00:00,UE00518,32.93345777179283,-96.94955864755956,XYZ403,B,-108,6,281,64,Good,3,42,weak_coverage
2026-07-01 16:00:00,UE00520,32.89759188789273,-96.99948965065823,XYZ402,B,-114,-2,121,29,Fair,5,12,weak_coverage
2026-07-01 18:00:00,UE00522,32.90048715073971,-97.00141587278384,XYZ401,C,-107,0,201,26,Excellent,1,21,weak_coverage
2026-07-01 21:00:00,UE00525,32.91535478763602,-97.02312700670456,XYZ401,A,-107,-1,138,36,Excellent,4,15,weak_coverage
2026-07-01 23:00:00,UE00527,32.96639640262733,-97.01656801444224,XYZ403,B,-110,0,183,121,Poor,6,21,weak_coverage
2026-07-01 00:00:00,UE00528,32.95106196346364,-96.94598984854343,XYZ401,A,-112,3,248,117,Coverage_Hole,1,32,weak_coverage
2026-07-01 03:00:00,UE00531,32.92842456827103,-96.95216487497775,XYZ401,A,-105,10,295,29,Poor,4,57,weak_coverage
2026-07-01 04:00:00,UE00532,32.972723763312835,-97.00339975316312,XYZ402,A,-113,0,203,15,Poor,5,20,weak_coverage
2026-07-01 13:00:00,UE00541,32.903836150588226,-96.9518281162006,XYZ402,A,-112,-2,108,77,Fair,2,12,weak_coverage
2026-07-01 16:00:00,UE00544,32.958919003636666,-97.01878494680902,XYZ402,B,-111,7,258,42,Coverage_Hole,5,48,weak_coverage
2026-07-01 18:00:00,UE00546,32.96406915144543,-96.98365840797892,XYZ401,B,-106,8,337,73,Poor,1,49,weak_coverage
2026-07-01 20:00:00,UE00548,32.899440811385574,-96.98752039516228,XYZ403,B,-114,5,267,62,Fair,3,39,weak_coverage
2026-07-01 04:00:00,UE00556,32.91696348805531,-97.01410959248666,XYZ402,A,-111,7,263,31,Coverage_Hole,5,48,weak_coverage
2026-07-01 05:00:00,UE00557,32.97329391176661,-96.972373655573,XYZ403,B,-112,-1,118,34,Excellent,6,16,weak_coverage
2026-07-01 07:00:00,UE00559,32.94155378209619,-97.02069404121094,XYZ402,C,-109,4,223,128,Good,2,36,weak_coverage
2026-07-01 08:00:00,UE00560,32.94854122145863,-96.93825480901738,XYZ403,C,-113,1,185,110,Excellent,3,23,weak_coverage
2026-07-01 13:00:00,UE00565,32.910563416357824,-97.01867321745692,XYZ402,B,-113,2,219,37,Excellent,2,29,weak_coverage
2026-07-01 14:00:00,UE00566,32.90389346120491,-97.00146666033834,XYZ403,A,-108,2,265,104,Poor,3,28,weak_coverage
2026-07-01 15:00:00,UE00567,32.91690717938843,-96.9526187637452,XYZ401,A,-111,3,205,17,Excellent,4,30,weak_coverage
2026-07-01 16:00:00,UE00568,32.94713971311283,-97.01613522656564,XYZ402,A,-111,6,288,18,Good,5,42,weak_coverage
2026-07-01 18:00:00,UE00570,32.934235027662794,-97.01479957165672,XYZ401,B,-108,1,153,62,Poor,1,22,weak_coverage
2026-07-01 19:00:00,UE00571,32.97298884931673,-96.98730650707516,XYZ402,A,-114,0,207,63,Excellent,2,21,weak_coverage
2026-07-01 02:00:00,UE00578,32.959598457360016,-96.96229454674044,XYZ403,C,-105,9,348,102,Fair,3,55,weak_coverage
2026-07-01 08:00:00,UE00584,32.898574461632634,-96.9712987007334,XYZ403,A,-110,1,156,40,Excellent,3,22,weak_coverage
2026-07-01 12:00:00,UE00588,32.97059336230242,-96.96248410781249,XYZ401,B,-112,-4,101,112,Good,1,5,weak_coverage
2026-07-01 13:00:00,UE00589,32.947799808343625,-96.9494870603862,XYZ402,B,-108,-1,149,26,Poor,2,14,weak_coverage
2026-07-01 16:00:00,UE00592,32.956619952091366,-96.94055463095332,XYZ402,A,-114,-4,106,109,Poor,5,5,weak_coverage
2026-07-01 23:00:00,UE00599,32.969215404539334,-96.97368987971666,XYZ403,A,-106,-2,109,112,Excellent,6,13,weak_coverage
2026-07-01 01:00:00,UE00601,32.95551728673733,-96.94859315552348,XYZ402,A,-110,2,206,33,Coverage_Hole,2,28,weak_coverage
2026-07-01 02:00:00,UE00602,32.89969003213552,-97.00229282036254,XYZ403,A,-112,3,232,91,Poor,3,31,weak_coverage
2026-07-01 03:00:00,UE00603,32.901150612768085,-96.98072479324804,XYZ401,A,-108,1,166,88,Excellent,4,23,weak_coverage
2026-07-01 05:00:00,UE00605,32.96499501325261,-96.98163443324468,XYZ403,A,-106,2,205,37,Good,6,29,weak_coverage
2026-07-01 07:00:00,UE00607,32.903060117020544,-96.95168155756002,XYZ402,B,-113,-3,135,38,Fair,2,10,weak_coverage
2026-07-01 09:00:00,UE00609,32.96957456506777,-96.99538753495035,XYZ401,A,-105,7,262,64,Fair,4,48,weak_coverage
2026-07-01 21:00:00,UE00621,32.91834889094846,-97.01180107798837,XYZ401,B,-107,7,370,41,Coverage_Hole,4,48,weak_coverage
2026-07-01 00:00:00,UE00624,32.97582126191264,-96.98528083323394,XYZ401,A,-112,-3,122,69,Fair,1,10,weak_coverage
2026-07-01 04:00:00,UE00628,32.96059219523848,-96.97260120459984,XYZ402,B,-105,6,307,20,Good,5,41,weak_coverage
2026-07-01 05:00:00,UE00629,32.9517682217836,-97.01583969830476,XYZ403,C,-107,8,303,84,Fair,6,50,weak_coverage
2026-07-01 07:00:00,UE00631,32.92779096338819,-97.01971401786663,XYZ402,A,-109,4,314,65,Excellent,2,36,weak_coverage
2026-07-01 12:00:00,UE00636,32.904193998663494,-97.01347871134016,XYZ401,B,-113,-4,99,57,Good,1,5,weak_coverage
2026-07-01 13:00:00,UE00637,32.93686180477492,-96.94096065956856,XYZ402,A,-111,-3,141,77,Good,2,10,weak_coverage
2026-07-01 22:00:00,UE00646,32.954009945367275,-96.96625129749368,XYZ402,A,-107,6,226,128,Coverage_Hole,5,41,weak_coverage
2026-07-01 02:00:00,UE00650,32.96203417698956,-96.9519795025084,XYZ403,A,-112,1,176,51,Good,3,22,weak_coverage
2026-07-01 04:00:00,UE00652,32.969040242285175,-96.9887947621915,XYZ402,C,-105,3,263,72,Excellent,5,30,weak_coverage
2026-07-01 05:00:00,UE00653,32.94492275190938,-96.94361271849004,XYZ403,A,-114,0,153,28,Poor,6,20,weak_coverage
2026-07-01 06:00:00,UE00654,32.89301585549134,-96.98090423417308,XYZ401,A,-110,-2,137,47,Poor,1,12,weak_coverage
2026-07-01 07:00:00,UE00655,32.96817162273859,-96.95724773135817,XYZ402,C,-113,-1,134,121,Fair,2,14,weak_coverage
2026-07-01 10:00:00,UE00658,32.8984370537306,-97.00322584250604,XYZ402,C,-109,2,222,97,Fair,5,29,weak_coverage
2026-07-01 12:00:00,UE00660,32.909628016604614,-96.97504561864405,XYZ401,A,-107,6,299,17,Fair,1,42,weak_coverage
2026-07-01 13:00:00,UE00661,32.93061233199012,-96.93965687544724,XYZ402,C,-113,-5,78,93,Coverage_Hole,2,5,weak_coverage
2026-07-01 14:00:00,UE00662,32.90463567003937,-96.9641521254687,XYZ403,B,-108,-1,154,21,Excellent,3,15,weak_coverage
2026-07-01 15:00:00,UE00663,32.93215537858311,-97.03455103110478,XYZ401,C,-114,-3,148,108,Fair,4,11,weak_coverage
2026-07-01 19:00:00,UE00667,32.96403327763975,-97.00535872413889,XYZ402,A,-112,0,195,71,Coverage_Hole,2,20,weak_coverage
2026-07-01 21:00:00,UE00669,32.912426386495206,-96.96728815660084,XYZ401,A,-107,7,287,38,Fair,4,48,weak_coverage
2026-07-01 22:00:00,UE00670,32.91790751960148,-96.95085398227369,XYZ402,A,-106,4,228,121,Good,5,36,weak_coverage
2026-07-01 23:00:00,UE00671,32.96774012337457,-96.96772776959985,XYZ403,A,-105,2,195,56,Fair,6,28,weak_coverage
2026-07-01 01:00:00,UE00673,32.963628045963496,-97.01522938627464,XYZ402,C,-113,-4,103,61,Poor,2,5,weak_coverage
2026-07-01 02:00:00,UE00674,32.916164478143884,-97.0184926617008,XYZ403,C,-109,0,144,44,Fair,3,21,weak_coverage
2026-07-01 06:00:00,UE00678,32.90481100392337,-96.97328686022192,XYZ401,B,-110,3,199,48,Good,1,31,weak_coverage
2026-07-01 08:00:00,UE00680,32.97204782155845,-97.00040207150414,XYZ403,C,-114,-3,111,42,Poor,3,11,weak_coverage
2026-07-01 11:00:00,UE00683,32.947776533578136,-97.02657105056304,XYZ403,A,-108,-3,156,106,Coverage_Hole,6,10,weak_coverage
2026-07-01 12:00:00,UE00684,32.92972071286078,-97.0281024021177,XYZ401,B,-105,4,286,86,Poor,1,37,weak_coverage
2026-07-01 13:00:00,UE00685,32.956152666614344,-96.96134265178648,XYZ402,A,-111,3,205,66,Fair,2,32,weak_coverage
2026-07-01 15:00:00,UE00687,32.934250117704664,-96.93870281061784,XYZ401,A,-111,-4,72,61,Poor,4,5,weak_coverage
2026-07-01 16:00:00,UE00688,32.926123040922654,-97.0215834932986,XYZ402,B,-110,2,249,67,Coverage_Hole,5,29,weak_coverage
2026-07-01 18:00:00,UE00690,32.93306474065002,-96.93999408370642,XYZ401,A,-111,0,204,54,Fair,1,20,weak_coverage
2026-07-01 22:00:00,UE00694,32.96435981277453,-96.9787650233488,XYZ402,B,-106,10,318,119,Poor,5,58,weak_coverage
2026-07-01 03:00:00,UE00699,32.902660853183484,-96.99182721351174,XYZ401,B,-107,1,155,20,Poor,4,22,weak_coverage
2026-07-01 08:00:00,UE00704,32.91228515671794,-97.01691940204395,XYZ403,C,-111,1,171,15,Poor,3,23,weak_coverage
2026-07-01 09:00:00,UE00705,32.92647010398685,-96.9509272213818,XYZ401,A,-110,4,227,127,Excellent,4,36,weak_coverage
2026-07-01 14:00:00,UE00710,32.95931399340454,-96.99631248812015,XYZ403,C,-105,10,423,84,Fair,3,57,weak_coverage
2026-07-01 16:00:00,UE00712,32.916972091837444,-96.94567073406849,XYZ402,A,-113,-2,120,68,Coverage_Hole,5,12,weak_coverage
2026-07-01 17:00:00,UE00713,32.92520208596909,-96.93826461405432,XYZ403,B,-110,-7,41,38,Coverage_Hole,6,5,weak_coverage
2026-07-01 20:00:00,UE00716,32.93138649113627,-96.94807016348436,XYZ403,B,-105,8,292,120,Coverage_Hole,3,49,weak_coverage
2026-07-01 01:00:00,UE00721,32.9432628193851,-96.95063728505522,XYZ402,C,-105,8,315,50,Coverage_Hole,2,50,weak_coverage
2026-07-01 11:00:00,UE00731,32.908352513873126,-96.95129727567873,XYZ403,C,-108,2,259,105,Excellent,6,29,weak_coverage
2026-07-01 12:00:00,UE00732,32.92899853698286,-97.01885092548552,XYZ401,A,-109,3,267,73,Fair,1,31,weak_coverage
2026-07-01 13:00:00,UE00733,32.95965138497414,-97.01279405217046,XYZ402,B,-112,-2,138,42,Poor,2,13,weak_coverage
2026-07-01 14:00:00,UE00734,32.949280634367746,-96.94936465782322,XYZ403,C,-111,4,275,64,Good,3,37,weak_coverage
2026-07-01 15:00:00,UE00735,32.941409247270364,-97.02396422726542,XYZ401,A,-105,0,207,53,Poor,4,21,weak_coverage
2026-07-01 17:00:00,UE00737,32.96511476286395,-96.98008538035327,XYZ403,B,-110,7,289,127,Poor,6,47,weak_coverage
2026-07-01 20:00:00,UE00740,32.96833184504797,-96.96668356339762,XYZ403,B,-106,6,232,36,Poor,3,42,weak_coverage
2026-07-01 21:00:00,UE00741,32.95127066891448,-97.0230501941162,XYZ401,B,-109,0,176,129,Coverage_Hole,4,21,weak_coverage
2026-07-01 23:00:00,UE00743,32.917851484545565,-97.02300569533844,XYZ403,C,-112,2,180,83,Coverage_Hole,6,29,weak_coverage
2026-07-01 00:00:00,UE00744,32.94334432516058,-96.9468747386777,XYZ401,A,-108,0,150,51,Good,1,20,weak_coverage
2026-07-01 03:00:00,UE00747,32.94034107324074,-97.0259710787428,XYZ401,C,-109,0,168,19,Excellent,4,21,weak_coverage
2026-07-01 04:00:00,UE00748,32.930623248602984,-97.03531941509176,XYZ402,B,-111,1,151,99,Poor,5,22,weak_coverage
2026-07-01 09:00:00,UE00753,32.91969804089014,-97.0296380972122,XYZ401,A,-114,0,175,17,Excellent,4,21,weak_coverage
2026-07-01 15:00:00,UE00759,32.90981296276774,-96.96682897145136,XYZ401,C,-107,4,250,65,Fair,4,36,weak_coverage
2026-07-01 18:00:00,UE00762,32.94072362027748,-97.02188865248492,XYZ401,C,-109,2,229,17,Coverage_Hole,1,29,weak_coverage
2026-07-01 19:00:00,UE00763,32.90530324371859,-97.0125440544269,XYZ402,A,-108,-3,109,94,Coverage_Hole,2,11,weak_coverage
2026-07-01 21:00:00,UE00765,32.97717076714744,-96.98459242413638,XYZ401,B,-113,1,169,67,Good,4,23,weak_coverage
2026-07-01 22:00:00,UE00766,32.92976037928054,-96.93863865941744,XYZ402,A,-112,-3,135,58,Excellent,5,10,weak_coverage
2026-07-01 23:00:00,UE00767,32.938730271815174,-97.02309806360132,XYZ403,B,-109,3,226,98,Poor,6,31,weak_coverage
2026-07-01 00:00:00,UE00768,32.905002653875286,-96.96395827147448,XYZ401,B,-111,1,184,27,Poor,1,23,weak_coverage
2026-07-01 01:00:00,UE00769,32.9696805069131,-96.9767718688858,XYZ402,B,-111,0,199,114,Fair,2,20,weak_coverage
2026-07-01 03:00:00,UE00771,32.94892897093552,-97.02624159184045,XYZ401,C,-108,-2,129,87,Coverage_Hole,4,13,weak_coverage
2026-07-01 06:00:00,UE00774,32.94949381275151,-97.02048965889809,XYZ401,C,-106,3,244,77,Poor,1,32,weak_coverage
2026-07-01 12:00:00,UE00780,32.973343002714394,-96.99164655065104,XYZ401,A,-110,1,144,60,Fair,1,22,weak_coverage
2026-07-01 13:00:00,UE00781,32.97117183706741,-97.00464436975912,XYZ402,C,-111,0,172,82,Excellent,2,21,weak_coverage
2026-07-01 20:00:00,UE00788,32.9306001247082,-97.022791202368,XYZ403,A,-106,0,176,34,Fair,3,20,weak_coverage
2026-07-01 22:00:00,UE00790,32.93632288885553,-97.01860920424366,XYZ402,C,-106,3,213,88,Excellent,5,32,weak_coverage
2026-07-01 00:00:00,UE00792,32.92799284749872,-96.94749504389596,XYZ401,A,-107,2,240,54,Fair,1,29,weak_coverage
2026-07-01 03:00:00,UE00795,32.905502669062365,-96.99394824001688,XYZ401,C,-108,0,153,96,Fair,4,21,weak_coverage
2026-07-01 09:00:00,UE00801,32.92642433978811,-97.02206526606098,XYZ401,C,-109,5,271,113,Poor,4,39,weak_coverage
2026-07-01 13:00:00,UE00805,32.898176562059604,-96.98431043540226,XYZ402,C,-111,0,187,95,Excellent,2,21,weak_coverage
2026-07-01 17:00:00,UE00809,32.97307833242315,-96.99270877357112,XYZ403,B,-111,-5,94,97,Poor,6,5,weak_coverage
2026-07-01 23:00:00,UE00815,32.90739133951664,-96.95978563607105,XYZ403,A,-109,5,235,123,Good,6,40,weak_coverage
2026-07-01 03:00:00,UE00819,32.96612870301791,-96.9913006756013,XYZ401,B,-111,-1,151,65,Fair,4,15,weak_coverage
2026-07-01 08:00:00,UE00824,32.96497331760718,-96.96814082987392,XYZ403,A,-105,5,221,119,Coverage_Hole,3,38,weak_coverage
2026-07-01 20:00:00,UE00836,32.936671514401326,-96.9389461563964,XYZ403,C,-114,0,157,42,Fair,3,20,weak_coverage
2026-07-01 23:00:00,UE00839,32.91228118744967,-96.95411625302636,XYZ403,C,-108,3,212,66,Fair,6,31,weak_coverage
2026-07-01 01:00:00,UE00841,32.95492804339728,-96.95075994243768,XYZ402,A,-114,3,210,119,Fair,2,31,weak_coverage
2026-07-01 05:00:00,UE00845,32.91668846071598,-97.01865871994478,XYZ403,B,-107,-2,125,51,Coverage_Hole,6,12,weak_coverage
2026-07-01 08:00:00,UE00848,32.97212939834272,-96.9743192135181,XYZ403,C,-107,-1,137,21,Good,3,15,weak_coverage
2026-07-01 09:00:00,UE00849,32.95410293344154,-97.01362040748664,XYZ401,C,-106,1,151,78,Poor,4,23,weak_coverage
2026-07-01 11:00:00,UE00851,32.96094711722236,-96.96270330204804,XYZ403,C,-108,5,257,58,Good,6,40,weak_coverage
2026-07-01 12:00:00,UE00852,32.93342546182178,-96.94093356398372,XYZ401,B,-110,-2,134,33,Excellent,1,12,weak_coverage
2026-07-01 13:00:00,UE00853,32.94338934911705,-97.02187978426424,XYZ402,C,-114,3,238,89,Good,2,32,weak_coverage
2026-07-01 14:00:00,UE00854,32.90165639684218,-96.9942534285797,XYZ403,A,-111,8,337,128,Excellent,3,49,weak_coverage
2026-07-01 15:00:00,UE00855,32.95808848139148,-97.01338497230503,XYZ401,B,-109,5,299,99,Good,4,40,weak_coverage
2026-07-01 17:00:00,UE00857,32.95685980621879,-96.94267835425886,XYZ403,C,-111,-3,129,89,Good,6,10,weak_coverage
2026-07-01 18:00:00,UE00858,32.9169049464404,-97.01808783948152,XYZ401,B,-110,0,161,124,Good,1,20,weak_coverage
2026-07-01 19:00:00,UE00859,32.936241216907995,-97.01120926170508,XYZ402,C,-105,11,435,72,Coverage_Hole,2,63,weak_coverage
2026-07-01 23:00:00,UE00863,32.93122911239522,-97.01829313228195,XYZ403,C,-109,7,349,55,Excellent,6,46,weak_coverage
2026-07-01 03:00:00,UE00867,32.90634409006913,-96.95764665618744,XYZ401,A,-111,3,238,28,Fair,4,31,weak_coverage
2026-07-01 06:00:00,UE00870,32.90922600390988,-97.0231449798727,XYZ401,C,-112,0,173,56,Poor,1,20,weak_coverage
2026-07-01 07:00:00,UE00871,32.93394388163361,-96.95059185722585,XYZ402,B,-109,9,305,51,Excellent,2,54,weak_coverage
2026-07-01 08:00:00,UE00872,32.951652680594755,-97.00841018415822,XYZ403,C,-107,11,458,43,Poor,3,63,weak_coverage
2026-07-01 13:00:00,UE00877,32.91562140596224,-97.02223260898867,XYZ402,A,-113,-3,131,64,Good,2,10,weak_coverage
2026-07-01 14:00:00,UE00878,32.96915068607285,-97.00048147287436,XYZ403,C,-113,-3,140,125,Coverage_Hole,3,9,weak_coverage
2026-07-01 15:00:00,UE00879,32.916578524972145,-96.95210920925784,XYZ401,B,-113,4,319,63,Coverage_Hole,4,37,weak_coverage
2026-07-01 19:00:00,UE00883,32.934018593680015,-96.93736821421896,XYZ402,B,-111,-2,130,118,Good,2,13,weak_coverage
2026-07-01 20:00:00,UE00884,32.97717580344816,-96.98909898935314,XYZ403,A,-111,-2,124,32,Coverage_Hole,3,12,weak_coverage
2026-07-01 21:00:00,UE00885,32.93986214019359,-97.0262418399046,XYZ401,A,-106,6,298,126,Excellent,4,42,weak_coverage
2026-07-01 00:00:00,UE00888,32.935337966848635,-97.03494545329788,XYZ401,C,-110,0,198,61,Excellent,1,21,weak_coverage
2026-07-01 02:00:00,UE00890,32.96167727863328,-96.98148574464732,XYZ403,C,-106,10,374,80,Coverage_Hole,3,58,weak_coverage
2026-07-01 03:00:00,UE00891,32.943053244616266,-97.02458917289428,XYZ401,B,-105,0,167,55,Coverage_Hole,4,20,weak_coverage
2026-07-01 04:00:00,UE00892,32.900627155466125,-96.9822876361048,XYZ402,C,-105,0,203,21,Fair,5,21,weak_coverage
2026-07-01 05:00:00,UE00893,32.93271943397979,-96.94182116436616,XYZ403,C,-111,3,212,82,Coverage_Hole,6,30,weak_coverage
2026-07-01 06:00:00,UE00894,32.947229261203766,-97.01737706075254,XYZ401,B,-112,15,520,129,Fair,1,75,weak_coverage
2026-07-01 07:00:00,UE00895,32.90242918835123,-96.99896728178918,XYZ402,C,-112,7,301,53,Poor,2,46,weak_coverage
2026-07-01 15:00:00,UE00903,32.92730960902151,-97.0230833223087,XYZ401,C,-108,6,272,35,Good,4,41,weak_coverage
2026-07-01 18:00:00,UE00906,32.91835959132692,-97.02655774802696,XYZ401,C,-109,0,165,32,Coverage_Hole,1,21,weak_coverage
2026-07-01 22:00:00,UE00910,32.92126379939859,-97.03024715125974,XYZ402,B,-112,0,203,125,Poor,5,21,weak_coverage
2026-07-01 01:00:00,UE00913,32.91137151796156,-96.96877663636286,XYZ402,A,-110,9,415,107,Excellent,2,56,weak_coverage
2026-07-01 04:00:00,UE00916,32.94260032853324,-96.9533275450361,XYZ402,B,-106,5,243,75,Coverage_Hole,5,39,weak_coverage
2026-07-01 05:00:00,UE00917,32.944878365148455,-96.95415173940891,XYZ403,A,-105,7,341,32,Good,6,48,weak_coverage
2026-07-01 07:00:00,UE00919,32.95496654790873,-97.01465356526433,XYZ402,B,-110,5,270,23,Fair,2,39,weak_coverage
2026-07-01 10:00:00,UE00922,32.89936722974743,-97.00819780884515,XYZ402,C,-107,-4,72,81,Fair,5,5,weak_coverage
2026-07-01 11:00:00,UE00923,32.95523036724644,-96.95873229412275,XYZ403,B,-110,3,213,77,Coverage_Hole,6,31,weak_coverage
2026-07-01 12:00:00,UE00924,32.92417864413084,-97.02706649537063,XYZ401,C,-113,5,304,62,Fair,1,39,weak_coverage
2026-07-01 13:00:00,UE00925,32.94216381131236,-97.0183514116135,XYZ402,B,-106,8,369,44,Good,2,50,weak_coverage
2026-07-01 17:00:00,UE00929,32.964129247605655,-96.977851831924,XYZ403,A,-107,3,204,82,Excellent,6,30,weak_coverage
2026-07-01 22:00:00,UE00934,32.9639349241687,-96.9669750589244,XYZ402,B,-109,0,201,124,Excellent,5,21,weak_coverage
2026-07-01 01:00:00,UE00937,32.956084742012976,-97.00942571851536,XYZ402,C,-105,3,188,25,Excellent,2,31,weak_coverage
2026-07-01 03:00:00,UE00939,32.97118672209922,-97.00016340794885,XYZ401,A,-114,2,208,79,Excellent,4,28,weak_coverage
2026-07-01 07:00:00,UE00943,32.93071946721705,-97.01969863163932,XYZ402,C,-105,2,252,117,Fair,2,28,weak_coverage
2026-07-01 12:00:00,UE00948,32.976056101926446,-96.99968266191144,XYZ401,B,-114,-1,126,60,Excellent,1,16,weak_coverage
2026-07-01 15:00:00,UE00951,32.96949879948787,-96.9778320561706,XYZ401,A,-111,-2,115,42,Good,4,13,weak_coverage
2026-07-01 16:00:00,UE00952,32.900607036984574,-97.0090234918943,XYZ402,B,-112,-1,151,19,Excellent,5,16,weak_coverage
2026-07-01 17:00:00,UE00953,32.92017722253931,-97.02353556648208,XYZ403,C,-110,0,151,67,Fair,6,21,weak_coverage
2026-07-01 18:00:00,UE00954,32.92431064310229,-97.02707199946454,XYZ401,A,-110,8,326,91,Coverage_Hole,1,50,weak_coverage
2026-07-01 21:00:00,UE00957,32.95903537429097,-96.96434828666216,XYZ401,B,-109,0,177,55,Coverage_Hole,4,21,weak_coverage
2026-07-01 00:00:00,UE00960,32.94917850742748,-97.01908141861313,XYZ401,A,-107,4,226,79,Good,1,36,weak_coverage
2026-07-01 01:00:00,UE00961,32.903342946660864,-97.00292106981053,XYZ402,A,-108,0,146,85,Fair,2,20,weak_coverage
2026-07-01 03:00:00,UE00963,32.96279237057307,-96.96252345065658,XYZ401,C,-106,2,211,98,Coverage_Hole,4,28,weak_coverage
2026-07-01 09:00:00,UE00969,32.96971502394961,-96.96765257177276,XYZ401,B,-111,5,249,80,Excellent,4,38,weak_coverage
2026-07-01 11:00:00,UE00971,32.91444349578884,-97.01397671270236,XYZ403,C,-105,-1,118,53,Poor,6,16,weak_coverage
2026-07-01 19:00:00,UE00979,32.92125757551281,-96.94449247679732,XYZ402,C,-107,-2,158,44,Fair,2,12,weak_coverage
2026-07-01 21:00:00,UE00981,32.9477954107163,-96.94748862743302,XYZ401,A,-107,0,166,118,Fair,4,21,weak_coverage
2026-07-01 22:00:00,UE00982,32.96179212438692,-96.99648818158944,XYZ402,C,-106,3,234,34,Coverage_Hole,5,32,weak_coverage
2026-07-01 00:00:00,UE00984,32.94265955747607,-97.02670870530584,XYZ401,A,-108,2,261,73,Coverage_Hole,1,29,weak_coverage
2026-07-01 01:00:00,UE00985,32.95995867662392,-96.97858284132894,XYZ402,B,-110,9,403,17,Fair,2,56,weak_coverage
2026-07-01 03:00:00,UE00987,32.91224034805924,-96.96227597389314,XYZ401,C,-106,8,364,17,Coverage_Hole,4,49,weak_coverage
2026-07-01 05:00:00,UE00989,32.932592674176604,-97.02437976070236,XYZ403,B,-110,3,228,109,Excellent,6,32,weak_coverage
2026-07-01 06:00:00,UE00990,32.92301127738336,-97.01484928221096,XYZ401,A,-107,0,158,67,Good,1,21,weak_coverage
2026-07-01 11:00:00,UE00995,32.95842087359824,-96.95113863387294,XYZ403,C,-112,1,176,28,Coverage_Hole,6,22,weak_coverage
2026-07-01 00:00:00,UE01008,32.95588366582732,-97.01892533307166,XYZ401,C,-112,2,215,45,Excellent,1,28,weak_coverage
2026-07-01 04:00:00,UE01012,32.911654812408976,-96.96142787515552,XYZ402,A,-108,4,310,80,Fair,5,36,weak_coverage
2026-07-01 08:00:00,UE01016,32.96688507506452,-97.01934642730934,XYZ403,C,-111,0,189,48,Excellent,3,21,weak_coverage
2026-07-01 10:00:00,UE01018,32.89204855766774,-96.97946618286451,XYZ402,C,-110,0,202,89,Coverage_Hole,5,20,weak_coverage
2026-07-01 12:00:00,UE01020,32.967242102416485,-96.984355232676,XYZ401,C,-109,1,169,85,Excellent,1,23,weak_coverage
2026-07-01 13:00:00,UE01021,32.904055541439625,-96.99549685397824,XYZ402,B,-107,4,314,52,Good,2,37,weak_coverage
2026-07-01 15:00:00,UE01023,32.97114451317108,-96.99210679077298,XYZ401,A,-108,-1,128,127,Poor,4,16,weak_coverage
2026-07-01 21:00:00,UE01029,32.91917750866494,-97.012560329958,XYZ401,A,-106,1,152,102,Excellent,4,24,weak_coverage
2026-07-01 01:00:00,UE01033,32.96944863050935,-96.96231948664264,XYZ402,C,-112,-2,139,104,Fair,2,13,weak_coverage
2026-07-01 03:00:00,UE01035,32.93755830151808,-96.94208108451272,XYZ401,B,-109,-3,124,80,Good,4,11,weak_coverage
2026-07-01 04:00:00,UE01036,32.917730606193295,-97.01234664344318,XYZ402,B,-107,1,211,118,Excellent,5,23,weak_coverage
2026-07-01 08:00:00,UE01040,32.89969882076149,-96.96993114323764,XYZ403,B,-114,0,209,35,Excellent,3,20,weak_coverage
2026-07-01 09:00:00,UE01041,32.90535979685833,-97.01668990053813,XYZ401,A,-111,5,316,18,Fair,4,38,weak_coverage
2026-07-01 12:00:00,UE01044,32.97397081069734,-96.98982952327334,XYZ401,B,-113,3,197,80,Poor,1,31,weak_coverage
2026-07-01 15:00:00,UE01047,32.975534734999854,-96.9944299467989,XYZ401,C,-110,0,155,27,Fair,4,21,weak_coverage
2026-07-01 02:00:00,UE01058,32.90349286090977,-96.97729321905985,XYZ403,A,-108,4,260,87,Poor,3,37,weak_coverage
2026-07-01 04:00:00,UE01060,32.90393283195274,-97.00635637352836,XYZ402,A,-106,1,168,93,Coverage_Hole,5,24,weak_coverage
2026-07-01 06:00:00,UE01062,32.929631906411615,-97.01715506387151,XYZ401,B,-109,8,334,116,Good,1,49,weak_coverage
2026-07-01 09:00:00,UE01065,32.959862811139004,-97.0101163847054,XYZ401,B,-111,2,247,53,Good,4,29,weak_coverage
2026-07-01 10:00:00,UE01066,32.91050928110061,-96.96611940825508,XYZ402,B,-107,5,323,35,Good,5,38,weak_coverage
2026-07-01 13:00:00,UE01069,32.89956654260172,-96.97747972605669,XYZ402,C,-111,4,312,21,Excellent,2,37,weak_coverage
2026-07-01 14:00:00,UE01070,32.90598037418751,-97.01591864357172,XYZ403,B,-112,-3,155,33,Good,3,11,weak_coverage
2026-07-01 21:00:00,UE01077,32.963373916574795,-96.97284501505152,XYZ401,A,-109,4,297,18,Fair,4,36,weak_coverage
2026-07-01 23:00:00,UE01079,32.94358650281483,-97.0309732000203,XYZ403,B,-113,-3,122,113,Poor,6,11,weak_coverage
2026-07-01 04:00:00,UE01084,32.95304252421131,-96.9512580718777,XYZ402,C,-111,0,180,107,Coverage_Hole,5,20,weak_coverage
2026-07-01 07:00:00,UE01087,32.895384772600735,-97.0015256914772,XYZ402,C,-113,2,266,64,Poor,2,29,weak_coverage
2026-07-01 11:00:00,UE01091,32.97212286529246,-96.97879904479475,XYZ403,A,-112,1,205,67,Excellent,6,24,weak_coverage
2026-07-01 12:00:00,UE01092,32.915878480198764,-96.9468748564644,XYZ401,A,-112,-6,50,88,Fair,1,5,weak_coverage
2026-07-01 13:00:00,UE01093,32.97051031898319,-96.9779660274156,XYZ402,C,-112,3,248,111,Coverage_Hole,2,31,weak_coverage
2026-07-01 17:00:00,UE01097,32.90581240121927,-97.00329049828328,XYZ403,C,-108,4,278,52,Good,6,36,weak_coverage
2026-07-01 18:00:00,UE01098,32.97011856824227,-96.9810790217227,XYZ401,A,-105,0,161,73,Excellent,1,20,weak_coverage
2026-07-01 20:00:00,UE01100,32.92244508734546,-97.01360128346651,XYZ403,B,-108,7,313,21,Fair,3,46,weak_coverage
2026-07-01 00:00:00,UE01104,32.97187652608745,-96.98085916589136,XYZ401,B,-108,-3,124,52,Coverage_Hole,1,11,weak_coverage
2026-07-01 01:00:00,UE01105,32.95880155692731,-96.97330205233294,XYZ402,A,-106,11,381,95,Poor,2,63,weak_coverage
2026-07-01 04:00:00,UE01108,32.91876932195161,-96.94409601652497,XYZ402,B,-111,1,191,129,Good,5,23,weak_coverage
2026-07-01 05:00:00,UE01109,32.92390966094799,-96.95214426740633,XYZ403,B,-105,5,299,29,Excellent,6,39,weak_coverage
2026-07-01 07:00:00,UE01111,32.90533008313018,-96.9763400908923,XYZ402,C,-108,5,282,109,Good,2,39,weak_coverage
2026-07-01 11:00:00,UE01115,32.942616179891274,-96.95100541878108,XYZ403,A,-106,4,289,58,Poor,6,37,weak_coverage
2026-07-01 12:00:00,UE01116,32.96898983261299,-97.00878757121625,XYZ401,C,-113,0,149,50,Fair,1,21,weak_coverage
2026-07-01 16:00:00,UE01120,32.96530299315227,-96.96414617832876,XYZ402,C,-110,-2,115,111,Excellent,5,12,weak_coverage
2026-07-01 17:00:00,UE01121,32.90251266362195,-96.969301726195,XYZ403,A,-107,4,221,60,Fair,6,37,weak_coverage
2026-07-01 00:00:00,UE01128,32.89707774551764,-96.99370085845908,XYZ401,C,-108,1,183,99,Coverage_Hole,1,23,weak_coverage
2026-07-01 02:00:00,UE01130,32.97586108114847,-96.97872112277,XYZ403,C,-110,-4,95,56,Fair,3,5,weak_coverage
2026-07-01 05:00:00,UE01133,32.96211016586614,-97.00432933380226,XYZ403,A,-108,4,223,124,Poor,6,37,weak_coverage
2026-07-01 06:00:00,UE01134,32.94229745001063,-96.94129441421018,XYZ401,C,-111,0,199,32,Excellent,1,21,weak_coverage
2026-07-01 09:00:00,UE01137,32.92614667958627,-97.0189255392875,XYZ401,A,-107,10,380,79,Coverage_Hole,4,58,weak_coverage
2026-07-01 10:00:00,UE01138,32.957050448466475,-96.9997162022194,XYZ402,C,-106,10,409,18,Excellent,5,58,weak_coverage
2026-07-01 14:00:00,UE01142,32.901607579279855,-97.01143744559975,XYZ403,B,-110,2,190,118,Excellent,3,29,weak_coverage
2026-07-01 15:00:00,UE01143,32.957994426786165,-97.02143208027698,XYZ401,B,-110,3,243,26,Fair,4,31,weak_coverage
2026-07-01 22:00:00,UE01150,32.94744793175605,-96.94588526802008,XYZ402,B,-113,0,158,28,Excellent,5,21,weak_coverage
2026-07-01 00:00:00,UE01152,32.95017534580395,-96.93964731426978,XYZ401,A,-111,-6,42,66,Good,1,5,weak_coverage
2026-07-01 01:00:00,UE01153,32.90515217104238,-96.99814606850724,XYZ402,B,-111,4,302,124,Good,2,37,weak_coverage
2026-07-01 02:00:00,UE01154,32.95654695647698,-96.96306107126487,XYZ403,B,-110,-1,113,70,Poor,3,15,weak_coverage
2026-07-01 03:00:00,UE01155,32.897046807482674,-96.9899557985044,XYZ401,B,-107,2,231,115,Coverage_Hole,4,29,weak_coverage
2026-07-01 06:00:00,UE01158,32.90497890301572,-96.9600083952092,XYZ401,C,-111,-3,160,83,Poor,1,11,weak_coverage
2026-07-01 09:00:00,UE01161,32.90601567109269,-96.989369740469,XYZ401,C,-106,9,350,80,Excellent,4,55,weak_coverage
2026-07-01 04:00:00,UE01180,32.91493085136478,-96.95810377879148,XYZ402,B,-105,-2,144,117,Excellent,5,13,weak_coverage
2026-07-01 05:00:00,UE01181,32.92189573125912,-97.01365119792948,XYZ403,C,-112,4,242,32,Fair,6,37,weak_coverage
2026-07-01 09:00:00,UE01185,32.93237857064674,-96.9550556035309,XYZ401,B,-105,4,292,103,Coverage_Hole,4,36,weak_coverage
2026-07-01 11:00:00,UE01187,32.96300487036402,-96.99201823410831,XYZ403,A,-108,8,293,33,Good,6,49,weak_coverage
2026-07-01 21:00:00,UE01197,32.8954387044431,-96.96958950018691,XYZ401,A,-109,-1,156,35,Fair,4,15,weak_coverage
2026-07-01 00:00:00,UE01200,32.934106428130576,-97.03102044657072,XYZ401,A,-112,-4,78,95,Excellent,1,5,weak_coverage
2026-07-01 01:00:00,UE01201,32.92146482289583,-96.95374732297482,XYZ402,C,-113,2,210,120,Good,2,29,weak_coverage
2026-07-01 05:00:00,UE01205,32.92683224358584,-97.03134859439092,XYZ403,B,-114,-1,136,61,Good,6,15,weak_coverage
2026-07-01 06:00:00,UE01206,32.89676089782582,-96.99374800714811,XYZ401,B,-109,4,307,21,Fair,1,37,weak_coverage
2026-07-01 08:00:00,UE01208,32.902631671112296,-96.97141112411096,XYZ403,A,-108,0,149,63,Excellent,3,21,weak_coverage
2026-07-01 10:00:00,UE01210,32.91684441996383,-96.95863278644092,XYZ402,A,-110,6,270,86,Poor,5,41,weak_coverage
2026-07-01 14:00:00,UE01214,32.91309629569027,-97.02804418320164,XYZ403,A,-114,0,178,69,Excellent,3,21,weak_coverage
2026-07-01 17:00:00,UE01217,32.934116128512684,-97.02988037844244,XYZ403,C,-107,4,218,27,Excellent,6,37,weak_coverage
2026-07-01 18:00:00,UE01218,32.897441226207114,-96.97677566410204,XYZ401,A,-109,-2,118,21,Poor,1,12,weak_coverage
2026-07-01 21:00:00,UE01221,32.90792207951505,-97.01201353497002,XYZ401,B,-106,5,247,126,Fair,4,40,weak_coverage
2026-07-01 23:00:00,UE01223,32.96787054195624,-96.98584930119353,XYZ403,B,-108,4,265,64,Fair,6,37,weak_coverage
2026-07-01 00:00:00,UE01224,32.91717092507105,-97.00643709689362,XYZ401,C,-110,7,266,106,Poor,1,46,weak_coverage
2026-07-01 01:00:00,UE01225,32.957797966464184,-97.00560683889036,XYZ402,A,-108,3,252,90,Excellent,2,30,weak_coverage
2026-07-01 03:00:00,UE01227,32.9499710361771,-97.02454891648424,XYZ401,B,-113,1,147,76,Fair,4,23,weak_coverage
2026-07-01 08:00:00,UE01232,32.96908775064514,-97.00661966129032,XYZ403,B,-112,-7,40,59,Poor,3,5,weak_coverage
2026-07-01 11:00:00,UE01235,32.93386102296446,-97.02716522243534,XYZ403,C,-113,1,147,87,Coverage_Hole,6,22,weak_coverage
2026-07-01 15:00:00,UE01239,32.92676949395769,-97.02675867437748,XYZ401,A,-109,2,187,53,Poor,4,28,weak_coverage
2026-07-01 17:00:00,UE01241,32.92917986745299,-97.02434899594611,XYZ403,B,-110,4,235,97,Poor,6,37,weak_coverage
2026-07-01 18:00:00,UE01242,32.95792623626754,-96.9967085845938,XYZ401,B,-105,1,150,110,Poor,1,22,weak_coverage
2026-07-01 03:00:00,UE01251,32.95917493776922,-97.00112487522244,XYZ401,A,-107,2,235,37,Coverage_Hole,4,29,weak_coverage
2026-07-01 04:00:00,UE01252,32.91961180546662,-96.9524536056518,XYZ402,B,-106,8,301,56,Fair,5,49,weak_coverage
2026-07-01 05:00:00,UE01253,32.93535738780078,-97.03408050304245,XYZ403,C,-112,-4,79,121,Excellent,6,5,weak_coverage
2026-07-01 06:00:00,UE01254,32.919382716603835,-97.02104334609396,XYZ401,A,-110,-2,120,91,Excellent,1,13,weak_coverage
2026-07-01 07:00:00,UE01255,32.91615692800839,-97.02050251723706,XYZ402,A,-114,3,202,48,Good,2,31,weak_coverage
2026-07-01 09:00:00,UE01257,32.93666137920099,-97.02610199430774,XYZ401,A,-107,4,323,46,Good,4,37,weak_coverage
2026-07-01 17:00:00,UE01265,32.92247437741863,-97.02860003724972,XYZ403,C,-110,-1,138,57,Coverage_Hole,6,14,weak_coverage
2026-07-01 20:00:00,UE01268,32.921334394949014,-96.94559843587318,XYZ403,A,-110,3,230,110,Excellent,3,31,weak_coverage
2026-07-01 21:00:00,UE01269,32.96941367597038,-96.97010283551622,XYZ401,A,-106,2,249,56,Excellent,4,28,weak_coverage
2026-07-01 22:00:00,UE01270,32.90289856408585,-96.99640967743088,XYZ402,A,-107,1,146,101,Excellent,5,24,weak_coverage
2026-07-01 00:00:00,UE01272,32.90046485329061,-97.00005677153472,XYZ401,A,-105,0,187,118,Excellent,1,21,weak_coverage
2026-07-01 03:00:00,UE01275,32.943580148748616,-97.0250057670426,XYZ401,A,-111,0,156,83,Excellent,4,20,weak_coverage
2026-07-01 05:00:00,UE01277,32.92120926575801,-96.94600276082744,XYZ403,B,-114,6,233,72,Excellent,6,43,weak_coverage
2026-07-01 06:00:00,UE01278,32.96465763758881,-97.0062153086026,XYZ401,A,-109,-2,147,114,Coverage_Hole,1,13,weak_coverage
2026-07-01 08:00:00,UE01280,32.91501189404271,-96.9563511007698,XYZ403,C,-106,3,187,95,Poor,3,32,weak_coverage
2026-07-01 11:00:00,UE01283,32.9729854911855,-96.96279273740416,XYZ403,C,-114,4,310,82,Fair,6,36,weak_coverage
2026-07-01 12:00:00,UE01284,32.956836845934376,-96.95506866209668,XYZ401,A,-109,6,229,114,Poor,1,42,weak_coverage
2026-07-01 19:00:00,UE01291,32.945748546421584,-97.0143820785754,XYZ402,A,-105,1,170,34,Good,2,23,weak_coverage
2026-07-01 21:00:00,UE01293,32.94440427764543,-97.01895534509674,XYZ401,B,-108,4,274,53,Fair,4,36,weak_coverage
2026-07-01 23:00:00,UE01295,32.96522143762827,-96.99902440432932,XYZ403,C,-106,1,204,85,Excellent,6,22,weak_coverage
2026-07-01 02:00:00,UE01298,32.96237703929191,-96.98585383023064,XYZ403,A,-105,4,248,60,Good,3,37,weak_coverage
2026-07-01 04:00:00,UE01300,32.96184110230522,-96.98772409758512,XYZ402,C,-106,9,294,113,Coverage_Hole,5,56,weak_coverage
2026-07-01 06:00:00,UE01302,32.90028187415064,-96.96348191722782,XYZ401,A,-114,2,224,80,Coverage_Hole,1,28,weak_coverage
2026-07-01 11:00:00,UE01307,32.909727715725765,-96.95282979483989,XYZ403,B,-108,6,241,38,Coverage_Hole,6,42,weak_coverage
2026-07-01 12:00:00,UE01308,32.972739350700586,-96.96885416037148,XYZ401,B,-113,-4,74,112,Fair,1,5,weak_coverage
2026-07-01 13:00:00,UE01309,32.96143206599672,-97.00349544148553,XYZ402,C,-109,2,219,40,Excellent,2,29,weak_coverage
2026-07-01 14:00:00,UE01310,32.89618399556612,-96.98681421159608,XYZ403,A,-107,-3,125,66,Good,3,9,weak_coverage
2026-07-01 15:00:00,UE01311,32.96350757551969,-96.98625750351096,XYZ401,A,-106,7,345,48,Fair,4,47,weak_coverage
2026-07-01 18:00:00,UE01314,32.959590993182964,-97.01329873738192,XYZ401,A,-108,4,320,117,Poor,1,37,weak_coverage
2026-07-01 20:00:00,UE01316,32.95043831300189,-97.01765209688618,XYZ403,C,-106,8,303,92,Poor,3,49,weak_coverage
2026-07-01 22:00:00,UE01318,32.9629572094864,-96.963022216941,XYZ402,C,-111,0,145,28,Excellent,5,20,weak_coverage
2026-07-01 03:00:00,UE01323,32.91705886384728,-96.95788236596177,XYZ401,C,-107,4,220,110,Good,4,36,weak_coverage
2026-07-01 04:00:00,UE01324,32.939102155949115,-97.0337555734608,XYZ402,B,-113,-5,104,96,Fair,5,5,weak_coverage
2026-07-01 06:00:00,UE01326,32.97123480557632,-96.9753587532205,XYZ401,B,-113,-6,38,119,Good,1,5,weak_coverage
2026-07-01 08:00:00,UE01328,32.899859733703074,-96.99429499931324,XYZ403,B,-107,-1,123,102,Fair,3,15,weak_coverage
2026-07-01 12:00:00,UE01332,32.92011258641595,-97.01208808741764,XYZ401,A,-105,8,265,61,Poor,1,50,weak_coverage
2026-07-01 14:00:00,UE01334,32.950224261302445,-96.94597400724932,XYZ403,B,-112,0,190,106,Coverage_Hole,3,21,weak_coverage
2026-07-01 15:00:00,UE01335,32.92710576803854,-97.0343382235836,XYZ401,A,-113,-1,151,75,Good,4,16,weak_coverage
2026-07-01 17:00:00,UE01337,32.90406769967447,-97.0194689692311,XYZ403,A,-113,1,145,17,Poor,6,23,weak_coverage
2026-07-01 19:00:00,UE01339,32.96352448478891,-96.9767563683894,XYZ402,C,-114,4,293,40,Coverage_Hole,2,36,weak_coverage
2026-07-01 22:00:00,UE01342,32.958593354816664,-96.97983703277949,XYZ402,C,-107,10,390,26,Good,5,58,weak_coverage
2026-07-01 03:00:00,UE01347,32.96505310873759,-96.9654456874313,XYZ401,A,-113,6,309,52,Coverage_Hole,4,42,weak_coverage
2026-07-01 05:00:00,UE01349,32.97171199822574,-96.99836702016988,XYZ403,B,-112,-2,120,97,Excellent,6,13,weak_coverage
2026-07-01 10:00:00,UE01354,32.92559090495397,-96.94679789514666,XYZ402,C,-105,1,195,80,Excellent,5,23,weak_coverage
2026-07-01 11:00:00,UE01355,32.9551137352498,-96.95362331186612,XYZ403,B,-111,4,283,118,Excellent,6,37,weak_coverage
2026-07-01 12:00:00,UE01356,32.93027308023603,-96.9396214587828,XYZ401,B,-110,4,313,77,Excellent,1,37,weak_coverage
2026-07-01 14:00:00,UE01358,32.90461332543595,-96.97349413288173,XYZ403,A,-114,-3,152,19,Excellent,3,9,weak_coverage
2026-07-01 16:00:00,UE01360,32.937137305618585,-96.93435610522118,XYZ402,C,-113,0,180,34,Fair,5,21,weak_coverage
2026-07-01 18:00:00,UE01362,32.92576103491292,-96.9442061499415,XYZ401,C,-114,1,161,55,Coverage_Hole,1,23,weak_coverage
2026-07-01 20:00:00,UE01364,32.967980548648484,-96.97689385172072,XYZ403,A,-109,0,187,32,Good,3,21,weak_coverage
2026-07-01 22:00:00,UE01366,32.96000128444992,-96.97235074854002,XYZ402,C,-107,5,282,54,Fair,5,40,weak_coverage
2026-07-01 00:00:00,UE01368,32.90705102177634,-97.01508419608854,XYZ401,B,-112,3,269,47,Poor,1,31,weak_coverage
2026-07-01 02:00:00,UE01370,32.924424835294786,-97.01979690120142,XYZ403,B,-105,3,216,64,Excellent,3,32,weak_coverage
2026-07-01 05:00:00,UE01373,32.912891858896835,-97.01010888842632,XYZ403,B,-110,0,182,66,Good,6,20,weak_coverage
2026-07-01 06:00:00,UE01374,32.89674876479062,-96.99721992218863,XYZ401,C,-106,0,211,74,Excellent,1,20,weak_coverage
2026-07-01 07:00:00,UE01375,32.96950662124675,-97.0054233186288,XYZ402,B,-113,0,177,88,Good,2,21,weak_coverage
2026-07-01 08:00:00,UE01376,32.955839739067315,-96.96582106108433,XYZ403,A,-105,10,381,100,Poor,3,58,weak_coverage
2026-07-01 11:00:00,UE01379,32.93831865248448,-96.93815552031198,XYZ403,B,-112,-4,80,53,Poor,6,5,weak_coverage
2026-07-01 17:00:00,UE01385,32.96779824543772,-96.98551498264467,XYZ403,B,-107,4,232,21,Coverage_Hole,6,37,weak_coverage
2026-07-01 18:00:00,UE01386,32.967911558970265,-96.9564394784569,XYZ401,C,-113,-3,136,19,Good,1,9,weak_coverage
2026-07-01 19:00:00,UE01387,32.920554938834975,-96.93917330871729,XYZ402,A,-114,-2,158,89,Coverage_Hole,2,12,weak_coverage
2026-07-01 02:00:00,UE01394,32.90410465437253,-97.0052009341572,XYZ403,B,-110,1,202,19,Coverage_Hole,3,23,weak_coverage
2026-07-01 03:00:00,UE01395,32.914236422370735,-97.0107238822802,XYZ401,C,-107,6,241,113,Good,4,41,weak_coverage
2026-07-01 06:00:00,UE01398,32.945815533161486,-97.01825311269629,XYZ401,B,-105,5,233,61,Coverage_Hole,1,39,weak_coverage
2026-07-01 14:00:00,UE01406,32.948084882133834,-97.02223820829242,XYZ403,C,-105,8,292,101,Excellent,3,49,weak_coverage
2026-07-01 15:00:00,UE01407,32.905137016389936,-96.97808904126424,XYZ401,B,-106,3,189,95,Excellent,4,30,weak_coverage
2026-07-01 17:00:00,UE01409,32.970856403168035,-96.9762485639354,XYZ403,C,-108,0,183,39,Coverage_Hole,6,21,weak_coverage
2026-07-01 18:00:00,UE01410,32.964588851057044,-97.00102088069649,XYZ401,B,-107,3,192,89,Coverage_Hole,1,31,weak_coverage
2026-07-01 20:00:00,UE01412,32.95611423238744,-97.02315058288904,XYZ403,B,-112,5,291,117,Good,3,39,weak_coverage
2026-07-01 02:00:00,UE01418,32.89932228579661,-96.9950816501091,XYZ403,C,-111,-5,78,76,Good,3,5,weak_coverage
2026-07-01 05:00:00,UE01421,32.92578563784733,-96.95700430384204,XYZ403,B,-105,10,341,76,Coverage_Hole,6,58,weak_coverage
2026-07-01 06:00:00,UE01422,32.94937095757544,-96.95572049551588,XYZ401,A,-107,0,144,43,Coverage_Hole,1,20,weak_coverage
2026-07-01 07:00:00,UE01423,32.91239760513125,-97.01817438180998,XYZ402,B,-105,-3,111,100,Fair,2,11,weak_coverage
2026-07-01 10:00:00,UE01426,32.94401645930268,-96.95587673474928,XYZ402,A,-107,5,288,129,Poor,5,39,weak_coverage
2026-07-01 11:00:00,UE01427,32.95061162833068,-96.96106157743992,XYZ403,B,-108,11,388,43,Poor,6,64,weak_coverage
2026-07-01 15:00:00,UE01431,32.957953372390314,-96.95762210863246,XYZ401,C,-109,2,249,87,Good,4,28,weak_coverage
2026-07-01 16:00:00,UE01432,32.97029138580215,-96.99809956778368,XYZ402,C,-113,0,205,93,Poor,5,21,weak_coverage
2026-07-01 21:00:00,UE01437,32.901674023107475,-96.97714773658872,XYZ401,C,-106,4,308,122,Good,4,36,weak_coverage
2026-07-01 23:00:00,UE01439,32.967909339885416,-96.97523310899372,XYZ403,C,-107,1,155,122,Poor,6,23,weak_coverage
2026-07-01 03:00:00,UE01443,32.970646560901905,-96.99530730695564,XYZ401,C,-114,1,193,43,Coverage_Hole,4,23,weak_coverage
2026-07-01 04:00:00,UE01444,32.93516771846946,-97.03544715981798,XYZ402,A,-111,-7,50,108,Poor,5,5,weak_coverage
2026-07-01 06:00:00,UE01446,32.91484156315827,-96.94083886077512,XYZ401,B,-113,-1,160,23,Good,1,15,weak_coverage
2026-07-01 09:00:00,UE01449,32.900261117752464,-96.98960465247524,XYZ401,C,-108,0,196,31,Coverage_Hole,4,21,weak_coverage
2026-07-01 10:00:00,UE01450,32.937902396758254,-96.9428902794397,XYZ402,A,-105,1,201,86,Excellent,5,23,weak_coverage
2026-07-01 11:00:00,UE01451,32.896251764640105,-96.97336863764022,XYZ403,C,-110,0,191,28,Excellent,6,20,weak_coverage
2026-07-01 13:00:00,UE01453,32.900175096710896,-96.9754731902346,XYZ402,B,-106,0,207,60,Excellent,2,21,weak_coverage
2026-07-01 14:00:00,UE01454,32.93188317928847,-96.94673402644088,XYZ403,C,-106,4,298,27,Coverage_Hole,3,36,weak_coverage
2026-07-01 18:00:00,UE01458,32.963068137239034,-97.00277095718864,XYZ401,C,-105,0,199,120,Fair,1,21,weak_coverage
2026-07-01 19:00:00,UE01459,32.96439191446038,-96.99428691795264,XYZ402,B,-108,5,321,60,Coverage_Hole,2,40,weak_coverage
2026-07-01 21:00:00,UE01461,32.945853147527785,-96.93933054652432,XYZ401,A,-110,1,175,27,Fair,4,24,weak_coverage
2026-07-01 23:00:00,UE01463,32.962631336267215,-96.95412203028717,XYZ403,C,-114,4,295,61,Fair,6,36,weak_coverage
2026-07-01 00:00:00,UE01464,32.97585332571462,-96.9680702491059,XYZ401,B,-114,-5,73,85,Fair,1,5,weak_coverage
2026-07-01 01:00:00,UE01465,32.91118576992288,-96.9507461237478,XYZ402,A,-114,3,184,75,Excellent,2,31,weak_coverage
2026-07-01 03:00:00,UE01467,32.97400339336201,-96.98222101191531,XYZ401,A,-114,-1,153,76,Coverage_Hole,4,15,weak_coverage
2026-07-01 07:00:00,UE01471,32.8961834745196,-96.97724701342526,XYZ402,B,-112,0,154,30,Excellent,2,20,weak_coverage
2026-07-01 08:00:00,UE01472,32.9622134357205,-96.96499115776776,XYZ403,C,-111,3,197,24,Good,3,32,weak_coverage
2026-07-01 09:00:00,UE01473,32.930795736085685,-97.02596223286344,XYZ401,B,-114,0,179,57,Coverage_Hole,4,21,weak_coverage
2026-07-01 13:00:00,UE01477,32.93455143430008,-96.94132114260336,XYZ402,B,-111,2,216,109,Fair,2,29,weak_coverage
2026-07-01 14:00:00,UE01478,32.90858400860554,-96.96312520970277,XYZ403,B,-105,1,166,32,Coverage_Hole,3,23,weak_coverage
2026-07-01 16:00:00,UE01480,32.90267166144969,-96.96758023967428,XYZ402,A,-108,3,224,40,Poor,5,31,weak_coverage
2026-07-01 17:00:00,UE01481,32.93584964424016,-96.9384182577497,XYZ403,C,-106,-3,147,105,Fair,6,11,weak_coverage
2026-07-01 22:00:00,UE01486,32.903407830338125,-96.98081612138056,XYZ402,C,-113,3,243,76,Poor,5,31,weak_coverage
2026-07-01 00:00:00,UE01488,32.9215833689403,-97.0289948598664,XYZ401,C,-112,0,205,59,Poor,1,20,weak_coverage
2026-07-01 02:00:00,UE01490,32.90141801043961,-96.98002489615176,XYZ403,C,-111,1,209,18,Poor,3,23,weak_coverage
2026-07-01 04:00:00,UE01492,32.903990715149405,-96.98637916242714,XYZ402,A,-107,2,216,77,Coverage_Hole,5,29,weak_coverage
2026-07-01 10:00:00,UE01498,32.952890789320904,-97.01746930022738,XYZ402,C,-106,6,264,22,Poor,5,41,weak_coverage
2026-07-01 15:00:00,UE01503,32.926740527296815,-97.02666528778572,XYZ401,C,-110,2,241,113,Poor,4,29,weak_coverage
2026-07-01 17:00:00,UE01505,32.956298962243224,-96.95837534886178,XYZ403,A,-107,6,233,24,Good,6,41,weak_coverage
2026-07-01 19:00:00,UE01507,32.94212699787428,-96.93984703544815,XYZ402,A,-114,0,212,107,Excellent,2,20,weak_coverage
2026-07-01 01:00:00,UE01513,32.96771136590356,-96.97869600065414,XYZ402,C,-110,4,307,43,Coverage_Hole,2,37,weak_coverage
2026-07-01 03:00:00,UE01515,32.9021914724696,-96.98131895982496,XYZ401,B,-106,5,300,70,Good,4,38,weak_coverage
2026-07-01 04:00:00,UE01516,32.97765782984035,-96.97533521783626,XYZ402,A,-113,-4,98,37,Coverage_Hole,5,5,weak_coverage
2026-07-01 06:00:00,UE01518,32.89933204553124,-96.99465122639864,XYZ401,C,-109,5,295,69,Poor,1,39,weak_coverage
2026-07-01 10:00:00,UE01522,32.906324562176025,-96.97623448511064,XYZ402,B,-109,5,255,94,Good,5,39,weak_coverage
2026-07-01 12:00:00,UE01524,32.96765567802657,-96.99059188290364,XYZ401,A,-111,6,282,99,Coverage_Hole,1,41,weak_coverage
2026-07-01 14:00:00,UE01526,32.9699657473709,-96.98609080027988,XYZ403,C,-113,0,156,96,Poor,3,20,weak_coverage
2026-07-01 16:00:00,UE01528,32.975286381730136,-96.99451775240476,XYZ402,A,-114,3,269,30,Excellent,5,31,weak_coverage
2026-07-01 18:00:00,UE01530,32.943633235015135,-96.94029662356311,XYZ401,B,-110,-1,135,17,Coverage_Hole,1,16,weak_coverage
2026-07-01 21:00:00,UE01533,32.9649296388125,-96.99016637166024,XYZ401,B,-106,8,276,119,Fair,4,49,weak_coverage
2026-07-01 22:00:00,UE01534,32.89753045677865,-96.9895098275742,XYZ402,A,-111,0,209,90,Coverage_Hole,5,20,weak_coverage
2026-07-01 00:00:00,UE01536,32.90468974902028,-96.95206410594862,XYZ401,B,-112,3,187,102,Good,1,32,weak_coverage
2026-07-01 05:00:00,UE01541,32.93699886564386,-96.94547475701134,XYZ403,A,-112,0,153,84,Poor,6,20,weak_coverage
2026-07-01 09:00:00,UE01545,32.9567346249056,-96.9649563932514,XYZ401,B,-110,7,307,55,Poor,4,47,weak_coverage
2026-07-01 17:00:00,UE01553,32.93515995686062,-96.95094673976392,XYZ403,A,-107,6,243,77,Excellent,6,41,weak_coverage
2026-07-01 18:00:00,UE01554,32.90770698218012,-96.95753174948852,XYZ401,A,-108,1,182,92,Fair,1,24,weak_coverage
2026-07-01 21:00:00,UE01557,32.96907932104893,-97.00319101321,XYZ401,C,-109,3,229,117,Fair,4,31,weak_coverage
2026-07-01 23:00:00,UE01559,32.95456429448964,-97.01688442500426,XYZ403,C,-110,3,247,79,Excellent,6,32,weak_coverage
2026-07-01 01:00:00,UE01561,32.940047725393136,-96.95567217558134,XYZ402,A,-106,3,246,94,Coverage_Hole,2,31,weak_coverage
2026-07-01 02:00:00,UE01562,32.93769758244427,-96.94032480423952,XYZ403,B,-109,2,244,129,Poor,3,29,weak_coverage
2026-07-01 06:00:00,UE01566,32.89736012023916,-96.96219056832447,XYZ401,A,-111,-5,78,95,Fair,1,5,weak_coverage
2026-07-01 08:00:00,UE01568,32.93657616126249,-97.02631346379644,XYZ403,C,-107,-1,111,61,Fair,3,15,weak_coverage
2026-07-01 10:00:00,UE01570,32.94270154042113,-96.94245331206518,XYZ402,B,-111,8,287,47,Excellent,5,50,weak_coverage
2026-07-01 11:00:00,UE01571,32.96143204879613,-97.00509749044136,XYZ403,A,-113,9,427,66,Good,6,55,weak_coverage
2026-07-01 17:00:00,UE01577,32.91146102831762,-97.01027544017452,XYZ403,A,-108,5,268,83,Excellent,6,39,weak_coverage
2026-07-01 19:00:00,UE01579,32.96282853354874,-97.02413005511936,XYZ402,A,-111,-5,104,74,Excellent,2,5,weak_coverage
2026-07-01 20:00:00,UE01580,32.951807222367904,-97.0139292864918,XYZ403,B,-108,4,218,19,Good,3,36,weak_coverage
2026-07-01 22:00:00,UE01582,32.9399801463205,-97.03277956384774,XYZ402,A,-114,1,208,127,Fair,5,23,weak_coverage
2026-07-01 03:00:00,UE01587,32.96442180154645,-97.00437955427792,XYZ401,B,-105,3,209,37,Coverage_Hole,4,31,weak_coverage
2026-07-01 09:00:00,UE01593,32.971890925258144,-97.00821536361804,XYZ401,C,-114,-4,93,129,Excellent,4,5,weak_coverage
2026-07-01 10:00:00,UE01594,32.9655522309267,-97.00232116439612,XYZ402,C,-109,6,261,115,Poor,5,41,weak_coverage
2026-07-01 15:00:00,UE01599,32.95599396518845,-97.0180140680171,XYZ401,A,-105,1,191,78,Good,4,24,weak_coverage
2026-07-01 16:00:00,UE01600,32.900869458888046,-96.98662962685258,XYZ402,B,-113,0,201,124,Excellent,5,20,weak_coverage
2026-07-01 17:00:00,UE01601,32.97457229256956,-96.99457076457736,XYZ403,B,-109,2,236,120,Coverage_Hole,6,28,weak_coverage
2026-07-01 19:00:00,UE01603,32.90891214117892,-97.00977069727166,XYZ402,B,-110,0,150,42,Poor,2,20,weak_coverage
2026-07-01 20:00:00,UE01604,32.9710047066673,-96.9654172013112,XYZ403,B,-111,1,191,87,Fair,3,24,weak_coverage
2026-07-01 21:00:00,UE01605,32.97260534759379,-96.96052300803358,XYZ401,B,-111,-6,40,27,Poor,4,5,weak_coverage
2026-07-01 23:00:00,UE01607,32.93579198784904,-96.94872767485514,XYZ403,C,-112,9,349,90,Coverage_Hole,6,56,weak_coverage
2026-07-01 00:00:00,UE01608,32.91397735765504,-96.9571130140818,XYZ401,C,-110,8,372,105,Good,1,49,weak_coverage
2026-07-01 03:00:00,UE01611,32.91200158835833,-96.94492901329868,XYZ401,B,-111,-2,136,120,Excellent,4,12,weak_coverage
2026-07-01 04:00:00,UE01612,32.964915280446725,-96.99298721947378,XYZ402,A,-105,4,258,51,Excellent,5,36,weak_coverage
2026-07-01 06:00:00,UE01614,32.97477127731419,-97.00268892774002,XYZ401,A,-114,0,187,120,Coverage_Hole,1,20,weak_coverage
2026-07-01 09:00:00,UE01617,32.92047769199216,-97.0183950144564,XYZ401,A,-111,5,280,41,Excellent,4,39,weak_coverage
2026-07-01 10:00:00,UE01618,32.90267668383887,-96.97806223646042,XYZ402,A,-107,3,232,64,Poor,5,31,weak_coverage
2026-07-01 11:00:00,UE01619,32.972272841703955,-96.98883136729464,XYZ403,C,-109,1,184,69,Good,6,24,weak_coverage
2026-07-01 14:00:00,UE01622,32.90649079040388,-96.99175494292408,XYZ403,B,-109,5,275,98,Good,3,38,weak_coverage
2026-07-01 16:00:00,UE01624,32.974004253831104,-96.97926275266538,XYZ402,C,-110,0,169,66,Poor,5,21,weak_coverage
2026-07-01 17:00:00,UE01625,32.910642895853336,-96.9751928611673,XYZ403,B,-105,6,305,81,Coverage_Hole,6,41,weak_coverage
2026-07-01 18:00:00,UE01626,32.90611108939416,-96.94677074321692,XYZ401,B,-110,-4,104,115,Good,1,5,weak_coverage
2026-07-01 20:00:00,UE01628,32.95936743488316,-97.00905671738634,XYZ403,A,-112,4,285,82,Poor,3,36,weak_coverage
2026-07-01 22:00:00,UE01630,32.92393542225236,-96.94665227246398,XYZ402,C,-109,5,291,44,Good,5,38,weak_coverage
2026-07-01 02:00:00,UE01634,32.93500124754828,-96.93498086586358,XYZ403,A,-112,-6,45,18,Poor,3,5,weak_coverage
2026-07-01 05:00:00,UE01637,32.9627766958296,-96.99419839982323,XYZ403,B,-107,4,285,114,Poor,6,37,weak_coverage
2026-07-01 07:00:00,UE01639,32.96766880752444,-96.98689740698671,XYZ402,B,-107,7,326,127,Excellent,2,47,weak_coverage
2026-07-01 10:00:00,UE01642,32.90093071912699,-97.00221746312096,XYZ402,A,-114,5,250,92,Poor,5,40,weak_coverage
2026-07-01 17:00:00,UE01649,32.913360707559924,-97.0150345703462,XYZ403,B,-113,0,153,22,Excellent,6,20,weak_coverage
2026-07-01 23:00:00,UE01655,32.96879065723931,-96.9631892146179,XYZ403,C,-112,-3,145,105,Poor,6,10,weak_coverage
2026-07-01 02:00:00,UE01658,32.92287152331172,-97.03174849568164,XYZ403,C,-114,4,243,59,Coverage_Hole,3,36,weak_coverage
2026-07-01 03:00:00,UE01659,32.907348249555874,-96.99867144886925,XYZ401,C,-107,6,297,32,Coverage_Hole,4,41,weak_coverage
2026-07-01 04:00:00,UE01660,32.942646806165435,-96.94665045602446,XYZ402,B,-107,1,156,102,Fair,5,23,weak_coverage
2026-07-01 05:00:00,UE01661,32.9707804258136,-96.98945000278754,XYZ403,A,-106,-1,144,55,Good,6,14,weak_coverage
2026-07-01 13:00:00,UE01669,32.913756442830376,-96.9478447829494,XYZ402,C,-114,-2,160,99,Coverage_Hole,2,13,weak_coverage
2026-07-01 20:00:00,UE01676,32.96665539731308,-96.99468408905616,XYZ403,A,-112,0,201,55,Excellent,3,20,weak_coverage
2026-07-01 21:00:00,UE01677,32.95751226692383,-96.94951911075542,XYZ401,C,-114,-3,119,75,Poor,4,11,weak_coverage
2026-07-01 23:00:00,UE01679,32.9254893906781,-96.9505220987572,XYZ403,A,-107,7,343,92,Coverage_Hole,6,46,weak_coverage
2026-07-01 04:00:00,UE01684,32.91151536236415,-96.95354164788458,XYZ402,A,-112,-1,134,99,Good,5,15,weak_coverage
2026-07-01 07:00:00,UE01687,32.93155611694282,-96.93965036868497,XYZ402,A,-108,-1,160,117,Excellent,2,14,weak_coverage
2026-07-01 09:00:00,UE01689,32.90805559416152,-96.97007245616612,XYZ401,C,-108,5,283,52,Coverage_Hole,4,38,weak_coverage
2026-07-01 10:00:00,UE01690,32.95034713526972,-96.94287293581792,XYZ402,B,-111,3,260,17,Poor,5,32,weak_coverage
2026-07-01 11:00:00,UE01691,32.92584734963827,-97.02145006339757,XYZ403,B,-111,7,322,30,Coverage_Hole,6,47,weak_coverage
2026-07-01 15:00:00,UE01695,32.90533504579642,-97.00568218954284,XYZ401,C,-106,1,158,18,Excellent,4,23,weak_coverage
2026-07-01 23:00:00,UE01703,32.93787199118682,-96.93549525459224,XYZ403,B,-114,-7,50,15,Poor,6,5,weak_coverage
2026-07-01 05:00:00,UE01709,32.96596863268495,-96.96785144789824,XYZ403,A,-108,8,279,107,Coverage_Hole,6,49,weak_coverage
2026-07-01 06:00:00,UE01710,32.96541826210812,-96.9746896490192,XYZ401,C,-106,2,246,66,Coverage_Hole,1,29,weak_coverage
2026-07-01 07:00:00,UE01711,32.907919833014724,-97.01174869292652,XYZ402,A,-107,1,215,15,Poor,2,23,weak_coverage
2026-07-01 08:00:00,UE01712,32.95936100261919,-96.96477764064896,XYZ403,A,-108,4,301,116,Fair,3,36,weak_coverage
2026-07-01 12:00:00,UE01716,32.96130487248239,-96.969177190406,XYZ401,C,-109,8,365,63,Coverage_Hole,1,50,weak_coverage
2026-07-01 16:00:00,UE01720,32.96146136833188,-97.01226797244875,XYZ402,C,-112,0,153,28,Poor,5,20,weak_coverage
2026-07-01 17:00:00,UE01721,32.89747655974372,-96.982989130232,XYZ403,C,-109,-4,103,46,Coverage_Hole,6,5,weak_coverage
2026-07-01 18:00:00,UE01722,32.90794989490022,-96.95281936996729,XYZ401,A,-107,0,178,53,Coverage_Hole,1,20,weak_coverage
2026-07-01 20:00:00,UE01724,32.973089425059946,-96.99434802914844,XYZ403,B,-113,-2,161,77,Excellent,3,12,weak_coverage
2026-07-01 22:00:00,UE01726,32.960740721415874,-97.00306640578373,XYZ402,B,-110,6,315,31,Good,5,42,weak_coverage
2026-07-01 13:00:00,UE01741,32.9184339648226,-96.95211818871208,XYZ402,C,-106,4,284,75,Excellent,2,37,weak_coverage
2026-07-01 14:00:00,UE01742,32.96276425042645,-96.9636324891037,XYZ403,B,-111,3,220,27,Excellent,3,31,weak_coverage
2026-07-01 15:00:00,UE01743,32.91621247841578,-97.01639989633917,XYZ401,B,-108,7,370,59,Excellent,4,48,weak_coverage
2026-07-01 16:00:00,UE01744,32.91675323805403,-97.03212005302169,XYZ402,B,-112,-9,51,60,Good,5,5,weak_coverage
2026-07-01 20:00:00,UE01748,32.933990055948755,-97.01698193864092,XYZ403,A,-105,1,180,128,Coverage_Hole,3,22,weak_coverage
2026-07-01 21:00:00,UE01749,32.91864401965236,-97.01440352866436,XYZ401,B,-105,1,199,63,Good,4,23,weak_coverage
2026-07-01 23:00:00,UE01751,32.96608409523024,-96.97567030245943,XYZ403,A,-107,6,308,111,Excellent,6,41,weak_coverage
2026-07-01 02:00:00,UE01754,32.89836880726551,-97.00786759223382,XYZ403,C,-108,-3,123,65,Coverage_Hole,3,9,weak_coverage
2026-07-01 07:00:00,UE01759,32.94878681609958,-96.9458268397156,XYZ402,B,-114,6,219,85,Coverage_Hole,2,41,weak_coverage
2026-07-01 08:00:00,UE01760,32.9344197156294,-97.0335093027646,XYZ403,C,-108,-3,160,101,Fair,3,9,weak_coverage
2026-07-01 10:00:00,UE01762,32.8982485635648,-96.97290021627424,XYZ402,A,-114,-1,148,19,Fair,5,15,weak_coverage
2026-07-01 11:00:00,UE01763,32.909037907004155,-97.01126962683804,XYZ403,B,-112,6,314,85,Excellent,6,41,weak_coverage
2026-07-01 12:00:00,UE01764,32.912891110941885,-97.0239487953857,XYZ401,A,-110,-2,114,52,Coverage_Hole,1,13,weak_coverage
2026-07-01 22:00:00,UE01774,32.973169808601334,-96.98368753181508,XYZ402,A,-109,2,184,83,Fair,5,29,weak_coverage
2026-07-01 23:00:00,UE01775,32.9338472259202,-96.9382312954428,XYZ403,B,-110,-1,118,123,Good,6,15,weak_coverage
2026-07-01 01:00:00,UE01777,32.943794704567985,-96.9556248560654,XYZ402,A,-105,4,313,93,Excellent,2,36,weak_coverage
2026-07-01 03:00:00,UE01779,32.94039615914596,-96.95054166758442,XYZ401,B,-110,5,309,16,Coverage_Hole,4,40,weak_coverage
2026-07-01 06:00:00,UE01782,32.89372423189113,-96.98504774410743,XYZ401,C,-109,-2,125,20,Excellent,1,12,weak_coverage
2026-07-01 07:00:00,UE01783,32.945955049585024,-96.94246527392993,XYZ402,A,-109,-2,121,35,Fair,2,12,weak_coverage
2026-07-01 08:00:00,UE01784,32.89845000641935,-96.9715715581703,XYZ403,C,-112,3,264,67,Fair,3,31,weak_coverage
2026-07-01 09:00:00,UE01785,32.90585900200491,-96.97742065183728,XYZ401,B,-107,11,406,19,Excellent,4,64,weak_coverage
2026-07-01 13:00:00,UE01789,32.95024837474393,-97.0200707895118,XYZ402,A,-109,0,192,56,Coverage_Hole,2,20,weak_coverage
2026-07-01 14:00:00,UE01790,32.972020523549084,-96.98700807743543,XYZ403,B,-107,4,309,57,Good,3,36,weak_coverage
2026-07-01 18:00:00,UE01794,32.930846820887794,-96.94848892370358,XYZ401,C,-108,5,275,85,Good,1,39,weak_coverage
2026-07-01 05:00:00,UE01805,32.91022237886971,-96.94642203879272,XYZ403,C,-112,0,210,45,Poor,6,20,weak_coverage
2026-07-01 07:00:00,UE01807,32.903255535298875,-96.98477920339064,XYZ402,B,-111,2,258,61,Coverage_Hole,2,28,weak_coverage
2026-07-01 08:00:00,UE01808,32.91165499062483,-96.95113407526158,XYZ403,A,-113,0,205,36,Poor,3,20,weak_coverage
2026-07-01 10:00:00,UE01810,32.94829898253145,-96.95020341423412,XYZ402,C,-109,6,244,80,Coverage_Hole,5,41,weak_coverage
2026-07-01 14:00:00,UE01814,32.94650966917762,-97.01903469507512,XYZ403,B,-107,10,337,51,Good,3,58,weak_coverage
2026-07-01 15:00:00,UE01815,32.90659298487828,-97.01360226442678,XYZ401,B,-111,-1,158,31,Fair,4,15,weak_coverage
2026-07-01 00:00:00,UE01824,32.8993575440983,-96.99845231120533,XYZ401,B,-111,-2,108,15,Fair,1,13,weak_coverage
2026-07-01 05:00:00,UE01829,32.93728294121763,-96.94912722257769,XYZ403,A,-108,7,357,57,Excellent,6,47,weak_coverage
2026-07-01 06:00:00,UE01830,32.94851752948363,-97.01939125502317,XYZ401,A,-113,4,302,28,Fair,1,36,weak_coverage
2026-07-01 08:00:00,UE01832,32.93668124120038,-97.02166229447288,XYZ403,A,-106,2,192,88,Fair,3,28,weak_coverage
2026-07-01 10:00:00,UE01834,32.95006084204691,-97.02460036031574,XYZ402,C,-108,-1,121,22,Poor,5,14,weak_coverage
2026-07-01 11:00:00,UE01835,32.91297616250952,-96.95842507244146,XYZ403,A,-108,6,264,117,Poor,6,42,weak_coverage
2026-07-01 15:00:00,UE01839,32.91708303269091,-97.01658958292296,XYZ401,C,-105,4,247,101,Good,4,36,weak_coverage
2026-07-01 16:00:00,UE01840,32.916012857759576,-97.02786492466458,XYZ402,B,-113,-1,131,114,Poor,5,14,weak_coverage
2026-07-01 21:00:00,UE01845,32.92800405264173,-97.0252903828878,XYZ401,B,-111,2,236,115,Fair,4,28,weak_coverage
2026-07-01 05:00:00,UE01853,32.90615825370846,-96.9964797223126,XYZ403,C,-108,6,226,115,Poor,6,42,weak_coverage
2026-07-01 08:00:00,UE01856,32.918661752353245,-96.946647188406,XYZ403,C,-111,6,267,120,Coverage_Hole,3,41,weak_coverage
2026-07-01 14:00:00,UE01862,32.90139074530372,-96.98555528232866,XYZ403,C,-112,3,213,121,Coverage_Hole,3,31,weak_coverage
2026-07-01 18:00:00,UE01866,32.9304347452045,-97.01923305145549,XYZ401,C,-112,7,338,117,Coverage_Hole,1,47,weak_coverage
2026-07-01 19:00:00,UE01867,32.95301975164219,-96.96376678335832,XYZ402,C,-108,11,393,60,Coverage_Hole,2,62,weak_coverage
2026-07-01 23:00:00,UE01871,32.89888020492816,-96.98014612662814,XYZ403,A,-114,-2,123,17,Excellent,6,13,weak_coverage
2026-07-01 02:00:00,UE01874,32.900908740453914,-97.01680261471688,XYZ403,C,-112,-5,78,20,Coverage_Hole,3,5,weak_coverage
2026-07-01 03:00:00,UE01875,32.89525183965334,-96.97747897348196,XYZ401,B,-112,1,152,74,Fair,4,22,weak_coverage
2026-07-01 08:00:00,UE01880,32.968538259059656,-96.96887229641258,XYZ403,B,-107,3,245,121,Good,3,31,weak_coverage
2026-07-01 09:00:00,UE01881,32.9051691590294,-96.95932987810616,XYZ401,B,-109,4,313,108,Poor,4,36,weak_coverage
2026-07-01 11:00:00,UE01883,32.90784529236716,-97.0098182117522,XYZ403,A,-108,4,253,52,Poor,6,36,weak_coverage
2026-07-01 16:00:00,UE01888,32.94606900538676,-97.02184840271708,XYZ402,A,-106,2,183,98,Fair,5,28,weak_coverage
2026-07-01 17:00:00,UE01889,32.94993443427922,-97.01468309309746,XYZ403,A,-107,3,216,78,Excellent,6,32,weak_coverage
2026-07-01 18:00:00,UE01890,32.97436300934368,-96.99233389217886,XYZ401,C,-110,-3,127,120,Coverage_Hole,1,9,weak_coverage
2026-07-01 03:00:00,UE01899,32.90302811390671,-96.9617558960232,XYZ401,B,-113,6,247,127,Coverage_Hole,4,42,weak_coverage
2026-07-01 04:00:00,UE01900,32.90594234528851,-96.96894266142124,XYZ402,C,-108,0,208,60,Coverage_Hole,5,20,weak_coverage
2026-07-01 05:00:00,UE01901,32.91225663498981,-97.02187804807176,XYZ403,C,-106,3,220,52,Good,6,32,weak_coverage
2026-07-01 06:00:00,UE01902,32.9688319599491,-96.95754207870375,XYZ401,C,-113,0,171,33,Good,1,20,weak_coverage
2026-07-01 08:00:00,UE01904,32.943532074270614,-96.9564114560842,XYZ403,A,-105,10,330,102,Fair,3,57,weak_coverage
2026-07-01 10:00:00,UE01906,32.91611567140944,-97.02242276279478,XYZ402,C,-112,0,153,86,Fair,5,21,weak_coverage
2026-07-01 12:00:00,UE01908,32.96813978668106,-96.97084130311164,XYZ401,A,-110,0,169,21,Poor,1,20,weak_coverage
2026-07-01 13:00:00,UE01909,32.95082899824443,-96.95609862530044,XYZ402,C,-111,6,266,94,Coverage_Hole,2,42,weak_coverage
2026-07-01 18:00:00,UE01914,32.95833872919045,-96.9718838137004,XYZ401,B,-106,10,387,27,Poor,1,58,weak_coverage
2026-07-01 21:00:00,UE01917,32.91498526495612,-96.95451835258928,XYZ401,B,-108,0,188,57,Poor,4,20,weak_coverage
2026-07-01 22:00:00,UE01918,32.931067186368885,-96.94258260101137,XYZ402,A,-109,0,156,22,Poor,5,21,weak_coverage
2026-07-01 00:00:00,UE01920,32.947543517907185,-96.94767536979022,XYZ401,C,-107,2,185,19,Fair,1,29,weak_coverage
2026-07-01 01:00:00,UE01921,32.96267573850253,-97.00912052678736,XYZ402,A,-111,4,270,113,Coverage_Hole,2,36,weak_coverage
2026-07-01 03:00:00,UE01923,32.96134839178973,-96.97237651428291,XYZ401,B,-106,8,271,43,Coverage_Hole,4,49,weak_coverage
2026-07-01 10:00:00,UE01930,32.95611108802387,-96.96124743731242,XYZ402,B,-111,6,217,125,Poor,5,42,weak_coverage
2026-07-01 17:00:00,UE01937,32.97582828459659,-96.99025245447626,XYZ403,C,-112,0,211,53,Fair,6,20,weak_coverage
2026-07-01 19:00:00,UE01939,32.95568443636598,-96.9666614045537,XYZ402,A,-109,8,292,19,Excellent,2,49,weak_coverage
2026-07-01 22:00:00,UE01942,32.90734078816433,-97.00267973989348,XYZ402,A,-110,6,277,125,Excellent,5,42,weak_coverage
2026-07-01 14:00:00,UE01958,32.90022545655171,-97.00265834611592,XYZ403,C,-110,1,188,91,Coverage_Hole,3,23,weak_coverage
2026-07-01 19:00:00,UE01963,32.97716742591034,-96.978672264675,XYZ402,A,-111,-5,105,66,Fair,2,5,weak_coverage
2026-07-01 20:00:00,UE01964,32.92198259566591,-97.01632256172869,XYZ403,B,-106,4,314,95,Excellent,3,36,weak_coverage
2026-07-01 21:00:00,UE01965,32.90978290968009,-97.0185897743332,XYZ401,C,-112,2,195,82,Poor,4,29,weak_coverage
2026-07-01 22:00:00,UE01966,32.96550956552685,-96.98527941895075,XYZ402,C,-109,3,191,69,Good,5,31,weak_coverage
2026-07-01 01:00:00,UE01969,32.97486735661752,-97.00210478298416,XYZ402,A,-113,-4,107,64,Fair,2,5,weak_coverage
2026-07-01 04:00:00,UE01972,32.90190551935141,-96.99212010931883,XYZ402,C,-113,0,194,107,Good,5,20,weak_coverage
2026-07-01 07:00:00,UE01975,32.902178965893306,-97.00101965992776,XYZ402,A,-106,1,197,81,Good,2,24,weak_coverage
2026-07-01 11:00:00,UE01979,32.96784255728168,-97.00134907226516,XYZ403,A,-110,0,171,29,Fair,6,21,weak_coverage
2026-07-01 13:00:00,UE01981,32.96993398231061,-96.97319910875008,XYZ402,C,-107,0,173,113,Good,2,21,weak_coverage
2026-07-01 14:00:00,UE01982,32.902394121442086,-97.00803811197162,XYZ403,C,-112,-2,126,94,Good,3,12,weak_coverage
2026-07-01 21:00:00,UE01989,32.91311386643631,-96.97053447486398,XYZ401,C,-106,8,292,34,Fair,4,50,weak_coverage
2026-07-01 02:00:00,UE01994,32.94691055858682,-97.02971061319585,XYZ403,A,-113,6,321,101,Coverage_Hole,3,41,weak_coverage
2026-07-01 03:00:00,UE01995,32.968786308452906,-96.98567430446668,XYZ401,B,-107,0,208,46,Fair,4,20,weak_coverage
2026-07-01 06:00:00,UE00030,32.89419713568289,-97.00032962659712,XYZ401,C,-110,-8,49,76,Coverage_Hole,1,5,interference
2026-07-01 07:00:00,UE00031,32.93779854167526,-96.94076296390432,XYZ402,A,-109,-6,43,114,Fair,2,5,interference
2026-07-01 05:00:00,UE00053,32.94973301376032,-96.94326832263565,XYZ403,B,-116,-5,80,78,Fair,6,5,interference
2026-07-01 00:00:00,UE00072,32.94301547638953,-97.03545071741064,XYZ401,B,-116,-5,88,23,Excellent,1,5,interference
2026-07-01 13:00:00,UE00157,32.973129505514414,-96.9924387820818,XYZ402,B,-117,-5,81,121,Excellent,2,5,interference
2026-07-01 11:00:00,UE00179,32.937934115407,-96.9359762780531,XYZ403,A,-125,-6,47,27,Excellent,6,5,interference
2026-07-01 13:00:00,UE00205,32.971633208971305,-96.96025212824983,XYZ402,C,-116,-5,92,63,Coverage_Hole,2,5,interference
2026-07-01 14:00:00,UE00230,32.93618831552693,-97.03659360298636,XYZ403,C,-111,-7,37,48,Excellent,3,5,interference
2026-07-01 02:00:00,UE00338,32.975547174541724,-96.98127879688477,XYZ403,C,-113,-5,93,21,Good,3,5,interference
2026-07-01 02:00:00,UE00362,32.917653358135034,-97.03110506789577,XYZ403,C,-116,-8,45,89,Fair,3,5,interference
2026-07-01 23:00:00,UE00407,32.92830072705989,-96.93567086077856,XYZ403,B,-111,-5,105,29,Good,6,5,interference
2026-07-01 09:00:00,UE00441,32.9664132255862,-97.01580131231523,XYZ401,C,-122,-8,48,86,Coverage_Hole,4,5,interference
2026-07-01 01:00:00,UE00457,32.936560650324154,-96.9392954751465,XYZ402,B,-114,-5,94,115,Fair,2,5,interference
2026-07-01 05:00:00,UE00533,32.918635546014386,-96.93831123380066,XYZ403,A,-116,-5,75,78,Coverage_Hole,6,5,interference
2026-07-01 17:00:00,UE00617,32.94989018014738,-96.93726069938108,XYZ403,A,-122,-6,51,80,Poor,6,5,interference
2026-07-01 13:00:00,UE00661,32.93061233199012,-96.93965687544724,XYZ402,C,-113,-5,78,93,Coverage_Hole,2,5,interference
2026-07-01 17:00:00,UE00713,32.92520208596909,-96.93826461405432,XYZ403,B,-110,-7,41,38,Coverage_Hole,6,5,interference
2026-07-01 18:00:00,UE00786,32.97574131124109,-96.9978558938514,XYZ401,A,-119,-5,103,81,Fair,1,5,interference
2026-07-01 17:00:00,UE00809,32.97307833242315,-96.99270877357112,XYZ403,B,-111,-5,94,97,Poor,6,5,interference
2026-07-01 22:00:00,UE00862,32.92262842873991,-97.03356470915566,XYZ402,C,-125,-5,77,33,Fair,5,5,interference
2026-07-01 07:00:00,UE01063,32.97268805017707,-96.99322771600222,XYZ402,B,-117,-5,77,26,Poor,2,5,interference
2026-07-01 10:00:00,UE01090,32.902977803357324,-97.01943270191587,XYZ402,B,-115,-5,87,25,Coverage_Hole,5,5,interference
2026-07-01 12:00:00,UE01092,32.915878480198764,-96.9468748564644,XYZ401,A,-112,-6,50,88,Fair,1,5,interference
2026-07-01 03:00:00,UE01131,32.967236130934424,-97.01829264800368,XYZ401,A,-117,-6,42,23,Good,4,5,interference
2026-07-01 11:00:00,UE01139,32.933271885439844,-96.9374654907654,XYZ403,B,-115,-8,47,109,Good,6,5,interference
2026-07-01 00:00:00,UE01152,32.95017534580395,-96.93964731426978,XYZ401,A,-111,-6,42,66,Good,1,5,interference
2026-07-01 08:00:00,UE01232,32.96908775064514,-97.00661966129032,XYZ403,B,-112,-7,40,59,Poor,3,5,interference
2026-07-01 10:00:00,UE01282,32.90315623328299,-96.955245279218,XYZ402,A,-119,-5,79,25,Good,5,5,interference
2026-07-01 04:00:00,UE01324,32.939102155949115,-97.0337555734608,XYZ402,B,-113,-5,104,96,Fair,5,5,interference
2026-07-01 06:00:00,UE01326,32.97123480557632,-96.9753587532205,XYZ401,B,-113,-6,38,119,Good,1,5,interference
2026-07-01 16:00:00,UE01384,32.89300531470643,-96.97681832958382,XYZ402,A,-120,-6,53,104,Poor,5,5,interference
2026-07-01 02:00:00,UE01418,32.89932228579661,-96.9950816501091,XYZ403,C,-111,-5,78,76,Good,3,5,interference
2026-07-01 04:00:00,UE01444,32.93516771846946,-97.03544715981798,XYZ402,A,-111,-7,50,108,Poor,5,5,interference
2026-07-01 00:00:00,UE01464,32.97585332571462,-96.9680702491059,XYZ401,B,-114,-5,73,85,Fair,1,5,interference
2026-07-01 23:00:00,UE01511,32.906945195171204,-96.94634833772726,XYZ403,A,-117,-6,37,47,Excellent,6,5,interference
2026-07-01 07:00:00,UE01519,32.92263638766036,-97.03348659995636,XYZ402,B,-121,-5,104,22,Excellent,2,5,interference
2026-07-01 04:00:00,UE01540,32.90210303313195,-97.01865203503056,XYZ402,A,-123,-5,97,43,Excellent,5,5,interference
2026-07-01 06:00:00,UE01566,32.89736012023916,-96.96219056832447,XYZ401,A,-111,-5,78,95,Fair,1,5,interference
2026-07-01 19:00:00,UE01579,32.96282853354874,-97.02413005511936,XYZ402,A,-111,-5,104,74,Excellent,2,5,interference
2026-07-01 04:00:00,UE01588,32.945008273734004,-97.03555406697278,XYZ402,A,-121,-5,102,83,Excellent,5,5,interference
2026-07-01 21:00:00,UE01605,32.97260534759379,-96.96052300803358,XYZ401,B,-111,-6,40,27,Poor,4,5,interference
2026-07-01 13:00:00,UE01621,32.91897047185649,-96.93838159733156,XYZ402,B,-117,-8,36,129,Poor,2,5,interference
2026-07-01 02:00:00,UE01634,32.93500124754828,-96.93498086586358,XYZ403,A,-112,-6,45,18,Poor,3,5,interference
2026-07-01 23:00:00,UE01703,32.93787199118682,-96.93549525459224,XYZ403,B,-114,-7,50,15,Poor,6,5,interference
2026-07-01 16:00:00,UE01744,32.91675323805403,-97.03212005302169,XYZ402,B,-112,-9,51,60,Good,5,5,interference
2026-07-01 02:00:00,UE01874,32.900908740453914,-97.01680261471688,XYZ403,C,-112,-5,78,20,Coverage_Hole,3,5,interference
2026-07-01 10:00:00,UE01882,32.90074949789699,-97.01145916267905,XYZ402,C,-124,-5,72,27,Excellent,5,5,interference
2026-07-01 07:00:00,UE01903,32.92625220414094,-97.03536363149428,XYZ402,B,-115,-7,51,87,Coverage_Hole,2,5,interference
2026-07-01 23:00:00,UE01919,32.96751703169827,-97.01743876327905,XYZ403,C,-123,-7,37,66,Coverage_Hole,6,5,interference
2026-07-01 19:00:00,UE01963,32.97716742591034,-96.978672264675,XYZ402,A,-111,-5,105,66,Fair,2,5,interference
2026-07-01 01:00:00,UE00001,32.95623842771268,-97.0295271575902,XYZ402,A,-119,-4,82,105,Fair,2,5,low_sinr
2026-07-01 04:00:00,UE00004,32.941769275516045,-97.03557701648772,XYZ402,A,-114,-2,118,96,Excellent,5,13,low_sinr
2026-07-01 06:00:00,UE00006,32.96531739517448,-97.00321508928326,XYZ401,B,-106,3,220,102,Fair,1,30,low_sinr
2026-07-01 11:00:00,UE00011,32.93455907254406,-96.93438324478132,XYZ403,B,-124,-2,109,101,Good,6,13,low_sinr
2026-07-01 14:00:00,UE00014,32.917124480946924,-97.02754112223296,XYZ403,B,-117,1,194,126,Poor,3,23,low_sinr
2026-07-01 15:00:00,UE00015,32.959083499043814,-97.01122778498296,XYZ401,C,-110,0,204,127,Poor,4,20,low_sinr
2026-07-01 16:00:00,UE00016,32.91201248099194,-96.956815668029,XYZ402,A,-112,0,176,28,Fair,5,21,low_sinr
2026-07-01 17:00:00,UE00017,32.90297662302907,-97.00268361022574,XYZ403,C,-111,0,161,41,Poor,6,21,low_sinr
2026-07-01 18:00:00,UE00018,32.95841307562227,-97.017129522723,XYZ401,B,-110,-3,149,107,Poor,1,10,low_sinr
2026-07-01 20:00:00,UE00020,32.92104328790031,-97.03247027263218,XYZ403,B,-120,-1,161,16,Fair,3,15,low_sinr
2026-07-01 21:00:00,UE00021,32.90042697754924,-96.9994131245068,XYZ401,A,-114,-4,94,50,Poor,4,5,low_sinr
2026-07-01 22:00:00,UE00022,32.97536121807113,-96.97678012004243,XYZ402,B,-121,4,251,72,Fair,5,36,low_sinr
2026-07-01 03:00:00,UE00027,32.90064718103181,-96.98600937583072,XYZ401,C,-108,4,223,98,Fair,4,37,low_sinr
2026-07-01 04:00:00,UE00028,32.90135767168009,-96.9744277913067,XYZ402,A,-107,2,266,26,Fair,5,29,low_sinr
2026-07-01 06:00:00,UE00030,32.89419713568289,-97.00032962659712,XYZ401,C,-110,-8,49,76,Coverage_Hole,1,5,low_sinr
2026-07-01 07:00:00,UE00031,32.93779854167526,-96.94076296390432,XYZ402,A,-109,-6,43,114,Fair,2,5,low_sinr
2026-07-01 09:00:00,UE00033,32.976438646623414,-96.9932539587968,XYZ401,A,-115,2,267,116,Good,4,28,low_sinr
2026-07-01 10:00:00,UE00034,32.95634201064288,-97.0056974439144,XYZ402,A,-103,2,232,85,Poor,5,29,low_sinr
2026-07-01 12:00:00,UE00036,32.91928870849824,-97.02576189613166,XYZ401,B,-114,-3,112,58,Coverage_Hole,1,10,low_sinr
2026-07-01 13:00:00,UE00037,32.95882213465595,-96.97727621777744,XYZ402,C,-97,4,233,15,Excellent,2,37,low_sinr
2026-07-01 14:00:00,UE00038,32.97523944482476,-96.99791789133324,XYZ403,B,-116,-3,126,74,Excellent,3,11,low_sinr
2026-07-01 15:00:00,UE00039,32.9138190591063,-96.97755315086351,XYZ401,B,-91,4,230,129,Good,4,37,low_sinr
2026-07-01 17:00:00,UE00041,32.89599559307294,-96.97593176051672,XYZ403,A,-121,-2,154,116,Coverage_Hole,6,13,low_sinr
2026-07-01 18:00:00,UE00042,32.93668458360493,-97.0293015565604,XYZ401,B,-117,-1,121,79,Good,1,16,low_sinr
2026-07-01 21:00:00,UE00045,32.95115174361385,-97.01459648368863,XYZ401,C,-104,3,198,125,Fair,4,31,low_sinr
2026-07-01 23:00:00,UE00047,32.90358046142688,-96.99343711803668,XYZ403,A,-104,2,209,61,Excellent,6,29,low_sinr
2026-07-01 02:00:00,UE00050,32.96880249760459,-96.95995141353934,XYZ403,C,-120,0,178,114,Poor,3,21,low_sinr
2026-07-01 04:00:00,UE00052,32.96918008041554,-96.96013577812435,XYZ402,C,-111,0,214,89,Coverage_Hole,5,21,low_sinr
2026-07-01 05:00:00,UE00053,32.94973301376032,-96.94326832263565,XYZ403,B,-116,-5,80,78,Fair,6,5,low_sinr
2026-07-01 06:00:00,UE00054,32.9170118346544,-96.94003607664304,XYZ401,A,-123,1,183,54,Coverage_Hole,1,23,low_sinr
2026-07-01 08:00:00,UE00056,32.92760779559066,-97.03427219091492,XYZ403,C,-114,0,203,92,Coverage_Hole,3,20,low_sinr
2026-07-01 09:00:00,UE00057,32.92140553102848,-97.02146497611788,XYZ401,A,-101,1,188,39,Coverage_Hole,4,22,low_sinr
2026-07-01 10:00:00,UE00058,32.90562613076702,-97.0199102131508,XYZ402,C,-121,1,201,41,Excellent,5,24,low_sinr
2026-07-01 12:00:00,UE00060,32.903208272305385,-96.98194313471625,XYZ401,C,-101,2,233,41,Good,1,29,low_sinr
2026-07-01 16:00:00,UE00064,32.96047985689544,-96.95872246697562,XYZ402,A,-104,1,177,57,Excellent,5,22,low_sinr
2026-07-01 18:00:00,UE00066,32.947765921592946,-96.95047574161477,XYZ401,B,-111,0,174,43,Fair,1,21,low_sinr
2026-07-01 21:00:00,UE00069,32.917195547248205,-96.95136384996744,XYZ401,B,-105,3,244,46,Coverage_Hole,4,31,low_sinr
2026-07-01 22:00:00,UE00070,32.92261047138858,-96.95568239069972,XYZ402,A,-102,3,256,74,Coverage_Hole,5,31,low_sinr
2026-07-01 23:00:00,UE00071,32.93353252799117,-96.95496775864648,XYZ403,A,-96,2,236,112,Poor,6,29,low_sinr
2026-07-01 00:00:00,UE00072,32.94301547638953,-97.03545071741064,XYZ401,B,-116,-5,88,23,Excellent,1,5,low_sinr
2026-07-01 03:00:00,UE00075,32.90220316768201,-96.95839257055344,XYZ401,A,-116,3,266,35,Poor,4,31,low_sinr
2026-07-01 07:00:00,UE00079,32.94050907556405,-96.94955183756336,XYZ402,B,-102,4,291,73,Good,2,37,low_sinr
2026-07-01 08:00:00,UE00080,32.91454923218129,-97.01887451172657,XYZ403,C,-106,-4,103,101,Poor,3,5,low_sinr
2026-07-01 09:00:00,UE00081,32.91884994626997,-96.94336828031634,XYZ401,B,-110,0,160,27,Fair,4,20,low_sinr
2026-07-01 10:00:00,UE00082,32.909350355976144,-96.943471480107,XYZ402,B,-120,1,189,39,Excellent,5,23,low_sinr
2026-07-01 12:00:00,UE00084,32.93284581414722,-96.93899908459116,XYZ401,A,-112,0,187,85,Poor,1,20,low_sinr
2026-07-01 13:00:00,UE00085,32.93988335825977,-96.93813733032292,XYZ402,A,-115,-2,159,68,Fair,2,13,low_sinr
2026-07-01 14:00:00,UE00086,32.901849930158704,-96.99147263778774,XYZ403,B,-108,-2,161,27,Coverage_Hole,3,13,low_sinr
2026-07-01 17:00:00,UE00089,32.897727769873164,-97.00657162419442,XYZ403,A,-113,4,295,73,Coverage_Hole,6,36,low_sinr
2026-07-01 18:00:00,UE00090,32.92214532549816,-97.03003828677149,XYZ401,C,-110,3,194,56,Coverage_Hole,1,30,low_sinr
2026-07-01 19:00:00,UE00091,32.95497349142562,-96.94737287429278,XYZ402,A,-110,1,144,119,Fair,2,23,low_sinr
2026-07-01 21:00:00,UE00093,32.92521125599474,-97.02915619156468,XYZ401,C,-115,0,205,113,Fair,4,21,low_sinr
2026-07-01 22:00:00,UE00094,32.907731256238606,-96.95134671076168,XYZ402,A,-116,1,155,113,Coverage_Hole,5,24,low_sinr
2026-07-01 23:00:00,UE00095,32.941650090821874,-96.94278136188522,XYZ403,A,-110,0,163,35,Fair,6,20,low_sinr
2026-07-01 01:00:00,UE00097,32.9417769538179,-97.0328103296308,XYZ402,B,-113,0,189,17,Excellent,2,20,low_sinr
2026-07-01 07:00:00,UE00103,32.964204589795656,-96.976103013255,XYZ402,A,-106,1,186,129,Poor,2,23,low_sinr
2026-07-01 08:00:00,UE00104,32.96102683833766,-97.01742640417004,XYZ403,A,-114,0,145,73,Fair,3,21,low_sinr
2026-07-01 09:00:00,UE00105,32.9672690294104,-96.96647788906957,XYZ401,B,-106,1,197,34,Excellent,4,23,low_sinr
2026-07-01 10:00:00,UE00106,32.90851630564206,-97.00471838257876,XYZ402,C,-107,2,233,123,Excellent,5,28,low_sinr
2026-07-01 16:00:00,UE00112,32.970080575813526,-96.99319080944952,XYZ402,A,-109,0,206,69,Good,5,21,low_sinr
2026-07-01 19:00:00,UE00115,32.94627009560007,-97.02840541672042,XYZ402,A,-107,0,183,90,Fair,2,21,low_sinr
2026-07-01 20:00:00,UE00116,32.909330872153994,-96.97497144369412,XYZ403,B,-105,2,186,80,Coverage_Hole,3,29,low_sinr
2026-07-01 21:00:00,UE00117,32.894928579503166,-96.99095900086976,XYZ401,C,-116,-1,128,57,Good,4,15,low_sinr
2026-07-01 22:00:00,UE00118,32.898586735064164,-96.99103076393745,XYZ402,C,-112,4,223,29,Fair,5,36,low_sinr
2026-07-01 00:00:00,UE00120,32.95410385345402,-97.0310826806651,XYZ401,B,-121,-2,151,21,Good,1,12,low_sinr
2026-07-01 03:00:00,UE00123,32.89508673523606,-96.97701507509504,XYZ401,B,-120,0,160,87,Excellent,4,21,low_sinr
2026-07-01 04:00:00,UE00124,32.963318887410026,-96.9462748749188,XYZ402,B,-120,2,244,33,Coverage_Hole,5,29,low_sinr
2026-07-01 06:00:00,UE00126,32.93934534602561,-96.94278876732749,XYZ401,B,-116,0,171,101,Poor,1,21,low_sinr
2026-07-01 09:00:00,UE00129,32.970699073266026,-96.97537811035268,XYZ401,A,-115,-1,112,89,Good,4,15,low_sinr
2026-07-01 11:00:00,UE00131,32.92201950433491,-96.94184754394742,XYZ403,B,-114,-2,145,24,Coverage_Hole,6,13,low_sinr
2026-07-01 12:00:00,UE00132,32.970742412980435,-97.00763917302478,XYZ401,A,-105,-2,117,27,Poor,1,12,low_sinr
2026-07-01 16:00:00,UE00136,32.91935549244782,-97.01235397142788,XYZ402,B,-101,0,156,69,Coverage_Hole,5,21,low_sinr
2026-07-01 19:00:00,UE00139,32.96503770059719,-97.0139930639753,XYZ402,C,-108,-3,121,48,Excellent,2,10,low_sinr
2026-07-01 20:00:00,UE00140,32.96615967661684,-96.96869568908998,XYZ403,A,-114,2,226,101,Fair,3,28,low_sinr
2026-07-01 00:00:00,UE00144,32.92072778692007,-96.96753491659749,XYZ401,C,-103,4,317,60,Excellent,1,36,low_sinr
2026-07-01 05:00:00,UE00149,32.97203520135046,-96.97525748645444,XYZ403,C,-116,2,213,84,Coverage_Hole,6,28,low_sinr
2026-07-01 06:00:00,UE00150,32.94165747409522,-97.02599798353944,XYZ401,B,-111,0,144,60,Coverage_Hole,1,20,low_sinr
2026-07-01 13:00:00,UE00157,32.973129505514414,-96.9924387820818,XYZ402,B,-117,-5,81,121,Excellent,2,5,low_sinr
2026-07-01 14:00:00,UE00158,32.96773999754969,-96.96168440422667,XYZ403,B,-109,-2,114,40,Good,3,12,low_sinr
2026-07-01 15:00:00,UE00159,32.961418444804494,-96.94469640866684,XYZ401,A,-120,0,166,75,Coverage_Hole,4,21,low_sinr
2026-07-01 18:00:00,UE00162,32.94677062943249,-97.03448970769976,XYZ401,C,-125,-2,137,118,Excellent,1,12,low_sinr
2026-07-01 22:00:00,UE00166,32.94853381845677,-97.0311307118266,XYZ402,B,-113,-1,161,18,Fair,5,15,low_sinr
2026-07-01 23:00:00,UE00167,32.965087691169735,-96.96151091611866,XYZ403,C,-113,-2,126,74,Poor,6,12,low_sinr
2026-07-01 00:00:00,UE00168,32.91657099386295,-96.95784448664004,XYZ401,B,-99,4,234,47,Excellent,1,37,low_sinr
2026-07-01 04:00:00,UE00172,32.9153078862074,-96.96298905347952,XYZ402,A,-105,2,217,39,Excellent,5,29,low_sinr
2026-07-01 08:00:00,UE00176,32.93266531596996,-97.02129385416876,XYZ403,A,-108,4,222,101,Poor,3,36,low_sinr
2026-07-01 09:00:00,UE00177,32.95427659951076,-96.95835309459638,XYZ401,C,-109,3,265,18,Poor,4,32,low_sinr
2026-07-01 11:00:00,UE00179,32.937934115407,-96.9359762780531,XYZ403,A,-125,-6,47,27,Excellent,6,5,low_sinr
2026-07-01 13:00:00,UE00181,32.89867315757788,-97.00720235828229,XYZ402,A,-115,-3,116,123,Coverage_Hole,2,9,low_sinr
2026-07-01 14:00:00,UE00182,32.970362606625294,-96.99770798196508,XYZ403,B,-109,2,244,32,Excellent,3,30,low_sinr
2026-07-01 15:00:00,UE00183,32.915061011076475,-96.9595524239304,XYZ401,A,-105,2,186,53,Excellent,4,28,low_sinr
2026-07-01 18:00:00,UE00186,32.92177075737503,-97.01526742440612,XYZ401,C,-108,2,220,42,Fair,1,28,low_sinr
2026-07-01 23:00:00,UE00191,32.89240816584347,-96.97809633494089,XYZ403,A,-122,-2,153,65,Poor,6,13,low_sinr
2026-07-01 00:00:00,UE00192,32.91262050266347,-96.9999873831748,XYZ401,C,-102,3,224,96,Coverage_Hole,1,31,low_sinr
2026-07-01 03:00:00,UE00195,32.90801770394189,-96.94739749735164,XYZ401,C,-114,-1,131,123,Excellent,4,15,low_sinr
2026-07-01 06:00:00,UE00198,32.973695666872445,-96.98794116682132,XYZ401,A,-114,-1,111,74,Good,1,15,low_sinr
2026-07-01 08:00:00,UE00200,32.89297221577804,-96.99235948211364,XYZ403,B,-118,-3,150,104,Poor,3,10,low_sinr
2026-07-01 09:00:00,UE00201,32.90215890245775,-96.95722887419409,XYZ401,A,-118,-2,109,119,Coverage_Hole,4,13,low_sinr
2026-07-01 11:00:00,UE00203,32.95120609969099,-97.02450606085606,XYZ403,C,-110,4,231,45,Good,6,36,low_sinr
2026-07-01 12:00:00,UE00204,32.930051357079186,-96.9415950644969,XYZ401,B,-115,0,200,95,Coverage_Hole,1,21,low_sinr
2026-07-01 13:00:00,UE00205,32.971633208971305,-96.96025212824983,XYZ402,C,-116,-5,92,63,Coverage_Hole,2,5,low_sinr
2026-07-01 15:00:00,UE00207,32.9685954163235,-96.999886715015,XYZ401,A,-111,-3,161,113,Fair,4,10,low_sinr
2026-07-01 17:00:00,UE00209,32.93601730122211,-97.03141277410444,XYZ403,A,-114,-1,114,42,Poor,6,14,low_sinr
2026-07-01 23:00:00,UE00215,32.9729742288776,-96.96195337723334,XYZ403,C,-122,-4,77,59,Poor,6,5,low_sinr
2026-07-01 00:00:00,UE00216,32.94784074693356,-97.02383276303456,XYZ401,A,-110,3,228,128,Fair,1,31,low_sinr
2026-07-01 04:00:00,UE00220,32.97595537087193,-96.99767547427622,XYZ402,C,-115,-2,116,108,Excellent,5,12,low_sinr
2026-07-01 07:00:00,UE00223,32.91514731628109,-97.01223343003888,XYZ402,A,-106,2,235,105,Excellent,2,29,low_sinr
2026-07-01 09:00:00,UE00225,32.9057315936399,-96.96809683245274,XYZ401,A,-104,1,174,35,Good,4,24,low_sinr
2026-07-01 10:00:00,UE00226,32.89563736449981,-96.99868233657132,XYZ402,B,-118,-3,140,29,Fair,5,10,low_sinr
2026-07-01 11:00:00,UE00227,32.91540962698978,-96.94401725194784,XYZ403,A,-110,1,154,37,Excellent,6,23,low_sinr
2026-07-01 14:00:00,UE00230,32.93618831552693,-97.03659360298636,XYZ403,C,-111,-7,37,48,Excellent,3,5,low_sinr
2026-07-01 16:00:00,UE00232,32.96310454569624,-96.95298461625302,XYZ402,A,-114,0,154,17,Coverage_Hole,5,21,low_sinr
2026-07-01 17:00:00,UE00233,32.892735986463755,-96.98401685014058,XYZ403,C,-121,-3,147,49,Good,6,9,low_sinr
2026-07-01 19:00:00,UE00235,32.94121935717064,-96.93518379627685,XYZ402,C,-116,-1,141,71,Fair,2,15,low_sinr
2026-07-01 20:00:00,UE00236,32.974878855519265,-96.9906222235994,XYZ403,A,-120,0,157,41,Excellent,3,21,low_sinr
2026-07-01 22:00:00,UE00238,32.931047377376565,-97.03084924537688,XYZ402,B,-112,-1,140,77,Coverage_Hole,5,14,low_sinr
2026-07-01 23:00:00,UE00239,32.96930428076449,-96.95429630314284,XYZ403,A,-115,-2,118,90,Good,6,12,low_sinr
2026-07-01 00:00:00,UE00240,32.93152577225465,-96.94944151520149,XYZ401,C,-102,0,187,116,Poor,1,20,low_sinr
2026-07-01 03:00:00,UE00243,32.96477177466098,-96.99931895251724,XYZ401,B,-104,0,197,128,Fair,4,20,low_sinr
2026-07-01 04:00:00,UE00244,32.97043449994929,-96.9605082938956,XYZ402,A,-114,0,180,57,Poor,5,20,low_sinr
2026-07-01 06:00:00,UE00246,32.90420424581783,-96.95760058319644,XYZ401,A,-120,0,164,20,Coverage_Hole,1,20,low_sinr
2026-07-01 07:00:00,UE00247,32.943298233140176,-97.026331469251,XYZ402,B,-102,0,194,112,Good,2,21,low_sinr
2026-07-01 10:00:00,UE00250,32.9152386642031,-96.95552386798089,XYZ402,A,-103,2,207,50,Excellent,5,28,low_sinr
2026-07-01 11:00:00,UE00251,32.955208750260326,-97.00185602303198,XYZ403,C,-99,1,207,44,Coverage_Hole,6,22,low_sinr
2026-07-01 12:00:00,UE00252,32.930145441406474,-97.01790136357435,XYZ401,B,-104,-1,147,108,Excellent,1,15,low_sinr
2026-07-01 15:00:00,UE00255,32.898761162151686,-96.98403481680236,XYZ401,A,-111,3,226,81,Coverage_Hole,4,30,low_sinr
2026-07-01 16:00:00,UE00256,32.905722606938006,-97.01459381784764,XYZ402,A,-111,2,259,68,Coverage_Hole,5,29,low_sinr
2026-07-01 17:00:00,UE00257,32.956841394644265,-97.02430866388282,XYZ403,A,-122,-1,132,59,Coverage_Hole,6,14,low_sinr
2026-07-01 20:00:00,UE00260,32.91709688659533,-97.00854166235848,XYZ403,B,-102,4,275,95,Fair,3,37,low_sinr
2026-07-01 22:00:00,UE00262,32.93020827623268,-96.94173405597888,XYZ402,B,-114,-2,119,58,Poor,5,13,low_sinr
2026-07-01 01:00:00,UE00265,32.936727670692406,-96.93666988006724,XYZ402,C,-117,-1,125,118,Fair,2,15,low_sinr
2026-07-01 02:00:00,UE00266,32.92453677532718,-97.03019638549716,XYZ403,A,-111,2,221,27,Coverage_Hole,3,29,low_sinr
2026-07-01 03:00:00,UE00267,32.89982592795717,-97.00372731477192,XYZ401,C,-109,-4,72,93,Coverage_Hole,4,5,low_sinr
2026-07-01 04:00:00,UE00268,32.913721932141776,-96.9643512538318,XYZ402,C,-102,4,289,101,Good,5,36,low_sinr
2026-07-01 12:00:00,UE00276,32.90878439420025,-96.94998900361767,XYZ401,B,-119,-3,117,102,Fair,1,9,low_sinr
2026-07-01 13:00:00,UE00277,32.94586055986081,-97.02188509479996,XYZ402,A,-107,0,154,79,Coverage_Hole,2,20,low_sinr
2026-07-01 15:00:00,UE00279,32.976991655120194,-96.98021552002166,XYZ401,A,-125,3,230,113,Poor,4,31,low_sinr
2026-07-01 19:00:00,UE00283,32.94576520849554,-97.03181892622707,XYZ402,B,-109,0,176,86,Good,2,21,low_sinr
2026-07-01 20:00:00,UE00284,32.90248806937191,-97.00979538202786,XYZ403,B,-110,4,271,107,Coverage_Hole,3,36,low_sinr
2026-07-01 22:00:00,UE00286,32.93594674896727,-97.0314080515638,XYZ402,C,-116,-3,149,76,Good,5,10,low_sinr
2026-07-01 00:00:00,UE00288,32.94001133187993,-97.02225673180652,XYZ401,C,-109,0,213,42,Poor,1,21,low_sinr
2026-07-01 01:00:00,UE00289,32.97289065647006,-97.00075112110288,XYZ402,A,-113,0,164,119,Fair,2,21,low_sinr
2026-07-01 02:00:00,UE00290,32.96900793632025,-96.95987380067072,XYZ403,A,-114,0,211,125,Coverage_Hole,3,20,low_sinr
2026-07-01 03:00:00,UE00291,32.90597860843062,-96.98553206184332,XYZ401,C,-105,0,198,81,Good,4,20,low_sinr
2026-07-01 04:00:00,UE00292,32.944034302186566,-97.03431189348711,XYZ402,C,-112,-2,146,18,Excellent,5,13,low_sinr
2026-07-01 05:00:00,UE00293,32.96958803361387,-97.00143514323511,XYZ403,B,-108,1,156,124,Coverage_Hole,6,22,low_sinr
2026-07-01 06:00:00,UE00294,32.909428291469574,-96.95999882721664,XYZ401,C,-110,2,181,100,Good,1,29,low_sinr
2026-07-01 07:00:00,UE00295,32.9654997176718,-96.99887557900776,XYZ402,A,-108,2,188,87,Poor,2,28,low_sinr
2026-07-01 08:00:00,UE00296,32.957372758255886,-97.01598159441134,XYZ403,B,-107,1,197,108,Good,3,22,low_sinr
2026-07-01 10:00:00,UE00298,32.95614221793278,-96.9464946547578,XYZ402,C,-113,-2,153,124,Coverage_Hole,5,13,low_sinr
2026-07-01 13:00:00,UE00301,32.908557882689486,-96.9632376413281,XYZ402,C,-106,4,256,46,Good,2,36,low_sinr
2026-07-01 14:00:00,UE00302,32.92943662454425,-96.94780278167008,XYZ403,A,-110,0,146,104,Fair,3,20,low_sinr
2026-07-01 16:00:00,UE00304,32.904205524612046,-96.95788222931688,XYZ402,A,-109,0,144,37,Good,5,20,low_sinr
2026-07-01 21:00:00,UE00309,32.89841135738014,-96.96107807409038,XYZ401,A,-124,1,185,18,Fair,4,24,low_sinr
2026-07-01 22:00:00,UE00310,32.93533535225856,-97.02417619607093,XYZ402,C,-107,0,150,95,Good,5,21,low_sinr
2026-07-01 00:00:00,UE00312,32.94625937192951,-97.02202879811632,XYZ401,B,-110,4,244,83,Fair,1,37,low_sinr
2026-07-01 01:00:00,UE00313,32.94766903724373,-96.94465075408894,XYZ402,B,-116,3,260,84,Poor,2,30,low_sinr
2026-07-01 03:00:00,UE00315,32.91416163446532,-97.0240821500958,XYZ401,B,-109,0,177,80,Coverage_Hole,4,21,low_sinr
2026-07-01 05:00:00,UE00317,32.96733182427472,-96.95618111567715,XYZ403,A,-111,0,192,30,Poor,6,21,low_sinr
2026-07-01 08:00:00,UE00320,32.89807535580203,-96.9831524664674,XYZ403,A,-107,2,252,117,Coverage_Hole,3,29,low_sinr
2026-07-01 09:00:00,UE00321,32.91680631315738,-96.9514259373966,XYZ401,C,-109,4,293,94,Excellent,4,37,low_sinr
2026-07-01 10:00:00,UE00322,32.90510503715675,-97.01643897934972,XYZ402,C,-120,0,149,92,Coverage_Hole,5,20,low_sinr
2026-07-01 11:00:00,UE00323,32.962746000249254,-96.9511886186424,XYZ403,A,-113,-1,132,41,Coverage_Hole,6,14,low_sinr
2026-07-01 12:00:00,UE00324,32.912259222147945,-96.95092965287168,XYZ401,C,-107,1,184,39,Coverage_Hole,1,22,low_sinr
2026-07-01 13:00:00,UE00325,32.93668798637396,-96.9529632402428,XYZ402,C,-104,4,235,43,Poor,2,37,low_sinr
2026-07-01 14:00:00,UE00326,32.94773273298106,-97.02173894765262,XYZ403,C,-113,0,192,47,Coverage_Hole,3,21,low_sinr
2026-07-01 16:00:00,UE00328,32.93928474867496,-96.9392462456798,XYZ402,A,-112,-4,82,34,Poor,5,5,low_sinr
2026-07-01 17:00:00,UE00329,32.96238523474226,-96.97068721024232,XYZ403,B,-105,4,272,116,Fair,6,36,low_sinr
2026-07-01 19:00:00,UE00331,32.93611144783586,-97.01777344389724,XYZ402,C,-112,2,202,125,Coverage_Hole,2,28,low_sinr
2026-07-01 20:00:00,UE00332,32.90972826112371,-96.98632621340738,XYZ403,A,-99,4,264,93,Poor,3,36,low_sinr
2026-07-01 21:00:00,UE00333,32.90871311654049,-96.9761715049701,XYZ401,A,-96,4,237,64,Poor,4,37,low_sinr
2026-07-01 23:00:00,UE00335,32.963111169874146,-96.96700885795276,XYZ403,A,-103,4,248,31,Good,6,37,low_sinr
2026-07-01 00:00:00,UE00336,32.905235863991095,-96.98575759454545,XYZ401,A,-107,1,209,85,Good,1,22,low_sinr
2026-07-01 02:00:00,UE00338,32.975547174541724,-96.98127879688477,XYZ403,C,-113,-5,93,21,Good,3,5,low_sinr
2026-07-01 08:00:00,UE00344,32.976909871675105,-96.99022444332536,XYZ403,C,-114,0,155,83,Coverage_Hole,3,20,low_sinr
2026-07-01 12:00:00,UE00348,32.948279535862106,-97.02976030685817,XYZ401,B,-117,0,183,36,Poor,1,21,low_sinr
2026-07-01 13:00:00,UE00349,32.97828115510204,-96.98160943802552,XYZ402,C,-115,1,153,129,Coverage_Hole,2,23,low_sinr
2026-07-01 14:00:00,UE00350,32.90524215086449,-97.00345695612852,XYZ403,B,-109,0,185,62,Coverage_Hole,3,20,low_sinr
2026-07-01 18:00:00,UE00354,32.96720516432891,-97.0085104377286,XYZ401,A,-117,1,158,59,Excellent,1,23,low_sinr
2026-07-01 20:00:00,UE00356,32.970475078791,-97.00418612439093,XYZ403,B,-114,2,239,123,Excellent,3,28,low_sinr
2026-07-01 21:00:00,UE00357,32.97388249378867,-96.97041327329865,XYZ401,A,-114,-2,119,26,Poor,4,13,low_sinr
2026-07-01 02:00:00,UE00362,32.917653358135034,-97.03110506789577,XYZ403,C,-116,-8,45,89,Fair,3,5,low_sinr
2026-07-01 03:00:00,UE00363,32.914871262390115,-96.94072079119518,XYZ401,A,-112,0,212,123,Poor,4,20,low_sinr
2026-07-01 04:00:00,UE00364,32.91285388006917,-97.01648506110716,XYZ402,A,-106,0,159,89,Poor,5,20,low_sinr
2026-07-01 05:00:00,UE00365,32.92328173821247,-96.9483981492384,XYZ403,B,-102,2,263,77,Excellent,6,28,low_sinr
2026-07-01 09:00:00,UE00369,32.958234253046925,-96.9528969502373,XYZ401,C,-110,3,208,119,Good,4,31,low_sinr
2026-07-01 12:00:00,UE00372,32.92051893487438,-97.02624128365062,XYZ401,B,-111,1,192,82,Good,1,22,low_sinr
2026-07-01 13:00:00,UE00373,32.92903851334213,-96.94701445413902,XYZ402,B,-106,3,257,23,Fair,2,31,low_sinr
2026-07-01 15:00:00,UE00375,32.95210897606371,-97.0172556912382,XYZ401,B,-102,0,166,70,Fair,4,20,low_sinr
2026-07-01 16:00:00,UE00376,32.959661052343776,-96.98135333143274,XYZ402,A,-101,3,192,114,Excellent,5,31,low_sinr
2026-07-01 17:00:00,UE00377,32.96507876388636,-97.01550547544709,XYZ403,C,-116,-3,128,110,Good,6,10,low_sinr
2026-07-01 20:00:00,UE00380,32.94731039727283,-96.94685379231582,XYZ403,B,-104,3,210,117,Good,3,32,low_sinr
2026-07-01 21:00:00,UE00381,32.9008564208653,-96.99898431145412,XYZ401,A,-112,-3,143,46,Poor,4,9,low_sinr
2026-07-01 23:00:00,UE00383,32.95732834290331,-96.96902401272352,XYZ403,A,-101,2,228,76,Excellent,6,29,low_sinr
2026-07-01 02:00:00,UE00386,32.93236983092337,-96.94224361897383,XYZ403,A,-106,2,262,70,Excellent,3,29,low_sinr
2026-07-01 03:00:00,UE00387,32.90888278891191,-96.94906445267462,XYZ401,B,-109,1,204,94,Poor,4,22,low_sinr
2026-07-01 04:00:00,UE00388,32.9010857905997,-96.98016751673516,XYZ402,C,-114,4,280,81,Good,5,37,low_sinr
2026-07-01 05:00:00,UE00389,32.89688459653941,-96.96279226195423,XYZ403,B,-113,-2,146,35,Good,6,12,low_sinr
2026-07-01 06:00:00,UE00390,32.93710090103593,-96.93404892770678,XYZ401,C,-113,-1,116,26,Fair,1,15,low_sinr
2026-07-01 08:00:00,UE00392,32.95708034989599,-97.02254894303896,XYZ403,C,-114,-3,146,107,Coverage_Hole,3,11,low_sinr
2026-07-01 09:00:00,UE00393,32.95448887718814,-97.0235453685804,XYZ401,B,-110,0,166,122,Good,4,20,low_sinr
2026-07-01 11:00:00,UE00395,32.90320850761146,-97.00984629895058,XYZ403,B,-110,-2,140,25,Poor,6,12,low_sinr
2026-07-01 12:00:00,UE00396,32.938408465578775,-97.01117950248222,XYZ401,C,-97,2,247,34,Good,1,28,low_sinr
2026-07-01 13:00:00,UE00397,32.97137685065971,-96.97503291639404,XYZ402,C,-120,0,144,24,Coverage_Hole,2,20,low_sinr
2026-07-01 15:00:00,UE00399,32.94276903196321,-97.01935404523437,XYZ401,A,-111,0,195,16,Coverage_Hole,4,21,low_sinr
2026-07-01 17:00:00,UE00401,32.90254419833423,-96.98926127588788,XYZ403,C,-107,-2,144,68,Coverage_Hole,6,12,low_sinr
2026-07-01 21:00:00,UE00405,32.93457289189509,-96.95044451686204,XYZ401,C,-100,4,318,67,Coverage_Hole,4,37,low_sinr
2026-07-01 23:00:00,UE00407,32.92830072705989,-96.93567086077856,XYZ403,B,-111,-5,105,29,Good,6,5,low_sinr
2026-07-01 01:00:00,UE00409,32.91680100666311,-97.01657024740489,XYZ402,B,-104,-1,115,94,Good,2,15,low_sinr
2026-07-01 04:00:00,UE00412,32.89608838923039,-96.97231449297762,XYZ402,C,-124,-2,145,99,Poor,5,12,low_sinr
2026-07-01 07:00:00,UE00415,32.93416639555137,-96.95045715918478,XYZ402,A,-99,2,191,44,Coverage_Hole,2,28,low_sinr
2026-07-01 09:00:00,UE00417,32.91199535127835,-96.96225944862904,XYZ401,B,-101,0,213,68,Coverage_Hole,4,20,low_sinr
2026-07-01 10:00:00,UE00418,32.92831276724131,-96.9465771778465,XYZ402,A,-111,-1,110,123,Good,5,14,low_sinr
2026-07-01 12:00:00,UE00420,32.945070374015415,-97.03404910790498,XYZ401,A,-116,-3,148,85,Poor,1,10,low_sinr
2026-07-01 13:00:00,UE00421,32.9610221806572,-97.02600047308952,XYZ402,B,-107,-2,137,71,Fair,2,13,low_sinr
2026-07-01 16:00:00,UE00424,32.95720672515936,-96.96786224403176,XYZ402,B,-111,4,242,19,Poor,5,36,low_sinr
2026-07-01 18:00:00,UE00426,32.92480534232542,-97.0341596622982,XYZ401,B,-110,-2,142,55,Coverage_Hole,1,12,low_sinr
2026-07-01 19:00:00,UE00427,32.94411457259611,-96.941984085675,XYZ402,A,-112,4,230,90,Coverage_Hole,2,37,low_sinr
2026-07-01 20:00:00,UE00428,32.95763696655628,-96.95805531338785,XYZ403,A,-111,1,173,97,Poor,3,24,low_sinr
2026-07-01 21:00:00,UE00429,32.8996719256728,-96.96146338370109,XYZ401,A,-122,-2,127,82,Excellent,4,12,low_sinr
2026-07-01 23:00:00,UE00431,32.972994370945386,-96.96969388142374,XYZ403,A,-114,-3,132,49,Fair,6,10,low_sinr
2026-07-01 00:00:00,UE00432,32.95198554348665,-96.94608212494596,XYZ401,B,-104,1,145,55,Good,1,23,low_sinr
2026-07-01 04:00:00,UE00436,32.917387767874594,-97.00532995141526,XYZ402,B,-101,3,192,67,Fair,5,30,low_sinr
2026-07-01 05:00:00,UE00437,32.92917911741443,-96.94131301617628,XYZ403,A,-117,4,244,116,Excellent,6,36,low_sinr
2026-07-01 06:00:00,UE00438,32.97428751864806,-96.99277795386662,XYZ401,A,-112,2,191,57,Good,1,28,low_sinr
2026-07-01 07:00:00,UE00439,32.92317762801693,-97.03012477980172,XYZ402,B,-117,0,177,90,Excellent,2,21,low_sinr
2026-07-01 08:00:00,UE00440,32.912376921573674,-97.02883466878568,XYZ403,B,-115,0,166,29,Fair,3,20,low_sinr
2026-07-01 09:00:00,UE00441,32.9664132255862,-97.01580131231523,XYZ401,C,-122,-8,48,86,Coverage_Hole,4,5,low_sinr
2026-07-01 12:00:00,UE00444,32.92650392171,-97.03153317439089,XYZ401,A,-111,0,164,87,Good,1,20,low_sinr
2026-07-01 13:00:00,UE00445,32.91781166518519,-96.95429795991768,XYZ402,C,-102,0,199,16,Poor,2,21,low_sinr
2026-07-01 14:00:00,UE00446,32.926009168723425,-96.93864350198868,XYZ403,B,-120,2,183,69,Good,3,28,low_sinr
2026-07-01 15:00:00,UE00447,32.965143353657496,-96.98189119475552,XYZ401,A,-108,2,202,112,Good,4,28,low_sinr
2026-07-01 17:00:00,UE00449,32.96779264178581,-96.9555229722287,XYZ403,A,-113,0,213,15,Poor,6,21,low_sinr
2026-07-01 19:00:00,UE00451,32.920348966505166,-97.0240720323386,XYZ402,C,-116,3,221,87,Good,2,32,low_sinr
2026-07-01 20:00:00,UE00452,32.91847655366286,-97.02350529047813,XYZ403,A,-115,3,189,21,Coverage_Hole,3,30,low_sinr
2026-07-01 21:00:00,UE00453,32.969981997098415,-97.00285541733666,XYZ401,A,-111,1,148,128,Good,4,23,low_sinr
2026-07-01 01:00:00,UE00457,32.936560650324154,-96.9392954751465,XYZ402,B,-114,-5,94,115,Fair,2,5,low_sinr
2026-07-01 02:00:00,UE00458,32.89219497481797,-96.97696361951228,XYZ403,C,-119,0,186,117,Poor,3,20,low_sinr
2026-07-01 03:00:00,UE00459,32.93848585160732,-96.93695917192692,XYZ401,C,-112,-3,135,34,Fair,4,10,low_sinr
2026-07-01 06:00:00,UE00462,32.913305480896135,-96.95339482693254,XYZ401,B,-109,2,230,41,Excellent,1,29,low_sinr
2026-07-01 08:00:00,UE00464,32.90261455468187,-96.97180569850646,XYZ403,C,-112,4,259,116,Excellent,3,37,low_sinr
2026-07-01 09:00:00,UE00465,32.901789131118925,-96.96651362715512,XYZ401,A,-109,0,173,59,Poor,4,21,low_sinr
2026-07-01 10:00:00,UE00466,32.948584235551735,-97.03431726565093,XYZ402,B,-116,0,158,63,Good,5,21,low_sinr
2026-07-01 12:00:00,UE00468,32.903309779479045,-96.95786611417562,XYZ401,C,-114,1,178,90,Coverage_Hole,1,22,low_sinr
2026-07-01 14:00:00,UE00470,32.9506775866,-97.02314732746316,XYZ403,B,-110,0,179,46,Excellent,3,21,low_sinr
2026-07-01 15:00:00,UE00471,32.89671566892685,-96.99586838066696,XYZ401,A,-115,0,150,112,Fair,4,20,low_sinr
2026-07-01 16:00:00,UE00472,32.9664643541601,-97.00156820786526,XYZ402,B,-106,0,181,90,Poor,5,20,low_sinr
2026-07-01 19:00:00,UE00475,32.89371427567811,-96.99643119932908,XYZ402,C,-112,-3,133,118,Coverage_Hole,2,10,low_sinr
2026-07-01 20:00:00,UE00476,32.96724874150826,-97.00700645511064,XYZ403,A,-111,3,230,25,Excellent,3,31,low_sinr
2026-07-01 23:00:00,UE00479,32.945687065927785,-96.95373855946384,XYZ403,A,-108,2,201,77,Good,6,28,low_sinr
2026-07-01 00:00:00,UE00480,32.89348847091164,-96.9831925283163,XYZ401,C,-118,-2,136,121,Excellent,1,12,low_sinr
2026-07-01 01:00:00,UE00481,32.89654462059816,-96.98800804211248,XYZ402,B,-116,-1,128,98,Good,2,15,low_sinr
2026-07-01 03:00:00,UE00483,32.897946535851915,-97.00941427241128,XYZ401,B,-119,-2,118,57,Coverage_Hole,4,13,low_sinr
2026-07-01 07:00:00,UE00487,32.93650755384097,-96.9421277058432,XYZ402,C,-110,-4,72,54,Poor,2,5,low_sinr
2026-07-01 11:00:00,UE00491,32.959272293091566,-97.00535373166144,XYZ403,A,-102,4,288,88,Poor,6,36,low_sinr
2026-07-01 12:00:00,UE00492,32.954852594490795,-97.01792735583176,XYZ401,A,-103,3,185,31,Good,1,31,low_sinr
2026-07-01 13:00:00,UE00493,32.93422447823547,-97.01369843959606,XYZ402,C,-95,4,256,121,Coverage_Hole,2,36,low_sinr
2026-07-01 15:00:00,UE00495,32.922174567417386,-96.94951986817756,XYZ401,B,-106,1,169,87,Excellent,4,23,low_sinr
2026-07-01 17:00:00,UE00497,32.911538154876084,-97.0171322580877,XYZ403,C,-108,2,217,117,Good,6,28,low_sinr
2026-07-01 18:00:00,UE00498,32.90754187342184,-96.97398572418427,XYZ401,A,-108,3,261,128,Excellent,1,30,low_sinr
2026-07-01 19:00:00,UE00499,32.91465959519037,-97.02568003235248,XYZ402,A,-112,-1,119,45,Poor,2,14,low_sinr
2026-07-01 20:00:00,UE00500,32.9130053889732,-97.01930608154036,XYZ403,B,-109,2,269,22,Excellent,3,28,low_sinr
2026-07-01 21:00:00,UE00501,32.9274918603294,-96.9344307196076,XYZ401,B,-125,-2,154,34,Coverage_Hole,4,13,low_sinr
2026-07-01 23:00:00,UE00503,32.9627303543028,-96.97255834345962,XYZ403,B,-107,0,212,104,Poor,6,21,low_sinr
2026-07-01 01:00:00,UE00505,32.903798578653706,-97.0212141480728,XYZ402,B,-124,-4,73,70,Fair,2,5,low_sinr
2026-07-01 03:00:00,UE00507,32.9142300943499,-97.0231757611554,XYZ401,B,-111,3,244,90,Good,4,30,low_sinr
2026-07-01 04:00:00,UE00508,32.91339250509313,-96.96786748571172,XYZ402,C,-102,1,155,124,Poor,5,22,low_sinr
2026-07-01 05:00:00,UE00509,32.9575034084404,-97.00697715579663,XYZ403,B,-108,4,319,38,Poor,6,36,low_sinr
2026-07-01 06:00:00,UE00510,32.96792411635489,-97.008329608704,XYZ401,C,-111,2,250,45,Good,1,29,low_sinr
2026-07-01 08:00:00,UE00512,32.939430894360775,-96.93749297911448,XYZ403,C,-116,-3,157,117,Excellent,3,11,low_sinr
2026-07-01 09:00:00,UE00513,32.91824558653366,-96.9520390962363,XYZ401,C,-106,3,240,111,Good,4,31,low_sinr
2026-07-01 12:00:00,UE00516,32.96521327717976,-97.00720420690892,XYZ401,B,-110,4,252,91,Fair,1,37,low_sinr
2026-07-01 13:00:00,UE00517,32.93478396538326,-97.03308505014472,XYZ402,A,-117,-2,157,101,Excellent,2,13,low_sinr
2026-07-01 16:00:00,UE00520,32.89759188789273,-96.99948965065823,XYZ402,B,-114,-2,121,29,Fair,5,12,low_sinr
2026-07-01 18:00:00,UE00522,32.90048715073971,-97.00141587278384,XYZ401,C,-107,0,201,26,Excellent,1,21,low_sinr
2026-07-01 21:00:00,UE00525,32.91535478763602,-97.02312700670456,XYZ401,A,-107,-1,138,36,Excellent,4,15,low_sinr
2026-07-01 23:00:00,UE00527,32.96639640262733,-97.01656801444224,XYZ403,B,-110,0,183,121,Poor,6,21,low_sinr
2026-07-01 00:00:00,UE00528,32.95106196346364,-96.94598984854343,XYZ401,A,-112,3,248,117,Coverage_Hole,1,32,low_sinr
2026-07-01 01:00:00,UE00529,32.93460435468332,-97.01932118497416,XYZ402,A,-104,2,195,20,Poor,2,28,low_sinr
2026-07-01 04:00:00,UE00532,32.972723763312835,-97.00339975316312,XYZ402,A,-113,0,203,15,Poor,5,20,low_sinr
2026-07-01 05:00:00,UE00533,32.918635546014386,-96.93831123380066,XYZ403,A,-116,-5,75,78,Coverage_Hole,6,5,low_sinr
2026-07-01 06:00:00,UE00534,32.949013391997056,-96.95000946585388,XYZ401,C,-103,4,221,23,Fair,1,36,low_sinr
2026-07-01 07:00:00,UE00535,32.93448543737571,-97.03066146895404,XYZ402,A,-117,0,164,58,Coverage_Hole,2,20,low_sinr
2026-07-01 09:00:00,UE00537,32.92042102714939,-96.94110935049578,XYZ401,A,-124,0,175,65,Fair,4,20,low_sinr
2026-07-01 10:00:00,UE00538,32.972277477480375,-96.9874131938232,XYZ402,C,-117,4,310,27,Poor,5,37,low_sinr
2026-07-01 13:00:00,UE00541,32.903836150588226,-96.9518281162006,XYZ402,A,-112,-2,108,77,Fair,2,12,low_sinr
2026-07-01 15:00:00,UE00543,32.917321969877904,-97.02496114187949,XYZ401,C,-116,0,206,91,Coverage_Hole,4,20,low_sinr
2026-07-01 17:00:00,UE00545,32.96134056975512,-97.01979639079748,XYZ403,B,-115,0,198,61,Fair,6,20,low_sinr
2026-07-01 02:00:00,UE00554,32.895687024030074,-96.97162026434104,XYZ403,B,-124,2,181,107,Fair,3,29,low_sinr
2026-07-01 05:00:00,UE00557,32.97329391176661,-96.972373655573,XYZ403,B,-112,-1,118,34,Excellent,6,16,low_sinr
2026-07-01 07:00:00,UE00559,32.94155378209619,-97.02069404121094,XYZ402,C,-109,4,223,128,Good,2,36,low_sinr
2026-07-01 08:00:00,UE00560,32.94854122145863,-96.93825480901738,XYZ403,C,-113,1,185,110,Excellent,3,23,low_sinr
2026-07-01 12:00:00,UE00564,32.91064985364215,-96.95788981950676,XYZ401,C,-98,2,223,82,Good,1,28,low_sinr
2026-07-01 13:00:00,UE00565,32.910563416357824,-97.01867321745692,XYZ402,B,-113,2,219,37,Excellent,2,29,low_sinr
2026-07-01 14:00:00,UE00566,32.90389346120491,-97.00146666033834,XYZ403,A,-108,2,265,104,Poor,3,28,low_sinr
2026-07-01 15:00:00,UE00567,32.91690717938843,-96.9526187637452,XYZ401,A,-111,3,205,17,Excellent,4,30,low_sinr
2026-07-01 17:00:00,UE00569,32.90604217222607,-97.02126729779032,XYZ403,C,-122,-3,161,89,Coverage_Hole,6,9,low_sinr
2026-07-01 18:00:00,UE00570,32.934235027662794,-97.01479957165672,XYZ401,B,-108,1,153,62,Poor,1,22,low_sinr
2026-07-01 19:00:00,UE00571,32.97298884931673,-96.98730650707516,XYZ402,A,-114,0,207,63,Excellent,2,21,low_sinr
2026-07-01 21:00:00,UE00573,32.93062725853254,-96.95162792145356,XYZ401,C,-100,3,267,34,Good,4,32,low_sinr
2026-07-01 22:00:00,UE00574,32.96248902911693,-96.99607645416384,XYZ402,B,-103,0,194,88,Fair,5,21,low_sinr
2026-07-01 00:00:00,UE00576,32.92558185603682,-97.01580500229082,XYZ401,A,-91,0,176,60,Good,1,21,low_sinr
2026-07-01 03:00:00,UE00579,32.92052937550006,-97.02438478900656,XYZ401,A,-104,1,185,92,Coverage_Hole,4,22,low_sinr
2026-07-01 05:00:00,UE00581,32.901893835075754,-96.98847704275204,XYZ403,A,-116,2,188,35,Fair,6,29,low_sinr
2026-07-01 07:00:00,UE00583,32.92703169782377,-96.94402237216778,XYZ402,A,-116,1,145,103,Good,2,24,low_sinr
2026-07-01 08:00:00,UE00584,32.898574461632634,-96.9712987007334,XYZ403,A,-110,1,156,40,Excellent,3,22,low_sinr
2026-07-01 11:00:00,UE00587,32.90622172798865,-96.9844084487846,XYZ403,C,-97,2,266,100,Poor,6,29,low_sinr
2026-07-01 12:00:00,UE00588,32.97059336230242,-96.96248410781249,XYZ401,B,-112,-4,101,112,Good,1,5,low_sinr
2026-07-01 13:00:00,UE00589,32.947799808343625,-96.9494870603862,XYZ402,B,-108,-1,149,26,Poor,2,14,low_sinr
2026-07-01 16:00:00,UE00592,32.956619952091366,-96.94055463095332,XYZ402,A,-114,-4,106,109,Poor,5,5,low_sinr
2026-07-01 19:00:00,UE00595,32.96233869936766,-96.98493930514942,XYZ402,A,-102,3,217,90,Coverage_Hole,2,31,low_sinr
2026-07-01 20:00:00,UE00596,32.96425285934794,-97.01228721345107,XYZ403,C,-116,2,261,94,Fair,3,28,low_sinr
2026-07-01 23:00:00,UE00599,32.969215404539334,-96.97368987971666,XYZ403,A,-106,-2,109,112,Excellent,6,13,low_sinr
2026-07-01 00:00:00,UE00600,32.94464576385076,-96.94984878471948,XYZ401,C,-103,-1,115,79,Coverage_Hole,1,16,low_sinr
2026-07-01 01:00:00,UE00601,32.95551728673733,-96.94859315552348,XYZ402,A,-110,2,206,33,Coverage_Hole,2,28,low_sinr
2026-07-01 02:00:00,UE00602,32.89969003213552,-97.00229282036254,XYZ403,A,-112,3,232,91,Poor,3,31,low_sinr
2026-07-01 03:00:00,UE00603,32.901150612768085,-96.98072479324804,XYZ401,A,-108,1,166,88,Excellent,4,23,low_sinr
2026-07-01 05:00:00,UE00605,32.96499501325261,-96.98163443324468,XYZ403,A,-106,2,205,37,Good,6,29,low_sinr
2026-07-01 07:00:00,UE00607,32.903060117020544,-96.95168155756002,XYZ402,B,-113,-3,135,38,Fair,2,10,low_sinr
2026-07-01 08:00:00,UE00608,32.9110302515216,-97.00582745716218,XYZ403,A,-103,2,239,106,Coverage_Hole,3,29,low_sinr
2026-07-01 11:00:00,UE00611,32.90495324851438,-96.9749105883385,XYZ403,A,-115,3,182,74,Fair,6,30,low_sinr
2026-07-01 12:00:00,UE00612,32.947161094845534,-96.93726758116784,XYZ401,C,-120,0,201,90,Good,1,21,low_sinr
2026-07-01 17:00:00,UE00617,32.94989018014738,-96.93726069938108,XYZ403,A,-122,-6,51,80,Poor,6,5,low_sinr
2026-07-01 18:00:00,UE00618,32.93445020795481,-97.0186065392904,XYZ401,C,-103,3,224,32,Fair,1,31,low_sinr
2026-07-01 22:00:00,UE00622,32.97684296253563,-96.9732918039898,XYZ402,C,-121,-3,161,126,Excellent,5,10,low_sinr
2026-07-01 00:00:00,UE00624,32.97582126191264,-96.98528083323394,XYZ401,A,-112,-3,122,69,Fair,1,10,low_sinr
2026-07-01 01:00:00,UE00625,32.97592727750731,-96.99053341585532,XYZ402,A,-120,0,181,55,Coverage_Hole,2,20,low_sinr
2026-07-01 07:00:00,UE00631,32.92779096338819,-97.01971401786663,XYZ402,A,-109,4,314,65,Excellent,2,36,low_sinr
2026-07-01 08:00:00,UE00632,32.950912258617144,-97.00804524209224,XYZ403,C,-101,4,317,21,Poor,3,37,low_sinr
2026-07-01 09:00:00,UE00633,32.90484545462974,-96.96979299377992,XYZ401,C,-101,1,203,24,Excellent,4,23,low_sinr
2026-07-01 11:00:00,UE00635,32.96794051838288,-96.991139209292,XYZ403,C,-104,3,197,104,Fair,6,32,low_sinr
2026-07-01 12:00:00,UE00636,32.904193998663494,-97.01347871134016,XYZ401,B,-113,-4,99,57,Good,1,5,low_sinr
2026-07-01 13:00:00,UE00637,32.93686180477492,-96.94096065956856,XYZ402,A,-111,-3,141,77,Good,2,10,low_sinr
2026-07-01 14:00:00,UE00638,32.974040373500536,-96.97563168584315,XYZ403,A,-103,1,178,73,Fair,3,23,low_sinr
2026-07-01 21:00:00,UE00645,32.94905757267578,-97.03224742944307,XYZ401,B,-118,-4,78,20,Excellent,4,5,low_sinr
2026-07-01 23:00:00,UE00647,32.92329834942348,-97.01715141426598,XYZ403,B,-99,1,172,32,Excellent,6,24,low_sinr
2026-07-01 00:00:00,UE00648,32.90250390349337,-97.01882021488576,XYZ401,A,-115,-4,101,62,Fair,1,5,low_sinr
2026-07-01 02:00:00,UE00650,32.96203417698956,-96.9519795025084,XYZ403,A,-112,1,176,51,Good,3,22,low_sinr
2026-07-01 03:00:00,UE00651,32.954694248002475,-96.9822010708962,XYZ401,B,-88,1,152,129,Fair,4,24,low_sinr
2026-07-01 04:00:00,UE00652,32.969040242285175,-96.9887947621915,XYZ402,C,-105,3,263,72,Excellent,5,30,low_sinr
2026-07-01 05:00:00,UE00653,32.94492275190938,-96.94361271849004,XYZ403,A,-114,0,153,28,Poor,6,20,low_sinr
2026-07-01 06:00:00,UE00654,32.89301585549134,-96.98090423417308,XYZ401,A,-110,-2,137,47,Poor,1,12,low_sinr
2026-07-01 07:00:00,UE00655,32.96817162273859,-96.95724773135817,XYZ402,C,-113,-1,134,121,Fair,2,14,low_sinr
2026-07-01 10:00:00,UE00658,32.8984370537306,-97.00322584250604,XYZ402,C,-109,2,222,97,Fair,5,29,low_sinr
2026-07-01 13:00:00,UE00661,32.93061233199012,-96.93965687544724,XYZ402,C,-113,-5,78,93,Coverage_Hole,2,5,low_sinr
2026-07-01 14:00:00,UE00662,32.90463567003937,-96.9641521254687,XYZ403,B,-108,-1,154,21,Excellent,3,15,low_sinr
2026-07-01 15:00:00,UE00663,32.93215537858311,-97.03455103110478,XYZ401,C,-114,-3,148,108,Fair,4,11,low_sinr
2026-07-01 18:00:00,UE00666,32.951562999118444,-96.93903834077108,XYZ401,B,-121,-1,130,107,Excellent,1,15,low_sinr
2026-07-01 19:00:00,UE00667,32.96403327763975,-97.00535872413889,XYZ402,A,-112,0,195,71,Coverage_Hole,2,20,low_sinr
2026-07-01 22:00:00,UE00670,32.91790751960148,-96.95085398227369,XYZ402,A,-106,4,228,121,Good,5,36,low_sinr
2026-07-01 23:00:00,UE00671,32.96774012337457,-96.96772776959985,XYZ403,A,-105,2,195,56,Fair,6,28,low_sinr
2026-07-01 01:00:00,UE00673,32.963628045963496,-97.01522938627464,XYZ402,C,-113,-4,103,61,Poor,2,5,low_sinr
2026-07-01 02:00:00,UE00674,32.916164478143884,-97.0184926617008,XYZ403,C,-109,0,144,44,Fair,3,21,low_sinr
2026-07-01 06:00:00,UE00678,32.90481100392337,-96.97328686022192,XYZ401,B,-110,3,199,48,Good,1,31,low_sinr
2026-07-01 08:00:00,UE00680,32.97204782155845,-97.00040207150414,XYZ403,C,-114,-3,111,42,Poor,3,11,low_sinr
2026-07-01 09:00:00,UE00681,32.97835090807004,-96.98935667502768,XYZ401,A,-119,0,173,58,Poor,4,20,low_sinr
2026-07-01 11:00:00,UE00683,32.947776533578136,-97.02657105056304,XYZ403,A,-108,-3,156,106,Coverage_Hole,6,10,low_sinr
2026-07-01 12:00:00,UE00684,32.92972071286078,-97.0281024021177,XYZ401,B,-105,4,286,86,Poor,1,37,low_sinr
2026-07-01 13:00:00,UE00685,32.956152666614344,-96.96134265178648,XYZ402,A,-111,3,205,66,Fair,2,32,low_sinr
2026-07-01 14:00:00,UE00686,32.924060359346214,-97.03346090123205,XYZ403,B,-119,0,203,77,Coverage_Hole,3,20,low_sinr
2026-07-01 15:00:00,UE00687,32.934250117704664,-96.93870281061784,XYZ401,A,-111,-4,72,61,Poor,4,5,low_sinr
2026-07-01 16:00:00,UE00688,32.926123040922654,-97.0215834932986,XYZ402,B,-110,2,249,67,Coverage_Hole,5,29,low_sinr
2026-07-01 18:00:00,UE00690,32.93306474065002,-96.93999408370642,XYZ401,A,-111,0,204,54,Fair,1,20,low_sinr
2026-07-01 03:00:00,UE00699,32.902660853183484,-96.99182721351174,XYZ401,B,-107,1,155,20,Poor,4,22,low_sinr
2026-07-01 05:00:00,UE00701,32.94298876880007,-97.03241109130023,XYZ403,B,-121,0,144,56,Good,6,20,low_sinr
2026-07-01 06:00:00,UE00702,32.9313585823015,-96.93755317116084,XYZ401,A,-125,2,230,126,Excellent,1,29,low_sinr
2026-07-01 07:00:00,UE00703,32.90711786524311,-97.01192392214736,XYZ402,C,-116,0,193,22,Excellent,2,21,low_sinr
2026-07-01 08:00:00,UE00704,32.91228515671794,-97.01691940204395,XYZ403,C,-111,1,171,15,Poor,3,23,low_sinr
2026-07-01 09:00:00,UE00705,32.92647010398685,-96.9509272213818,XYZ401,A,-110,4,227,127,Excellent,4,36,low_sinr
2026-07-01 10:00:00,UE00706,32.94957887893434,-96.95728351344036,XYZ402,A,-102,4,265,124,Excellent,5,36,low_sinr
2026-07-01 11:00:00,UE00707,32.926151833173485,-96.94654368242928,XYZ403,A,-104,4,273,112,Coverage_Hole,6,37,low_sinr
2026-07-01 13:00:00,UE00709,32.93319349176514,-96.93406877671728,XYZ402,B,-119,-2,138,62,Excellent,2,13,low_sinr
2026-07-01 16:00:00,UE00712,32.916972091837444,-96.94567073406849,XYZ402,A,-113,-2,120,68,Coverage_Hole,5,12,low_sinr
2026-07-01 17:00:00,UE00713,32.92520208596909,-96.93826461405432,XYZ403,B,-110,-7,41,38,Coverage_Hole,6,5,low_sinr
2026-07-01 21:00:00,UE00717,32.90345701809123,-96.96166898498603,XYZ401,B,-116,-4,91,34,Coverage_Hole,4,5,low_sinr
2026-07-01 22:00:00,UE00718,32.90185120748384,-97.0158523989907,XYZ402,C,-120,2,237,107,Coverage_Hole,5,28,low_sinr
2026-07-01 05:00:00,UE00725,32.89530677488416,-96.9892262102662,XYZ403,A,-116,-2,118,105,Poor,6,13,low_sinr
2026-07-01 11:00:00,UE00731,32.908352513873126,-96.95129727567873,XYZ403,C,-108,2,259,105,Excellent,6,29,low_sinr
2026-07-01 12:00:00,UE00732,32.92899853698286,-97.01885092548552,XYZ401,A,-109,3,267,73,Fair,1,31,low_sinr
2026-07-01 13:00:00,UE00733,32.95965138497414,-97.01279405217046,XYZ402,B,-112,-2,138,42,Poor,2,13,low_sinr
2026-07-01 14:00:00,UE00734,32.949280634367746,-96.94936465782322,XYZ403,C,-111,4,275,64,Good,3,37,low_sinr
2026-07-01 15:00:00,UE00735,32.941409247270364,-97.02396422726542,XYZ401,A,-105,0,207,53,Poor,4,21,low_sinr
2026-07-01 16:00:00,UE00736,32.95069780506886,-97.03004615353454,XYZ402,B,-120,2,232,117,Poor,5,29,low_sinr
2026-07-01 21:00:00,UE00741,32.95127066891448,-97.0230501941162,XYZ401,B,-109,0,176,129,Coverage_Hole,4,21,low_sinr
2026-07-01 22:00:00,UE00742,32.918833576905214,-96.94197061132073,XYZ402,C,-116,0,166,65,Coverage_Hole,5,21,low_sinr
2026-07-01 23:00:00,UE00743,32.917851484545565,-97.02300569533844,XYZ403,C,-112,2,180,83,Coverage_Hole,6,29,low_sinr
2026-07-01 00:00:00,UE00744,32.94334432516058,-96.9468747386777,XYZ401,A,-108,0,150,51,Good,1,20,low_sinr
2026-07-01 03:00:00,UE00747,32.94034107324074,-97.0259710787428,XYZ401,C,-109,0,168,19,Excellent,4,21,low_sinr
2026-07-01 04:00:00,UE00748,32.930623248602984,-97.03531941509176,XYZ402,B,-111,1,151,99,Poor,5,22,low_sinr
2026-07-01 05:00:00,UE00749,32.91199042210763,-96.95914197090758,XYZ403,C,-102,0,179,69,Poor,6,20,low_sinr
2026-07-01 09:00:00,UE00753,32.91969804089014,-97.0296380972122,XYZ401,A,-114,0,175,17,Excellent,4,21,low_sinr
2026-07-01 11:00:00,UE00755,32.94856149277012,-96.94201691391213,XYZ403,A,-116,0,155,43,Excellent,6,20,low_sinr
2026-07-01 15:00:00,UE00759,32.90981296276774,-96.96682897145136,XYZ401,C,-107,4,250,65,Fair,4,36,low_sinr
2026-07-01 16:00:00,UE00760,32.94242367138615,-96.95360666158273,XYZ402,B,-103,1,209,90,Good,5,23,low_sinr
2026-07-01 18:00:00,UE00762,32.94072362027748,-97.02188865248492,XYZ401,C,-109,2,229,17,Coverage_Hole,1,29,low_sinr
2026-07-01 19:00:00,UE00763,32.90530324371859,-97.0125440544269,XYZ402,A,-108,-3,109,94,Coverage_Hole,2,11,low_sinr
2026-07-01 20:00:00,UE00764,32.957830013580086,-97.02716563438403,XYZ403,B,-121,1,185,76,Excellent,3,22,low_sinr
2026-07-01 21:00:00,UE00765,32.97717076714744,-96.98459242413638,XYZ401,B,-113,1,169,67,Good,4,23,low_sinr
2026-07-01 22:00:00,UE00766,32.92976037928054,-96.93863865941744,XYZ402,A,-112,-3,135,58,Excellent,5,10,low_sinr
2026-07-01 23:00:00,UE00767,32.938730271815174,-97.02309806360132,XYZ403,B,-109,3,226,98,Poor,6,31,low_sinr
2026-07-01 00:00:00,UE00768,32.905002653875286,-96.96395827147448,XYZ401,B,-111,1,184,27,Poor,1,23,low_sinr
2026-07-01 01:00:00,UE00769,32.9696805069131,-96.9767718688858,XYZ402,B,-111,0,199,114,Fair,2,20,low_sinr
2026-07-01 02:00:00,UE00770,32.96681044144355,-97.01979512355064,XYZ403,A,-125,1,144,19,Excellent,3,23,low_sinr
2026-07-01 03:00:00,UE00771,32.94892897093552,-97.02624159184045,XYZ401,C,-108,-2,129,87,Coverage_Hole,4,13,low_sinr
2026-07-01 06:00:00,UE00774,32.94949381275151,-97.02048965889809,XYZ401,C,-106,3,244,77,Poor,1,32,low_sinr
2026-07-01 10:00:00,UE00778,32.96619639986497,-97.01458009132595,XYZ402,A,-117,-1,144,26,Poor,5,15,low_sinr
2026-07-01 11:00:00,UE00779,32.924383984483704,-96.9624158524204,XYZ403,B,-97,4,271,106,Coverage_Hole,6,37,low_sinr
2026-07-01 12:00:00,UE00780,32.973343002714394,-96.99164655065104,XYZ401,A,-110,1,144,60,Fair,1,22,low_sinr
2026-07-01 13:00:00,UE00781,32.97117183706741,-97.00464436975912,XYZ402,C,-111,0,172,82,Excellent,2,21,low_sinr
2026-07-01 14:00:00,UE00782,32.897158486688056,-97.00249312265112,XYZ403,A,-120,-4,101,56,Excellent,3,5,low_sinr
2026-07-01 18:00:00,UE00786,32.97574131124109,-96.9978558938514,XYZ401,A,-119,-5,103,81,Fair,1,5,low_sinr
2026-07-01 20:00:00,UE00788,32.9306001247082,-97.022791202368,XYZ403,A,-106,0,176,34,Fair,3,20,low_sinr
2026-07-01 21:00:00,UE00789,32.95041424758889,-96.93701367031366,XYZ401,C,-118,-4,90,61,Excellent,4,5,low_sinr
2026-07-01 22:00:00,UE00790,32.93632288885553,-97.01860920424366,XYZ402,C,-106,3,213,88,Excellent,5,32,low_sinr
2026-07-01 00:00:00,UE00792,32.92799284749872,-96.94749504389596,XYZ401,A,-107,2,240,54,Fair,1,29,low_sinr
2026-07-01 03:00:00,UE00795,32.905502669062365,-96.99394824001688,XYZ401,C,-108,0,153,96,Fair,4,21,low_sinr
2026-07-01 05:00:00,UE00797,32.89959912980357,-96.97696107503836,XYZ403,C,-118,-4,91,65,Excellent,6,5,low_sinr
2026-07-01 08:00:00,UE00800,32.97562617782443,-96.99239813750955,XYZ403,A,-115,4,292,107,Coverage_Hole,3,37,low_sinr
2026-07-01 10:00:00,UE00802,32.916060002418696,-96.94566131042676,XYZ402,B,-115,2,199,39,Coverage_Hole,5,28,low_sinr
2026-07-01 12:00:00,UE00804,32.93238849784888,-96.96149909919158,XYZ401,B,-95,4,316,26,Coverage_Hole,1,36,low_sinr
2026-07-01 13:00:00,UE00805,32.898176562059604,-96.98431043540226,XYZ402,C,-111,0,187,95,Excellent,2,21,low_sinr
2026-07-01 15:00:00,UE00807,32.9531708526876,-96.95368136814623,XYZ401,A,-104,0,164,92,Coverage_Hole,4,20,low_sinr
2026-07-01 17:00:00,UE00809,32.97307833242315,-96.99270877357112,XYZ403,B,-111,-5,94,97,Poor,6,5,low_sinr
2026-07-01 18:00:00,UE00810,32.95129535456372,-97.00897704340277,XYZ401,B,-100,4,292,104,Good,1,37,low_sinr
2026-07-01 19:00:00,UE00811,32.94459337630758,-96.94919737777715,XYZ402,B,-103,1,166,52,Fair,2,23,low_sinr
2026-07-01 20:00:00,UE00812,32.96371262774737,-97.02265359322742,XYZ403,B,-119,0,187,55,Fair,3,20,low_sinr
2026-07-01 22:00:00,UE00814,32.946204064185295,-97.0192179915482,XYZ402,A,-103,4,251,52,Fair,5,36,low_sinr
2026-07-01 01:00:00,UE00817,32.91418224722561,-97.0306387345222,XYZ402,B,-120,1,154,112,Fair,2,23,low_sinr
2026-07-01 03:00:00,UE00819,32.96612870301791,-96.9913006756013,XYZ401,B,-111,-1,151,65,Fair,4,15,low_sinr
2026-07-01 04:00:00,UE00820,32.93095297932588,-97.03568708328352,XYZ402,B,-120,0,149,90,Good,5,21,low_sinr
2026-07-01 09:00:00,UE00825,32.95297205501637,-97.02694652542984,XYZ401,A,-118,-4,94,69,Fair,4,5,low_sinr
2026-07-01 10:00:00,UE00826,32.96645006060795,-96.9667045888423,XYZ402,C,-104,0,185,72,Coverage_Hole,5,21,low_sinr
2026-07-01 11:00:00,UE00827,32.892145538267094,-96.99323565332124,XYZ403,A,-125,0,162,70,Poor,6,21,low_sinr
2026-07-01 15:00:00,UE00831,32.96201238781934,-96.94896323996362,XYZ401,C,-117,-4,94,31,Coverage_Hole,4,5,low_sinr
2026-07-01 18:00:00,UE00834,32.90259118674205,-96.96479135216693,XYZ401,C,-116,3,217,102,Poor,1,32,low_sinr
2026-07-01 19:00:00,UE00835,32.90438788791149,-97.01705663971208,XYZ402,A,-117,-3,159,95,Coverage_Hole,2,10,low_sinr
2026-07-01 20:00:00,UE00836,32.936671514401326,-96.9389461563964,XYZ403,C,-114,0,157,42,Fair,3,20,low_sinr
2026-07-01 23:00:00,UE00839,32.91228118744967,-96.95411625302636,XYZ403,C,-108,3,212,66,Fair,6,31,low_sinr
2026-07-01 00:00:00,UE00840,32.940082516411785,-96.93993076844296,XYZ401,A,-123,4,310,100,Poor,1,36,low_sinr
2026-07-01 01:00:00,UE00841,32.95492804339728,-96.95075994243768,XYZ402,A,-114,3,210,119,Fair,2,31,low_sinr
2026-07-01 05:00:00,UE00845,32.91668846071598,-97.01865871994478,XYZ403,B,-107,-2,125,51,Coverage_Hole,6,12,low_sinr
2026-07-01 06:00:00,UE00846,32.92857443920134,-97.0285488402406,XYZ401,B,-115,1,151,39,Coverage_Hole,1,23,low_sinr
2026-07-01 07:00:00,UE00847,32.89537366812785,-96.99246106300252,XYZ402,A,-116,-2,121,125,Coverage_Hole,2,13,low_sinr
2026-07-01 08:00:00,UE00848,32.97212939834272,-96.9743192135181,XYZ403,C,-107,-1,137,21,Good,3,15,low_sinr
2026-07-01 09:00:00,UE00849,32.95410293344154,-97.01362040748664,XYZ401,C,-106,1,151,78,Poor,4,23,low_sinr
2026-07-01 12:00:00,UE00852,32.93342546182178,-96.94093356398372,XYZ401,B,-110,-2,134,33,Excellent,1,12,low_sinr
2026-07-01 13:00:00,UE00853,32.94338934911705,-97.02187978426424,XYZ402,C,-114,3,238,89,Good,2,32,low_sinr
2026-07-01 17:00:00,UE00857,32.95685980621879,-96.94267835425886,XYZ403,C,-111,-3,129,89,Good,6,10,low_sinr
2026-07-01 18:00:00,UE00858,32.9169049464404,-97.01808783948152,XYZ401,B,-110,0,161,124,Good,1,20,low_sinr
2026-07-01 21:00:00,UE00861,32.90835021386003,-97.02437858486034,XYZ401,C,-115,0,180,24,Coverage_Hole,4,21,low_sinr
2026-07-01 22:00:00,UE00862,32.92262842873991,-97.03356470915566,XYZ402,C,-125,-5,77,33,Fair,5,5,low_sinr
2026-07-01 03:00:00,UE00867,32.90634409006913,-96.95764665618744,XYZ401,A,-111,3,238,28,Fair,4,31,low_sinr
2026-07-01 04:00:00,UE00868,32.898896647146834,-97.0119725314426,XYZ402,C,-117,-3,125,42,Good,5,9,low_sinr
2026-07-01 05:00:00,UE00869,32.973633369408674,-96.99916723611358,XYZ403,C,-120,-2,129,90,Coverage_Hole,6,12,low_sinr
2026-07-01 06:00:00,UE00870,32.90922600390988,-97.0231449798727,XYZ401,C,-112,0,173,56,Poor,1,20,low_sinr
2026-07-01 10:00:00,UE00874,32.96873406527795,-97.00098131087476,XYZ402,C,-102,4,285,87,Good,5,36,low_sinr
2026-07-01 13:00:00,UE00877,32.91562140596224,-97.02223260898867,XYZ402,A,-113,-3,131,64,Good,2,10,low_sinr
2026-07-01 14:00:00,UE00878,32.96915068607285,-97.00048147287436,XYZ403,C,-113,-3,140,125,Coverage_Hole,3,9,low_sinr
2026-07-01 15:00:00,UE00879,32.916578524972145,-96.95210920925784,XYZ401,B,-113,4,319,63,Coverage_Hole,4,37,low_sinr
2026-07-01 19:00:00,UE00883,32.934018593680015,-96.93736821421896,XYZ402,B,-111,-2,130,118,Good,2,13,low_sinr
2026-07-01 20:00:00,UE00884,32.97717580344816,-96.98909898935314,XYZ403,A,-111,-2,124,32,Coverage_Hole,3,12,low_sinr
2026-07-01 00:00:00,UE00888,32.935337966848635,-97.03494545329788,XYZ401,C,-110,0,198,61,Excellent,1,21,low_sinr
2026-07-01 03:00:00,UE00891,32.943053244616266,-97.02458917289428,XYZ401,B,-105,0,167,55,Coverage_Hole,4,20,low_sinr
2026-07-01 04:00:00,UE00892,32.900627155466125,-96.9822876361048,XYZ402,C,-105,0,203,21,Fair,5,21,low_sinr
2026-07-01 05:00:00,UE00893,32.93271943397979,-96.94182116436616,XYZ403,C,-111,3,212,82,Coverage_Hole,6,30,low_sinr
2026-07-01 08:00:00,UE00896,32.96322674607962,-97.02126797130316,XYZ403,A,-116,-2,126,101,Fair,3,12,low_sinr
2026-07-01 10:00:00,UE00898,32.91975360050667,-96.95783042795658,XYZ402,C,-97,4,317,24,Fair,5,37,low_sinr
2026-07-01 12:00:00,UE00900,32.90800035948821,-96.946977438621,XYZ401,A,-121,-3,151,30,Excellent,1,10,low_sinr
2026-07-01 13:00:00,UE00901,32.921374434685234,-96.95832567431488,XYZ402,A,-100,2,198,48,Poor,2,28,low_sinr
2026-07-01 14:00:00,UE00902,32.9151319874975,-96.94734605975196,XYZ403,A,-116,0,177,97,Excellent,3,21,low_sinr
2026-07-01 18:00:00,UE00906,32.91835959132692,-97.02655774802696,XYZ401,C,-109,0,165,32,Coverage_Hole,1,21,low_sinr
2026-07-01 19:00:00,UE00907,32.94898450936017,-97.0127178430446,XYZ402,C,-97,4,234,20,Excellent,2,37,low_sinr
2026-07-01 22:00:00,UE00910,32.92126379939859,-97.03024715125974,XYZ402,B,-112,0,203,125,Poor,5,21,low_sinr
2026-07-01 23:00:00,UE00911,32.93472365834023,-96.95749120554974,XYZ403,C,-99,1,198,95,Excellent,6,22,low_sinr
2026-07-01 02:00:00,UE00914,32.92082736045911,-97.0096121898642,XYZ403,C,-98,2,263,33,Coverage_Hole,3,28,low_sinr
2026-07-01 06:00:00,UE00918,32.955430330341365,-97.02725305364112,XYZ401,A,-115,0,186,35,Excellent,1,20,low_sinr
2026-07-01 08:00:00,UE00920,32.935305415298934,-96.9462541235834,XYZ403,C,-100,0,147,83,Good,3,21,low_sinr
2026-07-01 10:00:00,UE00922,32.89936722974743,-97.00819780884515,XYZ402,C,-107,-4,72,81,Fair,5,5,low_sinr
2026-07-01 11:00:00,UE00923,32.95523036724644,-96.95873229412275,XYZ403,B,-110,3,213,77,Coverage_Hole,6,31,low_sinr
2026-07-01 16:00:00,UE00928,32.9763463084162,-96.98060218114507,XYZ402,B,-117,0,145,34,Coverage_Hole,5,21,low_sinr
2026-07-01 17:00:00,UE00929,32.964129247605655,-96.977851831924,XYZ403,A,-107,3,204,82,Excellent,6,30,low_sinr
2026-07-01 21:00:00,UE00933,32.920508312071284,-97.02608171228616,XYZ401,C,-116,-1,147,22,Excellent,4,16,low_sinr
2026-07-01 22:00:00,UE00934,32.9639349241687,-96.9669750589244,XYZ402,B,-109,0,201,124,Excellent,5,21,low_sinr
2026-07-01 00:00:00,UE00936,32.95747518039033,-97.02458709275986,XYZ401,A,-117,-1,127,41,Coverage_Hole,1,15,low_sinr
2026-07-01 01:00:00,UE00937,32.956084742012976,-97.00942571851536,XYZ402,C,-105,3,188,25,Excellent,2,31,low_sinr
2026-07-01 02:00:00,UE00938,32.89424694918422,-96.97525490878088,XYZ403,A,-119,-3,136,42,Excellent,3,11,low_sinr
2026-07-01 03:00:00,UE00939,32.97118672209922,-97.00016340794885,XYZ401,A,-114,2,208,79,Excellent,4,28,low_sinr
2026-07-01 07:00:00,UE00943,32.93071946721705,-97.01969863163932,XYZ402,C,-105,2,252,117,Fair,2,28,low_sinr
2026-07-01 11:00:00,UE00947,32.93318191248427,-97.0335549253196,XYZ403,B,-119,3,268,50,Coverage_Hole,6,31,low_sinr
2026-07-01 12:00:00,UE00948,32.976056101926446,-96.99968266191144,XYZ401,B,-114,-1,126,60,Excellent,1,16,low_sinr
2026-07-01 13:00:00,UE00949,32.914947523949145,-96.94002701998784,XYZ402,B,-118,-1,144,82,Excellent,2,14,low_sinr
2026-07-01 15:00:00,UE00951,32.96949879948787,-96.9778320561706,XYZ401,A,-111,-2,115,42,Good,4,13,low_sinr
2026-07-01 16:00:00,UE00952,32.900607036984574,-97.0090234918943,XYZ402,B,-112,-1,151,19,Excellent,5,16,low_sinr
2026-07-01 17:00:00,UE00953,32.92017722253931,-97.02353556648208,XYZ403,C,-110,0,151,67,Fair,6,21,low_sinr
2026-07-01 21:00:00,UE00957,32.95903537429097,-96.96434828666216,XYZ401,B,-109,0,177,55,Coverage_Hole,4,21,low_sinr
2026-07-01 00:00:00,UE00960,32.94917850742748,-97.01908141861313,XYZ401,A,-107,4,226,79,Good,1,36,low_sinr
2026-07-01 01:00:00,UE00961,32.903342946660864,-97.00292106981053,XYZ402,A,-108,0,146,85,Fair,2,20,low_sinr
2026-07-01 03:00:00,UE00963,32.96279237057307,-96.96252345065658,XYZ401,C,-106,2,211,98,Coverage_Hole,4,28,low_sinr
2026-07-01 08:00:00,UE00968,32.9150749169718,-96.94629602608198,XYZ403,A,-115,0,154,19,Excellent,3,20,low_sinr
2026-07-01 10:00:00,UE00970,32.96325947870233,-96.99417075919928,XYZ402,A,-101,1,191,26,Coverage_Hole,5,22,low_sinr
2026-07-01 11:00:00,UE00971,32.91444349578884,-97.01397671270236,XYZ403,C,-105,-1,118,53,Poor,6,16,low_sinr
2026-07-01 14:00:00,UE00974,32.905176370706094,-97.01633461523622,XYZ403,A,-115,0,144,70,Poor,3,21,low_sinr
2026-07-01 15:00:00,UE00975,32.97329788307907,-96.98077252283603,XYZ401,A,-115,2,200,125,Fair,4,29,low_sinr
2026-07-01 17:00:00,UE00977,32.910066678386464,-96.9713880375896,XYZ403,C,-103,4,257,44,Good,6,36,low_sinr
2026-07-01 19:00:00,UE00979,32.92125757551281,-96.94449247679732,XYZ402,C,-107,-2,158,44,Fair,2,12,low_sinr
2026-07-01 21:00:00,UE00981,32.9477954107163,-96.94748862743302,XYZ401,A,-107,0,166,118,Fair,4,21,low_sinr
2026-07-01 22:00:00,UE00982,32.96179212438692,-96.99648818158944,XYZ402,C,-106,3,234,34,Coverage_Hole,5,32,low_sinr
2026-07-01 00:00:00,UE00984,32.94265955747607,-97.02670870530584,XYZ401,A,-108,2,261,73,Coverage_Hole,1,29,low_sinr
2026-07-01 02:00:00,UE00986,32.92628001131901,-97.03454756973392,XYZ403,B,-115,0,174,62,Fair,3,21,low_sinr
2026-07-01 04:00:00,UE00988,32.949546450679364,-97.01839879564054,XYZ402,B,-102,4,285,50,Coverage_Hole,5,36,low_sinr
2026-07-01 05:00:00,UE00989,32.932592674176604,-97.02437976070236,XYZ403,B,-110,3,228,109,Excellent,6,32,low_sinr
2026-07-01 06:00:00,UE00990,32.92301127738336,-97.01484928221096,XYZ401,A,-107,0,158,67,Good,1,21,low_sinr
2026-07-01 08:00:00,UE00992,32.95681828704414,-96.9446979679636,XYZ403,B,-121,-1,138,16,Coverage_Hole,3,15,low_sinr
2026-07-01 10:00:00,UE00994,32.894857528915246,-97.00411648943138,XYZ402,C,-120,-1,115,33,Excellent,5,16,low_sinr
2026-07-01 11:00:00,UE00995,32.95842087359824,-96.95113863387294,XYZ403,C,-112,1,176,28,Coverage_Hole,6,22,low_sinr
2026-07-01 17:00:00,UE01001,32.91332689405599,-96.94604850396514,XYZ403,B,-116,-2,141,61,Poor,6,12,low_sinr
2026-07-01 21:00:00,UE01005,32.97522798241624,-96.9854998787826,XYZ401,B,-118,-2,140,123,Poor,4,12,low_sinr
2026-07-01 22:00:00,UE01006,32.90122803511651,-96.9561644234005,XYZ402,C,-118,-4,92,62,Coverage_Hole,5,5,low_sinr
2026-07-01 23:00:00,UE01007,32.90579714268873,-96.99359031478534,XYZ403,C,-100,4,229,116,Fair,6,36,low_sinr
2026-07-01 00:00:00,UE01008,32.95588366582732,-97.01892533307166,XYZ401,C,-112,2,215,45,Excellent,1,28,low_sinr
2026-07-01 04:00:00,UE01012,32.911654812408976,-96.96142787515552,XYZ402,A,-108,4,310,80,Fair,5,36,low_sinr
2026-07-01 08:00:00,UE01016,32.96688507506452,-97.01934642730934,XYZ403,C,-111,0,189,48,Excellent,3,21,low_sinr
2026-07-01 10:00:00,UE01018,32.89204855766774,-96.97946618286451,XYZ402,C,-110,0,202,89,Coverage_Hole,5,20,low_sinr
2026-07-01 11:00:00,UE01019,32.90063633836094,-96.96086880581584,XYZ403,A,-115,-1,159,45,Poor,6,14,low_sinr
2026-07-01 12:00:00,UE01020,32.967242102416485,-96.984355232676,XYZ401,C,-109,1,169,85,Excellent,1,23,low_sinr
2026-07-01 13:00:00,UE01021,32.904055541439625,-96.99549685397824,XYZ402,B,-107,4,314,52,Good,2,37,low_sinr
2026-07-01 14:00:00,UE01022,32.89670044093484,-97.00497093706883,XYZ403,A,-119,-3,146,62,Poor,3,10,low_sinr
2026-07-01 15:00:00,UE01023,32.97114451317108,-96.99210679077298,XYZ401,A,-108,-1,128,127,Poor,4,16,low_sinr
2026-07-01 19:00:00,UE01027,32.97183014086134,-97.0003973437733,XYZ402,B,-116,-1,147,54,Good,2,15,low_sinr
2026-07-01 20:00:00,UE01028,32.965754443333424,-97.00797095036822,XYZ403,C,-120,1,206,35,Good,3,24,low_sinr
2026-07-01 21:00:00,UE01029,32.91917750866494,-97.012560329958,XYZ401,A,-106,1,152,102,Excellent,4,24,low_sinr
2026-07-01 22:00:00,UE01030,32.93641686395088,-96.95457000531172,XYZ402,B,-101,3,228,45,Fair,5,31,low_sinr
2026-07-01 23:00:00,UE01031,32.9290377803834,-97.03195081708115,XYZ403,B,-117,1,189,52,Excellent,6,23,low_sinr
2026-07-01 00:00:00,UE01032,32.97161704918841,-97.00592970296908,XYZ401,C,-117,-1,129,89,Poor,1,15,low_sinr
2026-07-01 01:00:00,UE01033,32.96944863050935,-96.96231948664264,XYZ402,C,-112,-2,139,104,Fair,2,13,low_sinr
2026-07-01 03:00:00,UE01035,32.93755830151808,-96.94208108451272,XYZ401,B,-109,-3,124,80,Good,4,11,low_sinr
2026-07-01 04:00:00,UE01036,32.917730606193295,-97.01234664344318,XYZ402,B,-107,1,211,118,Excellent,5,23,low_sinr
2026-07-01 07:00:00,UE01039,32.923452510085134,-97.02066067426784,XYZ402,B,-102,2,185,123,Fair,2,28,low_sinr
2026-07-01 08:00:00,UE01040,32.89969882076149,-96.96993114323764,XYZ403,B,-114,0,209,35,Excellent,3,20,low_sinr
2026-07-01 12:00:00,UE01044,32.97397081069734,-96.98982952327334,XYZ401,B,-113,3,197,80,Poor,1,31,low_sinr
2026-07-01 15:00:00,UE01047,32.975534734999854,-96.9944299467989,XYZ401,C,-110,0,155,27,Fair,4,21,low_sinr
2026-07-01 16:00:00,UE01048,32.931434695572854,-97.0269307606604,XYZ402,B,-115,-3,158,31,Good,5,10,low_sinr
2026-07-01 20:00:00,UE01052,32.90799059995013,-96.9835089471158,XYZ403,B,-98,4,294,46,Good,3,37,low_sinr
2026-07-01 21:00:00,UE01053,32.911707413615964,-97.022263401827,XYZ401,A,-104,0,194,54,Fair,4,21,low_sinr
2026-07-01 22:00:00,UE01054,32.91877870522414,-96.9452744975468,XYZ402,A,-116,-1,110,45,Coverage_Hole,5,15,low_sinr
2026-07-01 02:00:00,UE01058,32.90349286090977,-96.97729321905985,XYZ403,A,-108,4,260,87,Poor,3,37,low_sinr
2026-07-01 03:00:00,UE01059,32.89680443347402,-96.96101951157144,XYZ401,B,-119,0,162,94,Good,4,21,low_sinr
2026-07-01 04:00:00,UE01060,32.90393283195274,-97.00635637352836,XYZ402,A,-106,1,168,93,Coverage_Hole,5,24,low_sinr
2026-07-01 07:00:00,UE01063,32.97268805017707,-96.99322771600222,XYZ402,B,-117,-5,77,26,Poor,2,5,low_sinr
2026-07-01 08:00:00,UE01064,32.90881472196759,-96.99645208435533,XYZ403,A,-104,1,145,17,Fair,3,23,low_sinr
2026-07-01 09:00:00,UE01065,32.959862811139004,-97.0101163847054,XYZ401,B,-111,2,247,53,Good,4,29,low_sinr
2026-07-01 13:00:00,UE01069,32.89956654260172,-96.97747972605669,XYZ402,C,-111,4,312,21,Excellent,2,37,low_sinr
2026-07-01 14:00:00,UE01070,32.90598037418751,-97.01591864357172,XYZ403,B,-112,-3,155,33,Good,3,11,low_sinr
2026-07-01 21:00:00,UE01077,32.963373916574795,-96.97284501505152,XYZ401,A,-109,4,297,18,Fair,4,36,low_sinr
2026-07-01 23:00:00,UE01079,32.94358650281483,-97.0309732000203,XYZ403,B,-113,-3,122,113,Poor,6,11,low_sinr
2026-07-01 00:00:00,UE01080,32.96212053857054,-96.95202541223986,XYZ401,B,-119,-2,114,30,Good,1,13,low_sinr
2026-07-01 04:00:00,UE01084,32.95304252421131,-96.9512580718777,XYZ402,C,-111,0,180,107,Coverage_Hole,5,20,low_sinr
2026-07-01 07:00:00,UE01087,32.895384772600735,-97.0015256914772,XYZ402,C,-113,2,266,64,Poor,2,29,low_sinr
2026-07-01 09:00:00,UE01089,32.89552513532752,-96.9688632598302,XYZ401,C,-118,-3,117,84,Good,4,10,low_sinr
2026-07-01 10:00:00,UE01090,32.902977803357324,-97.01943270191587,XYZ402,B,-115,-5,87,25,Coverage_Hole,5,5,low_sinr
2026-07-01 11:00:00,UE01091,32.97212286529246,-96.97879904479475,XYZ403,A,-112,1,205,67,Excellent,6,24,low_sinr
2026-07-01 12:00:00,UE01092,32.915878480198764,-96.9468748564644,XYZ401,A,-112,-6,50,88,Fair,1,5,low_sinr
2026-07-01 13:00:00,UE01093,32.97051031898319,-96.9779660274156,XYZ402,C,-112,3,248,111,Coverage_Hole,2,31,low_sinr
2026-07-01 17:00:00,UE01097,32.90581240121927,-97.00329049828328,XYZ403,C,-108,4,278,52,Good,6,36,low_sinr
2026-07-01 18:00:00,UE01098,32.97011856824227,-96.9810790217227,XYZ401,A,-105,0,161,73,Excellent,1,20,low_sinr
2026-07-01 21:00:00,UE01101,32.93606193832598,-97.02083496687612,XYZ401,C,-101,2,229,35,Fair,4,29,low_sinr
2026-07-01 22:00:00,UE01102,32.91664822110077,-97.0086105113436,XYZ402,A,-94,3,267,82,Good,5,32,low_sinr
2026-07-01 23:00:00,UE01103,32.95219262225121,-96.96441239456418,XYZ403,B,-89,2,267,27,Fair,6,28,low_sinr
2026-07-01 00:00:00,UE01104,32.97187652608745,-96.98085916589136,XYZ401,B,-108,-3,124,52,Coverage_Hole,1,11,low_sinr
2026-07-01 02:00:00,UE01106,32.89756452007485,-96.99115650572996,XYZ403,B,-116,-2,114,38,Good,3,12,low_sinr
2026-07-01 04:00:00,UE01108,32.91876932195161,-96.94409601652497,XYZ402,B,-111,1,191,129,Good,5,23,low_sinr
2026-07-01 06:00:00,UE01110,32.900303463143025,-97.01617080430722,XYZ401,C,-118,-2,148,50,Excellent,1,13,low_sinr
2026-07-01 08:00:00,UE01112,32.93396661808183,-96.95434790087518,XYZ403,B,-104,2,183,119,Fair,3,28,low_sinr
2026-07-01 10:00:00,UE01114,32.92135790589316,-97.025020264798,XYZ402,C,-115,4,280,56,Coverage_Hole,5,36,low_sinr
2026-07-01 11:00:00,UE01115,32.942616179891274,-96.95100541878108,XYZ403,A,-106,4,289,58,Poor,6,37,low_sinr
2026-07-01 12:00:00,UE01116,32.96898983261299,-97.00878757121625,XYZ401,C,-113,0,149,50,Fair,1,21,low_sinr
2026-07-01 13:00:00,UE01117,32.97433800595661,-96.96639534679356,XYZ402,A,-118,0,174,47,Good,2,21,low_sinr
2026-07-01 16:00:00,UE01120,32.96530299315227,-96.96414617832876,XYZ402,C,-110,-2,115,111,Excellent,5,12,low_sinr
2026-07-01 17:00:00,UE01121,32.90251266362195,-96.969301726195,XYZ403,A,-107,4,221,60,Fair,6,37,low_sinr
2026-07-01 18:00:00,UE01122,32.96391639588065,-96.95152519607394,XYZ401,C,-117,1,182,81,Excellent,1,23,low_sinr
2026-07-01 00:00:00,UE01128,32.89707774551764,-96.99370085845908,XYZ401,C,-108,1,183,99,Coverage_Hole,1,23,low_sinr
2026-07-01 01:00:00,UE01129,32.94895566348967,-96.93697268305785,XYZ402,A,-117,0,151,65,Good,2,20,low_sinr
2026-07-01 02:00:00,UE01130,32.97586108114847,-96.97872112277,XYZ403,C,-110,-4,95,56,Fair,3,5,low_sinr
2026-07-01 03:00:00,UE01131,32.967236130934424,-97.01829264800368,XYZ401,A,-117,-6,42,23,Good,4,5,low_sinr
2026-07-01 05:00:00,UE01133,32.96211016586614,-97.00432933380226,XYZ403,A,-108,4,223,124,Poor,6,37,low_sinr
2026-07-01 06:00:00,UE01134,32.94229745001063,-96.94129441421018,XYZ401,C,-111,0,199,32,Excellent,1,21,low_sinr
2026-07-01 07:00:00,UE01135,32.96584553888341,-96.9775191960482,XYZ402,B,-102,3,263,55,Poor,2,31,low_sinr
2026-07-01 11:00:00,UE01139,32.933271885439844,-96.9374654907654,XYZ403,B,-115,-8,47,109,Good,6,5,low_sinr
2026-07-01 12:00:00,UE01140,32.924091264398704,-97.01282783123062,XYZ401,B,-103,2,248,125,Excellent,1,29,low_sinr
2026-07-01 14:00:00,UE01142,32.901607579279855,-97.01143744559975,XYZ403,B,-110,2,190,118,Excellent,3,29,low_sinr
2026-07-01 15:00:00,UE01143,32.957994426786165,-97.02143208027698,XYZ401,B,-110,3,243,26,Fair,4,31,low_sinr
2026-07-01 16:00:00,UE01144,32.97429683847577,-96.96438020755365,XYZ402,A,-118,0,192,86,Excellent,5,20,low_sinr
2026-07-01 22:00:00,UE01150,32.94744793175605,-96.94588526802008,XYZ402,B,-113,0,158,28,Excellent,5,21,low_sinr
2026-07-01 00:00:00,UE01152,32.95017534580395,-96.93964731426978,XYZ401,A,-111,-6,42,66,Good,1,5,low_sinr
2026-07-01 01:00:00,UE01153,32.90515217104238,-96.99814606850724,XYZ402,B,-111,4,302,124,Good,2,37,low_sinr
2026-07-01 02:00:00,UE01154,32.95654695647698,-96.96306107126487,XYZ403,B,-110,-1,113,70,Poor,3,15,low_sinr
2026-07-01 03:00:00,UE01155,32.897046807482674,-96.9899557985044,XYZ401,B,-107,2,231,115,Coverage_Hole,4,29,low_sinr
2026-07-01 04:00:00,UE01156,32.93985216885893,-96.94960123236676,XYZ402,B,-103,4,289,31,Good,5,37,low_sinr
2026-07-01 05:00:00,UE01157,32.90489597858743,-97.0214048679786,XYZ403,B,-121,-3,158,57,Coverage_Hole,6,10,low_sinr
2026-07-01 06:00:00,UE01158,32.90497890301572,-96.9600083952092,XYZ401,C,-111,-3,160,83,Poor,1,11,low_sinr
2026-07-01 08:00:00,UE01160,32.916131145313635,-96.95890684762573,XYZ403,B,-104,4,216,70,Excellent,3,37,low_sinr
2026-07-01 10:00:00,UE01162,32.93583420665305,-96.94353330803696,XYZ402,A,-103,0,166,86,Excellent,5,20,low_sinr
2026-07-01 12:00:00,UE01164,32.97265641058145,-96.97892595024238,XYZ401,C,-119,0,207,88,Coverage_Hole,1,21,low_sinr
2026-07-01 13:00:00,UE01165,32.902671394337524,-96.97699686809966,XYZ402,A,-104,2,186,92,Fair,2,29,low_sinr
2026-07-01 15:00:00,UE01167,32.905813422520424,-96.98663646098623,XYZ401,A,-103,0,187,67,Excellent,4,20,low_sinr
2026-07-01 17:00:00,UE01169,32.910854510125084,-97.02590096403728,XYZ403,B,-120,2,200,34,Coverage_Hole,6,29,low_sinr
2026-07-01 18:00:00,UE01170,32.907457424777974,-96.97500072717008,XYZ401,B,-102,0,200,38,Fair,1,21,low_sinr
2026-07-01 20:00:00,UE01172,32.908527125117025,-97.02241045746794,XYZ403,C,-117,1,167,82,Coverage_Hole,3,24,low_sinr
2026-07-01 04:00:00,UE01180,32.91493085136478,-96.95810377879148,XYZ402,B,-105,-2,144,117,Excellent,5,13,low_sinr
2026-07-01 05:00:00,UE01181,32.92189573125912,-97.01365119792948,XYZ403,C,-112,4,242,32,Fair,6,37,low_sinr
2026-07-01 08:00:00,UE01184,32.96623247844479,-96.95458470424222,XYZ403,A,-118,-2,114,66,Excellent,3,13,low_sinr
2026-07-01 09:00:00,UE01185,32.93237857064674,-96.9550556035309,XYZ401,B,-105,4,292,103,Coverage_Hole,4,36,low_sinr
2026-07-01 14:00:00,UE01190,32.96496049008845,-97.01410564437047,XYZ403,A,-121,2,188,73,Coverage_Hole,3,28,low_sinr
2026-07-01 16:00:00,UE01192,32.97254707027319,-97.00326083406516,XYZ402,C,-116,-4,104,67,Fair,5,5,low_sinr
2026-07-01 18:00:00,UE01194,32.9724478343609,-96.99884042387448,XYZ401,A,-117,-1,139,60,Excellent,1,15,low_sinr
2026-07-01 19:00:00,UE01195,32.95766362929021,-96.95707474889778,XYZ402,B,-99,3,264,28,Fair,2,30,low_sinr
2026-07-01 20:00:00,UE01196,32.91295712639877,-96.96503951466327,XYZ403,B,-100,3,193,35,Coverage_Hole,3,31,low_sinr
2026-07-01 21:00:00,UE01197,32.8954387044431,-96.96958950018691,XYZ401,A,-109,-1,156,35,Fair,4,15,low_sinr
2026-07-01 22:00:00,UE01198,32.93714124548166,-96.93759833292678,XYZ402,A,-116,0,169,55,Poor,5,20,low_sinr
2026-07-01 00:00:00,UE01200,32.934106428130576,-97.03102044657072,XYZ401,A,-112,-4,78,95,Excellent,1,5,low_sinr
2026-07-01 01:00:00,UE01201,32.92146482289583,-96.95374732297482,XYZ402,C,-113,2,210,120,Good,2,29,low_sinr
2026-07-01 03:00:00,UE01203,32.92117679578484,-97.01698788594706,XYZ401,B,-104,4,244,65,Coverage_Hole,4,36,low_sinr
2026-07-01 05:00:00,UE01205,32.92683224358584,-97.03134859439092,XYZ403,B,-114,-1,136,61,Good,6,15,low_sinr
2026-07-01 06:00:00,UE01206,32.89676089782582,-96.99374800714811,XYZ401,B,-109,4,307,21,Fair,1,37,low_sinr
2026-07-01 08:00:00,UE01208,32.902631671112296,-96.97141112411096,XYZ403,A,-108,0,149,63,Excellent,3,21,low_sinr
2026-07-01 13:00:00,UE01213,32.92623674557799,-97.02180923172077,XYZ402,A,-102,1,177,125,Fair,2,23,low_sinr
2026-07-01 14:00:00,UE01214,32.91309629569027,-97.02804418320164,XYZ403,A,-114,0,178,69,Excellent,3,21,low_sinr
2026-07-01 16:00:00,UE01216,32.96130396805842,-97.02597317927888,XYZ402,B,-123,-3,116,36,Poor,5,11,low_sinr
2026-07-01 17:00:00,UE01217,32.934116128512684,-97.02988037844244,XYZ403,C,-107,4,218,27,Excellent,6,37,low_sinr
2026-07-01 18:00:00,UE01218,32.897441226207114,-96.97677566410204,XYZ401,A,-109,-2,118,21,Poor,1,12,low_sinr
2026-07-01 22:00:00,UE01222,32.89955564264572,-97.01360680013045,XYZ402,C,-119,0,200,53,Good,5,21,low_sinr
2026-07-01 23:00:00,UE01223,32.96787054195624,-96.98584930119353,XYZ403,B,-108,4,265,64,Fair,6,37,low_sinr
2026-07-01 01:00:00,UE01225,32.957797966464184,-97.00560683889036,XYZ402,A,-108,3,252,90,Excellent,2,30,low_sinr
2026-07-01 02:00:00,UE01226,32.93742960253188,-96.93970993903582,XYZ403,A,-116,2,268,79,Excellent,3,29,low_sinr
2026-07-01 03:00:00,UE01227,32.9499710361771,-97.02454891648424,XYZ401,B,-113,1,147,76,Fair,4,23,low_sinr
2026-07-01 04:00:00,UE01228,32.93092325448992,-96.95714950853996,XYZ402,C,-98,4,322,81,Excellent,5,37,low_sinr
2026-07-01 05:00:00,UE01229,32.93039473259665,-96.93965677459884,XYZ403,C,-118,2,234,129,Good,6,28,low_sinr
2026-07-01 06:00:00,UE01230,32.910102332096564,-96.96852847027182,XYZ401,B,-103,3,187,18,Good,1,31,low_sinr
2026-07-01 08:00:00,UE01232,32.96908775064514,-97.00661966129032,XYZ403,B,-112,-7,40,59,Poor,3,5,low_sinr
2026-07-01 09:00:00,UE01233,32.91926719684369,-97.02442800952971,XYZ401,C,-115,1,174,22,Excellent,4,22,low_sinr
2026-07-01 10:00:00,UE01234,32.91479996839997,-97.02600085225528,XYZ402,A,-116,-1,113,62,Fair,5,16,low_sinr
2026-07-01 11:00:00,UE01235,32.93386102296446,-97.02716522243534,XYZ403,C,-113,1,147,87,Coverage_Hole,6,22,low_sinr
2026-07-01 14:00:00,UE01238,32.95690255903313,-96.96309938176856,XYZ403,A,-103,4,241,125,Excellent,3,36,low_sinr
2026-07-01 15:00:00,UE01239,32.92676949395769,-97.02675867437748,XYZ401,A,-109,2,187,53,Poor,4,28,low_sinr
2026-07-01 17:00:00,UE01241,32.92917986745299,-97.02434899594611,XYZ403,B,-110,4,235,97,Poor,6,37,low_sinr
2026-07-01 18:00:00,UE01242,32.95792623626754,-96.9967085845938,XYZ401,B,-105,1,150,110,Poor,1,22,low_sinr
2026-07-01 20:00:00,UE01244,32.94566683950256,-96.94216080712263,XYZ403,B,-116,4,316,125,Good,3,36,low_sinr
2026-07-01 23:00:00,UE01247,32.93815988551508,-96.93543320476088,XYZ403,C,-117,-2,116,59,Good,6,12,low_sinr
2026-07-01 03:00:00,UE01251,32.95917493776922,-97.00112487522244,XYZ401,A,-107,2,235,37,Coverage_Hole,4,29,low_sinr
2026-07-01 05:00:00,UE01253,32.93535738780078,-97.03408050304245,XYZ403,C,-112,-4,79,121,Excellent,6,5,low_sinr
2026-07-01 06:00:00,UE01254,32.919382716603835,-97.02104334609396,XYZ401,A,-110,-2,120,91,Excellent,1,13,low_sinr
2026-07-01 07:00:00,UE01255,32.91615692800839,-97.02050251723706,XYZ402,A,-114,3,202,48,Good,2,31,low_sinr
2026-07-01 09:00:00,UE01257,32.93666137920099,-97.02610199430774,XYZ401,A,-107,4,323,46,Good,4,37,low_sinr
2026-07-01 11:00:00,UE01259,32.953266962077635,-96.94185581477716,XYZ403,C,-116,-1,111,124,Coverage_Hole,6,14,low_sinr
2026-07-01 17:00:00,UE01265,32.92247437741863,-97.02860003724972,XYZ403,C,-110,-1,138,57,Coverage_Hole,6,14,low_sinr
2026-07-01 20:00:00,UE01268,32.921334394949014,-96.94559843587318,XYZ403,A,-110,3,230,110,Excellent,3,31,low_sinr
2026-07-01 21:00:00,UE01269,32.96941367597038,-96.97010283551622,XYZ401,A,-106,2,249,56,Excellent,4,28,low_sinr
2026-07-01 22:00:00,UE01270,32.90289856408585,-96.99640967743088,XYZ402,A,-107,1,146,101,Excellent,5,24,low_sinr
2026-07-01 00:00:00,UE01272,32.90046485329061,-97.00005677153472,XYZ401,A,-105,0,187,118,Excellent,1,21,low_sinr
2026-07-01 01:00:00,UE01273,32.9185203926552,-96.94159341138486,XYZ402,B,-121,3,245,21,Excellent,2,31,low_sinr
2026-07-01 02:00:00,UE01274,32.9008212301982,-96.9688210706392,XYZ403,B,-116,1,212,20,Fair,3,22,low_sinr
2026-07-01 03:00:00,UE01275,32.943580148748616,-97.0250057670426,XYZ401,A,-111,0,156,83,Excellent,4,20,low_sinr
2026-07-01 04:00:00,UE01276,32.94712459526368,-97.03440007779083,XYZ402,A,-120,-1,147,46,Fair,5,14,low_sinr
2026-07-01 06:00:00,UE01278,32.96465763758881,-97.0062153086026,XYZ401,A,-109,-2,147,114,Coverage_Hole,1,13,low_sinr
2026-07-01 08:00:00,UE01280,32.91501189404271,-96.9563511007698,XYZ403,C,-106,3,187,95,Poor,3,32,low_sinr
2026-07-01 09:00:00,UE01281,32.9003565705896,-96.95779898928444,XYZ401,B,-118,-2,152,60,Excellent,4,12,low_sinr
2026-07-01 10:00:00,UE01282,32.90315623328299,-96.955245279218,XYZ402,A,-119,-5,79,25,Good,5,5,low_sinr
2026-07-01 11:00:00,UE01283,32.9729854911855,-96.96279273740416,XYZ403,C,-114,4,310,82,Fair,6,36,low_sinr
2026-07-01 14:00:00,UE01286,32.941593063224225,-97.0280899886757,XYZ403,C,-119,4,282,20,Poor,3,36,low_sinr
2026-07-01 16:00:00,UE01288,32.92857751100475,-97.03481257617184,XYZ402,A,-118,-2,155,29,Poor,5,13,low_sinr
2026-07-01 17:00:00,UE01289,32.90027763653699,-96.95840700997266,XYZ403,A,-117,-1,150,112,Fair,6,16,low_sinr
2026-07-01 19:00:00,UE01291,32.945748546421584,-97.0143820785754,XYZ402,A,-105,1,170,34,Good,2,23,low_sinr
2026-07-01 21:00:00,UE01293,32.94440427764543,-97.01895534509674,XYZ401,B,-108,4,274,53,Fair,4,36,low_sinr
2026-07-01 22:00:00,UE01294,32.93296516515825,-96.94439157553688,XYZ402,C,-115,3,191,74,Poor,5,31,low_sinr
2026-07-01 23:00:00,UE01295,32.96522143762827,-96.99902440432932,XYZ403,C,-106,1,204,85,Excellent,6,22,low_sinr
2026-07-01 00:00:00,UE01296,32.95980677551659,-96.9879247618856,XYZ401,C,-99,0,181,71,Coverage_Hole,1,20,low_sinr
2026-07-01 01:00:00,UE01297,32.96807833336753,-96.965262870283,XYZ402,B,-117,0,151,15,Fair,2,20,low_sinr
2026-07-01 02:00:00,UE01298,32.96237703929191,-96.98585383023064,XYZ403,A,-105,4,248,60,Good,3,37,low_sinr
2026-07-01 06:00:00,UE01302,32.90028187415064,-96.96348191722782,XYZ401,A,-114,2,224,80,Coverage_Hole,1,28,low_sinr
2026-07-01 07:00:00,UE01303,32.90780748998419,-96.9882226519263,XYZ402,A,-98,4,247,73,Coverage_Hole,2,36,low_sinr
2026-07-01 12:00:00,UE01308,32.972739350700586,-96.96885416037148,XYZ401,B,-113,-4,74,112,Fair,1,5,low_sinr
2026-07-01 13:00:00,UE01309,32.96143206599672,-97.00349544148553,XYZ402,C,-109,2,219,40,Excellent,2,29,low_sinr
2026-07-01 14:00:00,UE01310,32.89618399556612,-96.98681421159608,XYZ403,A,-107,-3,125,66,Good,3,9,low_sinr
2026-07-01 16:00:00,UE01312,32.96362494264614,-96.97115519085672,XYZ402,A,-100,4,272,64,Fair,5,37,low_sinr
2026-07-01 18:00:00,UE01314,32.959590993182964,-97.01329873738192,XYZ401,A,-108,4,320,117,Poor,1,37,low_sinr
2026-07-01 22:00:00,UE01318,32.9629572094864,-96.963022216941,XYZ402,C,-111,0,145,28,Excellent,5,20,low_sinr
2026-07-01 02:00:00,UE01322,32.95814620167492,-97.02234345241013,XYZ403,B,-119,3,232,67,Fair,3,31,low_sinr
2026-07-01 03:00:00,UE01323,32.91705886384728,-96.95788236596177,XYZ401,C,-107,4,220,110,Good,4,36,low_sinr
2026-07-01 04:00:00,UE01324,32.939102155949115,-97.0337555734608,XYZ402,B,-113,-5,104,96,Fair,5,5,low_sinr
2026-07-01 06:00:00,UE01326,32.97123480557632,-96.9753587532205,XYZ401,B,-113,-6,38,119,Good,1,5,low_sinr
2026-07-01 08:00:00,UE01328,32.899859733703074,-96.99429499931324,XYZ403,B,-107,-1,123,102,Fair,3,15,low_sinr
2026-07-01 13:00:00,UE01333,32.94690882507887,-97.00994669060502,XYZ402,C,-98,3,259,36,Poor,2,31,low_sinr
2026-07-01 14:00:00,UE01334,32.950224261302445,-96.94597400724932,XYZ403,B,-112,0,190,106,Coverage_Hole,3,21,low_sinr
2026-07-01 15:00:00,UE01335,32.92710576803854,-97.0343382235836,XYZ401,A,-113,-1,151,75,Good,4,16,low_sinr
2026-07-01 17:00:00,UE01337,32.90406769967447,-97.0194689692311,XYZ403,A,-113,1,145,17,Poor,6,23,low_sinr
2026-07-01 19:00:00,UE01339,32.96352448478891,-96.9767563683894,XYZ402,C,-114,4,293,40,Coverage_Hole,2,36,low_sinr
2026-07-01 02:00:00,UE01346,32.92970751931612,-97.02367561228998,XYZ403,A,-115,0,181,18,Excellent,3,21,low_sinr
2026-07-01 05:00:00,UE01349,32.97171199822574,-96.99836702016988,XYZ403,B,-112,-2,120,97,Excellent,6,13,low_sinr
2026-07-01 06:00:00,UE01350,32.95307033203377,-96.93905650351446,XYZ401,A,-123,3,230,22,Poor,1,31,low_sinr
2026-07-01 09:00:00,UE01353,32.93728339191095,-96.94465569517652,XYZ401,B,-115,1,163,91,Poor,4,23,low_sinr
2026-07-01 10:00:00,UE01354,32.92559090495397,-96.94679789514666,XYZ402,C,-105,1,195,80,Excellent,5,23,low_sinr
2026-07-01 11:00:00,UE01355,32.9551137352498,-96.95362331186612,XYZ403,B,-111,4,283,118,Excellent,6,37,low_sinr
2026-07-01 12:00:00,UE01356,32.93027308023603,-96.9396214587828,XYZ401,B,-110,4,313,77,Excellent,1,37,low_sinr
2026-07-01 14:00:00,UE01358,32.90461332543595,-96.97349413288173,XYZ403,A,-114,-3,152,19,Excellent,3,9,low_sinr
2026-07-01 15:00:00,UE01359,32.950084183566986,-96.93891647289264,XYZ401,B,-121,0,167,32,Coverage_Hole,4,21,low_sinr
2026-07-01 16:00:00,UE01360,32.937137305618585,-96.93435610522118,XYZ402,C,-113,0,180,34,Fair,5,21,low_sinr
2026-07-01 18:00:00,UE01362,32.92576103491292,-96.9442061499415,XYZ401,C,-114,1,161,55,Coverage_Hole,1,23,low_sinr
2026-07-01 20:00:00,UE01364,32.967980548648484,-96.97689385172072,XYZ403,A,-109,0,187,32,Good,3,21,low_sinr
2026-07-01 21:00:00,UE01365,32.92004393161677,-97.0273484337879,XYZ401,B,-122,-4,72,86,Excellent,4,5,low_sinr
2026-07-01 23:00:00,UE01367,32.946956269278736,-96.93582858194507,XYZ403,C,-118,-4,90,80,Coverage_Hole,6,5,low_sinr
2026-07-01 00:00:00,UE01368,32.90705102177634,-97.01508419608854,XYZ401,B,-112,3,269,47,Poor,1,31,low_sinr
2026-07-01 02:00:00,UE01370,32.924424835294786,-97.01979690120142,XYZ403,B,-105,3,216,64,Excellent,3,32,low_sinr
2026-07-01 05:00:00,UE01373,32.912891858896835,-97.01010888842632,XYZ403,B,-110,0,182,66,Good,6,20,low_sinr
2026-07-01 06:00:00,UE01374,32.89674876479062,-96.99721992218863,XYZ401,C,-106,0,211,74,Excellent,1,20,low_sinr
2026-07-01 07:00:00,UE01375,32.96950662124675,-97.0054233186288,XYZ402,B,-113,0,177,88,Good,2,21,low_sinr
2026-07-01 11:00:00,UE01379,32.93831865248448,-96.93815552031198,XYZ403,B,-112,-4,80,53,Poor,6,5,low_sinr
2026-07-01 12:00:00,UE01380,32.94916693900667,-96.95502738084215,XYZ401,B,-95,2,225,72,Fair,1,29,low_sinr
2026-07-01 16:00:00,UE01384,32.89300531470643,-96.97681832958382,XYZ402,A,-120,-6,53,104,Poor,5,5,low_sinr
2026-07-01 17:00:00,UE01385,32.96779824543772,-96.98551498264467,XYZ403,B,-107,4,232,21,Coverage_Hole,6,37,low_sinr
2026-07-01 18:00:00,UE01386,32.967911558970265,-96.9564394784569,XYZ401,C,-113,-3,136,19,Good,1,9,low_sinr
2026-07-01 19:00:00,UE01387,32.920554938834975,-96.93917330871729,XYZ402,A,-114,-2,158,89,Coverage_Hole,2,12,low_sinr
2026-07-01 20:00:00,UE01388,32.94929112381892,-96.94888446519012,XYZ403,B,-100,1,192,111,Fair,3,23,low_sinr
2026-07-01 21:00:00,UE01389,32.95985280601575,-96.97640299471182,XYZ401,C,-103,4,247,67,Coverage_Hole,4,36,low_sinr
2026-07-01 23:00:00,UE01391,32.952412189608765,-97.02357386291048,XYZ403,B,-115,0,195,51,Excellent,6,20,low_sinr
2026-07-01 01:00:00,UE01393,32.96483307312737,-96.9485195066898,XYZ402,B,-118,-3,157,16,Good,2,10,low_sinr
2026-07-01 02:00:00,UE01394,32.90410465437253,-97.0052009341572,XYZ403,B,-110,1,202,19,Coverage_Hole,3,23,low_sinr
2026-07-01 05:00:00,UE01397,32.9753023377056,-96.98230971881804,XYZ403,A,-115,0,162,102,Poor,6,20,low_sinr
2026-07-01 13:00:00,UE01405,32.965984342299514,-97.0202530066276,XYZ402,A,-122,1,185,27,Poor,2,23,low_sinr
2026-07-01 15:00:00,UE01407,32.905137016389936,-96.97808904126424,XYZ401,B,-106,3,189,95,Excellent,4,30,low_sinr
2026-07-01 17:00:00,UE01409,32.970856403168035,-96.9762485639354,XYZ403,C,-108,0,183,39,Coverage_Hole,6,21,low_sinr
2026-07-01 18:00:00,UE01410,32.964588851057044,-97.00102088069649,XYZ401,B,-107,3,192,89,Coverage_Hole,1,31,low_sinr
2026-07-01 02:00:00,UE01418,32.89932228579661,-96.9950816501091,XYZ403,C,-111,-5,78,76,Good,3,5,low_sinr
2026-07-01 04:00:00,UE01420,32.94766972746758,-97.02279060498726,XYZ402,C,-103,3,201,55,Fair,5,31,low_sinr
2026-07-01 06:00:00,UE01422,32.94937095757544,-96.95572049551588,XYZ401,A,-107,0,144,43,Coverage_Hole,1,20,low_sinr
2026-07-01 07:00:00,UE01423,32.91239760513125,-97.01817438180998,XYZ402,B,-105,-3,111,100,Fair,2,11,low_sinr
2026-07-01 08:00:00,UE01424,32.9529336928859,-97.0059550853919,XYZ403,C,-103,4,223,51,Excellent,3,37,low_sinr
2026-07-01 09:00:00,UE01425,32.97169319067929,-96.99250013182856,XYZ401,C,-103,0,153,116,Excellent,4,21,low_sinr
2026-07-01 14:00:00,UE01430,32.94946668165345,-97.01599146518124,XYZ403,C,-101,2,216,107,Fair,3,29,low_sinr
2026-07-01 15:00:00,UE01431,32.957953372390314,-96.95762210863246,XYZ401,C,-109,2,249,87,Good,4,28,low_sinr
2026-07-01 16:00:00,UE01432,32.97029138580215,-96.99809956778368,XYZ402,C,-113,0,205,93,Poor,5,21,low_sinr
2026-07-01 20:00:00,UE01436,32.921710096503425,-97.0094898572614,XYZ403,C,-97,1,173,53,Coverage_Hole,3,23,low_sinr
2026-07-01 21:00:00,UE01437,32.901674023107475,-96.97714773658872,XYZ401,C,-106,4,308,122,Good,4,36,low_sinr
2026-07-01 23:00:00,UE01439,32.967909339885416,-96.97523310899372,XYZ403,C,-107,1,155,122,Poor,6,23,low_sinr
2026-07-01 03:00:00,UE01443,32.970646560901905,-96.99530730695564,XYZ401,C,-114,1,193,43,Coverage_Hole,4,23,low_sinr
2026-07-01 04:00:00,UE01444,32.93516771846946,-97.03544715981798,XYZ402,A,-111,-7,50,108,Poor,5,5,low_sinr
2026-07-01 06:00:00,UE01446,32.91484156315827,-96.94083886077512,XYZ401,B,-113,-1,160,23,Good,1,15,low_sinr
2026-07-01 08:00:00,UE01448,32.93493059003224,-97.03385010224407,XYZ403,A,-124,4,249,59,Poor,3,37,low_sinr
2026-07-01 09:00:00,UE01449,32.900261117752464,-96.98960465247524,XYZ401,C,-108,0,196,31,Coverage_Hole,4,21,low_sinr
2026-07-01 10:00:00,UE01450,32.937902396758254,-96.9428902794397,XYZ402,A,-105,1,201,86,Excellent,5,23,low_sinr
2026-07-01 11:00:00,UE01451,32.896251764640105,-96.97336863764022,XYZ403,C,-110,0,191,28,Excellent,6,20,low_sinr
2026-07-01 13:00:00,UE01453,32.900175096710896,-96.9754731902346,XYZ402,B,-106,0,207,60,Excellent,2,21,low_sinr
2026-07-01 14:00:00,UE01454,32.93188317928847,-96.94673402644088,XYZ403,C,-106,4,298,27,Coverage_Hole,3,36,low_sinr
2026-07-01 15:00:00,UE01455,32.906394658787434,-97.007948048753,XYZ401,A,-99,2,244,69,Fair,4,28,low_sinr
2026-07-01 18:00:00,UE01458,32.963068137239034,-97.00277095718864,XYZ401,C,-105,0,199,120,Fair,1,21,low_sinr
2026-07-01 20:00:00,UE01460,32.93446199654702,-97.0299792238594,XYZ403,B,-104,1,146,75,Excellent,3,23,low_sinr
2026-07-01 21:00:00,UE01461,32.945853147527785,-96.93933054652432,XYZ401,A,-110,1,175,27,Fair,4,24,low_sinr
2026-07-01 22:00:00,UE01462,32.90064948262859,-96.95599596814316,XYZ402,B,-121,-2,141,33,Excellent,5,12,low_sinr
2026-07-01 23:00:00,UE01463,32.962631336267215,-96.95412203028717,XYZ403,C,-114,4,295,61,Fair,6,36,low_sinr
2026-07-01 00:00:00,UE01464,32.97585332571462,-96.9680702491059,XYZ401,B,-114,-5,73,85,Fair,1,5,low_sinr
2026-07-01 01:00:00,UE01465,32.91118576992288,-96.9507461237478,XYZ402,A,-114,3,184,75,Excellent,2,31,low_sinr
2026-07-01 03:00:00,UE01467,32.97400339336201,-96.98222101191531,XYZ401,A,-114,-1,153,76,Coverage_Hole,4,15,low_sinr
2026-07-01 04:00:00,UE01468,32.90796272930811,-96.9858919034493,XYZ402,B,-98,2,182,83,Good,5,28,low_sinr
2026-07-01 06:00:00,UE01470,32.93236600226264,-96.95628754986711,XYZ401,A,-102,4,301,91,Poor,1,36,low_sinr
2026-07-01 07:00:00,UE01471,32.8961834745196,-96.97724701342526,XYZ402,B,-112,0,154,30,Excellent,2,20,low_sinr
2026-07-01 08:00:00,UE01472,32.9622134357205,-96.96499115776776,XYZ403,C,-111,3,197,24,Good,3,32,low_sinr
2026-07-01 09:00:00,UE01473,32.930795736085685,-97.02596223286344,XYZ401,B,-114,0,179,57,Coverage_Hole,4,21,low_sinr
2026-07-01 11:00:00,UE01475,32.91679272251566,-96.94687236300312,XYZ403,B,-116,3,181,59,Excellent,6,31,low_sinr
2026-07-01 12:00:00,UE01476,32.94160496014817,-97.03287242711798,XYZ401,B,-115,-1,160,29,Coverage_Hole,1,15,low_sinr
2026-07-01 13:00:00,UE01477,32.93455143430008,-96.94132114260336,XYZ402,B,-111,2,216,109,Fair,2,29,low_sinr
2026-07-01 14:00:00,UE01478,32.90858400860554,-96.96312520970277,XYZ403,B,-105,1,166,32,Coverage_Hole,3,23,low_sinr
2026-07-01 16:00:00,UE01480,32.90267166144969,-96.96758023967428,XYZ402,A,-108,3,224,40,Poor,5,31,low_sinr
2026-07-01 17:00:00,UE01481,32.93584964424016,-96.9384182577497,XYZ403,C,-106,-3,147,105,Fair,6,11,low_sinr
2026-07-01 20:00:00,UE01484,32.96253904462117,-97.0020948566229,XYZ403,C,-104,0,155,123,Poor,3,20,low_sinr
2026-07-01 22:00:00,UE01486,32.903407830338125,-96.98081612138056,XYZ402,C,-113,3,243,76,Poor,5,31,low_sinr
2026-07-01 23:00:00,UE01487,32.92391691638085,-96.95756127307268,XYZ403,C,-103,2,199,63,Good,6,28,low_sinr
2026-07-01 00:00:00,UE01488,32.9215833689403,-97.0289948598664,XYZ401,C,-112,0,205,59,Poor,1,20,low_sinr
2026-07-01 01:00:00,UE01489,32.919840517413355,-96.94056687938894,XYZ402,C,-117,-1,117,28,Good,2,14,low_sinr
2026-07-01 02:00:00,UE01490,32.90141801043961,-96.98002489615176,XYZ403,C,-111,1,209,18,Poor,3,23,low_sinr
2026-07-01 03:00:00,UE01491,32.968342142297786,-96.99950522914747,XYZ401,A,-104,0,178,56,Poor,4,20,low_sinr
2026-07-01 04:00:00,UE01492,32.903990715149405,-96.98637916242714,XYZ402,A,-107,2,216,77,Coverage_Hole,5,29,low_sinr
2026-07-01 09:00:00,UE01497,32.89675679216778,-96.96224390089604,XYZ401,C,-119,-4,99,45,Coverage_Hole,4,5,low_sinr
2026-07-01 15:00:00,UE01503,32.926740527296815,-97.02666528778572,XYZ401,C,-110,2,241,113,Poor,4,29,low_sinr
2026-07-01 18:00:00,UE01506,32.90421606169122,-96.9839711692549,XYZ401,A,-104,1,157,74,Fair,1,23,low_sinr
2026-07-01 19:00:00,UE01507,32.94212699787428,-96.93984703544815,XYZ402,A,-114,0,212,107,Excellent,2,20,low_sinr
2026-07-01 22:00:00,UE01510,32.92205215498267,-96.95556276167432,XYZ402,A,-101,4,235,61,Coverage_Hole,5,37,low_sinr
2026-07-01 23:00:00,UE01511,32.906945195171204,-96.94634833772726,XYZ403,A,-117,-6,37,47,Excellent,6,5,low_sinr
2026-07-01 00:00:00,UE01512,32.93247903912145,-96.93356179426506,XYZ401,A,-116,2,194,28,Good,1,29,low_sinr
2026-07-01 01:00:00,UE01513,32.96771136590356,-96.97869600065414,XYZ402,C,-110,4,307,43,Coverage_Hole,2,37,low_sinr
2026-07-01 04:00:00,UE01516,32.97765782984035,-96.97533521783626,XYZ402,A,-113,-4,98,37,Coverage_Hole,5,5,low_sinr
2026-07-01 05:00:00,UE01517,32.964918845479005,-96.95225342440484,XYZ403,C,-121,-3,150,74,Fair,6,11,low_sinr
2026-07-01 07:00:00,UE01519,32.92263638766036,-97.03348659995636,XYZ402,B,-121,-5,104,22,Excellent,2,5,low_sinr
2026-07-01 09:00:00,UE01521,32.93185174407997,-96.9371214181802,XYZ401,B,-115,0,153,33,Good,4,20,low_sinr
2026-07-01 14:00:00,UE01526,32.9699657473709,-96.98609080027988,XYZ403,C,-113,0,156,96,Poor,3,20,low_sinr
2026-07-01 15:00:00,UE01527,32.93637137573034,-96.9523341838182,XYZ401,B,-96,3,219,38,Coverage_Hole,4,32,low_sinr
2026-07-01 16:00:00,UE01528,32.975286381730136,-96.99451775240476,XYZ402,A,-114,3,269,30,Excellent,5,31,low_sinr
2026-07-01 18:00:00,UE01530,32.943633235015135,-96.94029662356311,XYZ401,B,-110,-1,135,17,Coverage_Hole,1,16,low_sinr
2026-07-01 20:00:00,UE01532,32.915326993534755,-96.947146362031,XYZ403,C,-115,0,157,18,Coverage_Hole,3,21,low_sinr
2026-07-01 22:00:00,UE01534,32.89753045677865,-96.9895098275742,XYZ402,A,-111,0,209,90,Coverage_Hole,5,20,low_sinr
2026-07-01 00:00:00,UE01536,32.90468974902028,-96.95206410594862,XYZ401,B,-112,3,187,102,Good,1,32,low_sinr
2026-07-01 01:00:00,UE01537,32.89864100336816,-96.9610253275393,XYZ402,C,-118,-3,151,42,Poor,2,10,low_sinr
2026-07-01 04:00:00,UE01540,32.90210303313195,-97.01865203503056,XYZ402,A,-123,-5,97,43,Excellent,5,5,low_sinr
2026-07-01 05:00:00,UE01541,32.93699886564386,-96.94547475701134,XYZ403,A,-112,0,153,84,Poor,6,20,low_sinr
2026-07-01 08:00:00,UE01544,32.90064702316871,-96.99571719636786,XYZ403,B,-115,0,203,42,Coverage_Hole,3,20,low_sinr
2026-07-01 10:00:00,UE01546,32.93055218003472,-97.0311518095998,XYZ402,A,-115,-2,123,67,Coverage_Hole,5,12,low_sinr
2026-07-01 15:00:00,UE01551,32.89582412809886,-96.9700827540303,XYZ401,A,-118,0,181,113,Fair,4,21,low_sinr
2026-07-01 18:00:00,UE01554,32.90770698218012,-96.95753174948852,XYZ401,A,-108,1,182,92,Fair,1,24,low_sinr
2026-07-01 21:00:00,UE01557,32.96907932104893,-97.00319101321,XYZ401,C,-109,3,229,117,Fair,4,31,low_sinr
2026-07-01 23:00:00,UE01559,32.95456429448964,-97.01688442500426,XYZ403,C,-110,3,247,79,Excellent,6,32,low_sinr
2026-07-01 00:00:00,UE01560,32.972970539912794,-96.99588986399594,XYZ401,A,-120,-3,117,33,Coverage_Hole,1,11,low_sinr
2026-07-01 01:00:00,UE01561,32.940047725393136,-96.95567217558134,XYZ402,A,-106,3,246,94,Coverage_Hole,2,31,low_sinr
2026-07-01 02:00:00,UE01562,32.93769758244427,-96.94032480423952,XYZ403,B,-109,2,244,129,Poor,3,29,low_sinr
2026-07-01 03:00:00,UE01563,32.92560032615511,-97.01502372238495,XYZ401,A,-99,4,263,31,Fair,4,37,low_sinr
2026-07-01 04:00:00,UE01564,32.904523709681094,-96.99027908020943,XYZ402,C,-103,1,155,51,Fair,5,22,low_sinr
2026-07-01 06:00:00,UE01566,32.89736012023916,-96.96219056832447,XYZ401,A,-111,-5,78,95,Fair,1,5,low_sinr
2026-07-01 08:00:00,UE01568,32.93657616126249,-97.02631346379644,XYZ403,C,-107,-1,111,61,Fair,3,15,low_sinr
2026-07-01 09:00:00,UE01569,32.91794801072788,-97.03133967959936,XYZ401,B,-120,-3,109,16,Good,4,10,low_sinr
2026-07-01 19:00:00,UE01579,32.96282853354874,-97.02413005511936,XYZ402,A,-111,-5,104,74,Excellent,2,5,low_sinr
2026-07-01 20:00:00,UE01580,32.951807222367904,-97.0139292864918,XYZ403,B,-108,4,218,19,Good,3,36,low_sinr
2026-07-01 21:00:00,UE01581,32.92039138363585,-96.94046713448786,XYZ401,C,-119,0,196,108,Fair,4,20,low_sinr
2026-07-01 22:00:00,UE01582,32.9399801463205,-97.03277956384774,XYZ402,A,-114,1,208,127,Fair,5,23,low_sinr
2026-07-01 03:00:00,UE01587,32.96442180154645,-97.00437955427792,XYZ401,B,-105,3,209,37,Coverage_Hole,4,31,low_sinr
2026-07-01 04:00:00,UE01588,32.945008273734004,-97.03555406697278,XYZ402,A,-121,-5,102,83,Excellent,5,5,low_sinr
2026-07-01 06:00:00,UE01590,32.95454158065042,-97.01532393524388,XYZ401,C,-103,0,187,31,Poor,1,21,low_sinr
2026-07-01 07:00:00,UE01591,32.90818527374677,-96.94616904570644,XYZ402,A,-119,-1,140,27,Excellent,2,14,low_sinr
2026-07-01 08:00:00,UE01592,32.94171490006589,-96.94556352782004,XYZ403,C,-104,4,302,58,Good,3,37,low_sinr
2026-07-01 09:00:00,UE01593,32.971890925258144,-97.00821536361804,XYZ401,C,-114,-4,93,129,Excellent,4,5,low_sinr
2026-07-01 14:00:00,UE01598,32.92122433880224,-97.01000302519748,XYZ403,B,-97,4,301,125,Fair,3,37,low_sinr
2026-07-01 15:00:00,UE01599,32.95599396518845,-97.0180140680171,XYZ401,A,-105,1,191,78,Good,4,24,low_sinr
2026-07-01 16:00:00,UE01600,32.900869458888046,-96.98662962685258,XYZ402,B,-113,0,201,124,Excellent,5,20,low_sinr
2026-07-01 17:00:00,UE01601,32.97457229256956,-96.99457076457736,XYZ403,B,-109,2,236,120,Coverage_Hole,6,28,low_sinr
2026-07-01 18:00:00,UE01602,32.96667826466509,-96.95044925945844,XYZ401,A,-115,-3,115,42,Excellent,1,10,low_sinr
2026-07-01 19:00:00,UE01603,32.90891214117892,-97.00977069727166,XYZ402,B,-110,0,150,42,Poor,2,20,low_sinr
2026-07-01 20:00:00,UE01604,32.9710047066673,-96.9654172013112,XYZ403,B,-111,1,191,87,Fair,3,24,low_sinr
2026-07-01 21:00:00,UE01605,32.97260534759379,-96.96052300803358,XYZ401,B,-111,-6,40,27,Poor,4,5,low_sinr
2026-07-01 22:00:00,UE01606,32.970773737069194,-96.99191797610683,XYZ402,C,-115,2,227,45,Poor,5,28,low_sinr
2026-07-01 02:00:00,UE01610,32.96643184792023,-96.999368590191,XYZ403,A,-103,4,269,49,Fair,3,36,low_sinr
2026-07-01 03:00:00,UE01611,32.91200158835833,-96.94492901329868,XYZ401,B,-111,-2,136,120,Excellent,4,12,low_sinr
2026-07-01 04:00:00,UE01612,32.964915280446725,-96.99298721947378,XYZ402,A,-105,4,258,51,Excellent,5,36,low_sinr
2026-07-01 06:00:00,UE01614,32.97477127731419,-97.00268892774002,XYZ401,A,-114,0,187,120,Coverage_Hole,1,20,low_sinr
2026-07-01 10:00:00,UE01618,32.90267668383887,-96.97806223646042,XYZ402,A,-107,3,232,64,Poor,5,31,low_sinr
2026-07-01 11:00:00,UE01619,32.972272841703955,-96.98883136729464,XYZ403,C,-109,1,184,69,Good,6,24,low_sinr
2026-07-01 13:00:00,UE01621,32.91897047185649,-96.93838159733156,XYZ402,B,-117,-8,36,129,Poor,2,5,low_sinr
2026-07-01 16:00:00,UE01624,32.974004253831104,-96.97926275266538,XYZ402,C,-110,0,169,66,Poor,5,21,low_sinr
2026-07-01 18:00:00,UE01626,32.90611108939416,-96.94677074321692,XYZ401,B,-110,-4,104,115,Good,1,5,low_sinr
2026-07-01 20:00:00,UE01628,32.95936743488316,-97.00905671738634,XYZ403,A,-112,4,285,82,Poor,3,36,low_sinr
2026-07-01 01:00:00,UE01633,32.967538587339554,-97.01458871122756,XYZ402,B,-115,1,184,33,Fair,2,23,low_sinr
2026-07-01 02:00:00,UE01634,32.93500124754828,-96.93498086586358,XYZ403,A,-112,-6,45,18,Poor,3,5,low_sinr
2026-07-01 04:00:00,UE01636,32.9441176826554,-97.03412671331128,XYZ402,A,-120,3,243,94,Coverage_Hole,5,32,low_sinr
2026-07-01 05:00:00,UE01637,32.9627766958296,-96.99419839982323,XYZ403,B,-107,4,285,114,Poor,6,37,low_sinr
2026-07-01 09:00:00,UE01641,32.91332997157672,-96.9425727141742,XYZ401,C,-117,3,225,18,Poor,4,31,low_sinr
2026-07-01 11:00:00,UE01643,32.91939741981939,-97.0186958130363,XYZ403,B,-99,3,248,31,Poor,6,32,low_sinr
2026-07-01 13:00:00,UE01645,32.97057435779163,-96.96464507800984,XYZ402,B,-116,-3,144,63,Coverage_Hole,2,10,low_sinr
2026-07-01 14:00:00,UE01646,32.91180623524753,-97.00242953398715,XYZ403,A,-99,2,255,29,Excellent,3,29,low_sinr
2026-07-01 17:00:00,UE01649,32.913360707559924,-97.0150345703462,XYZ403,B,-113,0,153,22,Excellent,6,20,low_sinr
2026-07-01 21:00:00,UE01653,32.94416909180773,-97.01708485758694,XYZ401,B,-100,1,160,97,Coverage_Hole,4,23,low_sinr
2026-07-01 22:00:00,UE01654,32.93092251577136,-96.95289916341636,XYZ402,A,-104,2,203,29,Good,5,28,low_sinr
2026-07-01 23:00:00,UE01655,32.96879065723931,-96.9631892146179,XYZ403,C,-112,-3,145,105,Poor,6,10,low_sinr
2026-07-01 02:00:00,UE01658,32.92287152331172,-97.03174849568164,XYZ403,C,-114,4,243,59,Coverage_Hole,3,36,low_sinr
2026-07-01 04:00:00,UE01660,32.942646806165435,-96.94665045602446,XYZ402,B,-107,1,156,102,Fair,5,23,low_sinr
2026-07-01 05:00:00,UE01661,32.9707804258136,-96.98945000278754,XYZ403,A,-106,-1,144,55,Good,6,14,low_sinr
2026-07-01 13:00:00,UE01669,32.913756442830376,-96.9478447829494,XYZ402,C,-114,-2,160,99,Coverage_Hole,2,13,low_sinr
2026-07-01 14:00:00,UE01670,32.93842913417608,-96.95251137075763,XYZ403,B,-100,2,239,125,Poor,3,29,low_sinr
2026-07-01 15:00:00,UE01671,32.924266849003544,-96.94768783795406,XYZ401,B,-104,4,306,27,Coverage_Hole,4,36,low_sinr
2026-07-01 18:00:00,UE01674,32.904069615389986,-96.99767800965604,XYZ401,B,-103,2,226,35,Excellent,1,29,low_sinr
2026-07-01 19:00:00,UE01675,32.97617601124119,-96.9782677270419,XYZ402,A,-121,1,206,73,Coverage_Hole,2,23,low_sinr
2026-07-01 20:00:00,UE01676,32.96665539731308,-96.99468408905616,XYZ403,A,-112,0,201,55,Excellent,3,20,low_sinr
2026-07-01 21:00:00,UE01677,32.95751226692383,-96.94951911075542,XYZ401,C,-114,-3,119,75,Poor,4,11,low_sinr
2026-07-01 22:00:00,UE01678,32.89447202235041,-96.98012722765856,XYZ402,B,-121,-4,91,30,Excellent,5,5,low_sinr
2026-07-01 03:00:00,UE01683,32.95694789209075,-97.0068189896172,XYZ401,A,-104,4,237,112,Good,4,37,low_sinr
2026-07-01 04:00:00,UE01684,32.91151536236415,-96.95354164788458,XYZ402,A,-112,-1,134,99,Good,5,15,low_sinr
2026-07-01 05:00:00,UE01685,32.96397859410814,-96.96624813899676,XYZ403,B,-104,3,251,99,Coverage_Hole,6,32,low_sinr
2026-07-01 07:00:00,UE01687,32.93155611694282,-96.93965036868497,XYZ402,A,-108,-1,160,117,Excellent,2,14,low_sinr
2026-07-01 08:00:00,UE01688,32.92468425473009,-97.008740161248,XYZ403,B,-93,4,248,96,Coverage_Hole,3,37,low_sinr
2026-07-01 10:00:00,UE01690,32.95034713526972,-96.94287293581792,XYZ402,B,-111,3,260,17,Poor,5,32,low_sinr
2026-07-01 12:00:00,UE01692,32.97553005909754,-96.98256814326662,XYZ401,C,-119,1,144,86,Poor,1,24,low_sinr
2026-07-01 15:00:00,UE01695,32.90533504579642,-97.00568218954284,XYZ401,C,-106,1,158,18,Excellent,4,23,low_sinr
2026-07-01 16:00:00,UE01696,32.97052790244134,-96.96879741293544,XYZ402,C,-117,2,222,126,Excellent,5,29,low_sinr
2026-07-01 20:00:00,UE01700,32.93714538911352,-97.00674095366038,XYZ403,B,-94,3,261,33,Excellent,3,31,low_sinr
2026-07-01 21:00:00,UE01701,32.903900724358536,-96.9755811862139,XYZ401,A,-102,0,151,76,Poor,4,21,low_sinr
2026-07-01 23:00:00,UE01703,32.93787199118682,-96.93549525459224,XYZ403,B,-114,-7,50,15,Poor,6,5,low_sinr
2026-07-01 01:00:00,UE01705,32.97590792421597,-97.00260693383684,XYZ402,C,-116,2,228,76,Excellent,2,28,low_sinr
2026-07-01 03:00:00,UE01707,32.949675534586135,-96.96199753762949,XYZ401,B,-103,4,281,103,Poor,4,37,low_sinr
2026-07-01 06:00:00,UE01710,32.96541826210812,-96.9746896490192,XYZ401,C,-106,2,246,66,Coverage_Hole,1,29,low_sinr
2026-07-01 07:00:00,UE01711,32.907919833014724,-97.01174869292652,XYZ402,A,-107,1,215,15,Poor,2,23,low_sinr
2026-07-01 08:00:00,UE01712,32.95936100261919,-96.96477764064896,XYZ403,A,-108,4,301,116,Fair,3,36,low_sinr
2026-07-01 09:00:00,UE01713,32.95605502098146,-96.95270220697064,XYZ401,A,-101,0,206,62,Poor,4,20,low_sinr
2026-07-01 10:00:00,UE01714,32.96001715288691,-96.95113445949136,XYZ402,A,-125,1,176,30,Coverage_Hole,5,24,low_sinr
2026-07-01 11:00:00,UE01715,32.9363851416529,-96.94599080428132,XYZ403,C,-116,0,180,51,Coverage_Hole,6,21,low_sinr
2026-07-01 14:00:00,UE01718,32.9598846349028,-96.97334162530632,XYZ403,B,-95,4,246,28,Good,3,36,low_sinr
2026-07-01 15:00:00,UE01719,32.969337311935575,-96.99517376268344,XYZ401,A,-104,0,208,102,Good,4,21,low_sinr
2026-07-01 16:00:00,UE01720,32.96146136833188,-97.01226797244875,XYZ402,C,-112,0,153,28,Poor,5,20,low_sinr
2026-07-01 17:00:00,UE01721,32.89747655974372,-96.982989130232,XYZ403,C,-109,-4,103,46,Coverage_Hole,6,5,low_sinr
2026-07-01 18:00:00,UE01722,32.90794989490022,-96.95281936996729,XYZ401,A,-107,0,178,53,Coverage_Hole,1,20,low_sinr
2026-07-01 20:00:00,UE01724,32.973089425059946,-96.99434802914844,XYZ403,B,-113,-2,161,77,Excellent,3,12,low_sinr
2026-07-01 23:00:00,UE01727,32.89486570370985,-96.97182208897786,XYZ403,C,-117,-1,157,16,Coverage_Hole,6,15,low_sinr
2026-07-01 08:00:00,UE01736,32.91514637372203,-96.94122361836423,XYZ403,C,-115,-1,153,30,Good,3,15,low_sinr
2026-07-01 09:00:00,UE01737,32.89942443709188,-96.96705017822872,XYZ401,A,-119,-4,79,44,Good,4,5,low_sinr
2026-07-01 10:00:00,UE01738,32.96744293686014,-96.9686305009678,XYZ402,A,-116,0,181,66,Excellent,5,20,low_sinr
2026-07-01 13:00:00,UE01741,32.9184339648226,-96.95211818871208,XYZ402,C,-106,4,284,75,Excellent,2,37,low_sinr
2026-07-01 14:00:00,UE01742,32.96276425042645,-96.9636324891037,XYZ403,B,-111,3,220,27,Excellent,3,31,low_sinr
2026-07-01 16:00:00,UE01744,32.91675323805403,-97.03212005302169,XYZ402,B,-112,-9,51,60,Good,5,5,low_sinr
2026-07-01 20:00:00,UE01748,32.933990055948755,-97.01698193864092,XYZ403,A,-105,1,180,128,Coverage_Hole,3,22,low_sinr
2026-07-01 21:00:00,UE01749,32.91864401965236,-97.01440352866436,XYZ401,B,-105,1,199,63,Good,4,23,low_sinr
2026-07-01 00:00:00,UE01752,32.95528785066662,-97.02987734580748,XYZ401,C,-118,0,187,28,Good,1,21,low_sinr
2026-07-01 01:00:00,UE01753,32.9045442415187,-97.02125704244536,XYZ402,B,-123,-2,121,77,Good,2,13,low_sinr
2026-07-01 02:00:00,UE01754,32.89836880726551,-97.00786759223382,XYZ403,C,-108,-3,123,65,Coverage_Hole,3,9,low_sinr
2026-07-01 03:00:00,UE01755,32.92360521581154,-97.0220150673542,XYZ401,A,-104,4,287,109,Excellent,4,36,low_sinr
2026-07-01 04:00:00,UE01756,32.92106556834625,-96.9362518507458,XYZ402,B,-116,0,160,21,Fair,5,21,low_sinr
2026-07-01 05:00:00,UE01757,32.94041142870736,-96.94013201355152,XYZ403,A,-118,-4,75,110,Poor,6,5,low_sinr
2026-07-01 08:00:00,UE01760,32.9344197156294,-97.0335093027646,XYZ403,C,-108,-3,160,101,Fair,3,9,low_sinr
2026-07-01 09:00:00,UE01761,32.94416321627594,-96.9361411022616,XYZ401,B,-120,-3,118,40,Poor,4,10,low_sinr
2026-07-01 10:00:00,UE01762,32.8982485635648,-96.97290021627424,XYZ402,A,-114,-1,148,19,Fair,5,15,low_sinr
2026-07-01 12:00:00,UE01764,32.912891110941885,-97.0239487953857,XYZ401,A,-110,-2,114,52,Coverage_Hole,1,13,low_sinr
2026-07-01 13:00:00,UE01765,32.928842702045074,-96.94765212332626,XYZ402,A,-104,3,181,106,Coverage_Hole,2,31,low_sinr
2026-07-01 18:00:00,UE01770,32.95833628103746,-96.94548709254798,XYZ401,B,-120,1,211,77,Coverage_Hole,1,23,low_sinr
2026-07-01 22:00:00,UE01774,32.973169808601334,-96.98368753181508,XYZ402,A,-109,2,184,83,Fair,5,29,low_sinr
2026-07-01 23:00:00,UE01775,32.9338472259202,-96.9382312954428,XYZ403,B,-110,-1,118,123,Good,6,15,low_sinr
2026-07-01 00:00:00,UE01776,32.934482189932865,-97.0337110083085,XYZ401,A,-116,0,149,84,Good,1,20,low_sinr
2026-07-01 01:00:00,UE01777,32.943794704567985,-96.9556248560654,XYZ402,A,-105,4,313,93,Excellent,2,36,low_sinr
2026-07-01 05:00:00,UE01781,32.918987321195495,-97.02348002357422,XYZ403,A,-118,1,213,41,Good,6,23,low_sinr
2026-07-01 06:00:00,UE01782,32.89372423189113,-96.98504774410743,XYZ401,C,-109,-2,125,20,Excellent,1,12,low_sinr
2026-07-01 07:00:00,UE01783,32.945955049585024,-96.94246527392993,XYZ402,A,-109,-2,121,35,Fair,2,12,low_sinr
2026-07-01 08:00:00,UE01784,32.89845000641935,-96.9715715581703,XYZ403,C,-112,3,264,67,Fair,3,31,low_sinr
2026-07-01 12:00:00,UE01788,32.91286113630966,-97.02237391332544,XYZ401,C,-115,-1,132,87,Fair,1,15,low_sinr
2026-07-01 13:00:00,UE01789,32.95024837474393,-97.0200707895118,XYZ402,A,-109,0,192,56,Coverage_Hole,2,20,low_sinr
2026-07-01 14:00:00,UE01790,32.972020523549084,-96.98700807743543,XYZ403,B,-107,4,309,57,Good,3,36,low_sinr
2026-07-01 17:00:00,UE01793,32.91098576274865,-96.94478383681302,XYZ403,C,-119,-4,76,113,Poor,6,5,low_sinr
2026-07-01 19:00:00,UE01795,32.96348156451131,-96.95371510155331,XYZ402,A,-120,-2,124,54,Coverage_Hole,2,12,low_sinr
2026-07-01 21:00:00,UE01797,32.907038232706306,-97.01795909681452,XYZ401,A,-115,-4,102,18,Poor,4,5,low_sinr
2026-07-01 22:00:00,UE01798,32.89864938858763,-96.96584808384404,XYZ402,A,-115,-3,111,95,Fair,5,9,low_sinr
2026-07-01 03:00:00,UE01803,32.905048680960924,-96.98796164553828,XYZ401,C,-102,4,242,24,Poor,4,36,low_sinr
2026-07-01 05:00:00,UE01805,32.91022237886971,-96.94642203879272,XYZ403,C,-112,0,210,45,Poor,6,20,low_sinr
2026-07-01 07:00:00,UE01807,32.903255535298875,-96.98477920339064,XYZ402,B,-111,2,258,61,Coverage_Hole,2,28,low_sinr
2026-07-01 08:00:00,UE01808,32.91165499062483,-96.95113407526158,XYZ403,A,-113,0,205,36,Poor,3,20,low_sinr
2026-07-01 15:00:00,UE01815,32.90659298487828,-97.01360226442678,XYZ401,B,-111,-1,158,31,Fair,4,15,low_sinr
2026-07-01 18:00:00,UE01818,32.943820096526274,-97.01492704528027,XYZ401,B,-104,0,175,39,Poor,1,20,low_sinr
2026-07-01 19:00:00,UE01819,32.95397497521126,-97.00638177610384,XYZ402,B,-99,3,206,67,Excellent,2,31,low_sinr
2026-07-01 22:00:00,UE01822,32.898114891330366,-96.96049820347068,XYZ402,C,-118,0,204,125,Poor,5,20,low_sinr
2026-07-01 00:00:00,UE01824,32.8993575440983,-96.99845231120533,XYZ401,B,-111,-2,108,15,Fair,1,13,low_sinr
2026-07-01 02:00:00,UE01826,32.94372378396227,-97.02977153502496,XYZ403,B,-115,-3,125,43,Coverage_Hole,3,11,low_sinr
2026-07-01 04:00:00,UE01828,32.958697753402994,-97.00928526737484,XYZ402,B,-101,2,238,81,Coverage_Hole,5,29,low_sinr
2026-07-01 06:00:00,UE01830,32.94851752948363,-97.01939125502317,XYZ401,A,-113,4,302,28,Fair,1,36,low_sinr
2026-07-01 08:00:00,UE01832,32.93668124120038,-97.02166229447288,XYZ403,A,-106,2,192,88,Fair,3,28,low_sinr
2026-07-01 10:00:00,UE01834,32.95006084204691,-97.02460036031574,XYZ402,C,-108,-1,121,22,Poor,5,14,low_sinr
2026-07-01 14:00:00,UE01838,32.91690232986497,-96.94136108028572,XYZ403,A,-115,0,167,113,Coverage_Hole,3,21,low_sinr
2026-07-01 15:00:00,UE01839,32.91708303269091,-97.01658958292296,XYZ401,C,-105,4,247,101,Good,4,36,low_sinr
2026-07-01 16:00:00,UE01840,32.916012857759576,-97.02786492466458,XYZ402,B,-113,-1,131,114,Poor,5,14,low_sinr
2026-07-01 19:00:00,UE01843,32.976646527143096,-96.9812413031985,XYZ402,B,-121,-4,94,115,Fair,2,5,low_sinr
2026-07-01 21:00:00,UE01845,32.92800405264173,-97.0252903828878,XYZ401,B,-111,2,236,115,Fair,4,28,low_sinr
2026-07-01 01:00:00,UE01849,32.90254966078117,-96.96011012032966,XYZ402,A,-116,0,175,57,Coverage_Hole,2,20,low_sinr
2026-07-01 04:00:00,UE01852,32.94657332623024,-96.93825352235388,XYZ402,A,-117,0,164,109,Coverage_Hole,5,20,low_sinr
2026-07-01 07:00:00,UE01855,32.904930839649445,-96.9625472469802,XYZ402,B,-102,0,170,36,Poor,2,20,low_sinr
2026-07-01 10:00:00,UE01858,32.90683071495596,-96.9661074963765,XYZ402,B,-101,4,275,61,Coverage_Hole,5,37,low_sinr
2026-07-01 11:00:00,UE01859,32.93109390833877,-97.0309375985192,XYZ403,A,-118,0,158,81,Excellent,6,21,low_sinr
2026-07-01 14:00:00,UE01862,32.90139074530372,-96.98555528232866,XYZ403,C,-112,3,213,121,Coverage_Hole,3,31,low_sinr
2026-07-01 20:00:00,UE01868,32.91987394867945,-97.031800307313,XYZ403,C,-122,-2,160,127,Fair,3,13,low_sinr
2026-07-01 23:00:00,UE01871,32.89888020492816,-96.98014612662814,XYZ403,A,-114,-2,123,17,Excellent,6,13,low_sinr
2026-07-01 01:00:00,UE01873,32.89842638416784,-96.96810241987372,XYZ402,A,-121,0,181,29,Poor,2,20,low_sinr
2026-07-01 02:00:00,UE01874,32.900908740453914,-97.01680261471688,XYZ403,C,-112,-5,78,20,Coverage_Hole,3,5,low_sinr
2026-07-01 03:00:00,UE01875,32.89525183965334,-96.97747897348196,XYZ401,B,-112,1,152,74,Fair,4,22,low_sinr
2026-07-01 08:00:00,UE01880,32.968538259059656,-96.96887229641258,XYZ403,B,-107,3,245,121,Good,3,31,low_sinr
2026-07-01 09:00:00,UE01881,32.9051691590294,-96.95932987810616,XYZ401,B,-109,4,313,108,Poor,4,36,low_sinr
2026-07-01 10:00:00,UE01882,32.90074949789699,-97.01145916267905,XYZ402,C,-124,-5,72,27,Excellent,5,5,low_sinr
2026-07-01 11:00:00,UE01883,32.90784529236716,-97.0098182117522,XYZ403,A,-108,4,253,52,Poor,6,36,low_sinr
2026-07-01 15:00:00,UE01887,32.97043949244,-96.97364977806642,XYZ401,C,-117,2,233,41,Good,4,29,low_sinr
2026-07-01 16:00:00,UE01888,32.94606900538676,-97.02184840271708,XYZ402,A,-106,2,183,98,Fair,5,28,low_sinr
2026-07-01 17:00:00,UE01889,32.94993443427922,-97.01468309309746,XYZ403,A,-107,3,216,78,Excellent,6,32,low_sinr
2026-07-01 18:00:00,UE01890,32.97436300934368,-96.99233389217886,XYZ401,C,-110,-3,127,120,Coverage_Hole,1,9,low_sinr
2026-07-01 23:00:00,UE01895,32.965352473598244,-96.9639471437924,XYZ403,B,-117,3,234,24,Fair,6,31,low_sinr
2026-07-01 00:00:00,UE01896,32.97000019005412,-96.97155095931372,XYZ401,C,-116,0,197,41,Poor,1,21,low_sinr
2026-07-01 01:00:00,UE01897,32.96637426656955,-96.96983140333178,XYZ402,C,-115,-2,138,72,Coverage_Hole,2,13,low_sinr
2026-07-01 04:00:00,UE01900,32.90594234528851,-96.96894266142124,XYZ402,C,-108,0,208,60,Coverage_Hole,5,20,low_sinr
2026-07-01 05:00:00,UE01901,32.91225663498981,-97.02187804807176,XYZ403,C,-106,3,220,52,Good,6,32,low_sinr
2026-07-01 06:00:00,UE01902,32.9688319599491,-96.95754207870375,XYZ401,C,-113,0,171,33,Good,1,20,low_sinr
2026-07-01 07:00:00,UE01903,32.92625220414094,-97.03536363149428,XYZ402,B,-115,-7,51,87,Coverage_Hole,2,5,low_sinr
2026-07-01 10:00:00,UE01906,32.91611567140944,-97.02242276279478,XYZ402,C,-112,0,153,86,Fair,5,21,low_sinr
2026-07-01 12:00:00,UE01908,32.96813978668106,-96.97084130311164,XYZ401,A,-110,0,169,21,Poor,1,20,low_sinr
2026-07-01 19:00:00,UE01915,32.9087517568772,-96.94460944002324,XYZ402,C,-123,0,163,108,Good,2,20,low_sinr
2026-07-01 21:00:00,UE01917,32.91498526495612,-96.95451835258928,XYZ401,B,-108,0,188,57,Poor,4,20,low_sinr
2026-07-01 22:00:00,UE01918,32.931067186368885,-96.94258260101137,XYZ402,A,-109,0,156,22,Poor,5,21,low_sinr
2026-07-01 23:00:00,UE01919,32.96751703169827,-97.01743876327905,XYZ403,C,-123,-7,37,66,Coverage_Hole,6,5,low_sinr
2026-07-01 00:00:00,UE01920,32.947543517907185,-96.94767536979022,XYZ401,C,-107,2,185,19,Fair,1,29,low_sinr
2026-07-01 01:00:00,UE01921,32.96267573850253,-97.00912052678736,XYZ402,A,-111,4,270,113,Coverage_Hole,2,36,low_sinr
2026-07-01 05:00:00,UE01925,32.96475223279165,-96.95932281628,XYZ403,B,-115,1,156,40,Fair,6,23,low_sinr
2026-07-01 12:00:00,UE01932,32.96507617950593,-96.95409611806475,XYZ401,A,-102,4,286,21,Poor,1,36,low_sinr
2026-07-01 15:00:00,UE01935,32.93988978148193,-97.0284863633197,XYZ401,B,-117,0,192,32,Excellent,4,20,low_sinr
2026-07-01 16:00:00,UE01936,32.91447064289688,-97.01567871720069,XYZ402,B,-104,1,160,56,Coverage_Hole,5,23,low_sinr
2026-07-01 17:00:00,UE01937,32.97582828459659,-96.99025245447626,XYZ403,C,-112,0,211,53,Fair,6,20,low_sinr
2026-07-01 02:00:00,UE01946,32.907574425254445,-96.95198155947294,XYZ403,C,-117,1,165,91,Excellent,3,24,low_sinr
2026-07-01 03:00:00,UE01947,32.93705779361802,-96.94655496832952,XYZ401,B,-101,4,257,118,Good,4,37,low_sinr
2026-07-01 06:00:00,UE01950,32.92615215174662,-96.95524664510822,XYZ401,B,-102,4,269,28,Coverage_Hole,1,37,low_sinr
2026-07-01 09:00:00,UE01953,32.92015729839343,-97.01790166299604,XYZ401,B,-102,4,310,74,Good,4,36,low_sinr
2026-07-01 10:00:00,UE01954,32.90855662059618,-96.97388757582986,XYZ402,C,-102,0,189,35,Excellent,5,20,low_sinr
2026-07-01 11:00:00,UE01955,32.901688687170626,-96.99198720661386,XYZ403,C,-115,0,182,98,Good,6,20,low_sinr
2026-07-01 12:00:00,UE01956,32.89667310201059,-96.99020237578809,XYZ401,B,-120,-1,118,119,Good,1,14,low_sinr
2026-07-01 14:00:00,UE01958,32.90022545655171,-97.00265834611592,XYZ403,C,-110,1,188,91,Coverage_Hole,3,23,low_sinr
2026-07-01 16:00:00,UE01960,32.95854408471042,-96.96209397092974,XYZ402,C,-96,0,215,44,Fair,5,20,low_sinr
2026-07-01 17:00:00,UE01961,32.91293616274524,-96.95953012117822,XYZ403,B,-102,2,258,72,Poor,6,28,low_sinr
2026-07-01 19:00:00,UE01963,32.97716742591034,-96.978672264675,XYZ402,A,-111,-5,105,66,Fair,2,5,low_sinr
2026-07-01 20:00:00,UE01964,32.92198259566591,-97.01632256172869,XYZ403,B,-106,4,314,95,Excellent,3,36,low_sinr
2026-07-01 21:00:00,UE01965,32.90978290968009,-97.0185897743332,XYZ401,C,-112,2,195,82,Poor,4,29,low_sinr
2026-07-01 22:00:00,UE01966,32.96550956552685,-96.98527941895075,XYZ402,C,-109,3,191,69,Good,5,31,low_sinr
2026-07-01 23:00:00,UE01967,32.9627113308668,-96.98014431193684,XYZ403,C,-99,4,269,40,Excellent,6,36,low_sinr
2026-07-01 01:00:00,UE01969,32.97486735661752,-97.00210478298416,XYZ402,A,-113,-4,107,64,Fair,2,5,low_sinr
2026-07-01 04:00:00,UE01972,32.90190551935141,-96.99212010931883,XYZ402,C,-113,0,194,107,Good,5,20,low_sinr
2026-07-01 07:00:00,UE01975,32.902178965893306,-97.00101965992776,XYZ402,A,-106,1,197,81,Good,2,24,low_sinr
2026-07-01 08:00:00,UE01976,32.96702851988972,-97.00620688462924,XYZ403,A,-116,1,162,49,Poor,3,24,low_sinr
2026-07-01 10:00:00,UE01978,32.89659905979021,-96.96444210135164,XYZ402,C,-121,0,182,17,Coverage_Hole,5,20,low_sinr
2026-07-01 11:00:00,UE01979,32.96784255728168,-97.00134907226516,XYZ403,A,-110,0,171,29,Fair,6,21,low_sinr
2026-07-01 12:00:00,UE01980,32.94710763390529,-97.02917238318987,XYZ401,A,-118,-1,125,32,Coverage_Hole,1,14,low_sinr
2026-07-01 13:00:00,UE01981,32.96993398231061,-96.97319910875008,XYZ402,C,-107,0,173,113,Good,2,21,low_sinr
2026-07-01 14:00:00,UE01982,32.902394121442086,-97.00803811197162,XYZ403,C,-112,-2,126,94,Good,3,12,low_sinr
2026-07-01 15:00:00,UE01983,32.91187252655191,-96.95149552929044,XYZ401,A,-104,-1,130,33,Poor,4,16,low_sinr
2026-07-01 16:00:00,UE01984,32.89675846673782,-97.00543409135582,XYZ402,A,-117,-3,129,115,Fair,5,10,low_sinr
2026-07-01 18:00:00,UE01986,32.9367893536191,-97.03678630662294,XYZ401,B,-121,2,202,23,Excellent,1,28,low_sinr
2026-07-01 20:00:00,UE01988,32.919926297893696,-96.94067742530518,XYZ403,C,-119,0,181,127,Poor,3,20,low_sinr
2026-07-01 01:00:00,UE01993,32.93749660934277,-97.0347945985492,XYZ402,C,-122,0,208,53,Fair,2,21,low_sinr
2026-07-01 03:00:00,UE01995,32.968786308452906,-96.98567430446668,XYZ401,B,-107,0,208,46,Fair,4,20,low_sinr
2026-07-01 07:00:00,UE01999,32.92417565663839,-96.95203675077175,XYZ402,C,-104,-1,156,75,Poor,2,15,low_sinr
2026-07-01 01:00:00,UE00001,32.95623842771268,-97.0295271575902,XYZ402,A,-119,-4,82,105,Fair,2,5,high_bler
2026-07-01 02:00:00,UE00002,32.96177609473641,-96.98857115209084,XYZ403,B,-98,6,264,128,Poor,3,41,high_bler
2026-07-01 04:00:00,UE00004,32.941769275516045,-97.03557701648772,XYZ402,A,-114,-2,118,96,Excellent,5,13,high_bler
2026-07-01 06:00:00,UE00006,32.96531739517448,-97.00321508928326,XYZ401,B,-106,3,220,102,Fair,1,30,high_bler
2026-07-01 11:00:00,UE00011,32.93455907254406,-96.93438324478132,XYZ403,B,-124,-2,109,101,Good,6,13,high_bler
2026-07-01 14:00:00,UE00014,32.917124480946924,-97.02754112223296,XYZ403,B,-117,1,194,126,Poor,3,23,high_bler
2026-07-01 15:00:00,UE00015,32.959083499043814,-97.01122778498296,XYZ401,C,-110,0,204,127,Poor,4,20,high_bler
2026-07-01 16:00:00,UE00016,32.91201248099194,-96.956815668029,XYZ402,A,-112,0,176,28,Fair,5,21,high_bler
2026-07-01 17:00:00,UE00017,32.90297662302907,-97.00268361022574,XYZ403,C,-111,0,161,41,Poor,6,21,high_bler
2026-07-01 18:00:00,UE00018,32.95841307562227,-97.017129522723,XYZ401,B,-110,-3,149,107,Poor,1,10,high_bler
2026-07-01 20:00:00,UE00020,32.92104328790031,-97.03247027263218,XYZ403,B,-120,-1,161,16,Fair,3,15,high_bler
2026-07-01 21:00:00,UE00021,32.90042697754924,-96.9994131245068,XYZ401,A,-114,-4,94,50,Poor,4,5,high_bler
2026-07-01 22:00:00,UE00022,32.97536121807113,-96.97678012004243,XYZ402,B,-121,4,251,72,Fair,5,36,high_bler
2026-07-01 04:00:00,UE00028,32.90135767168009,-96.9744277913067,XYZ402,A,-107,2,266,26,Fair,5,29,high_bler
2026-07-01 06:00:00,UE00030,32.89419713568289,-97.00032962659712,XYZ401,C,-110,-8,49,76,Coverage_Hole,1,5,high_bler
2026-07-01 07:00:00,UE00031,32.93779854167526,-96.94076296390432,XYZ402,A,-109,-6,43,114,Fair,2,5,high_bler
2026-07-01 09:00:00,UE00033,32.976438646623414,-96.9932539587968,XYZ401,A,-115,2,267,116,Good,4,28,high_bler
2026-07-01 10:00:00,UE00034,32.95634201064288,-97.0056974439144,XYZ402,A,-103,2,232,85,Poor,5,29,high_bler
2026-07-01 12:00:00,UE00036,32.91928870849824,-97.02576189613166,XYZ401,B,-114,-3,112,58,Coverage_Hole,1,10,high_bler
2026-07-01 14:00:00,UE00038,32.97523944482476,-96.99791789133324,XYZ403,B,-116,-3,126,74,Excellent,3,11,high_bler
2026-07-01 17:00:00,UE00041,32.89599559307294,-96.97593176051672,XYZ403,A,-121,-2,154,116,Coverage_Hole,6,13,high_bler
2026-07-01 18:00:00,UE00042,32.93668458360493,-97.0293015565604,XYZ401,B,-117,-1,121,79,Good,1,16,high_bler
2026-07-01 21:00:00,UE00045,32.95115174361385,-97.01459648368863,XYZ401,C,-104,3,198,125,Fair,4,31,high_bler
2026-07-01 23:00:00,UE00047,32.90358046142688,-96.99343711803668,XYZ403,A,-104,2,209,61,Excellent,6,29,high_bler
2026-07-01 02:00:00,UE00050,32.96880249760459,-96.95995141353934,XYZ403,C,-120,0,178,114,Poor,3,21,high_bler
2026-07-01 04:00:00,UE00052,32.96918008041554,-96.96013577812435,XYZ402,C,-111,0,214,89,Coverage_Hole,5,21,high_bler
2026-07-01 05:00:00,UE00053,32.94973301376032,-96.94326832263565,XYZ403,B,-116,-5,80,78,Fair,6,5,high_bler
2026-07-01 06:00:00,UE00054,32.9170118346544,-96.94003607664304,XYZ401,A,-123,1,183,54,Coverage_Hole,1,23,high_bler
2026-07-01 08:00:00,UE00056,32.92760779559066,-97.03427219091492,XYZ403,C,-114,0,203,92,Coverage_Hole,3,20,high_bler
2026-07-01 09:00:00,UE00057,32.92140553102848,-97.02146497611788,XYZ401,A,-101,1,188,39,Coverage_Hole,4,22,high_bler
2026-07-01 10:00:00,UE00058,32.90562613076702,-97.0199102131508,XYZ402,C,-121,1,201,41,Excellent,5,24,high_bler
2026-07-01 12:00:00,UE00060,32.903208272305385,-96.98194313471625,XYZ401,C,-101,2,233,41,Good,1,29,high_bler
2026-07-01 13:00:00,UE00061,32.938645668672734,-96.95518986319033,XYZ402,A,-108,5,314,111,Coverage_Hole,2,39,high_bler
2026-07-01 16:00:00,UE00064,32.96047985689544,-96.95872246697562,XYZ402,A,-104,1,177,57,Excellent,5,22,high_bler
2026-07-01 17:00:00,UE00065,32.90824020650205,-96.9673676746552,XYZ403,A,-107,6,284,85,Poor,6,41,high_bler
2026-07-01 18:00:00,UE00066,32.947765921592946,-96.95047574161477,XYZ401,B,-111,0,174,43,Fair,1,21,high_bler
2026-07-01 21:00:00,UE00069,32.917195547248205,-96.95136384996744,XYZ401,B,-105,3,244,46,Coverage_Hole,4,31,high_bler
2026-07-01 22:00:00,UE00070,32.92261047138858,-96.95568239069972,XYZ402,A,-102,3,256,74,Coverage_Hole,5,31,high_bler
2026-07-01 23:00:00,UE00071,32.93353252799117,-96.95496775864648,XYZ403,A,-96,2,236,112,Poor,6,29,high_bler
2026-07-01 00:00:00,UE00072,32.94301547638953,-97.03545071741064,XYZ401,B,-116,-5,88,23,Excellent,1,5,high_bler
2026-07-01 03:00:00,UE00075,32.90220316768201,-96.95839257055344,XYZ401,A,-116,3,266,35,Poor,4,31,high_bler
2026-07-01 08:00:00,UE00080,32.91454923218129,-97.01887451172657,XYZ403,C,-106,-4,103,101,Poor,3,5,high_bler
2026-07-01 09:00:00,UE00081,32.91884994626997,-96.94336828031634,XYZ401,B,-110,0,160,27,Fair,4,20,high_bler
2026-07-01 10:00:00,UE00082,32.909350355976144,-96.943471480107,XYZ402,B,-120,1,189,39,Excellent,5,23,high_bler
2026-07-01 12:00:00,UE00084,32.93284581414722,-96.93899908459116,XYZ401,A,-112,0,187,85,Poor,1,20,high_bler
2026-07-01 13:00:00,UE00085,32.93988335825977,-96.93813733032292,XYZ402,A,-115,-2,159,68,Fair,2,13,high_bler
2026-07-01 14:00:00,UE00086,32.901849930158704,-96.99147263778774,XYZ403,B,-108,-2,161,27,Coverage_Hole,3,13,high_bler
2026-07-01 16:00:00,UE00088,32.934652853917044,-96.95772566069996,XYZ402,A,-99,6,227,128,Coverage_Hole,5,41,high_bler
2026-07-01 17:00:00,UE00089,32.897727769873164,-97.00657162419442,XYZ403,A,-113,4,295,73,Coverage_Hole,6,36,high_bler
2026-07-01 18:00:00,UE00090,32.92214532549816,-97.03003828677149,XYZ401,C,-110,3,194,56,Coverage_Hole,1,30,high_bler
2026-07-01 19:00:00,UE00091,32.95497349142562,-96.94737287429278,XYZ402,A,-110,1,144,119,Fair,2,23,high_bler
2026-07-01 21:00:00,UE00093,32.92521125599474,-97.02915619156468,XYZ401,C,-115,0,205,113,Fair,4,21,high_bler
2026-07-01 22:00:00,UE00094,32.907731256238606,-96.95134671076168,XYZ402,A,-116,1,155,113,Coverage_Hole,5,24,high_bler
2026-07-01 23:00:00,UE00095,32.941650090821874,-96.94278136188522,XYZ403,A,-110,0,163,35,Fair,6,20,high_bler
2026-07-01 01:00:00,UE00097,32.9417769538179,-97.0328103296308,XYZ402,B,-113,0,189,17,Excellent,2,20,high_bler
2026-07-01 07:00:00,UE00103,32.964204589795656,-96.976103013255,XYZ402,A,-106,1,186,129,Poor,2,23,high_bler
2026-07-01 08:00:00,UE00104,32.96102683833766,-97.01742640417004,XYZ403,A,-114,0,145,73,Fair,3,21,high_bler
2026-07-01 09:00:00,UE00105,32.9672690294104,-96.96647788906957,XYZ401,B,-106,1,197,34,Excellent,4,23,high_bler
2026-07-01 10:00:00,UE00106,32.90851630564206,-97.00471838257876,XYZ402,C,-107,2,233,123,Excellent,5,28,high_bler
2026-07-01 16:00:00,UE00112,32.970080575813526,-96.99319080944952,XYZ402,A,-109,0,206,69,Good,5,21,high_bler
2026-07-01 19:00:00,UE00115,32.94627009560007,-97.02840541672042,XYZ402,A,-107,0,183,90,Fair,2,21,high_bler
2026-07-01 20:00:00,UE00116,32.909330872153994,-96.97497144369412,XYZ403,B,-105,2,186,80,Coverage_Hole,3,29,high_bler
2026-07-01 21:00:00,UE00117,32.894928579503166,-96.99095900086976,XYZ401,C,-116,-1,128,57,Good,4,15,high_bler
2026-07-01 22:00:00,UE00118,32.898586735064164,-96.99103076393745,XYZ402,C,-112,4,223,29,Fair,5,36,high_bler
2026-07-01 00:00:00,UE00120,32.95410385345402,-97.0310826806651,XYZ401,B,-121,-2,151,21,Good,1,12,high_bler
2026-07-01 03:00:00,UE00123,32.89508673523606,-96.97701507509504,XYZ401,B,-120,0,160,87,Excellent,4,21,high_bler
2026-07-01 04:00:00,UE00124,32.963318887410026,-96.9462748749188,XYZ402,B,-120,2,244,33,Coverage_Hole,5,29,high_bler
2026-07-01 06:00:00,UE00126,32.93934534602561,-96.94278876732749,XYZ401,B,-116,0,171,101,Poor,1,21,high_bler
2026-07-01 09:00:00,UE00129,32.970699073266026,-96.97537811035268,XYZ401,A,-115,-1,112,89,Good,4,15,high_bler
2026-07-01 10:00:00,UE00130,32.901505313217804,-96.98915058392588,XYZ402,A,-109,5,307,49,Fair,5,38,high_bler
2026-07-01 11:00:00,UE00131,32.92201950433491,-96.94184754394742,XYZ403,B,-114,-2,145,24,Coverage_Hole,6,13,high_bler
2026-07-01 12:00:00,UE00132,32.970742412980435,-97.00763917302478,XYZ401,A,-105,-2,117,27,Poor,1,12,high_bler
2026-07-01 16:00:00,UE00136,32.91935549244782,-97.01235397142788,XYZ402,B,-101,0,156,69,Coverage_Hole,5,21,high_bler
2026-07-01 19:00:00,UE00139,32.96503770059719,-97.0139930639753,XYZ402,C,-108,-3,121,48,Excellent,2,10,high_bler
2026-07-01 20:00:00,UE00140,32.96615967661684,-96.96869568908998,XYZ403,A,-114,2,226,101,Fair,3,28,high_bler
2026-07-01 00:00:00,UE00144,32.92072778692007,-96.96753491659749,XYZ401,C,-103,4,317,60,Excellent,1,36,high_bler
2026-07-01 05:00:00,UE00149,32.97203520135046,-96.97525748645444,XYZ403,C,-116,2,213,84,Coverage_Hole,6,28,high_bler
2026-07-01 06:00:00,UE00150,32.94165747409522,-97.02599798353944,XYZ401,B,-111,0,144,60,Coverage_Hole,1,20,high_bler
2026-07-01 13:00:00,UE00157,32.973129505514414,-96.9924387820818,XYZ402,B,-117,-5,81,121,Excellent,2,5,high_bler
2026-07-01 14:00:00,UE00158,32.96773999754969,-96.96168440422667,XYZ403,B,-109,-2,114,40,Good,3,12,high_bler
2026-07-01 15:00:00,UE00159,32.961418444804494,-96.94469640866684,XYZ401,A,-120,0,166,75,Coverage_Hole,4,21,high_bler
2026-07-01 18:00:00,UE00162,32.94677062943249,-97.03448970769976,XYZ401,C,-125,-2,137,118,Excellent,1,12,high_bler
2026-07-01 22:00:00,UE00166,32.94853381845677,-97.0311307118266,XYZ402,B,-113,-1,161,18,Fair,5,15,high_bler
2026-07-01 23:00:00,UE00167,32.965087691169735,-96.96151091611866,XYZ403,C,-113,-2,126,74,Poor,6,12,high_bler
2026-07-01 01:00:00,UE00169,32.94852627902561,-96.94364855332672,XYZ402,C,-116,6,295,105,Good,2,41,high_bler
2026-07-01 04:00:00,UE00172,32.9153078862074,-96.96298905347952,XYZ402,A,-105,2,217,39,Excellent,5,29,high_bler
2026-07-01 08:00:00,UE00176,32.93266531596996,-97.02129385416876,XYZ403,A,-108,4,222,101,Poor,3,36,high_bler
2026-07-01 09:00:00,UE00177,32.95427659951076,-96.95835309459638,XYZ401,C,-109,3,265,18,Poor,4,32,high_bler
2026-07-01 10:00:00,UE00178,32.91753526258376,-97.0147633111398,XYZ402,B,-105,6,270,39,Good,5,41,high_bler
2026-07-01 11:00:00,UE00179,32.937934115407,-96.9359762780531,XYZ403,A,-125,-6,47,27,Excellent,6,5,high_bler
2026-07-01 13:00:00,UE00181,32.89867315757788,-97.00720235828229,XYZ402,A,-115,-3,116,123,Coverage_Hole,2,9,high_bler
2026-07-01 15:00:00,UE00183,32.915061011076475,-96.9595524239304,XYZ401,A,-105,2,186,53,Excellent,4,28,high_bler
2026-07-01 18:00:00,UE00186,32.92177075737503,-97.01526742440612,XYZ401,C,-108,2,220,42,Fair,1,28,high_bler
2026-07-01 19:00:00,UE00187,32.91214950756969,-96.9565877904118,XYZ402,A,-102,5,256,70,Poor,2,39,high_bler
2026-07-01 20:00:00,UE00188,32.90984190887237,-96.98846624984812,XYZ403,B,-96,5,226,62,Poor,3,39,high_bler
2026-07-01 22:00:00,UE00190,32.927850439679986,-96.95118430591104,XYZ402,A,-105,5,281,73,Poor,5,38,high_bler
2026-07-01 23:00:00,UE00191,32.89240816584347,-96.97809633494089,XYZ403,A,-122,-2,153,65,Poor,6,13,high_bler
2026-07-01 00:00:00,UE00192,32.91262050266347,-96.9999873831748,XYZ401,C,-102,3,224,96,Coverage_Hole,1,31,high_bler
2026-07-01 02:00:00,UE00194,32.9640480795946,-96.97759803810104,XYZ403,A,-108,5,269,76,Fair,3,38,high_bler
2026-07-01 03:00:00,UE00195,32.90801770394189,-96.94739749735164,XYZ401,C,-114,-1,131,123,Excellent,4,15,high_bler
2026-07-01 06:00:00,UE00198,32.973695666872445,-96.98794116682132,XYZ401,A,-114,-1,111,74,Good,1,15,high_bler
2026-07-01 08:00:00,UE00200,32.89297221577804,-96.99235948211364,XYZ403,B,-118,-3,150,104,Poor,3,10,high_bler
2026-07-01 09:00:00,UE00201,32.90215890245775,-96.95722887419409,XYZ401,A,-118,-2,109,119,Coverage_Hole,4,13,high_bler
2026-07-01 11:00:00,UE00203,32.95120609969099,-97.02450606085606,XYZ403,C,-110,4,231,45,Good,6,36,high_bler
2026-07-01 12:00:00,UE00204,32.930051357079186,-96.9415950644969,XYZ401,B,-115,0,200,95,Coverage_Hole,1,21,high_bler
2026-07-01 13:00:00,UE00205,32.971633208971305,-96.96025212824983,XYZ402,C,-116,-5,92,63,Coverage_Hole,2,5,high_bler
2026-07-01 15:00:00,UE00207,32.9685954163235,-96.999886715015,XYZ401,A,-111,-3,161,113,Fair,4,10,high_bler
2026-07-01 17:00:00,UE00209,32.93601730122211,-97.03141277410444,XYZ403,A,-114,-1,114,42,Poor,6,14,high_bler
2026-07-01 23:00:00,UE00215,32.9729742288776,-96.96195337723334,XYZ403,C,-122,-4,77,59,Poor,6,5,high_bler
2026-07-01 00:00:00,UE00216,32.94784074693356,-97.02383276303456,XYZ401,A,-110,3,228,128,Fair,1,31,high_bler
2026-07-01 04:00:00,UE00220,32.97595537087193,-96.99767547427622,XYZ402,C,-115,-2,116,108,Excellent,5,12,high_bler
2026-07-01 07:00:00,UE00223,32.91514731628109,-97.01223343003888,XYZ402,A,-106,2,235,105,Excellent,2,29,high_bler
2026-07-01 09:00:00,UE00225,32.9057315936399,-96.96809683245274,XYZ401,A,-104,1,174,35,Good,4,24,high_bler
2026-07-01 10:00:00,UE00226,32.89563736449981,-96.99868233657132,XYZ402,B,-118,-3,140,29,Fair,5,10,high_bler
2026-07-01 11:00:00,UE00227,32.91540962698978,-96.94401725194784,XYZ403,A,-110,1,154,37,Excellent,6,23,high_bler
2026-07-01 14:00:00,UE00230,32.93618831552693,-97.03659360298636,XYZ403,C,-111,-7,37,48,Excellent,3,5,high_bler
2026-07-01 16:00:00,UE00232,32.96310454569624,-96.95298461625302,XYZ402,A,-114,0,154,17,Coverage_Hole,5,21,high_bler
2026-07-01 17:00:00,UE00233,32.892735986463755,-96.98401685014058,XYZ403,C,-121,-3,147,49,Good,6,9,high_bler
2026-07-01 19:00:00,UE00235,32.94121935717064,-96.93518379627685,XYZ402,C,-116,-1,141,71,Fair,2,15,high_bler
2026-07-01 20:00:00,UE00236,32.974878855519265,-96.9906222235994,XYZ403,A,-120,0,157,41,Excellent,3,21,high_bler
2026-07-01 22:00:00,UE00238,32.931047377376565,-97.03084924537688,XYZ402,B,-112,-1,140,77,Coverage_Hole,5,14,high_bler
2026-07-01 23:00:00,UE00239,32.96930428076449,-96.95429630314284,XYZ403,A,-115,-2,118,90,Good,6,12,high_bler
2026-07-01 00:00:00,UE00240,32.93152577225465,-96.94944151520149,XYZ401,C,-102,0,187,116,Poor,1,20,high_bler
2026-07-01 03:00:00,UE00243,32.96477177466098,-96.99931895251724,XYZ401,B,-104,0,197,128,Fair,4,20,high_bler
2026-07-01 04:00:00,UE00244,32.97043449994929,-96.9605082938956,XYZ402,A,-114,0,180,57,Poor,5,20,high_bler
2026-07-01 06:00:00,UE00246,32.90420424581783,-96.95760058319644,XYZ401,A,-120,0,164,20,Coverage_Hole,1,20,high_bler
2026-07-01 07:00:00,UE00247,32.943298233140176,-97.026331469251,XYZ402,B,-102,0,194,112,Good,2,21,high_bler
2026-07-01 10:00:00,UE00250,32.9152386642031,-96.95552386798089,XYZ402,A,-103,2,207,50,Excellent,5,28,high_bler
2026-07-01 11:00:00,UE00251,32.955208750260326,-97.00185602303198,XYZ403,C,-99,1,207,44,Coverage_Hole,6,22,high_bler
2026-07-01 12:00:00,UE00252,32.930145441406474,-97.01790136357435,XYZ401,B,-104,-1,147,108,Excellent,1,15,high_bler
2026-07-01 15:00:00,UE00255,32.898761162151686,-96.98403481680236,XYZ401,A,-111,3,226,81,Coverage_Hole,4,30,high_bler
2026-07-01 16:00:00,UE00256,32.905722606938006,-97.01459381784764,XYZ402,A,-111,2,259,68,Coverage_Hole,5,29,high_bler
2026-07-01 17:00:00,UE00257,32.956841394644265,-97.02430866388282,XYZ403,A,-122,-1,132,59,Coverage_Hole,6,14,high_bler
2026-07-01 18:00:00,UE00258,32.918364912201405,-97.0117536854602,XYZ401,B,-108,5,307,91,Fair,1,39,high_bler
2026-07-01 22:00:00,UE00262,32.93020827623268,-96.94173405597888,XYZ402,B,-114,-2,119,58,Poor,5,13,high_bler
2026-07-01 23:00:00,UE00263,32.90744469342802,-96.97469692782131,XYZ403,B,-104,6,273,75,Good,6,41,high_bler
2026-07-01 01:00:00,UE00265,32.936727670692406,-96.93666988006724,XYZ402,C,-117,-1,125,118,Fair,2,15,high_bler
2026-07-01 02:00:00,UE00266,32.92453677532718,-97.03019638549716,XYZ403,A,-111,2,221,27,Coverage_Hole,3,29,high_bler
2026-07-01 03:00:00,UE00267,32.89982592795717,-97.00372731477192,XYZ401,C,-109,-4,72,93,Coverage_Hole,4,5,high_bler
2026-07-01 04:00:00,UE00268,32.913721932141776,-96.9643512538318,XYZ402,C,-102,4,289,101,Good,5,36,high_bler
2026-07-01 07:00:00,UE00271,32.953575250966296,-97.02131450837209,XYZ402,B,-108,5,306,17,Coverage_Hole,2,39,high_bler
2026-07-01 12:00:00,UE00276,32.90878439420025,-96.94998900361767,XYZ401,B,-119,-3,117,102,Fair,1,9,high_bler
2026-07-01 13:00:00,UE00277,32.94586055986081,-97.02188509479996,XYZ402,A,-107,0,154,79,Coverage_Hole,2,20,high_bler
2026-07-01 15:00:00,UE00279,32.976991655120194,-96.98021552002166,XYZ401,A,-125,3,230,113,Poor,4,31,high_bler
2026-07-01 19:00:00,UE00283,32.94576520849554,-97.03181892622707,XYZ402,B,-109,0,176,86,Good,2,21,high_bler
2026-07-01 20:00:00,UE00284,32.90248806937191,-97.00979538202786,XYZ403,B,-110,4,271,107,Coverage_Hole,3,36,high_bler
2026-07-01 22:00:00,UE00286,32.93594674896727,-97.0314080515638,XYZ402,C,-116,-3,149,76,Good,5,10,high_bler
2026-07-01 00:00:00,UE00288,32.94001133187993,-97.02225673180652,XYZ401,C,-109,0,213,42,Poor,1,21,high_bler
2026-07-01 01:00:00,UE00289,32.97289065647006,-97.00075112110288,XYZ402,A,-113,0,164,119,Fair,2,21,high_bler
2026-07-01 02:00:00,UE00290,32.96900793632025,-96.95987380067072,XYZ403,A,-114,0,211,125,Coverage_Hole,3,20,high_bler
2026-07-01 03:00:00,UE00291,32.90597860843062,-96.98553206184332,XYZ401,C,-105,0,198,81,Good,4,20,high_bler
2026-07-01 04:00:00,UE00292,32.944034302186566,-97.03431189348711,XYZ402,C,-112,-2,146,18,Excellent,5,13,high_bler
2026-07-01 05:00:00,UE00293,32.96958803361387,-97.00143514323511,XYZ403,B,-108,1,156,124,Coverage_Hole,6,22,high_bler
2026-07-01 06:00:00,UE00294,32.909428291469574,-96.95999882721664,XYZ401,C,-110,2,181,100,Good,1,29,high_bler
2026-07-01 07:00:00,UE00295,32.9654997176718,-96.99887557900776,XYZ402,A,-108,2,188,87,Poor,2,28,high_bler
2026-07-01 08:00:00,UE00296,32.957372758255886,-97.01598159441134,XYZ403,B,-107,1,197,108,Good,3,22,high_bler
2026-07-01 10:00:00,UE00298,32.95614221793278,-96.9464946547578,XYZ402,C,-113,-2,153,124,Coverage_Hole,5,13,high_bler
2026-07-01 13:00:00,UE00301,32.908557882689486,-96.9632376413281,XYZ402,C,-106,4,256,46,Good,2,36,high_bler
2026-07-01 14:00:00,UE00302,32.92943662454425,-96.94780278167008,XYZ403,A,-110,0,146,104,Fair,3,20,high_bler
2026-07-01 16:00:00,UE00304,32.904205524612046,-96.95788222931688,XYZ402,A,-109,0,144,37,Good,5,20,high_bler
2026-07-01 21:00:00,UE00309,32.89841135738014,-96.96107807409038,XYZ401,A,-124,1,185,18,Fair,4,24,high_bler
2026-07-01 22:00:00,UE00310,32.93533535225856,-97.02417619607093,XYZ402,C,-107,0,150,95,Good,5,21,high_bler
2026-07-01 01:00:00,UE00313,32.94766903724373,-96.94465075408894,XYZ402,B,-116,3,260,84,Poor,2,30,high_bler
2026-07-01 03:00:00,UE00315,32.91416163446532,-97.0240821500958,XYZ401,B,-109,0,177,80,Coverage_Hole,4,21,high_bler
2026-07-01 05:00:00,UE00317,32.96733182427472,-96.95618111567715,XYZ403,A,-111,0,192,30,Poor,6,21,high_bler
2026-07-01 08:00:00,UE00320,32.89807535580203,-96.9831524664674,XYZ403,A,-107,2,252,117,Coverage_Hole,3,29,high_bler
2026-07-01 10:00:00,UE00322,32.90510503715675,-97.01643897934972,XYZ402,C,-120,0,149,92,Coverage_Hole,5,20,high_bler
2026-07-01 11:00:00,UE00323,32.962746000249254,-96.9511886186424,XYZ403,A,-113,-1,132,41,Coverage_Hole,6,14,high_bler
2026-07-01 12:00:00,UE00324,32.912259222147945,-96.95092965287168,XYZ401,C,-107,1,184,39,Coverage_Hole,1,22,high_bler
2026-07-01 14:00:00,UE00326,32.94773273298106,-97.02173894765262,XYZ403,C,-113,0,192,47,Coverage_Hole,3,21,high_bler
2026-07-01 15:00:00,UE00327,32.9235270901714,-97.0221395967851,XYZ401,A,-104,5,269,74,Coverage_Hole,4,38,high_bler
2026-07-01 16:00:00,UE00328,32.93928474867496,-96.9392462456798,XYZ402,A,-112,-4,82,34,Poor,5,5,high_bler
2026-07-01 17:00:00,UE00329,32.96238523474226,-96.97068721024232,XYZ403,B,-105,4,272,116,Fair,6,36,high_bler
2026-07-01 19:00:00,UE00331,32.93611144783586,-97.01777344389724,XYZ402,C,-112,2,202,125,Coverage_Hole,2,28,high_bler
2026-07-01 20:00:00,UE00332,32.90972826112371,-96.98632621340738,XYZ403,A,-99,4,264,93,Poor,3,36,high_bler
2026-07-01 00:00:00,UE00336,32.905235863991095,-96.98575759454545,XYZ401,A,-107,1,209,85,Good,1,22,high_bler
2026-07-01 02:00:00,UE00338,32.975547174541724,-96.98127879688477,XYZ403,C,-113,-5,93,21,Good,3,5,high_bler
2026-07-01 03:00:00,UE00339,32.96263610824298,-96.97488985511856,XYZ401,B,-102,6,254,58,Excellent,4,41,high_bler
2026-07-01 06:00:00,UE00342,32.91264449624091,-96.96101178238084,XYZ401,A,-106,5,222,81,Coverage_Hole,1,39,high_bler
2026-07-01 08:00:00,UE00344,32.976909871675105,-96.99022444332536,XYZ403,C,-114,0,155,83,Coverage_Hole,3,20,high_bler
2026-07-01 12:00:00,UE00348,32.948279535862106,-97.02976030685817,XYZ401,B,-117,0,183,36,Poor,1,21,high_bler
2026-07-01 13:00:00,UE00349,32.97828115510204,-96.98160943802552,XYZ402,C,-115,1,153,129,Coverage_Hole,2,23,high_bler
2026-07-01 14:00:00,UE00350,32.90524215086449,-97.00345695612852,XYZ403,B,-109,0,185,62,Coverage_Hole,3,20,high_bler
2026-07-01 18:00:00,UE00354,32.96720516432891,-97.0085104377286,XYZ401,A,-117,1,158,59,Excellent,1,23,high_bler
2026-07-01 20:00:00,UE00356,32.970475078791,-97.00418612439093,XYZ403,B,-114,2,239,123,Excellent,3,28,high_bler
2026-07-01 21:00:00,UE00357,32.97388249378867,-96.97041327329865,XYZ401,A,-114,-2,119,26,Poor,4,13,high_bler
2026-07-01 22:00:00,UE00358,32.92187261568243,-97.01879618582872,XYZ402,C,-105,6,225,83,Excellent,5,41,high_bler
2026-07-01 02:00:00,UE00362,32.917653358135034,-97.03110506789577,XYZ403,C,-116,-8,45,89,Fair,3,5,high_bler
2026-07-01 03:00:00,UE00363,32.914871262390115,-96.94072079119518,XYZ401,A,-112,0,212,123,Poor,4,20,high_bler
2026-07-01 04:00:00,UE00364,32.91285388006917,-97.01648506110716,XYZ402,A,-106,0,159,89,Poor,5,20,high_bler
2026-07-01 05:00:00,UE00365,32.92328173821247,-96.9483981492384,XYZ403,B,-102,2,263,77,Excellent,6,28,high_bler
2026-07-01 09:00:00,UE00369,32.958234253046925,-96.9528969502373,XYZ401,C,-110,3,208,119,Good,4,31,high_bler
2026-07-01 12:00:00,UE00372,32.92051893487438,-97.02624128365062,XYZ401,B,-111,1,192,82,Good,1,22,high_bler
2026-07-01 13:00:00,UE00373,32.92903851334213,-96.94701445413902,XYZ402,B,-106,3,257,23,Fair,2,31,high_bler
2026-07-01 15:00:00,UE00375,32.95210897606371,-97.0172556912382,XYZ401,B,-102,0,166,70,Fair,4,20,high_bler
2026-07-01 16:00:00,UE00376,32.959661052343776,-96.98135333143274,XYZ402,A,-101,3,192,114,Excellent,5,31,high_bler
2026-07-01 17:00:00,UE00377,32.96507876388636,-97.01550547544709,XYZ403,C,-116,-3,128,110,Good,6,10,high_bler
2026-07-01 20:00:00,UE00380,32.94731039727283,-96.94685379231582,XYZ403,B,-104,3,210,117,Good,3,32,high_bler
2026-07-01 21:00:00,UE00381,32.9008564208653,-96.99898431145412,XYZ401,A,-112,-3,143,46,Poor,4,9,high_bler
2026-07-01 23:00:00,UE00383,32.95732834290331,-96.96902401272352,XYZ403,A,-101,2,228,76,Excellent,6,29,high_bler
2026-07-01 02:00:00,UE00386,32.93236983092337,-96.94224361897383,XYZ403,A,-106,2,262,70,Excellent,3,29,high_bler
2026-07-01 03:00:00,UE00387,32.90888278891191,-96.94906445267462,XYZ401,B,-109,1,204,94,Poor,4,22,high_bler
2026-07-01 05:00:00,UE00389,32.89688459653941,-96.96279226195423,XYZ403,B,-113,-2,146,35,Good,6,12,high_bler
2026-07-01 06:00:00,UE00390,32.93710090103593,-96.93404892770678,XYZ401,C,-113,-1,116,26,Fair,1,15,high_bler
2026-07-01 07:00:00,UE00391,32.919901643016466,-97.00952549899344,XYZ402,C,-102,5,280,20,Coverage_Hole,2,38,high_bler
2026-07-01 08:00:00,UE00392,32.95708034989599,-97.02254894303896,XYZ403,C,-114,-3,146,107,Coverage_Hole,3,11,high_bler
2026-07-01 09:00:00,UE00393,32.95448887718814,-97.0235453685804,XYZ401,B,-110,0,166,122,Good,4,20,high_bler
2026-07-01 11:00:00,UE00395,32.90320850761146,-97.00984629895058,XYZ403,B,-110,-2,140,25,Poor,6,12,high_bler
2026-07-01 12:00:00,UE00396,32.938408465578775,-97.01117950248222,XYZ401,C,-97,2,247,34,Good,1,28,high_bler
2026-07-01 13:00:00,UE00397,32.97137685065971,-96.97503291639404,XYZ402,C,-120,0,144,24,Coverage_Hole,2,20,high_bler
2026-07-01 15:00:00,UE00399,32.94276903196321,-97.01935404523437,XYZ401,A,-111,0,195,16,Coverage_Hole,4,21,high_bler
2026-07-01 17:00:00,UE00401,32.90254419833423,-96.98926127588788,XYZ403,C,-107,-2,144,68,Coverage_Hole,6,12,high_bler
2026-07-01 19:00:00,UE00403,32.9512116176177,-97.01139679565908,XYZ402,A,-104,6,302,89,Excellent,2,41,high_bler
2026-07-01 23:00:00,UE00407,32.92830072705989,-96.93567086077856,XYZ403,B,-111,-5,105,29,Good,6,5,high_bler
2026-07-01 01:00:00,UE00409,32.91680100666311,-97.01657024740489,XYZ402,B,-104,-1,115,94,Good,2,15,high_bler
2026-07-01 04:00:00,UE00412,32.89608838923039,-96.97231449297762,XYZ402,C,-124,-2,145,99,Poor,5,12,high_bler
2026-07-01 07:00:00,UE00415,32.93416639555137,-96.95045715918478,XYZ402,A,-99,2,191,44,Coverage_Hole,2,28,high_bler
2026-07-01 09:00:00,UE00417,32.91199535127835,-96.96225944862904,XYZ401,B,-101,0,213,68,Coverage_Hole,4,20,high_bler
2026-07-01 10:00:00,UE00418,32.92831276724131,-96.9465771778465,XYZ402,A,-111,-1,110,123,Good,5,14,high_bler
2026-07-01 12:00:00,UE00420,32.945070374015415,-97.03404910790498,XYZ401,A,-116,-3,148,85,Poor,1,10,high_bler
2026-07-01 13:00:00,UE00421,32.9610221806572,-97.02600047308952,XYZ402,B,-107,-2,137,71,Fair,2,13,high_bler
2026-07-01 14:00:00,UE00422,32.92160772067309,-96.97100877181514,XYZ403,C,-97,5,268,97,Coverage_Hole,3,38,high_bler
2026-07-01 16:00:00,UE00424,32.95720672515936,-96.96786224403176,XYZ402,B,-111,4,242,19,Poor,5,36,high_bler
2026-07-01 18:00:00,UE00426,32.92480534232542,-97.0341596622982,XYZ401,B,-110,-2,142,55,Coverage_Hole,1,12,high_bler
2026-07-01 20:00:00,UE00428,32.95763696655628,-96.95805531338785,XYZ403,A,-111,1,173,97,Poor,3,24,high_bler
2026-07-01 21:00:00,UE00429,32.8996719256728,-96.96146338370109,XYZ401,A,-122,-2,127,82,Excellent,4,12,high_bler
2026-07-01 23:00:00,UE00431,32.972994370945386,-96.96969388142374,XYZ403,A,-114,-3,132,49,Fair,6,10,high_bler
2026-07-01 00:00:00,UE00432,32.95198554348665,-96.94608212494596,XYZ401,B,-104,1,145,55,Good,1,23,high_bler
2026-07-01 04:00:00,UE00436,32.917387767874594,-97.00532995141526,XYZ402,B,-101,3,192,67,Fair,5,30,high_bler
2026-07-01 05:00:00,UE00437,32.92917911741443,-96.94131301617628,XYZ403,A,-117,4,244,116,Excellent,6,36,high_bler
2026-07-01 06:00:00,UE00438,32.97428751864806,-96.99277795386662,XYZ401,A,-112,2,191,57,Good,1,28,high_bler
2026-07-01 07:00:00,UE00439,32.92317762801693,-97.03012477980172,XYZ402,B,-117,0,177,90,Excellent,2,21,high_bler
2026-07-01 08:00:00,UE00440,32.912376921573674,-97.02883466878568,XYZ403,B,-115,0,166,29,Fair,3,20,high_bler
2026-07-01 09:00:00,UE00441,32.9664132255862,-97.01580131231523,XYZ401,C,-122,-8,48,86,Coverage_Hole,4,5,high_bler
2026-07-01 12:00:00,UE00444,32.92650392171,-97.03153317439089,XYZ401,A,-111,0,164,87,Good,1,20,high_bler
2026-07-01 13:00:00,UE00445,32.91781166518519,-96.95429795991768,XYZ402,C,-102,0,199,16,Poor,2,21,high_bler
2026-07-01 14:00:00,UE00446,32.926009168723425,-96.93864350198868,XYZ403,B,-120,2,183,69,Good,3,28,high_bler
2026-07-01 15:00:00,UE00447,32.965143353657496,-96.98189119475552,XYZ401,A,-108,2,202,112,Good,4,28,high_bler
2026-07-01 17:00:00,UE00449,32.96779264178581,-96.9555229722287,XYZ403,A,-113,0,213,15,Poor,6,21,high_bler
2026-07-01 19:00:00,UE00451,32.920348966505166,-97.0240720323386,XYZ402,C,-116,3,221,87,Good,2,32,high_bler
2026-07-01 20:00:00,UE00452,32.91847655366286,-97.02350529047813,XYZ403,A,-115,3,189,21,Coverage_Hole,3,30,high_bler
2026-07-01 21:00:00,UE00453,32.969981997098415,-97.00285541733666,XYZ401,A,-111,1,148,128,Good,4,23,high_bler
2026-07-01 01:00:00,UE00457,32.936560650324154,-96.9392954751465,XYZ402,B,-114,-5,94,115,Fair,2,5,high_bler
2026-07-01 02:00:00,UE00458,32.89219497481797,-96.97696361951228,XYZ403,C,-119,0,186,117,Poor,3,20,high_bler
2026-07-01 03:00:00,UE00459,32.93848585160732,-96.93695917192692,XYZ401,C,-112,-3,135,34,Fair,4,10,high_bler
2026-07-01 04:00:00,UE00460,32.95851531827304,-96.94965852421306,XYZ402,C,-117,6,216,115,Good,5,41,high_bler
2026-07-01 06:00:00,UE00462,32.913305480896135,-96.95339482693254,XYZ401,B,-109,2,230,41,Excellent,1,29,high_bler
2026-07-01 07:00:00,UE00463,32.93581467879903,-96.94992897961308,XYZ402,C,-106,6,273,37,Excellent,2,41,high_bler
2026-07-01 09:00:00,UE00465,32.901789131118925,-96.96651362715512,XYZ401,A,-109,0,173,59,Poor,4,21,high_bler
2026-07-01 10:00:00,UE00466,32.948584235551735,-97.03431726565093,XYZ402,B,-116,0,158,63,Good,5,21,high_bler
2026-07-01 12:00:00,UE00468,32.903309779479045,-96.95786611417562,XYZ401,C,-114,1,178,90,Coverage_Hole,1,22,high_bler
2026-07-01 14:00:00,UE00470,32.9506775866,-97.02314732746316,XYZ403,B,-110,0,179,46,Excellent,3,21,high_bler
2026-07-01 15:00:00,UE00471,32.89671566892685,-96.99586838066696,XYZ401,A,-115,0,150,112,Fair,4,20,high_bler
2026-07-01 16:00:00,UE00472,32.9664643541601,-97.00156820786526,XYZ402,B,-106,0,181,90,Poor,5,20,high_bler
2026-07-01 19:00:00,UE00475,32.89371427567811,-96.99643119932908,XYZ402,C,-112,-3,133,118,Coverage_Hole,2,10,high_bler
2026-07-01 20:00:00,UE00476,32.96724874150826,-97.00700645511064,XYZ403,A,-111,3,230,25,Excellent,3,31,high_bler
2026-07-01 23:00:00,UE00479,32.945687065927785,-96.95373855946384,XYZ403,A,-108,2,201,77,Good,6,28,high_bler
2026-07-01 00:00:00,UE00480,32.89348847091164,-96.9831925283163,XYZ401,C,-118,-2,136,121,Excellent,1,12,high_bler
2026-07-01 01:00:00,UE00481,32.89654462059816,-96.98800804211248,XYZ402,B,-116,-1,128,98,Good,2,15,high_bler
2026-07-01 03:00:00,UE00483,32.897946535851915,-97.00941427241128,XYZ401,B,-119,-2,118,57,Coverage_Hole,4,13,high_bler
2026-07-01 07:00:00,UE00487,32.93650755384097,-96.9421277058432,XYZ402,C,-110,-4,72,54,Poor,2,5,high_bler
2026-07-01 11:00:00,UE00491,32.959272293091566,-97.00535373166144,XYZ403,A,-102,4,288,88,Poor,6,36,high_bler
2026-07-01 12:00:00,UE00492,32.954852594490795,-97.01792735583176,XYZ401,A,-103,3,185,31,Good,1,31,high_bler
2026-07-01 13:00:00,UE00493,32.93422447823547,-97.01369843959606,XYZ402,C,-95,4,256,121,Coverage_Hole,2,36,high_bler
2026-07-01 15:00:00,UE00495,32.922174567417386,-96.94951986817756,XYZ401,B,-106,1,169,87,Excellent,4,23,high_bler
2026-07-01 17:00:00,UE00497,32.911538154876084,-97.0171322580877,XYZ403,C,-108,2,217,117,Good,6,28,high_bler
2026-07-01 18:00:00,UE00498,32.90754187342184,-96.97398572418427,XYZ401,A,-108,3,261,128,Excellent,1,30,high_bler
2026-07-01 19:00:00,UE00499,32.91465959519037,-97.02568003235248,XYZ402,A,-112,-1,119,45,Poor,2,14,high_bler
2026-07-01 20:00:00,UE00500,32.9130053889732,-97.01930608154036,XYZ403,B,-109,2,269,22,Excellent,3,28,high_bler
2026-07-01 21:00:00,UE00501,32.9274918603294,-96.9344307196076,XYZ401,B,-125,-2,154,34,Coverage_Hole,4,13,high_bler
2026-07-01 23:00:00,UE00503,32.9627303543028,-96.97255834345962,XYZ403,B,-107,0,212,104,Poor,6,21,high_bler
2026-07-01 01:00:00,UE00505,32.903798578653706,-97.0212141480728,XYZ402,B,-124,-4,73,70,Fair,2,5,high_bler
2026-07-01 03:00:00,UE00507,32.9142300943499,-97.0231757611554,XYZ401,B,-111,3,244,90,Good,4,30,high_bler
2026-07-01 04:00:00,UE00508,32.91339250509313,-96.96786748571172,XYZ402,C,-102,1,155,124,Poor,5,22,high_bler
2026-07-01 05:00:00,UE00509,32.9575034084404,-97.00697715579663,XYZ403,B,-108,4,319,38,Poor,6,36,high_bler
2026-07-01 06:00:00,UE00510,32.96792411635489,-97.008329608704,XYZ401,C,-111,2,250,45,Good,1,29,high_bler
2026-07-01 08:00:00,UE00512,32.939430894360775,-96.93749297911448,XYZ403,C,-116,-3,157,117,Excellent,3,11,high_bler
2026-07-01 09:00:00,UE00513,32.91824558653366,-96.9520390962363,XYZ401,C,-106,3,240,111,Good,4,31,high_bler
2026-07-01 13:00:00,UE00517,32.93478396538326,-97.03308505014472,XYZ402,A,-117,-2,157,101,Excellent,2,13,high_bler
2026-07-01 16:00:00,UE00520,32.89759188789273,-96.99948965065823,XYZ402,B,-114,-2,121,29,Fair,5,12,high_bler
2026-07-01 18:00:00,UE00522,32.90048715073971,-97.00141587278384,XYZ401,C,-107,0,201,26,Excellent,1,21,high_bler
2026-07-01 21:00:00,UE00525,32.91535478763602,-97.02312700670456,XYZ401,A,-107,-1,138,36,Excellent,4,15,high_bler
2026-07-01 23:00:00,UE00527,32.96639640262733,-97.01656801444224,XYZ403,B,-110,0,183,121,Poor,6,21,high_bler
2026-07-01 00:00:00,UE00528,32.95106196346364,-96.94598984854343,XYZ401,A,-112,3,248,117,Coverage_Hole,1,32,high_bler
2026-07-01 01:00:00,UE00529,32.93460435468332,-97.01932118497416,XYZ402,A,-104,2,195,20,Poor,2,28,high_bler
2026-07-01 04:00:00,UE00532,32.972723763312835,-97.00339975316312,XYZ402,A,-113,0,203,15,Poor,5,20,high_bler
2026-07-01 05:00:00,UE00533,32.918635546014386,-96.93831123380066,XYZ403,A,-116,-5,75,78,Coverage_Hole,6,5,high_bler
2026-07-01 06:00:00,UE00534,32.949013391997056,-96.95000946585388,XYZ401,C,-103,4,221,23,Fair,1,36,high_bler
2026-07-01 07:00:00,UE00535,32.93448543737571,-97.03066146895404,XYZ402,A,-117,0,164,58,Coverage_Hole,2,20,high_bler
2026-07-01 09:00:00,UE00537,32.92042102714939,-96.94110935049578,XYZ401,A,-124,0,175,65,Fair,4,20,high_bler
2026-07-01 13:00:00,UE00541,32.903836150588226,-96.9518281162006,XYZ402,A,-112,-2,108,77,Fair,2,12,high_bler
2026-07-01 15:00:00,UE00543,32.917321969877904,-97.02496114187949,XYZ401,C,-116,0,206,91,Coverage_Hole,4,20,high_bler
2026-07-01 17:00:00,UE00545,32.96134056975512,-97.01979639079748,XYZ403,B,-115,0,198,61,Fair,6,20,high_bler
2026-07-01 02:00:00,UE00554,32.895687024030074,-96.97162026434104,XYZ403,B,-124,2,181,107,Fair,3,29,high_bler
2026-07-01 05:00:00,UE00557,32.97329391176661,-96.972373655573,XYZ403,B,-112,-1,118,34,Excellent,6,16,high_bler
2026-07-01 07:00:00,UE00559,32.94155378209619,-97.02069404121094,XYZ402,C,-109,4,223,128,Good,2,36,high_bler
2026-07-01 08:00:00,UE00560,32.94854122145863,-96.93825480901738,XYZ403,C,-113,1,185,110,Excellent,3,23,high_bler
2026-07-01 12:00:00,UE00564,32.91064985364215,-96.95788981950676,XYZ401,C,-98,2,223,82,Good,1,28,high_bler
2026-07-01 13:00:00,UE00565,32.910563416357824,-97.01867321745692,XYZ402,B,-113,2,219,37,Excellent,2,29,high_bler
2026-07-01 14:00:00,UE00566,32.90389346120491,-97.00146666033834,XYZ403,A,-108,2,265,104,Poor,3,28,high_bler
2026-07-01 15:00:00,UE00567,32.91690717938843,-96.9526187637452,XYZ401,A,-111,3,205,17,Excellent,4,30,high_bler
2026-07-01 17:00:00,UE00569,32.90604217222607,-97.02126729779032,XYZ403,C,-122,-3,161,89,Coverage_Hole,6,9,high_bler
2026-07-01 18:00:00,UE00570,32.934235027662794,-97.01479957165672,XYZ401,B,-108,1,153,62,Poor,1,22,high_bler
2026-07-01 19:00:00,UE00571,32.97298884931673,-96.98730650707516,XYZ402,A,-114,0,207,63,Excellent,2,21,high_bler
2026-07-01 21:00:00,UE00573,32.93062725853254,-96.95162792145356,XYZ401,C,-100,3,267,34,Good,4,32,high_bler
2026-07-01 22:00:00,UE00574,32.96248902911693,-96.99607645416384,XYZ402,B,-103,0,194,88,Fair,5,21,high_bler
2026-07-01 00:00:00,UE00576,32.92558185603682,-97.01580500229082,XYZ401,A,-91,0,176,60,Good,1,21,high_bler
2026-07-01 03:00:00,UE00579,32.92052937550006,-97.02438478900656,XYZ401,A,-104,1,185,92,Coverage_Hole,4,22,high_bler
2026-07-01 05:00:00,UE00581,32.901893835075754,-96.98847704275204,XYZ403,A,-116,2,188,35,Fair,6,29,high_bler
2026-07-01 07:00:00,UE00583,32.92703169782377,-96.94402237216778,XYZ402,A,-116,1,145,103,Good,2,24,high_bler
2026-07-01 08:00:00,UE00584,32.898574461632634,-96.9712987007334,XYZ403,A,-110,1,156,40,Excellent,3,22,high_bler
2026-07-01 10:00:00,UE00586,32.925982751100385,-96.95717050102245,XYZ402,A,-100,6,308,17,Excellent,5,41,high_bler
2026-07-01 11:00:00,UE00587,32.90622172798865,-96.9844084487846,XYZ403,C,-97,2,266,100,Poor,6,29,high_bler
2026-07-01 12:00:00,UE00588,32.97059336230242,-96.96248410781249,XYZ401,B,-112,-4,101,112,Good,1,5,high_bler
2026-07-01 13:00:00,UE00589,32.947799808343625,-96.9494870603862,XYZ402,B,-108,-1,149,26,Poor,2,14,high_bler
2026-07-01 16:00:00,UE00592,32.956619952091366,-96.94055463095332,XYZ402,A,-114,-4,106,109,Poor,5,5,high_bler
2026-07-01 19:00:00,UE00595,32.96233869936766,-96.98493930514942,XYZ402,A,-102,3,217,90,Coverage_Hole,2,31,high_bler
2026-07-01 20:00:00,UE00596,32.96425285934794,-97.01228721345107,XYZ403,C,-116,2,261,94,Fair,3,28,high_bler
2026-07-01 23:00:00,UE00599,32.969215404539334,-96.97368987971666,XYZ403,A,-106,-2,109,112,Excellent,6,13,high_bler
2026-07-01 00:00:00,UE00600,32.94464576385076,-96.94984878471948,XYZ401,C,-103,-1,115,79,Coverage_Hole,1,16,high_bler
2026-07-01 01:00:00,UE00601,32.95551728673733,-96.94859315552348,XYZ402,A,-110,2,206,33,Coverage_Hole,2,28,high_bler
2026-07-01 02:00:00,UE00602,32.89969003213552,-97.00229282036254,XYZ403,A,-112,3,232,91,Poor,3,31,high_bler
2026-07-01 03:00:00,UE00603,32.901150612768085,-96.98072479324804,XYZ401,A,-108,1,166,88,Excellent,4,23,high_bler
2026-07-01 05:00:00,UE00605,32.96499501325261,-96.98163443324468,XYZ403,A,-106,2,205,37,Good,6,29,high_bler
2026-07-01 07:00:00,UE00607,32.903060117020544,-96.95168155756002,XYZ402,B,-113,-3,135,38,Fair,2,10,high_bler
2026-07-01 08:00:00,UE00608,32.9110302515216,-97.00582745716218,XYZ403,A,-103,2,239,106,Coverage_Hole,3,29,high_bler
2026-07-01 11:00:00,UE00611,32.90495324851438,-96.9749105883385,XYZ403,A,-115,3,182,74,Fair,6,30,high_bler
2026-07-01 12:00:00,UE00612,32.947161094845534,-96.93726758116784,XYZ401,C,-120,0,201,90,Good,1,21,high_bler
2026-07-01 14:00:00,UE00614,32.9311189976713,-97.01811794205392,XYZ403,B,-99,5,252,109,Excellent,3,38,high_bler
2026-07-01 17:00:00,UE00617,32.94989018014738,-96.93726069938108,XYZ403,A,-122,-6,51,80,Poor,6,5,high_bler
2026-07-01 18:00:00,UE00618,32.93445020795481,-97.0186065392904,XYZ401,C,-103,3,224,32,Fair,1,31,high_bler
2026-07-01 22:00:00,UE00622,32.97684296253563,-96.9732918039898,XYZ402,C,-121,-3,161,126,Excellent,5,10,high_bler
2026-07-01 00:00:00,UE00624,32.97582126191264,-96.98528083323394,XYZ401,A,-112,-3,122,69,Fair,1,10,high_bler
2026-07-01 01:00:00,UE00625,32.97592727750731,-96.99053341585532,XYZ402,A,-120,0,181,55,Coverage_Hole,2,20,high_bler
2026-07-01 02:00:00,UE00626,32.927485824089004,-97.00723185459724,XYZ403,A,-97,6,300,109,Coverage_Hole,3,41,high_bler
2026-07-01 04:00:00,UE00628,32.96059219523848,-96.97260120459984,XYZ402,B,-105,6,307,20,Good,5,41,high_bler
2026-07-01 07:00:00,UE00631,32.92779096338819,-97.01971401786663,XYZ402,A,-109,4,314,65,Excellent,2,36,high_bler
2026-07-01 09:00:00,UE00633,32.90484545462974,-96.96979299377992,XYZ401,C,-101,1,203,24,Excellent,4,23,high_bler
2026-07-01 11:00:00,UE00635,32.96794051838288,-96.991139209292,XYZ403,C,-104,3,197,104,Fair,6,32,high_bler
2026-07-01 12:00:00,UE00636,32.904193998663494,-97.01347871134016,XYZ401,B,-113,-4,99,57,Good,1,5,high_bler
2026-07-01 13:00:00,UE00637,32.93686180477492,-96.94096065956856,XYZ402,A,-111,-3,141,77,Good,2,10,high_bler
2026-07-01 14:00:00,UE00638,32.974040373500536,-96.97563168584315,XYZ403,A,-103,1,178,73,Fair,3,23,high_bler
2026-07-01 16:00:00,UE00640,32.93065997635098,-97.00663112130448,XYZ402,A,-100,6,319,55,Fair,5,41,high_bler
2026-07-01 21:00:00,UE00645,32.94905757267578,-97.03224742944307,XYZ401,B,-118,-4,78,20,Excellent,4,5,high_bler
2026-07-01 22:00:00,UE00646,32.954009945367275,-96.96625129749368,XYZ402,A,-107,6,226,128,Coverage_Hole,5,41,high_bler
2026-07-01 23:00:00,UE00647,32.92329834942348,-97.01715141426598,XYZ403,B,-99,1,172,32,Excellent,6,24,high_bler
2026-07-01 00:00:00,UE00648,32.90250390349337,-97.01882021488576,XYZ401,A,-115,-4,101,62,Fair,1,5,high_bler
2026-07-01 02:00:00,UE00650,32.96203417698956,-96.9519795025084,XYZ403,A,-112,1,176,51,Good,3,22,high_bler
2026-07-01 03:00:00,UE00651,32.954694248002475,-96.9822010708962,XYZ401,B,-88,1,152,129,Fair,4,24,high_bler
2026-07-01 04:00:00,UE00652,32.969040242285175,-96.9887947621915,XYZ402,C,-105,3,263,72,Excellent,5,30,high_bler
2026-07-01 05:00:00,UE00653,32.94492275190938,-96.94361271849004,XYZ403,A,-114,0,153,28,Poor,6,20,high_bler
2026-07-01 06:00:00,UE00654,32.89301585549134,-96.98090423417308,XYZ401,A,-110,-2,137,47,Poor,1,12,high_bler
2026-07-01 07:00:00,UE00655,32.96817162273859,-96.95724773135817,XYZ402,C,-113,-1,134,121,Fair,2,14,high_bler
2026-07-01 10:00:00,UE00658,32.8984370537306,-97.00322584250604,XYZ402,C,-109,2,222,97,Fair,5,29,high_bler
2026-07-01 11:00:00,UE00659,32.9430639508589,-97.010652786266,XYZ403,B,-104,5,307,21,Poor,6,38,high_bler
2026-07-01 13:00:00,UE00661,32.93061233199012,-96.93965687544724,XYZ402,C,-113,-5,78,93,Coverage_Hole,2,5,high_bler
2026-07-01 14:00:00,UE00662,32.90463567003937,-96.9641521254687,XYZ403,B,-108,-1,154,21,Excellent,3,15,high_bler
2026-07-01 15:00:00,UE00663,32.93215537858311,-97.03455103110478,XYZ401,C,-114,-3,148,108,Fair,4,11,high_bler
2026-07-01 18:00:00,UE00666,32.951562999118444,-96.93903834077108,XYZ401,B,-121,-1,130,107,Excellent,1,15,high_bler
2026-07-01 19:00:00,UE00667,32.96403327763975,-97.00535872413889,XYZ402,A,-112,0,195,71,Coverage_Hole,2,20,high_bler
2026-07-01 22:00:00,UE00670,32.91790751960148,-96.95085398227369,XYZ402,A,-106,4,228,121,Good,5,36,high_bler
2026-07-01 23:00:00,UE00671,32.96774012337457,-96.96772776959985,XYZ403,A,-105,2,195,56,Fair,6,28,high_bler
2026-07-01 01:00:00,UE00673,32.963628045963496,-97.01522938627464,XYZ402,C,-113,-4,103,61,Poor,2,5,high_bler
2026-07-01 02:00:00,UE00674,32.916164478143884,-97.0184926617008,XYZ403,C,-109,0,144,44,Fair,3,21,high_bler
2026-07-01 06:00:00,UE00678,32.90481100392337,-96.97328686022192,XYZ401,B,-110,3,199,48,Good,1,31,high_bler
2026-07-01 08:00:00,UE00680,32.97204782155845,-97.00040207150414,XYZ403,C,-114,-3,111,42,Poor,3,11,high_bler
2026-07-01 09:00:00,UE00681,32.97835090807004,-96.98935667502768,XYZ401,A,-119,0,173,58,Poor,4,20,high_bler
2026-07-01 11:00:00,UE00683,32.947776533578136,-97.02657105056304,XYZ403,A,-108,-3,156,106,Coverage_Hole,6,10,high_bler
2026-07-01 13:00:00,UE00685,32.956152666614344,-96.96134265178648,XYZ402,A,-111,3,205,66,Fair,2,32,high_bler
2026-07-01 14:00:00,UE00686,32.924060359346214,-97.03346090123205,XYZ403,B,-119,0,203,77,Coverage_Hole,3,20,high_bler
2026-07-01 15:00:00,UE00687,32.934250117704664,-96.93870281061784,XYZ401,A,-111,-4,72,61,Poor,4,5,high_bler
2026-07-01 16:00:00,UE00688,32.926123040922654,-97.0215834932986,XYZ402,B,-110,2,249,67,Coverage_Hole,5,29,high_bler
2026-07-01 18:00:00,UE00690,32.93306474065002,-96.93999408370642,XYZ401,A,-111,0,204,54,Fair,1,20,high_bler
2026-07-01 02:00:00,UE00698,32.967272360281285,-96.98848848348256,XYZ403,A,-104,5,239,103,Coverage_Hole,3,38,high_bler
2026-07-01 03:00:00,UE00699,32.902660853183484,-96.99182721351174,XYZ401,B,-107,1,155,20,Poor,4,22,high_bler
2026-07-01 05:00:00,UE00701,32.94298876880007,-97.03241109130023,XYZ403,B,-121,0,144,56,Good,6,20,high_bler
2026-07-01 06:00:00,UE00702,32.9313585823015,-96.93755317116084,XYZ401,A,-125,2,230,126,Excellent,1,29,high_bler
2026-07-01 07:00:00,UE00703,32.90711786524311,-97.01192392214736,XYZ402,C,-116,0,193,22,Excellent,2,21,high_bler
2026-07-01 08:00:00,UE00704,32.91228515671794,-97.01691940204395,XYZ403,C,-111,1,171,15,Poor,3,23,high_bler
2026-07-01 09:00:00,UE00705,32.92647010398685,-96.9509272213818,XYZ401,A,-110,4,227,127,Excellent,4,36,high_bler
2026-07-01 10:00:00,UE00706,32.94957887893434,-96.95728351344036,XYZ402,A,-102,4,265,124,Excellent,5,36,high_bler
2026-07-01 13:00:00,UE00709,32.93319349176514,-96.93406877671728,XYZ402,B,-119,-2,138,62,Excellent,2,13,high_bler
2026-07-01 16:00:00,UE00712,32.916972091837444,-96.94567073406849,XYZ402,A,-113,-2,120,68,Coverage_Hole,5,12,high_bler
2026-07-01 17:00:00,UE00713,32.92520208596909,-96.93826461405432,XYZ403,B,-110,-7,41,38,Coverage_Hole,6,5,high_bler
2026-07-01 21:00:00,UE00717,32.90345701809123,-96.96166898498603,XYZ401,B,-116,-4,91,34,Coverage_Hole,4,5,high_bler
2026-07-01 22:00:00,UE00718,32.90185120748384,-97.0158523989907,XYZ402,C,-120,2,237,107,Coverage_Hole,5,28,high_bler
2026-07-01 05:00:00,UE00725,32.89530677488416,-96.9892262102662,XYZ403,A,-116,-2,118,105,Poor,6,13,high_bler
2026-07-01 11:00:00,UE00731,32.908352513873126,-96.95129727567873,XYZ403,C,-108,2,259,105,Excellent,6,29,high_bler
2026-07-01 12:00:00,UE00732,32.92899853698286,-97.01885092548552,XYZ401,A,-109,3,267,73,Fair,1,31,high_bler
2026-07-01 13:00:00,UE00733,32.95965138497414,-97.01279405217046,XYZ402,B,-112,-2,138,42,Poor,2,13,high_bler
2026-07-01 15:00:00,UE00735,32.941409247270364,-97.02396422726542,XYZ401,A,-105,0,207,53,Poor,4,21,high_bler
2026-07-01 16:00:00,UE00736,32.95069780506886,-97.03004615353454,XYZ402,B,-120,2,232,117,Poor,5,29,high_bler
2026-07-01 21:00:00,UE00741,32.95127066891448,-97.0230501941162,XYZ401,B,-109,0,176,129,Coverage_Hole,4,21,high_bler
2026-07-01 22:00:00,UE00742,32.918833576905214,-96.94197061132073,XYZ402,C,-116,0,166,65,Coverage_Hole,5,21,high_bler
2026-07-01 23:00:00,UE00743,32.917851484545565,-97.02300569533844,XYZ403,C,-112,2,180,83,Coverage_Hole,6,29,high_bler
2026-07-01 00:00:00,UE00744,32.94334432516058,-96.9468747386777,XYZ401,A,-108,0,150,51,Good,1,20,high_bler
2026-07-01 03:00:00,UE00747,32.94034107324074,-97.0259710787428,XYZ401,C,-109,0,168,19,Excellent,4,21,high_bler
2026-07-01 04:00:00,UE00748,32.930623248602984,-97.03531941509176,XYZ402,B,-111,1,151,99,Poor,5,22,high_bler
2026-07-01 05:00:00,UE00749,32.91199042210763,-96.95914197090758,XYZ403,C,-102,0,179,69,Poor,6,20,high_bler
2026-07-01 09:00:00,UE00753,32.91969804089014,-97.0296380972122,XYZ401,A,-114,0,175,17,Excellent,4,21,high_bler
2026-07-01 11:00:00,UE00755,32.94856149277012,-96.94201691391213,XYZ403,A,-116,0,155,43,Excellent,6,20,high_bler
2026-07-01 15:00:00,UE00759,32.90981296276774,-96.96682897145136,XYZ401,C,-107,4,250,65,Fair,4,36,high_bler
2026-07-01 16:00:00,UE00760,32.94242367138615,-96.95360666158273,XYZ402,B,-103,1,209,90,Good,5,23,high_bler
2026-07-01 18:00:00,UE00762,32.94072362027748,-97.02188865248492,XYZ401,C,-109,2,229,17,Coverage_Hole,1,29,high_bler
2026-07-01 19:00:00,UE00763,32.90530324371859,-97.0125440544269,XYZ402,A,-108,-3,109,94,Coverage_Hole,2,11,high_bler
2026-07-01 20:00:00,UE00764,32.957830013580086,-97.02716563438403,XYZ403,B,-121,1,185,76,Excellent,3,22,high_bler
2026-07-01 21:00:00,UE00765,32.97717076714744,-96.98459242413638,XYZ401,B,-113,1,169,67,Good,4,23,high_bler
2026-07-01 22:00:00,UE00766,32.92976037928054,-96.93863865941744,XYZ402,A,-112,-3,135,58,Excellent,5,10,high_bler
2026-07-01 23:00:00,UE00767,32.938730271815174,-97.02309806360132,XYZ403,B,-109,3,226,98,Poor,6,31,high_bler
2026-07-01 00:00:00,UE00768,32.905002653875286,-96.96395827147448,XYZ401,B,-111,1,184,27,Poor,1,23,high_bler
2026-07-01 01:00:00,UE00769,32.9696805069131,-96.9767718688858,XYZ402,B,-111,0,199,114,Fair,2,20,high_bler
2026-07-01 02:00:00,UE00770,32.96681044144355,-97.01979512355064,XYZ403,A,-125,1,144,19,Excellent,3,23,high_bler
2026-07-01 03:00:00,UE00771,32.94892897093552,-97.02624159184045,XYZ401,C,-108,-2,129,87,Coverage_Hole,4,13,high_bler
2026-07-01 05:00:00,UE00773,32.93773580947955,-97.01282210629284,XYZ403,A,-96,5,234,106,Good,6,39,high_bler
2026-07-01 06:00:00,UE00774,32.94949381275151,-97.02048965889809,XYZ401,C,-106,3,244,77,Poor,1,32,high_bler
2026-07-01 08:00:00,UE00776,32.9602609390495,-96.99935766829128,XYZ403,C,-102,5,284,31,Excellent,3,38,high_bler
2026-07-01 10:00:00,UE00778,32.96619639986497,-97.01458009132595,XYZ402,A,-117,-1,144,26,Poor,5,15,high_bler
2026-07-01 12:00:00,UE00780,32.973343002714394,-96.99164655065104,XYZ401,A,-110,1,144,60,Fair,1,22,high_bler
2026-07-01 13:00:00,UE00781,32.97117183706741,-97.00464436975912,XYZ402,C,-111,0,172,82,Excellent,2,21,high_bler
2026-07-01 14:00:00,UE00782,32.897158486688056,-97.00249312265112,XYZ403,A,-120,-4,101,56,Excellent,3,5,high_bler
2026-07-01 18:00:00,UE00786,32.97574131124109,-96.9978558938514,XYZ401,A,-119,-5,103,81,Fair,1,5,high_bler
2026-07-01 20:00:00,UE00788,32.9306001247082,-97.022791202368,XYZ403,A,-106,0,176,34,Fair,3,20,high_bler
2026-07-01 21:00:00,UE00789,32.95041424758889,-96.93701367031366,XYZ401,C,-118,-4,90,61,Excellent,4,5,high_bler
2026-07-01 22:00:00,UE00790,32.93632288885553,-97.01860920424366,XYZ402,C,-106,3,213,88,Excellent,5,32,high_bler
2026-07-01 00:00:00,UE00792,32.92799284749872,-96.94749504389596,XYZ401,A,-107,2,240,54,Fair,1,29,high_bler
2026-07-01 03:00:00,UE00795,32.905502669062365,-96.99394824001688,XYZ401,C,-108,0,153,96,Fair,4,21,high_bler
2026-07-01 05:00:00,UE00797,32.89959912980357,-96.97696107503836,XYZ403,C,-118,-4,91,65,Excellent,6,5,high_bler
2026-07-01 10:00:00,UE00802,32.916060002418696,-96.94566131042676,XYZ402,B,-115,2,199,39,Coverage_Hole,5,28,high_bler
2026-07-01 12:00:00,UE00804,32.93238849784888,-96.96149909919158,XYZ401,B,-95,4,316,26,Coverage_Hole,1,36,high_bler
2026-07-01 13:00:00,UE00805,32.898176562059604,-96.98431043540226,XYZ402,C,-111,0,187,95,Excellent,2,21,high_bler
2026-07-01 15:00:00,UE00807,32.9531708526876,-96.95368136814623,XYZ401,A,-104,0,164,92,Coverage_Hole,4,20,high_bler
2026-07-01 17:00:00,UE00809,32.97307833242315,-96.99270877357112,XYZ403,B,-111,-5,94,97,Poor,6,5,high_bler
2026-07-01 19:00:00,UE00811,32.94459337630758,-96.94919737777715,XYZ402,B,-103,1,166,52,Fair,2,23,high_bler
2026-07-01 20:00:00,UE00812,32.96371262774737,-97.02265359322742,XYZ403,B,-119,0,187,55,Fair,3,20,high_bler
2026-07-01 22:00:00,UE00814,32.946204064185295,-97.0192179915482,XYZ402,A,-103,4,251,52,Fair,5,36,high_bler
2026-07-01 01:00:00,UE00817,32.91418224722561,-97.0306387345222,XYZ402,B,-120,1,154,112,Fair,2,23,high_bler
2026-07-01 03:00:00,UE00819,32.96612870301791,-96.9913006756013,XYZ401,B,-111,-1,151,65,Fair,4,15,high_bler
2026-07-01 04:00:00,UE00820,32.93095297932588,-97.03568708328352,XYZ402,B,-120,0,149,90,Good,5,21,high_bler
2026-07-01 06:00:00,UE00822,32.96435867466889,-96.97082672478254,XYZ401,B,-104,6,285,63,Excellent,1,41,high_bler
2026-07-01 07:00:00,UE00823,32.912794202292254,-97.0101760739722,XYZ402,C,-99,5,273,99,Fair,2,39,high_bler
2026-07-01 08:00:00,UE00824,32.96497331760718,-96.96814082987392,XYZ403,A,-105,5,221,119,Coverage_Hole,3,38,high_bler
2026-07-01 09:00:00,UE00825,32.95297205501637,-97.02694652542984,XYZ401,A,-118,-4,94,69,Fair,4,5,high_bler
2026-07-01 10:00:00,UE00826,32.96645006060795,-96.9667045888423,XYZ402,C,-104,0,185,72,Coverage_Hole,5,21,high_bler
2026-07-01 11:00:00,UE00827,32.892145538267094,-96.99323565332124,XYZ403,A,-125,0,162,70,Poor,6,21,high_bler
2026-07-01 15:00:00,UE00831,32.96201238781934,-96.94896323996362,XYZ401,C,-117,-4,94,31,Coverage_Hole,4,5,high_bler
2026-07-01 18:00:00,UE00834,32.90259118674205,-96.96479135216693,XYZ401,C,-116,3,217,102,Poor,1,32,high_bler
2026-07-01 19:00:00,UE00835,32.90438788791149,-97.01705663971208,XYZ402,A,-117,-3,159,95,Coverage_Hole,2,10,high_bler
2026-07-01 20:00:00,UE00836,32.936671514401326,-96.9389461563964,XYZ403,C,-114,0,157,42,Fair,3,20,high_bler
2026-07-01 23:00:00,UE00839,32.91228118744967,-96.95411625302636,XYZ403,C,-108,3,212,66,Fair,6,31,high_bler
2026-07-01 00:00:00,UE00840,32.940082516411785,-96.93993076844296,XYZ401,A,-123,4,310,100,Poor,1,36,high_bler
2026-07-01 01:00:00,UE00841,32.95492804339728,-96.95075994243768,XYZ402,A,-114,3,210,119,Fair,2,31,high_bler
2026-07-01 05:00:00,UE00845,32.91668846071598,-97.01865871994478,XYZ403,B,-107,-2,125,51,Coverage_Hole,6,12,high_bler
2026-07-01 06:00:00,UE00846,32.92857443920134,-97.0285488402406,XYZ401,B,-115,1,151,39,Coverage_Hole,1,23,high_bler
2026-07-01 07:00:00,UE00847,32.89537366812785,-96.99246106300252,XYZ402,A,-116,-2,121,125,Coverage_Hole,2,13,high_bler
2026-07-01 08:00:00,UE00848,32.97212939834272,-96.9743192135181,XYZ403,C,-107,-1,137,21,Good,3,15,high_bler
2026-07-01 09:00:00,UE00849,32.95410293344154,-97.01362040748664,XYZ401,C,-106,1,151,78,Poor,4,23,high_bler
2026-07-01 12:00:00,UE00852,32.93342546182178,-96.94093356398372,XYZ401,B,-110,-2,134,33,Excellent,1,12,high_bler
2026-07-01 13:00:00,UE00853,32.94338934911705,-97.02187978426424,XYZ402,C,-114,3,238,89,Good,2,32,high_bler
2026-07-01 17:00:00,UE00857,32.95685980621879,-96.94267835425886,XYZ403,C,-111,-3,129,89,Good,6,10,high_bler
2026-07-01 18:00:00,UE00858,32.9169049464404,-97.01808783948152,XYZ401,B,-110,0,161,124,Good,1,20,high_bler
2026-07-01 21:00:00,UE00861,32.90835021386003,-97.02437858486034,XYZ401,C,-115,0,180,24,Coverage_Hole,4,21,high_bler
2026-07-01 22:00:00,UE00862,32.92262842873991,-97.03356470915566,XYZ402,C,-125,-5,77,33,Fair,5,5,high_bler
2026-07-01 03:00:00,UE00867,32.90634409006913,-96.95764665618744,XYZ401,A,-111,3,238,28,Fair,4,31,high_bler
2026-07-01 04:00:00,UE00868,32.898896647146834,-97.0119725314426,XYZ402,C,-117,-3,125,42,Good,5,9,high_bler
2026-07-01 05:00:00,UE00869,32.973633369408674,-96.99916723611358,XYZ403,C,-120,-2,129,90,Coverage_Hole,6,12,high_bler
2026-07-01 06:00:00,UE00870,32.90922600390988,-97.0231449798727,XYZ401,C,-112,0,173,56,Poor,1,20,high_bler
2026-07-01 10:00:00,UE00874,32.96873406527795,-97.00098131087476,XYZ402,C,-102,4,285,87,Good,5,36,high_bler
2026-07-01 13:00:00,UE00877,32.91562140596224,-97.02223260898867,XYZ402,A,-113,-3,131,64,Good,2,10,high_bler
2026-07-01 14:00:00,UE00878,32.96915068607285,-97.00048147287436,XYZ403,C,-113,-3,140,125,Coverage_Hole,3,9,high_bler
2026-07-01 19:00:00,UE00883,32.934018593680015,-96.93736821421896,XYZ402,B,-111,-2,130,118,Good,2,13,high_bler
2026-07-01 20:00:00,UE00884,32.97717580344816,-96.98909898935314,XYZ403,A,-111,-2,124,32,Coverage_Hole,3,12,high_bler
2026-07-01 00:00:00,UE00888,32.935337966848635,-97.03494545329788,XYZ401,C,-110,0,198,61,Excellent,1,21,high_bler
2026-07-01 03:00:00,UE00891,32.943053244616266,-97.02458917289428,XYZ401,B,-105,0,167,55,Coverage_Hole,4,20,high_bler
2026-07-01 04:00:00,UE00892,32.900627155466125,-96.9822876361048,XYZ402,C,-105,0,203,21,Fair,5,21,high_bler
2026-07-01 05:00:00,UE00893,32.93271943397979,-96.94182116436616,XYZ403,C,-111,3,212,82,Coverage_Hole,6,30,high_bler
2026-07-01 08:00:00,UE00896,32.96322674607962,-97.02126797130316,XYZ403,A,-116,-2,126,101,Fair,3,12,high_bler
2026-07-01 12:00:00,UE00900,32.90800035948821,-96.946977438621,XYZ401,A,-121,-3,151,30,Excellent,1,10,high_bler
2026-07-01 13:00:00,UE00901,32.921374434685234,-96.95832567431488,XYZ402,A,-100,2,198,48,Poor,2,28,high_bler
2026-07-01 14:00:00,UE00902,32.9151319874975,-96.94734605975196,XYZ403,A,-116,0,177,97,Excellent,3,21,high_bler
2026-07-01 15:00:00,UE00903,32.92730960902151,-97.0230833223087,XYZ401,C,-108,6,272,35,Good,4,41,high_bler
2026-07-01 18:00:00,UE00906,32.91835959132692,-97.02655774802696,XYZ401,C,-109,0,165,32,Coverage_Hole,1,21,high_bler
2026-07-01 22:00:00,UE00910,32.92126379939859,-97.03024715125974,XYZ402,B,-112,0,203,125,Poor,5,21,high_bler
2026-07-01 23:00:00,UE00911,32.93472365834023,-96.95749120554974,XYZ403,C,-99,1,198,95,Excellent,6,22,high_bler
2026-07-01 02:00:00,UE00914,32.92082736045911,-97.0096121898642,XYZ403,C,-98,2,263,33,Coverage_Hole,3,28,high_bler
2026-07-01 04:00:00,UE00916,32.94260032853324,-96.9533275450361,XYZ402,B,-106,5,243,75,Coverage_Hole,5,39,high_bler
2026-07-01 06:00:00,UE00918,32.955430330341365,-97.02725305364112,XYZ401,A,-115,0,186,35,Excellent,1,20,high_bler
2026-07-01 08:00:00,UE00920,32.935305415298934,-96.9462541235834,XYZ403,C,-100,0,147,83,Good,3,21,high_bler
2026-07-01 10:00:00,UE00922,32.89936722974743,-97.00819780884515,XYZ402,C,-107,-4,72,81,Fair,5,5,high_bler
2026-07-01 11:00:00,UE00923,32.95523036724644,-96.95873229412275,XYZ403,B,-110,3,213,77,Coverage_Hole,6,31,high_bler
2026-07-01 12:00:00,UE00924,32.92417864413084,-97.02706649537063,XYZ401,C,-113,5,304,62,Fair,1,39,high_bler
2026-07-01 16:00:00,UE00928,32.9763463084162,-96.98060218114507,XYZ402,B,-117,0,145,34,Coverage_Hole,5,21,high_bler
2026-07-01 17:00:00,UE00929,32.964129247605655,-96.977851831924,XYZ403,A,-107,3,204,82,Excellent,6,30,high_bler
2026-07-01 21:00:00,UE00933,32.920508312071284,-97.02608171228616,XYZ401,C,-116,-1,147,22,Excellent,4,16,high_bler
2026-07-01 22:00:00,UE00934,32.9639349241687,-96.9669750589244,XYZ402,B,-109,0,201,124,Excellent,5,21,high_bler
2026-07-01 00:00:00,UE00936,32.95747518039033,-97.02458709275986,XYZ401,A,-117,-1,127,41,Coverage_Hole,1,15,high_bler
2026-07-01 01:00:00,UE00937,32.956084742012976,-97.00942571851536,XYZ402,C,-105,3,188,25,Excellent,2,31,high_bler
2026-07-01 02:00:00,UE00938,32.89424694918422,-96.97525490878088,XYZ403,A,-119,-3,136,42,Excellent,3,11,high_bler
2026-07-01 03:00:00,UE00939,32.97118672209922,-97.00016340794885,XYZ401,A,-114,2,208,79,Excellent,4,28,high_bler
2026-07-01 04:00:00,UE00940,32.95450073800391,-97.0099562842641,XYZ402,A,-102,5,251,15,Coverage_Hole,5,38,high_bler
2026-07-01 05:00:00,UE00941,32.95143278283687,-96.97588659927526,XYZ403,B,-88,5,321,80,Excellent,6,38,high_bler
2026-07-01 07:00:00,UE00943,32.93071946721705,-97.01969863163932,XYZ402,C,-105,2,252,117,Fair,2,28,high_bler
2026-07-01 11:00:00,UE00947,32.93318191248427,-97.0335549253196,XYZ403,B,-119,3,268,50,Coverage_Hole,6,31,high_bler
2026-07-01 12:00:00,UE00948,32.976056101926446,-96.99968266191144,XYZ401,B,-114,-1,126,60,Excellent,1,16,high_bler
2026-07-01 13:00:00,UE00949,32.914947523949145,-96.94002701998784,XYZ402,B,-118,-1,144,82,Excellent,2,14,high_bler
2026-07-01 15:00:00,UE00951,32.96949879948787,-96.9778320561706,XYZ401,A,-111,-2,115,42,Good,4,13,high_bler
2026-07-01 16:00:00,UE00952,32.900607036984574,-97.0090234918943,XYZ402,B,-112,-1,151,19,Excellent,5,16,high_bler
2026-07-01 17:00:00,UE00953,32.92017722253931,-97.02353556648208,XYZ403,C,-110,0,151,67,Fair,6,21,high_bler
2026-07-01 21:00:00,UE00957,32.95903537429097,-96.96434828666216,XYZ401,B,-109,0,177,55,Coverage_Hole,4,21,high_bler
2026-07-01 00:00:00,UE00960,32.94917850742748,-97.01908141861313,XYZ401,A,-107,4,226,79,Good,1,36,high_bler
2026-07-01 01:00:00,UE00961,32.903342946660864,-97.00292106981053,XYZ402,A,-108,0,146,85,Fair,2,20,high_bler
2026-07-01 02:00:00,UE00962,32.932333302077225,-97.0090607826477,XYZ403,B,-94,6,252,110,Fair,3,41,high_bler
2026-07-01 03:00:00,UE00963,32.96279237057307,-96.96252345065658,XYZ401,C,-106,2,211,98,Coverage_Hole,4,28,high_bler
2026-07-01 08:00:00,UE00968,32.9150749169718,-96.94629602608198,XYZ403,A,-115,0,154,19,Excellent,3,20,high_bler
2026-07-01 09:00:00,UE00969,32.96971502394961,-96.96765257177276,XYZ401,B,-111,5,249,80,Excellent,4,38,high_bler
2026-07-01 10:00:00,UE00970,32.96325947870233,-96.99417075919928,XYZ402,A,-101,1,191,26,Coverage_Hole,5,22,high_bler
2026-07-01 11:00:00,UE00971,32.91444349578884,-97.01397671270236,XYZ403,C,-105,-1,118,53,Poor,6,16,high_bler
2026-07-01 13:00:00,UE00973,32.90791835981297,-96.99716108238128,XYZ402,A,-100,5,236,61,Coverage_Hole,2,39,high_bler
2026-07-01 14:00:00,UE00974,32.905176370706094,-97.01633461523622,XYZ403,A,-115,0,144,70,Poor,3,21,high_bler
2026-07-01 15:00:00,UE00975,32.97329788307907,-96.98077252283603,XYZ401,A,-115,2,200,125,Fair,4,29,high_bler
2026-07-01 17:00:00,UE00977,32.910066678386464,-96.9713880375896,XYZ403,C,-103,4,257,44,Good,6,36,high_bler
2026-07-01 19:00:00,UE00979,32.92125757551281,-96.94449247679732,XYZ402,C,-107,-2,158,44,Fair,2,12,high_bler
2026-07-01 20:00:00,UE00980,32.907011746901496,-96.97841450952929,XYZ403,C,-104,6,221,19,Coverage_Hole,3,41,high_bler
2026-07-01 21:00:00,UE00981,32.9477954107163,-96.94748862743302,XYZ401,A,-107,0,166,118,Fair,4,21,high_bler
2026-07-01 22:00:00,UE00982,32.96179212438692,-96.99648818158944,XYZ402,C,-106,3,234,34,Coverage_Hole,5,32,high_bler
2026-07-01 00:00:00,UE00984,32.94265955747607,-97.02670870530584,XYZ401,A,-108,2,261,73,Coverage_Hole,1,29,high_bler
2026-07-01 02:00:00,UE00986,32.92628001131901,-97.03454756973392,XYZ403,B,-115,0,174,62,Fair,3,21,high_bler
2026-07-01 04:00:00,UE00988,32.949546450679364,-97.01839879564054,XYZ402,B,-102,4,285,50,Coverage_Hole,5,36,high_bler
2026-07-01 05:00:00,UE00989,32.932592674176604,-97.02437976070236,XYZ403,B,-110,3,228,109,Excellent,6,32,high_bler
2026-07-01 06:00:00,UE00990,32.92301127738336,-97.01484928221096,XYZ401,A,-107,0,158,67,Good,1,21,high_bler
2026-07-01 08:00:00,UE00992,32.95681828704414,-96.9446979679636,XYZ403,B,-121,-1,138,16,Coverage_Hole,3,15,high_bler
2026-07-01 10:00:00,UE00994,32.894857528915246,-97.00411648943138,XYZ402,C,-120,-1,115,33,Excellent,5,16,high_bler
2026-07-01 11:00:00,UE00995,32.95842087359824,-96.95113863387294,XYZ403,C,-112,1,176,28,Coverage_Hole,6,22,high_bler
2026-07-01 17:00:00,UE01001,32.91332689405599,-96.94604850396514,XYZ403,B,-116,-2,141,61,Poor,6,12,high_bler
2026-07-01 21:00:00,UE01005,32.97522798241624,-96.9854998787826,XYZ401,B,-118,-2,140,123,Poor,4,12,high_bler
2026-07-01 22:00:00,UE01006,32.90122803511651,-96.9561644234005,XYZ402,C,-118,-4,92,62,Coverage_Hole,5,5,high_bler
2026-07-01 23:00:00,UE01007,32.90579714268873,-96.99359031478534,XYZ403,C,-100,4,229,116,Fair,6,36,high_bler
2026-07-01 00:00:00,UE01008,32.95588366582732,-97.01892533307166,XYZ401,C,-112,2,215,45,Excellent,1,28,high_bler
2026-07-01 04:00:00,UE01012,32.911654812408976,-96.96142787515552,XYZ402,A,-108,4,310,80,Fair,5,36,high_bler
2026-07-01 08:00:00,UE01016,32.96688507506452,-97.01934642730934,XYZ403,C,-111,0,189,48,Excellent,3,21,high_bler
2026-07-01 10:00:00,UE01018,32.89204855766774,-96.97946618286451,XYZ402,C,-110,0,202,89,Coverage_Hole,5,20,high_bler
2026-07-01 11:00:00,UE01019,32.90063633836094,-96.96086880581584,XYZ403,A,-115,-1,159,45,Poor,6,14,high_bler
2026-07-01 12:00:00,UE01020,32.967242102416485,-96.984355232676,XYZ401,C,-109,1,169,85,Excellent,1,23,high_bler
2026-07-01 14:00:00,UE01022,32.89670044093484,-97.00497093706883,XYZ403,A,-119,-3,146,62,Poor,3,10,high_bler
2026-07-01 15:00:00,UE01023,32.97114451317108,-96.99210679077298,XYZ401,A,-108,-1,128,127,Poor,4,16,high_bler
2026-07-01 19:00:00,UE01027,32.97183014086134,-97.0003973437733,XYZ402,B,-116,-1,147,54,Good,2,15,high_bler
2026-07-01 20:00:00,UE01028,32.965754443333424,-97.00797095036822,XYZ403,C,-120,1,206,35,Good,3,24,high_bler
2026-07-01 21:00:00,UE01029,32.91917750866494,-97.012560329958,XYZ401,A,-106,1,152,102,Excellent,4,24,high_bler
2026-07-01 22:00:00,UE01030,32.93641686395088,-96.95457000531172,XYZ402,B,-101,3,228,45,Fair,5,31,high_bler
2026-07-01 23:00:00,UE01031,32.9290377803834,-97.03195081708115,XYZ403,B,-117,1,189,52,Excellent,6,23,high_bler
2026-07-01 00:00:00,UE01032,32.97161704918841,-97.00592970296908,XYZ401,C,-117,-1,129,89,Poor,1,15,high_bler
2026-07-01 01:00:00,UE01033,32.96944863050935,-96.96231948664264,XYZ402,C,-112,-2,139,104,Fair,2,13,high_bler
2026-07-01 03:00:00,UE01035,32.93755830151808,-96.94208108451272,XYZ401,B,-109,-3,124,80,Good,4,11,high_bler
2026-07-01 04:00:00,UE01036,32.917730606193295,-97.01234664344318,XYZ402,B,-107,1,211,118,Excellent,5,23,high_bler
2026-07-01 07:00:00,UE01039,32.923452510085134,-97.02066067426784,XYZ402,B,-102,2,185,123,Fair,2,28,high_bler
2026-07-01 08:00:00,UE01040,32.89969882076149,-96.96993114323764,XYZ403,B,-114,0,209,35,Excellent,3,20,high_bler
2026-07-01 09:00:00,UE01041,32.90535979685833,-97.01668990053813,XYZ401,A,-111,5,316,18,Fair,4,38,high_bler
2026-07-01 12:00:00,UE01044,32.97397081069734,-96.98982952327334,XYZ401,B,-113,3,197,80,Poor,1,31,high_bler
2026-07-01 15:00:00,UE01047,32.975534734999854,-96.9944299467989,XYZ401,C,-110,0,155,27,Fair,4,21,high_bler
2026-07-01 16:00:00,UE01048,32.931434695572854,-97.0269307606604,XYZ402,B,-115,-3,158,31,Good,5,10,high_bler
2026-07-01 19:00:00,UE01051,32.93856416296087,-97.017025457967,XYZ402,A,-104,5,276,22,Excellent,2,39,high_bler
2026-07-01 21:00:00,UE01053,32.911707413615964,-97.022263401827,XYZ401,A,-104,0,194,54,Fair,4,21,high_bler
2026-07-01 22:00:00,UE01054,32.91877870522414,-96.9452744975468,XYZ402,A,-116,-1,110,45,Coverage_Hole,5,15,high_bler
2026-07-01 03:00:00,UE01059,32.89680443347402,-96.96101951157144,XYZ401,B,-119,0,162,94,Good,4,21,high_bler
2026-07-01 04:00:00,UE01060,32.90393283195274,-97.00635637352836,XYZ402,A,-106,1,168,93,Coverage_Hole,5,24,high_bler
2026-07-01 07:00:00,UE01063,32.97268805017707,-96.99322771600222,XYZ402,B,-117,-5,77,26,Poor,2,5,high_bler
2026-07-01 08:00:00,UE01064,32.90881472196759,-96.99645208435533,XYZ403,A,-104,1,145,17,Fair,3,23,high_bler
2026-07-01 09:00:00,UE01065,32.959862811139004,-97.0101163847054,XYZ401,B,-111,2,247,53,Good,4,29,high_bler
2026-07-01 10:00:00,UE01066,32.91050928110061,-96.96611940825508,XYZ402,B,-107,5,323,35,Good,5,38,high_bler
2026-07-01 14:00:00,UE01070,32.90598037418751,-97.01591864357172,XYZ403,B,-112,-3,155,33,Good,3,11,high_bler
2026-07-01 21:00:00,UE01077,32.963373916574795,-96.97284501505152,XYZ401,A,-109,4,297,18,Fair,4,36,high_bler
2026-07-01 23:00:00,UE01079,32.94358650281483,-97.0309732000203,XYZ403,B,-113,-3,122,113,Poor,6,11,high_bler
2026-07-01 00:00:00,UE01080,32.96212053857054,-96.95202541223986,XYZ401,B,-119,-2,114,30,Good,1,13,high_bler
2026-07-01 04:00:00,UE01084,32.95304252421131,-96.9512580718777,XYZ402,C,-111,0,180,107,Coverage_Hole,5,20,high_bler
2026-07-01 07:00:00,UE01087,32.895384772600735,-97.0015256914772,XYZ402,C,-113,2,266,64,Poor,2,29,high_bler
2026-07-01 09:00:00,UE01089,32.89552513532752,-96.9688632598302,XYZ401,C,-118,-3,117,84,Good,4,10,high_bler
2026-07-01 10:00:00,UE01090,32.902977803357324,-97.01943270191587,XYZ402,B,-115,-5,87,25,Coverage_Hole,5,5,high_bler
2026-07-01 11:00:00,UE01091,32.97212286529246,-96.97879904479475,XYZ403,A,-112,1,205,67,Excellent,6,24,high_bler
2026-07-01 12:00:00,UE01092,32.915878480198764,-96.9468748564644,XYZ401,A,-112,-6,50,88,Fair,1,5,high_bler
2026-07-01 13:00:00,UE01093,32.97051031898319,-96.9779660274156,XYZ402,C,-112,3,248,111,Coverage_Hole,2,31,high_bler
2026-07-01 16:00:00,UE01096,32.90324318841287,-96.95320310594067,XYZ402,A,-116,5,305,52,Excellent,5,38,high_bler
2026-07-01 17:00:00,UE01097,32.90581240121927,-97.00329049828328,XYZ403,C,-108,4,278,52,Good,6,36,high_bler
2026-07-01 18:00:00,UE01098,32.97011856824227,-96.9810790217227,XYZ401,A,-105,0,161,73,Excellent,1,20,high_bler
2026-07-01 21:00:00,UE01101,32.93606193832598,-97.02083496687612,XYZ401,C,-101,2,229,35,Fair,4,29,high_bler
2026-07-01 22:00:00,UE01102,32.91664822110077,-97.0086105113436,XYZ402,A,-94,3,267,82,Good,5,32,high_bler
2026-07-01 23:00:00,UE01103,32.95219262225121,-96.96441239456418,XYZ403,B,-89,2,267,27,Fair,6,28,high_bler
2026-07-01 00:00:00,UE01104,32.97187652608745,-96.98085916589136,XYZ401,B,-108,-3,124,52,Coverage_Hole,1,11,high_bler
2026-07-01 02:00:00,UE01106,32.89756452007485,-96.99115650572996,XYZ403,B,-116,-2,114,38,Good,3,12,high_bler
2026-07-01 04:00:00,UE01108,32.91876932195161,-96.94409601652497,XYZ402,B,-111,1,191,129,Good,5,23,high_bler
2026-07-01 06:00:00,UE01110,32.900303463143025,-97.01617080430722,XYZ401,C,-118,-2,148,50,Excellent,1,13,high_bler
2026-07-01 07:00:00,UE01111,32.90533008313018,-96.9763400908923,XYZ402,C,-108,5,282,109,Good,2,39,high_bler
2026-07-01 08:00:00,UE01112,32.93396661808183,-96.95434790087518,XYZ403,B,-104,2,183,119,Fair,3,28,high_bler
2026-07-01 10:00:00,UE01114,32.92135790589316,-97.025020264798,XYZ402,C,-115,4,280,56,Coverage_Hole,5,36,high_bler
2026-07-01 12:00:00,UE01116,32.96898983261299,-97.00878757121625,XYZ401,C,-113,0,149,50,Fair,1,21,high_bler
2026-07-01 13:00:00,UE01117,32.97433800595661,-96.96639534679356,XYZ402,A,-118,0,174,47,Good,2,21,high_bler
2026-07-01 14:00:00,UE01118,32.96072226623743,-97.00949796207848,XYZ403,A,-102,6,264,27,Fair,3,41,high_bler
2026-07-01 16:00:00,UE01120,32.96530299315227,-96.96414617832876,XYZ402,C,-110,-2,115,111,Excellent,5,12,high_bler
2026-07-01 18:00:00,UE01122,32.96391639588065,-96.95152519607394,XYZ401,C,-117,1,182,81,Excellent,1,23,high_bler
2026-07-01 00:00:00,UE01128,32.89707774551764,-96.99370085845908,XYZ401,C,-108,1,183,99,Coverage_Hole,1,23,high_bler
2026-07-01 01:00:00,UE01129,32.94895566348967,-96.93697268305785,XYZ402,A,-117,0,151,65,Good,2,20,high_bler
2026-07-01 02:00:00,UE01130,32.97586108114847,-96.97872112277,XYZ403,C,-110,-4,95,56,Fair,3,5,high_bler
2026-07-01 03:00:00,UE01131,32.967236130934424,-97.01829264800368,XYZ401,A,-117,-6,42,23,Good,4,5,high_bler
2026-07-01 06:00:00,UE01134,32.94229745001063,-96.94129441421018,XYZ401,C,-111,0,199,32,Excellent,1,21,high_bler
2026-07-01 07:00:00,UE01135,32.96584553888341,-96.9775191960482,XYZ402,B,-102,3,263,55,Poor,2,31,high_bler
2026-07-01 11:00:00,UE01139,32.933271885439844,-96.9374654907654,XYZ403,B,-115,-8,47,109,Good,6,5,high_bler
2026-07-01 12:00:00,UE01140,32.924091264398704,-97.01282783123062,XYZ401,B,-103,2,248,125,Excellent,1,29,high_bler
2026-07-01 14:00:00,UE01142,32.901607579279855,-97.01143744559975,XYZ403,B,-110,2,190,118,Excellent,3,29,high_bler
2026-07-01 15:00:00,UE01143,32.957994426786165,-97.02143208027698,XYZ401,B,-110,3,243,26,Fair,4,31,high_bler
2026-07-01 16:00:00,UE01144,32.97429683847577,-96.96438020755365,XYZ402,A,-118,0,192,86,Excellent,5,20,high_bler
2026-07-01 22:00:00,UE01150,32.94744793175605,-96.94588526802008,XYZ402,B,-113,0,158,28,Excellent,5,21,high_bler
2026-07-01 23:00:00,UE01151,32.93416608387681,-96.9529377427668,XYZ403,A,-97,5,284,88,Excellent,6,38,high_bler
2026-07-01 00:00:00,UE01152,32.95017534580395,-96.93964731426978,XYZ401,A,-111,-6,42,66,Good,1,5,high_bler
2026-07-01 02:00:00,UE01154,32.95654695647698,-96.96306107126487,XYZ403,B,-110,-1,113,70,Poor,3,15,high_bler
2026-07-01 03:00:00,UE01155,32.897046807482674,-96.9899557985044,XYZ401,B,-107,2,231,115,Coverage_Hole,4,29,high_bler
2026-07-01 05:00:00,UE01157,32.90489597858743,-97.0214048679786,XYZ403,B,-121,-3,158,57,Coverage_Hole,6,10,high_bler
2026-07-01 06:00:00,UE01158,32.90497890301572,-96.9600083952092,XYZ401,C,-111,-3,160,83,Poor,1,11,high_bler
2026-07-01 10:00:00,UE01162,32.93583420665305,-96.94353330803696,XYZ402,A,-103,0,166,86,Excellent,5,20,high_bler
2026-07-01 12:00:00,UE01164,32.97265641058145,-96.97892595024238,XYZ401,C,-119,0,207,88,Coverage_Hole,1,21,high_bler
2026-07-01 13:00:00,UE01165,32.902671394337524,-96.97699686809966,XYZ402,A,-104,2,186,92,Fair,2,29,high_bler
2026-07-01 14:00:00,UE01166,32.92582749939709,-96.9655910331906,XYZ403,A,-89,5,258,57,Good,3,38,high_bler
2026-07-01 15:00:00,UE01167,32.905813422520424,-96.98663646098623,XYZ401,A,-103,0,187,67,Excellent,4,20,high_bler
2026-07-01 17:00:00,UE01169,32.910854510125084,-97.02590096403728,XYZ403,B,-120,2,200,34,Coverage_Hole,6,29,high_bler
2026-07-01 18:00:00,UE01170,32.907457424777974,-96.97500072717008,XYZ401,B,-102,0,200,38,Fair,1,21,high_bler
2026-07-01 20:00:00,UE01172,32.908527125117025,-97.02241045746794,XYZ403,C,-117,1,167,82,Coverage_Hole,3,24,high_bler
2026-07-01 21:00:00,UE01173,32.89697321457521,-97.00330923869654,XYZ401,B,-118,6,237,49,Good,4,41,high_bler
2026-07-01 04:00:00,UE01180,32.91493085136478,-96.95810377879148,XYZ402,B,-105,-2,144,117,Excellent,5,13,high_bler
2026-07-01 07:00:00,UE01183,32.91465845196388,-96.98923150254925,XYZ402,C,-97,6,264,122,Coverage_Hole,2,41,high_bler
2026-07-01 08:00:00,UE01184,32.96623247844479,-96.95458470424222,XYZ403,A,-118,-2,114,66,Excellent,3,13,high_bler
2026-07-01 09:00:00,UE01185,32.93237857064674,-96.9550556035309,XYZ401,B,-105,4,292,103,Coverage_Hole,4,36,high_bler
2026-07-01 12:00:00,UE01188,32.91916169394447,-96.95911227575104,XYZ401,C,-102,6,302,62,Coverage_Hole,1,41,high_bler
2026-07-01 14:00:00,UE01190,32.96496049008845,-97.01410564437047,XYZ403,A,-121,2,188,73,Coverage_Hole,3,28,high_bler
2026-07-01 16:00:00,UE01192,32.97254707027319,-97.00326083406516,XYZ402,C,-116,-4,104,67,Fair,5,5,high_bler
2026-07-01 17:00:00,UE01193,32.9114940296254,-97.00008964719684,XYZ403,C,-103,6,274,28,Poor,6,41,high_bler
2026-07-01 18:00:00,UE01194,32.9724478343609,-96.99884042387448,XYZ401,A,-117,-1,139,60,Excellent,1,15,high_bler
2026-07-01 19:00:00,UE01195,32.95766362929021,-96.95707474889778,XYZ402,B,-99,3,264,28,Fair,2,30,high_bler
2026-07-01 20:00:00,UE01196,32.91295712639877,-96.96503951466327,XYZ403,B,-100,3,193,35,Coverage_Hole,3,31,high_bler
2026-07-01 21:00:00,UE01197,32.8954387044431,-96.96958950018691,XYZ401,A,-109,-1,156,35,Fair,4,15,high_bler
2026-07-01 22:00:00,UE01198,32.93714124548166,-96.93759833292678,XYZ402,A,-116,0,169,55,Poor,5,20,high_bler
2026-07-01 00:00:00,UE01200,32.934106428130576,-97.03102044657072,XYZ401,A,-112,-4,78,95,Excellent,1,5,high_bler
2026-07-01 01:00:00,UE01201,32.92146482289583,-96.95374732297482,XYZ402,C,-113,2,210,120,Good,2,29,high_bler
2026-07-01 03:00:00,UE01203,32.92117679578484,-97.01698788594706,XYZ401,B,-104,4,244,65,Coverage_Hole,4,36,high_bler
2026-07-01 05:00:00,UE01205,32.92683224358584,-97.03134859439092,XYZ403,B,-114,-1,136,61,Good,6,15,high_bler
2026-07-01 08:00:00,UE01208,32.902631671112296,-96.97141112411096,XYZ403,A,-108,0,149,63,Excellent,3,21,high_bler
2026-07-01 09:00:00,UE01209,32.916988289231874,-96.96093135563082,XYZ401,A,-100,6,266,62,Fair,4,41,high_bler
2026-07-01 10:00:00,UE01210,32.91684441996383,-96.95863278644092,XYZ402,A,-110,6,270,86,Poor,5,41,high_bler
2026-07-01 13:00:00,UE01213,32.92623674557799,-97.02180923172077,XYZ402,A,-102,1,177,125,Fair,2,23,high_bler
2026-07-01 14:00:00,UE01214,32.91309629569027,-97.02804418320164,XYZ403,A,-114,0,178,69,Excellent,3,21,high_bler
2026-07-01 16:00:00,UE01216,32.96130396805842,-97.02597317927888,XYZ402,B,-123,-3,116,36,Poor,5,11,high_bler
2026-07-01 18:00:00,UE01218,32.897441226207114,-96.97677566410204,XYZ401,A,-109,-2,118,21,Poor,1,12,high_bler
2026-07-01 22:00:00,UE01222,32.89955564264572,-97.01360680013045,XYZ402,C,-119,0,200,53,Good,5,21,high_bler
2026-07-01 01:00:00,UE01225,32.957797966464184,-97.00560683889036,XYZ402,A,-108,3,252,90,Excellent,2,30,high_bler
2026-07-01 02:00:00,UE01226,32.93742960253188,-96.93970993903582,XYZ403,A,-116,2,268,79,Excellent,3,29,high_bler
2026-07-01 03:00:00,UE01227,32.9499710361771,-97.02454891648424,XYZ401,B,-113,1,147,76,Fair,4,23,high_bler
2026-07-01 05:00:00,UE01229,32.93039473259665,-96.93965677459884,XYZ403,C,-118,2,234,129,Good,6,28,high_bler
2026-07-01 06:00:00,UE01230,32.910102332096564,-96.96852847027182,XYZ401,B,-103,3,187,18,Good,1,31,high_bler
2026-07-01 08:00:00,UE01232,32.96908775064514,-97.00661966129032,XYZ403,B,-112,-7,40,59,Poor,3,5,high_bler
2026-07-01 09:00:00,UE01233,32.91926719684369,-97.02442800952971,XYZ401,C,-115,1,174,22,Excellent,4,22,high_bler
2026-07-01 10:00:00,UE01234,32.91479996839997,-97.02600085225528,XYZ402,A,-116,-1,113,62,Fair,5,16,high_bler
2026-07-01 11:00:00,UE01235,32.93386102296446,-97.02716522243534,XYZ403,C,-113,1,147,87,Coverage_Hole,6,22,high_bler
2026-07-01 14:00:00,UE01238,32.95690255903313,-96.96309938176856,XYZ403,A,-103,4,241,125,Excellent,3,36,high_bler
2026-07-01 15:00:00,UE01239,32.92676949395769,-97.02675867437748,XYZ401,A,-109,2,187,53,Poor,4,28,high_bler
2026-07-01 18:00:00,UE01242,32.95792623626754,-96.9967085845938,XYZ401,B,-105,1,150,110,Poor,1,22,high_bler
2026-07-01 19:00:00,UE01243,32.94352650230727,-97.00352409959852,XYZ402,A,-97,6,254,33,Poor,2,41,high_bler
2026-07-01 20:00:00,UE01244,32.94566683950256,-96.94216080712263,XYZ403,B,-116,4,316,125,Good,3,36,high_bler
2026-07-01 23:00:00,UE01247,32.93815988551508,-96.93543320476088,XYZ403,C,-117,-2,116,59,Good,6,12,high_bler
2026-07-01 03:00:00,UE01251,32.95917493776922,-97.00112487522244,XYZ401,A,-107,2,235,37,Coverage_Hole,4,29,high_bler
2026-07-01 05:00:00,UE01253,32.93535738780078,-97.03408050304245,XYZ403,C,-112,-4,79,121,Excellent,6,5,high_bler
2026-07-01 06:00:00,UE01254,32.919382716603835,-97.02104334609396,XYZ401,A,-110,-2,120,91,Excellent,1,13,high_bler
2026-07-01 07:00:00,UE01255,32.91615692800839,-97.02050251723706,XYZ402,A,-114,3,202,48,Good,2,31,high_bler
2026-07-01 11:00:00,UE01259,32.953266962077635,-96.94185581477716,XYZ403,C,-116,-1,111,124,Coverage_Hole,6,14,high_bler
2026-07-01 17:00:00,UE01265,32.92247437741863,-97.02860003724972,XYZ403,C,-110,-1,138,57,Coverage_Hole,6,14,high_bler
2026-07-01 19:00:00,UE01267,32.93246974993184,-96.9569854626904,XYZ402,A,-97,6,292,26,Poor,2,41,high_bler
2026-07-01 20:00:00,UE01268,32.921334394949014,-96.94559843587318,XYZ403,A,-110,3,230,110,Excellent,3,31,high_bler
2026-07-01 21:00:00,UE01269,32.96941367597038,-96.97010283551622,XYZ401,A,-106,2,249,56,Excellent,4,28,high_bler
2026-07-01 22:00:00,UE01270,32.90289856408585,-96.99640967743088,XYZ402,A,-107,1,146,101,Excellent,5,24,high_bler
2026-07-01 00:00:00,UE01272,32.90046485329061,-97.00005677153472,XYZ401,A,-105,0,187,118,Excellent,1,21,high_bler
2026-07-01 01:00:00,UE01273,32.9185203926552,-96.94159341138486,XYZ402,B,-121,3,245,21,Excellent,2,31,high_bler
2026-07-01 02:00:00,UE01274,32.9008212301982,-96.9688210706392,XYZ403,B,-116,1,212,20,Fair,3,22,high_bler
2026-07-01 03:00:00,UE01275,32.943580148748616,-97.0250057670426,XYZ401,A,-111,0,156,83,Excellent,4,20,high_bler
2026-07-01 04:00:00,UE01276,32.94712459526368,-97.03440007779083,XYZ402,A,-120,-1,147,46,Fair,5,14,high_bler
2026-07-01 06:00:00,UE01278,32.96465763758881,-97.0062153086026,XYZ401,A,-109,-2,147,114,Coverage_Hole,1,13,high_bler
2026-07-01 08:00:00,UE01280,32.91501189404271,-96.9563511007698,XYZ403,C,-106,3,187,95,Poor,3,32,high_bler
2026-07-01 09:00:00,UE01281,32.9003565705896,-96.95779898928444,XYZ401,B,-118,-2,152,60,Excellent,4,12,high_bler
2026-07-01 10:00:00,UE01282,32.90315623328299,-96.955245279218,XYZ402,A,-119,-5,79,25,Good,5,5,high_bler
2026-07-01 11:00:00,UE01283,32.9729854911855,-96.96279273740416,XYZ403,C,-114,4,310,82,Fair,6,36,high_bler
2026-07-01 14:00:00,UE01286,32.941593063224225,-97.0280899886757,XYZ403,C,-119,4,282,20,Poor,3,36,high_bler
2026-07-01 16:00:00,UE01288,32.92857751100475,-97.03481257617184,XYZ402,A,-118,-2,155,29,Poor,5,13,high_bler
2026-07-01 17:00:00,UE01289,32.90027763653699,-96.95840700997266,XYZ403,A,-117,-1,150,112,Fair,6,16,high_bler
2026-07-01 19:00:00,UE01291,32.945748546421584,-97.0143820785754,XYZ402,A,-105,1,170,34,Good,2,23,high_bler
2026-07-01 21:00:00,UE01293,32.94440427764543,-97.01895534509674,XYZ401,B,-108,4,274,53,Fair,4,36,high_bler
2026-07-01 22:00:00,UE01294,32.93296516515825,-96.94439157553688,XYZ402,C,-115,3,191,74,Poor,5,31,high_bler
2026-07-01 23:00:00,UE01295,32.96522143762827,-96.99902440432932,XYZ403,C,-106,1,204,85,Excellent,6,22,high_bler
2026-07-01 00:00:00,UE01296,32.95980677551659,-96.9879247618856,XYZ401,C,-99,0,181,71,Coverage_Hole,1,20,high_bler
2026-07-01 01:00:00,UE01297,32.96807833336753,-96.965262870283,XYZ402,B,-117,0,151,15,Fair,2,20,high_bler
2026-07-01 06:00:00,UE01302,32.90028187415064,-96.96348191722782,XYZ401,A,-114,2,224,80,Coverage_Hole,1,28,high_bler
2026-07-01 07:00:00,UE01303,32.90780748998419,-96.9882226519263,XYZ402,A,-98,4,247,73,Coverage_Hole,2,36,high_bler
2026-07-01 08:00:00,UE01304,32.959394842617634,-96.97957413854654,XYZ403,A,-101,6,310,18,Fair,3,41,high_bler
2026-07-01 12:00:00,UE01308,32.972739350700586,-96.96885416037148,XYZ401,B,-113,-4,74,112,Fair,1,5,high_bler
2026-07-01 13:00:00,UE01309,32.96143206599672,-97.00349544148553,XYZ402,C,-109,2,219,40,Excellent,2,29,high_bler
2026-07-01 14:00:00,UE01310,32.89618399556612,-96.98681421159608,XYZ403,A,-107,-3,125,66,Good,3,9,high_bler
2026-07-01 22:00:00,UE01318,32.9629572094864,-96.963022216941,XYZ402,C,-111,0,145,28,Excellent,5,20,high_bler
2026-07-01 23:00:00,UE01319,32.95631091715186,-97.00434403560284,XYZ403,B,-102,6,290,84,Good,6,41,high_bler
2026-07-01 02:00:00,UE01322,32.95814620167492,-97.02234345241013,XYZ403,B,-119,3,232,67,Fair,3,31,high_bler
2026-07-01 03:00:00,UE01323,32.91705886384728,-96.95788236596177,XYZ401,C,-107,4,220,110,Good,4,36,high_bler
2026-07-01 04:00:00,UE01324,32.939102155949115,-97.0337555734608,XYZ402,B,-113,-5,104,96,Fair,5,5,high_bler
2026-07-01 06:00:00,UE01326,32.97123480557632,-96.9753587532205,XYZ401,B,-113,-6,38,119,Good,1,5,high_bler
2026-07-01 08:00:00,UE01328,32.899859733703074,-96.99429499931324,XYZ403,B,-107,-1,123,102,Fair,3,15,high_bler
2026-07-01 13:00:00,UE01333,32.94690882507887,-97.00994669060502,XYZ402,C,-98,3,259,36,Poor,2,31,high_bler
2026-07-01 14:00:00,UE01334,32.950224261302445,-96.94597400724932,XYZ403,B,-112,0,190,106,Coverage_Hole,3,21,high_bler
2026-07-01 15:00:00,UE01335,32.92710576803854,-97.0343382235836,XYZ401,A,-113,-1,151,75,Good,4,16,high_bler
2026-07-01 17:00:00,UE01337,32.90406769967447,-97.0194689692311,XYZ403,A,-113,1,145,17,Poor,6,23,high_bler
2026-07-01 19:00:00,UE01339,32.96352448478891,-96.9767563683894,XYZ402,C,-114,4,293,40,Coverage_Hole,2,36,high_bler
2026-07-01 02:00:00,UE01346,32.92970751931612,-97.02367561228998,XYZ403,A,-115,0,181,18,Excellent,3,21,high_bler
2026-07-01 05:00:00,UE01349,32.97171199822574,-96.99836702016988,XYZ403,B,-112,-2,120,97,Excellent,6,13,high_bler
2026-07-01 06:00:00,UE01350,32.95307033203377,-96.93905650351446,XYZ401,A,-123,3,230,22,Poor,1,31,high_bler
2026-07-01 07:00:00,UE01351,32.917375008015696,-97.0151437465182,XYZ402,C,-101,6,222,66,Fair,2,41,high_bler
2026-07-01 09:00:00,UE01353,32.93728339191095,-96.94465569517652,XYZ401,B,-115,1,163,91,Poor,4,23,high_bler
2026-07-01 10:00:00,UE01354,32.92559090495397,-96.94679789514666,XYZ402,C,-105,1,195,80,Excellent,5,23,high_bler
2026-07-01 14:00:00,UE01358,32.90461332543595,-96.97349413288173,XYZ403,A,-114,-3,152,19,Excellent,3,9,high_bler
2026-07-01 15:00:00,UE01359,32.950084183566986,-96.93891647289264,XYZ401,B,-121,0,167,32,Coverage_Hole,4,21,high_bler
2026-07-01 16:00:00,UE01360,32.937137305618585,-96.93435610522118,XYZ402,C,-113,0,180,34,Fair,5,21,high_bler
2026-07-01 18:00:00,UE01362,32.92576103491292,-96.9442061499415,XYZ401,C,-114,1,161,55,Coverage_Hole,1,23,high_bler
2026-07-01 20:00:00,UE01364,32.967980548648484,-96.97689385172072,XYZ403,A,-109,0,187,32,Good,3,21,high_bler
2026-07-01 21:00:00,UE01365,32.92004393161677,-97.0273484337879,XYZ401,B,-122,-4,72,86,Excellent,4,5,high_bler
2026-07-01 23:00:00,UE01367,32.946956269278736,-96.93582858194507,XYZ403,C,-118,-4,90,80,Coverage_Hole,6,5,high_bler
2026-07-01 00:00:00,UE01368,32.90705102177634,-97.01508419608854,XYZ401,B,-112,3,269,47,Poor,1,31,high_bler
2026-07-01 02:00:00,UE01370,32.924424835294786,-97.01979690120142,XYZ403,B,-105,3,216,64,Excellent,3,32,high_bler
2026-07-01 05:00:00,UE01373,32.912891858896835,-97.01010888842632,XYZ403,B,-110,0,182,66,Good,6,20,high_bler
2026-07-01 06:00:00,UE01374,32.89674876479062,-96.99721992218863,XYZ401,C,-106,0,211,74,Excellent,1,20,high_bler
2026-07-01 07:00:00,UE01375,32.96950662124675,-97.0054233186288,XYZ402,B,-113,0,177,88,Good,2,21,high_bler
2026-07-01 11:00:00,UE01379,32.93831865248448,-96.93815552031198,XYZ403,B,-112,-4,80,53,Poor,6,5,high_bler
2026-07-01 12:00:00,UE01380,32.94916693900667,-96.95502738084215,XYZ401,B,-95,2,225,72,Fair,1,29,high_bler
2026-07-01 16:00:00,UE01384,32.89300531470643,-96.97681832958382,XYZ402,A,-120,-6,53,104,Poor,5,5,high_bler
2026-07-01 18:00:00,UE01386,32.967911558970265,-96.9564394784569,XYZ401,C,-113,-3,136,19,Good,1,9,high_bler
2026-07-01 19:00:00,UE01387,32.920554938834975,-96.93917330871729,XYZ402,A,-114,-2,158,89,Coverage_Hole,2,12,high_bler
2026-07-01 20:00:00,UE01388,32.94929112381892,-96.94888446519012,XYZ403,B,-100,1,192,111,Fair,3,23,high_bler
2026-07-01 21:00:00,UE01389,32.95985280601575,-96.97640299471182,XYZ401,C,-103,4,247,67,Coverage_Hole,4,36,high_bler
2026-07-01 23:00:00,UE01391,32.952412189608765,-97.02357386291048,XYZ403,B,-115,0,195,51,Excellent,6,20,high_bler
2026-07-01 01:00:00,UE01393,32.96483307312737,-96.9485195066898,XYZ402,B,-118,-3,157,16,Good,2,10,high_bler
2026-07-01 02:00:00,UE01394,32.90410465437253,-97.0052009341572,XYZ403,B,-110,1,202,19,Coverage_Hole,3,23,high_bler
2026-07-01 03:00:00,UE01395,32.914236422370735,-97.0107238822802,XYZ401,C,-107,6,241,113,Good,4,41,high_bler
2026-07-01 05:00:00,UE01397,32.9753023377056,-96.98230971881804,XYZ403,A,-115,0,162,102,Poor,6,20,high_bler
2026-07-01 06:00:00,UE01398,32.945815533161486,-97.01825311269629,XYZ401,B,-105,5,233,61,Coverage_Hole,1,39,high_bler
2026-07-01 10:00:00,UE01402,32.95705549175915,-97.0034666677876,XYZ402,A,-102,5,258,72,Coverage_Hole,5,38,high_bler
2026-07-01 12:00:00,UE01404,32.94030096855723,-97.01598172384604,XYZ401,B,-98,5,271,86,Poor,1,38,high_bler
2026-07-01 13:00:00,UE01405,32.965984342299514,-97.0202530066276,XYZ402,A,-122,1,185,27,Poor,2,23,high_bler
2026-07-01 15:00:00,UE01407,32.905137016389936,-96.97808904126424,XYZ401,B,-106,3,189,95,Excellent,4,30,high_bler
2026-07-01 17:00:00,UE01409,32.970856403168035,-96.9762485639354,XYZ403,C,-108,0,183,39,Coverage_Hole,6,21,high_bler
2026-07-01 18:00:00,UE01410,32.964588851057044,-97.00102088069649,XYZ401,B,-107,3,192,89,Coverage_Hole,1,31,high_bler
2026-07-01 20:00:00,UE01412,32.95611423238744,-97.02315058288904,XYZ403,B,-112,5,291,117,Good,3,39,high_bler
2026-07-01 02:00:00,UE01418,32.89932228579661,-96.9950816501091,XYZ403,C,-111,-5,78,76,Good,3,5,high_bler
2026-07-01 04:00:00,UE01420,32.94766972746758,-97.02279060498726,XYZ402,C,-103,3,201,55,Fair,5,31,high_bler
2026-07-01 06:00:00,UE01422,32.94937095757544,-96.95572049551588,XYZ401,A,-107,0,144,43,Coverage_Hole,1,20,high_bler
2026-07-01 07:00:00,UE01423,32.91239760513125,-97.01817438180998,XYZ402,B,-105,-3,111,100,Fair,2,11,high_bler
2026-07-01 09:00:00,UE01425,32.97169319067929,-96.99250013182856,XYZ401,C,-103,0,153,116,Excellent,4,21,high_bler
2026-07-01 10:00:00,UE01426,32.94401645930268,-96.95587673474928,XYZ402,A,-107,5,288,129,Poor,5,39,high_bler
2026-07-01 13:00:00,UE01429,32.96084669027627,-96.98118693202576,XYZ402,C,-103,5,226,23,Fair,2,39,high_bler
2026-07-01 14:00:00,UE01430,32.94946668165345,-97.01599146518124,XYZ403,C,-101,2,216,107,Fair,3,29,high_bler
2026-07-01 15:00:00,UE01431,32.957953372390314,-96.95762210863246,XYZ401,C,-109,2,249,87,Good,4,28,high_bler
2026-07-01 16:00:00,UE01432,32.97029138580215,-96.99809956778368,XYZ402,C,-113,0,205,93,Poor,5,21,high_bler
2026-07-01 20:00:00,UE01436,32.921710096503425,-97.0094898572614,XYZ403,C,-97,1,173,53,Coverage_Hole,3,23,high_bler
2026-07-01 21:00:00,UE01437,32.901674023107475,-96.97714773658872,XYZ401,C,-106,4,308,122,Good,4,36,high_bler
2026-07-01 23:00:00,UE01439,32.967909339885416,-96.97523310899372,XYZ403,C,-107,1,155,122,Poor,6,23,high_bler
2026-07-01 02:00:00,UE01442,32.91243827292822,-96.94605452678849,XYZ403,A,-115,6,318,15,Poor,3,41,high_bler
2026-07-01 03:00:00,UE01443,32.970646560901905,-96.99530730695564,XYZ401,C,-114,1,193,43,Coverage_Hole,4,23,high_bler
2026-07-01 04:00:00,UE01444,32.93516771846946,-97.03544715981798,XYZ402,A,-111,-7,50,108,Poor,5,5,high_bler
2026-07-01 06:00:00,UE01446,32.91484156315827,-96.94083886077512,XYZ401,B,-113,-1,160,23,Good,1,15,high_bler
2026-07-01 09:00:00,UE01449,32.900261117752464,-96.98960465247524,XYZ401,C,-108,0,196,31,Coverage_Hole,4,21,high_bler
2026-07-01 10:00:00,UE01450,32.937902396758254,-96.9428902794397,XYZ402,A,-105,1,201,86,Excellent,5,23,high_bler
2026-07-01 11:00:00,UE01451,32.896251764640105,-96.97336863764022,XYZ403,C,-110,0,191,28,Excellent,6,20,high_bler
2026-07-01 13:00:00,UE01453,32.900175096710896,-96.9754731902346,XYZ402,B,-106,0,207,60,Excellent,2,21,high_bler
2026-07-01 14:00:00,UE01454,32.93188317928847,-96.94673402644088,XYZ403,C,-106,4,298,27,Coverage_Hole,3,36,high_bler
2026-07-01 15:00:00,UE01455,32.906394658787434,-97.007948048753,XYZ401,A,-99,2,244,69,Fair,4,28,high_bler
2026-07-01 18:00:00,UE01458,32.963068137239034,-97.00277095718864,XYZ401,C,-105,0,199,120,Fair,1,21,high_bler
2026-07-01 20:00:00,UE01460,32.93446199654702,-97.0299792238594,XYZ403,B,-104,1,146,75,Excellent,3,23,high_bler
2026-07-01 21:00:00,UE01461,32.945853147527785,-96.93933054652432,XYZ401,A,-110,1,175,27,Fair,4,24,high_bler
2026-07-01 22:00:00,UE01462,32.90064948262859,-96.95599596814316,XYZ402,B,-121,-2,141,33,Excellent,5,12,high_bler
2026-07-01 23:00:00,UE01463,32.962631336267215,-96.95412203028717,XYZ403,C,-114,4,295,61,Fair,6,36,high_bler
2026-07-01 00:00:00,UE01464,32.97585332571462,-96.9680702491059,XYZ401,B,-114,-5,73,85,Fair,1,5,high_bler
2026-07-01 01:00:00,UE01465,32.91118576992288,-96.9507461237478,XYZ402,A,-114,3,184,75,Excellent,2,31,high_bler
2026-07-01 03:00:00,UE01467,32.97400339336201,-96.98222101191531,XYZ401,A,-114,-1,153,76,Coverage_Hole,4,15,high_bler
2026-07-01 04:00:00,UE01468,32.90796272930811,-96.9858919034493,XYZ402,B,-98,2,182,83,Good,5,28,high_bler
2026-07-01 06:00:00,UE01470,32.93236600226264,-96.95628754986711,XYZ401,A,-102,4,301,91,Poor,1,36,high_bler
2026-07-01 07:00:00,UE01471,32.8961834745196,-96.97724701342526,XYZ402,B,-112,0,154,30,Excellent,2,20,high_bler
2026-07-01 08:00:00,UE01472,32.9622134357205,-96.96499115776776,XYZ403,C,-111,3,197,24,Good,3,32,high_bler
2026-07-01 09:00:00,UE01473,32.930795736085685,-97.02596223286344,XYZ401,B,-114,0,179,57,Coverage_Hole,4,21,high_bler
2026-07-01 11:00:00,UE01475,32.91679272251566,-96.94687236300312,XYZ403,B,-116,3,181,59,Excellent,6,31,high_bler
2026-07-01 12:00:00,UE01476,32.94160496014817,-97.03287242711798,XYZ401,B,-115,-1,160,29,Coverage_Hole,1,15,high_bler
2026-07-01 13:00:00,UE01477,32.93455143430008,-96.94132114260336,XYZ402,B,-111,2,216,109,Fair,2,29,high_bler
2026-07-01 14:00:00,UE01478,32.90858400860554,-96.96312520970277,XYZ403,B,-105,1,166,32,Coverage_Hole,3,23,high_bler
2026-07-01 16:00:00,UE01480,32.90267166144969,-96.96758023967428,XYZ402,A,-108,3,224,40,Poor,5,31,high_bler
2026-07-01 17:00:00,UE01481,32.93584964424016,-96.9384182577497,XYZ403,C,-106,-3,147,105,Fair,6,11,high_bler
2026-07-01 20:00:00,UE01484,32.96253904462117,-97.0020948566229,XYZ403,C,-104,0,155,123,Poor,3,20,high_bler
2026-07-01 22:00:00,UE01486,32.903407830338125,-96.98081612138056,XYZ402,C,-113,3,243,76,Poor,5,31,high_bler
2026-07-01 23:00:00,UE01487,32.92391691638085,-96.95756127307268,XYZ403,C,-103,2,199,63,Good,6,28,high_bler
2026-07-01 00:00:00,UE01488,32.9215833689403,-97.0289948598664,XYZ401,C,-112,0,205,59,Poor,1,20,high_bler
2026-07-01 01:00:00,UE01489,32.919840517413355,-96.94056687938894,XYZ402,C,-117,-1,117,28,Good,2,14,high_bler
2026-07-01 02:00:00,UE01490,32.90141801043961,-96.98002489615176,XYZ403,C,-111,1,209,18,Poor,3,23,high_bler
2026-07-01 03:00:00,UE01491,32.968342142297786,-96.99950522914747,XYZ401,A,-104,0,178,56,Poor,4,20,high_bler
2026-07-01 04:00:00,UE01492,32.903990715149405,-96.98637916242714,XYZ402,A,-107,2,216,77,Coverage_Hole,5,29,high_bler
2026-07-01 08:00:00,UE01496,32.916894551559146,-96.99658358033192,XYZ403,B,-93,6,227,68,Poor,3,41,high_bler
2026-07-01 09:00:00,UE01497,32.89675679216778,-96.96224390089604,XYZ401,C,-119,-4,99,45,Coverage_Hole,4,5,high_bler
2026-07-01 10:00:00,UE01498,32.952890789320904,-97.01746930022738,XYZ402,C,-106,6,264,22,Poor,5,41,high_bler
2026-07-01 15:00:00,UE01503,32.926740527296815,-97.02666528778572,XYZ401,C,-110,2,241,113,Poor,4,29,high_bler
2026-07-01 16:00:00,UE01504,32.951771794942466,-97.00771294561908,XYZ402,C,-101,5,318,108,Good,5,38,high_bler
2026-07-01 17:00:00,UE01505,32.956298962243224,-96.95837534886178,XYZ403,A,-107,6,233,24,Good,6,41,high_bler
2026-07-01 18:00:00,UE01506,32.90421606169122,-96.9839711692549,XYZ401,A,-104,1,157,74,Fair,1,23,high_bler
2026-07-01 19:00:00,UE01507,32.94212699787428,-96.93984703544815,XYZ402,A,-114,0,212,107,Excellent,2,20,high_bler
2026-07-01 23:00:00,UE01511,32.906945195171204,-96.94634833772726,XYZ403,A,-117,-6,37,47,Excellent,6,5,high_bler
2026-07-01 00:00:00,UE01512,32.93247903912145,-96.93356179426506,XYZ401,A,-116,2,194,28,Good,1,29,high_bler
2026-07-01 03:00:00,UE01515,32.9021914724696,-96.98131895982496,XYZ401,B,-106,5,300,70,Good,4,38,high_bler
2026-07-01 04:00:00,UE01516,32.97765782984035,-96.97533521783626,XYZ402,A,-113,-4,98,37,Coverage_Hole,5,5,high_bler
2026-07-01 05:00:00,UE01517,32.964918845479005,-96.95225342440484,XYZ403,C,-121,-3,150,74,Fair,6,11,high_bler
2026-07-01 07:00:00,UE01519,32.92263638766036,-97.03348659995636,XYZ402,B,-121,-5,104,22,Excellent,2,5,high_bler
2026-07-01 09:00:00,UE01521,32.93185174407997,-96.9371214181802,XYZ401,B,-115,0,153,33,Good,4,20,high_bler
2026-07-01 12:00:00,UE01524,32.96765567802657,-96.99059188290364,XYZ401,A,-111,6,282,99,Coverage_Hole,1,41,high_bler
2026-07-01 14:00:00,UE01526,32.9699657473709,-96.98609080027988,XYZ403,C,-113,0,156,96,Poor,3,20,high_bler
2026-07-01 15:00:00,UE01527,32.93637137573034,-96.9523341838182,XYZ401,B,-96,3,219,38,Coverage_Hole,4,32,high_bler
2026-07-01 16:00:00,UE01528,32.975286381730136,-96.99451775240476,XYZ402,A,-114,3,269,30,Excellent,5,31,high_bler
2026-07-01 18:00:00,UE01530,32.943633235015135,-96.94029662356311,XYZ401,B,-110,-1,135,17,Coverage_Hole,1,16,high_bler
2026-07-01 20:00:00,UE01532,32.915326993534755,-96.947146362031,XYZ403,C,-115,0,157,18,Coverage_Hole,3,21,high_bler
2026-07-01 22:00:00,UE01534,32.89753045677865,-96.9895098275742,XYZ402,A,-111,0,209,90,Coverage_Hole,5,20,high_bler
2026-07-01 00:00:00,UE01536,32.90468974902028,-96.95206410594862,XYZ401,B,-112,3,187,102,Good,1,32,high_bler
2026-07-01 01:00:00,UE01537,32.89864100336816,-96.9610253275393,XYZ402,C,-118,-3,151,42,Poor,2,10,high_bler
2026-07-01 04:00:00,UE01540,32.90210303313195,-97.01865203503056,XYZ402,A,-123,-5,97,43,Excellent,5,5,high_bler
2026-07-01 05:00:00,UE01541,32.93699886564386,-96.94547475701134,XYZ403,A,-112,0,153,84,Poor,6,20,high_bler
2026-07-01 08:00:00,UE01544,32.90064702316871,-96.99571719636786,XYZ403,B,-115,0,203,42,Coverage_Hole,3,20,high_bler
2026-07-01 10:00:00,UE01546,32.93055218003472,-97.0311518095998,XYZ402,A,-115,-2,123,67,Coverage_Hole,5,12,high_bler
2026-07-01 15:00:00,UE01551,32.89582412809886,-96.9700827540303,XYZ401,A,-118,0,181,113,Fair,4,21,high_bler
2026-07-01 17:00:00,UE01553,32.93515995686062,-96.95094673976392,XYZ403,A,-107,6,243,77,Excellent,6,41,high_bler
2026-07-01 18:00:00,UE01554,32.90770698218012,-96.95753174948852,XYZ401,A,-108,1,182,92,Fair,1,24,high_bler
2026-07-01 21:00:00,UE01557,32.96907932104893,-97.00319101321,XYZ401,C,-109,3,229,117,Fair,4,31,high_bler
2026-07-01 23:00:00,UE01559,32.95456429448964,-97.01688442500426,XYZ403,C,-110,3,247,79,Excellent,6,32,high_bler
2026-07-01 00:00:00,UE01560,32.972970539912794,-96.99588986399594,XYZ401,A,-120,-3,117,33,Coverage_Hole,1,11,high_bler
2026-07-01 01:00:00,UE01561,32.940047725393136,-96.95567217558134,XYZ402,A,-106,3,246,94,Coverage_Hole,2,31,high_bler
2026-07-01 02:00:00,UE01562,32.93769758244427,-96.94032480423952,XYZ403,B,-109,2,244,129,Poor,3,29,high_bler
2026-07-01 04:00:00,UE01564,32.904523709681094,-96.99027908020943,XYZ402,C,-103,1,155,51,Fair,5,22,high_bler
2026-07-01 06:00:00,UE01566,32.89736012023916,-96.96219056832447,XYZ401,A,-111,-5,78,95,Fair,1,5,high_bler
2026-07-01 08:00:00,UE01568,32.93657616126249,-97.02631346379644,XYZ403,C,-107,-1,111,61,Fair,3,15,high_bler
2026-07-01 09:00:00,UE01569,32.91794801072788,-97.03133967959936,XYZ401,B,-120,-3,109,16,Good,4,10,high_bler
2026-07-01 14:00:00,UE01574,32.90420299935195,-96.9851007682464,XYZ403,C,-102,6,260,72,Excellent,3,41,high_bler
2026-07-01 19:00:00,UE01579,32.96282853354874,-97.02413005511936,XYZ402,A,-111,-5,104,74,Excellent,2,5,high_bler
2026-07-01 20:00:00,UE01580,32.951807222367904,-97.0139292864918,XYZ403,B,-108,4,218,19,Good,3,36,high_bler
2026-07-01 21:00:00,UE01581,32.92039138363585,-96.94046713448786,XYZ401,C,-119,0,196,108,Fair,4,20,high_bler
2026-07-01 22:00:00,UE01582,32.9399801463205,-97.03277956384774,XYZ402,A,-114,1,208,127,Fair,5,23,high_bler
2026-07-01 23:00:00,UE01583,32.954565170406376,-96.9780679537285,XYZ403,B,-99,6,255,72,Poor,6,41,high_bler
2026-07-01 03:00:00,UE01587,32.96442180154645,-97.00437955427792,XYZ401,B,-105,3,209,37,Coverage_Hole,4,31,high_bler
2026-07-01 04:00:00,UE01588,32.945008273734004,-97.03555406697278,XYZ402,A,-121,-5,102,83,Excellent,5,5,high_bler
2026-07-01 06:00:00,UE01590,32.95454158065042,-97.01532393524388,XYZ401,C,-103,0,187,31,Poor,1,21,high_bler
2026-07-01 07:00:00,UE01591,32.90818527374677,-96.94616904570644,XYZ402,A,-119,-1,140,27,Excellent,2,14,high_bler
2026-07-01 09:00:00,UE01593,32.971890925258144,-97.00821536361804,XYZ401,C,-114,-4,93,129,Excellent,4,5,high_bler
2026-07-01 10:00:00,UE01594,32.9655522309267,-97.00232116439612,XYZ402,C,-109,6,261,115,Poor,5,41,high_bler
2026-07-01 15:00:00,UE01599,32.95599396518845,-97.0180140680171,XYZ401,A,-105,1,191,78,Good,4,24,high_bler
2026-07-01 16:00:00,UE01600,32.900869458888046,-96.98662962685258,XYZ402,B,-113,0,201,124,Excellent,5,20,high_bler
2026-07-01 17:00:00,UE01601,32.97457229256956,-96.99457076457736,XYZ403,B,-109,2,236,120,Coverage_Hole,6,28,high_bler
2026-07-01 18:00:00,UE01602,32.96667826466509,-96.95044925945844,XYZ401,A,-115,-3,115,42,Excellent,1,10,high_bler
2026-07-01 19:00:00,UE01603,32.90891214117892,-97.00977069727166,XYZ402,B,-110,0,150,42,Poor,2,20,high_bler
2026-07-01 20:00:00,UE01604,32.9710047066673,-96.9654172013112,XYZ403,B,-111,1,191,87,Fair,3,24,high_bler
2026-07-01 21:00:00,UE01605,32.97260534759379,-96.96052300803358,XYZ401,B,-111,-6,40,27,Poor,4,5,high_bler
2026-07-01 22:00:00,UE01606,32.970773737069194,-96.99191797610683,XYZ402,C,-115,2,227,45,Poor,5,28,high_bler
2026-07-01 02:00:00,UE01610,32.96643184792023,-96.999368590191,XYZ403,A,-103,4,269,49,Fair,3,36,high_bler
2026-07-01 03:00:00,UE01611,32.91200158835833,-96.94492901329868,XYZ401,B,-111,-2,136,120,Excellent,4,12,high_bler
2026-07-01 04:00:00,UE01612,32.964915280446725,-96.99298721947378,XYZ402,A,-105,4,258,51,Excellent,5,36,high_bler
2026-07-01 05:00:00,UE01613,32.91392923274476,-96.99776458345572,XYZ403,A,-104,5,304,114,Fair,6,39,high_bler
2026-07-01 06:00:00,UE01614,32.97477127731419,-97.00268892774002,XYZ401,A,-114,0,187,120,Coverage_Hole,1,20,high_bler
2026-07-01 09:00:00,UE01617,32.92047769199216,-97.0183950144564,XYZ401,A,-111,5,280,41,Excellent,4,39,high_bler
2026-07-01 10:00:00,UE01618,32.90267668383887,-96.97806223646042,XYZ402,A,-107,3,232,64,Poor,5,31,high_bler
2026-07-01 11:00:00,UE01619,32.972272841703955,-96.98883136729464,XYZ403,C,-109,1,184,69,Good,6,24,high_bler
2026-07-01 13:00:00,UE01621,32.91897047185649,-96.93838159733156,XYZ402,B,-117,-8,36,129,Poor,2,5,high_bler
2026-07-01 14:00:00,UE01622,32.90649079040388,-96.99175494292408,XYZ403,B,-109,5,275,98,Good,3,38,high_bler
2026-07-01 16:00:00,UE01624,32.974004253831104,-96.97926275266538,XYZ402,C,-110,0,169,66,Poor,5,21,high_bler
2026-07-01 17:00:00,UE01625,32.910642895853336,-96.9751928611673,XYZ403,B,-105,6,305,81,Coverage_Hole,6,41,high_bler
2026-07-01 18:00:00,UE01626,32.90611108939416,-96.94677074321692,XYZ401,B,-110,-4,104,115,Good,1,5,high_bler
2026-07-01 20:00:00,UE01628,32.95936743488316,-97.00905671738634,XYZ403,A,-112,4,285,82,Poor,3,36,high_bler
2026-07-01 22:00:00,UE01630,32.92393542225236,-96.94665227246398,XYZ402,C,-109,5,291,44,Good,5,38,high_bler
2026-07-01 00:00:00,UE01632,32.9083337321006,-96.98829458557697,XYZ401,A,-98,6,246,48,Coverage_Hole,1,41,high_bler
2026-07-01 01:00:00,UE01633,32.967538587339554,-97.01458871122756,XYZ402,B,-115,1,184,33,Fair,2,23,high_bler
2026-07-01 02:00:00,UE01634,32.93500124754828,-96.93498086586358,XYZ403,A,-112,-6,45,18,Poor,3,5,high_bler
2026-07-01 04:00:00,UE01636,32.9441176826554,-97.03412671331128,XYZ402,A,-120,3,243,94,Coverage_Hole,5,32,high_bler
2026-07-01 09:00:00,UE01641,32.91332997157672,-96.9425727141742,XYZ401,C,-117,3,225,18,Poor,4,31,high_bler
2026-07-01 11:00:00,UE01643,32.91939741981939,-97.0186958130363,XYZ403,B,-99,3,248,31,Poor,6,32,high_bler
2026-07-01 13:00:00,UE01645,32.97057435779163,-96.96464507800984,XYZ402,B,-116,-3,144,63,Coverage_Hole,2,10,high_bler
2026-07-01 14:00:00,UE01646,32.91180623524753,-97.00242953398715,XYZ403,A,-99,2,255,29,Excellent,3,29,high_bler
2026-07-01 17:00:00,UE01649,32.913360707559924,-97.0150345703462,XYZ403,B,-113,0,153,22,Excellent,6,20,high_bler
2026-07-01 21:00:00,UE01653,32.94416909180773,-97.01708485758694,XYZ401,B,-100,1,160,97,Coverage_Hole,4,23,high_bler
2026-07-01 22:00:00,UE01654,32.93092251577136,-96.95289916341636,XYZ402,A,-104,2,203,29,Good,5,28,high_bler
2026-07-01 23:00:00,UE01655,32.96879065723931,-96.9631892146179,XYZ403,C,-112,-3,145,105,Poor,6,10,high_bler
2026-07-01 00:00:00,UE01656,32.94092311136393,-96.9430277155799,XYZ401,C,-101,5,323,29,Coverage_Hole,1,39,high_bler
2026-07-01 02:00:00,UE01658,32.92287152331172,-97.03174849568164,XYZ403,C,-114,4,243,59,Coverage_Hole,3,36,high_bler
2026-07-01 03:00:00,UE01659,32.907348249555874,-96.99867144886925,XYZ401,C,-107,6,297,32,Coverage_Hole,4,41,high_bler
2026-07-01 04:00:00,UE01660,32.942646806165435,-96.94665045602446,XYZ402,B,-107,1,156,102,Fair,5,23,high_bler
2026-07-01 05:00:00,UE01661,32.9707804258136,-96.98945000278754,XYZ403,A,-106,-1,144,55,Good,6,14,high_bler
2026-07-01 09:00:00,UE01665,32.95939886883058,-96.95839285279494,XYZ401,A,-104,6,225,43,Good,4,41,high_bler
2026-07-01 13:00:00,UE01669,32.913756442830376,-96.9478447829494,XYZ402,C,-114,-2,160,99,Coverage_Hole,2,13,high_bler
2026-07-01 14:00:00,UE01670,32.93842913417608,-96.95251137075763,XYZ403,B,-100,2,239,125,Poor,3,29,high_bler
2026-07-01 15:00:00,UE01671,32.924266849003544,-96.94768783795406,XYZ401,B,-104,4,306,27,Coverage_Hole,4,36,high_bler
2026-07-01 18:00:00,UE01674,32.904069615389986,-96.99767800965604,XYZ401,B,-103,2,226,35,Excellent,1,29,high_bler
2026-07-01 19:00:00,UE01675,32.97617601124119,-96.9782677270419,XYZ402,A,-121,1,206,73,Coverage_Hole,2,23,high_bler
2026-07-01 20:00:00,UE01676,32.96665539731308,-96.99468408905616,XYZ403,A,-112,0,201,55,Excellent,3,20,high_bler
2026-07-01 21:00:00,UE01677,32.95751226692383,-96.94951911075542,XYZ401,C,-114,-3,119,75,Poor,4,11,high_bler
2026-07-01 22:00:00,UE01678,32.89447202235041,-96.98012722765856,XYZ402,B,-121,-4,91,30,Excellent,5,5,high_bler
2026-07-01 04:00:00,UE01684,32.91151536236415,-96.95354164788458,XYZ402,A,-112,-1,134,99,Good,5,15,high_bler
2026-07-01 05:00:00,UE01685,32.96397859410814,-96.96624813899676,XYZ403,B,-104,3,251,99,Coverage_Hole,6,32,high_bler
2026-07-01 07:00:00,UE01687,32.93155611694282,-96.93965036868497,XYZ402,A,-108,-1,160,117,Excellent,2,14,high_bler
2026-07-01 09:00:00,UE01689,32.90805559416152,-96.97007245616612,XYZ401,C,-108,5,283,52,Coverage_Hole,4,38,high_bler
2026-07-01 10:00:00,UE01690,32.95034713526972,-96.94287293581792,XYZ402,B,-111,3,260,17,Poor,5,32,high_bler
2026-07-01 12:00:00,UE01692,32.97553005909754,-96.98256814326662,XYZ401,C,-119,1,144,86,Poor,1,24,high_bler
2026-07-01 15:00:00,UE01695,32.90533504579642,-97.00568218954284,XYZ401,C,-106,1,158,18,Excellent,4,23,high_bler
2026-07-01 16:00:00,UE01696,32.97052790244134,-96.96879741293544,XYZ402,C,-117,2,222,126,Excellent,5,29,high_bler
2026-07-01 20:00:00,UE01700,32.93714538911352,-97.00674095366038,XYZ403,B,-94,3,261,33,Excellent,3,31,high_bler
2026-07-01 21:00:00,UE01701,32.903900724358536,-96.9755811862139,XYZ401,A,-102,0,151,76,Poor,4,21,high_bler
2026-07-01 23:00:00,UE01703,32.93787199118682,-96.93549525459224,XYZ403,B,-114,-7,50,15,Poor,6,5,high_bler
2026-07-01 01:00:00,UE01705,32.97590792421597,-97.00260693383684,XYZ402,C,-116,2,228,76,Excellent,2,28,high_bler
2026-07-01 06:00:00,UE01710,32.96541826210812,-96.9746896490192,XYZ401,C,-106,2,246,66,Coverage_Hole,1,29,high_bler
2026-07-01 07:00:00,UE01711,32.907919833014724,-97.01174869292652,XYZ402,A,-107,1,215,15,Poor,2,23,high_bler
2026-07-01 08:00:00,UE01712,32.95936100261919,-96.96477764064896,XYZ403,A,-108,4,301,116,Fair,3,36,high_bler
2026-07-01 09:00:00,UE01713,32.95605502098146,-96.95270220697064,XYZ401,A,-101,0,206,62,Poor,4,20,high_bler
2026-07-01 10:00:00,UE01714,32.96001715288691,-96.95113445949136,XYZ402,A,-125,1,176,30,Coverage_Hole,5,24,high_bler
2026-07-01 11:00:00,UE01715,32.9363851416529,-96.94599080428132,XYZ403,C,-116,0,180,51,Coverage_Hole,6,21,high_bler
2026-07-01 14:00:00,UE01718,32.9598846349028,-96.97334162530632,XYZ403,B,-95,4,246,28,Good,3,36,high_bler
2026-07-01 15:00:00,UE01719,32.969337311935575,-96.99517376268344,XYZ401,A,-104,0,208,102,Good,4,21,high_bler
2026-07-01 16:00:00,UE01720,32.96146136833188,-97.01226797244875,XYZ402,C,-112,0,153,28,Poor,5,20,high_bler
2026-07-01 17:00:00,UE01721,32.89747655974372,-96.982989130232,XYZ403,C,-109,-4,103,46,Coverage_Hole,6,5,high_bler
2026-07-01 18:00:00,UE01722,32.90794989490022,-96.95281936996729,XYZ401,A,-107,0,178,53,Coverage_Hole,1,20,high_bler
2026-07-01 20:00:00,UE01724,32.973089425059946,-96.99434802914844,XYZ403,B,-113,-2,161,77,Excellent,3,12,high_bler
2026-07-01 21:00:00,UE01725,32.95952593372543,-96.97119077228491,XYZ401,C,-101,6,229,80,Fair,4,41,high_bler
2026-07-01 23:00:00,UE01727,32.89486570370985,-96.97182208897786,XYZ403,C,-117,-1,157,16,Coverage_Hole,6,15,high_bler
2026-07-01 08:00:00,UE01736,32.91514637372203,-96.94122361836423,XYZ403,C,-115,-1,153,30,Good,3,15,high_bler
2026-07-01 09:00:00,UE01737,32.89942443709188,-96.96705017822872,XYZ401,A,-119,-4,79,44,Good,4,5,high_bler
2026-07-01 10:00:00,UE01738,32.96744293686014,-96.9686305009678,XYZ402,A,-116,0,181,66,Excellent,5,20,high_bler
2026-07-01 14:00:00,UE01742,32.96276425042645,-96.9636324891037,XYZ403,B,-111,3,220,27,Excellent,3,31,high_bler
2026-07-01 16:00:00,UE01744,32.91675323805403,-97.03212005302169,XYZ402,B,-112,-9,51,60,Good,5,5,high_bler
2026-07-01 20:00:00,UE01748,32.933990055948755,-97.01698193864092,XYZ403,A,-105,1,180,128,Coverage_Hole,3,22,high_bler
2026-07-01 21:00:00,UE01749,32.91864401965236,-97.01440352866436,XYZ401,B,-105,1,199,63,Good,4,23,high_bler
2026-07-01 23:00:00,UE01751,32.96608409523024,-96.97567030245943,XYZ403,A,-107,6,308,111,Excellent,6,41,high_bler
2026-07-01 00:00:00,UE01752,32.95528785066662,-97.02987734580748,XYZ401,C,-118,0,187,28,Good,1,21,high_bler
2026-07-01 01:00:00,UE01753,32.9045442415187,-97.02125704244536,XYZ402,B,-123,-2,121,77,Good,2,13,high_bler
2026-07-01 02:00:00,UE01754,32.89836880726551,-97.00786759223382,XYZ403,C,-108,-3,123,65,Coverage_Hole,3,9,high_bler
2026-07-01 03:00:00,UE01755,32.92360521581154,-97.0220150673542,XYZ401,A,-104,4,287,109,Excellent,4,36,high_bler
2026-07-01 04:00:00,UE01756,32.92106556834625,-96.9362518507458,XYZ402,B,-116,0,160,21,Fair,5,21,high_bler
2026-07-01 05:00:00,UE01757,32.94041142870736,-96.94013201355152,XYZ403,A,-118,-4,75,110,Poor,6,5,high_bler
2026-07-01 07:00:00,UE01759,32.94878681609958,-96.9458268397156,XYZ402,B,-114,6,219,85,Coverage_Hole,2,41,high_bler
2026-07-01 08:00:00,UE01760,32.9344197156294,-97.0335093027646,XYZ403,C,-108,-3,160,101,Fair,3,9,high_bler
2026-07-01 09:00:00,UE01761,32.94416321627594,-96.9361411022616,XYZ401,B,-120,-3,118,40,Poor,4,10,high_bler
2026-07-01 10:00:00,UE01762,32.8982485635648,-96.97290021627424,XYZ402,A,-114,-1,148,19,Fair,5,15,high_bler
2026-07-01 11:00:00,UE01763,32.909037907004155,-97.01126962683804,XYZ403,B,-112,6,314,85,Excellent,6,41,high_bler
2026-07-01 12:00:00,UE01764,32.912891110941885,-97.0239487953857,XYZ401,A,-110,-2,114,52,Coverage_Hole,1,13,high_bler
2026-07-01 13:00:00,UE01765,32.928842702045074,-96.94765212332626,XYZ402,A,-104,3,181,106,Coverage_Hole,2,31,high_bler
2026-07-01 18:00:00,UE01770,32.95833628103746,-96.94548709254798,XYZ401,B,-120,1,211,77,Coverage_Hole,1,23,high_bler
2026-07-01 22:00:00,UE01774,32.973169808601334,-96.98368753181508,XYZ402,A,-109,2,184,83,Fair,5,29,high_bler
2026-07-01 23:00:00,UE01775,32.9338472259202,-96.9382312954428,XYZ403,B,-110,-1,118,123,Good,6,15,high_bler
2026-07-01 00:00:00,UE01776,32.934482189932865,-97.0337110083085,XYZ401,A,-116,0,149,84,Good,1,20,high_bler
2026-07-01 01:00:00,UE01777,32.943794704567985,-96.9556248560654,XYZ402,A,-105,4,313,93,Excellent,2,36,high_bler
2026-07-01 05:00:00,UE01781,32.918987321195495,-97.02348002357422,XYZ403,A,-118,1,213,41,Good,6,23,high_bler
2026-07-01 06:00:00,UE01782,32.89372423189113,-96.98504774410743,XYZ401,C,-109,-2,125,20,Excellent,1,12,high_bler
2026-07-01 07:00:00,UE01783,32.945955049585024,-96.94246527392993,XYZ402,A,-109,-2,121,35,Fair,2,12,high_bler
2026-07-01 08:00:00,UE01784,32.89845000641935,-96.9715715581703,XYZ403,C,-112,3,264,67,Fair,3,31,high_bler
2026-07-01 12:00:00,UE01788,32.91286113630966,-97.02237391332544,XYZ401,C,-115,-1,132,87,Fair,1,15,high_bler
2026-07-01 13:00:00,UE01789,32.95024837474393,-97.0200707895118,XYZ402,A,-109,0,192,56,Coverage_Hole,2,20,high_bler
2026-07-01 14:00:00,UE01790,32.972020523549084,-96.98700807743543,XYZ403,B,-107,4,309,57,Good,3,36,high_bler
2026-07-01 17:00:00,UE01793,32.91098576274865,-96.94478383681302,XYZ403,C,-119,-4,76,113,Poor,6,5,high_bler
2026-07-01 19:00:00,UE01795,32.96348156451131,-96.95371510155331,XYZ402,A,-120,-2,124,54,Coverage_Hole,2,12,high_bler
2026-07-01 21:00:00,UE01797,32.907038232706306,-97.01795909681452,XYZ401,A,-115,-4,102,18,Poor,4,5,high_bler
2026-07-01 22:00:00,UE01798,32.89864938858763,-96.96584808384404,XYZ402,A,-115,-3,111,95,Fair,5,9,high_bler
2026-07-01 03:00:00,UE01803,32.905048680960924,-96.98796164553828,XYZ401,C,-102,4,242,24,Poor,4,36,high_bler
2026-07-01 05:00:00,UE01805,32.91022237886971,-96.94642203879272,XYZ403,C,-112,0,210,45,Poor,6,20,high_bler
2026-07-01 06:00:00,UE01806,32.91951507521864,-97.00557407048994,XYZ401,B,-96,5,216,71,Coverage_Hole,1,38,high_bler
2026-07-01 07:00:00,UE01807,32.903255535298875,-96.98477920339064,XYZ402,B,-111,2,258,61,Coverage_Hole,2,28,high_bler
2026-07-01 08:00:00,UE01808,32.91165499062483,-96.95113407526158,XYZ403,A,-113,0,205,36,Poor,3,20,high_bler
2026-07-01 10:00:00,UE01810,32.94829898253145,-96.95020341423412,XYZ402,C,-109,6,244,80,Coverage_Hole,5,41,high_bler
2026-07-01 15:00:00,UE01815,32.90659298487828,-97.01360226442678,XYZ401,B,-111,-1,158,31,Fair,4,15,high_bler
2026-07-01 18:00:00,UE01818,32.943820096526274,-97.01492704528027,XYZ401,B,-104,0,175,39,Poor,1,20,high_bler
2026-07-01 19:00:00,UE01819,32.95397497521126,-97.00638177610384,XYZ402,B,-99,3,206,67,Excellent,2,31,high_bler
2026-07-01 22:00:00,UE01822,32.898114891330366,-96.96049820347068,XYZ402,C,-118,0,204,125,Poor,5,20,high_bler
2026-07-01 00:00:00,UE01824,32.8993575440983,-96.99845231120533,XYZ401,B,-111,-2,108,15,Fair,1,13,high_bler
2026-07-01 02:00:00,UE01826,32.94372378396227,-97.02977153502496,XYZ403,B,-115,-3,125,43,Coverage_Hole,3,11,high_bler
2026-07-01 04:00:00,UE01828,32.958697753402994,-97.00928526737484,XYZ402,B,-101,2,238,81,Coverage_Hole,5,29,high_bler
2026-07-01 06:00:00,UE01830,32.94851752948363,-97.01939125502317,XYZ401,A,-113,4,302,28,Fair,1,36,high_bler
2026-07-01 08:00:00,UE01832,32.93668124120038,-97.02166229447288,XYZ403,A,-106,2,192,88,Fair,3,28,high_bler
2026-07-01 10:00:00,UE01834,32.95006084204691,-97.02460036031574,XYZ402,C,-108,-1,121,22,Poor,5,14,high_bler
2026-07-01 13:00:00,UE01837,32.97224141780124,-96.96981534602006,XYZ402,B,-104,5,303,19,Excellent,2,39,high_bler
2026-07-01 14:00:00,UE01838,32.91690232986497,-96.94136108028572,XYZ403,A,-115,0,167,113,Coverage_Hole,3,21,high_bler
2026-07-01 15:00:00,UE01839,32.91708303269091,-97.01658958292296,XYZ401,C,-105,4,247,101,Good,4,36,high_bler
2026-07-01 16:00:00,UE01840,32.916012857759576,-97.02786492466458,XYZ402,B,-113,-1,131,114,Poor,5,14,high_bler
2026-07-01 19:00:00,UE01843,32.976646527143096,-96.9812413031985,XYZ402,B,-121,-4,94,115,Fair,2,5,high_bler
2026-07-01 21:00:00,UE01845,32.92800405264173,-97.0252903828878,XYZ401,B,-111,2,236,115,Fair,4,28,high_bler
2026-07-01 01:00:00,UE01849,32.90254966078117,-96.96011012032966,XYZ402,A,-116,0,175,57,Coverage_Hole,2,20,high_bler
2026-07-01 04:00:00,UE01852,32.94657332623024,-96.93825352235388,XYZ402,A,-117,0,164,109,Coverage_Hole,5,20,high_bler
2026-07-01 07:00:00,UE01855,32.904930839649445,-96.9625472469802,XYZ402,B,-102,0,170,36,Poor,2,20,high_bler
2026-07-01 08:00:00,UE01856,32.918661752353245,-96.946647188406,XYZ403,C,-111,6,267,120,Coverage_Hole,3,41,high_bler
2026-07-01 11:00:00,UE01859,32.93109390833877,-97.0309375985192,XYZ403,A,-118,0,158,81,Excellent,6,21,high_bler
2026-07-01 14:00:00,UE01862,32.90139074530372,-96.98555528232866,XYZ403,C,-112,3,213,121,Coverage_Hole,3,31,high_bler
2026-07-01 20:00:00,UE01868,32.91987394867945,-97.031800307313,XYZ403,C,-122,-2,160,127,Fair,3,13,high_bler
2026-07-01 23:00:00,UE01871,32.89888020492816,-96.98014612662814,XYZ403,A,-114,-2,123,17,Excellent,6,13,high_bler
2026-07-01 01:00:00,UE01873,32.89842638416784,-96.96810241987372,XYZ402,A,-121,0,181,29,Poor,2,20,high_bler
2026-07-01 02:00:00,UE01874,32.900908740453914,-97.01680261471688,XYZ403,C,-112,-5,78,20,Coverage_Hole,3,5,high_bler
2026-07-01 03:00:00,UE01875,32.89525183965334,-96.97747897348196,XYZ401,B,-112,1,152,74,Fair,4,22,high_bler
2026-07-01 04:00:00,UE01876,32.91058007406212,-96.99189954354271,XYZ402,A,-94,5,300,17,Poor,5,39,high_bler
2026-07-01 08:00:00,UE01880,32.968538259059656,-96.96887229641258,XYZ403,B,-107,3,245,121,Good,3,31,high_bler
2026-07-01 09:00:00,UE01881,32.9051691590294,-96.95932987810616,XYZ401,B,-109,4,313,108,Poor,4,36,high_bler
2026-07-01 10:00:00,UE01882,32.90074949789699,-97.01145916267905,XYZ402,C,-124,-5,72,27,Excellent,5,5,high_bler
2026-07-01 11:00:00,UE01883,32.90784529236716,-97.0098182117522,XYZ403,A,-108,4,253,52,Poor,6,36,high_bler
2026-07-01 15:00:00,UE01887,32.97043949244,-96.97364977806642,XYZ401,C,-117,2,233,41,Good,4,29,high_bler
2026-07-01 16:00:00,UE01888,32.94606900538676,-97.02184840271708,XYZ402,A,-106,2,183,98,Fair,5,28,high_bler
2026-07-01 17:00:00,UE01889,32.94993443427922,-97.01468309309746,XYZ403,A,-107,3,216,78,Excellent,6,32,high_bler
2026-07-01 18:00:00,UE01890,32.97436300934368,-96.99233389217886,XYZ401,C,-110,-3,127,120,Coverage_Hole,1,9,high_bler
2026-07-01 23:00:00,UE01895,32.965352473598244,-96.9639471437924,XYZ403,B,-117,3,234,24,Fair,6,31,high_bler
2026-07-01 00:00:00,UE01896,32.97000019005412,-96.97155095931372,XYZ401,C,-116,0,197,41,Poor,1,21,high_bler
2026-07-01 01:00:00,UE01897,32.96637426656955,-96.96983140333178,XYZ402,C,-115,-2,138,72,Coverage_Hole,2,13,high_bler
2026-07-01 02:00:00,UE01898,32.90308356440754,-96.97974962240056,XYZ403,B,-103,5,283,120,Poor,3,38,high_bler
2026-07-01 04:00:00,UE01900,32.90594234528851,-96.96894266142124,XYZ402,C,-108,0,208,60,Coverage_Hole,5,20,high_bler
2026-07-01 05:00:00,UE01901,32.91225663498981,-97.02187804807176,XYZ403,C,-106,3,220,52,Good,6,32,high_bler
2026-07-01 06:00:00,UE01902,32.9688319599491,-96.95754207870375,XYZ401,C,-113,0,171,33,Good,1,20,high_bler
2026-07-01 07:00:00,UE01903,32.92625220414094,-97.03536363149428,XYZ402,B,-115,-7,51,87,Coverage_Hole,2,5,high_bler
2026-07-01 10:00:00,UE01906,32.91611567140944,-97.02242276279478,XYZ402,C,-112,0,153,86,Fair,5,21,high_bler
2026-07-01 12:00:00,UE01908,32.96813978668106,-96.97084130311164,XYZ401,A,-110,0,169,21,Poor,1,20,high_bler
2026-07-01 19:00:00,UE01915,32.9087517568772,-96.94460944002324,XYZ402,C,-123,0,163,108,Good,2,20,high_bler
2026-07-01 21:00:00,UE01917,32.91498526495612,-96.95451835258928,XYZ401,B,-108,0,188,57,Poor,4,20,high_bler
2026-07-01 22:00:00,UE01918,32.931067186368885,-96.94258260101137,XYZ402,A,-109,0,156,22,Poor,5,21,high_bler
2026-07-01 23:00:00,UE01919,32.96751703169827,-97.01743876327905,XYZ403,C,-123,-7,37,66,Coverage_Hole,6,5,high_bler
2026-07-01 00:00:00,UE01920,32.947543517907185,-96.94767536979022,XYZ401,C,-107,2,185,19,Fair,1,29,high_bler
2026-07-01 01:00:00,UE01921,32.96267573850253,-97.00912052678736,XYZ402,A,-111,4,270,113,Coverage_Hole,2,36,high_bler
2026-07-01 05:00:00,UE01925,32.96475223279165,-96.95932281628,XYZ403,B,-115,1,156,40,Fair,6,23,high_bler
2026-07-01 12:00:00,UE01932,32.96507617950593,-96.95409611806475,XYZ401,A,-102,4,286,21,Poor,1,36,high_bler
2026-07-01 15:00:00,UE01935,32.93988978148193,-97.0284863633197,XYZ401,B,-117,0,192,32,Excellent,4,20,high_bler
2026-07-01 16:00:00,UE01936,32.91447064289688,-97.01567871720069,XYZ402,B,-104,1,160,56,Coverage_Hole,5,23,high_bler
2026-07-01 17:00:00,UE01937,32.97582828459659,-96.99025245447626,XYZ403,C,-112,0,211,53,Fair,6,20,high_bler
2026-07-01 02:00:00,UE01946,32.907574425254445,-96.95198155947294,XYZ403,C,-117,1,165,91,Excellent,3,24,high_bler
2026-07-01 07:00:00,UE01951,32.94189161194736,-97.00470805490694,XYZ402,C,-94,5,268,90,Good,2,39,high_bler
2026-07-01 09:00:00,UE01953,32.92015729839343,-97.01790166299604,XYZ401,B,-102,4,310,74,Good,4,36,high_bler
2026-07-01 10:00:00,UE01954,32.90855662059618,-96.97388757582986,XYZ402,C,-102,0,189,35,Excellent,5,20,high_bler
2026-07-01 11:00:00,UE01955,32.901688687170626,-96.99198720661386,XYZ403,C,-115,0,182,98,Good,6,20,high_bler
2026-07-01 12:00:00,UE01956,32.89667310201059,-96.99020237578809,XYZ401,B,-120,-1,118,119,Good,1,14,high_bler
2026-07-01 14:00:00,UE01958,32.90022545655171,-97.00265834611592,XYZ403,C,-110,1,188,91,Coverage_Hole,3,23,high_bler
2026-07-01 16:00:00,UE01960,32.95854408471042,-96.96209397092974,XYZ402,C,-96,0,215,44,Fair,5,20,high_bler
2026-07-01 17:00:00,UE01961,32.91293616274524,-96.95953012117822,XYZ403,B,-102,2,258,72,Poor,6,28,high_bler
2026-07-01 19:00:00,UE01963,32.97716742591034,-96.978672264675,XYZ402,A,-111,-5,105,66,Fair,2,5,high_bler
2026-07-01 20:00:00,UE01964,32.92198259566591,-97.01632256172869,XYZ403,B,-106,4,314,95,Excellent,3,36,high_bler
2026-07-01 21:00:00,UE01965,32.90978290968009,-97.0185897743332,XYZ401,C,-112,2,195,82,Poor,4,29,high_bler
2026-07-01 22:00:00,UE01966,32.96550956552685,-96.98527941895075,XYZ402,C,-109,3,191,69,Good,5,31,high_bler
2026-07-01 23:00:00,UE01967,32.9627113308668,-96.98014431193684,XYZ403,C,-99,4,269,40,Excellent,6,36,high_bler
2026-07-01 01:00:00,UE01969,32.97486735661752,-97.00210478298416,XYZ402,A,-113,-4,107,64,Fair,2,5,high_bler
2026-07-01 02:00:00,UE01970,32.9616269124504,-96.99691688852398,XYZ403,B,-94,5,230,89,Good,3,39,high_bler
2026-07-01 04:00:00,UE01972,32.90190551935141,-96.99212010931883,XYZ402,C,-113,0,194,107,Good,5,20,high_bler
2026-07-01 07:00:00,UE01975,32.902178965893306,-97.00101965992776,XYZ402,A,-106,1,197,81,Good,2,24,high_bler
2026-07-01 08:00:00,UE01976,32.96702851988972,-97.00620688462924,XYZ403,A,-116,1,162,49,Poor,3,24,high_bler
2026-07-01 10:00:00,UE01978,32.89659905979021,-96.96444210135164,XYZ402,C,-121,0,182,17,Coverage_Hole,5,20,high_bler
2026-07-01 11:00:00,UE01979,32.96784255728168,-97.00134907226516,XYZ403,A,-110,0,171,29,Fair,6,21,high_bler
2026-07-01 12:00:00,UE01980,32.94710763390529,-97.02917238318987,XYZ401,A,-118,-1,125,32,Coverage_Hole,1,14,high_bler
2026-07-01 13:00:00,UE01981,32.96993398231061,-96.97319910875008,XYZ402,C,-107,0,173,113,Good,2,21,high_bler
2026-07-01 14:00:00,UE01982,32.902394121442086,-97.00803811197162,XYZ403,C,-112,-2,126,94,Good,3,12,high_bler
2026-07-01 15:00:00,UE01983,32.91187252655191,-96.95149552929044,XYZ401,A,-104,-1,130,33,Poor,4,16,high_bler
2026-07-01 16:00:00,UE01984,32.89675846673782,-97.00543409135582,XYZ402,A,-117,-3,129,115,Fair,5,10,high_bler
2026-07-01 18:00:00,UE01986,32.9367893536191,-97.03678630662294,XYZ401,B,-121,2,202,23,Excellent,1,28,high_bler
2026-07-01 20:00:00,UE01988,32.919926297893696,-96.94067742530518,XYZ403,C,-119,0,181,127,Poor,3,20,high_bler
2026-07-01 01:00:00,UE01993,32.93749660934277,-97.0347945985492,XYZ402,C,-122,0,208,53,Fair,2,21,high_bler
2026-07-01 02:00:00,UE01994,32.94691055858682,-97.02971061319585,XYZ403,A,-113,6,321,101,Coverage_Hole,3,41,high_bler
2026-07-01 03:00:00,UE01995,32.968786308452906,-96.98567430446668,XYZ401,B,-107,0,208,46,Fair,4,20,high_bler
2026-07-01 07:00:00,UE01999,32.92417565663839,-96.95203675077175,XYZ402,C,-104,-1,156,75,Poor,2,15,high_bler
2026-07-01 01:00:00,UE00001,32.95623842771268,-97.0295271575902,XYZ402,A,-119,-4,82,105,Fair,2,5,low_throughput
2026-07-01 21:00:00,UE00021,32.90042697754924,-96.9994131245068,XYZ401,A,-114,-4,94,50,Poor,4,5,low_throughput
2026-07-01 06:00:00,UE00030,32.89419713568289,-97.00032962659712,XYZ401,C,-110,-8,49,76,Coverage_Hole,1,5,low_throughput
2026-07-01 07:00:00,UE00031,32.93779854167526,-96.94076296390432,XYZ402,A,-109,-6,43,114,Fair,2,5,low_throughput
2026-07-01 05:00:00,UE00053,32.94973301376032,-96.94326832263565,XYZ403,B,-116,-5,80,78,Fair,6,5,low_throughput
2026-07-01 00:00:00,UE00072,32.94301547638953,-97.03545071741064,XYZ401,B,-116,-5,88,23,Excellent,1,5,low_throughput
2026-07-01 13:00:00,UE00157,32.973129505514414,-96.9924387820818,XYZ402,B,-117,-5,81,121,Excellent,2,5,low_throughput
2026-07-01 11:00:00,UE00179,32.937934115407,-96.9359762780531,XYZ403,A,-125,-6,47,27,Excellent,6,5,low_throughput
2026-07-01 13:00:00,UE00205,32.971633208971305,-96.96025212824983,XYZ402,C,-116,-5,92,63,Coverage_Hole,2,5,low_throughput
2026-07-01 23:00:00,UE00215,32.9729742288776,-96.96195337723334,XYZ403,C,-122,-4,77,59,Poor,6,5,low_throughput
2026-07-01 14:00:00,UE00230,32.93618831552693,-97.03659360298636,XYZ403,C,-111,-7,37,48,Excellent,3,5,low_throughput
2026-07-01 03:00:00,UE00267,32.89982592795717,-97.00372731477192,XYZ401,C,-109,-4,72,93,Coverage_Hole,4,5,low_throughput
2026-07-01 16:00:00,UE00328,32.93928474867496,-96.9392462456798,XYZ402,A,-112,-4,82,34,Poor,5,5,low_throughput
2026-07-01 02:00:00,UE00338,32.975547174541724,-96.98127879688477,XYZ403,C,-113,-5,93,21,Good,3,5,low_throughput
2026-07-01 02:00:00,UE00362,32.917653358135034,-97.03110506789577,XYZ403,C,-116,-8,45,89,Fair,3,5,low_throughput
2026-07-01 09:00:00,UE00441,32.9664132255862,-97.01580131231523,XYZ401,C,-122,-8,48,86,Coverage_Hole,4,5,low_throughput
2026-07-01 01:00:00,UE00457,32.936560650324154,-96.9392954751465,XYZ402,B,-114,-5,94,115,Fair,2,5,low_throughput
2026-07-01 07:00:00,UE00487,32.93650755384097,-96.9421277058432,XYZ402,C,-110,-4,72,54,Poor,2,5,low_throughput
2026-07-01 01:00:00,UE00505,32.903798578653706,-97.0212141480728,XYZ402,B,-124,-4,73,70,Fair,2,5,low_throughput
2026-07-01 05:00:00,UE00533,32.918635546014386,-96.93831123380066,XYZ403,A,-116,-5,75,78,Coverage_Hole,6,5,low_throughput
2026-07-01 17:00:00,UE00617,32.94989018014738,-96.93726069938108,XYZ403,A,-122,-6,51,80,Poor,6,5,low_throughput
2026-07-01 12:00:00,UE00636,32.904193998663494,-97.01347871134016,XYZ401,B,-113,-4,99,57,Good,1,5,low_throughput
2026-07-01 21:00:00,UE00645,32.94905757267578,-97.03224742944307,XYZ401,B,-118,-4,78,20,Excellent,4,5,low_throughput
2026-07-01 13:00:00,UE00661,32.93061233199012,-96.93965687544724,XYZ402,C,-113,-5,78,93,Coverage_Hole,2,5,low_throughput
2026-07-01 15:00:00,UE00687,32.934250117704664,-96.93870281061784,XYZ401,A,-111,-4,72,61,Poor,4,5,low_throughput
2026-07-01 17:00:00,UE00713,32.92520208596909,-96.93826461405432,XYZ403,B,-110,-7,41,38,Coverage_Hole,6,5,low_throughput
2026-07-01 21:00:00,UE00717,32.90345701809123,-96.96166898498603,XYZ401,B,-116,-4,91,34,Coverage_Hole,4,5,low_throughput
2026-07-01 21:00:00,UE00789,32.95041424758889,-96.93701367031366,XYZ401,C,-118,-4,90,61,Excellent,4,5,low_throughput
2026-07-01 05:00:00,UE00797,32.89959912980357,-96.97696107503836,XYZ403,C,-118,-4,91,65,Excellent,6,5,low_throughput
2026-07-01 17:00:00,UE00809,32.97307833242315,-96.99270877357112,XYZ403,B,-111,-5,94,97,Poor,6,5,low_throughput
2026-07-01 09:00:00,UE00825,32.95297205501637,-97.02694652542984,XYZ401,A,-118,-4,94,69,Fair,4,5,low_throughput
2026-07-01 15:00:00,UE00831,32.96201238781934,-96.94896323996362,XYZ401,C,-117,-4,94,31,Coverage_Hole,4,5,low_throughput
2026-07-01 22:00:00,UE00862,32.92262842873991,-97.03356470915566,XYZ402,C,-125,-5,77,33,Fair,5,5,low_throughput
2026-07-01 10:00:00,UE00922,32.89936722974743,-97.00819780884515,XYZ402,C,-107,-4,72,81,Fair,5,5,low_throughput
2026-07-01 22:00:00,UE01006,32.90122803511651,-96.9561644234005,XYZ402,C,-118,-4,92,62,Coverage_Hole,5,5,low_throughput
2026-07-01 07:00:00,UE01063,32.97268805017707,-96.99322771600222,XYZ402,B,-117,-5,77,26,Poor,2,5,low_throughput
2026-07-01 10:00:00,UE01090,32.902977803357324,-97.01943270191587,XYZ402,B,-115,-5,87,25,Coverage_Hole,5,5,low_throughput
2026-07-01 12:00:00,UE01092,32.915878480198764,-96.9468748564644,XYZ401,A,-112,-6,50,88,Fair,1,5,low_throughput
2026-07-01 02:00:00,UE01130,32.97586108114847,-96.97872112277,XYZ403,C,-110,-4,95,56,Fair,3,5,low_throughput
2026-07-01 03:00:00,UE01131,32.967236130934424,-97.01829264800368,XYZ401,A,-117,-6,42,23,Good,4,5,low_throughput
2026-07-01 11:00:00,UE01139,32.933271885439844,-96.9374654907654,XYZ403,B,-115,-8,47,109,Good,6,5,low_throughput
2026-07-01 00:00:00,UE01152,32.95017534580395,-96.93964731426978,XYZ401,A,-111,-6,42,66,Good,1,5,low_throughput
2026-07-01 00:00:00,UE01200,32.934106428130576,-97.03102044657072,XYZ401,A,-112,-4,78,95,Excellent,1,5,low_throughput
2026-07-01 08:00:00,UE01232,32.96908775064514,-97.00661966129032,XYZ403,B,-112,-7,40,59,Poor,3,5,low_throughput
2026-07-01 05:00:00,UE01253,32.93535738780078,-97.03408050304245,XYZ403,C,-112,-4,79,121,Excellent,6,5,low_throughput
2026-07-01 10:00:00,UE01282,32.90315623328299,-96.955245279218,XYZ402,A,-119,-5,79,25,Good,5,5,low_throughput
2026-07-01 12:00:00,UE01308,32.972739350700586,-96.96885416037148,XYZ401,B,-113,-4,74,112,Fair,1,5,low_throughput
2026-07-01 06:00:00,UE01326,32.97123480557632,-96.9753587532205,XYZ401,B,-113,-6,38,119,Good,1,5,low_throughput
2026-07-01 21:00:00,UE01365,32.92004393161677,-97.0273484337879,XYZ401,B,-122,-4,72,86,Excellent,4,5,low_throughput
2026-07-01 23:00:00,UE01367,32.946956269278736,-96.93582858194507,XYZ403,C,-118,-4,90,80,Coverage_Hole,6,5,low_throughput
2026-07-01 11:00:00,UE01379,32.93831865248448,-96.93815552031198,XYZ403,B,-112,-4,80,53,Poor,6,5,low_throughput
2026-07-01 16:00:00,UE01384,32.89300531470643,-96.97681832958382,XYZ402,A,-120,-6,53,104,Poor,5,5,low_throughput
2026-07-01 02:00:00,UE01418,32.89932228579661,-96.9950816501091,XYZ403,C,-111,-5,78,76,Good,3,5,low_throughput
2026-07-01 04:00:00,UE01444,32.93516771846946,-97.03544715981798,XYZ402,A,-111,-7,50,108,Poor,5,5,low_throughput
2026-07-01 00:00:00,UE01464,32.97585332571462,-96.9680702491059,XYZ401,B,-114,-5,73,85,Fair,1,5,low_throughput
2026-07-01 09:00:00,UE01497,32.89675679216778,-96.96224390089604,XYZ401,C,-119,-4,99,45,Coverage_Hole,4,5,low_throughput
2026-07-01 23:00:00,UE01511,32.906945195171204,-96.94634833772726,XYZ403,A,-117,-6,37,47,Excellent,6,5,low_throughput
2026-07-01 04:00:00,UE01516,32.97765782984035,-96.97533521783626,XYZ402,A,-113,-4,98,37,Coverage_Hole,5,5,low_throughput
2026-07-01 04:00:00,UE01540,32.90210303313195,-97.01865203503056,XYZ402,A,-123,-5,97,43,Excellent,5,5,low_throughput
2026-07-01 06:00:00,UE01566,32.89736012023916,-96.96219056832447,XYZ401,A,-111,-5,78,95,Fair,1,5,low_throughput
2026-07-01 09:00:00,UE01593,32.971890925258144,-97.00821536361804,XYZ401,C,-114,-4,93,129,Excellent,4,5,low_throughput
2026-07-01 21:00:00,UE01605,32.97260534759379,-96.96052300803358,XYZ401,B,-111,-6,40,27,Poor,4,5,low_throughput
2026-07-01 13:00:00,UE01621,32.91897047185649,-96.93838159733156,XYZ402,B,-117,-8,36,129,Poor,2,5,low_throughput
2026-07-01 02:00:00,UE01634,32.93500124754828,-96.93498086586358,XYZ403,A,-112,-6,45,18,Poor,3,5,low_throughput
2026-07-01 22:00:00,UE01678,32.89447202235041,-96.98012722765856,XYZ402,B,-121,-4,91,30,Excellent,5,5,low_throughput
2026-07-01 23:00:00,UE01703,32.93787199118682,-96.93549525459224,XYZ403,B,-114,-7,50,15,Poor,6,5,low_throughput
2026-07-01 09:00:00,UE01737,32.89942443709188,-96.96705017822872,XYZ401,A,-119,-4,79,44,Good,4,5,low_throughput
2026-07-01 16:00:00,UE01744,32.91675323805403,-97.03212005302169,XYZ402,B,-112,-9,51,60,Good,5,5,low_throughput
2026-07-01 05:00:00,UE01757,32.94041142870736,-96.94013201355152,XYZ403,A,-118,-4,75,110,Poor,6,5,low_throughput
2026-07-01 17:00:00,UE01793,32.91098576274865,-96.94478383681302,XYZ403,C,-119,-4,76,113,Poor,6,5,low_throughput
2026-07-01 19:00:00,UE01843,32.976646527143096,-96.9812413031985,XYZ402,B,-121,-4,94,115,Fair,2,5,low_throughput
2026-07-01 02:00:00,UE01874,32.900908740453914,-97.01680261471688,XYZ403,C,-112,-5,78,20,Coverage_Hole,3,5,low_throughput
2026-07-01 10:00:00,UE01882,32.90074949789699,-97.01145916267905,XYZ402,C,-124,-5,72,27,Excellent,5,5,low_throughput
2026-07-01 07:00:00,UE01903,32.92625220414094,-97.03536363149428,XYZ402,B,-115,-7,51,87,Coverage_Hole,2,5,low_throughput
2026-07-01 23:00:00,UE01919,32.96751703169827,-97.01743876327905,XYZ403,C,-123,-7,37,66,Coverage_Hole,6,5,low_throughput
2026-07-01 00:00:00,UE00000,32.96037961495144,-96.99486340817693,XYZ401,A,-99,11,349,114,Coverage_Hole,1,64,latency_hotspot
2026-07-01 01:00:00,UE00001,32.95623842771268,-97.0295271575902,XYZ402,A,-119,-4,82,105,Fair,2,5,latency_hotspot
2026-07-01 02:00:00,UE00002,32.96177609473641,-96.98857115209084,XYZ403,B,-98,6,264,128,Poor,3,41,latency_hotspot
2026-07-01 04:00:00,UE00004,32.941769275516045,-97.03557701648772,XYZ402,A,-114,-2,118,96,Excellent,5,13,latency_hotspot
2026-07-01 06:00:00,UE00006,32.96531739517448,-97.00321508928326,XYZ401,B,-106,3,220,102,Fair,1,30,latency_hotspot
2026-07-01 07:00:00,UE00007,32.91088656334055,-96.95915970319616,XYZ402,B,-111,5,220,91,Excellent,2,39,latency_hotspot
2026-07-01 09:00:00,UE00009,32.95367097310067,-96.96786913949978,XYZ401,A,-105,7,363,117,Fair,4,47,latency_hotspot
2026-07-01 11:00:00,UE00011,32.93455907254406,-96.93438324478132,XYZ403,B,-124,-2,109,101,Good,6,13,latency_hotspot
2026-07-01 12:00:00,UE00012,32.90504601222711,-96.97303849841131,XYZ401,A,-98,7,298,112,Excellent,1,48,latency_hotspot
2026-07-01 14:00:00,UE00014,32.917124480946924,-97.02754112223296,XYZ403,B,-117,1,194,126,Poor,3,23,latency_hotspot
2026-07-01 15:00:00,UE00015,32.959083499043814,-97.01122778498296,XYZ401,C,-110,0,204,127,Poor,4,20,latency_hotspot
2026-07-01 18:00:00,UE00018,32.95841307562227,-97.017129522723,XYZ401,B,-110,-3,149,107,Poor,1,10,latency_hotspot
2026-07-01 23:00:00,UE00023,32.91968977091565,-96.9877741879151,XYZ403,C,-95,15,375,113,Good,6,76,latency_hotspot
2026-07-01 01:00:00,UE00025,32.935010479170074,-96.96471236907324,XYZ402,B,-86,13,369,107,Coverage_Hole,2,68,latency_hotspot
2026-07-01 02:00:00,UE00026,32.9268112112753,-96.97015437876853,XYZ403,B,-89,15,443,83,Good,3,76,latency_hotspot
2026-07-01 03:00:00,UE00027,32.90064718103181,-96.98600937583072,XYZ401,C,-108,4,223,98,Fair,4,37,latency_hotspot
2026-07-01 05:00:00,UE00029,32.91734782050177,-96.9503455116328,XYZ403,B,-114,7,294,128,Coverage_Hole,6,47,latency_hotspot
2026-07-01 07:00:00,UE00031,32.93779854167526,-96.94076296390432,XYZ402,A,-109,-6,43,114,Fair,2,5,latency_hotspot
2026-07-01 09:00:00,UE00033,32.976438646623414,-96.9932539587968,XYZ401,A,-115,2,267,116,Good,4,28,latency_hotspot
2026-07-01 10:00:00,UE00034,32.95634201064288,-97.0056974439144,XYZ402,A,-103,2,232,85,Poor,5,29,latency_hotspot
2026-07-01 11:00:00,UE00035,32.93716932560243,-96.9999540766226,XYZ403,B,-97,19,456,106,Excellent,6,91,latency_hotspot
2026-07-01 15:00:00,UE00039,32.9138190591063,-96.97755315086351,XYZ401,B,-91,4,230,129,Good,4,37,latency_hotspot
2026-07-01 17:00:00,UE00041,32.89599559307294,-96.97593176051672,XYZ403,A,-121,-2,154,116,Coverage_Hole,6,13,latency_hotspot
2026-07-01 21:00:00,UE00045,32.95115174361385,-97.01459648368863,XYZ401,C,-104,3,198,125,Fair,4,31,latency_hotspot
2026-07-01 00:00:00,UE00048,32.94294858389169,-97.01077861101312,XYZ401,C,-101,10,341,92,Fair,1,58,latency_hotspot
2026-07-01 02:00:00,UE00050,32.96880249760459,-96.95995141353934,XYZ403,C,-120,0,178,114,Poor,3,21,latency_hotspot
2026-07-01 04:00:00,UE00052,32.96918008041554,-96.96013577812435,XYZ402,C,-111,0,214,89,Coverage_Hole,5,21,latency_hotspot
2026-07-01 07:00:00,UE00055,32.93671873996976,-96.98339666692785,XYZ402,A,-75,18,455,89,Fair,2,89,latency_hotspot
2026-07-01 08:00:00,UE00056,32.92760779559066,-97.03427219091492,XYZ403,C,-114,0,203,92,Coverage_Hole,3,20,latency_hotspot
2026-07-01 11:00:00,UE00059,32.93526716184401,-96.956280018842,XYZ403,C,-94,9,337,114,Coverage_Hole,6,54,latency_hotspot
2026-07-01 13:00:00,UE00061,32.938645668672734,-96.95518986319033,XYZ402,A,-108,5,314,111,Coverage_Hole,2,39,latency_hotspot
2026-07-01 17:00:00,UE00065,32.90824020650205,-96.9673676746552,XYZ403,A,-107,6,284,85,Poor,6,41,latency_hotspot
2026-07-01 23:00:00,UE00071,32.93353252799117,-96.95496775864648,XYZ403,A,-96,2,236,112,Poor,6,29,latency_hotspot
2026-07-01 01:00:00,UE00073,32.94917938531531,-96.9649997058971,XYZ402,B,-103,9,290,114,Excellent,2,55,latency_hotspot
2026-07-01 08:00:00,UE00080,32.91454923218129,-97.01887451172657,XYZ403,C,-106,-4,103,101,Poor,3,5,latency_hotspot
2026-07-01 12:00:00,UE00084,32.93284581414722,-96.93899908459116,XYZ401,A,-112,0,187,85,Poor,1,20,latency_hotspot
2026-07-01 16:00:00,UE00088,32.934652853917044,-96.95772566069996,XYZ402,A,-99,6,227,128,Coverage_Hole,5,41,latency_hotspot
2026-07-01 19:00:00,UE00091,32.95497349142562,-96.94737287429278,XYZ402,A,-110,1,144,119,Fair,2,23,latency_hotspot
2026-07-01 20:00:00,UE00092,32.93179602003737,-96.9670414502898,XYZ403,B,-92,12,387,82,Excellent,3,65,latency_hotspot
2026-07-01 21:00:00,UE00093,32.92521125599474,-97.02915619156468,XYZ401,C,-115,0,205,113,Fair,4,21,latency_hotspot
2026-07-01 22:00:00,UE00094,32.907731256238606,-96.95134671076168,XYZ402,A,-116,1,155,113,Coverage_Hole,5,24,latency_hotspot
2026-07-01 04:00:00,UE00100,32.93574038063979,-96.96844203522777,XYZ402,B,-81,13,414,111,Coverage_Hole,5,68,latency_hotspot
2026-07-01 05:00:00,UE00101,32.92531693762092,-96.97644077598255,XYZ403,A,-88,11,453,81,Excellent,6,63,latency_hotspot
2026-07-01 06:00:00,UE00102,32.925456687304425,-96.98823189011564,XYZ401,C,-84,17,554,98,Good,1,84,latency_hotspot
2026-07-01 07:00:00,UE00103,32.964204589795656,-96.976103013255,XYZ402,A,-106,1,186,129,Poor,2,23,latency_hotspot
2026-07-01 10:00:00,UE00106,32.90851630564206,-97.00471838257876,XYZ402,C,-107,2,233,123,Excellent,5,28,latency_hotspot
2026-07-01 11:00:00,UE00107,32.93167630802225,-97.00356070222408,XYZ403,C,-91,12,364,103,Fair,6,66,latency_hotspot
2026-07-01 18:00:00,UE00114,32.92726908350182,-96.99935812697672,XYZ401,B,-91,14,500,116,Good,1,73,latency_hotspot
2026-07-01 19:00:00,UE00115,32.94627009560007,-97.02840541672042,XYZ402,A,-107,0,183,90,Fair,2,21,latency_hotspot
2026-07-01 03:00:00,UE00123,32.89508673523606,-96.97701507509504,XYZ401,B,-120,0,160,87,Excellent,4,21,latency_hotspot
2026-07-01 06:00:00,UE00126,32.93934534602561,-96.94278876732749,XYZ401,B,-116,0,171,101,Poor,1,21,latency_hotspot
2026-07-01 09:00:00,UE00129,32.970699073266026,-96.97537811035268,XYZ401,A,-115,-1,112,89,Good,4,15,latency_hotspot
2026-07-01 14:00:00,UE00134,32.914955690481335,-97.01822119711704,XYZ403,A,-110,6,323,101,Poor,3,42,latency_hotspot
2026-07-01 15:00:00,UE00135,32.9543146573254,-96.96828187540336,XYZ401,B,-101,8,377,117,Poor,4,49,latency_hotspot
2026-07-01 17:00:00,UE00137,32.93466557272684,-96.9780387769954,XYZ403,A,-85,19,478,96,Fair,6,92,latency_hotspot
2026-07-01 18:00:00,UE00138,32.92141839477586,-97.00641884169012,XYZ401,C,-105,9,306,119,Good,1,56,latency_hotspot
2026-07-01 20:00:00,UE00140,32.96615967661684,-96.96869568908998,XYZ403,A,-114,2,226,101,Fair,3,28,latency_hotspot
2026-07-01 21:00:00,UE00141,32.94660921933413,-96.98415078373104,XYZ401,C,-94,12,449,121,Good,4,66,latency_hotspot
2026-07-01 22:00:00,UE00142,32.94050886582333,-96.98150070900054,XYZ402,B,-81,22,516,119,Good,5,100,latency_hotspot
2026-07-01 01:00:00,UE00145,32.913773960320185,-96.99239267967528,XYZ402,C,-103,11,445,100,Coverage_Hole,2,62,latency_hotspot
2026-07-01 03:00:00,UE00147,32.91327207760227,-96.9964279945585,XYZ401,A,-96,9,397,122,Poor,4,55,latency_hotspot
2026-07-01 05:00:00,UE00149,32.97203520135046,-96.97525748645444,XYZ403,C,-116,2,213,84,Coverage_Hole,6,28,latency_hotspot
2026-07-01 10:00:00,UE00154,32.91080033422405,-96.9992077390966,XYZ402,B,-107,7,294,123,Fair,5,47,latency_hotspot
2026-07-01 11:00:00,UE00155,32.91502454508107,-96.97391872169167,XYZ403,B,-96,7,312,117,Excellent,6,47,latency_hotspot
2026-07-01 13:00:00,UE00157,32.973129505514414,-96.9924387820818,XYZ402,B,-117,-5,81,121,Excellent,2,5,latency_hotspot
2026-07-01 18:00:00,UE00162,32.94677062943249,-97.03448970769976,XYZ401,C,-125,-2,137,118,Excellent,1,12,latency_hotspot
2026-07-01 01:00:00,UE00169,32.94852627902561,-96.94364855332672,XYZ402,C,-116,6,295,105,Good,2,41,latency_hotspot
2026-07-01 03:00:00,UE00171,32.93240302737183,-96.97630122794004,XYZ401,C,-83,17,547,96,Fair,4,83,latency_hotspot
2026-07-01 08:00:00,UE00176,32.93266531596996,-97.02129385416876,XYZ403,A,-108,4,222,101,Poor,3,36,latency_hotspot
2026-07-01 13:00:00,UE00181,32.89867315757788,-97.00720235828229,XYZ402,A,-115,-3,116,123,Coverage_Hole,2,9,latency_hotspot
2026-07-01 00:00:00,UE00192,32.91262050266347,-96.9999873831748,XYZ401,C,-102,3,224,96,Coverage_Hole,1,31,latency_hotspot
2026-07-01 03:00:00,UE00195,32.90801770394189,-96.94739749735164,XYZ401,C,-114,-1,131,123,Excellent,4,15,latency_hotspot
2026-07-01 08:00:00,UE00200,32.89297221577804,-96.99235948211364,XYZ403,B,-118,-3,150,104,Poor,3,10,latency_hotspot
2026-07-01 09:00:00,UE00201,32.90215890245775,-96.95722887419409,XYZ401,A,-118,-2,109,119,Coverage_Hole,4,13,latency_hotspot
2026-07-01 12:00:00,UE00204,32.930051357079186,-96.9415950644969,XYZ401,B,-115,0,200,95,Coverage_Hole,1,21,latency_hotspot
2026-07-01 14:00:00,UE00206,32.949326544143304,-96.98056795135484,XYZ403,A,-88,13,433,121,Excellent,3,67,latency_hotspot
2026-07-01 15:00:00,UE00207,32.9685954163235,-96.999886715015,XYZ401,A,-111,-3,161,113,Fair,4,10,latency_hotspot
2026-07-01 16:00:00,UE00208,32.96005912460055,-96.97502460396196,XYZ402,B,-104,11,461,89,Excellent,5,62,latency_hotspot
2026-07-01 21:00:00,UE00213,32.93454431621058,-96.98338843722982,XYZ401,C,-78,21,473,103,Fair,4,99,latency_hotspot
2026-07-01 22:00:00,UE00214,32.95695640479873,-96.97376436292711,XYZ402,B,-102,5,296,118,Fair,5,39,latency_hotspot
2026-07-01 00:00:00,UE00216,32.94784074693356,-97.02383276303456,XYZ401,A,-110,3,228,128,Fair,1,31,latency_hotspot
2026-07-01 04:00:00,UE00220,32.97595537087193,-96.99767547427622,XYZ402,C,-115,-2,116,108,Excellent,5,12,latency_hotspot
2026-07-01 06:00:00,UE00222,32.93561368319651,-96.95911181018988,XYZ401,B,-94,8,365,129,Coverage_Hole,1,51,latency_hotspot
2026-07-01 07:00:00,UE00223,32.91514731628109,-97.01223343003888,XYZ402,A,-106,2,235,105,Excellent,2,29,latency_hotspot
2026-07-01 08:00:00,UE00224,32.9516112708971,-96.99634487414208,XYZ403,B,-95,8,256,112,Fair,3,50,latency_hotspot
2026-07-01 13:00:00,UE00229,32.93323487471473,-97.02732979363384,XYZ402,C,-111,5,251,92,Poor,2,39,latency_hotspot
2026-07-01 15:00:00,UE00231,32.95986527123922,-96.9949767888504,XYZ401,A,-105,7,350,102,Fair,4,47,latency_hotspot
2026-07-01 23:00:00,UE00239,32.96930428076449,-96.95429630314284,XYZ403,A,-115,-2,118,90,Good,6,12,latency_hotspot
2026-07-01 00:00:00,UE00240,32.93152577225465,-96.94944151520149,XYZ401,C,-102,0,187,116,Poor,1,20,latency_hotspot
2026-07-01 01:00:00,UE00241,32.911040508154755,-97.01331160886416,XYZ402,A,-114,5,320,111,Fair,2,40,latency_hotspot
2026-07-01 02:00:00,UE00242,32.91652940083619,-97.00073455964883,XYZ403,A,-99,9,388,127,Excellent,3,55,latency_hotspot
2026-07-01 03:00:00,UE00243,32.96477177466098,-96.99931895251724,XYZ401,B,-104,0,197,128,Fair,4,20,latency_hotspot
2026-07-01 07:00:00,UE00247,32.943298233140176,-97.026331469251,XYZ402,B,-102,0,194,112,Good,2,21,latency_hotspot
2026-07-01 09:00:00,UE00249,32.93957816142893,-96.97255688678337,XYZ401,A,-85,16,531,82,Good,4,81,latency_hotspot
2026-07-01 12:00:00,UE00252,32.930145441406474,-97.01790136357435,XYZ401,B,-104,-1,147,108,Excellent,1,15,latency_hotspot
2026-07-01 15:00:00,UE00255,32.898761162151686,-96.98403481680236,XYZ401,A,-111,3,226,81,Coverage_Hole,4,30,latency_hotspot
2026-07-01 18:00:00,UE00258,32.918364912201405,-97.0117536854602,XYZ401,B,-108,5,307,91,Fair,1,39,latency_hotspot
2026-07-01 19:00:00,UE00259,32.92654368738362,-96.98165795130804,XYZ402,B,-85,15,487,109,Excellent,2,76,latency_hotspot
2026-07-01 20:00:00,UE00260,32.91709688659533,-97.00854166235848,XYZ403,B,-102,4,275,95,Fair,3,37,latency_hotspot
2026-07-01 21:00:00,UE00261,32.941109626744215,-96.96511349830274,XYZ401,B,-93,13,446,115,Coverage_Hole,4,67,latency_hotspot
2026-07-01 01:00:00,UE00265,32.936727670692406,-96.93666988006724,XYZ402,C,-117,-1,125,118,Fair,2,15,latency_hotspot
2026-07-01 03:00:00,UE00267,32.89982592795717,-97.00372731477192,XYZ401,C,-109,-4,72,93,Coverage_Hole,4,5,latency_hotspot
2026-07-01 04:00:00,UE00268,32.913721932141776,-96.9643512538318,XYZ402,C,-102,4,289,101,Good,5,36,latency_hotspot
2026-07-01 09:00:00,UE00273,32.94806175056039,-97.00325798073298,XYZ401,C,-97,11,370,98,Coverage_Hole,4,63,latency_hotspot
2026-07-01 11:00:00,UE00275,32.924022040078945,-96.97985795732416,XYZ403,C,-87,15,380,124,Poor,6,77,latency_hotspot
2026-07-01 12:00:00,UE00276,32.90878439420025,-96.94998900361767,XYZ401,B,-119,-3,117,102,Fair,1,9,latency_hotspot
2026-07-01 15:00:00,UE00279,32.976991655120194,-96.98021552002166,XYZ401,A,-125,3,230,113,Poor,4,31,latency_hotspot
2026-07-01 16:00:00,UE00280,32.90709533339945,-96.98810644953537,XYZ402,C,-103,9,361,86,Poor,5,55,latency_hotspot
2026-07-01 18:00:00,UE00282,32.95754833642496,-96.9688768269924,XYZ401,B,-97,7,274,99,Coverage_Hole,1,46,latency_hotspot
2026-07-01 19:00:00,UE00283,32.94576520849554,-97.03181892622707,XYZ402,B,-109,0,176,86,Good,2,21,latency_hotspot
2026-07-01 20:00:00,UE00284,32.90248806937191,-97.00979538202786,XYZ403,B,-110,4,271,107,Coverage_Hole,3,36,latency_hotspot
2026-07-01 23:00:00,UE00287,32.93516837933343,-97.01763961995024,XYZ403,B,-101,5,289,100,Fair,6,40,latency_hotspot
2026-07-01 01:00:00,UE00289,32.97289065647006,-97.00075112110288,XYZ402,A,-113,0,164,119,Fair,2,21,latency_hotspot
2026-07-01 02:00:00,UE00290,32.96900793632025,-96.95987380067072,XYZ403,A,-114,0,211,125,Coverage_Hole,3,20,latency_hotspot
2026-07-01 03:00:00,UE00291,32.90597860843062,-96.98553206184332,XYZ401,C,-105,0,198,81,Good,4,20,latency_hotspot
2026-07-01 05:00:00,UE00293,32.96958803361387,-97.00143514323511,XYZ403,B,-108,1,156,124,Coverage_Hole,6,22,latency_hotspot
2026-07-01 06:00:00,UE00294,32.909428291469574,-96.95999882721664,XYZ401,C,-110,2,181,100,Good,1,29,latency_hotspot
2026-07-01 07:00:00,UE00295,32.9654997176718,-96.99887557900776,XYZ402,A,-108,2,188,87,Poor,2,28,latency_hotspot
2026-07-01 08:00:00,UE00296,32.957372758255886,-97.01598159441134,XYZ403,B,-107,1,197,108,Good,3,22,latency_hotspot
2026-07-01 09:00:00,UE00297,32.94426141218228,-96.9814182667753,XYZ401,C,-88,22,611,95,Coverage_Hole,4,100,latency_hotspot
2026-07-01 10:00:00,UE00298,32.95614221793278,-96.9464946547578,XYZ402,C,-113,-2,153,124,Coverage_Hole,5,13,latency_hotspot
2026-07-01 14:00:00,UE00302,32.92943662454425,-96.94780278167008,XYZ403,A,-110,0,146,104,Fair,3,20,latency_hotspot
2026-07-01 18:00:00,UE00306,32.94749025655574,-97.00379667550844,XYZ401,C,-97,14,428,120,Excellent,1,74,latency_hotspot
2026-07-01 19:00:00,UE00307,32.925453738156754,-96.9531669975634,XYZ402,A,-105,8,367,126,Good,2,50,latency_hotspot
2026-07-01 22:00:00,UE00310,32.93533535225856,-97.02417619607093,XYZ402,C,-107,0,150,95,Good,5,21,latency_hotspot
2026-07-01 00:00:00,UE00312,32.94625937192951,-97.02202879811632,XYZ401,B,-110,4,244,83,Fair,1,37,latency_hotspot
2026-07-01 01:00:00,UE00313,32.94766903724373,-96.94465075408894,XYZ402,B,-116,3,260,84,Poor,2,30,latency_hotspot
2026-07-01 08:00:00,UE00320,32.89807535580203,-96.9831524664674,XYZ403,A,-107,2,252,117,Coverage_Hole,3,29,latency_hotspot
2026-07-01 09:00:00,UE00321,32.91680631315738,-96.9514259373966,XYZ401,C,-109,4,293,94,Excellent,4,37,latency_hotspot
2026-07-01 10:00:00,UE00322,32.90510503715675,-97.01643897934972,XYZ402,C,-120,0,149,92,Coverage_Hole,5,20,latency_hotspot
2026-07-01 17:00:00,UE00329,32.96238523474226,-96.97068721024232,XYZ403,B,-105,4,272,116,Fair,6,36,latency_hotspot
2026-07-01 19:00:00,UE00331,32.93611144783586,-97.01777344389724,XYZ402,C,-112,2,202,125,Coverage_Hole,2,28,latency_hotspot
2026-07-01 20:00:00,UE00332,32.90972826112371,-96.98632621340738,XYZ403,A,-99,4,264,93,Poor,3,36,latency_hotspot
2026-07-01 00:00:00,UE00336,32.905235863991095,-96.98575759454545,XYZ401,A,-107,1,209,85,Good,1,22,latency_hotspot
2026-07-01 01:00:00,UE00337,32.93184131102881,-97.00667086488812,XYZ402,B,-95,9,371,115,Excellent,2,55,latency_hotspot
2026-07-01 04:00:00,UE00340,32.93512245469169,-96.97895024244532,XYZ402,A,-83,19,435,101,Fair,5,92,latency_hotspot
2026-07-01 06:00:00,UE00342,32.91264449624091,-96.96101178238084,XYZ401,A,-106,5,222,81,Coverage_Hole,1,39,latency_hotspot
2026-07-01 07:00:00,UE00343,32.9477644361585,-96.99384631250298,XYZ402,C,-89,15,454,94,Excellent,2,75,latency_hotspot
2026-07-01 08:00:00,UE00344,32.976909871675105,-96.99022444332536,XYZ403,C,-114,0,155,83,Coverage_Hole,3,20,latency_hotspot
2026-07-01 09:00:00,UE00345,32.93210096941237,-96.96995872579087,XYZ401,A,-93,15,419,82,Coverage_Hole,4,77,latency_hotspot
2026-07-01 10:00:00,UE00346,32.95239196143822,-96.97077219021716,XYZ402,C,-95,8,320,91,Fair,5,49,latency_hotspot
2026-07-01 11:00:00,UE00347,32.92552309397601,-97.01246870902756,XYZ403,B,-91,7,329,90,Excellent,6,47,latency_hotspot
2026-07-01 13:00:00,UE00349,32.97828115510204,-96.98160943802552,XYZ402,C,-115,1,153,129,Coverage_Hole,2,23,latency_hotspot
2026-07-01 17:00:00,UE00353,32.90753658007935,-96.98962949361876,XYZ403,B,-103,6,309,107,Excellent,6,42,latency_hotspot
2026-07-01 20:00:00,UE00356,32.970475078791,-97.00418612439093,XYZ403,B,-114,2,239,123,Excellent,3,28,latency_hotspot
2026-07-01 22:00:00,UE00358,32.92187261568243,-97.01879618582872,XYZ402,C,-105,6,225,83,Excellent,5,41,latency_hotspot
2026-07-01 23:00:00,UE00359,32.95316656189867,-96.99000046915046,XYZ403,B,-87,8,298,98,Fair,6,49,latency_hotspot
2026-07-01 00:00:00,UE00360,32.93148628946382,-96.98582851835008,XYZ401,B,-79,21,647,114,Excellent,1,100,latency_hotspot
2026-07-01 02:00:00,UE00362,32.917653358135034,-97.03110506789577,XYZ403,C,-116,-8,45,89,Fair,3,5,latency_hotspot
2026-07-01 03:00:00,UE00363,32.914871262390115,-96.94072079119518,XYZ401,A,-112,0,212,123,Poor,4,20,latency_hotspot
2026-07-01 04:00:00,UE00364,32.91285388006917,-97.01648506110716,XYZ402,A,-106,0,159,89,Poor,5,20,latency_hotspot
2026-07-01 07:00:00,UE00367,32.9506938752069,-96.98784611998089,XYZ402,B,-92,13,365,96,Excellent,2,69,latency_hotspot
2026-07-01 09:00:00,UE00369,32.958234253046925,-96.9528969502373,XYZ401,C,-110,3,208,119,Good,4,31,latency_hotspot
2026-07-01 10:00:00,UE00370,32.955412888047526,-96.98516720365168,XYZ402,C,-99,11,334,111,Good,5,64,latency_hotspot
2026-07-01 11:00:00,UE00371,32.93459606797038,-96.99918893882148,XYZ403,C,-92,17,577,128,Coverage_Hole,6,84,latency_hotspot
2026-07-01 12:00:00,UE00372,32.92051893487438,-97.02624128365062,XYZ401,B,-111,1,192,82,Good,1,22,latency_hotspot
2026-07-01 16:00:00,UE00376,32.959661052343776,-96.98135333143274,XYZ402,A,-101,3,192,114,Excellent,5,31,latency_hotspot
2026-07-01 17:00:00,UE00377,32.96507876388636,-97.01550547544709,XYZ403,C,-116,-3,128,110,Good,6,10,latency_hotspot
2026-07-01 20:00:00,UE00380,32.94731039727283,-96.94685379231582,XYZ403,B,-104,3,210,117,Good,3,32,latency_hotspot
2026-07-01 01:00:00,UE00385,32.949770631433736,-96.98477850631517,XYZ402,C,-80,13,332,106,Excellent,2,68,latency_hotspot
2026-07-01 03:00:00,UE00387,32.90888278891191,-96.94906445267462,XYZ401,B,-109,1,204,94,Poor,4,22,latency_hotspot
2026-07-01 04:00:00,UE00388,32.9010857905997,-96.98016751673516,XYZ402,C,-114,4,280,81,Good,5,37,latency_hotspot
2026-07-01 08:00:00,UE00392,32.95708034989599,-97.02254894303896,XYZ403,C,-114,-3,146,107,Coverage_Hole,3,11,latency_hotspot
2026-07-01 09:00:00,UE00393,32.95448887718814,-97.0235453685804,XYZ401,B,-110,0,166,122,Good,4,20,latency_hotspot
2026-07-01 14:00:00,UE00398,32.9127892673026,-96.97796367557817,XYZ403,B,-93,8,309,124,Good,3,49,latency_hotspot
2026-07-01 18:00:00,UE00402,32.94193246829677,-96.96982170137912,XYZ401,B,-96,14,417,89,Coverage_Hole,1,74,latency_hotspot
2026-07-01 19:00:00,UE00403,32.9512116176177,-97.01139679565908,XYZ402,A,-104,6,302,89,Excellent,2,41,latency_hotspot
2026-07-01 20:00:00,UE00404,32.92926575639474,-96.96773619525656,XYZ403,C,-89,16,432,122,Coverage_Hole,3,82,latency_hotspot
2026-07-01 22:00:00,UE00406,32.95826609382782,-96.9785760033707,XYZ402,B,-110,8,330,112,Fair,5,49,latency_hotspot
2026-07-01 01:00:00,UE00409,32.91680100666311,-97.01657024740489,XYZ402,B,-104,-1,115,94,Good,2,15,latency_hotspot
2026-07-01 03:00:00,UE00411,32.96588977883424,-96.98350224890154,XYZ401,C,-102,8,298,102,Coverage_Hole,4,50,latency_hotspot
2026-07-01 04:00:00,UE00412,32.89608838923039,-96.97231449297762,XYZ402,C,-124,-2,145,99,Poor,5,12,latency_hotspot
2026-07-01 08:00:00,UE00416,32.93731143262475,-96.97850514039554,XYZ403,B,-80,18,494,111,Poor,3,90,latency_hotspot
2026-07-01 10:00:00,UE00418,32.92831276724131,-96.9465771778465,XYZ402,A,-111,-1,110,123,Good,5,14,latency_hotspot
2026-07-01 11:00:00,UE00419,32.95845163163444,-96.99115168836316,XYZ403,C,-100,9,418,97,Good,6,55,latency_hotspot
2026-07-01 12:00:00,UE00420,32.945070374015415,-97.03404910790498,XYZ401,A,-116,-3,148,85,Poor,1,10,latency_hotspot
2026-07-01 14:00:00,UE00422,32.92160772067309,-96.97100877181514,XYZ403,C,-97,5,268,97,Coverage_Hole,3,38,latency_hotspot
2026-07-01 17:00:00,UE00425,32.95397770894862,-97.00410880571025,XYZ403,C,-102,6,228,102,Poor,6,42,latency_hotspot
2026-07-01 19:00:00,UE00427,32.94411457259611,-96.941984085675,XYZ402,A,-112,4,230,90,Coverage_Hole,2,37,latency_hotspot
2026-07-01 20:00:00,UE00428,32.95763696655628,-96.95805531338785,XYZ403,A,-111,1,173,97,Poor,3,24,latency_hotspot
2026-07-01 21:00:00,UE00429,32.8996719256728,-96.96146338370109,XYZ401,A,-122,-2,127,82,Excellent,4,12,latency_hotspot
2026-07-01 01:00:00,UE00433,32.91351102545421,-96.97929700744731,XYZ402,A,-96,11,449,93,Poor,2,64,latency_hotspot
2026-07-01 03:00:00,UE00435,32.92301509623649,-96.99367706893258,XYZ401,A,-78,9,326,117,Fair,4,55,latency_hotspot
2026-07-01 05:00:00,UE00437,32.92917911741443,-96.94131301617628,XYZ403,A,-117,4,244,116,Excellent,6,36,latency_hotspot
2026-07-01 07:00:00,UE00439,32.92317762801693,-97.03012477980172,XYZ402,B,-117,0,177,90,Excellent,2,21,latency_hotspot
2026-07-01 09:00:00,UE00441,32.9664132255862,-97.01580131231523,XYZ401,C,-122,-8,48,86,Coverage_Hole,4,5,latency_hotspot
2026-07-01 11:00:00,UE00443,32.926196070793296,-96.9916839883446,XYZ403,A,-87,14,418,104,Fair,6,73,latency_hotspot
2026-07-01 12:00:00,UE00444,32.92650392171,-97.03153317439089,XYZ401,A,-111,0,164,87,Good,1,20,latency_hotspot
2026-07-01 15:00:00,UE00447,32.965143353657496,-96.98189119475552,XYZ401,A,-108,2,202,112,Good,4,28,latency_hotspot
2026-07-01 18:00:00,UE00450,32.94808892229954,-96.97319189540032,XYZ401,A,-87,11,345,96,Good,1,64,latency_hotspot
2026-07-01 19:00:00,UE00451,32.920348966505166,-97.0240720323386,XYZ402,C,-116,3,221,87,Good,2,32,latency_hotspot
2026-07-01 21:00:00,UE00453,32.969981997098415,-97.00285541733666,XYZ401,A,-111,1,148,128,Good,4,23,latency_hotspot
2026-07-01 23:00:00,UE00455,32.92338168095052,-97.0079784985869,XYZ403,A,-92,9,428,81,Good,6,56,latency_hotspot
2026-07-01 01:00:00,UE00457,32.936560650324154,-96.9392954751465,XYZ402,B,-114,-5,94,115,Fair,2,5,latency_hotspot
2026-07-01 02:00:00,UE00458,32.89219497481797,-96.97696361951228,XYZ403,C,-119,0,186,117,Poor,3,20,latency_hotspot
2026-07-01 04:00:00,UE00460,32.95851531827304,-96.94965852421306,XYZ402,C,-117,6,216,115,Good,5,41,latency_hotspot
2026-07-01 05:00:00,UE00461,32.924098493616924,-96.96766552050786,XYZ403,A,-97,11,420,121,Coverage_Hole,6,63,latency_hotspot
2026-07-01 08:00:00,UE00464,32.90261455468187,-96.97180569850646,XYZ403,C,-112,4,259,116,Excellent,3,37,latency_hotspot
2026-07-01 11:00:00,UE00467,32.95757899681117,-96.98554317753256,XYZ403,A,-99,12,429,81,Coverage_Hole,6,65,latency_hotspot
2026-07-01 12:00:00,UE00468,32.903309779479045,-96.95786611417562,XYZ401,C,-114,1,178,90,Coverage_Hole,1,22,latency_hotspot
2026-07-01 13:00:00,UE00469,32.95737223639195,-96.9934328353353,XYZ402,C,-89,12,326,101,Good,2,65,latency_hotspot
2026-07-01 15:00:00,UE00471,32.89671566892685,-96.99586838066696,XYZ401,A,-115,0,150,112,Fair,4,20,latency_hotspot
2026-07-01 16:00:00,UE00472,32.9664643541601,-97.00156820786526,XYZ402,B,-106,0,181,90,Poor,5,20,latency_hotspot
2026-07-01 17:00:00,UE00473,32.9321113932623,-97.00347143666464,XYZ403,B,-91,10,401,94,Excellent,6,58,latency_hotspot
2026-07-01 19:00:00,UE00475,32.89371427567811,-96.99643119932908,XYZ402,C,-112,-3,133,118,Coverage_Hole,2,10,latency_hotspot
2026-07-01 22:00:00,UE00478,32.928847530191675,-96.99750001979768,XYZ402,C,-89,10,392,93,Good,5,58,latency_hotspot
2026-07-01 00:00:00,UE00480,32.89348847091164,-96.9831925283163,XYZ401,C,-118,-2,136,121,Excellent,1,12,latency_hotspot
2026-07-01 01:00:00,UE00481,32.89654462059816,-96.98800804211248,XYZ402,B,-116,-1,128,98,Good,2,15,latency_hotspot
2026-07-01 06:00:00,UE00486,32.9344776962108,-96.9696903643205,XYZ401,B,-89,17,547,96,Coverage_Hole,1,84,latency_hotspot
2026-07-01 08:00:00,UE00488,32.93924986934887,-96.97512539544796,XYZ403,C,-86,9,288,126,Coverage_Hole,3,55,latency_hotspot
2026-07-01 09:00:00,UE00489,32.9386852695642,-96.96154895432994,XYZ401,B,-96,15,390,122,Fair,4,76,latency_hotspot
2026-07-01 11:00:00,UE00491,32.959272293091566,-97.00535373166144,XYZ403,A,-102,4,288,88,Poor,6,36,latency_hotspot
2026-07-01 13:00:00,UE00493,32.93422447823547,-97.01369843959606,XYZ402,C,-95,4,256,121,Coverage_Hole,2,36,latency_hotspot
2026-07-01 15:00:00,UE00495,32.922174567417386,-96.94951986817756,XYZ401,B,-106,1,169,87,Excellent,4,23,latency_hotspot
2026-07-01 17:00:00,UE00497,32.911538154876084,-97.0171322580877,XYZ403,C,-108,2,217,117,Good,6,28,latency_hotspot
2026-07-01 18:00:00,UE00498,32.90754187342184,-96.97398572418427,XYZ401,A,-108,3,261,128,Excellent,1,30,latency_hotspot
2026-07-01 22:00:00,UE00502,32.93475364110118,-97.013538359113,XYZ402,A,-102,6,229,117,Poor,5,42,latency_hotspot
2026-07-01 23:00:00,UE00503,32.9627303543028,-96.97255834345962,XYZ403,B,-107,0,212,104,Poor,6,21,latency_hotspot
2026-07-01 02:00:00,UE00506,32.92997906847214,-96.97660325196388,XYZ403,A,-82,13,367,122,Excellent,3,67,latency_hotspot
2026-07-01 03:00:00,UE00507,32.9142300943499,-97.0231757611554,XYZ401,B,-111,3,244,90,Good,4,30,latency_hotspot
2026-07-01 04:00:00,UE00508,32.91339250509313,-96.96786748571172,XYZ402,C,-102,1,155,124,Poor,5,22,latency_hotspot
2026-07-01 08:00:00,UE00512,32.939430894360775,-96.93749297911448,XYZ403,C,-116,-3,157,117,Excellent,3,11,latency_hotspot
2026-07-01 09:00:00,UE00513,32.91824558653366,-96.9520390962363,XYZ401,C,-106,3,240,111,Good,4,31,latency_hotspot
2026-07-01 12:00:00,UE00516,32.96521327717976,-97.00720420690892,XYZ401,B,-110,4,252,91,Fair,1,37,latency_hotspot
2026-07-01 13:00:00,UE00517,32.93478396538326,-97.03308505014472,XYZ402,A,-117,-2,157,101,Excellent,2,13,latency_hotspot
2026-07-01 17:00:00,UE00521,32.921958906693995,-96.98495992524448,XYZ403,B,-86,11,468,96,Good,6,64,latency_hotspot
2026-07-01 22:00:00,UE00526,32.93580747541038,-96.95844123933156,XYZ402,B,-101,5,263,97,Excellent,5,39,latency_hotspot
2026-07-01 23:00:00,UE00527,32.96639640262733,-97.01656801444224,XYZ403,B,-110,0,183,121,Poor,6,21,latency_hotspot
2026-07-01 00:00:00,UE00528,32.95106196346364,-96.94598984854343,XYZ401,A,-112,3,248,117,Coverage_Hole,1,32,latency_hotspot
2026-07-01 15:00:00,UE00543,32.917321969877904,-97.02496114187949,XYZ401,C,-116,0,206,91,Coverage_Hole,4,20,latency_hotspot
2026-07-01 19:00:00,UE00547,32.94352995165732,-97.00059591616808,XYZ402,A,-86,9,316,109,Excellent,2,55,latency_hotspot
2026-07-01 02:00:00,UE00554,32.895687024030074,-96.97162026434104,XYZ403,B,-124,2,181,107,Fair,3,29,latency_hotspot
2026-07-01 03:00:00,UE00555,32.936347777052625,-96.95296717297649,XYZ401,A,-102,8,254,82,Coverage_Hole,4,50,latency_hotspot
2026-07-01 07:00:00,UE00559,32.94155378209619,-97.02069404121094,XYZ402,C,-109,4,223,128,Good,2,36,latency_hotspot
2026-07-01 08:00:00,UE00560,32.94854122145863,-96.93825480901738,XYZ403,C,-113,1,185,110,Excellent,3,23,latency_hotspot
2026-07-01 09:00:00,UE00561,32.93098242756692,-96.96032720388982,XYZ401,A,-96,13,375,98,Poor,4,68,latency_hotspot
2026-07-01 10:00:00,UE00562,32.906571585187685,-96.97140444537132,XYZ402,C,-100,8,347,90,Fair,5,50,latency_hotspot
2026-07-01 12:00:00,UE00564,32.91064985364215,-96.95788981950676,XYZ401,C,-98,2,223,82,Good,1,28,latency_hotspot
2026-07-01 14:00:00,UE00566,32.90389346120491,-97.00146666033834,XYZ403,A,-108,2,265,104,Poor,3,28,latency_hotspot
2026-07-01 17:00:00,UE00569,32.90604217222607,-97.02126729779032,XYZ403,C,-122,-3,161,89,Coverage_Hole,6,9,latency_hotspot
2026-07-01 22:00:00,UE00574,32.96248902911693,-96.99607645416384,XYZ402,B,-103,0,194,88,Fair,5,21,latency_hotspot
2026-07-01 02:00:00,UE00578,32.959598457360016,-96.96229454674044,XYZ403,C,-105,9,348,102,Fair,3,55,latency_hotspot
2026-07-01 03:00:00,UE00579,32.92052937550006,-97.02438478900656,XYZ401,A,-104,1,185,92,Coverage_Hole,4,22,latency_hotspot
2026-07-01 04:00:00,UE00580,32.91928091448461,-96.99699759513682,XYZ402,B,-88,12,344,95,Coverage_Hole,5,65,latency_hotspot
2026-07-01 07:00:00,UE00583,32.92703169782377,-96.94402237216778,XYZ402,A,-116,1,145,103,Good,2,24,latency_hotspot
2026-07-01 11:00:00,UE00587,32.90622172798865,-96.9844084487846,XYZ403,C,-97,2,266,100,Poor,6,29,latency_hotspot
2026-07-01 12:00:00,UE00588,32.97059336230242,-96.96248410781249,XYZ401,B,-112,-4,101,112,Good,1,5,latency_hotspot
2026-07-01 15:00:00,UE00591,32.937424578410244,-96.96753869559367,XYZ401,A,-86,13,451,103,Poor,4,68,latency_hotspot
2026-07-01 16:00:00,UE00592,32.956619952091366,-96.94055463095332,XYZ402,A,-114,-4,106,109,Poor,5,5,latency_hotspot
2026-07-01 17:00:00,UE00593,32.946784695120286,-97.02016743941137,XYZ403,C,-103,7,342,102,Poor,6,48,latency_hotspot
2026-07-01 19:00:00,UE00595,32.96233869936766,-96.98493930514942,XYZ402,A,-102,3,217,90,Coverage_Hole,2,31,latency_hotspot
2026-07-01 20:00:00,UE00596,32.96425285934794,-97.01228721345107,XYZ403,C,-116,2,261,94,Fair,3,28,latency_hotspot
2026-07-01 23:00:00,UE00599,32.969215404539334,-96.97368987971666,XYZ403,A,-106,-2,109,112,Excellent,6,13,latency_hotspot
2026-07-01 02:00:00,UE00602,32.89969003213552,-97.00229282036254,XYZ403,A,-112,3,232,91,Poor,3,31,latency_hotspot
2026-07-01 03:00:00,UE00603,32.901150612768085,-96.98072479324804,XYZ401,A,-108,1,166,88,Excellent,4,23,latency_hotspot
2026-07-01 08:00:00,UE00608,32.9110302515216,-97.00582745716218,XYZ403,A,-103,2,239,106,Coverage_Hole,3,29,latency_hotspot
2026-07-01 10:00:00,UE00610,32.93233865283814,-97.00150935158555,XYZ402,C,-83,14,418,115,Coverage_Hole,5,74,latency_hotspot
2026-07-01 12:00:00,UE00612,32.947161094845534,-96.93726758116784,XYZ401,C,-120,0,201,90,Good,1,21,latency_hotspot
2026-07-01 14:00:00,UE00614,32.9311189976713,-97.01811794205392,XYZ403,B,-99,5,252,109,Excellent,3,38,latency_hotspot
2026-07-01 15:00:00,UE00615,32.95147531774392,-96.99836031744994,XYZ401,C,-96,14,402,91,Coverage_Hole,4,74,latency_hotspot
2026-07-01 16:00:00,UE00616,32.93337022889644,-96.9794867973438,XYZ402,A,-78,21,583,121,Poor,5,100,latency_hotspot
2026-07-01 19:00:00,UE00619,32.906196507676235,-96.98317288499427,XYZ402,C,-102,7,284,97,Fair,2,47,latency_hotspot
2026-07-01 22:00:00,UE00622,32.97684296253563,-96.9732918039898,XYZ402,C,-121,-3,161,126,Excellent,5,10,latency_hotspot
2026-07-01 02:00:00,UE00626,32.927485824089004,-97.00723185459724,XYZ403,A,-97,6,300,109,Coverage_Hole,3,41,latency_hotspot
2026-07-01 05:00:00,UE00629,32.9517682217836,-97.01583969830476,XYZ403,C,-107,8,303,84,Fair,6,50,latency_hotspot
2026-07-01 10:00:00,UE00634,32.95034261071301,-96.9626298194966,XYZ402,B,-101,7,335,88,Poor,5,47,latency_hotspot
2026-07-01 11:00:00,UE00635,32.96794051838288,-96.991139209292,XYZ403,C,-104,3,197,104,Fair,6,32,latency_hotspot
2026-07-01 22:00:00,UE00646,32.954009945367275,-96.96625129749368,XYZ402,A,-107,6,226,128,Coverage_Hole,5,41,latency_hotspot
2026-07-01 03:00:00,UE00651,32.954694248002475,-96.9822010708962,XYZ401,B,-88,1,152,129,Fair,4,24,latency_hotspot
2026-07-01 07:00:00,UE00655,32.96817162273859,-96.95724773135817,XYZ402,C,-113,-1,134,121,Fair,2,14,latency_hotspot
2026-07-01 09:00:00,UE00657,32.91211789735688,-96.96453450077,XYZ401,C,-102,10,312,86,Poor,4,58,latency_hotspot
2026-07-01 10:00:00,UE00658,32.8984370537306,-97.00322584250604,XYZ402,C,-109,2,222,97,Fair,5,29,latency_hotspot
2026-07-01 13:00:00,UE00661,32.93061233199012,-96.93965687544724,XYZ402,C,-113,-5,78,93,Coverage_Hole,2,5,latency_hotspot
2026-07-01 15:00:00,UE00663,32.93215537858311,-97.03455103110478,XYZ401,C,-114,-3,148,108,Fair,4,11,latency_hotspot
2026-07-01 16:00:00,UE00664,32.93603901018682,-96.97891382791396,XYZ402,B,-84,13,465,111,Coverage_Hole,5,69,latency_hotspot
2026-07-01 17:00:00,UE00665,32.95449557860754,-96.99650743013136,XYZ403,B,-97,10,301,90,Coverage_Hole,6,57,latency_hotspot
2026-07-01 18:00:00,UE00666,32.951562999118444,-96.93903834077108,XYZ401,B,-121,-1,130,107,Excellent,1,15,latency_hotspot
2026-07-01 22:00:00,UE00670,32.91790751960148,-96.95085398227369,XYZ402,A,-106,4,228,121,Good,5,36,latency_hotspot
2026-07-01 00:00:00,UE00672,32.953722890419776,-96.99202947717104,XYZ401,C,-101,10,328,96,Good,1,58,latency_hotspot
2026-07-01 04:00:00,UE00676,32.94281569794279,-96.99892867243024,XYZ402,B,-89,14,510,117,Good,5,73,latency_hotspot
2026-07-01 05:00:00,UE00677,32.955011761339314,-96.97991342719,XYZ403,C,-103,8,352,125,Excellent,6,49,latency_hotspot
2026-07-01 10:00:00,UE00682,32.93376646752286,-96.97975769077506,XYZ402,B,-86,12,425,122,Fair,5,66,latency_hotspot
2026-07-01 11:00:00,UE00683,32.947776533578136,-97.02657105056304,XYZ403,A,-108,-3,156,106,Coverage_Hole,6,10,latency_hotspot
2026-07-01 12:00:00,UE00684,32.92972071286078,-97.0281024021177,XYZ401,B,-105,4,286,86,Poor,1,37,latency_hotspot
2026-07-01 17:00:00,UE00689,32.94095053190264,-96.96893971840218,XYZ403,B,-92,11,406,98,Coverage_Hole,6,62,latency_hotspot
2026-07-01 19:00:00,UE00691,32.92899017434276,-96.99199183417616,XYZ402,B,-87,16,458,84,Fair,2,81,latency_hotspot
2026-07-01 20:00:00,UE00692,32.90866692572912,-96.99206898192612,XYZ403,C,-101,9,382,123,Excellent,3,56,latency_hotspot
2026-07-01 22:00:00,UE00694,32.96435981277453,-96.9787650233488,XYZ402,B,-106,10,318,119,Poor,5,58,latency_hotspot
2026-07-01 23:00:00,UE00695,32.93337997482135,-96.99070974246104,XYZ403,C,-76,13,380,128,Fair,6,68,latency_hotspot
2026-07-01 01:00:00,UE00697,32.92791714600627,-96.96776999046752,XYZ402,B,-95,13,383,129,Poor,2,67,latency_hotspot
2026-07-01 02:00:00,UE00698,32.967272360281285,-96.98848848348256,XYZ403,A,-104,5,239,103,Coverage_Hole,3,38,latency_hotspot
2026-07-01 06:00:00,UE00702,32.9313585823015,-96.93755317116084,XYZ401,A,-125,2,230,126,Excellent,1,29,latency_hotspot
2026-07-01 09:00:00,UE00705,32.92647010398685,-96.9509272213818,XYZ401,A,-110,4,227,127,Excellent,4,36,latency_hotspot
2026-07-01 10:00:00,UE00706,32.94957887893434,-96.95728351344036,XYZ402,A,-102,4,265,124,Excellent,5,36,latency_hotspot
2026-07-01 11:00:00,UE00707,32.926151833173485,-96.94654368242928,XYZ403,A,-104,4,273,112,Coverage_Hole,6,37,latency_hotspot
2026-07-01 14:00:00,UE00710,32.95931399340454,-96.99631248812015,XYZ403,C,-105,10,423,84,Fair,3,57,latency_hotspot
2026-07-01 15:00:00,UE00711,32.94698096029283,-96.99749808218206,XYZ401,C,-94,17,469,93,Fair,4,84,latency_hotspot
2026-07-01 20:00:00,UE00716,32.93138649113627,-96.94807016348436,XYZ403,B,-105,8,292,120,Coverage_Hole,3,49,latency_hotspot
2026-07-01 22:00:00,UE00718,32.90185120748384,-97.0158523989907,XYZ402,C,-120,2,237,107,Coverage_Hole,5,28,latency_hotspot
2026-07-01 04:00:00,UE00724,32.947319814708614,-96.97477293480542,XYZ402,C,-94,15,503,110,Coverage_Hole,5,77,latency_hotspot
2026-07-01 05:00:00,UE00725,32.89530677488416,-96.9892262102662,XYZ403,A,-116,-2,118,105,Poor,6,13,latency_hotspot
2026-07-01 07:00:00,UE00727,32.932390821047,-96.97470623284843,XYZ402,C,-89,15,415,92,Poor,2,76,latency_hotspot
2026-07-01 08:00:00,UE00728,32.92435090266844,-96.97798932332591,XYZ403,B,-88,15,512,114,Good,3,77,latency_hotspot
2026-07-01 11:00:00,UE00731,32.908352513873126,-96.95129727567873,XYZ403,C,-108,2,259,105,Excellent,6,29,latency_hotspot
2026-07-01 16:00:00,UE00736,32.95069780506886,-97.03004615353454,XYZ402,B,-120,2,232,117,Poor,5,29,latency_hotspot
2026-07-01 17:00:00,UE00737,32.96511476286395,-96.98008538035327,XYZ403,B,-110,7,289,127,Poor,6,47,latency_hotspot
2026-07-01 18:00:00,UE00738,32.92682004147149,-97.00327115832089,XYZ401,B,-95,12,335,116,Coverage_Hole,1,66,latency_hotspot
2026-07-01 19:00:00,UE00739,32.92007437000252,-97.001137626817,XYZ402,B,-92,16,450,95,Good,2,82,latency_hotspot
2026-07-01 21:00:00,UE00741,32.95127066891448,-97.0230501941162,XYZ401,B,-109,0,176,129,Coverage_Hole,4,21,latency_hotspot
2026-07-01 23:00:00,UE00743,32.917851484545565,-97.02300569533844,XYZ403,C,-112,2,180,83,Coverage_Hole,6,29,latency_hotspot
2026-07-01 01:00:00,UE00745,32.92767774217754,-96.99057589910952,XYZ402,B,-87,14,399,95,Fair,2,73,latency_hotspot
2026-07-01 02:00:00,UE00746,32.91987612748368,-96.96428549354498,XYZ403,C,-97,8,297,89,Fair,3,50,latency_hotspot
2026-07-01 04:00:00,UE00748,32.930623248602984,-97.03531941509176,XYZ402,B,-111,1,151,99,Poor,5,22,latency_hotspot
2026-07-01 07:00:00,UE00751,32.919650869418575,-96.97300563693211,XYZ402,B,-90,9,306,123,Good,2,55,latency_hotspot
2026-07-01 13:00:00,UE00757,32.956640691631144,-96.97872132913518,XYZ402,C,-94,6,239,97,Coverage_Hole,2,42,latency_hotspot
2026-07-01 16:00:00,UE00760,32.94242367138615,-96.95360666158273,XYZ402,B,-103,1,209,90,Good,5,23,latency_hotspot
2026-07-01 19:00:00,UE00763,32.90530324371859,-97.0125440544269,XYZ402,A,-108,-3,109,94,Coverage_Hole,2,11,latency_hotspot
2026-07-01 23:00:00,UE00767,32.938730271815174,-97.02309806360132,XYZ403,B,-109,3,226,98,Poor,6,31,latency_hotspot
2026-07-01 01:00:00,UE00769,32.9696805069131,-96.9767718688858,XYZ402,B,-111,0,199,114,Fair,2,20,latency_hotspot
2026-07-01 03:00:00,UE00771,32.94892897093552,-97.02624159184045,XYZ401,C,-108,-2,129,87,Coverage_Hole,4,13,latency_hotspot
2026-07-01 04:00:00,UE00772,32.92372379303535,-96.9905915433186,XYZ402,B,-92,13,408,117,Coverage_Hole,5,67,latency_hotspot
2026-07-01 05:00:00,UE00773,32.93773580947955,-97.01282210629284,XYZ403,A,-96,5,234,106,Good,6,39,latency_hotspot
2026-07-01 07:00:00,UE00775,32.93981994867269,-96.99911840130348,XYZ402,A,-85,17,538,91,Fair,2,85,latency_hotspot
2026-07-01 11:00:00,UE00779,32.924383984483704,-96.9624158524204,XYZ403,B,-97,4,271,106,Coverage_Hole,6,37,latency_hotspot
2026-07-01 13:00:00,UE00781,32.97117183706741,-97.00464436975912,XYZ402,C,-111,0,172,82,Excellent,2,21,latency_hotspot
2026-07-01 15:00:00,UE00783,32.93069965128293,-97.0044085479296,XYZ401,C,-99,11,444,97,Excellent,4,63,latency_hotspot
2026-07-01 17:00:00,UE00785,32.95303792000472,-96.9813167197637,XYZ403,A,-97,12,468,127,Coverage_Hole,6,65,latency_hotspot
2026-07-01 18:00:00,UE00786,32.97574131124109,-96.9978558938514,XYZ401,A,-119,-5,103,81,Fair,1,5,latency_hotspot
2026-07-01 19:00:00,UE00787,32.9250249861682,-96.97213960980116,XYZ402,B,-91,12,467,123,Excellent,2,65,latency_hotspot
2026-07-01 22:00:00,UE00790,32.93632288885553,-97.01860920424366,XYZ402,C,-106,3,213,88,Excellent,5,32,latency_hotspot
2026-07-01 03:00:00,UE00795,32.905502669062365,-96.99394824001688,XYZ401,C,-108,0,153,96,Fair,4,21,latency_hotspot
2026-07-01 04:00:00,UE00796,32.931390534867504,-96.9936535451345,XYZ402,A,-90,11,398,91,Good,5,62,latency_hotspot
2026-07-01 06:00:00,UE00798,32.92408078188722,-96.9991731486638,XYZ401,C,-93,13,440,129,Fair,1,67,latency_hotspot
2026-07-01 08:00:00,UE00800,32.97562617782443,-96.99239813750955,XYZ403,A,-115,4,292,107,Coverage_Hole,3,37,latency_hotspot
2026-07-01 09:00:00,UE00801,32.92642433978811,-97.02206526606098,XYZ401,C,-109,5,271,113,Poor,4,39,latency_hotspot
2026-07-01 13:00:00,UE00805,32.898176562059604,-96.98431043540226,XYZ402,C,-111,0,187,95,Excellent,2,21,latency_hotspot
2026-07-01 15:00:00,UE00807,32.9531708526876,-96.95368136814623,XYZ401,A,-104,0,164,92,Coverage_Hole,4,20,latency_hotspot
2026-07-01 16:00:00,UE00808,32.958959013642854,-96.98945719707378,XYZ402,C,-99,7,312,91,Excellent,5,47,latency_hotspot
2026-07-01 17:00:00,UE00809,32.97307833242315,-96.99270877357112,XYZ403,B,-111,-5,94,97,Poor,6,5,latency_hotspot
2026-07-01 18:00:00,UE00810,32.95129535456372,-97.00897704340277,XYZ401,B,-100,4,292,104,Good,1,37,latency_hotspot
2026-07-01 23:00:00,UE00815,32.90739133951664,-96.95978563607105,XYZ403,A,-109,5,235,123,Good,6,40,latency_hotspot
2026-07-01 01:00:00,UE00817,32.91418224722561,-97.0306387345222,XYZ402,B,-120,1,154,112,Fair,2,23,latency_hotspot
2026-07-01 04:00:00,UE00820,32.93095297932588,-97.03568708328352,XYZ402,B,-120,0,149,90,Good,5,21,latency_hotspot
2026-07-01 07:00:00,UE00823,32.912794202292254,-97.0101760739722,XYZ402,C,-99,5,273,99,Fair,2,39,latency_hotspot
2026-07-01 08:00:00,UE00824,32.96497331760718,-96.96814082987392,XYZ403,A,-105,5,221,119,Coverage_Hole,3,38,latency_hotspot
2026-07-01 13:00:00,UE00829,32.934334147040765,-96.9520764672079,XYZ402,A,-101,8,328,120,Good,2,49,latency_hotspot
2026-07-01 16:00:00,UE00832,32.92516487302562,-97.01124913744928,XYZ402,B,-98,10,391,107,Good,5,57,latency_hotspot
2026-07-01 17:00:00,UE00833,32.953024850809754,-96.97442363026308,XYZ403,B,-95,13,475,104,Good,6,68,latency_hotspot
2026-07-01 18:00:00,UE00834,32.90259118674205,-96.96479135216693,XYZ401,C,-116,3,217,102,Poor,1,32,latency_hotspot
2026-07-01 19:00:00,UE00835,32.90438788791149,-97.01705663971208,XYZ402,A,-117,-3,159,95,Coverage_Hole,2,10,latency_hotspot
2026-07-01 21:00:00,UE00837,32.95262519087931,-96.98757615867667,XYZ401,A,-93,9,365,116,Excellent,4,55,latency_hotspot
2026-07-01 00:00:00,UE00840,32.940082516411785,-96.93993076844296,XYZ401,A,-123,4,310,100,Poor,1,36,latency_hotspot
2026-07-01 01:00:00,UE00841,32.95492804339728,-96.95075994243768,XYZ402,A,-114,3,210,119,Fair,2,31,latency_hotspot
2026-07-01 07:00:00,UE00847,32.89537366812785,-96.99246106300252,XYZ402,A,-116,-2,121,125,Coverage_Hole,2,13,latency_hotspot
2026-07-01 13:00:00,UE00853,32.94338934911705,-97.02187978426424,XYZ402,C,-114,3,238,89,Good,2,32,latency_hotspot
2026-07-01 14:00:00,UE00854,32.90165639684218,-96.9942534285797,XYZ403,A,-111,8,337,128,Excellent,3,49,latency_hotspot
2026-07-01 15:00:00,UE00855,32.95808848139148,-97.01338497230503,XYZ401,B,-109,5,299,99,Good,4,40,latency_hotspot
2026-07-01 16:00:00,UE00856,32.92545842910059,-96.96236882469584,XYZ402,A,-94,8,296,98,Poor,5,49,latency_hotspot
2026-07-01 17:00:00,UE00857,32.95685980621879,-96.94267835425886,XYZ403,C,-111,-3,129,89,Good,6,10,latency_hotspot
2026-07-01 18:00:00,UE00858,32.9169049464404,-97.01808783948152,XYZ401,B,-110,0,161,124,Good,1,20,latency_hotspot
2026-07-01 01:00:00,UE00865,32.930881533812624,-97.01176013060388,XYZ402,C,-98,7,262,127,Good,2,48,latency_hotspot
2026-07-01 02:00:00,UE00866,32.9321566598422,-96.97469164132548,XYZ403,A,-96,19,460,93,Coverage_Hole,3,92,latency_hotspot
2026-07-01 05:00:00,UE00869,32.973633369408674,-96.99916723611358,XYZ403,C,-120,-2,129,90,Coverage_Hole,6,12,latency_hotspot
2026-07-01 09:00:00,UE00873,32.92515462733939,-96.96200350708328,XYZ401,C,-96,11,410,126,Poor,4,63,latency_hotspot
2026-07-01 10:00:00,UE00874,32.96873406527795,-97.00098131087476,XYZ402,C,-102,4,285,87,Good,5,36,latency_hotspot
2026-07-01 11:00:00,UE00875,32.920293231412614,-97.00646087383868,XYZ403,C,-103,9,377,114,Good,6,56,latency_hotspot
2026-07-01 14:00:00,UE00878,32.96915068607285,-97.00048147287436,XYZ403,C,-113,-3,140,125,Coverage_Hole,3,9,latency_hotspot
2026-07-01 19:00:00,UE00883,32.934018593680015,-96.93736821421896,XYZ402,B,-111,-2,130,118,Good,2,13,latency_hotspot
2026-07-01 21:00:00,UE00885,32.93986214019359,-97.0262418399046,XYZ401,A,-106,6,298,126,Excellent,4,42,latency_hotspot
2026-07-01 23:00:00,UE00887,32.92137431478808,-96.97851058897626,XYZ403,C,-90,16,432,105,Fair,6,81,latency_hotspot
2026-07-01 05:00:00,UE00893,32.93271943397979,-96.94182116436616,XYZ403,C,-111,3,212,82,Coverage_Hole,6,30,latency_hotspot
2026-07-01 06:00:00,UE00894,32.947229261203766,-97.01737706075254,XYZ401,B,-112,15,520,129,Fair,1,75,latency_hotspot
2026-07-01 08:00:00,UE00896,32.96322674607962,-97.02126797130316,XYZ403,A,-116,-2,126,101,Fair,3,12,latency_hotspot
2026-07-01 11:00:00,UE00899,32.9314708265337,-96.9527727956871,XYZ403,B,-101,8,320,119,Good,6,50,latency_hotspot
2026-07-01 14:00:00,UE00902,32.9151319874975,-96.94734605975196,XYZ403,A,-116,0,177,97,Excellent,3,21,latency_hotspot
2026-07-01 16:00:00,UE00904,32.9471500634972,-96.98086117051729,XYZ402,C,-90,12,354,95,Fair,5,65,latency_hotspot
2026-07-01 21:00:00,UE00909,32.94835537898301,-96.9775672884907,XYZ401,C,-91,18,522,89,Coverage_Hole,4,90,latency_hotspot
2026-07-01 22:00:00,UE00910,32.92126379939859,-97.03024715125974,XYZ402,B,-112,0,203,125,Poor,5,21,latency_hotspot
2026-07-01 23:00:00,UE00911,32.93472365834023,-96.95749120554974,XYZ403,C,-99,1,198,95,Excellent,6,22,latency_hotspot
2026-07-01 01:00:00,UE00913,32.91137151796156,-96.96877663636286,XYZ402,A,-110,9,415,107,Excellent,2,56,latency_hotspot
2026-07-01 03:00:00,UE00915,32.91925077325088,-96.98467097546155,XYZ401,C,-93,10,379,111,Good,4,58,latency_hotspot
2026-07-01 08:00:00,UE00920,32.935305415298934,-96.9462541235834,XYZ403,C,-100,0,147,83,Good,3,21,latency_hotspot
2026-07-01 09:00:00,UE00921,32.95541604282969,-96.98722086605642,XYZ401,A,-99,9,411,127,Poor,4,55,latency_hotspot
2026-07-01 10:00:00,UE00922,32.89936722974743,-97.00819780884515,XYZ402,C,-107,-4,72,81,Fair,5,5,latency_hotspot
2026-07-01 14:00:00,UE00926,32.960713877772776,-96.9629550035398,XYZ403,A,-101,5,234,116,Poor,3,40,latency_hotspot
2026-07-01 15:00:00,UE00927,32.94250276095301,-96.98690507425232,XYZ401,B,-82,11,470,106,Excellent,4,62,latency_hotspot
2026-07-01 17:00:00,UE00929,32.964129247605655,-96.977851831924,XYZ403,A,-107,3,204,82,Excellent,6,30,latency_hotspot
2026-07-01 22:00:00,UE00934,32.9639349241687,-96.9669750589244,XYZ402,B,-109,0,201,124,Excellent,5,21,latency_hotspot
2026-07-01 07:00:00,UE00943,32.93071946721705,-97.01969863163932,XYZ402,C,-105,2,252,117,Fair,2,28,latency_hotspot
2026-07-01 13:00:00,UE00949,32.914947523949145,-96.94002701998784,XYZ402,B,-118,-1,144,82,Excellent,2,14,latency_hotspot
2026-07-01 18:00:00,UE00954,32.92431064310229,-97.02707199946454,XYZ401,A,-110,8,326,91,Coverage_Hole,1,50,latency_hotspot
2026-07-01 19:00:00,UE00955,32.93038896754241,-96.96512569999456,XYZ402,C,-98,15,383,101,Fair,2,75,latency_hotspot
2026-07-01 20:00:00,UE00956,32.9194732567568,-97.00194491309448,XYZ403,A,-96,9,379,108,Excellent,3,54,latency_hotspot
2026-07-01 22:00:00,UE00958,32.928808979395,-96.99096821816768,XYZ402,B,-82,24,513,94,Excellent,5,100,latency_hotspot
2026-07-01 01:00:00,UE00961,32.903342946660864,-97.00292106981053,XYZ402,A,-108,0,146,85,Fair,2,20,latency_hotspot
2026-07-01 02:00:00,UE00962,32.932333302077225,-97.0090607826477,XYZ403,B,-94,6,252,110,Fair,3,41,latency_hotspot
2026-07-01 03:00:00,UE00963,32.96279237057307,-96.96252345065658,XYZ401,C,-106,2,211,98,Coverage_Hole,4,28,latency_hotspot
2026-07-01 04:00:00,UE00964,32.93746612943725,-96.99133779990676,XYZ402,C,-85,12,388,96,Coverage_Hole,5,66,latency_hotspot
2026-07-01 05:00:00,UE00965,32.92114277369578,-96.99532737079156,XYZ403,C,-90,10,304,111,Poor,6,57,latency_hotspot
2026-07-01 06:00:00,UE00966,32.928117736417384,-97.00545902775896,XYZ401,A,-96,14,396,101,Fair,1,73,latency_hotspot
2026-07-01 15:00:00,UE00975,32.97329788307907,-96.98077252283603,XYZ401,A,-115,2,200,125,Fair,4,29,latency_hotspot
2026-07-01 21:00:00,UE00981,32.9477954107163,-96.94748862743302,XYZ401,A,-107,0,166,118,Fair,4,21,latency_hotspot
2026-07-01 05:00:00,UE00989,32.932592674176604,-97.02437976070236,XYZ403,B,-110,3,228,109,Excellent,6,32,latency_hotspot
2026-07-01 07:00:00,UE00991,32.93318866234754,-97.0101415935304,XYZ402,A,-97,9,326,110,Coverage_Hole,2,54,latency_hotspot
2026-07-01 14:00:00,UE00998,32.94759037906831,-96.98467205592829,XYZ403,B,-89,13,383,85,Excellent,3,67,latency_hotspot
2026-07-01 15:00:00,UE00999,32.9425059401783,-96.96821245333594,XYZ401,B,-92,11,384,118,Coverage_Hole,4,62,latency_hotspot
2026-07-01 16:00:00,UE01000,32.9137043044815,-97.00712753053254,XYZ402,C,-102,10,422,85,Coverage_Hole,5,57,latency_hotspot
2026-07-01 18:00:00,UE01002,32.930513005701954,-96.98071733178566,XYZ401,A,-78,21,629,83,Excellent,1,100,latency_hotspot
2026-07-01 19:00:00,UE01003,32.91823388632441,-96.96680218886256,XYZ402,C,-104,6,267,102,Coverage_Hole,2,42,latency_hotspot
2026-07-01 21:00:00,UE01005,32.97522798241624,-96.9854998787826,XYZ401,B,-118,-2,140,123,Poor,4,12,latency_hotspot
2026-07-01 23:00:00,UE01007,32.90579714268873,-96.99359031478534,XYZ403,C,-100,4,229,116,Fair,6,36,latency_hotspot
2026-07-01 01:00:00,UE01009,32.95861147404872,-96.9708107892143,XYZ402,B,-102,8,335,124,Excellent,2,49,latency_hotspot
2026-07-01 02:00:00,UE01010,32.92831571507207,-96.97250666808196,XYZ403,B,-88,14,478,126,Poor,3,73,latency_hotspot
2026-07-01 06:00:00,UE01014,32.93109480830154,-96.96437292553944,XYZ401,A,-90,8,347,91,Coverage_Hole,1,50,latency_hotspot
2026-07-01 10:00:00,UE01018,32.89204855766774,-96.97946618286451,XYZ402,C,-110,0,202,89,Coverage_Hole,5,20,latency_hotspot
2026-07-01 12:00:00,UE01020,32.967242102416485,-96.984355232676,XYZ401,C,-109,1,169,85,Excellent,1,23,latency_hotspot
2026-07-01 15:00:00,UE01023,32.97114451317108,-96.99210679077298,XYZ401,A,-108,-1,128,127,Poor,4,16,latency_hotspot
2026-07-01 21:00:00,UE01029,32.91917750866494,-97.012560329958,XYZ401,A,-106,1,152,102,Excellent,4,24,latency_hotspot
2026-07-01 00:00:00,UE01032,32.97161704918841,-97.00592970296908,XYZ401,C,-117,-1,129,89,Poor,1,15,latency_hotspot
2026-07-01 01:00:00,UE01033,32.96944863050935,-96.96231948664264,XYZ402,C,-112,-2,139,104,Fair,2,13,latency_hotspot
2026-07-01 04:00:00,UE01036,32.917730606193295,-97.01234664344318,XYZ402,B,-107,1,211,118,Excellent,5,23,latency_hotspot
2026-07-01 07:00:00,UE01039,32.923452510085134,-97.02066067426784,XYZ402,B,-102,2,185,123,Fair,2,28,latency_hotspot
2026-07-01 10:00:00,UE01042,32.91586540626046,-96.98226249266592,XYZ402,B,-95,13,378,81,Coverage_Hole,5,68,latency_hotspot
2026-07-01 11:00:00,UE01043,32.91082732294035,-96.98699707588322,XYZ403,A,-101,11,462,112,Excellent,6,63,latency_hotspot
2026-07-01 14:00:00,UE01046,32.91727610164184,-97.00535935856968,XYZ403,C,-99,7,312,119,Excellent,3,46,latency_hotspot
2026-07-01 23:00:00,UE01055,32.948557777968844,-97.00105005868352,XYZ403,B,-100,12,329,81,Fair,6,65,latency_hotspot
2026-07-01 00:00:00,UE01056,32.91546361942111,-96.9755586984383,XYZ401,A,-98,10,352,90,Fair,1,58,latency_hotspot
2026-07-01 02:00:00,UE01058,32.90349286090977,-96.97729321905985,XYZ403,A,-108,4,260,87,Poor,3,37,latency_hotspot
2026-07-01 03:00:00,UE01059,32.89680443347402,-96.96101951157144,XYZ401,B,-119,0,162,94,Good,4,21,latency_hotspot
2026-07-01 04:00:00,UE01060,32.90393283195274,-97.00635637352836,XYZ402,A,-106,1,168,93,Coverage_Hole,5,24,latency_hotspot
2026-07-01 05:00:00,UE01061,32.93610317499431,-97.00768206037677,XYZ403,C,-95,8,296,85,Fair,6,50,latency_hotspot
2026-07-01 06:00:00,UE01062,32.929631906411615,-97.01715506387151,XYZ401,B,-109,8,334,116,Good,1,49,latency_hotspot
2026-07-01 11:00:00,UE01067,32.938963475775914,-96.95896344131864,XYZ403,C,-101,10,358,112,Good,6,58,latency_hotspot
2026-07-01 16:00:00,UE01072,32.949770225057605,-96.99139735422976,XYZ402,C,-88,15,445,100,Fair,5,76,latency_hotspot
2026-07-01 17:00:00,UE01073,32.93876083067757,-97.00486029812885,XYZ403,C,-94,11,414,96,Coverage_Hole,6,64,latency_hotspot
2026-07-01 18:00:00,UE01074,32.954315683941466,-96.99311048152045,XYZ401,A,-98,11,379,124,Poor,1,64,latency_hotspot
2026-07-01 23:00:00,UE01079,32.94358650281483,-97.0309732000203,XYZ403,B,-113,-3,122,113,Poor,6,11,latency_hotspot
2026-07-01 02:00:00,UE01082,32.92708858465351,-96.98331709712356,XYZ403,C,-89,16,592,103,Excellent,3,81,latency_hotspot
2026-07-01 03:00:00,UE01083,32.96142982121137,-96.98011495982476,XYZ401,A,-99,8,269,101,Coverage_Hole,4,50,latency_hotspot
2026-07-01 04:00:00,UE01084,32.95304252421131,-96.9512580718777,XYZ402,C,-111,0,180,107,Coverage_Hole,5,20,latency_hotspot
2026-07-01 08:00:00,UE01088,32.906125624939364,-96.99005560297486,XYZ403,A,-97,5,292,83,Coverage_Hole,3,40,latency_hotspot
2026-07-01 09:00:00,UE01089,32.89552513532752,-96.9688632598302,XYZ401,C,-118,-3,117,84,Good,4,10,latency_hotspot
2026-07-01 12:00:00,UE01092,32.915878480198764,-96.9468748564644,XYZ401,A,-112,-6,50,88,Fair,1,5,latency_hotspot
2026-07-01 13:00:00,UE01093,32.97051031898319,-96.9779660274156,XYZ402,C,-112,3,248,111,Coverage_Hole,2,31,latency_hotspot
2026-07-01 22:00:00,UE01102,32.91664822110077,-97.0086105113436,XYZ402,A,-94,3,267,82,Good,5,32,latency_hotspot
2026-07-01 01:00:00,UE01105,32.95880155692731,-96.97330205233294,XYZ402,A,-106,11,381,95,Poor,2,63,latency_hotspot
2026-07-01 04:00:00,UE01108,32.91876932195161,-96.94409601652497,XYZ402,B,-111,1,191,129,Good,5,23,latency_hotspot
2026-07-01 07:00:00,UE01111,32.90533008313018,-96.9763400908923,XYZ402,C,-108,5,282,109,Good,2,39,latency_hotspot
2026-07-01 08:00:00,UE01112,32.93396661808183,-96.95434790087518,XYZ403,B,-104,2,183,119,Fair,3,28,latency_hotspot
2026-07-01 16:00:00,UE01120,32.96530299315227,-96.96414617832876,XYZ402,C,-110,-2,115,111,Excellent,5,12,latency_hotspot
2026-07-01 18:00:00,UE01122,32.96391639588065,-96.95152519607394,XYZ401,C,-117,1,182,81,Excellent,1,23,latency_hotspot
2026-07-01 22:00:00,UE01126,32.95843306174473,-96.97885479208064,XYZ402,C,-99,10,309,87,Fair,5,58,latency_hotspot
2026-07-01 23:00:00,UE01127,32.9589771279646,-96.98366712276666,XYZ403,A,-99,15,526,90,Good,6,76,latency_hotspot
2026-07-01 00:00:00,UE01128,32.89707774551764,-96.99370085845908,XYZ401,C,-108,1,183,99,Coverage_Hole,1,23,latency_hotspot
2026-07-01 04:00:00,UE01132,32.941503267166595,-96.9954874476506,XYZ402,C,-86,18,439,102,Fair,5,89,latency_hotspot
2026-07-01 05:00:00,UE01133,32.96211016586614,-97.00432933380226,XYZ403,A,-108,4,223,124,Poor,6,37,latency_hotspot
2026-07-01 08:00:00,UE01136,32.917113707499034,-96.98451885504906,XYZ403,B,-92,11,451,119,Coverage_Hole,3,63,latency_hotspot
2026-07-01 11:00:00,UE01139,32.933271885439844,-96.9374654907654,XYZ403,B,-115,-8,47,109,Good,6,5,latency_hotspot
2026-07-01 12:00:00,UE01140,32.924091264398704,-97.01282783123062,XYZ401,B,-103,2,248,125,Excellent,1,29,latency_hotspot
2026-07-01 13:00:00,UE01141,32.938125357670096,-96.96612222235676,XYZ402,C,-95,12,391,110,Good,2,66,latency_hotspot
2026-07-01 14:00:00,UE01142,32.901607579279855,-97.01143744559975,XYZ403,B,-110,2,190,118,Excellent,3,29,latency_hotspot
2026-07-01 16:00:00,UE01144,32.97429683847577,-96.96438020755365,XYZ402,A,-118,0,192,86,Excellent,5,20,latency_hotspot
2026-07-01 17:00:00,UE01145,32.943702678603735,-96.95806782764222,XYZ403,B,-97,13,407,124,Good,6,68,latency_hotspot
2026-07-01 18:00:00,UE01146,32.91908124483642,-96.96628527747592,XYZ401,C,-98,14,434,87,Poor,1,73,latency_hotspot
2026-07-01 23:00:00,UE01151,32.93416608387681,-96.9529377427668,XYZ403,A,-97,5,284,88,Excellent,6,38,latency_hotspot
2026-07-01 01:00:00,UE01153,32.90515217104238,-96.99814606850724,XYZ402,B,-111,4,302,124,Good,2,37,latency_hotspot
2026-07-01 03:00:00,UE01155,32.897046807482674,-96.9899557985044,XYZ401,B,-107,2,231,115,Coverage_Hole,4,29,latency_hotspot
2026-07-01 06:00:00,UE01158,32.90497890301572,-96.9600083952092,XYZ401,C,-111,-3,160,83,Poor,1,11,latency_hotspot
2026-07-01 07:00:00,UE01159,32.92419127216493,-96.99010374207708,XYZ402,C,-85,13,481,97,Poor,2,68,latency_hotspot
2026-07-01 10:00:00,UE01162,32.93583420665305,-96.94353330803696,XYZ402,A,-103,0,166,86,Excellent,5,20,latency_hotspot
2026-07-01 11:00:00,UE01163,32.91775717961771,-96.97343106037448,XYZ403,B,-97,11,375,113,Fair,6,63,latency_hotspot
2026-07-01 12:00:00,UE01164,32.97265641058145,-96.97892595024238,XYZ401,C,-119,0,207,88,Coverage_Hole,1,21,latency_hotspot
2026-07-01 13:00:00,UE01165,32.902671394337524,-96.97699686809966,XYZ402,A,-104,2,186,92,Fair,2,29,latency_hotspot
2026-07-01 16:00:00,UE01168,32.93282021888468,-97.02221090666684,XYZ402,C,-102,13,475,100,Good,5,68,latency_hotspot
2026-07-01 19:00:00,UE01171,32.92453858076804,-96.97415410674154,XYZ402,C,-92,18,520,125,Good,2,90,latency_hotspot
2026-07-01 20:00:00,UE01172,32.908527125117025,-97.02241045746794,XYZ403,C,-117,1,167,82,Coverage_Hole,3,24,latency_hotspot
2026-07-01 22:00:00,UE01174,32.91325077688036,-96.98514805442346,XYZ402,C,-96,14,393,97,Excellent,5,74,latency_hotspot
2026-07-01 00:00:00,UE01176,32.95151115845855,-96.99525817454226,XYZ401,C,-94,8,286,83,Fair,1,50,latency_hotspot
2026-07-01 03:00:00,UE01179,32.92726295918761,-97.00223188915125,XYZ401,B,-94,8,271,102,Good,4,50,latency_hotspot
2026-07-01 04:00:00,UE01180,32.91493085136478,-96.95810377879148,XYZ402,B,-105,-2,144,117,Excellent,5,13,latency_hotspot
2026-07-01 07:00:00,UE01183,32.91465845196388,-96.98923150254925,XYZ402,C,-97,6,264,122,Coverage_Hole,2,41,latency_hotspot
2026-07-01 09:00:00,UE01185,32.93237857064674,-96.9550556035309,XYZ401,B,-105,4,292,103,Coverage_Hole,4,36,latency_hotspot
2026-07-01 15:00:00,UE01191,32.91748017042468,-96.99148231924669,XYZ401,C,-92,10,404,109,Poor,4,58,latency_hotspot
2026-07-01 23:00:00,UE01199,32.925496051977824,-96.99386057805638,XYZ403,A,-92,16,429,92,Poor,6,82,latency_hotspot
2026-07-01 00:00:00,UE01200,32.934106428130576,-97.03102044657072,XYZ401,A,-112,-4,78,95,Excellent,1,5,latency_hotspot
2026-07-01 01:00:00,UE01201,32.92146482289583,-96.95374732297482,XYZ402,C,-113,2,210,120,Good,2,29,latency_hotspot
2026-07-01 02:00:00,UE01202,32.92011085032514,-97.00237032119053,XYZ403,B,-97,9,420,111,Poor,3,55,latency_hotspot
2026-07-01 04:00:00,UE01204,32.93016886673486,-96.99386783862488,XYZ402,A,-84,19,475,94,Fair,5,91,latency_hotspot
2026-07-01 10:00:00,UE01210,32.91684441996383,-96.95863278644092,XYZ402,A,-110,6,270,86,Poor,5,41,latency_hotspot
2026-07-01 13:00:00,UE01213,32.92623674557799,-97.02180923172077,XYZ402,A,-102,1,177,125,Fair,2,23,latency_hotspot
2026-07-01 15:00:00,UE01215,32.94701481312261,-96.97986549572144,XYZ401,A,-92,7,252,96,Fair,4,47,latency_hotspot
2026-07-01 20:00:00,UE01220,32.92535245200734,-96.98516887995288,XYZ403,A,-85,15,474,99,Poor,3,76,latency_hotspot
2026-07-01 21:00:00,UE01221,32.90792207951505,-97.01201353497002,XYZ401,B,-106,5,247,126,Fair,4,40,latency_hotspot
2026-07-01 00:00:00,UE01224,32.91717092507105,-97.00643709689362,XYZ401,C,-110,7,266,106,Poor,1,46,latency_hotspot
2026-07-01 01:00:00,UE01225,32.957797966464184,-97.00560683889036,XYZ402,A,-108,3,252,90,Excellent,2,30,latency_hotspot
2026-07-01 04:00:00,UE01228,32.93092325448992,-96.95714950853996,XYZ402,C,-98,4,322,81,Excellent,5,37,latency_hotspot
2026-07-01 05:00:00,UE01229,32.93039473259665,-96.93965677459884,XYZ403,C,-118,2,234,129,Good,6,28,latency_hotspot
2026-07-01 07:00:00,UE01231,32.95139161205119,-96.9941932142857,XYZ402,C,-90,14,518,98,Good,2,74,latency_hotspot
2026-07-01 11:00:00,UE01235,32.93386102296446,-97.02716522243534,XYZ403,C,-113,1,147,87,Coverage_Hole,6,22,latency_hotspot
2026-07-01 12:00:00,UE01236,32.929419624733974,-97.00005980477152,XYZ401,B,-93,9,350,113,Excellent,1,55,latency_hotspot
2026-07-01 14:00:00,UE01238,32.95690255903313,-96.96309938176856,XYZ403,A,-103,4,241,125,Excellent,3,36,latency_hotspot
2026-07-01 17:00:00,UE01241,32.92917986745299,-97.02434899594611,XYZ403,B,-110,4,235,97,Poor,6,37,latency_hotspot
2026-07-01 18:00:00,UE01242,32.95792623626754,-96.9967085845938,XYZ401,B,-105,1,150,110,Poor,1,22,latency_hotspot
2026-07-01 20:00:00,UE01244,32.94566683950256,-96.94216080712263,XYZ403,B,-116,4,316,125,Good,3,36,latency_hotspot
2026-07-01 00:00:00,UE01248,32.929256654223515,-96.98060502031376,XYZ401,A,-84,17,445,91,Good,1,85,latency_hotspot
2026-07-01 05:00:00,UE01253,32.93535738780078,-97.03408050304245,XYZ403,C,-112,-4,79,121,Excellent,6,5,latency_hotspot
2026-07-01 06:00:00,UE01254,32.919382716603835,-97.02104334609396,XYZ401,A,-110,-2,120,91,Excellent,1,13,latency_hotspot
2026-07-01 11:00:00,UE01259,32.953266962077635,-96.94185581477716,XYZ403,C,-116,-1,111,124,Coverage_Hole,6,14,latency_hotspot
2026-07-01 12:00:00,UE01260,32.91866345370188,-96.98301237012016,XYZ401,B,-89,17,557,106,Fair,1,83,latency_hotspot
2026-07-01 20:00:00,UE01268,32.921334394949014,-96.94559843587318,XYZ403,A,-110,3,230,110,Excellent,3,31,latency_hotspot
2026-07-01 22:00:00,UE01270,32.90289856408585,-96.99640967743088,XYZ402,A,-107,1,146,101,Excellent,5,24,latency_hotspot
2026-07-01 00:00:00,UE01272,32.90046485329061,-97.00005677153472,XYZ401,A,-105,0,187,118,Excellent,1,21,latency_hotspot
2026-07-01 03:00:00,UE01275,32.943580148748616,-97.0250057670426,XYZ401,A,-111,0,156,83,Excellent,4,20,latency_hotspot
2026-07-01 06:00:00,UE01278,32.96465763758881,-97.0062153086026,XYZ401,A,-109,-2,147,114,Coverage_Hole,1,13,latency_hotspot
2026-07-01 07:00:00,UE01279,32.94184693892974,-96.96146257147328,XYZ402,A,-92,12,428,100,Good,2,65,latency_hotspot
2026-07-01 08:00:00,UE01280,32.91501189404271,-96.9563511007698,XYZ403,C,-106,3,187,95,Poor,3,32,latency_hotspot
2026-07-01 11:00:00,UE01283,32.9729854911855,-96.96279273740416,XYZ403,C,-114,4,310,82,Fair,6,36,latency_hotspot
2026-07-01 12:00:00,UE01284,32.956836845934376,-96.95506866209668,XYZ401,A,-109,6,229,114,Poor,1,42,latency_hotspot
2026-07-01 15:00:00,UE01287,32.93065815130105,-96.9426995434879,XYZ401,A,-115,7,288,106,Fair,4,47,latency_hotspot
2026-07-01 17:00:00,UE01289,32.90027763653699,-96.95840700997266,XYZ403,A,-117,-1,150,112,Fair,6,16,latency_hotspot
2026-07-01 18:00:00,UE01290,32.93846520871138,-97.00482633557034,XYZ401,C,-100,16,565,97,Good,1,82,latency_hotspot
2026-07-01 23:00:00,UE01295,32.96522143762827,-96.99902440432932,XYZ403,C,-106,1,204,85,Excellent,6,22,latency_hotspot
2026-07-01 04:00:00,UE01300,32.96184110230522,-96.98772409758512,XYZ402,C,-106,9,294,113,Coverage_Hole,5,56,latency_hotspot
2026-07-01 05:00:00,UE01301,32.916498109939205,-96.98116589243511,XYZ403,A,-95,14,464,106,Coverage_Hole,6,74,latency_hotspot
2026-07-01 09:00:00,UE01305,32.94632269285262,-96.99969443895954,XYZ401,C,-98,14,472,90,Poor,4,74,latency_hotspot
2026-07-01 10:00:00,UE01306,32.9048428471745,-96.96637288651594,XYZ402,B,-115,5,258,82,Poor,5,40,latency_hotspot
2026-07-01 12:00:00,UE01308,32.972739350700586,-96.96885416037148,XYZ401,B,-113,-4,74,112,Fair,1,5,latency_hotspot
2026-07-01 18:00:00,UE01314,32.959590993182964,-97.01329873738192,XYZ401,A,-108,4,320,117,Poor,1,37,latency_hotspot
2026-07-01 20:00:00,UE01316,32.95043831300189,-97.01765209688618,XYZ403,C,-106,8,303,92,Poor,3,49,latency_hotspot
2026-07-01 21:00:00,UE01317,32.94929389759128,-96.96911091504464,XYZ401,B,-99,10,292,93,Excellent,4,57,latency_hotspot
2026-07-01 23:00:00,UE01319,32.95631091715186,-97.00434403560284,XYZ403,B,-102,6,290,84,Good,6,41,latency_hotspot
2026-07-01 01:00:00,UE01321,32.92174801595104,-97.01336434631146,XYZ402,B,-101,10,327,104,Coverage_Hole,2,57,latency_hotspot
2026-07-01 03:00:00,UE01323,32.91705886384728,-96.95788236596177,XYZ401,C,-107,4,220,110,Good,4,36,latency_hotspot
2026-07-01 04:00:00,UE01324,32.939102155949115,-97.0337555734608,XYZ402,B,-113,-5,104,96,Fair,5,5,latency_hotspot
2026-07-01 05:00:00,UE01325,32.93811649219402,-96.99770005782749,XYZ403,B,-94,18,440,121,Coverage_Hole,6,90,latency_hotspot
2026-07-01 06:00:00,UE01326,32.97123480557632,-96.9753587532205,XYZ401,B,-113,-6,38,119,Good,1,5,latency_hotspot
2026-07-01 08:00:00,UE01328,32.899859733703074,-96.99429499931324,XYZ403,B,-107,-1,123,102,Fair,3,15,latency_hotspot
2026-07-01 09:00:00,UE01329,32.95085271641804,-97.00757523394834,XYZ401,B,-102,6,283,116,Excellent,4,42,latency_hotspot
2026-07-01 14:00:00,UE01334,32.950224261302445,-96.94597400724932,XYZ403,B,-112,0,190,106,Coverage_Hole,3,21,latency_hotspot
2026-07-01 18:00:00,UE01338,32.912093534298776,-96.99074149949416,XYZ401,A,-100,12,404,123,Poor,1,65,latency_hotspot
2026-07-01 20:00:00,UE01340,32.94061728926321,-97.0054878824509,XYZ403,C,-83,9,334,83,Excellent,3,56,latency_hotspot
2026-07-01 21:00:00,UE01341,32.95340636534609,-96.9939939831988,XYZ401,B,-97,10,295,118,Coverage_Hole,4,58,latency_hotspot
2026-07-01 23:00:00,UE01343,32.962572591546774,-96.97687222312832,XYZ403,C,-103,6,234,115,Good,6,42,latency_hotspot
2026-07-01 01:00:00,UE01345,32.91815231292574,-96.9722906506892,XYZ402,B,-98,8,296,92,Good,2,49,latency_hotspot
2026-07-01 05:00:00,UE01349,32.97171199822574,-96.99836702016988,XYZ403,B,-112,-2,120,97,Excellent,6,13,latency_hotspot
2026-07-01 08:00:00,UE01352,32.95303052958645,-96.99058281498496,XYZ403,B,-91,13,341,98,Good,3,68,latency_hotspot
2026-07-01 09:00:00,UE01353,32.93728339191095,-96.94465569517652,XYZ401,B,-115,1,163,91,Poor,4,23,latency_hotspot
2026-07-01 11:00:00,UE01355,32.9551137352498,-96.95362331186612,XYZ403,B,-111,4,283,118,Excellent,6,37,latency_hotspot
2026-07-01 17:00:00,UE01361,32.91328923169812,-97.00011577433564,XYZ403,C,-101,5,268,118,Good,6,40,latency_hotspot
2026-07-01 21:00:00,UE01365,32.92004393161677,-97.0273484337879,XYZ401,B,-122,-4,72,86,Excellent,4,5,latency_hotspot
2026-07-01 04:00:00,UE01372,32.92098558913625,-97.00392985051477,XYZ402,A,-101,15,484,83,Coverage_Hole,5,76,latency_hotspot
2026-07-01 07:00:00,UE01375,32.96950662124675,-97.0054233186288,XYZ402,B,-113,0,177,88,Good,2,21,latency_hotspot
2026-07-01 08:00:00,UE01376,32.955839739067315,-96.96582106108433,XYZ403,A,-105,10,381,100,Poor,3,58,latency_hotspot
2026-07-01 09:00:00,UE01377,32.94632101419398,-96.96435388335703,XYZ401,A,-94,12,342,86,Good,4,66,latency_hotspot
2026-07-01 10:00:00,UE01378,32.93339064439597,-97.01077489011702,XYZ402,A,-96,9,379,103,Fair,5,55,latency_hotspot
2026-07-01 14:00:00,UE01382,32.91603366399793,-96.99634280708928,XYZ403,A,-99,9,418,96,Excellent,3,56,latency_hotspot
2026-07-01 16:00:00,UE01384,32.89300531470643,-96.97681832958382,XYZ402,A,-120,-6,53,104,Poor,5,5,latency_hotspot
2026-07-01 19:00:00,UE01387,32.920554938834975,-96.93917330871729,XYZ402,A,-114,-2,158,89,Coverage_Hole,2,12,latency_hotspot
2026-07-01 20:00:00,UE01388,32.94929112381892,-96.94888446519012,XYZ403,B,-100,1,192,111,Fair,3,23,latency_hotspot
2026-07-01 03:00:00,UE01395,32.914236422370735,-97.0107238822802,XYZ401,C,-107,6,241,113,Good,4,41,latency_hotspot
2026-07-01 05:00:00,UE01397,32.9753023377056,-96.98230971881804,XYZ403,A,-115,0,162,102,Poor,6,20,latency_hotspot
2026-07-01 11:00:00,UE01403,32.95588367908511,-96.97954753553915,XYZ403,C,-93,6,271,119,Fair,6,42,latency_hotspot
2026-07-01 12:00:00,UE01404,32.94030096855723,-97.01598172384604,XYZ401,B,-98,5,271,86,Poor,1,38,latency_hotspot
2026-07-01 14:00:00,UE01406,32.948084882133834,-97.02223820829242,XYZ403,C,-105,8,292,101,Excellent,3,49,latency_hotspot
2026-07-01 15:00:00,UE01407,32.905137016389936,-96.97808904126424,XYZ401,B,-106,3,189,95,Excellent,4,30,latency_hotspot
2026-07-01 16:00:00,UE01408,32.917798465052726,-96.97688069971842,XYZ402,C,-95,15,490,116,Coverage_Hole,5,77,latency_hotspot
2026-07-01 18:00:00,UE01410,32.964588851057044,-97.00102088069649,XYZ401,B,-107,3,192,89,Coverage_Hole,1,31,latency_hotspot
2026-07-01 20:00:00,UE01412,32.95611423238744,-97.02315058288904,XYZ403,B,-112,5,291,117,Good,3,39,latency_hotspot
2026-07-01 21:00:00,UE01413,32.94040977124892,-97.00758161073831,XYZ401,C,-94,10,419,98,Good,4,57,latency_hotspot
2026-07-01 22:00:00,UE01414,32.958673422802214,-96.9629293043639,XYZ402,A,-103,6,238,89,Fair,5,42,latency_hotspot
2026-07-01 00:00:00,UE01416,32.94126058154021,-96.99597300700832,XYZ401,C,-94,19,578,119,Excellent,1,93,latency_hotspot
2026-07-01 03:00:00,UE01419,32.923114894630054,-96.9778415018139,XYZ401,C,-89,15,516,116,Good,4,75,latency_hotspot
2026-07-01 07:00:00,UE01423,32.91239760513125,-97.01817438180998,XYZ402,B,-105,-3,111,100,Fair,2,11,latency_hotspot
2026-07-01 09:00:00,UE01425,32.97169319067929,-96.99250013182856,XYZ401,C,-103,0,153,116,Excellent,4,21,latency_hotspot
2026-07-01 10:00:00,UE01426,32.94401645930268,-96.95587673474928,XYZ402,A,-107,5,288,129,Poor,5,39,latency_hotspot
2026-07-01 14:00:00,UE01430,32.94946668165345,-97.01599146518124,XYZ403,C,-101,2,216,107,Fair,3,29,latency_hotspot
2026-07-01 15:00:00,UE01431,32.957953372390314,-96.95762210863246,XYZ401,C,-109,2,249,87,Good,4,28,latency_hotspot
2026-07-01 16:00:00,UE01432,32.97029138580215,-96.99809956778368,XYZ402,C,-113,0,205,93,Poor,5,21,latency_hotspot
2026-07-01 17:00:00,UE01433,32.92681457339389,-96.9886178453812,XYZ403,C,-87,14,522,102,Poor,6,73,latency_hotspot
2026-07-01 21:00:00,UE01437,32.901674023107475,-96.97714773658872,XYZ401,C,-106,4,308,122,Good,4,36,latency_hotspot
2026-07-01 23:00:00,UE01439,32.967909339885416,-96.97523310899372,XYZ403,C,-107,1,155,122,Poor,6,23,latency_hotspot
2026-07-01 04:00:00,UE01444,32.93516771846946,-97.03544715981798,XYZ402,A,-111,-7,50,108,Poor,5,5,latency_hotspot
2026-07-01 07:00:00,UE01447,32.91374642653088,-96.98799683438912,XYZ402,C,-98,13,470,108,Coverage_Hole,2,68,latency_hotspot
2026-07-01 10:00:00,UE01450,32.937902396758254,-96.9428902794397,XYZ402,A,-105,1,201,86,Excellent,5,23,latency_hotspot
2026-07-01 16:00:00,UE01456,32.931423468212934,-97.00714368466429,XYZ402,A,-90,13,349,85,Poor,5,69,latency_hotspot
2026-07-01 17:00:00,UE01457,32.93780734597222,-96.97005011691752,XYZ403,A,-92,17,461,125,Excellent,6,85,latency_hotspot
2026-07-01 18:00:00,UE01458,32.963068137239034,-97.00277095718864,XYZ401,C,-105,0,199,120,Fair,1,21,latency_hotspot
2026-07-01 00:00:00,UE01464,32.97585332571462,-96.9680702491059,XYZ401,B,-114,-5,73,85,Fair,1,5,latency_hotspot
2026-07-01 04:00:00,UE01468,32.90796272930811,-96.9858919034493,XYZ402,B,-98,2,182,83,Good,5,28,latency_hotspot
2026-07-01 06:00:00,UE01470,32.93236600226264,-96.95628754986711,XYZ401,A,-102,4,301,91,Poor,1,36,latency_hotspot
2026-07-01 10:00:00,UE01474,32.95120991447712,-96.97003115311104,XYZ402,A,-93,9,376,125,Fair,5,55,latency_hotspot
2026-07-01 13:00:00,UE01477,32.93455143430008,-96.94132114260336,XYZ402,B,-111,2,216,109,Fair,2,29,latency_hotspot
2026-07-01 15:00:00,UE01479,32.94802463111882,-97.01073560524084,XYZ401,B,-104,11,476,93,Poor,4,63,latency_hotspot
2026-07-01 17:00:00,UE01481,32.93584964424016,-96.9384182577497,XYZ403,C,-106,-3,147,105,Fair,6,11,latency_hotspot
2026-07-01 20:00:00,UE01484,32.96253904462117,-97.0020948566229,XYZ403,C,-104,0,155,123,Poor,3,20,latency_hotspot
2026-07-01 05:00:00,UE01493,32.94346464675345,-96.97603934249584,XYZ403,B,-87,17,573,121,Poor,6,83,latency_hotspot
2026-07-01 06:00:00,UE01494,32.94250516952306,-96.96977418817237,XYZ401,A,-99,11,393,123,Fair,1,63,latency_hotspot
2026-07-01 07:00:00,UE01495,32.94463179553628,-97.00635397771435,XYZ402,A,-95,12,469,121,Excellent,2,66,latency_hotspot
2026-07-01 12:00:00,UE01500,32.933314401417995,-96.96812424081998,XYZ401,C,-95,11,361,95,Fair,1,64,latency_hotspot
2026-07-01 13:00:00,UE01501,32.94442701643234,-97.00848597776536,XYZ402,B,-96,9,402,105,Poor,2,56,latency_hotspot
2026-07-01 14:00:00,UE01502,32.93283844969841,-96.99687487667912,XYZ403,B,-82,16,574,105,Excellent,3,82,latency_hotspot
2026-07-01 15:00:00,UE01503,32.926740527296815,-97.02666528778572,XYZ401,C,-110,2,241,113,Poor,4,29,latency_hotspot
2026-07-01 16:00:00,UE01504,32.951771794942466,-97.00771294561908,XYZ402,C,-101,5,318,108,Good,5,38,latency_hotspot
2026-07-01 19:00:00,UE01507,32.94212699787428,-96.93984703544815,XYZ402,A,-114,0,212,107,Excellent,2,20,latency_hotspot
2026-07-01 02:00:00,UE01514,32.93014724966901,-96.98693390511804,XYZ403,B,-83,17,566,85,Good,3,85,latency_hotspot
2026-07-01 10:00:00,UE01522,32.906324562176025,-96.97623448511064,XYZ402,B,-109,5,255,94,Good,5,39,latency_hotspot
2026-07-01 12:00:00,UE01524,32.96765567802657,-96.99059188290364,XYZ401,A,-111,6,282,99,Coverage_Hole,1,41,latency_hotspot
2026-07-01 13:00:00,UE01525,32.94849297266115,-96.98769057845816,XYZ402,B,-92,11,336,89,Coverage_Hole,2,63,latency_hotspot
2026-07-01 14:00:00,UE01526,32.9699657473709,-96.98609080027988,XYZ403,C,-113,0,156,96,Poor,3,20,latency_hotspot
2026-07-01 19:00:00,UE01531,32.94174598022476,-96.97630163442302,XYZ402,A,-88,11,345,118,Fair,2,63,latency_hotspot
2026-07-01 21:00:00,UE01533,32.9649296388125,-96.99016637166024,XYZ401,B,-106,8,276,119,Fair,4,49,latency_hotspot
2026-07-01 22:00:00,UE01534,32.89753045677865,-96.9895098275742,XYZ402,A,-111,0,209,90,Coverage_Hole,5,20,latency_hotspot
2026-07-01 00:00:00,UE01536,32.90468974902028,-96.95206410594862,XYZ401,B,-112,3,187,102,Good,1,32,latency_hotspot
2026-07-01 02:00:00,UE01538,32.95769510799183,-96.96554289441832,XYZ403,A,-103,8,326,105,Coverage_Hole,3,50,latency_hotspot
2026-07-01 05:00:00,UE01541,32.93699886564386,-96.94547475701134,XYZ403,A,-112,0,153,84,Poor,6,20,latency_hotspot
2026-07-01 13:00:00,UE01549,32.91137245473179,-96.9730970923515,XYZ402,B,-101,6,222,101,Good,2,42,latency_hotspot
2026-07-01 15:00:00,UE01551,32.89582412809886,-96.9700827540303,XYZ401,A,-118,0,181,113,Fair,4,21,latency_hotspot
2026-07-01 18:00:00,UE01554,32.90770698218012,-96.95753174948852,XYZ401,A,-108,1,182,92,Fair,1,24,latency_hotspot
2026-07-01 21:00:00,UE01557,32.96907932104893,-97.00319101321,XYZ401,C,-109,3,229,117,Fair,4,31,latency_hotspot
2026-07-01 01:00:00,UE01561,32.940047725393136,-96.95567217558134,XYZ402,A,-106,3,246,94,Coverage_Hole,2,31,latency_hotspot
2026-07-01 02:00:00,UE01562,32.93769758244427,-96.94032480423952,XYZ403,B,-109,2,244,129,Poor,3,29,latency_hotspot
2026-07-01 06:00:00,UE01566,32.89736012023916,-96.96219056832447,XYZ401,A,-111,-5,78,95,Fair,1,5,latency_hotspot
2026-07-01 07:00:00,UE01567,32.912579803130185,-96.97524840107693,XYZ402,A,-97,5,253,105,Fair,2,40,latency_hotspot
2026-07-01 12:00:00,UE01572,32.953344406737806,-96.96577318858694,XYZ401,B,-101,9,370,89,Fair,1,55,latency_hotspot
2026-07-01 13:00:00,UE01573,32.92665844675039,-97.01154040210474,XYZ402,C,-97,5,280,84,Coverage_Hole,2,39,latency_hotspot
2026-07-01 15:00:00,UE01575,32.95088213193029,-96.9978989441292,XYZ401,B,-96,10,378,96,Coverage_Hole,4,58,latency_hotspot
2026-07-01 17:00:00,UE01577,32.91146102831762,-97.01027544017452,XYZ403,A,-108,5,268,83,Excellent,6,39,latency_hotspot
2026-07-01 21:00:00,UE01581,32.92039138363585,-96.94046713448786,XYZ401,C,-119,0,196,108,Fair,4,20,latency_hotspot
2026-07-01 22:00:00,UE01582,32.9399801463205,-97.03277956384774,XYZ402,A,-114,1,208,127,Fair,5,23,latency_hotspot
2026-07-01 00:00:00,UE01584,32.93691412215894,-96.9864749635136,XYZ401,A,-75,17,559,109,Fair,1,85,latency_hotspot
2026-07-01 01:00:00,UE01585,32.93859283327564,-97.01360848508314,XYZ402,B,-98,10,343,85,Coverage_Hole,2,57,latency_hotspot
2026-07-01 02:00:00,UE01586,32.91196646267884,-96.99055382105446,XYZ403,A,-100,10,388,115,Good,3,58,latency_hotspot
2026-07-01 04:00:00,UE01588,32.945008273734004,-97.03555406697278,XYZ402,A,-121,-5,102,83,Excellent,5,5,latency_hotspot
2026-07-01 09:00:00,UE01593,32.971890925258144,-97.00821536361804,XYZ401,C,-114,-4,93,129,Excellent,4,5,latency_hotspot
2026-07-01 10:00:00,UE01594,32.9655522309267,-97.00232116439612,XYZ402,C,-109,6,261,115,Poor,5,41,latency_hotspot
2026-07-01 12:00:00,UE01596,32.92442416254374,-96.98276929513302,XYZ401,C,-91,14,407,127,Poor,1,74,latency_hotspot
2026-07-01 14:00:00,UE01598,32.92122433880224,-97.01000302519748,XYZ403,B,-97,4,301,125,Fair,3,37,latency_hotspot
2026-07-01 16:00:00,UE01600,32.900869458888046,-96.98662962685258,XYZ402,B,-113,0,201,124,Excellent,5,20,latency_hotspot
2026-07-01 17:00:00,UE01601,32.97457229256956,-96.99457076457736,XYZ403,B,-109,2,236,120,Coverage_Hole,6,28,latency_hotspot
2026-07-01 20:00:00,UE01604,32.9710047066673,-96.9654172013112,XYZ403,B,-111,1,191,87,Fair,3,24,latency_hotspot
2026-07-01 23:00:00,UE01607,32.93579198784904,-96.94872767485514,XYZ403,C,-112,9,349,90,Coverage_Hole,6,56,latency_hotspot
2026-07-01 00:00:00,UE01608,32.91397735765504,-96.9571130140818,XYZ401,C,-110,8,372,105,Good,1,49,latency_hotspot
2026-07-01 01:00:00,UE01609,32.945164232557055,-96.97066955081706,XYZ402,A,-92,11,422,126,Fair,2,62,latency_hotspot
2026-07-01 03:00:00,UE01611,32.91200158835833,-96.94492901329868,XYZ401,B,-111,-2,136,120,Excellent,4,12,latency_hotspot
2026-07-01 05:00:00,UE01613,32.91392923274476,-96.99776458345572,XYZ403,A,-104,5,304,114,Fair,6,39,latency_hotspot
2026-07-01 06:00:00,UE01614,32.97477127731419,-97.00268892774002,XYZ401,A,-114,0,187,120,Coverage_Hole,1,20,latency_hotspot
2026-07-01 08:00:00,UE01616,32.9189054978393,-96.98360766881513,XYZ403,C,-95,11,411,83,Excellent,3,63,latency_hotspot
2026-07-01 13:00:00,UE01621,32.91897047185649,-96.93838159733156,XYZ402,B,-117,-8,36,129,Poor,2,5,latency_hotspot
2026-07-01 14:00:00,UE01622,32.90649079040388,-96.99175494292408,XYZ403,B,-109,5,275,98,Good,3,38,latency_hotspot
2026-07-01 15:00:00,UE01623,32.94853931354253,-97.002896867885,XYZ401,B,-90,12,428,107,Excellent,4,65,latency_hotspot
2026-07-01 17:00:00,UE01625,32.910642895853336,-96.9751928611673,XYZ403,B,-105,6,305,81,Coverage_Hole,6,41,latency_hotspot
2026-07-01 18:00:00,UE01626,32.90611108939416,-96.94677074321692,XYZ401,B,-110,-4,104,115,Good,1,5,latency_hotspot
2026-07-01 20:00:00,UE01628,32.95936743488316,-97.00905671738634,XYZ403,A,-112,4,285,82,Poor,3,36,latency_hotspot
2026-07-01 21:00:00,UE01629,32.950771203537975,-97.00593704333927,XYZ401,C,-100,9,385,114,Coverage_Hole,4,55,latency_hotspot
2026-07-01 23:00:00,UE01631,32.94112869289459,-96.99224036991146,XYZ403,C,-88,19,480,113,Good,6,92,latency_hotspot
2026-07-01 04:00:00,UE01636,32.9441176826554,-97.03412671331128,XYZ402,A,-120,3,243,94,Coverage_Hole,5,32,latency_hotspot
2026-07-01 05:00:00,UE01637,32.9627766958296,-96.99419839982323,XYZ403,B,-107,4,285,114,Poor,6,37,latency_hotspot
2026-07-01 07:00:00,UE01639,32.96766880752444,-96.98689740698671,XYZ402,B,-107,7,326,127,Excellent,2,47,latency_hotspot
2026-07-01 10:00:00,UE01642,32.90093071912699,-97.00221746312096,XYZ402,A,-114,5,250,92,Poor,5,40,latency_hotspot
2026-07-01 18:00:00,UE01650,32.92034730019864,-97.00334578742851,XYZ401,C,-103,11,350,107,Poor,1,62,latency_hotspot
2026-07-01 19:00:00,UE01651,32.937368351820645,-97.00266578987952,XYZ402,C,-89,17,542,92,Fair,2,85,latency_hotspot
2026-07-01 21:00:00,UE01653,32.94416909180773,-97.01708485758694,XYZ401,B,-100,1,160,97,Coverage_Hole,4,23,latency_hotspot
2026-07-01 23:00:00,UE01655,32.96879065723931,-96.9631892146179,XYZ403,C,-112,-3,145,105,Poor,6,10,latency_hotspot
2026-07-01 01:00:00,UE01657,32.918608110630274,-96.98417529854534,XYZ402,B,-89,11,354,106,Coverage_Hole,2,62,latency_hotspot
2026-07-01 04:00:00,UE01660,32.942646806165435,-96.94665045602446,XYZ402,B,-107,1,156,102,Fair,5,23,latency_hotspot
2026-07-01 06:00:00,UE01662,32.95888005042463,-96.96602947702526,XYZ401,B,-101,7,277,92,Excellent,1,47,latency_hotspot
2026-07-01 07:00:00,UE01663,32.9092291509719,-96.98499396497073,XYZ402,A,-103,5,301,118,Fair,2,40,latency_hotspot
2026-07-01 10:00:00,UE01666,32.93934537318748,-96.9848732348734,XYZ402,C,-76,21,650,127,Coverage_Hole,5,99,latency_hotspot
2026-07-01 11:00:00,UE01667,32.944289695093794,-96.95756515233543,XYZ403,A,-103,10,347,96,Poor,6,58,latency_hotspot
2026-07-01 12:00:00,UE01668,32.94050666382545,-96.97616230809749,XYZ401,B,-86,15,501,113,Good,1,77,latency_hotspot
2026-07-01 13:00:00,UE01669,32.913756442830376,-96.9478447829494,XYZ402,C,-114,-2,160,99,Coverage_Hole,2,13,latency_hotspot
2026-07-01 14:00:00,UE01670,32.93842913417608,-96.95251137075763,XYZ403,B,-100,2,239,125,Poor,3,29,latency_hotspot
2026-07-01 16:00:00,UE01672,32.96063608509701,-96.97252383630334,XYZ402,A,-102,9,337,96,Excellent,5,55,latency_hotspot
2026-07-01 17:00:00,UE01673,32.94328942306873,-96.97340703683116,XYZ403,A,-92,9,328,111,Poor,6,54,latency_hotspot
2026-07-01 23:00:00,UE01679,32.9254893906781,-96.9505220987572,XYZ403,A,-107,7,343,92,Coverage_Hole,6,46,latency_hotspot
2026-07-01 01:00:00,UE01681,32.94130802375281,-96.98191351655456,XYZ402,B,-83,18,541,102,Poor,2,89,latency_hotspot
2026-07-01 02:00:00,UE01682,32.932448952423975,-97.00019860427008,XYZ403,C,-91,15,379,128,Poor,3,76,latency_hotspot
2026-07-01 03:00:00,UE01683,32.95694789209075,-97.0068189896172,XYZ401,A,-104,4,237,112,Good,4,37,latency_hotspot
2026-07-01 04:00:00,UE01684,32.91151536236415,-96.95354164788458,XYZ402,A,-112,-1,134,99,Good,5,15,latency_hotspot
2026-07-01 05:00:00,UE01685,32.96397859410814,-96.96624813899676,XYZ403,B,-104,3,251,99,Coverage_Hole,6,32,latency_hotspot
2026-07-01 07:00:00,UE01687,32.93155611694282,-96.93965036868497,XYZ402,A,-108,-1,160,117,Excellent,2,14,latency_hotspot
2026-07-01 08:00:00,UE01688,32.92468425473009,-97.008740161248,XYZ403,B,-93,4,248,96,Coverage_Hole,3,37,latency_hotspot
2026-07-01 12:00:00,UE01692,32.97553005909754,-96.98256814326662,XYZ401,C,-119,1,144,86,Poor,1,24,latency_hotspot
2026-07-01 16:00:00,UE01696,32.97052790244134,-96.96879741293544,XYZ402,C,-117,2,222,126,Excellent,5,29,latency_hotspot
2026-07-01 18:00:00,UE01698,32.91824026493645,-96.9661421891463,XYZ401,B,-95,8,360,107,Poor,1,50,latency_hotspot
2026-07-01 22:00:00,UE01702,32.93079067851219,-96.99103618136397,XYZ402,A,-87,21,700,116,Excellent,5,100,latency_hotspot
2026-07-01 03:00:00,UE01707,32.949675534586135,-96.96199753762949,XYZ401,B,-103,4,281,103,Poor,4,37,latency_hotspot
2026-07-01 05:00:00,UE01709,32.96596863268495,-96.96785144789824,XYZ403,A,-108,8,279,107,Coverage_Hole,6,49,latency_hotspot
2026-07-01 08:00:00,UE01712,32.95936100261919,-96.96477764064896,XYZ403,A,-108,4,301,116,Fair,3,36,latency_hotspot
2026-07-01 15:00:00,UE01719,32.969337311935575,-96.99517376268344,XYZ401,A,-104,0,208,102,Good,4,21,latency_hotspot
2026-07-01 00:00:00,UE01728,32.91369451708324,-96.97005462849611,XYZ401,A,-96,7,364,122,Excellent,1,47,latency_hotspot
2026-07-01 04:00:00,UE01732,32.92389779729,-96.97756989562455,XYZ402,B,-95,10,318,110,Fair,5,58,latency_hotspot
2026-07-01 05:00:00,UE01733,32.91264722780665,-97.00210381602209,XYZ403,C,-104,7,286,99,Fair,6,47,latency_hotspot
2026-07-01 07:00:00,UE01735,32.960439156740485,-97.00365161964706,XYZ402,C,-102,12,324,120,Coverage_Hole,2,65,latency_hotspot
2026-07-01 12:00:00,UE01740,32.93307417274315,-96.99590840166496,XYZ401,A,-89,18,476,96,Excellent,1,90,latency_hotspot
2026-07-01 18:00:00,UE01746,32.91805376118356,-96.96342500432172,XYZ401,A,-100,5,302,86,Fair,1,40,latency_hotspot
2026-07-01 20:00:00,UE01748,32.933990055948755,-97.01698193864092,XYZ403,A,-105,1,180,128,Coverage_Hole,3,22,latency_hotspot
2026-07-01 22:00:00,UE01750,32.91140317826591,-97.0056137438174,XYZ402,C,-115,10,314,89,Coverage_Hole,5,57,latency_hotspot
2026-07-01 23:00:00,UE01751,32.96608409523024,-96.97567030245943,XYZ403,A,-107,6,308,111,Excellent,6,41,latency_hotspot
2026-07-01 03:00:00,UE01755,32.92360521581154,-97.0220150673542,XYZ401,A,-104,4,287,109,Excellent,4,36,latency_hotspot
2026-07-01 05:00:00,UE01757,32.94041142870736,-96.94013201355152,XYZ403,A,-118,-4,75,110,Poor,6,5,latency_hotspot
2026-07-01 07:00:00,UE01759,32.94878681609958,-96.9458268397156,XYZ402,B,-114,6,219,85,Coverage_Hole,2,41,latency_hotspot
2026-07-01 08:00:00,UE01760,32.9344197156294,-97.0335093027646,XYZ403,C,-108,-3,160,101,Fair,3,9,latency_hotspot
2026-07-01 11:00:00,UE01763,32.909037907004155,-97.01126962683804,XYZ403,B,-112,6,314,85,Excellent,6,41,latency_hotspot
2026-07-01 13:00:00,UE01765,32.928842702045074,-96.94765212332626,XYZ402,A,-104,3,181,106,Coverage_Hole,2,31,latency_hotspot
2026-07-01 14:00:00,UE01766,32.95603069917141,-96.98768355040968,XYZ403,C,-89,11,376,85,Good,3,63,latency_hotspot
2026-07-01 17:00:00,UE01769,32.91721251272773,-96.96593149076052,XYZ403,A,-101,8,284,121,Excellent,6,50,latency_hotspot
2026-07-01 20:00:00,UE01772,32.95473688519486,-96.98123706999344,XYZ403,C,-99,16,489,97,Excellent,3,82,latency_hotspot
2026-07-01 22:00:00,UE01774,32.973169808601334,-96.98368753181508,XYZ402,A,-109,2,184,83,Fair,5,29,latency_hotspot
2026-07-01 23:00:00,UE01775,32.9338472259202,-96.9382312954428,XYZ403,B,-110,-1,118,123,Good,6,15,latency_hotspot
2026-07-01 00:00:00,UE01776,32.934482189932865,-97.0337110083085,XYZ401,A,-116,0,149,84,Good,1,20,latency_hotspot
2026-07-01 01:00:00,UE01777,32.943794704567985,-96.9556248560654,XYZ402,A,-105,4,313,93,Excellent,2,36,latency_hotspot
2026-07-01 10:00:00,UE01786,32.95078643203455,-96.99241356147888,XYZ402,A,-89,13,443,92,Excellent,5,69,latency_hotspot
2026-07-01 12:00:00,UE01788,32.91286113630966,-97.02237391332544,XYZ401,C,-115,-1,132,87,Fair,1,15,latency_hotspot
2026-07-01 15:00:00,UE01791,32.94571686292003,-96.99668110710158,XYZ401,C,-95,16,522,93,Coverage_Hole,4,81,latency_hotspot
2026-07-01 17:00:00,UE01793,32.91098576274865,-96.94478383681302,XYZ403,C,-119,-4,76,113,Poor,6,5,latency_hotspot
2026-07-01 18:00:00,UE01794,32.930846820887794,-96.94848892370358,XYZ401,C,-108,5,275,85,Good,1,39,latency_hotspot
2026-07-01 20:00:00,UE01796,32.94330748974134,-96.95671558057612,XYZ403,A,-102,8,283,97,Good,3,49,latency_hotspot
2026-07-01 22:00:00,UE01798,32.89864938858763,-96.96584808384404,XYZ402,A,-115,-3,111,95,Fair,5,9,latency_hotspot
2026-07-01 23:00:00,UE01799,32.937053928398754,-96.98322018096148,XYZ403,B,-83,19,618,113,Poor,6,91,latency_hotspot
2026-07-01 00:00:00,UE01800,32.96144304483271,-96.99791804429609,XYZ401,C,-104,6,301,97,Fair,1,42,latency_hotspot
2026-07-01 09:00:00,UE01809,32.946219847949166,-96.95714572302876,XYZ401,C,-104,6,283,93,Good,4,42,latency_hotspot
2026-07-01 12:00:00,UE01812,32.94540231523045,-96.99113030390964,XYZ401,C,-87,9,424,128,Coverage_Hole,1,56,latency_hotspot
2026-07-01 21:00:00,UE01821,32.939502319681246,-96.97228594626782,XYZ401,C,-86,19,485,92,Poor,4,92,latency_hotspot
2026-07-01 22:00:00,UE01822,32.898114891330366,-96.96049820347068,XYZ402,C,-118,0,204,125,Poor,5,20,latency_hotspot
2026-07-01 23:00:00,UE01823,32.92509992142366,-96.96049510167164,XYZ403,A,-98,9,430,113,Excellent,6,55,latency_hotspot
2026-07-01 04:00:00,UE01828,32.958697753402994,-97.00928526737484,XYZ402,B,-101,2,238,81,Coverage_Hole,5,29,latency_hotspot
2026-07-01 08:00:00,UE01832,32.93668124120038,-97.02166229447288,XYZ403,A,-106,2,192,88,Fair,3,28,latency_hotspot
2026-07-01 11:00:00,UE01835,32.91297616250952,-96.95842507244146,XYZ403,A,-108,6,264,117,Poor,6,42,latency_hotspot
2026-07-01 14:00:00,UE01838,32.91690232986497,-96.94136108028572,XYZ403,A,-115,0,167,113,Coverage_Hole,3,21,latency_hotspot
2026-07-01 15:00:00,UE01839,32.91708303269091,-97.01658958292296,XYZ401,C,-105,4,247,101,Good,4,36,latency_hotspot
2026-07-01 16:00:00,UE01840,32.916012857759576,-97.02786492466458,XYZ402,B,-113,-1,131,114,Poor,5,14,latency_hotspot
2026-07-01 17:00:00,UE01841,32.93951398859545,-96.96485821101504,XYZ403,C,-93,18,519,100,Fair,6,90,latency_hotspot
2026-07-01 19:00:00,UE01843,32.976646527143096,-96.9812413031985,XYZ402,B,-121,-4,94,115,Fair,2,5,latency_hotspot
2026-07-01 21:00:00,UE01845,32.92800405264173,-97.0252903828878,XYZ401,B,-111,2,236,115,Fair,4,28,latency_hotspot
2026-07-01 23:00:00,UE01847,32.918661863580944,-96.98034923456464,XYZ403,A,-91,12,482,91,Coverage_Hole,6,66,latency_hotspot
2026-07-01 04:00:00,UE01852,32.94657332623024,-96.93825352235388,XYZ402,A,-117,0,164,109,Coverage_Hole,5,20,latency_hotspot
2026-07-01 05:00:00,UE01853,32.90615825370846,-96.9964797223126,XYZ403,C,-108,6,226,115,Poor,6,42,latency_hotspot
2026-07-01 08:00:00,UE01856,32.918661752353245,-96.946647188406,XYZ403,C,-111,6,267,120,Coverage_Hole,3,41,latency_hotspot
2026-07-01 11:00:00,UE01859,32.93109390833877,-97.0309375985192,XYZ403,A,-118,0,158,81,Excellent,6,21,latency_hotspot
2026-07-01 14:00:00,UE01862,32.90139074530372,-96.98555528232866,XYZ403,C,-112,3,213,121,Coverage_Hole,3,31,latency_hotspot
2026-07-01 15:00:00,UE01863,32.938485293909864,-96.95889986061252,XYZ401,C,-102,13,438,102,Fair,4,68,latency_hotspot
2026-07-01 17:00:00,UE01865,32.9550144661763,-96.98266969364502,XYZ403,A,-93,14,502,86,Coverage_Hole,6,74,latency_hotspot
2026-07-01 18:00:00,UE01866,32.9304347452045,-97.01923305145549,XYZ401,C,-112,7,338,117,Coverage_Hole,1,47,latency_hotspot
2026-07-01 20:00:00,UE01868,32.91987394867945,-97.031800307313,XYZ403,C,-122,-2,160,127,Fair,3,13,latency_hotspot
2026-07-01 22:00:00,UE01870,32.92597014026516,-97.01759989590391,XYZ402,A,-100,7,281,94,Coverage_Hole,5,46,latency_hotspot
2026-07-01 00:00:00,UE01872,32.932909144248214,-96.98141960366566,XYZ401,A,-89,16,480,103,Excellent,1,82,latency_hotspot
2026-07-01 08:00:00,UE01880,32.968538259059656,-96.96887229641258,XYZ403,B,-107,3,245,121,Good,3,31,latency_hotspot
2026-07-01 09:00:00,UE01881,32.9051691590294,-96.95932987810616,XYZ401,B,-109,4,313,108,Poor,4,36,latency_hotspot
2026-07-01 12:00:00,UE01884,32.9338610675662,-96.98681846671428,XYZ401,C,-82,23,747,86,Good,1,100,latency_hotspot
2026-07-01 14:00:00,UE01886,32.95496691470421,-96.96118581911324,XYZ403,C,-100,8,369,115,Coverage_Hole,3,50,latency_hotspot
2026-07-01 16:00:00,UE01888,32.94606900538676,-97.02184840271708,XYZ402,A,-106,2,183,98,Fair,5,28,latency_hotspot
2026-07-01 18:00:00,UE01890,32.97436300934368,-96.99233389217886,XYZ401,C,-110,-3,127,120,Coverage_Hole,1,9,latency_hotspot
2026-07-01 02:00:00,UE01898,32.90308356440754,-96.97974962240056,XYZ403,B,-103,5,283,120,Poor,3,38,latency_hotspot
2026-07-01 03:00:00,UE01899,32.90302811390671,-96.9617558960232,XYZ401,B,-113,6,247,127,Coverage_Hole,4,42,latency_hotspot
2026-07-01 07:00:00,UE01903,32.92625220414094,-97.03536363149428,XYZ402,B,-115,-7,51,87,Coverage_Hole,2,5,latency_hotspot
2026-07-01 08:00:00,UE01904,32.943532074270614,-96.9564114560842,XYZ403,A,-105,10,330,102,Fair,3,57,latency_hotspot
2026-07-01 10:00:00,UE01906,32.91611567140944,-97.02242276279478,XYZ402,C,-112,0,153,86,Fair,5,21,latency_hotspot
2026-07-01 11:00:00,UE01907,32.91214183049738,-96.97047956143398,XYZ403,B,-96,8,353,102,Fair,6,50,latency_hotspot
2026-07-01 13:00:00,UE01909,32.95082899824443,-96.95609862530044,XYZ402,C,-111,6,266,94,Coverage_Hole,2,42,latency_hotspot
2026-07-01 14:00:00,UE01910,32.92633842811941,-96.9733798970173,XYZ403,A,-87,17,485,129,Poor,3,85,latency_hotspot
2026-07-01 17:00:00,UE01913,32.95163484072708,-97.00927148524408,XYZ403,B,-103,8,327,110,Fair,6,49,latency_hotspot
2026-07-01 19:00:00,UE01915,32.9087517568772,-96.94460944002324,XYZ402,C,-123,0,163,108,Good,2,20,latency_hotspot
2026-07-01 20:00:00,UE01916,32.928872038631674,-97.01228484558816,XYZ403,B,-103,10,411,120,Poor,3,57,latency_hotspot
2026-07-01 01:00:00,UE01921,32.96267573850253,-97.00912052678736,XYZ402,A,-111,4,270,113,Coverage_Hole,2,36,latency_hotspot
2026-07-01 02:00:00,UE01922,32.93942804180543,-96.97724576669648,XYZ403,C,-86,14,412,104,Good,3,74,latency_hotspot
2026-07-01 10:00:00,UE01930,32.95611108802387,-96.96124743731242,XYZ402,B,-111,6,217,125,Poor,5,42,latency_hotspot
2026-07-01 11:00:00,UE01931,32.94611114724978,-96.98782018803011,XYZ403,C,-88,16,497,119,Good,6,82,latency_hotspot
2026-07-01 13:00:00,UE01933,32.9357442057147,-96.99563687845992,XYZ402,C,-84,17,456,114,Excellent,2,84,latency_hotspot
2026-07-01 18:00:00,UE01938,32.92325310416736,-97.01251614287304,XYZ401,A,-101,5,266,127,Poor,1,39,latency_hotspot
2026-07-01 21:00:00,UE01941,32.93403838027136,-96.9836305750438,XYZ401,C,-75,23,565,97,Poor,4,100,latency_hotspot
2026-07-01 22:00:00,UE01942,32.90734078816433,-97.00267973989348,XYZ402,A,-110,6,277,125,Excellent,5,42,latency_hotspot
2026-07-01 23:00:00,UE01943,32.92781149344101,-96.97621117523305,XYZ403,C,-88,16,435,95,Good,6,81,latency_hotspot
2026-07-01 00:00:00,UE01944,32.95438425905726,-96.969490993364,XYZ401,B,-98,10,348,110,Good,1,58,latency_hotspot
2026-07-01 02:00:00,UE01946,32.907574425254445,-96.95198155947294,XYZ403,C,-117,1,165,91,Excellent,3,24,latency_hotspot
2026-07-01 03:00:00,UE01947,32.93705779361802,-96.94655496832952,XYZ401,B,-101,4,257,118,Good,4,37,latency_hotspot
2026-07-01 05:00:00,UE01949,32.93382211906855,-96.98835839632068,XYZ403,C,-75,18,526,115,Fair,6,89,latency_hotspot
2026-07-01 07:00:00,UE01951,32.94189161194736,-97.00470805490694,XYZ402,C,-94,5,268,90,Good,2,39,latency_hotspot
2026-07-01 11:00:00,UE01955,32.901688687170626,-96.99198720661386,XYZ403,C,-115,0,182,98,Good,6,20,latency_hotspot
2026-07-01 12:00:00,UE01956,32.89667310201059,-96.99020237578809,XYZ401,B,-120,-1,118,119,Good,1,14,latency_hotspot
2026-07-01 13:00:00,UE01957,32.9221791762165,-96.96213878902827,XYZ402,C,-98,9,364,101,Poor,2,56,latency_hotspot
2026-07-01 14:00:00,UE01958,32.90022545655171,-97.00265834611592,XYZ403,C,-110,1,188,91,Coverage_Hole,3,23,latency_hotspot
2026-07-01 15:00:00,UE01959,32.91520452768752,-96.98496433925358,XYZ401,C,-95,12,350,102,Good,4,65,latency_hotspot
2026-07-01 18:00:00,UE01962,32.92841015096139,-96.99098724431953,XYZ401,B,-90,19,441,116,Fair,1,91,latency_hotspot
2026-07-01 20:00:00,UE01964,32.92198259566591,-97.01632256172869,XYZ403,B,-106,4,314,95,Excellent,3,36,latency_hotspot
2026-07-01 21:00:00,UE01965,32.90978290968009,-97.0185897743332,XYZ401,C,-112,2,195,82,Poor,4,29,latency_hotspot
2026-07-01 00:00:00,UE01968,32.91960405446185,-96.9545731854478,XYZ401,B,-101,8,252,96,Good,1,50,latency_hotspot
2026-07-01 02:00:00,UE01970,32.9616269124504,-96.99691688852398,XYZ403,B,-94,5,230,89,Good,3,39,latency_hotspot
2026-07-01 03:00:00,UE01971,32.91973464247569,-96.96736830637788,XYZ401,C,-103,10,400,87,Poor,4,58,latency_hotspot
2026-07-01 04:00:00,UE01972,32.90190551935141,-96.99212010931883,XYZ402,C,-113,0,194,107,Good,5,20,latency_hotspot
2026-07-01 05:00:00,UE01973,32.93058802148238,-96.9619765030916,XYZ403,C,-101,13,462,110,Coverage_Hole,6,69,latency_hotspot
2026-07-01 07:00:00,UE01975,32.902178965893306,-97.00101965992776,XYZ402,A,-106,1,197,81,Good,2,24,latency_hotspot
2026-07-01 09:00:00,UE01977,32.944330528092486,-96.97806979965044,XYZ401,A,-86,13,337,114,Excellent,4,69,latency_hotspot
2026-07-01 13:00:00,UE01981,32.96993398231061,-96.97319910875008,XYZ402,C,-107,0,173,113,Good,2,21,latency_hotspot
2026-07-01 14:00:00,UE01982,32.902394121442086,-97.00803811197162,XYZ403,C,-112,-2,126,94,Good,3,12,latency_hotspot
2026-07-01 16:00:00,UE01984,32.89675846673782,-97.00543409135582,XYZ402,A,-117,-3,129,115,Fair,5,10,latency_hotspot
2026-07-01 19:00:00,UE01987,32.92374556429196,-96.9960055296138,XYZ402,A,-82,12,374,112,Poor,2,65,latency_hotspot
2026-07-01 20:00:00,UE01988,32.919926297893696,-96.94067742530518,XYZ403,C,-119,0,181,127,Poor,3,20,latency_hotspot
2026-07-01 22:00:00,UE01990,32.93851233900942,-96.99549810206484,XYZ402,A,-94,14,486,104,Excellent,5,73,latency_hotspot
2026-07-01 23:00:00,UE01991,32.9410701526539,-96.98330492055608,XYZ403,C,-79,21,675,81,Poor,6,100,latency_hotspot
2026-07-01 02:00:00,UE01994,32.94691055858682,-97.02971061319585,XYZ403,A,-113,6,321,101,Coverage_Hole,3,41,latency_hotspot
2026-07-01 04:00:00,UE01996,32.92990972276628,-96.99541088163669,XYZ402,C,-85,13,327,103,Excellent,5,69,latency_hotspot
2026-07-01 05:00:00,UE01997,32.94764831996375,-96.98743913890318,XYZ403,A,-92,16,587,90,Poor,6,82,latency_hotspot
2026-07-01 06:00:00,UE01998,32.94449253151342,-96.95512969294928,XYZ401,C,-101,5,301,90,Poor,1,39,latency_hotspot
2026-07-01 01:00:00,UE00001,32.95623842771268,-97.0295271575902,XYZ402,A,-119,-4,82,105,Fair,2,5,beam_coverage_gap
2026-07-01 04:00:00,UE00004,32.941769275516045,-97.03557701648772,XYZ402,A,-114,-2,118,96,Excellent,5,13,beam_coverage_gap
2026-07-01 06:00:00,UE00006,32.96531739517448,-97.00321508928326,XYZ401,B,-106,3,220,102,Fair,1,30,beam_coverage_gap
2026-07-01 07:00:00,UE00007,32.91088656334055,-96.95915970319616,XYZ402,B,-111,5,220,91,Excellent,2,39,beam_coverage_gap
2026-07-01 08:00:00,UE00008,32.91069490641537,-96.98676519324114,XYZ403,C,-101,9,396,73,Coverage_Hole,3,55,beam_coverage_gap
2026-07-01 09:00:00,UE00009,32.95367097310067,-96.96786913949978,XYZ401,A,-105,7,363,117,Fair,4,47,beam_coverage_gap
2026-07-01 11:00:00,UE00011,32.93455907254406,-96.93438324478132,XYZ403,B,-124,-2,109,101,Good,6,13,beam_coverage_gap
2026-07-01 12:00:00,UE00012,32.90504601222711,-96.97303849841131,XYZ401,A,-98,7,298,112,Excellent,1,48,beam_coverage_gap
2026-07-01 14:00:00,UE00014,32.917124480946924,-97.02754112223296,XYZ403,B,-117,1,194,126,Poor,3,23,beam_coverage_gap
2026-07-01 15:00:00,UE00015,32.959083499043814,-97.01122778498296,XYZ401,C,-110,0,204,127,Poor,4,20,beam_coverage_gap
2026-07-01 16:00:00,UE00016,32.91201248099194,-96.956815668029,XYZ402,A,-112,0,176,28,Fair,5,21,beam_coverage_gap
2026-07-01 17:00:00,UE00017,32.90297662302907,-97.00268361022574,XYZ403,C,-111,0,161,41,Poor,6,21,beam_coverage_gap
2026-07-01 18:00:00,UE00018,32.95841307562227,-97.017129522723,XYZ401,B,-110,-3,149,107,Poor,1,10,beam_coverage_gap
2026-07-01 19:00:00,UE00019,32.93990310614499,-96.98800547436136,XYZ402,C,-81,18,616,47,Good,2,89,beam_coverage_gap
2026-07-01 20:00:00,UE00020,32.92104328790031,-97.03247027263218,XYZ403,B,-120,-1,161,16,Fair,3,15,beam_coverage_gap
2026-07-01 21:00:00,UE00021,32.90042697754924,-96.9994131245068,XYZ401,A,-114,-4,94,50,Poor,4,5,beam_coverage_gap
2026-07-01 23:00:00,UE00023,32.91968977091565,-96.9877741879151,XYZ403,C,-95,15,375,113,Good,6,76,beam_coverage_gap
2026-07-01 01:00:00,UE00025,32.935010479170074,-96.96471236907324,XYZ402,B,-86,13,369,107,Coverage_Hole,2,68,beam_coverage_gap
2026-07-01 03:00:00,UE00027,32.90064718103181,-96.98600937583072,XYZ401,C,-108,4,223,98,Fair,4,37,beam_coverage_gap
2026-07-01 04:00:00,UE00028,32.90135767168009,-96.9744277913067,XYZ402,A,-107,2,266,26,Fair,5,29,beam_coverage_gap
2026-07-01 05:00:00,UE00029,32.91734782050177,-96.9503455116328,XYZ403,B,-114,7,294,128,Coverage_Hole,6,47,beam_coverage_gap
2026-07-01 06:00:00,UE00030,32.89419713568289,-97.00032962659712,XYZ401,C,-110,-8,49,76,Coverage_Hole,1,5,beam_coverage_gap
2026-07-01 07:00:00,UE00031,32.93779854167526,-96.94076296390432,XYZ402,A,-109,-6,43,114,Fair,2,5,beam_coverage_gap
2026-07-01 09:00:00,UE00033,32.976438646623414,-96.9932539587968,XYZ401,A,-115,2,267,116,Good,4,28,beam_coverage_gap
2026-07-01 10:00:00,UE00034,32.95634201064288,-97.0056974439144,XYZ402,A,-103,2,232,85,Poor,5,29,beam_coverage_gap
2026-07-01 11:00:00,UE00035,32.93716932560243,-96.9999540766226,XYZ403,B,-97,19,456,106,Excellent,6,91,beam_coverage_gap
2026-07-01 12:00:00,UE00036,32.91928870849824,-97.02576189613166,XYZ401,B,-114,-3,112,58,Coverage_Hole,1,10,beam_coverage_gap
2026-07-01 14:00:00,UE00038,32.97523944482476,-96.99791789133324,XYZ403,B,-116,-3,126,74,Excellent,3,11,beam_coverage_gap
2026-07-01 15:00:00,UE00039,32.9138190591063,-96.97755315086351,XYZ401,B,-91,4,230,129,Good,4,37,beam_coverage_gap
2026-07-01 16:00:00,UE00040,32.943972325815174,-96.99562848661432,XYZ402,A,-94,15,499,40,Excellent,5,76,beam_coverage_gap
2026-07-01 17:00:00,UE00041,32.89599559307294,-96.97593176051672,XYZ403,A,-121,-2,154,116,Coverage_Hole,6,13,beam_coverage_gap
2026-07-01 18:00:00,UE00042,32.93668458360493,-97.0293015565604,XYZ401,B,-117,-1,121,79,Good,1,16,beam_coverage_gap
2026-07-01 20:00:00,UE00044,32.94817534221545,-96.96713379476668,XYZ403,C,-103,14,522,44,Poor,3,74,beam_coverage_gap
2026-07-01 21:00:00,UE00045,32.95115174361385,-97.01459648368863,XYZ401,C,-104,3,198,125,Fair,4,31,beam_coverage_gap
2026-07-01 23:00:00,UE00047,32.90358046142688,-96.99343711803668,XYZ403,A,-104,2,209,61,Excellent,6,29,beam_coverage_gap
2026-07-01 00:00:00,UE00048,32.94294858389169,-97.01077861101312,XYZ401,C,-101,10,341,92,Fair,1,58,beam_coverage_gap
2026-07-01 01:00:00,UE00049,32.93005061057563,-97.01054258252762,XYZ402,C,-97,12,341,29,Excellent,2,65,beam_coverage_gap
2026-07-01 02:00:00,UE00050,32.96880249760459,-96.95995141353934,XYZ403,C,-120,0,178,114,Poor,3,21,beam_coverage_gap
2026-07-01 03:00:00,UE00051,32.931765682852834,-96.9671134790812,XYZ401,A,-86,9,339,36,Poor,4,55,beam_coverage_gap
2026-07-01 04:00:00,UE00052,32.96918008041554,-96.96013577812435,XYZ402,C,-111,0,214,89,Coverage_Hole,5,21,beam_coverage_gap
2026-07-01 05:00:00,UE00053,32.94973301376032,-96.94326832263565,XYZ403,B,-116,-5,80,78,Fair,6,5,beam_coverage_gap
2026-07-01 06:00:00,UE00054,32.9170118346544,-96.94003607664304,XYZ401,A,-123,1,183,54,Coverage_Hole,1,23,beam_coverage_gap
2026-07-01 08:00:00,UE00056,32.92760779559066,-97.03427219091492,XYZ403,C,-114,0,203,92,Coverage_Hole,3,20,beam_coverage_gap
2026-07-01 09:00:00,UE00057,32.92140553102848,-97.02146497611788,XYZ401,A,-101,1,188,39,Coverage_Hole,4,22,beam_coverage_gap
2026-07-01 10:00:00,UE00058,32.90562613076702,-97.0199102131508,XYZ402,C,-121,1,201,41,Excellent,5,24,beam_coverage_gap
2026-07-01 11:00:00,UE00059,32.93526716184401,-96.956280018842,XYZ403,C,-94,9,337,114,Coverage_Hole,6,54,beam_coverage_gap
2026-07-01 12:00:00,UE00060,32.903208272305385,-96.98194313471625,XYZ401,C,-101,2,233,41,Good,1,29,beam_coverage_gap
2026-07-01 13:00:00,UE00061,32.938645668672734,-96.95518986319033,XYZ402,A,-108,5,314,111,Coverage_Hole,2,39,beam_coverage_gap
2026-07-01 15:00:00,UE00063,32.94192681744735,-96.965790479584,XYZ401,A,-96,14,400,23,Coverage_Hole,4,74,beam_coverage_gap
2026-07-01 16:00:00,UE00064,32.96047985689544,-96.95872246697562,XYZ402,A,-104,1,177,57,Excellent,5,22,beam_coverage_gap
2026-07-01 18:00:00,UE00066,32.947765921592946,-96.95047574161477,XYZ401,B,-111,0,174,43,Fair,1,21,beam_coverage_gap
2026-07-01 20:00:00,UE00068,32.93158399406414,-96.95381871476552,XYZ403,A,-106,11,349,71,Coverage_Hole,3,64,beam_coverage_gap
2026-07-01 21:00:00,UE00069,32.917195547248205,-96.95136384996744,XYZ401,B,-105,3,244,46,Coverage_Hole,4,31,beam_coverage_gap
2026-07-01 22:00:00,UE00070,32.92261047138858,-96.95568239069972,XYZ402,A,-102,3,256,74,Coverage_Hole,5,31,beam_coverage_gap
2026-07-01 23:00:00,UE00071,32.93353252799117,-96.95496775864648,XYZ403,A,-96,2,236,112,Poor,6,29,beam_coverage_gap
2026-07-01 00:00:00,UE00072,32.94301547638953,-97.03545071741064,XYZ401,B,-116,-5,88,23,Excellent,1,5,beam_coverage_gap
2026-07-01 02:00:00,UE00074,32.90736236613457,-96.9846765704522,XYZ403,B,-105,7,285,26,Coverage_Hole,3,48,beam_coverage_gap
2026-07-01 03:00:00,UE00075,32.90220316768201,-96.95839257055344,XYZ401,A,-116,3,266,35,Poor,4,31,beam_coverage_gap
2026-07-01 04:00:00,UE00076,32.92427980900612,-96.94318534757396,XYZ402,B,-115,8,370,50,Coverage_Hole,5,49,beam_coverage_gap
2026-07-01 06:00:00,UE00078,32.92952499735105,-96.96991988337474,XYZ401,C,-88,17,413,35,Good,1,84,beam_coverage_gap
2026-07-01 08:00:00,UE00080,32.91454923218129,-97.01887451172657,XYZ403,C,-106,-4,103,101,Poor,3,5,beam_coverage_gap
2026-07-01 09:00:00,UE00081,32.91884994626997,-96.94336828031634,XYZ401,B,-110,0,160,27,Fair,4,20,beam_coverage_gap
2026-07-01 10:00:00,UE00082,32.909350355976144,-96.943471480107,XYZ402,B,-120,1,189,39,Excellent,5,23,beam_coverage_gap
2026-07-01 12:00:00,UE00084,32.93284581414722,-96.93899908459116,XYZ401,A,-112,0,187,85,Poor,1,20,beam_coverage_gap
2026-07-01 13:00:00,UE00085,32.93988335825977,-96.93813733032292,XYZ402,A,-115,-2,159,68,Fair,2,13,beam_coverage_gap
2026-07-01 14:00:00,UE00086,32.901849930158704,-96.99147263778774,XYZ403,B,-108,-2,161,27,Coverage_Hole,3,13,beam_coverage_gap
2026-07-01 17:00:00,UE00089,32.897727769873164,-97.00657162419442,XYZ403,A,-113,4,295,73,Coverage_Hole,6,36,beam_coverage_gap
2026-07-01 18:00:00,UE00090,32.92214532549816,-97.03003828677149,XYZ401,C,-110,3,194,56,Coverage_Hole,1,30,beam_coverage_gap
2026-07-01 19:00:00,UE00091,32.95497349142562,-96.94737287429278,XYZ402,A,-110,1,144,119,Fair,2,23,beam_coverage_gap
2026-07-01 20:00:00,UE00092,32.93179602003737,-96.9670414502898,XYZ403,B,-92,12,387,82,Excellent,3,65,beam_coverage_gap
2026-07-01 21:00:00,UE00093,32.92521125599474,-97.02915619156468,XYZ401,C,-115,0,205,113,Fair,4,21,beam_coverage_gap
2026-07-01 22:00:00,UE00094,32.907731256238606,-96.95134671076168,XYZ402,A,-116,1,155,113,Coverage_Hole,5,24,beam_coverage_gap
2026-07-01 23:00:00,UE00095,32.941650090821874,-96.94278136188522,XYZ403,A,-110,0,163,35,Fair,6,20,beam_coverage_gap
2026-07-01 01:00:00,UE00097,32.9417769538179,-97.0328103296308,XYZ402,B,-113,0,189,17,Excellent,2,20,beam_coverage_gap
2026-07-01 02:00:00,UE00098,32.933792822796605,-96.98625501958946,XYZ403,B,-85,22,520,16,Excellent,3,100,beam_coverage_gap
2026-07-01 03:00:00,UE00099,32.93924637385204,-96.9827467253112,XYZ401,B,-84,12,371,55,Fair,4,65,beam_coverage_gap
2026-07-01 04:00:00,UE00100,32.93574038063979,-96.96844203522777,XYZ402,B,-81,13,414,111,Coverage_Hole,5,68,beam_coverage_gap
2026-07-01 07:00:00,UE00103,32.964204589795656,-96.976103013255,XYZ402,A,-106,1,186,129,Poor,2,23,beam_coverage_gap
2026-07-01 08:00:00,UE00104,32.96102683833766,-97.01742640417004,XYZ403,A,-114,0,145,73,Fair,3,21,beam_coverage_gap
2026-07-01 09:00:00,UE00105,32.9672690294104,-96.96647788906957,XYZ401,B,-106,1,197,34,Excellent,4,23,beam_coverage_gap
2026-07-01 10:00:00,UE00106,32.90851630564206,-97.00471838257876,XYZ402,C,-107,2,233,123,Excellent,5,28,beam_coverage_gap
2026-07-01 12:00:00,UE00108,32.9154705143494,-96.96804958410095,XYZ401,C,-93,12,362,28,Excellent,1,66,beam_coverage_gap
2026-07-01 16:00:00,UE00112,32.970080575813526,-96.99319080944952,XYZ402,A,-109,0,206,69,Good,5,21,beam_coverage_gap
2026-07-01 19:00:00,UE00115,32.94627009560007,-97.02840541672042,XYZ402,A,-107,0,183,90,Fair,2,21,beam_coverage_gap
2026-07-01 20:00:00,UE00116,32.909330872153994,-96.97497144369412,XYZ403,B,-105,2,186,80,Coverage_Hole,3,29,beam_coverage_gap
2026-07-01 21:00:00,UE00117,32.894928579503166,-96.99095900086976,XYZ401,C,-116,-1,128,57,Good,4,15,beam_coverage_gap
2026-07-01 22:00:00,UE00118,32.898586735064164,-96.99103076393745,XYZ402,C,-112,4,223,29,Fair,5,36,beam_coverage_gap
2026-07-01 00:00:00,UE00120,32.95410385345402,-97.0310826806651,XYZ401,B,-121,-2,151,21,Good,1,12,beam_coverage_gap
2026-07-01 01:00:00,UE00121,32.94960516915034,-96.98491998838335,XYZ402,B,-90,20,603,56,Good,2,94,beam_coverage_gap
2026-07-01 02:00:00,UE00122,32.92797344396158,-96.96039798592466,XYZ403,A,-95,10,404,69,Fair,3,57,beam_coverage_gap
2026-07-01 03:00:00,UE00123,32.89508673523606,-96.97701507509504,XYZ401,B,-120,0,160,87,Excellent,4,21,beam_coverage_gap
2026-07-01 04:00:00,UE00124,32.963318887410026,-96.9462748749188,XYZ402,B,-120,2,244,33,Coverage_Hole,5,29,beam_coverage_gap
2026-07-01 06:00:00,UE00126,32.93934534602561,-96.94278876732749,XYZ401,B,-116,0,171,101,Poor,1,21,beam_coverage_gap
2026-07-01 09:00:00,UE00129,32.970699073266026,-96.97537811035268,XYZ401,A,-115,-1,112,89,Good,4,15,beam_coverage_gap
2026-07-01 11:00:00,UE00131,32.92201950433491,-96.94184754394742,XYZ403,B,-114,-2,145,24,Coverage_Hole,6,13,beam_coverage_gap
2026-07-01 12:00:00,UE00132,32.970742412980435,-97.00763917302478,XYZ401,A,-105,-2,117,27,Poor,1,12,beam_coverage_gap
2026-07-01 13:00:00,UE00133,32.9505941383813,-96.98957634517748,XYZ402,A,-90,12,374,74,Fair,2,66,beam_coverage_gap
2026-07-01 15:00:00,UE00135,32.9543146573254,-96.96828187540336,XYZ401,B,-101,8,377,117,Poor,4,49,beam_coverage_gap
2026-07-01 16:00:00,UE00136,32.91935549244782,-97.01235397142788,XYZ402,B,-101,0,156,69,Coverage_Hole,5,21,beam_coverage_gap
2026-07-01 19:00:00,UE00139,32.96503770059719,-97.0139930639753,XYZ402,C,-108,-3,121,48,Excellent,2,10,beam_coverage_gap
2026-07-01 20:00:00,UE00140,32.96615967661684,-96.96869568908998,XYZ403,A,-114,2,226,101,Fair,3,28,beam_coverage_gap
2026-07-01 21:00:00,UE00141,32.94660921933413,-96.98415078373104,XYZ401,C,-94,12,449,121,Good,4,66,beam_coverage_gap
2026-07-01 23:00:00,UE00143,32.95246249865222,-96.96437822669364,XYZ403,B,-104,7,367,25,Good,6,47,beam_coverage_gap
2026-07-01 04:00:00,UE00148,32.92388425197188,-96.97573685653845,XYZ402,B,-92,15,491,55,Good,5,76,beam_coverage_gap
2026-07-01 05:00:00,UE00149,32.97203520135046,-96.97525748645444,XYZ403,C,-116,2,213,84,Coverage_Hole,6,28,beam_coverage_gap
2026-07-01 06:00:00,UE00150,32.94165747409522,-97.02599798353944,XYZ401,B,-111,0,144,60,Coverage_Hole,1,20,beam_coverage_gap
2026-07-01 08:00:00,UE00152,32.94529610353733,-97.00917421869715,XYZ403,C,-102,9,336,62,Excellent,3,56,beam_coverage_gap
2026-07-01 10:00:00,UE00154,32.91080033422405,-96.9992077390966,XYZ402,B,-107,7,294,123,Fair,5,47,beam_coverage_gap
2026-07-01 13:00:00,UE00157,32.973129505514414,-96.9924387820818,XYZ402,B,-117,-5,81,121,Excellent,2,5,beam_coverage_gap
2026-07-01 14:00:00,UE00158,32.96773999754969,-96.96168440422667,XYZ403,B,-109,-2,114,40,Good,3,12,beam_coverage_gap
2026-07-01 15:00:00,UE00159,32.961418444804494,-96.94469640866684,XYZ401,A,-120,0,166,75,Coverage_Hole,4,21,beam_coverage_gap
2026-07-01 16:00:00,UE00160,32.93491137520068,-96.96061230354772,XYZ402,A,-96,13,342,31,Excellent,5,68,beam_coverage_gap
2026-07-01 18:00:00,UE00162,32.94677062943249,-97.03448970769976,XYZ401,C,-125,-2,137,118,Excellent,1,12,beam_coverage_gap
2026-07-01 19:00:00,UE00163,32.935185881475775,-97.02397413045544,XYZ402,B,-100,9,337,53,Fair,2,56,beam_coverage_gap
2026-07-01 22:00:00,UE00166,32.94853381845677,-97.0311307118266,XYZ402,B,-113,-1,161,18,Fair,5,15,beam_coverage_gap
2026-07-01 23:00:00,UE00167,32.965087691169735,-96.96151091611866,XYZ403,C,-113,-2,126,74,Poor,6,12,beam_coverage_gap
2026-07-01 00:00:00,UE00168,32.91657099386295,-96.95784448664004,XYZ401,B,-99,4,234,47,Excellent,1,37,beam_coverage_gap
2026-07-01 01:00:00,UE00169,32.94852627902561,-96.94364855332672,XYZ402,C,-116,6,295,105,Good,2,41,beam_coverage_gap
2026-07-01 04:00:00,UE00172,32.9153078862074,-96.96298905347952,XYZ402,A,-105,2,217,39,Excellent,5,29,beam_coverage_gap
2026-07-01 06:00:00,UE00174,32.93572445933376,-96.96912727874556,XYZ401,B,-90,13,420,55,Excellent,1,68,beam_coverage_gap
2026-07-01 07:00:00,UE00175,32.92159168649573,-96.96010072102496,XYZ402,C,-96,7,306,35,Fair,2,47,beam_coverage_gap
2026-07-01 09:00:00,UE00177,32.95427659951076,-96.95835309459638,XYZ401,C,-109,3,265,18,Poor,4,32,beam_coverage_gap
2026-07-01 11:00:00,UE00179,32.937934115407,-96.9359762780531,XYZ403,A,-125,-6,47,27,Excellent,6,5,beam_coverage_gap
2026-07-01 13:00:00,UE00181,32.89867315757788,-97.00720235828229,XYZ402,A,-115,-3,116,123,Coverage_Hole,2,9,beam_coverage_gap
2026-07-01 14:00:00,UE00182,32.970362606625294,-96.99770798196508,XYZ403,B,-109,2,244,32,Excellent,3,30,beam_coverage_gap
2026-07-01 15:00:00,UE00183,32.915061011076475,-96.9595524239304,XYZ401,A,-105,2,186,53,Excellent,4,28,beam_coverage_gap
2026-07-01 17:00:00,UE00185,32.93088575430659,-96.9825645975341,XYZ403,A,-82,13,331,37,Fair,6,68,beam_coverage_gap
2026-07-01 18:00:00,UE00186,32.92177075737503,-97.01526742440612,XYZ401,C,-108,2,220,42,Fair,1,28,beam_coverage_gap
2026-07-01 19:00:00,UE00187,32.91214950756969,-96.9565877904118,XYZ402,A,-102,5,256,70,Poor,2,39,beam_coverage_gap
2026-07-01 21:00:00,UE00189,32.952549459962995,-96.98890774159229,XYZ401,B,-98,12,357,65,Coverage_Hole,4,66,beam_coverage_gap
2026-07-01 22:00:00,UE00190,32.927850439679986,-96.95118430591104,XYZ402,A,-105,5,281,73,Poor,5,38,beam_coverage_gap
2026-07-01 23:00:00,UE00191,32.89240816584347,-96.97809633494089,XYZ403,A,-122,-2,153,65,Poor,6,13,beam_coverage_gap
2026-07-01 00:00:00,UE00192,32.91262050266347,-96.9999873831748,XYZ401,C,-102,3,224,96,Coverage_Hole,1,31,beam_coverage_gap
2026-07-01 03:00:00,UE00195,32.90801770394189,-96.94739749735164,XYZ401,C,-114,-1,131,123,Excellent,4,15,beam_coverage_gap
2026-07-01 04:00:00,UE00196,32.94563757749794,-96.98495039825752,XYZ402,A,-93,18,499,61,Good,5,90,beam_coverage_gap
2026-07-01 06:00:00,UE00198,32.973695666872445,-96.98794116682132,XYZ401,A,-114,-1,111,74,Good,1,15,beam_coverage_gap
2026-07-01 07:00:00,UE00199,32.92371808830125,-96.97528670612398,XYZ402,C,-94,16,400,28,Coverage_Hole,2,81,beam_coverage_gap
2026-07-01 08:00:00,UE00200,32.89297221577804,-96.99235948211364,XYZ403,B,-118,-3,150,104,Poor,3,10,beam_coverage_gap
2026-07-01 09:00:00,UE00201,32.90215890245775,-96.95722887419409,XYZ401,A,-118,-2,109,119,Coverage_Hole,4,13,beam_coverage_gap
2026-07-01 11:00:00,UE00203,32.95120609969099,-97.02450606085606,XYZ403,C,-110,4,231,45,Good,6,36,beam_coverage_gap
2026-07-01 12:00:00,UE00204,32.930051357079186,-96.9415950644969,XYZ401,B,-115,0,200,95,Coverage_Hole,1,21,beam_coverage_gap
2026-07-01 13:00:00,UE00205,32.971633208971305,-96.96025212824983,XYZ402,C,-116,-5,92,63,Coverage_Hole,2,5,beam_coverage_gap
2026-07-01 15:00:00,UE00207,32.9685954163235,-96.999886715015,XYZ401,A,-111,-3,161,113,Fair,4,10,beam_coverage_gap
2026-07-01 17:00:00,UE00209,32.93601730122211,-97.03141277410444,XYZ403,A,-114,-1,114,42,Poor,6,14,beam_coverage_gap
2026-07-01 19:00:00,UE00211,32.921906008957414,-96.97576835651864,XYZ402,B,-102,12,420,74,Excellent,2,65,beam_coverage_gap
2026-07-01 20:00:00,UE00212,32.96607256004619,-96.99081747593362,XYZ403,A,-104,5,244,69,Poor,3,40,beam_coverage_gap
2026-07-01 21:00:00,UE00213,32.93454431621058,-96.98338843722982,XYZ401,C,-78,21,473,103,Fair,4,99,beam_coverage_gap
2026-07-01 22:00:00,UE00214,32.95695640479873,-96.97376436292711,XYZ402,B,-102,5,296,118,Fair,5,39,beam_coverage_gap
2026-07-01 23:00:00,UE00215,32.9729742288776,-96.96195337723334,XYZ403,C,-122,-4,77,59,Poor,6,5,beam_coverage_gap
2026-07-01 00:00:00,UE00216,32.94784074693356,-97.02383276303456,XYZ401,A,-110,3,228,128,Fair,1,31,beam_coverage_gap
2026-07-01 01:00:00,UE00217,32.9271177672403,-96.97967306162364,XYZ402,B,-82,14,530,76,Coverage_Hole,2,74,beam_coverage_gap
2026-07-01 04:00:00,UE00220,32.97595537087193,-96.99767547427622,XYZ402,C,-115,-2,116,108,Excellent,5,12,beam_coverage_gap
2026-07-01 05:00:00,UE00221,32.91894541543118,-96.99351075794355,XYZ403,B,-94,16,397,57,Fair,6,82,beam_coverage_gap
2026-07-01 06:00:00,UE00222,32.93561368319651,-96.95911181018988,XYZ401,B,-94,8,365,129,Coverage_Hole,1,51,beam_coverage_gap
2026-07-01 07:00:00,UE00223,32.91514731628109,-97.01223343003888,XYZ402,A,-106,2,235,105,Excellent,2,29,beam_coverage_gap
2026-07-01 09:00:00,UE00225,32.9057315936399,-96.96809683245274,XYZ401,A,-104,1,174,35,Good,4,24,beam_coverage_gap
2026-07-01 10:00:00,UE00226,32.89563736449981,-96.99868233657132,XYZ402,B,-118,-3,140,29,Fair,5,10,beam_coverage_gap
2026-07-01 11:00:00,UE00227,32.91540962698978,-96.94401725194784,XYZ403,A,-110,1,154,37,Excellent,6,23,beam_coverage_gap
2026-07-01 13:00:00,UE00229,32.93323487471473,-97.02732979363384,XYZ402,C,-111,5,251,92,Poor,2,39,beam_coverage_gap
2026-07-01 14:00:00,UE00230,32.93618831552693,-97.03659360298636,XYZ403,C,-111,-7,37,48,Excellent,3,5,beam_coverage_gap
2026-07-01 15:00:00,UE00231,32.95986527123922,-96.9949767888504,XYZ401,A,-105,7,350,102,Fair,4,47,beam_coverage_gap
2026-07-01 16:00:00,UE00232,32.96310454569624,-96.95298461625302,XYZ402,A,-114,0,154,17,Coverage_Hole,5,21,beam_coverage_gap
2026-07-01 17:00:00,UE00233,32.892735986463755,-96.98401685014058,XYZ403,C,-121,-3,147,49,Good,6,9,beam_coverage_gap
2026-07-01 19:00:00,UE00235,32.94121935717064,-96.93518379627685,XYZ402,C,-116,-1,141,71,Fair,2,15,beam_coverage_gap
2026-07-01 20:00:00,UE00236,32.974878855519265,-96.9906222235994,XYZ403,A,-120,0,157,41,Excellent,3,21,beam_coverage_gap
2026-07-01 22:00:00,UE00238,32.931047377376565,-97.03084924537688,XYZ402,B,-112,-1,140,77,Coverage_Hole,5,14,beam_coverage_gap
2026-07-01 23:00:00,UE00239,32.96930428076449,-96.95429630314284,XYZ403,A,-115,-2,118,90,Good,6,12,beam_coverage_gap
2026-07-01 00:00:00,UE00240,32.93152577225465,-96.94944151520149,XYZ401,C,-102,0,187,116,Poor,1,20,beam_coverage_gap
2026-07-01 02:00:00,UE00242,32.91652940083619,-97.00073455964883,XYZ403,A,-99,9,388,127,Excellent,3,55,beam_coverage_gap
2026-07-01 03:00:00,UE00243,32.96477177466098,-96.99931895251724,XYZ401,B,-104,0,197,128,Fair,4,20,beam_coverage_gap
2026-07-01 04:00:00,UE00244,32.97043449994929,-96.9605082938956,XYZ402,A,-114,0,180,57,Poor,5,20,beam_coverage_gap
2026-07-01 05:00:00,UE00245,32.923895679457715,-97.00447142380126,XYZ403,C,-99,5,280,24,Coverage_Hole,6,40,beam_coverage_gap
2026-07-01 06:00:00,UE00246,32.90420424581783,-96.95760058319644,XYZ401,A,-120,0,164,20,Coverage_Hole,1,20,beam_coverage_gap
2026-07-01 07:00:00,UE00247,32.943298233140176,-97.026331469251,XYZ402,B,-102,0,194,112,Good,2,21,beam_coverage_gap
2026-07-01 10:00:00,UE00250,32.9152386642031,-96.95552386798089,XYZ402,A,-103,2,207,50,Excellent,5,28,beam_coverage_gap
2026-07-01 11:00:00,UE00251,32.955208750260326,-97.00185602303198,XYZ403,C,-99,1,207,44,Coverage_Hole,6,22,beam_coverage_gap
2026-07-01 12:00:00,UE00252,32.930145441406474,-97.01790136357435,XYZ401,B,-104,-1,147,108,Excellent,1,15,beam_coverage_gap
2026-07-01 14:00:00,UE00254,32.93571663645561,-97.01855362159073,XYZ403,C,-102,8,346,27,Coverage_Hole,3,50,beam_coverage_gap
2026-07-01 15:00:00,UE00255,32.898761162151686,-96.98403481680236,XYZ401,A,-111,3,226,81,Coverage_Hole,4,30,beam_coverage_gap
2026-07-01 16:00:00,UE00256,32.905722606938006,-97.01459381784764,XYZ402,A,-111,2,259,68,Coverage_Hole,5,29,beam_coverage_gap
2026-07-01 17:00:00,UE00257,32.956841394644265,-97.02430866388282,XYZ403,A,-122,-1,132,59,Coverage_Hole,6,14,beam_coverage_gap
2026-07-01 20:00:00,UE00260,32.91709688659533,-97.00854166235848,XYZ403,B,-102,4,275,95,Fair,3,37,beam_coverage_gap
2026-07-01 21:00:00,UE00261,32.941109626744215,-96.96511349830274,XYZ401,B,-93,13,446,115,Coverage_Hole,4,67,beam_coverage_gap
2026-07-01 22:00:00,UE00262,32.93020827623268,-96.94173405597888,XYZ402,B,-114,-2,119,58,Poor,5,13,beam_coverage_gap
2026-07-01 01:00:00,UE00265,32.936727670692406,-96.93666988006724,XYZ402,C,-117,-1,125,118,Fair,2,15,beam_coverage_gap
2026-07-01 02:00:00,UE00266,32.92453677532718,-97.03019638549716,XYZ403,A,-111,2,221,27,Coverage_Hole,3,29,beam_coverage_gap
2026-07-01 03:00:00,UE00267,32.89982592795717,-97.00372731477192,XYZ401,C,-109,-4,72,93,Coverage_Hole,4,5,beam_coverage_gap
2026-07-01 06:00:00,UE00270,32.92387411553972,-97.01934692918698,XYZ401,A,-102,8,271,29,Good,1,50,beam_coverage_gap
2026-07-01 07:00:00,UE00271,32.953575250966296,-97.02131450837209,XYZ402,B,-108,5,306,17,Coverage_Hole,2,39,beam_coverage_gap
2026-07-01 09:00:00,UE00273,32.94806175056039,-97.00325798073298,XYZ401,C,-97,11,370,98,Coverage_Hole,4,63,beam_coverage_gap
2026-07-01 11:00:00,UE00275,32.924022040078945,-96.97985795732416,XYZ403,C,-87,15,380,124,Poor,6,77,beam_coverage_gap
2026-07-01 12:00:00,UE00276,32.90878439420025,-96.94998900361767,XYZ401,B,-119,-3,117,102,Fair,1,9,beam_coverage_gap
2026-07-01 13:00:00,UE00277,32.94586055986081,-97.02188509479996,XYZ402,A,-107,0,154,79,Coverage_Hole,2,20,beam_coverage_gap
2026-07-01 15:00:00,UE00279,32.976991655120194,-96.98021552002166,XYZ401,A,-125,3,230,113,Poor,4,31,beam_coverage_gap
2026-07-01 18:00:00,UE00282,32.95754833642496,-96.9688768269924,XYZ401,B,-97,7,274,99,Coverage_Hole,1,46,beam_coverage_gap
2026-07-01 19:00:00,UE00283,32.94576520849554,-97.03181892622707,XYZ402,B,-109,0,176,86,Good,2,21,beam_coverage_gap
2026-07-01 21:00:00,UE00285,32.92942938879804,-96.9939962149773,XYZ401,A,-83,13,449,71,Excellent,4,68,beam_coverage_gap
2026-07-01 22:00:00,UE00286,32.93594674896727,-97.0314080515638,XYZ402,C,-116,-3,149,76,Good,5,10,beam_coverage_gap
2026-07-01 00:00:00,UE00288,32.94001133187993,-97.02225673180652,XYZ401,C,-109,0,213,42,Poor,1,21,beam_coverage_gap
2026-07-01 01:00:00,UE00289,32.97289065647006,-97.00075112110288,XYZ402,A,-113,0,164,119,Fair,2,21,beam_coverage_gap
2026-07-01 02:00:00,UE00290,32.96900793632025,-96.95987380067072,XYZ403,A,-114,0,211,125,Coverage_Hole,3,20,beam_coverage_gap
2026-07-01 03:00:00,UE00291,32.90597860843062,-96.98553206184332,XYZ401,C,-105,0,198,81,Good,4,20,beam_coverage_gap
2026-07-01 04:00:00,UE00292,32.944034302186566,-97.03431189348711,XYZ402,C,-112,-2,146,18,Excellent,5,13,beam_coverage_gap
2026-07-01 05:00:00,UE00293,32.96958803361387,-97.00143514323511,XYZ403,B,-108,1,156,124,Coverage_Hole,6,22,beam_coverage_gap
2026-07-01 06:00:00,UE00294,32.909428291469574,-96.95999882721664,XYZ401,C,-110,2,181,100,Good,1,29,beam_coverage_gap
2026-07-01 07:00:00,UE00295,32.9654997176718,-96.99887557900776,XYZ402,A,-108,2,188,87,Poor,2,28,beam_coverage_gap
2026-07-01 08:00:00,UE00296,32.957372758255886,-97.01598159441134,XYZ403,B,-107,1,197,108,Good,3,22,beam_coverage_gap
2026-07-01 10:00:00,UE00298,32.95614221793278,-96.9464946547578,XYZ402,C,-113,-2,153,124,Coverage_Hole,5,13,beam_coverage_gap
2026-07-01 14:00:00,UE00302,32.92943662454425,-96.94780278167008,XYZ403,A,-110,0,146,104,Fair,3,20,beam_coverage_gap
2026-07-01 15:00:00,UE00303,32.914125225389874,-96.98558185900208,XYZ401,C,-95,9,419,44,Coverage_Hole,4,54,beam_coverage_gap
2026-07-01 16:00:00,UE00304,32.904205524612046,-96.95788222931688,XYZ402,A,-109,0,144,37,Good,5,20,beam_coverage_gap
2026-07-01 19:00:00,UE00307,32.925453738156754,-96.9531669975634,XYZ402,A,-105,8,367,126,Good,2,50,beam_coverage_gap
2026-07-01 21:00:00,UE00309,32.89841135738014,-96.96107807409038,XYZ401,A,-124,1,185,18,Fair,4,24,beam_coverage_gap
2026-07-01 22:00:00,UE00310,32.93533535225856,-97.02417619607093,XYZ402,C,-107,0,150,95,Good,5,21,beam_coverage_gap
2026-07-01 23:00:00,UE00311,32.92226599577266,-96.98026400609012,XYZ403,C,-86,13,358,29,Coverage_Hole,6,69,beam_coverage_gap
2026-07-01 01:00:00,UE00313,32.94766903724373,-96.94465075408894,XYZ402,B,-116,3,260,84,Poor,2,30,beam_coverage_gap
2026-07-01 03:00:00,UE00315,32.91416163446532,-97.0240821500958,XYZ401,B,-109,0,177,80,Coverage_Hole,4,21,beam_coverage_gap
2026-07-01 04:00:00,UE00316,32.92988360959732,-96.95180646033576,XYZ402,A,-101,12,400,61,Good,5,66,beam_coverage_gap
2026-07-01 05:00:00,UE00317,32.96733182427472,-96.95618111567715,XYZ403,A,-111,0,192,30,Poor,6,21,beam_coverage_gap
2026-07-01 06:00:00,UE00318,32.93769705405846,-97.01222825585184,XYZ401,A,-96,5,283,36,Good,1,40,beam_coverage_gap
2026-07-01 07:00:00,UE00319,32.919578348413445,-96.99757435519024,XYZ402,C,-99,10,377,74,Poor,2,58,beam_coverage_gap
2026-07-01 08:00:00,UE00320,32.89807535580203,-96.9831524664674,XYZ403,A,-107,2,252,117,Coverage_Hole,3,29,beam_coverage_gap
2026-07-01 09:00:00,UE00321,32.91680631315738,-96.9514259373966,XYZ401,C,-109,4,293,94,Excellent,4,37,beam_coverage_gap
2026-07-01 10:00:00,UE00322,32.90510503715675,-97.01643897934972,XYZ402,C,-120,0,149,92,Coverage_Hole,5,20,beam_coverage_gap
2026-07-01 11:00:00,UE00323,32.962746000249254,-96.9511886186424,XYZ403,A,-113,-1,132,41,Coverage_Hole,6,14,beam_coverage_gap
2026-07-01 12:00:00,UE00324,32.912259222147945,-96.95092965287168,XYZ401,C,-107,1,184,39,Coverage_Hole,1,22,beam_coverage_gap
2026-07-01 14:00:00,UE00326,32.94773273298106,-97.02173894765262,XYZ403,C,-113,0,192,47,Coverage_Hole,3,21,beam_coverage_gap
2026-07-01 15:00:00,UE00327,32.9235270901714,-97.0221395967851,XYZ401,A,-104,5,269,74,Coverage_Hole,4,38,beam_coverage_gap
2026-07-01 16:00:00,UE00328,32.93928474867496,-96.9392462456798,XYZ402,A,-112,-4,82,34,Poor,5,5,beam_coverage_gap
2026-07-01 19:00:00,UE00331,32.93611144783586,-97.01777344389724,XYZ402,C,-112,2,202,125,Coverage_Hole,2,28,beam_coverage_gap
2026-07-01 20:00:00,UE00332,32.90972826112371,-96.98632621340738,XYZ403,A,-99,4,264,93,Poor,3,36,beam_coverage_gap
2026-07-01 23:00:00,UE00335,32.963111169874146,-96.96700885795276,XYZ403,A,-103,4,248,31,Good,6,37,beam_coverage_gap
2026-07-01 00:00:00,UE00336,32.905235863991095,-96.98575759454545,XYZ401,A,-107,1,209,85,Good,1,22,beam_coverage_gap
2026-07-01 01:00:00,UE00337,32.93184131102881,-97.00667086488812,XYZ402,B,-95,9,371,115,Excellent,2,55,beam_coverage_gap
2026-07-01 02:00:00,UE00338,32.975547174541724,-96.98127879688477,XYZ403,C,-113,-5,93,21,Good,3,5,beam_coverage_gap
2026-07-01 04:00:00,UE00340,32.93512245469169,-96.97895024244532,XYZ402,A,-83,19,435,101,Fair,5,92,beam_coverage_gap
2026-07-01 07:00:00,UE00343,32.9477644361585,-96.99384631250298,XYZ402,C,-89,15,454,94,Excellent,2,75,beam_coverage_gap
2026-07-01 08:00:00,UE00344,32.976909871675105,-96.99022444332536,XYZ403,C,-114,0,155,83,Coverage_Hole,3,20,beam_coverage_gap
2026-07-01 12:00:00,UE00348,32.948279535862106,-97.02976030685817,XYZ401,B,-117,0,183,36,Poor,1,21,beam_coverage_gap
2026-07-01 13:00:00,UE00349,32.97828115510204,-96.98160943802552,XYZ402,C,-115,1,153,129,Coverage_Hole,2,23,beam_coverage_gap
2026-07-01 14:00:00,UE00350,32.90524215086449,-97.00345695612852,XYZ403,B,-109,0,185,62,Coverage_Hole,3,20,beam_coverage_gap
2026-07-01 15:00:00,UE00351,32.94436984393956,-96.9538477823399,XYZ401,A,-108,6,250,42,Good,4,42,beam_coverage_gap
2026-07-01 16:00:00,UE00352,32.9315419943632,-96.9851034262505,XYZ402,A,-77,17,511,38,Poor,5,85,beam_coverage_gap
2026-07-01 18:00:00,UE00354,32.96720516432891,-97.0085104377286,XYZ401,A,-117,1,158,59,Excellent,1,23,beam_coverage_gap
2026-07-01 20:00:00,UE00356,32.970475078791,-97.00418612439093,XYZ403,B,-114,2,239,123,Excellent,3,28,beam_coverage_gap
2026-07-01 21:00:00,UE00357,32.97388249378867,-96.97041327329865,XYZ401,A,-114,-2,119,26,Poor,4,13,beam_coverage_gap
2026-07-01 22:00:00,UE00358,32.92187261568243,-97.01879618582872,XYZ402,C,-105,6,225,83,Excellent,5,41,beam_coverage_gap
2026-07-01 23:00:00,UE00359,32.95316656189867,-96.99000046915046,XYZ403,B,-87,8,298,98,Fair,6,49,beam_coverage_gap
2026-07-01 02:00:00,UE00362,32.917653358135034,-97.03110506789577,XYZ403,C,-116,-8,45,89,Fair,3,5,beam_coverage_gap
2026-07-01 03:00:00,UE00363,32.914871262390115,-96.94072079119518,XYZ401,A,-112,0,212,123,Poor,4,20,beam_coverage_gap
2026-07-01 04:00:00,UE00364,32.91285388006917,-97.01648506110716,XYZ402,A,-106,0,159,89,Poor,5,20,beam_coverage_gap
2026-07-01 05:00:00,UE00365,32.92328173821247,-96.9483981492384,XYZ403,B,-102,2,263,77,Excellent,6,28,beam_coverage_gap
2026-07-01 06:00:00,UE00366,32.95041056606746,-96.96327163759948,XYZ401,C,-106,10,298,17,Excellent,1,58,beam_coverage_gap
2026-07-01 07:00:00,UE00367,32.9506938752069,-96.98784611998089,XYZ402,B,-92,13,365,96,Excellent,2,69,beam_coverage_gap
2026-07-01 09:00:00,UE00369,32.958234253046925,-96.9528969502373,XYZ401,C,-110,3,208,119,Good,4,31,beam_coverage_gap
2026-07-01 11:00:00,UE00371,32.93459606797038,-96.99918893882148,XYZ403,C,-92,17,577,128,Coverage_Hole,6,84,beam_coverage_gap
2026-07-01 12:00:00,UE00372,32.92051893487438,-97.02624128365062,XYZ401,B,-111,1,192,82,Good,1,22,beam_coverage_gap
2026-07-01 13:00:00,UE00373,32.92903851334213,-96.94701445413902,XYZ402,B,-106,3,257,23,Fair,2,31,beam_coverage_gap
2026-07-01 14:00:00,UE00374,32.93987997160647,-96.9891695769422,XYZ403,A,-88,19,445,36,Excellent,3,92,beam_coverage_gap
2026-07-01 15:00:00,UE00375,32.95210897606371,-97.0172556912382,XYZ401,B,-102,0,166,70,Fair,4,20,beam_coverage_gap
2026-07-01 16:00:00,UE00376,32.959661052343776,-96.98135333143274,XYZ402,A,-101,3,192,114,Excellent,5,31,beam_coverage_gap
2026-07-01 17:00:00,UE00377,32.96507876388636,-97.01550547544709,XYZ403,C,-116,-3,128,110,Good,6,10,beam_coverage_gap
2026-07-01 19:00:00,UE00379,32.933671257064034,-96.96152398170584,XYZ402,C,-93,11,438,52,Fair,2,64,beam_coverage_gap
2026-07-01 20:00:00,UE00380,32.94731039727283,-96.94685379231582,XYZ403,B,-104,3,210,117,Good,3,32,beam_coverage_gap
2026-07-01 21:00:00,UE00381,32.9008564208653,-96.99898431145412,XYZ401,A,-112,-3,143,46,Poor,4,9,beam_coverage_gap
2026-07-01 22:00:00,UE00382,32.91576540083218,-96.98067809559268,XYZ402,B,-98,12,467,77,Coverage_Hole,5,66,beam_coverage_gap
2026-07-01 23:00:00,UE00383,32.95732834290331,-96.96902401272352,XYZ403,A,-101,2,228,76,Excellent,6,29,beam_coverage_gap
2026-07-01 01:00:00,UE00385,32.949770631433736,-96.98477850631517,XYZ402,C,-80,13,332,106,Excellent,2,68,beam_coverage_gap
2026-07-01 02:00:00,UE00386,32.93236983092337,-96.94224361897383,XYZ403,A,-106,2,262,70,Excellent,3,29,beam_coverage_gap
2026-07-01 03:00:00,UE00387,32.90888278891191,-96.94906445267462,XYZ401,B,-109,1,204,94,Poor,4,22,beam_coverage_gap
2026-07-01 05:00:00,UE00389,32.89688459653941,-96.96279226195423,XYZ403,B,-113,-2,146,35,Good,6,12,beam_coverage_gap
2026-07-01 06:00:00,UE00390,32.93710090103593,-96.93404892770678,XYZ401,C,-113,-1,116,26,Fair,1,15,beam_coverage_gap
2026-07-01 08:00:00,UE00392,32.95708034989599,-97.02254894303896,XYZ403,C,-114,-3,146,107,Coverage_Hole,3,11,beam_coverage_gap
2026-07-01 09:00:00,UE00393,32.95448887718814,-97.0235453685804,XYZ401,B,-110,0,166,122,Good,4,20,beam_coverage_gap
2026-07-01 10:00:00,UE00394,32.93863857425138,-97.0011281861305,XYZ402,B,-91,18,469,18,Poor,5,90,beam_coverage_gap
2026-07-01 11:00:00,UE00395,32.90320850761146,-97.00984629895058,XYZ403,B,-110,-2,140,25,Poor,6,12,beam_coverage_gap
2026-07-01 12:00:00,UE00396,32.938408465578775,-97.01117950248222,XYZ401,C,-97,2,247,34,Good,1,28,beam_coverage_gap
2026-07-01 13:00:00,UE00397,32.97137685065971,-96.97503291639404,XYZ402,C,-120,0,144,24,Coverage_Hole,2,20,beam_coverage_gap
2026-07-01 14:00:00,UE00398,32.9127892673026,-96.97796367557817,XYZ403,B,-93,8,309,124,Good,3,49,beam_coverage_gap
2026-07-01 15:00:00,UE00399,32.94276903196321,-97.01935404523437,XYZ401,A,-111,0,195,16,Coverage_Hole,4,21,beam_coverage_gap
2026-07-01 17:00:00,UE00401,32.90254419833423,-96.98926127588788,XYZ403,C,-107,-2,144,68,Coverage_Hole,6,12,beam_coverage_gap
2026-07-01 19:00:00,UE00403,32.9512116176177,-97.01139679565908,XYZ402,A,-104,6,302,89,Excellent,2,41,beam_coverage_gap
2026-07-01 22:00:00,UE00406,32.95826609382782,-96.9785760033707,XYZ402,B,-110,8,330,112,Fair,5,49,beam_coverage_gap
2026-07-01 23:00:00,UE00407,32.92830072705989,-96.93567086077856,XYZ403,B,-111,-5,105,29,Good,6,5,beam_coverage_gap
2026-07-01 01:00:00,UE00409,32.91680100666311,-97.01657024740489,XYZ402,B,-104,-1,115,94,Good,2,15,beam_coverage_gap
2026-07-01 03:00:00,UE00411,32.96588977883424,-96.98350224890154,XYZ401,C,-102,8,298,102,Coverage_Hole,4,50,beam_coverage_gap
2026-07-01 04:00:00,UE00412,32.89608838923039,-96.97231449297762,XYZ402,C,-124,-2,145,99,Poor,5,12,beam_coverage_gap
2026-07-01 07:00:00,UE00415,32.93416639555137,-96.95045715918478,XYZ402,A,-99,2,191,44,Coverage_Hole,2,28,beam_coverage_gap
2026-07-01 08:00:00,UE00416,32.93731143262475,-96.97850514039554,XYZ403,B,-80,18,494,111,Poor,3,90,beam_coverage_gap
2026-07-01 09:00:00,UE00417,32.91199535127835,-96.96225944862904,XYZ401,B,-101,0,213,68,Coverage_Hole,4,20,beam_coverage_gap
2026-07-01 10:00:00,UE00418,32.92831276724131,-96.9465771778465,XYZ402,A,-111,-1,110,123,Good,5,14,beam_coverage_gap
2026-07-01 12:00:00,UE00420,32.945070374015415,-97.03404910790498,XYZ401,A,-116,-3,148,85,Poor,1,10,beam_coverage_gap
2026-07-01 13:00:00,UE00421,32.9610221806572,-97.02600047308952,XYZ402,B,-107,-2,137,71,Fair,2,13,beam_coverage_gap
2026-07-01 14:00:00,UE00422,32.92160772067309,-96.97100877181514,XYZ403,C,-97,5,268,97,Coverage_Hole,3,38,beam_coverage_gap
2026-07-01 16:00:00,UE00424,32.95720672515936,-96.96786224403176,XYZ402,B,-111,4,242,19,Poor,5,36,beam_coverage_gap
2026-07-01 18:00:00,UE00426,32.92480534232542,-97.0341596622982,XYZ401,B,-110,-2,142,55,Coverage_Hole,1,12,beam_coverage_gap
2026-07-01 20:00:00,UE00428,32.95763696655628,-96.95805531338785,XYZ403,A,-111,1,173,97,Poor,3,24,beam_coverage_gap
2026-07-01 21:00:00,UE00429,32.8996719256728,-96.96146338370109,XYZ401,A,-122,-2,127,82,Excellent,4,12,beam_coverage_gap
2026-07-01 22:00:00,UE00430,32.93708809635777,-96.96318441538722,XYZ402,C,-97,13,464,74,Poor,5,69,beam_coverage_gap
2026-07-01 23:00:00,UE00431,32.972994370945386,-96.96969388142374,XYZ403,A,-114,-3,132,49,Fair,6,10,beam_coverage_gap
2026-07-01 00:00:00,UE00432,32.95198554348665,-96.94608212494596,XYZ401,B,-104,1,145,55,Good,1,23,beam_coverage_gap
2026-07-01 01:00:00,UE00433,32.91351102545421,-96.97929700744731,XYZ402,A,-96,11,449,93,Poor,2,64,beam_coverage_gap
2026-07-01 03:00:00,UE00435,32.92301509623649,-96.99367706893258,XYZ401,A,-78,9,326,117,Fair,4,55,beam_coverage_gap
2026-07-01 04:00:00,UE00436,32.917387767874594,-97.00532995141526,XYZ402,B,-101,3,192,67,Fair,5,30,beam_coverage_gap
2026-07-01 05:00:00,UE00437,32.92917911741443,-96.94131301617628,XYZ403,A,-117,4,244,116,Excellent,6,36,beam_coverage_gap
2026-07-01 06:00:00,UE00438,32.97428751864806,-96.99277795386662,XYZ401,A,-112,2,191,57,Good,1,28,beam_coverage_gap
2026-07-01 07:00:00,UE00439,32.92317762801693,-97.03012477980172,XYZ402,B,-117,0,177,90,Excellent,2,21,beam_coverage_gap
2026-07-01 08:00:00,UE00440,32.912376921573674,-97.02883466878568,XYZ403,B,-115,0,166,29,Fair,3,20,beam_coverage_gap
2026-07-01 09:00:00,UE00441,32.9664132255862,-97.01580131231523,XYZ401,C,-122,-8,48,86,Coverage_Hole,4,5,beam_coverage_gap
2026-07-01 10:00:00,UE00442,32.92013473603764,-97.00436114695184,XYZ402,B,-88,10,363,24,Coverage_Hole,5,57,beam_coverage_gap
2026-07-01 11:00:00,UE00443,32.926196070793296,-96.9916839883446,XYZ403,A,-87,14,418,104,Fair,6,73,beam_coverage_gap
2026-07-01 12:00:00,UE00444,32.92650392171,-97.03153317439089,XYZ401,A,-111,0,164,87,Good,1,20,beam_coverage_gap
2026-07-01 13:00:00,UE00445,32.91781166518519,-96.95429795991768,XYZ402,C,-102,0,199,16,Poor,2,21,beam_coverage_gap
2026-07-01 14:00:00,UE00446,32.926009168723425,-96.93864350198868,XYZ403,B,-120,2,183,69,Good,3,28,beam_coverage_gap
2026-07-01 15:00:00,UE00447,32.965143353657496,-96.98189119475552,XYZ401,A,-108,2,202,112,Good,4,28,beam_coverage_gap
2026-07-01 17:00:00,UE00449,32.96779264178581,-96.9555229722287,XYZ403,A,-113,0,213,15,Poor,6,21,beam_coverage_gap
2026-07-01 19:00:00,UE00451,32.920348966505166,-97.0240720323386,XYZ402,C,-116,3,221,87,Good,2,32,beam_coverage_gap
2026-07-01 20:00:00,UE00452,32.91847655366286,-97.02350529047813,XYZ403,A,-115,3,189,21,Coverage_Hole,3,30,beam_coverage_gap
2026-07-01 21:00:00,UE00453,32.969981997098415,-97.00285541733666,XYZ401,A,-111,1,148,128,Good,4,23,beam_coverage_gap
2026-07-01 22:00:00,UE00454,32.92987075792346,-96.97907146190428,XYZ402,B,-88,18,482,34,Coverage_Hole,5,89,beam_coverage_gap
2026-07-01 23:00:00,UE00455,32.92338168095052,-97.0079784985869,XYZ403,A,-92,9,428,81,Good,6,56,beam_coverage_gap
2026-07-01 01:00:00,UE00457,32.936560650324154,-96.9392954751465,XYZ402,B,-114,-5,94,115,Fair,2,5,beam_coverage_gap
2026-07-01 02:00:00,UE00458,32.89219497481797,-96.97696361951228,XYZ403,C,-119,0,186,117,Poor,3,20,beam_coverage_gap
2026-07-01 03:00:00,UE00459,32.93848585160732,-96.93695917192692,XYZ401,C,-112,-3,135,34,Fair,4,10,beam_coverage_gap
2026-07-01 04:00:00,UE00460,32.95851531827304,-96.94965852421306,XYZ402,C,-117,6,216,115,Good,5,41,beam_coverage_gap
2026-07-01 05:00:00,UE00461,32.924098493616924,-96.96766552050786,XYZ403,A,-97,11,420,121,Coverage_Hole,6,63,beam_coverage_gap
2026-07-01 06:00:00,UE00462,32.913305480896135,-96.95339482693254,XYZ401,B,-109,2,230,41,Excellent,1,29,beam_coverage_gap
2026-07-01 08:00:00,UE00464,32.90261455468187,-96.97180569850646,XYZ403,C,-112,4,259,116,Excellent,3,37,beam_coverage_gap
2026-07-01 09:00:00,UE00465,32.901789131118925,-96.96651362715512,XYZ401,A,-109,0,173,59,Poor,4,21,beam_coverage_gap
2026-07-01 10:00:00,UE00466,32.948584235551735,-97.03431726565093,XYZ402,B,-116,0,158,63,Good,5,21,beam_coverage_gap
2026-07-01 12:00:00,UE00468,32.903309779479045,-96.95786611417562,XYZ401,C,-114,1,178,90,Coverage_Hole,1,22,beam_coverage_gap
2026-07-01 13:00:00,UE00469,32.95737223639195,-96.9934328353353,XYZ402,C,-89,12,326,101,Good,2,65,beam_coverage_gap
2026-07-01 14:00:00,UE00470,32.9506775866,-97.02314732746316,XYZ403,B,-110,0,179,46,Excellent,3,21,beam_coverage_gap
2026-07-01 15:00:00,UE00471,32.89671566892685,-96.99586838066696,XYZ401,A,-115,0,150,112,Fair,4,20,beam_coverage_gap
2026-07-01 16:00:00,UE00472,32.9664643541601,-97.00156820786526,XYZ402,B,-106,0,181,90,Poor,5,20,beam_coverage_gap
2026-07-01 18:00:00,UE00474,32.911567758088765,-96.96934133883552,XYZ401,A,-106,6,308,35,Fair,1,42,beam_coverage_gap
2026-07-01 19:00:00,UE00475,32.89371427567811,-96.99643119932908,XYZ402,C,-112,-3,133,118,Coverage_Hole,2,10,beam_coverage_gap
2026-07-01 20:00:00,UE00476,32.96724874150826,-97.00700645511064,XYZ403,A,-111,3,230,25,Excellent,3,31,beam_coverage_gap
2026-07-01 22:00:00,UE00478,32.928847530191675,-96.99750001979768,XYZ402,C,-89,10,392,93,Good,5,58,beam_coverage_gap
2026-07-01 23:00:00,UE00479,32.945687065927785,-96.95373855946384,XYZ403,A,-108,2,201,77,Good,6,28,beam_coverage_gap
2026-07-01 00:00:00,UE00480,32.89348847091164,-96.9831925283163,XYZ401,C,-118,-2,136,121,Excellent,1,12,beam_coverage_gap
2026-07-01 01:00:00,UE00481,32.89654462059816,-96.98800804211248,XYZ402,B,-116,-1,128,98,Good,2,15,beam_coverage_gap
2026-07-01 03:00:00,UE00483,32.897946535851915,-97.00941427241128,XYZ401,B,-119,-2,118,57,Coverage_Hole,4,13,beam_coverage_gap
2026-07-01 04:00:00,UE00484,32.929630786208435,-96.96586532323632,XYZ402,A,-96,8,313,35,Fair,5,50,beam_coverage_gap
2026-07-01 05:00:00,UE00485,32.91937045089248,-96.9651713943394,XYZ403,B,-106,11,406,58,Fair,6,63,beam_coverage_gap
2026-07-01 07:00:00,UE00487,32.93650755384097,-96.9421277058432,XYZ402,C,-110,-4,72,54,Poor,2,5,beam_coverage_gap
2026-07-01 11:00:00,UE00491,32.959272293091566,-97.00535373166144,XYZ403,A,-102,4,288,88,Poor,6,36,beam_coverage_gap
2026-07-01 12:00:00,UE00492,32.954852594490795,-97.01792735583176,XYZ401,A,-103,3,185,31,Good,1,31,beam_coverage_gap
2026-07-01 15:00:00,UE00495,32.922174567417386,-96.94951986817756,XYZ401,B,-106,1,169,87,Excellent,4,23,beam_coverage_gap
2026-07-01 17:00:00,UE00497,32.911538154876084,-97.0171322580877,XYZ403,C,-108,2,217,117,Good,6,28,beam_coverage_gap
2026-07-01 18:00:00,UE00498,32.90754187342184,-96.97398572418427,XYZ401,A,-108,3,261,128,Excellent,1,30,beam_coverage_gap
2026-07-01 19:00:00,UE00499,32.91465959519037,-97.02568003235248,XYZ402,A,-112,-1,119,45,Poor,2,14,beam_coverage_gap
2026-07-01 20:00:00,UE00500,32.9130053889732,-97.01930608154036,XYZ403,B,-109,2,269,22,Excellent,3,28,beam_coverage_gap
2026-07-01 21:00:00,UE00501,32.9274918603294,-96.9344307196076,XYZ401,B,-125,-2,154,34,Coverage_Hole,4,13,beam_coverage_gap
2026-07-01 23:00:00,UE00503,32.9627303543028,-96.97255834345962,XYZ403,B,-107,0,212,104,Poor,6,21,beam_coverage_gap
2026-07-01 01:00:00,UE00505,32.903798578653706,-97.0212141480728,XYZ402,B,-124,-4,73,70,Fair,2,5,beam_coverage_gap
2026-07-01 02:00:00,UE00506,32.92997906847214,-96.97660325196388,XYZ403,A,-82,13,367,122,Excellent,3,67,beam_coverage_gap
2026-07-01 03:00:00,UE00507,32.9142300943499,-97.0231757611554,XYZ401,B,-111,3,244,90,Good,4,30,beam_coverage_gap
2026-07-01 04:00:00,UE00508,32.91339250509313,-96.96786748571172,XYZ402,C,-102,1,155,124,Poor,5,22,beam_coverage_gap
2026-07-01 06:00:00,UE00510,32.96792411635489,-97.008329608704,XYZ401,C,-111,2,250,45,Good,1,29,beam_coverage_gap
2026-07-01 08:00:00,UE00512,32.939430894360775,-96.93749297911448,XYZ403,C,-116,-3,157,117,Excellent,3,11,beam_coverage_gap
2026-07-01 09:00:00,UE00513,32.91824558653366,-96.9520390962363,XYZ401,C,-106,3,240,111,Good,4,31,beam_coverage_gap
2026-07-01 13:00:00,UE00517,32.93478396538326,-97.03308505014472,XYZ402,A,-117,-2,157,101,Excellent,2,13,beam_coverage_gap
2026-07-01 16:00:00,UE00520,32.89759188789273,-96.99948965065823,XYZ402,B,-114,-2,121,29,Fair,5,12,beam_coverage_gap
2026-07-01 18:00:00,UE00522,32.90048715073971,-97.00141587278384,XYZ401,C,-107,0,201,26,Excellent,1,21,beam_coverage_gap
2026-07-01 21:00:00,UE00525,32.91535478763602,-97.02312700670456,XYZ401,A,-107,-1,138,36,Excellent,4,15,beam_coverage_gap
2026-07-01 23:00:00,UE00527,32.96639640262733,-97.01656801444224,XYZ403,B,-110,0,183,121,Poor,6,21,beam_coverage_gap
2026-07-01 00:00:00,UE00528,32.95106196346364,-96.94598984854343,XYZ401,A,-112,3,248,117,Coverage_Hole,1,32,beam_coverage_gap
2026-07-01 01:00:00,UE00529,32.93460435468332,-97.01932118497416,XYZ402,A,-104,2,195,20,Poor,2,28,beam_coverage_gap
2026-07-01 04:00:00,UE00532,32.972723763312835,-97.00339975316312,XYZ402,A,-113,0,203,15,Poor,5,20,beam_coverage_gap
2026-07-01 05:00:00,UE00533,32.918635546014386,-96.93831123380066,XYZ403,A,-116,-5,75,78,Coverage_Hole,6,5,beam_coverage_gap
2026-07-01 06:00:00,UE00534,32.949013391997056,-96.95000946585388,XYZ401,C,-103,4,221,23,Fair,1,36,beam_coverage_gap
2026-07-01 07:00:00,UE00535,32.93448543737571,-97.03066146895404,XYZ402,A,-117,0,164,58,Coverage_Hole,2,20,beam_coverage_gap
2026-07-01 09:00:00,UE00537,32.92042102714939,-96.94110935049578,XYZ401,A,-124,0,175,65,Fair,4,20,beam_coverage_gap
2026-07-01 10:00:00,UE00538,32.972277477480375,-96.9874131938232,XYZ402,C,-117,4,310,27,Poor,5,37,beam_coverage_gap
2026-07-01 11:00:00,UE00539,32.914975669251646,-96.973493539436,XYZ403,B,-102,12,370,54,Excellent,6,66,beam_coverage_gap
2026-07-01 12:00:00,UE00540,32.92644820931309,-96.96404033500625,XYZ401,C,-93,10,317,80,Coverage_Hole,1,57,beam_coverage_gap
2026-07-01 13:00:00,UE00541,32.903836150588226,-96.9518281162006,XYZ402,A,-112,-2,108,77,Fair,2,12,beam_coverage_gap
2026-07-01 14:00:00,UE00542,32.95611903453726,-96.97662851846056,XYZ403,C,-95,7,312,34,Fair,3,46,beam_coverage_gap
2026-07-01 15:00:00,UE00543,32.917321969877904,-97.02496114187949,XYZ401,C,-116,0,206,91,Coverage_Hole,4,20,beam_coverage_gap
2026-07-01 16:00:00,UE00544,32.958919003636666,-97.01878494680902,XYZ402,B,-111,7,258,42,Coverage_Hole,5,48,beam_coverage_gap
2026-07-01 17:00:00,UE00545,32.96134056975512,-97.01979639079748,XYZ403,B,-115,0,198,61,Fair,6,20,beam_coverage_gap
2026-07-01 18:00:00,UE00546,32.96406915144543,-96.98365840797892,XYZ401,B,-106,8,337,73,Poor,1,49,beam_coverage_gap
2026-07-01 19:00:00,UE00547,32.94352995165732,-97.00059591616808,XYZ402,A,-86,9,316,109,Excellent,2,55,beam_coverage_gap
2026-07-01 20:00:00,UE00548,32.899440811385574,-96.98752039516228,XYZ403,B,-114,5,267,62,Fair,3,39,beam_coverage_gap
2026-07-01 21:00:00,UE00549,32.9463457893715,-96.99169750536944,XYZ401,A,-82,17,464,41,Fair,4,83,beam_coverage_gap
2026-07-01 23:00:00,UE00551,32.94430104105688,-96.99385524309784,XYZ403,C,-85,12,463,58,Excellent,6,66,beam_coverage_gap
2026-07-01 02:00:00,UE00554,32.895687024030074,-96.97162026434104,XYZ403,B,-124,2,181,107,Fair,3,29,beam_coverage_gap
2026-07-01 03:00:00,UE00555,32.936347777052625,-96.95296717297649,XYZ401,A,-102,8,254,82,Coverage_Hole,4,50,beam_coverage_gap
2026-07-01 04:00:00,UE00556,32.91696348805531,-97.01410959248666,XYZ402,A,-111,7,263,31,Coverage_Hole,5,48,beam_coverage_gap
2026-07-01 05:00:00,UE00557,32.97329391176661,-96.972373655573,XYZ403,B,-112,-1,118,34,Excellent,6,16,beam_coverage_gap
2026-07-01 07:00:00,UE00559,32.94155378209619,-97.02069404121094,XYZ402,C,-109,4,223,128,Good,2,36,beam_coverage_gap
2026-07-01 08:00:00,UE00560,32.94854122145863,-96.93825480901738,XYZ403,C,-113,1,185,110,Excellent,3,23,beam_coverage_gap
2026-07-01 11:00:00,UE00563,32.95594423058049,-96.96687530550228,XYZ403,A,-101,8,302,75,Fair,6,50,beam_coverage_gap
2026-07-01 12:00:00,UE00564,32.91064985364215,-96.95788981950676,XYZ401,C,-98,2,223,82,Good,1,28,beam_coverage_gap
2026-07-01 13:00:00,UE00565,32.910563416357824,-97.01867321745692,XYZ402,B,-113,2,219,37,Excellent,2,29,beam_coverage_gap
2026-07-01 14:00:00,UE00566,32.90389346120491,-97.00146666033834,XYZ403,A,-108,2,265,104,Poor,3,28,beam_coverage_gap
2026-07-01 15:00:00,UE00567,32.91690717938843,-96.9526187637452,XYZ401,A,-111,3,205,17,Excellent,4,30,beam_coverage_gap
2026-07-01 16:00:00,UE00568,32.94713971311283,-97.01613522656564,XYZ402,A,-111,6,288,18,Good,5,42,beam_coverage_gap
2026-07-01 17:00:00,UE00569,32.90604217222607,-97.02126729779032,XYZ403,C,-122,-3,161,89,Coverage_Hole,6,9,beam_coverage_gap
2026-07-01 18:00:00,UE00570,32.934235027662794,-97.01479957165672,XYZ401,B,-108,1,153,62,Poor,1,22,beam_coverage_gap
2026-07-01 19:00:00,UE00571,32.97298884931673,-96.98730650707516,XYZ402,A,-114,0,207,63,Excellent,2,21,beam_coverage_gap
2026-07-01 21:00:00,UE00573,32.93062725853254,-96.95162792145356,XYZ401,C,-100,3,267,34,Good,4,32,beam_coverage_gap
2026-07-01 22:00:00,UE00574,32.96248902911693,-96.99607645416384,XYZ402,B,-103,0,194,88,Fair,5,21,beam_coverage_gap
2026-07-01 00:00:00,UE00576,32.92558185603682,-97.01580500229082,XYZ401,A,-91,0,176,60,Good,1,21,beam_coverage_gap
2026-07-01 02:00:00,UE00578,32.959598457360016,-96.96229454674044,XYZ403,C,-105,9,348,102,Fair,3,55,beam_coverage_gap
2026-07-01 03:00:00,UE00579,32.92052937550006,-97.02438478900656,XYZ401,A,-104,1,185,92,Coverage_Hole,4,22,beam_coverage_gap
2026-07-01 05:00:00,UE00581,32.901893835075754,-96.98847704275204,XYZ403,A,-116,2,188,35,Fair,6,29,beam_coverage_gap
2026-07-01 06:00:00,UE00582,32.94500894835836,-96.9591885856008,XYZ401,C,-99,6,290,31,Good,1,42,beam_coverage_gap
2026-07-01 07:00:00,UE00583,32.92703169782377,-96.94402237216778,XYZ402,A,-116,1,145,103,Good,2,24,beam_coverage_gap
2026-07-01 08:00:00,UE00584,32.898574461632634,-96.9712987007334,XYZ403,A,-110,1,156,40,Excellent,3,22,beam_coverage_gap
2026-07-01 10:00:00,UE00586,32.925982751100385,-96.95717050102245,XYZ402,A,-100,6,308,17,Excellent,5,41,beam_coverage_gap
2026-07-01 11:00:00,UE00587,32.90622172798865,-96.9844084487846,XYZ403,C,-97,2,266,100,Poor,6,29,beam_coverage_gap
2026-07-01 12:00:00,UE00588,32.97059336230242,-96.96248410781249,XYZ401,B,-112,-4,101,112,Good,1,5,beam_coverage_gap
2026-07-01 13:00:00,UE00589,32.947799808343625,-96.9494870603862,XYZ402,B,-108,-1,149,26,Poor,2,14,beam_coverage_gap
2026-07-01 16:00:00,UE00592,32.956619952091366,-96.94055463095332,XYZ402,A,-114,-4,106,109,Poor,5,5,beam_coverage_gap
2026-07-01 17:00:00,UE00593,32.946784695120286,-97.02016743941137,XYZ403,C,-103,7,342,102,Poor,6,48,beam_coverage_gap
2026-07-01 18:00:00,UE00594,32.92936835490012,-96.97774849917508,XYZ401,A,-90,17,397,57,Fair,1,84,beam_coverage_gap
2026-07-01 19:00:00,UE00595,32.96233869936766,-96.98493930514942,XYZ402,A,-102,3,217,90,Coverage_Hole,2,31,beam_coverage_gap
2026-07-01 20:00:00,UE00596,32.96425285934794,-97.01228721345107,XYZ403,C,-116,2,261,94,Fair,3,28,beam_coverage_gap
2026-07-01 21:00:00,UE00597,32.95308679166907,-97.00340494103328,XYZ401,A,-100,12,427,27,Poor,4,66,beam_coverage_gap
2026-07-01 22:00:00,UE00598,32.92875287399098,-97.00433049166992,XYZ402,A,-85,12,395,31,Coverage_Hole,5,65,beam_coverage_gap
2026-07-01 23:00:00,UE00599,32.969215404539334,-96.97368987971666,XYZ403,A,-106,-2,109,112,Excellent,6,13,beam_coverage_gap
2026-07-01 00:00:00,UE00600,32.94464576385076,-96.94984878471948,XYZ401,C,-103,-1,115,79,Coverage_Hole,1,16,beam_coverage_gap
2026-07-01 01:00:00,UE00601,32.95551728673733,-96.94859315552348,XYZ402,A,-110,2,206,33,Coverage_Hole,2,28,beam_coverage_gap
2026-07-01 02:00:00,UE00602,32.89969003213552,-97.00229282036254,XYZ403,A,-112,3,232,91,Poor,3,31,beam_coverage_gap
2026-07-01 03:00:00,UE00603,32.901150612768085,-96.98072479324804,XYZ401,A,-108,1,166,88,Excellent,4,23,beam_coverage_gap
2026-07-01 04:00:00,UE00604,32.90428458534911,-96.9633549906036,XYZ402,C,-115,5,323,28,Poor,5,39,beam_coverage_gap
2026-07-01 05:00:00,UE00605,32.96499501325261,-96.98163443324468,XYZ403,A,-106,2,205,37,Good,6,29,beam_coverage_gap
2026-07-01 07:00:00,UE00607,32.903060117020544,-96.95168155756002,XYZ402,B,-113,-3,135,38,Fair,2,10,beam_coverage_gap
2026-07-01 08:00:00,UE00608,32.9110302515216,-97.00582745716218,XYZ403,A,-103,2,239,106,Coverage_Hole,3,29,beam_coverage_gap
2026-07-01 10:00:00,UE00610,32.93233865283814,-97.00150935158555,XYZ402,C,-83,14,418,115,Coverage_Hole,5,74,beam_coverage_gap
2026-07-01 11:00:00,UE00611,32.90495324851438,-96.9749105883385,XYZ403,A,-115,3,182,74,Fair,6,30,beam_coverage_gap
2026-07-01 12:00:00,UE00612,32.947161094845534,-96.93726758116784,XYZ401,C,-120,0,201,90,Good,1,21,beam_coverage_gap
2026-07-01 13:00:00,UE00613,32.9568861267114,-96.9817618136844,XYZ402,C,-98,6,271,75,Good,2,42,beam_coverage_gap
2026-07-01 17:00:00,UE00617,32.94989018014738,-96.93726069938108,XYZ403,A,-122,-6,51,80,Poor,6,5,beam_coverage_gap
2026-07-01 18:00:00,UE00618,32.93445020795481,-97.0186065392904,XYZ401,C,-103,3,224,32,Fair,1,31,beam_coverage_gap
2026-07-01 19:00:00,UE00619,32.906196507676235,-96.98317288499427,XYZ402,C,-102,7,284,97,Fair,2,47,beam_coverage_gap
2026-07-01 20:00:00,UE00620,32.9286823936236,-96.95739138358032,XYZ403,A,-97,11,394,43,Coverage_Hole,3,63,beam_coverage_gap
2026-07-01 22:00:00,UE00622,32.97684296253563,-96.9732918039898,XYZ402,C,-121,-3,161,126,Excellent,5,10,beam_coverage_gap
2026-07-01 00:00:00,UE00624,32.97582126191264,-96.98528083323394,XYZ401,A,-112,-3,122,69,Fair,1,10,beam_coverage_gap
2026-07-01 01:00:00,UE00625,32.97592727750731,-96.99053341585532,XYZ402,A,-120,0,181,55,Coverage_Hole,2,20,beam_coverage_gap
2026-07-01 06:00:00,UE00630,32.948931177956865,-97.00651421641692,XYZ401,C,-98,8,285,47,Fair,1,49,beam_coverage_gap
2026-07-01 07:00:00,UE00631,32.92779096338819,-97.01971401786663,XYZ402,A,-109,4,314,65,Excellent,2,36,beam_coverage_gap
2026-07-01 09:00:00,UE00633,32.90484545462974,-96.96979299377992,XYZ401,C,-101,1,203,24,Excellent,4,23,beam_coverage_gap
2026-07-01 10:00:00,UE00634,32.95034261071301,-96.9626298194966,XYZ402,B,-101,7,335,88,Poor,5,47,beam_coverage_gap
2026-07-01 11:00:00,UE00635,32.96794051838288,-96.991139209292,XYZ403,C,-104,3,197,104,Fair,6,32,beam_coverage_gap
2026-07-01 12:00:00,UE00636,32.904193998663494,-97.01347871134016,XYZ401,B,-113,-4,99,57,Good,1,5,beam_coverage_gap
2026-07-01 13:00:00,UE00637,32.93686180477492,-96.94096065956856,XYZ402,A,-111,-3,141,77,Good,2,10,beam_coverage_gap
2026-07-01 14:00:00,UE00638,32.974040373500536,-96.97563168584315,XYZ403,A,-103,1,178,73,Fair,3,23,beam_coverage_gap
2026-07-01 16:00:00,UE00640,32.93065997635098,-97.00663112130448,XYZ402,A,-100,6,319,55,Fair,5,41,beam_coverage_gap
2026-07-01 19:00:00,UE00643,32.9362876432531,-97.01584539973524,XYZ402,B,-94,9,386,51,Good,2,55,beam_coverage_gap
2026-07-01 20:00:00,UE00644,32.950364561286634,-96.9664661525939,XYZ403,A,-98,8,273,62,Good,3,50,beam_coverage_gap
2026-07-01 21:00:00,UE00645,32.94905757267578,-97.03224742944307,XYZ401,B,-118,-4,78,20,Excellent,4,5,beam_coverage_gap
2026-07-01 22:00:00,UE00646,32.954009945367275,-96.96625129749368,XYZ402,A,-107,6,226,128,Coverage_Hole,5,41,beam_coverage_gap
2026-07-01 23:00:00,UE00647,32.92329834942348,-97.01715141426598,XYZ403,B,-99,1,172,32,Excellent,6,24,beam_coverage_gap
2026-07-01 00:00:00,UE00648,32.90250390349337,-97.01882021488576,XYZ401,A,-115,-4,101,62,Fair,1,5,beam_coverage_gap
2026-07-01 01:00:00,UE00649,32.92530790947462,-96.99244994255864,XYZ402,B,-81,15,436,59,Good,2,76,beam_coverage_gap
2026-07-01 02:00:00,UE00650,32.96203417698956,-96.9519795025084,XYZ403,A,-112,1,176,51,Good,3,22,beam_coverage_gap
2026-07-01 03:00:00,UE00651,32.954694248002475,-96.9822010708962,XYZ401,B,-88,1,152,129,Fair,4,24,beam_coverage_gap
2026-07-01 04:00:00,UE00652,32.969040242285175,-96.9887947621915,XYZ402,C,-105,3,263,72,Excellent,5,30,beam_coverage_gap
2026-07-01 05:00:00,UE00653,32.94492275190938,-96.94361271849004,XYZ403,A,-114,0,153,28,Poor,6,20,beam_coverage_gap
2026-07-01 06:00:00,UE00654,32.89301585549134,-96.98090423417308,XYZ401,A,-110,-2,137,47,Poor,1,12,beam_coverage_gap
2026-07-01 07:00:00,UE00655,32.96817162273859,-96.95724773135817,XYZ402,C,-113,-1,134,121,Fair,2,14,beam_coverage_gap
2026-07-01 08:00:00,UE00656,32.94168096765961,-97.00424864997372,XYZ403,A,-95,10,362,28,Coverage_Hole,3,58,beam_coverage_gap
2026-07-01 09:00:00,UE00657,32.91211789735688,-96.96453450077,XYZ401,C,-102,10,312,86,Poor,4,58,beam_coverage_gap
2026-07-01 10:00:00,UE00658,32.8984370537306,-97.00322584250604,XYZ402,C,-109,2,222,97,Fair,5,29,beam_coverage_gap
2026-07-01 11:00:00,UE00659,32.9430639508589,-97.010652786266,XYZ403,B,-104,5,307,21,Poor,6,38,beam_coverage_gap
2026-07-01 12:00:00,UE00660,32.909628016604614,-96.97504561864405,XYZ401,A,-107,6,299,17,Fair,1,42,beam_coverage_gap
2026-07-01 13:00:00,UE00661,32.93061233199012,-96.93965687544724,XYZ402,C,-113,-5,78,93,Coverage_Hole,2,5,beam_coverage_gap
2026-07-01 14:00:00,UE00662,32.90463567003937,-96.9641521254687,XYZ403,B,-108,-1,154,21,Excellent,3,15,beam_coverage_gap
2026-07-01 15:00:00,UE00663,32.93215537858311,-97.03455103110478,XYZ401,C,-114,-3,148,108,Fair,4,11,beam_coverage_gap
2026-07-01 16:00:00,UE00664,32.93603901018682,-96.97891382791396,XYZ402,B,-84,13,465,111,Coverage_Hole,5,69,beam_coverage_gap
2026-07-01 18:00:00,UE00666,32.951562999118444,-96.93903834077108,XYZ401,B,-121,-1,130,107,Excellent,1,15,beam_coverage_gap
2026-07-01 19:00:00,UE00667,32.96403327763975,-97.00535872413889,XYZ402,A,-112,0,195,71,Coverage_Hole,2,20,beam_coverage_gap
2026-07-01 20:00:00,UE00668,32.917536059859856,-96.9837760073114,XYZ403,A,-91,15,447,45,Coverage_Hole,3,77,beam_coverage_gap
2026-07-01 21:00:00,UE00669,32.912426386495206,-96.96728815660084,XYZ401,A,-107,7,287,38,Fair,4,48,beam_coverage_gap
2026-07-01 22:00:00,UE00670,32.91790751960148,-96.95085398227369,XYZ402,A,-106,4,228,121,Good,5,36,beam_coverage_gap
2026-07-01 23:00:00,UE00671,32.96774012337457,-96.96772776959985,XYZ403,A,-105,2,195,56,Fair,6,28,beam_coverage_gap
2026-07-01 00:00:00,UE00672,32.953722890419776,-96.99202947717104,XYZ401,C,-101,10,328,96,Good,1,58,beam_coverage_gap
2026-07-01 01:00:00,UE00673,32.963628045963496,-97.01522938627464,XYZ402,C,-113,-4,103,61,Poor,2,5,beam_coverage_gap
2026-07-01 02:00:00,UE00674,32.916164478143884,-97.0184926617008,XYZ403,C,-109,0,144,44,Fair,3,21,beam_coverage_gap
2026-07-01 04:00:00,UE00676,32.94281569794279,-96.99892867243024,XYZ402,B,-89,14,510,117,Good,5,73,beam_coverage_gap
2026-07-01 06:00:00,UE00678,32.90481100392337,-96.97328686022192,XYZ401,B,-110,3,199,48,Good,1,31,beam_coverage_gap
2026-07-01 08:00:00,UE00680,32.97204782155845,-97.00040207150414,XYZ403,C,-114,-3,111,42,Poor,3,11,beam_coverage_gap
2026-07-01 09:00:00,UE00681,32.97835090807004,-96.98935667502768,XYZ401,A,-119,0,173,58,Poor,4,20,beam_coverage_gap
2026-07-01 10:00:00,UE00682,32.93376646752286,-96.97975769077506,XYZ402,B,-86,12,425,122,Fair,5,66,beam_coverage_gap
2026-07-01 11:00:00,UE00683,32.947776533578136,-97.02657105056304,XYZ403,A,-108,-3,156,106,Coverage_Hole,6,10,beam_coverage_gap
2026-07-01 12:00:00,UE00684,32.92972071286078,-97.0281024021177,XYZ401,B,-105,4,286,86,Poor,1,37,beam_coverage_gap
2026-07-01 13:00:00,UE00685,32.956152666614344,-96.96134265178648,XYZ402,A,-111,3,205,66,Fair,2,32,beam_coverage_gap
2026-07-01 14:00:00,UE00686,32.924060359346214,-97.03346090123205,XYZ403,B,-119,0,203,77,Coverage_Hole,3,20,beam_coverage_gap
2026-07-01 15:00:00,UE00687,32.934250117704664,-96.93870281061784,XYZ401,A,-111,-4,72,61,Poor,4,5,beam_coverage_gap
2026-07-01 16:00:00,UE00688,32.926123040922654,-97.0215834932986,XYZ402,B,-110,2,249,67,Coverage_Hole,5,29,beam_coverage_gap
2026-07-01 18:00:00,UE00690,32.93306474065002,-96.93999408370642,XYZ401,A,-111,0,204,54,Fair,1,20,beam_coverage_gap
2026-07-01 19:00:00,UE00691,32.92899017434276,-96.99199183417616,XYZ402,B,-87,16,458,84,Fair,2,81,beam_coverage_gap
2026-07-01 20:00:00,UE00692,32.90866692572912,-96.99206898192612,XYZ403,C,-101,9,382,123,Excellent,3,56,beam_coverage_gap
2026-07-01 22:00:00,UE00694,32.96435981277453,-96.9787650233488,XYZ402,B,-106,10,318,119,Poor,5,58,beam_coverage_gap
2026-07-01 02:00:00,UE00698,32.967272360281285,-96.98848848348256,XYZ403,A,-104,5,239,103,Coverage_Hole,3,38,beam_coverage_gap
2026-07-01 03:00:00,UE00699,32.902660853183484,-96.99182721351174,XYZ401,B,-107,1,155,20,Poor,4,22,beam_coverage_gap
2026-07-01 04:00:00,UE00700,32.93099299664657,-97.01846240727971,XYZ402,A,-104,5,302,48,Coverage_Hole,5,40,beam_coverage_gap
2026-07-01 05:00:00,UE00701,32.94298876880007,-97.03241109130023,XYZ403,B,-121,0,144,56,Good,6,20,beam_coverage_gap
2026-07-01 06:00:00,UE00702,32.9313585823015,-96.93755317116084,XYZ401,A,-125,2,230,126,Excellent,1,29,beam_coverage_gap
2026-07-01 07:00:00,UE00703,32.90711786524311,-97.01192392214736,XYZ402,C,-116,0,193,22,Excellent,2,21,beam_coverage_gap
2026-07-01 08:00:00,UE00704,32.91228515671794,-97.01691940204395,XYZ403,C,-111,1,171,15,Poor,3,23,beam_coverage_gap
2026-07-01 11:00:00,UE00707,32.926151833173485,-96.94654368242928,XYZ403,A,-104,4,273,112,Coverage_Hole,6,37,beam_coverage_gap
2026-07-01 13:00:00,UE00709,32.93319349176514,-96.93406877671728,XYZ402,B,-119,-2,138,62,Excellent,2,13,beam_coverage_gap
2026-07-01 14:00:00,UE00710,32.95931399340454,-96.99631248812015,XYZ403,C,-105,10,423,84,Fair,3,57,beam_coverage_gap
2026-07-01 16:00:00,UE00712,32.916972091837444,-96.94567073406849,XYZ402,A,-113,-2,120,68,Coverage_Hole,5,12,beam_coverage_gap
2026-07-01 17:00:00,UE00713,32.92520208596909,-96.93826461405432,XYZ403,B,-110,-7,41,38,Coverage_Hole,6,5,beam_coverage_gap
2026-07-01 19:00:00,UE00715,32.917613283442854,-96.9696615926196,XYZ402,C,-94,8,364,34,Poor,2,49,beam_coverage_gap
2026-07-01 20:00:00,UE00716,32.93138649113627,-96.94807016348436,XYZ403,B,-105,8,292,120,Coverage_Hole,3,49,beam_coverage_gap
2026-07-01 21:00:00,UE00717,32.90345701809123,-96.96166898498603,XYZ401,B,-116,-4,91,34,Coverage_Hole,4,5,beam_coverage_gap
2026-07-01 22:00:00,UE00718,32.90185120748384,-97.0158523989907,XYZ402,C,-120,2,237,107,Coverage_Hole,5,28,beam_coverage_gap
2026-07-01 00:00:00,UE00720,32.928467750548684,-97.00083921272952,XYZ401,C,-87,16,396,18,Poor,1,81,beam_coverage_gap
2026-07-01 02:00:00,UE00722,32.92971517722329,-97.00506279117498,XYZ403,C,-94,13,413,46,Fair,3,69,beam_coverage_gap
2026-07-01 05:00:00,UE00725,32.89530677488416,-96.9892262102662,XYZ403,A,-116,-2,118,105,Poor,6,13,beam_coverage_gap
2026-07-01 06:00:00,UE00726,32.942147695513526,-97.00775591462792,XYZ401,C,-99,14,407,73,Excellent,1,73,beam_coverage_gap
2026-07-01 09:00:00,UE00729,32.90406680887568,-96.97186596770138,XYZ401,A,-103,7,320,45,Coverage_Hole,4,48,beam_coverage_gap
2026-07-01 10:00:00,UE00730,32.9368399379376,-97.0070443719839,XYZ402,C,-90,11,367,15,Fair,5,63,beam_coverage_gap
2026-07-01 11:00:00,UE00731,32.908352513873126,-96.95129727567873,XYZ403,C,-108,2,259,105,Excellent,6,29,beam_coverage_gap
2026-07-01 12:00:00,UE00732,32.92899853698286,-97.01885092548552,XYZ401,A,-109,3,267,73,Fair,1,31,beam_coverage_gap
2026-07-01 13:00:00,UE00733,32.95965138497414,-97.01279405217046,XYZ402,B,-112,-2,138,42,Poor,2,13,beam_coverage_gap
2026-07-01 14:00:00,UE00734,32.949280634367746,-96.94936465782322,XYZ403,C,-111,4,275,64,Good,3,37,beam_coverage_gap
2026-07-01 15:00:00,UE00735,32.941409247270364,-97.02396422726542,XYZ401,A,-105,0,207,53,Poor,4,21,beam_coverage_gap
2026-07-01 16:00:00,UE00736,32.95069780506886,-97.03004615353454,XYZ402,B,-120,2,232,117,Poor,5,29,beam_coverage_gap
2026-07-01 21:00:00,UE00741,32.95127066891448,-97.0230501941162,XYZ401,B,-109,0,176,129,Coverage_Hole,4,21,beam_coverage_gap
2026-07-01 22:00:00,UE00742,32.918833576905214,-96.94197061132073,XYZ402,C,-116,0,166,65,Coverage_Hole,5,21,beam_coverage_gap
2026-07-01 23:00:00,UE00743,32.917851484545565,-97.02300569533844,XYZ403,C,-112,2,180,83,Coverage_Hole,6,29,beam_coverage_gap
2026-07-01 00:00:00,UE00744,32.94334432516058,-96.9468747386777,XYZ401,A,-108,0,150,51,Good,1,20,beam_coverage_gap
2026-07-01 01:00:00,UE00745,32.92767774217754,-96.99057589910952,XYZ402,B,-87,14,399,95,Fair,2,73,beam_coverage_gap
2026-07-01 02:00:00,UE00746,32.91987612748368,-96.96428549354498,XYZ403,C,-97,8,297,89,Fair,3,50,beam_coverage_gap
2026-07-01 03:00:00,UE00747,32.94034107324074,-97.0259710787428,XYZ401,C,-109,0,168,19,Excellent,4,21,beam_coverage_gap
2026-07-01 04:00:00,UE00748,32.930623248602984,-97.03531941509176,XYZ402,B,-111,1,151,99,Poor,5,22,beam_coverage_gap
2026-07-01 05:00:00,UE00749,32.91199042210763,-96.95914197090758,XYZ403,C,-102,0,179,69,Poor,6,20,beam_coverage_gap
2026-07-01 09:00:00,UE00753,32.91969804089014,-97.0296380972122,XYZ401,A,-114,0,175,17,Excellent,4,21,beam_coverage_gap
2026-07-01 11:00:00,UE00755,32.94856149277012,-96.94201691391213,XYZ403,A,-116,0,155,43,Excellent,6,20,beam_coverage_gap
2026-07-01 13:00:00,UE00757,32.956640691631144,-96.97872132913518,XYZ402,C,-94,6,239,97,Coverage_Hole,2,42,beam_coverage_gap
2026-07-01 15:00:00,UE00759,32.90981296276774,-96.96682897145136,XYZ401,C,-107,4,250,65,Fair,4,36,beam_coverage_gap
2026-07-01 16:00:00,UE00760,32.94242367138615,-96.95360666158273,XYZ402,B,-103,1,209,90,Good,5,23,beam_coverage_gap
2026-07-01 18:00:00,UE00762,32.94072362027748,-97.02188865248492,XYZ401,C,-109,2,229,17,Coverage_Hole,1,29,beam_coverage_gap
2026-07-01 19:00:00,UE00763,32.90530324371859,-97.0125440544269,XYZ402,A,-108,-3,109,94,Coverage_Hole,2,11,beam_coverage_gap
2026-07-01 20:00:00,UE00764,32.957830013580086,-97.02716563438403,XYZ403,B,-121,1,185,76,Excellent,3,22,beam_coverage_gap
2026-07-01 21:00:00,UE00765,32.97717076714744,-96.98459242413638,XYZ401,B,-113,1,169,67,Good,4,23,beam_coverage_gap
2026-07-01 22:00:00,UE00766,32.92976037928054,-96.93863865941744,XYZ402,A,-112,-3,135,58,Excellent,5,10,beam_coverage_gap
2026-07-01 23:00:00,UE00767,32.938730271815174,-97.02309806360132,XYZ403,B,-109,3,226,98,Poor,6,31,beam_coverage_gap
2026-07-01 00:00:00,UE00768,32.905002653875286,-96.96395827147448,XYZ401,B,-111,1,184,27,Poor,1,23,beam_coverage_gap
2026-07-01 01:00:00,UE00769,32.9696805069131,-96.9767718688858,XYZ402,B,-111,0,199,114,Fair,2,20,beam_coverage_gap
2026-07-01 02:00:00,UE00770,32.96681044144355,-97.01979512355064,XYZ403,A,-125,1,144,19,Excellent,3,23,beam_coverage_gap
2026-07-01 03:00:00,UE00771,32.94892897093552,-97.02624159184045,XYZ401,C,-108,-2,129,87,Coverage_Hole,4,13,beam_coverage_gap
2026-07-01 04:00:00,UE00772,32.92372379303535,-96.9905915433186,XYZ402,B,-92,13,408,117,Coverage_Hole,5,67,beam_coverage_gap
2026-07-01 05:00:00,UE00773,32.93773580947955,-97.01282210629284,XYZ403,A,-96,5,234,106,Good,6,39,beam_coverage_gap
2026-07-01 06:00:00,UE00774,32.94949381275151,-97.02048965889809,XYZ401,C,-106,3,244,77,Poor,1,32,beam_coverage_gap
2026-07-01 07:00:00,UE00775,32.93981994867269,-96.99911840130348,XYZ402,A,-85,17,538,91,Fair,2,85,beam_coverage_gap
2026-07-01 08:00:00,UE00776,32.9602609390495,-96.99935766829128,XYZ403,C,-102,5,284,31,Excellent,3,38,beam_coverage_gap
2026-07-01 09:00:00,UE00777,32.933562314676784,-96.96522624923576,XYZ401,A,-94,13,373,71,Excellent,4,67,beam_coverage_gap
2026-07-01 10:00:00,UE00778,32.96619639986497,-97.01458009132595,XYZ402,A,-117,-1,144,26,Poor,5,15,beam_coverage_gap
2026-07-01 11:00:00,UE00779,32.924383984483704,-96.9624158524204,XYZ403,B,-97,4,271,106,Coverage_Hole,6,37,beam_coverage_gap
2026-07-01 12:00:00,UE00780,32.973343002714394,-96.99164655065104,XYZ401,A,-110,1,144,60,Fair,1,22,beam_coverage_gap
2026-07-01 13:00:00,UE00781,32.97117183706741,-97.00464436975912,XYZ402,C,-111,0,172,82,Excellent,2,21,beam_coverage_gap
2026-07-01 14:00:00,UE00782,32.897158486688056,-97.00249312265112,XYZ403,A,-120,-4,101,56,Excellent,3,5,beam_coverage_gap
2026-07-01 16:00:00,UE00784,32.95992746151617,-96.97474102234882,XYZ402,C,-99,9,358,70,Good,5,55,beam_coverage_gap
2026-07-01 18:00:00,UE00786,32.97574131124109,-96.9978558938514,XYZ401,A,-119,-5,103,81,Fair,1,5,beam_coverage_gap
2026-07-01 20:00:00,UE00788,32.9306001247082,-97.022791202368,XYZ403,A,-106,0,176,34,Fair,3,20,beam_coverage_gap
2026-07-01 21:00:00,UE00789,32.95041424758889,-96.93701367031366,XYZ401,C,-118,-4,90,61,Excellent,4,5,beam_coverage_gap
2026-07-01 22:00:00,UE00790,32.93632288885553,-97.01860920424366,XYZ402,C,-106,3,213,88,Excellent,5,32,beam_coverage_gap
2026-07-01 23:00:00,UE00791,32.91295686615985,-96.99060612736504,XYZ403,A,-99,16,437,49,Excellent,6,82,beam_coverage_gap
2026-07-01 00:00:00,UE00792,32.92799284749872,-96.94749504389596,XYZ401,A,-107,2,240,54,Fair,1,29,beam_coverage_gap
2026-07-01 03:00:00,UE00795,32.905502669062365,-96.99394824001688,XYZ401,C,-108,0,153,96,Fair,4,21,beam_coverage_gap
2026-07-01 04:00:00,UE00796,32.931390534867504,-96.9936535451345,XYZ402,A,-90,11,398,91,Good,5,62,beam_coverage_gap
2026-07-01 05:00:00,UE00797,32.89959912980357,-96.97696107503836,XYZ403,C,-118,-4,91,65,Excellent,6,5,beam_coverage_gap
2026-07-01 09:00:00,UE00801,32.92642433978811,-97.02206526606098,XYZ401,C,-109,5,271,113,Poor,4,39,beam_coverage_gap
2026-07-01 10:00:00,UE00802,32.916060002418696,-96.94566131042676,XYZ402,B,-115,2,199,39,Coverage_Hole,5,28,beam_coverage_gap
2026-07-01 12:00:00,UE00804,32.93238849784888,-96.96149909919158,XYZ401,B,-95,4,316,26,Coverage_Hole,1,36,beam_coverage_gap
2026-07-01 13:00:00,UE00805,32.898176562059604,-96.98431043540226,XYZ402,C,-111,0,187,95,Excellent,2,21,beam_coverage_gap
2026-07-01 14:00:00,UE00806,32.92218344005355,-96.9777433714508,XYZ403,C,-90,11,408,26,Poor,3,64,beam_coverage_gap
2026-07-01 15:00:00,UE00807,32.9531708526876,-96.95368136814623,XYZ401,A,-104,0,164,92,Coverage_Hole,4,20,beam_coverage_gap
2026-07-01 16:00:00,UE00808,32.958959013642854,-96.98945719707378,XYZ402,C,-99,7,312,91,Excellent,5,47,beam_coverage_gap
2026-07-01 17:00:00,UE00809,32.97307833242315,-96.99270877357112,XYZ403,B,-111,-5,94,97,Poor,6,5,beam_coverage_gap
2026-07-01 18:00:00,UE00810,32.95129535456372,-97.00897704340277,XYZ401,B,-100,4,292,104,Good,1,37,beam_coverage_gap
2026-07-01 19:00:00,UE00811,32.94459337630758,-96.94919737777715,XYZ402,B,-103,1,166,52,Fair,2,23,beam_coverage_gap
2026-07-01 20:00:00,UE00812,32.96371262774737,-97.02265359322742,XYZ403,B,-119,0,187,55,Fair,3,20,beam_coverage_gap
2026-07-01 21:00:00,UE00813,32.91673459886847,-96.98699658996472,XYZ401,C,-92,13,438,49,Coverage_Hole,4,67,beam_coverage_gap
2026-07-01 23:00:00,UE00815,32.90739133951664,-96.95978563607105,XYZ403,A,-109,5,235,123,Good,6,40,beam_coverage_gap
2026-07-01 00:00:00,UE00816,32.94983747568245,-96.95843833647382,XYZ401,C,-100,12,401,57,Coverage_Hole,1,66,beam_coverage_gap
2026-07-01 01:00:00,UE00817,32.91418224722561,-97.0306387345222,XYZ402,B,-120,1,154,112,Fair,2,23,beam_coverage_gap
2026-07-01 02:00:00,UE00818,32.91842075401795,-97.0023330366956,XYZ403,B,-95,8,288,55,Coverage_Hole,3,50,beam_coverage_gap
2026-07-01 03:00:00,UE00819,32.96612870301791,-96.9913006756013,XYZ401,B,-111,-1,151,65,Fair,4,15,beam_coverage_gap
2026-07-01 04:00:00,UE00820,32.93095297932588,-97.03568708328352,XYZ402,B,-120,0,149,90,Good,5,21,beam_coverage_gap
2026-07-01 05:00:00,UE00821,32.95658763031425,-96.98374733502868,XYZ403,C,-99,8,272,73,Excellent,6,49,beam_coverage_gap
2026-07-01 06:00:00,UE00822,32.96435867466889,-96.97082672478254,XYZ401,B,-104,6,285,63,Excellent,1,41,beam_coverage_gap
2026-07-01 07:00:00,UE00823,32.912794202292254,-97.0101760739722,XYZ402,C,-99,5,273,99,Fair,2,39,beam_coverage_gap
2026-07-01 09:00:00,UE00825,32.95297205501637,-97.02694652542984,XYZ401,A,-118,-4,94,69,Fair,4,5,beam_coverage_gap
2026-07-01 10:00:00,UE00826,32.96645006060795,-96.9667045888423,XYZ402,C,-104,0,185,72,Coverage_Hole,5,21,beam_coverage_gap
2026-07-01 11:00:00,UE00827,32.892145538267094,-96.99323565332124,XYZ403,A,-125,0,162,70,Poor,6,21,beam_coverage_gap
2026-07-01 15:00:00,UE00831,32.96201238781934,-96.94896323996362,XYZ401,C,-117,-4,94,31,Coverage_Hole,4,5,beam_coverage_gap
2026-07-01 18:00:00,UE00834,32.90259118674205,-96.96479135216693,XYZ401,C,-116,3,217,102,Poor,1,32,beam_coverage_gap
2026-07-01 19:00:00,UE00835,32.90438788791149,-97.01705663971208,XYZ402,A,-117,-3,159,95,Coverage_Hole,2,10,beam_coverage_gap
2026-07-01 20:00:00,UE00836,32.936671514401326,-96.9389461563964,XYZ403,C,-114,0,157,42,Fair,3,20,beam_coverage_gap
2026-07-01 21:00:00,UE00837,32.95262519087931,-96.98757615867667,XYZ401,A,-93,9,365,116,Excellent,4,55,beam_coverage_gap
2026-07-01 23:00:00,UE00839,32.91228118744967,-96.95411625302636,XYZ403,C,-108,3,212,66,Fair,6,31,beam_coverage_gap
2026-07-01 01:00:00,UE00841,32.95492804339728,-96.95075994243768,XYZ402,A,-114,3,210,119,Fair,2,31,beam_coverage_gap
2026-07-01 03:00:00,UE00843,32.953956179245694,-96.99113426737324,XYZ401,C,-92,10,392,35,Excellent,4,57,beam_coverage_gap
2026-07-01 05:00:00,UE00845,32.91668846071598,-97.01865871994478,XYZ403,B,-107,-2,125,51,Coverage_Hole,6,12,beam_coverage_gap
2026-07-01 06:00:00,UE00846,32.92857443920134,-97.0285488402406,XYZ401,B,-115,1,151,39,Coverage_Hole,1,23,beam_coverage_gap
2026-07-01 07:00:00,UE00847,32.89537366812785,-96.99246106300252,XYZ402,A,-116,-2,121,125,Coverage_Hole,2,13,beam_coverage_gap
2026-07-01 08:00:00,UE00848,32.97212939834272,-96.9743192135181,XYZ403,C,-107,-1,137,21,Good,3,15,beam_coverage_gap
2026-07-01 09:00:00,UE00849,32.95410293344154,-97.01362040748664,XYZ401,C,-106,1,151,78,Poor,4,23,beam_coverage_gap
2026-07-01 10:00:00,UE00850,32.920750585820585,-96.9858975321786,XYZ402,B,-100,15,471,24,Coverage_Hole,5,77,beam_coverage_gap
2026-07-01 12:00:00,UE00852,32.93342546182178,-96.94093356398372,XYZ401,B,-110,-2,134,33,Excellent,1,12,beam_coverage_gap
2026-07-01 13:00:00,UE00853,32.94338934911705,-97.02187978426424,XYZ402,C,-114,3,238,89,Good,2,32,beam_coverage_gap
2026-07-01 16:00:00,UE00856,32.92545842910059,-96.96236882469584,XYZ402,A,-94,8,296,98,Poor,5,49,beam_coverage_gap
2026-07-01 17:00:00,UE00857,32.95685980621879,-96.94267835425886,XYZ403,C,-111,-3,129,89,Good,6,10,beam_coverage_gap
2026-07-01 18:00:00,UE00858,32.9169049464404,-97.01808783948152,XYZ401,B,-110,0,161,124,Good,1,20,beam_coverage_gap
2026-07-01 19:00:00,UE00859,32.936241216907995,-97.01120926170508,XYZ402,C,-105,11,435,72,Coverage_Hole,2,63,beam_coverage_gap
2026-07-01 20:00:00,UE00860,32.93072471784317,-96.99793349217252,XYZ403,C,-87,11,446,20,Fair,3,62,beam_coverage_gap
2026-07-01 21:00:00,UE00861,32.90835021386003,-97.02437858486034,XYZ401,C,-115,0,180,24,Coverage_Hole,4,21,beam_coverage_gap
2026-07-01 22:00:00,UE00862,32.92262842873991,-97.03356470915566,XYZ402,C,-125,-5,77,33,Fair,5,5,beam_coverage_gap
2026-07-01 23:00:00,UE00863,32.93122911239522,-97.01829313228195,XYZ403,C,-109,7,349,55,Excellent,6,46,beam_coverage_gap
2026-07-01 02:00:00,UE00866,32.9321566598422,-96.97469164132548,XYZ403,A,-96,19,460,93,Coverage_Hole,3,92,beam_coverage_gap
2026-07-01 03:00:00,UE00867,32.90634409006913,-96.95764665618744,XYZ401,A,-111,3,238,28,Fair,4,31,beam_coverage_gap
2026-07-01 04:00:00,UE00868,32.898896647146834,-97.0119725314426,XYZ402,C,-117,-3,125,42,Good,5,9,beam_coverage_gap
2026-07-01 05:00:00,UE00869,32.973633369408674,-96.99916723611358,XYZ403,C,-120,-2,129,90,Coverage_Hole,6,12,beam_coverage_gap
2026-07-01 06:00:00,UE00870,32.90922600390988,-97.0231449798727,XYZ401,C,-112,0,173,56,Poor,1,20,beam_coverage_gap
2026-07-01 07:00:00,UE00871,32.93394388163361,-96.95059185722585,XYZ402,B,-109,9,305,51,Excellent,2,54,beam_coverage_gap
2026-07-01 09:00:00,UE00873,32.92515462733939,-96.96200350708328,XYZ401,C,-96,11,410,126,Poor,4,63,beam_coverage_gap
2026-07-01 11:00:00,UE00875,32.920293231412614,-97.00646087383868,XYZ403,C,-103,9,377,114,Good,6,56,beam_coverage_gap
2026-07-01 13:00:00,UE00877,32.91562140596224,-97.02223260898867,XYZ402,A,-113,-3,131,64,Good,2,10,beam_coverage_gap
2026-07-01 14:00:00,UE00878,32.96915068607285,-97.00048147287436,XYZ403,C,-113,-3,140,125,Coverage_Hole,3,9,beam_coverage_gap
2026-07-01 15:00:00,UE00879,32.916578524972145,-96.95210920925784,XYZ401,B,-113,4,319,63,Coverage_Hole,4,37,beam_coverage_gap
2026-07-01 16:00:00,UE00880,32.93013218872094,-96.97949140924212,XYZ402,C,-85,19,497,50,Coverage_Hole,5,92,beam_coverage_gap
2026-07-01 17:00:00,UE00881,32.95296414612948,-96.99481700039688,XYZ403,A,-98,9,369,49,Good,6,56,beam_coverage_gap
2026-07-01 19:00:00,UE00883,32.934018593680015,-96.93736821421896,XYZ402,B,-111,-2,130,118,Good,2,13,beam_coverage_gap
2026-07-01 20:00:00,UE00884,32.97717580344816,-96.98909898935314,XYZ403,A,-111,-2,124,32,Coverage_Hole,3,12,beam_coverage_gap
2026-07-01 21:00:00,UE00885,32.93986214019359,-97.0262418399046,XYZ401,A,-106,6,298,126,Excellent,4,42,beam_coverage_gap
2026-07-01 23:00:00,UE00887,32.92137431478808,-96.97851058897626,XYZ403,C,-90,16,432,105,Fair,6,81,beam_coverage_gap
2026-07-01 00:00:00,UE00888,32.935337966848635,-97.03494545329788,XYZ401,C,-110,0,198,61,Excellent,1,21,beam_coverage_gap
2026-07-01 01:00:00,UE00889,32.957693644049264,-96.99966338895754,XYZ402,B,-102,11,396,58,Excellent,2,62,beam_coverage_gap
2026-07-01 02:00:00,UE00890,32.96167727863328,-96.98148574464732,XYZ403,C,-106,10,374,80,Coverage_Hole,3,58,beam_coverage_gap
2026-07-01 03:00:00,UE00891,32.943053244616266,-97.02458917289428,XYZ401,B,-105,0,167,55,Coverage_Hole,4,20,beam_coverage_gap
2026-07-01 04:00:00,UE00892,32.900627155466125,-96.9822876361048,XYZ402,C,-105,0,203,21,Fair,5,21,beam_coverage_gap
2026-07-01 05:00:00,UE00893,32.93271943397979,-96.94182116436616,XYZ403,C,-111,3,212,82,Coverage_Hole,6,30,beam_coverage_gap
2026-07-01 06:00:00,UE00894,32.947229261203766,-97.01737706075254,XYZ401,B,-112,15,520,129,Fair,1,75,beam_coverage_gap
2026-07-01 08:00:00,UE00896,32.96322674607962,-97.02126797130316,XYZ403,A,-116,-2,126,101,Fair,3,12,beam_coverage_gap
2026-07-01 10:00:00,UE00898,32.91975360050667,-96.95783042795658,XYZ402,C,-97,4,317,24,Fair,5,37,beam_coverage_gap
2026-07-01 11:00:00,UE00899,32.9314708265337,-96.9527727956871,XYZ403,B,-101,8,320,119,Good,6,50,beam_coverage_gap
2026-07-01 12:00:00,UE00900,32.90800035948821,-96.946977438621,XYZ401,A,-121,-3,151,30,Excellent,1,10,beam_coverage_gap
2026-07-01 13:00:00,UE00901,32.921374434685234,-96.95832567431488,XYZ402,A,-100,2,198,48,Poor,2,28,beam_coverage_gap
2026-07-01 14:00:00,UE00902,32.9151319874975,-96.94734605975196,XYZ403,A,-116,0,177,97,Excellent,3,21,beam_coverage_gap
2026-07-01 15:00:00,UE00903,32.92730960902151,-97.0230833223087,XYZ401,C,-108,6,272,35,Good,4,41,beam_coverage_gap
2026-07-01 16:00:00,UE00904,32.9471500634972,-96.98086117051729,XYZ402,C,-90,12,354,95,Fair,5,65,beam_coverage_gap
2026-07-01 17:00:00,UE00905,32.94975522618412,-96.99115227106168,XYZ403,A,-99,15,450,49,Coverage_Hole,6,76,beam_coverage_gap
2026-07-01 18:00:00,UE00906,32.91835959132692,-97.02655774802696,XYZ401,C,-109,0,165,32,Coverage_Hole,1,21,beam_coverage_gap
2026-07-01 20:00:00,UE00908,32.94034927920862,-96.95467282881972,XYZ403,C,-102,8,340,39,Good,3,50,beam_coverage_gap
2026-07-01 21:00:00,UE00909,32.94835537898301,-96.9775672884907,XYZ401,C,-91,18,522,89,Coverage_Hole,4,90,beam_coverage_gap
2026-07-01 22:00:00,UE00910,32.92126379939859,-97.03024715125974,XYZ402,B,-112,0,203,125,Poor,5,21,beam_coverage_gap
2026-07-01 23:00:00,UE00911,32.93472365834023,-96.95749120554974,XYZ403,C,-99,1,198,95,Excellent,6,22,beam_coverage_gap
2026-07-01 01:00:00,UE00913,32.91137151796156,-96.96877663636286,XYZ402,A,-110,9,415,107,Excellent,2,56,beam_coverage_gap
2026-07-01 02:00:00,UE00914,32.92082736045911,-97.0096121898642,XYZ403,C,-98,2,263,33,Coverage_Hole,3,28,beam_coverage_gap
2026-07-01 04:00:00,UE00916,32.94260032853324,-96.9533275450361,XYZ402,B,-106,5,243,75,Coverage_Hole,5,39,beam_coverage_gap
2026-07-01 06:00:00,UE00918,32.955430330341365,-97.02725305364112,XYZ401,A,-115,0,186,35,Excellent,1,20,beam_coverage_gap
2026-07-01 07:00:00,UE00919,32.95496654790873,-97.01465356526433,XYZ402,B,-110,5,270,23,Fair,2,39,beam_coverage_gap
2026-07-01 08:00:00,UE00920,32.935305415298934,-96.9462541235834,XYZ403,C,-100,0,147,83,Good,3,21,beam_coverage_gap
2026-07-01 10:00:00,UE00922,32.89936722974743,-97.00819780884515,XYZ402,C,-107,-4,72,81,Fair,5,5,beam_coverage_gap
2026-07-01 11:00:00,UE00923,32.95523036724644,-96.95873229412275,XYZ403,B,-110,3,213,77,Coverage_Hole,6,31,beam_coverage_gap
2026-07-01 12:00:00,UE00924,32.92417864413084,-97.02706649537063,XYZ401,C,-113,5,304,62,Fair,1,39,beam_coverage_gap
2026-07-01 14:00:00,UE00926,32.960713877772776,-96.9629550035398,XYZ403,A,-101,5,234,116,Poor,3,40,beam_coverage_gap
2026-07-01 15:00:00,UE00927,32.94250276095301,-96.98690507425232,XYZ401,B,-82,11,470,106,Excellent,4,62,beam_coverage_gap
2026-07-01 16:00:00,UE00928,32.9763463084162,-96.98060218114507,XYZ402,B,-117,0,145,34,Coverage_Hole,5,21,beam_coverage_gap
2026-07-01 17:00:00,UE00929,32.964129247605655,-96.977851831924,XYZ403,A,-107,3,204,82,Excellent,6,30,beam_coverage_gap
2026-07-01 19:00:00,UE00931,32.907061215667525,-96.99857182254412,XYZ402,C,-103,7,318,33,Coverage_Hole,2,47,beam_coverage_gap
2026-07-01 20:00:00,UE00932,32.92310147702572,-96.97676330109908,XYZ403,A,-89,16,517,62,Good,3,81,beam_coverage_gap
2026-07-01 21:00:00,UE00933,32.920508312071284,-97.02608171228616,XYZ401,C,-116,-1,147,22,Excellent,4,16,beam_coverage_gap
2026-07-01 22:00:00,UE00934,32.9639349241687,-96.9669750589244,XYZ402,B,-109,0,201,124,Excellent,5,21,beam_coverage_gap
2026-07-01 00:00:00,UE00936,32.95747518039033,-97.02458709275986,XYZ401,A,-117,-1,127,41,Coverage_Hole,1,15,beam_coverage_gap
2026-07-01 01:00:00,UE00937,32.956084742012976,-97.00942571851536,XYZ402,C,-105,3,188,25,Excellent,2,31,beam_coverage_gap
2026-07-01 02:00:00,UE00938,32.89424694918422,-96.97525490878088,XYZ403,A,-119,-3,136,42,Excellent,3,11,beam_coverage_gap
2026-07-01 03:00:00,UE00939,32.97118672209922,-97.00016340794885,XYZ401,A,-114,2,208,79,Excellent,4,28,beam_coverage_gap
2026-07-01 05:00:00,UE00941,32.95143278283687,-96.97588659927526,XYZ403,B,-88,5,321,80,Excellent,6,38,beam_coverage_gap
2026-07-01 06:00:00,UE00942,32.936151120698526,-97.0153204021677,XYZ401,C,-97,7,282,80,Fair,1,47,beam_coverage_gap
2026-07-01 07:00:00,UE00943,32.93071946721705,-97.01969863163932,XYZ402,C,-105,2,252,117,Fair,2,28,beam_coverage_gap
2026-07-01 10:00:00,UE00946,32.94194205302441,-97.00695260626414,XYZ402,B,-102,9,379,67,Fair,5,55,beam_coverage_gap
2026-07-01 11:00:00,UE00947,32.93318191248427,-97.0335549253196,XYZ403,B,-119,3,268,50,Coverage_Hole,6,31,beam_coverage_gap
2026-07-01 12:00:00,UE00948,32.976056101926446,-96.99968266191144,XYZ401,B,-114,-1,126,60,Excellent,1,16,beam_coverage_gap
2026-07-01 13:00:00,UE00949,32.914947523949145,-96.94002701998784,XYZ402,B,-118,-1,144,82,Excellent,2,14,beam_coverage_gap
2026-07-01 15:00:00,UE00951,32.96949879948787,-96.9778320561706,XYZ401,A,-111,-2,115,42,Good,4,13,beam_coverage_gap
2026-07-01 16:00:00,UE00952,32.900607036984574,-97.0090234918943,XYZ402,B,-112,-1,151,19,Excellent,5,16,beam_coverage_gap
2026-07-01 17:00:00,UE00953,32.92017722253931,-97.02353556648208,XYZ403,C,-110,0,151,67,Fair,6,21,beam_coverage_gap
2026-07-01 18:00:00,UE00954,32.92431064310229,-97.02707199946454,XYZ401,A,-110,8,326,91,Coverage_Hole,1,50,beam_coverage_gap
2026-07-01 20:00:00,UE00956,32.9194732567568,-97.00194491309448,XYZ403,A,-96,9,379,108,Excellent,3,54,beam_coverage_gap
2026-07-01 21:00:00,UE00957,32.95903537429097,-96.96434828666216,XYZ401,B,-109,0,177,55,Coverage_Hole,4,21,beam_coverage_gap
2026-07-01 23:00:00,UE00959,32.938581787416595,-96.96899633103062,XYZ403,A,-90,14,499,62,Poor,6,73,beam_coverage_gap
2026-07-01 01:00:00,UE00961,32.903342946660864,-97.00292106981053,XYZ402,A,-108,0,146,85,Fair,2,20,beam_coverage_gap
2026-07-01 02:00:00,UE00962,32.932333302077225,-97.0090607826477,XYZ403,B,-94,6,252,110,Fair,3,41,beam_coverage_gap
2026-07-01 03:00:00,UE00963,32.96279237057307,-96.96252345065658,XYZ401,C,-106,2,211,98,Coverage_Hole,4,28,beam_coverage_gap
2026-07-01 05:00:00,UE00965,32.92114277369578,-96.99532737079156,XYZ403,C,-90,10,304,111,Poor,6,57,beam_coverage_gap
2026-07-01 06:00:00,UE00966,32.928117736417384,-97.00545902775896,XYZ401,A,-96,14,396,101,Fair,1,73,beam_coverage_gap
2026-07-01 08:00:00,UE00968,32.9150749169718,-96.94629602608198,XYZ403,A,-115,0,154,19,Excellent,3,20,beam_coverage_gap
2026-07-01 10:00:00,UE00970,32.96325947870233,-96.99417075919928,XYZ402,A,-101,1,191,26,Coverage_Hole,5,22,beam_coverage_gap
2026-07-01 11:00:00,UE00971,32.91444349578884,-97.01397671270236,XYZ403,C,-105,-1,118,53,Poor,6,16,beam_coverage_gap
2026-07-01 12:00:00,UE00972,32.954838526338555,-96.9893895607334,XYZ401,A,-95,7,298,38,Excellent,1,46,beam_coverage_gap
2026-07-01 14:00:00,UE00974,32.905176370706094,-97.01633461523622,XYZ403,A,-115,0,144,70,Poor,3,21,beam_coverage_gap
2026-07-01 15:00:00,UE00975,32.97329788307907,-96.98077252283603,XYZ401,A,-115,2,200,125,Fair,4,29,beam_coverage_gap
2026-07-01 16:00:00,UE00976,32.935808034009376,-96.95703552736116,XYZ402,C,-101,7,328,32,Poor,5,47,beam_coverage_gap
2026-07-01 19:00:00,UE00979,32.92125757551281,-96.94449247679732,XYZ402,C,-107,-2,158,44,Fair,2,12,beam_coverage_gap
2026-07-01 21:00:00,UE00981,32.9477954107163,-96.94748862743302,XYZ401,A,-107,0,166,118,Fair,4,21,beam_coverage_gap
2026-07-01 22:00:00,UE00982,32.96179212438692,-96.99648818158944,XYZ402,C,-106,3,234,34,Coverage_Hole,5,32,beam_coverage_gap
2026-07-01 23:00:00,UE00983,32.922806848297604,-97.00895727929914,XYZ403,C,-96,15,474,48,Coverage_Hole,6,76,beam_coverage_gap
2026-07-01 00:00:00,UE00984,32.94265955747607,-97.02670870530584,XYZ401,A,-108,2,261,73,Coverage_Hole,1,29,beam_coverage_gap
2026-07-01 01:00:00,UE00985,32.95995867662392,-96.97858284132894,XYZ402,B,-110,9,403,17,Fair,2,56,beam_coverage_gap
2026-07-01 02:00:00,UE00986,32.92628001131901,-97.03454756973392,XYZ403,B,-115,0,174,62,Fair,3,21,beam_coverage_gap
2026-07-01 03:00:00,UE00987,32.91224034805924,-96.96227597389314,XYZ401,C,-106,8,364,17,Coverage_Hole,4,49,beam_coverage_gap
2026-07-01 04:00:00,UE00988,32.949546450679364,-97.01839879564054,XYZ402,B,-102,4,285,50,Coverage_Hole,5,36,beam_coverage_gap
2026-07-01 05:00:00,UE00989,32.932592674176604,-97.02437976070236,XYZ403,B,-110,3,228,109,Excellent,6,32,beam_coverage_gap
2026-07-01 06:00:00,UE00990,32.92301127738336,-97.01484928221096,XYZ401,A,-107,0,158,67,Good,1,21,beam_coverage_gap
2026-07-01 08:00:00,UE00992,32.95681828704414,-96.9446979679636,XYZ403,B,-121,-1,138,16,Coverage_Hole,3,15,beam_coverage_gap
2026-07-01 10:00:00,UE00994,32.894857528915246,-97.00411648943138,XYZ402,C,-120,-1,115,33,Excellent,5,16,beam_coverage_gap
2026-07-01 11:00:00,UE00995,32.95842087359824,-96.95113863387294,XYZ403,C,-112,1,176,28,Coverage_Hole,6,22,beam_coverage_gap
2026-07-01 13:00:00,UE00997,32.93774892744859,-96.96748607506652,XYZ402,B,-96,11,414,74,Fair,2,63,beam_coverage_gap
2026-07-01 14:00:00,UE00998,32.94759037906831,-96.98467205592829,XYZ403,B,-89,13,383,85,Excellent,3,67,beam_coverage_gap
2026-07-01 16:00:00,UE01000,32.9137043044815,-97.00712753053254,XYZ402,C,-102,10,422,85,Coverage_Hole,5,57,beam_coverage_gap
2026-07-01 17:00:00,UE01001,32.91332689405599,-96.94604850396514,XYZ403,B,-116,-2,141,61,Poor,6,12,beam_coverage_gap
2026-07-01 21:00:00,UE01005,32.97522798241624,-96.9854998787826,XYZ401,B,-118,-2,140,123,Poor,4,12,beam_coverage_gap
2026-07-01 22:00:00,UE01006,32.90122803511651,-96.9561644234005,XYZ402,C,-118,-4,92,62,Coverage_Hole,5,5,beam_coverage_gap
2026-07-01 00:00:00,UE01008,32.95588366582732,-97.01892533307166,XYZ401,C,-112,2,215,45,Excellent,1,28,beam_coverage_gap
2026-07-01 02:00:00,UE01010,32.92831571507207,-96.97250666808196,XYZ403,B,-88,14,478,126,Poor,3,73,beam_coverage_gap
2026-07-01 04:00:00,UE01012,32.911654812408976,-96.96142787515552,XYZ402,A,-108,4,310,80,Fair,5,36,beam_coverage_gap
2026-07-01 05:00:00,UE01013,32.93837783347934,-96.98120586821348,XYZ403,B,-79,13,452,70,Poor,6,67,beam_coverage_gap
2026-07-01 06:00:00,UE01014,32.93109480830154,-96.96437292553944,XYZ401,A,-90,8,347,91,Coverage_Hole,1,50,beam_coverage_gap
2026-07-01 08:00:00,UE01016,32.96688507506452,-97.01934642730934,XYZ403,C,-111,0,189,48,Excellent,3,21,beam_coverage_gap
2026-07-01 09:00:00,UE01017,32.92762595824291,-96.97389721477656,XYZ401,A,-84,12,458,48,Poor,4,65,beam_coverage_gap
2026-07-01 10:00:00,UE01018,32.89204855766774,-96.97946618286451,XYZ402,C,-110,0,202,89,Coverage_Hole,5,20,beam_coverage_gap
2026-07-01 11:00:00,UE01019,32.90063633836094,-96.96086880581584,XYZ403,A,-115,-1,159,45,Poor,6,14,beam_coverage_gap
2026-07-01 12:00:00,UE01020,32.967242102416485,-96.984355232676,XYZ401,C,-109,1,169,85,Excellent,1,23,beam_coverage_gap
2026-07-01 14:00:00,UE01022,32.89670044093484,-97.00497093706883,XYZ403,A,-119,-3,146,62,Poor,3,10,beam_coverage_gap
2026-07-01 15:00:00,UE01023,32.97114451317108,-96.99210679077298,XYZ401,A,-108,-1,128,127,Poor,4,16,beam_coverage_gap
2026-07-01 16:00:00,UE01024,32.95751124162051,-96.98873284486692,XYZ402,B,-95,5,254,29,Fair,5,39,beam_coverage_gap
2026-07-01 17:00:00,UE01025,32.95618375202601,-96.9671317076745,XYZ403,C,-99,11,364,59,Excellent,6,63,beam_coverage_gap
2026-07-01 18:00:00,UE01026,32.95497230346241,-96.9885992981842,XYZ401,A,-97,9,406,56,Fair,1,55,beam_coverage_gap
2026-07-01 19:00:00,UE01027,32.97183014086134,-97.0003973437733,XYZ402,B,-116,-1,147,54,Good,2,15,beam_coverage_gap
2026-07-01 20:00:00,UE01028,32.965754443333424,-97.00797095036822,XYZ403,C,-120,1,206,35,Good,3,24,beam_coverage_gap
2026-07-01 21:00:00,UE01029,32.91917750866494,-97.012560329958,XYZ401,A,-106,1,152,102,Excellent,4,24,beam_coverage_gap
2026-07-01 22:00:00,UE01030,32.93641686395088,-96.95457000531172,XYZ402,B,-101,3,228,45,Fair,5,31,beam_coverage_gap
2026-07-01 23:00:00,UE01031,32.9290377803834,-97.03195081708115,XYZ403,B,-117,1,189,52,Excellent,6,23,beam_coverage_gap
2026-07-01 00:00:00,UE01032,32.97161704918841,-97.00592970296908,XYZ401,C,-117,-1,129,89,Poor,1,15,beam_coverage_gap
2026-07-01 01:00:00,UE01033,32.96944863050935,-96.96231948664264,XYZ402,C,-112,-2,139,104,Fair,2,13,beam_coverage_gap
2026-07-01 02:00:00,UE01034,32.94532682883256,-97.00093926548114,XYZ403,C,-97,13,474,66,Excellent,3,69,beam_coverage_gap
2026-07-01 03:00:00,UE01035,32.93755830151808,-96.94208108451272,XYZ401,B,-109,-3,124,80,Good,4,11,beam_coverage_gap
2026-07-01 04:00:00,UE01036,32.917730606193295,-97.01234664344318,XYZ402,B,-107,1,211,118,Excellent,5,23,beam_coverage_gap
2026-07-01 05:00:00,UE01037,32.91236117791394,-96.98650115059414,XYZ403,A,-94,8,357,22,Excellent,6,49,beam_coverage_gap
2026-07-01 06:00:00,UE01038,32.93527039297687,-96.95741111779736,XYZ401,A,-103,10,430,61,Fair,1,57,beam_coverage_gap
2026-07-01 07:00:00,UE01039,32.923452510085134,-97.02066067426784,XYZ402,B,-102,2,185,123,Fair,2,28,beam_coverage_gap
2026-07-01 08:00:00,UE01040,32.89969882076149,-96.96993114323764,XYZ403,B,-114,0,209,35,Excellent,3,20,beam_coverage_gap
2026-07-01 09:00:00,UE01041,32.90535979685833,-97.01668990053813,XYZ401,A,-111,5,316,18,Fair,4,38,beam_coverage_gap
2026-07-01 10:00:00,UE01042,32.91586540626046,-96.98226249266592,XYZ402,B,-95,13,378,81,Coverage_Hole,5,68,beam_coverage_gap
2026-07-01 11:00:00,UE01043,32.91082732294035,-96.98699707588322,XYZ403,A,-101,11,462,112,Excellent,6,63,beam_coverage_gap
2026-07-01 12:00:00,UE01044,32.97397081069734,-96.98982952327334,XYZ401,B,-113,3,197,80,Poor,1,31,beam_coverage_gap
2026-07-01 13:00:00,UE01045,32.94446325515889,-96.97300934305808,XYZ402,A,-95,16,513,59,Poor,2,81,beam_coverage_gap
2026-07-01 15:00:00,UE01047,32.975534734999854,-96.9944299467989,XYZ401,C,-110,0,155,27,Fair,4,21,beam_coverage_gap
2026-07-01 16:00:00,UE01048,32.931434695572854,-97.0269307606604,XYZ402,B,-115,-3,158,31,Good,5,10,beam_coverage_gap
2026-07-01 18:00:00,UE01050,32.93834421133032,-96.96757563482495,XYZ401,A,-92,15,532,80,Fair,1,77,beam_coverage_gap
2026-07-01 21:00:00,UE01053,32.911707413615964,-97.022263401827,XYZ401,A,-104,0,194,54,Fair,4,21,beam_coverage_gap
2026-07-01 22:00:00,UE01054,32.91877870522414,-96.9452744975468,XYZ402,A,-116,-1,110,45,Coverage_Hole,5,15,beam_coverage_gap
2026-07-01 03:00:00,UE01059,32.89680443347402,-96.96101951157144,XYZ401,B,-119,0,162,94,Good,4,21,beam_coverage_gap
2026-07-01 04:00:00,UE01060,32.90393283195274,-97.00635637352836,XYZ402,A,-106,1,168,93,Coverage_Hole,5,24,beam_coverage_gap
2026-07-01 05:00:00,UE01061,32.93610317499431,-97.00768206037677,XYZ403,C,-95,8,296,85,Fair,6,50,beam_coverage_gap
2026-07-01 07:00:00,UE01063,32.97268805017707,-96.99322771600222,XYZ402,B,-117,-5,77,26,Poor,2,5,beam_coverage_gap
2026-07-01 08:00:00,UE01064,32.90881472196759,-96.99645208435533,XYZ403,A,-104,1,145,17,Fair,3,23,beam_coverage_gap
2026-07-01 09:00:00,UE01065,32.959862811139004,-97.0101163847054,XYZ401,B,-111,2,247,53,Good,4,29,beam_coverage_gap
2026-07-01 12:00:00,UE01068,32.91557512388157,-97.00019965006254,XYZ401,C,-90,13,385,21,Poor,1,68,beam_coverage_gap
2026-07-01 14:00:00,UE01070,32.90598037418751,-97.01591864357172,XYZ403,B,-112,-3,155,33,Good,3,11,beam_coverage_gap
2026-07-01 15:00:00,UE01071,32.9185382196516,-96.99494304189663,XYZ401,C,-95,15,497,45,Coverage_Hole,4,77,beam_coverage_gap
2026-07-01 16:00:00,UE01072,32.949770225057605,-96.99139735422976,XYZ402,C,-88,15,445,100,Fair,5,76,beam_coverage_gap
2026-07-01 17:00:00,UE01073,32.93876083067757,-97.00486029812885,XYZ403,C,-94,11,414,96,Coverage_Hole,6,64,beam_coverage_gap
2026-07-01 18:00:00,UE01074,32.954315683941466,-96.99311048152045,XYZ401,A,-98,11,379,124,Poor,1,64,beam_coverage_gap
2026-07-01 23:00:00,UE01079,32.94358650281483,-97.0309732000203,XYZ403,B,-113,-3,122,113,Poor,6,11,beam_coverage_gap
2026-07-01 00:00:00,UE01080,32.96212053857054,-96.95202541223986,XYZ401,B,-119,-2,114,30,Good,1,13,beam_coverage_gap
2026-07-01 01:00:00,UE01081,32.91296918844763,-96.98327178555526,XYZ402,A,-101,10,323,78,Fair,2,58,beam_coverage_gap
2026-07-01 03:00:00,UE01083,32.96142982121137,-96.98011495982476,XYZ401,A,-99,8,269,101,Coverage_Hole,4,50,beam_coverage_gap
2026-07-01 04:00:00,UE01084,32.95304252421131,-96.9512580718777,XYZ402,C,-111,0,180,107,Coverage_Hole,5,20,beam_coverage_gap
2026-07-01 07:00:00,UE01087,32.895384772600735,-97.0015256914772,XYZ402,C,-113,2,266,64,Poor,2,29,beam_coverage_gap
2026-07-01 08:00:00,UE01088,32.906125624939364,-96.99005560297486,XYZ403,A,-97,5,292,83,Coverage_Hole,3,40,beam_coverage_gap
2026-07-01 09:00:00,UE01089,32.89552513532752,-96.9688632598302,XYZ401,C,-118,-3,117,84,Good,4,10,beam_coverage_gap
2026-07-01 10:00:00,UE01090,32.902977803357324,-97.01943270191587,XYZ402,B,-115,-5,87,25,Coverage_Hole,5,5,beam_coverage_gap
2026-07-01 11:00:00,UE01091,32.97212286529246,-96.97879904479475,XYZ403,A,-112,1,205,67,Excellent,6,24,beam_coverage_gap
2026-07-01 12:00:00,UE01092,32.915878480198764,-96.9468748564644,XYZ401,A,-112,-6,50,88,Fair,1,5,beam_coverage_gap
2026-07-01 13:00:00,UE01093,32.97051031898319,-96.9779660274156,XYZ402,C,-112,3,248,111,Coverage_Hole,2,31,beam_coverage_gap
2026-07-01 18:00:00,UE01098,32.97011856824227,-96.9810790217227,XYZ401,A,-105,0,161,73,Excellent,1,20,beam_coverage_gap
2026-07-01 21:00:00,UE01101,32.93606193832598,-97.02083496687612,XYZ401,C,-101,2,229,35,Fair,4,29,beam_coverage_gap
2026-07-01 22:00:00,UE01102,32.91664822110077,-97.0086105113436,XYZ402,A,-94,3,267,82,Good,5,32,beam_coverage_gap
2026-07-01 23:00:00,UE01103,32.95219262225121,-96.96441239456418,XYZ403,B,-89,2,267,27,Fair,6,28,beam_coverage_gap
2026-07-01 00:00:00,UE01104,32.97187652608745,-96.98085916589136,XYZ401,B,-108,-3,124,52,Coverage_Hole,1,11,beam_coverage_gap
2026-07-01 01:00:00,UE01105,32.95880155692731,-96.97330205233294,XYZ402,A,-106,11,381,95,Poor,2,63,beam_coverage_gap
2026-07-01 02:00:00,UE01106,32.89756452007485,-96.99115650572996,XYZ403,B,-116,-2,114,38,Good,3,12,beam_coverage_gap
2026-07-01 03:00:00,UE01107,32.91448204108029,-96.98677770201,XYZ401,C,-86,11,481,71,Excellent,4,64,beam_coverage_gap
2026-07-01 04:00:00,UE01108,32.91876932195161,-96.94409601652497,XYZ402,B,-111,1,191,129,Good,5,23,beam_coverage_gap
2026-07-01 06:00:00,UE01110,32.900303463143025,-97.01617080430722,XYZ401,C,-118,-2,148,50,Excellent,1,13,beam_coverage_gap
2026-07-01 08:00:00,UE01112,32.93396661808183,-96.95434790087518,XYZ403,B,-104,2,183,119,Fair,3,28,beam_coverage_gap
2026-07-01 09:00:00,UE01113,32.920273493013056,-96.992832955243,XYZ401,B,-88,13,390,73,Fair,4,68,beam_coverage_gap
2026-07-01 11:00:00,UE01115,32.942616179891274,-96.95100541878108,XYZ403,A,-106,4,289,58,Poor,6,37,beam_coverage_gap
2026-07-01 12:00:00,UE01116,32.96898983261299,-97.00878757121625,XYZ401,C,-113,0,149,50,Fair,1,21,beam_coverage_gap
2026-07-01 13:00:00,UE01117,32.97433800595661,-96.96639534679356,XYZ402,A,-118,0,174,47,Good,2,21,beam_coverage_gap
2026-07-01 14:00:00,UE01118,32.96072226623743,-97.00949796207848,XYZ403,A,-102,6,264,27,Fair,3,41,beam_coverage_gap
2026-07-01 15:00:00,UE01119,32.93580736266279,-96.97484980074368,XYZ401,A,-90,15,400,64,Fair,4,77,beam_coverage_gap
2026-07-01 16:00:00,UE01120,32.96530299315227,-96.96414617832876,XYZ402,C,-110,-2,115,111,Excellent,5,12,beam_coverage_gap
2026-07-01 18:00:00,UE01122,32.96391639588065,-96.95152519607394,XYZ401,C,-117,1,182,81,Excellent,1,23,beam_coverage_gap
2026-07-01 19:00:00,UE01123,32.926618990188,-96.98471346587144,XYZ402,C,-81,20,587,32,Fair,2,94,beam_coverage_gap
2026-07-01 21:00:00,UE01125,32.935971501209586,-97.01148981856028,XYZ401,B,-100,13,475,46,Fair,4,67,beam_coverage_gap
2026-07-01 23:00:00,UE01127,32.9589771279646,-96.98366712276666,XYZ403,A,-99,15,526,90,Good,6,76,beam_coverage_gap
2026-07-01 00:00:00,UE01128,32.89707774551764,-96.99370085845908,XYZ401,C,-108,1,183,99,Coverage_Hole,1,23,beam_coverage_gap
2026-07-01 01:00:00,UE01129,32.94895566348967,-96.93697268305785,XYZ402,A,-117,0,151,65,Good,2,20,beam_coverage_gap
2026-07-01 02:00:00,UE01130,32.97586108114847,-96.97872112277,XYZ403,C,-110,-4,95,56,Fair,3,5,beam_coverage_gap
2026-07-01 03:00:00,UE01131,32.967236130934424,-97.01829264800368,XYZ401,A,-117,-6,42,23,Good,4,5,beam_coverage_gap
2026-07-01 04:00:00,UE01132,32.941503267166595,-96.9954874476506,XYZ402,C,-86,18,439,102,Fair,5,89,beam_coverage_gap
2026-07-01 05:00:00,UE01133,32.96211016586614,-97.00432933380226,XYZ403,A,-108,4,223,124,Poor,6,37,beam_coverage_gap
2026-07-01 06:00:00,UE01134,32.94229745001063,-96.94129441421018,XYZ401,C,-111,0,199,32,Excellent,1,21,beam_coverage_gap
2026-07-01 07:00:00,UE01135,32.96584553888341,-96.9775191960482,XYZ402,B,-102,3,263,55,Poor,2,31,beam_coverage_gap
2026-07-01 11:00:00,UE01139,32.933271885439844,-96.9374654907654,XYZ403,B,-115,-8,47,109,Good,6,5,beam_coverage_gap
2026-07-01 12:00:00,UE01140,32.924091264398704,-97.01282783123062,XYZ401,B,-103,2,248,125,Excellent,1,29,beam_coverage_gap
2026-07-01 14:00:00,UE01142,32.901607579279855,-97.01143744559975,XYZ403,B,-110,2,190,118,Excellent,3,29,beam_coverage_gap
2026-07-01 15:00:00,UE01143,32.957994426786165,-97.02143208027698,XYZ401,B,-110,3,243,26,Fair,4,31,beam_coverage_gap
2026-07-01 16:00:00,UE01144,32.97429683847577,-96.96438020755365,XYZ402,A,-118,0,192,86,Excellent,5,20,beam_coverage_gap
2026-07-01 21:00:00,UE01149,32.931385031361074,-96.99487902677438,XYZ401,B,-83,11,373,53,Poor,4,62,beam_coverage_gap
2026-07-01 22:00:00,UE01150,32.94744793175605,-96.94588526802008,XYZ402,B,-113,0,158,28,Excellent,5,21,beam_coverage_gap
2026-07-01 00:00:00,UE01152,32.95017534580395,-96.93964731426978,XYZ401,A,-111,-6,42,66,Good,1,5,beam_coverage_gap
2026-07-01 02:00:00,UE01154,32.95654695647698,-96.96306107126487,XYZ403,B,-110,-1,113,70,Poor,3,15,beam_coverage_gap
2026-07-01 03:00:00,UE01155,32.897046807482674,-96.9899557985044,XYZ401,B,-107,2,231,115,Coverage_Hole,4,29,beam_coverage_gap
2026-07-01 04:00:00,UE01156,32.93985216885893,-96.94960123236676,XYZ402,B,-103,4,289,31,Good,5,37,beam_coverage_gap
2026-07-01 05:00:00,UE01157,32.90489597858743,-97.0214048679786,XYZ403,B,-121,-3,158,57,Coverage_Hole,6,10,beam_coverage_gap
2026-07-01 06:00:00,UE01158,32.90497890301572,-96.9600083952092,XYZ401,C,-111,-3,160,83,Poor,1,11,beam_coverage_gap
2026-07-01 10:00:00,UE01162,32.93583420665305,-96.94353330803696,XYZ402,A,-103,0,166,86,Excellent,5,20,beam_coverage_gap
2026-07-01 12:00:00,UE01164,32.97265641058145,-96.97892595024238,XYZ401,C,-119,0,207,88,Coverage_Hole,1,21,beam_coverage_gap
2026-07-01 13:00:00,UE01165,32.902671394337524,-96.97699686809966,XYZ402,A,-104,2,186,92,Fair,2,29,beam_coverage_gap
2026-07-01 15:00:00,UE01167,32.905813422520424,-96.98663646098623,XYZ401,A,-103,0,187,67,Excellent,4,20,beam_coverage_gap
2026-07-01 16:00:00,UE01168,32.93282021888468,-97.02221090666684,XYZ402,C,-102,13,475,100,Good,5,68,beam_coverage_gap
2026-07-01 17:00:00,UE01169,32.910854510125084,-97.02590096403728,XYZ403,B,-120,2,200,34,Coverage_Hole,6,29,beam_coverage_gap
2026-07-01 18:00:00,UE01170,32.907457424777974,-96.97500072717008,XYZ401,B,-102,0,200,38,Fair,1,21,beam_coverage_gap
2026-07-01 20:00:00,UE01172,32.908527125117025,-97.02241045746794,XYZ403,C,-117,1,167,82,Coverage_Hole,3,24,beam_coverage_gap
2026-07-01 21:00:00,UE01173,32.89697321457521,-97.00330923869654,XYZ401,B,-118,6,237,49,Good,4,41,beam_coverage_gap
2026-07-01 22:00:00,UE01174,32.91325077688036,-96.98514805442346,XYZ402,C,-96,14,393,97,Excellent,5,74,beam_coverage_gap
2026-07-01 04:00:00,UE01180,32.91493085136478,-96.95810377879148,XYZ402,B,-105,-2,144,117,Excellent,5,13,beam_coverage_gap
2026-07-01 08:00:00,UE01184,32.96623247844479,-96.95458470424222,XYZ403,A,-118,-2,114,66,Excellent,3,13,beam_coverage_gap
2026-07-01 11:00:00,UE01187,32.96300487036402,-96.99201823410831,XYZ403,A,-108,8,293,33,Good,6,49,beam_coverage_gap
2026-07-01 14:00:00,UE01190,32.96496049008845,-97.01410564437047,XYZ403,A,-121,2,188,73,Coverage_Hole,3,28,beam_coverage_gap
2026-07-01 16:00:00,UE01192,32.97254707027319,-97.00326083406516,XYZ402,C,-116,-4,104,67,Fair,5,5,beam_coverage_gap
2026-07-01 18:00:00,UE01194,32.9724478343609,-96.99884042387448,XYZ401,A,-117,-1,139,60,Excellent,1,15,beam_coverage_gap
2026-07-01 19:00:00,UE01195,32.95766362929021,-96.95707474889778,XYZ402,B,-99,3,264,28,Fair,2,30,beam_coverage_gap
2026-07-01 20:00:00,UE01196,32.91295712639877,-96.96503951466327,XYZ403,B,-100,3,193,35,Coverage_Hole,3,31,beam_coverage_gap
2026-07-01 21:00:00,UE01197,32.8954387044431,-96.96958950018691,XYZ401,A,-109,-1,156,35,Fair,4,15,beam_coverage_gap
2026-07-01 22:00:00,UE01198,32.93714124548166,-96.93759833292678,XYZ402,A,-116,0,169,55,Poor,5,20,beam_coverage_gap
2026-07-01 00:00:00,UE01200,32.934106428130576,-97.03102044657072,XYZ401,A,-112,-4,78,95,Excellent,1,5,beam_coverage_gap
2026-07-01 01:00:00,UE01201,32.92146482289583,-96.95374732297482,XYZ402,C,-113,2,210,120,Good,2,29,beam_coverage_gap
2026-07-01 04:00:00,UE01204,32.93016886673486,-96.99386783862488,XYZ402,A,-84,19,475,94,Fair,5,91,beam_coverage_gap
2026-07-01 05:00:00,UE01205,32.92683224358584,-97.03134859439092,XYZ403,B,-114,-1,136,61,Good,6,15,beam_coverage_gap
2026-07-01 06:00:00,UE01206,32.89676089782582,-96.99374800714811,XYZ401,B,-109,4,307,21,Fair,1,37,beam_coverage_gap
2026-07-01 08:00:00,UE01208,32.902631671112296,-96.97141112411096,XYZ403,A,-108,0,149,63,Excellent,3,21,beam_coverage_gap
2026-07-01 13:00:00,UE01213,32.92623674557799,-97.02180923172077,XYZ402,A,-102,1,177,125,Fair,2,23,beam_coverage_gap
2026-07-01 14:00:00,UE01214,32.91309629569027,-97.02804418320164,XYZ403,A,-114,0,178,69,Excellent,3,21,beam_coverage_gap
2026-07-01 16:00:00,UE01216,32.96130396805842,-97.02597317927888,XYZ402,B,-123,-3,116,36,Poor,5,11,beam_coverage_gap
2026-07-01 18:00:00,UE01218,32.897441226207114,-96.97677566410204,XYZ401,A,-109,-2,118,21,Poor,1,12,beam_coverage_gap
2026-07-01 22:00:00,UE01222,32.89955564264572,-97.01360680013045,XYZ402,C,-119,0,200,53,Good,5,21,beam_coverage_gap
2026-07-01 23:00:00,UE01223,32.96787054195624,-96.98584930119353,XYZ403,B,-108,4,265,64,Fair,6,37,beam_coverage_gap
2026-07-01 01:00:00,UE01225,32.957797966464184,-97.00560683889036,XYZ402,A,-108,3,252,90,Excellent,2,30,beam_coverage_gap
2026-07-01 02:00:00,UE01226,32.93742960253188,-96.93970993903582,XYZ403,A,-116,2,268,79,Excellent,3,29,beam_coverage_gap
2026-07-01 03:00:00,UE01227,32.9499710361771,-97.02454891648424,XYZ401,B,-113,1,147,76,Fair,4,23,beam_coverage_gap
2026-07-01 05:00:00,UE01229,32.93039473259665,-96.93965677459884,XYZ403,C,-118,2,234,129,Good,6,28,beam_coverage_gap
2026-07-01 06:00:00,UE01230,32.910102332096564,-96.96852847027182,XYZ401,B,-103,3,187,18,Good,1,31,beam_coverage_gap
2026-07-01 08:00:00,UE01232,32.96908775064514,-97.00661966129032,XYZ403,B,-112,-7,40,59,Poor,3,5,beam_coverage_gap
2026-07-01 09:00:00,UE01233,32.91926719684369,-97.02442800952971,XYZ401,C,-115,1,174,22,Excellent,4,22,beam_coverage_gap
2026-07-01 10:00:00,UE01234,32.91479996839997,-97.02600085225528,XYZ402,A,-116,-1,113,62,Fair,5,16,beam_coverage_gap
2026-07-01 11:00:00,UE01235,32.93386102296446,-97.02716522243534,XYZ403,C,-113,1,147,87,Coverage_Hole,6,22,beam_coverage_gap
2026-07-01 13:00:00,UE01237,32.94230658133253,-97.00667778584528,XYZ402,A,-97,9,414,31,Fair,2,55,beam_coverage_gap
2026-07-01 14:00:00,UE01238,32.95690255903313,-96.96309938176856,XYZ403,A,-103,4,241,125,Excellent,3,36,beam_coverage_gap
2026-07-01 15:00:00,UE01239,32.92676949395769,-97.02675867437748,XYZ401,A,-109,2,187,53,Poor,4,28,beam_coverage_gap
2026-07-01 16:00:00,UE01240,32.955365263619534,-96.96015509168264,XYZ402,C,-103,9,359,34,Excellent,5,54,beam_coverage_gap
2026-07-01 17:00:00,UE01241,32.92917986745299,-97.02434899594611,XYZ403,B,-110,4,235,97,Poor,6,37,beam_coverage_gap
2026-07-01 18:00:00,UE01242,32.95792623626754,-96.9967085845938,XYZ401,B,-105,1,150,110,Poor,1,22,beam_coverage_gap
2026-07-01 23:00:00,UE01247,32.93815988551508,-96.93543320476088,XYZ403,C,-117,-2,116,59,Good,6,12,beam_coverage_gap
2026-07-01 00:00:00,UE01248,32.929256654223515,-96.98060502031376,XYZ401,A,-84,17,445,91,Good,1,85,beam_coverage_gap
2026-07-01 01:00:00,UE01249,32.941294277656745,-96.9883879545544,XYZ402,B,-85,17,436,54,Poor,2,84,beam_coverage_gap
2026-07-01 02:00:00,UE01250,32.925066031257145,-96.98952171004628,XYZ403,A,-86,20,576,16,Coverage_Hole,3,95,beam_coverage_gap
2026-07-01 03:00:00,UE01251,32.95917493776922,-97.00112487522244,XYZ401,A,-107,2,235,37,Coverage_Hole,4,29,beam_coverage_gap
2026-07-01 04:00:00,UE01252,32.91961180546662,-96.9524536056518,XYZ402,B,-106,8,301,56,Fair,5,49,beam_coverage_gap
2026-07-01 05:00:00,UE01253,32.93535738780078,-97.03408050304245,XYZ403,C,-112,-4,79,121,Excellent,6,5,beam_coverage_gap
2026-07-01 06:00:00,UE01254,32.919382716603835,-97.02104334609396,XYZ401,A,-110,-2,120,91,Excellent,1,13,beam_coverage_gap
2026-07-01 07:00:00,UE01255,32.91615692800839,-97.02050251723706,XYZ402,A,-114,3,202,48,Good,2,31,beam_coverage_gap
2026-07-01 10:00:00,UE01258,32.95682101478347,-96.9761553975386,XYZ402,C,-101,9,301,33,Fair,5,56,beam_coverage_gap
2026-07-01 11:00:00,UE01259,32.953266962077635,-96.94185581477716,XYZ403,C,-116,-1,111,124,Coverage_Hole,6,14,beam_coverage_gap
2026-07-01 13:00:00,UE01261,32.90828357937827,-96.97952250674294,XYZ402,A,-101,9,366,44,Fair,2,56,beam_coverage_gap
2026-07-01 14:00:00,UE01262,32.92116268729287,-96.97286482435722,XYZ403,C,-96,8,356,39,Excellent,3,49,beam_coverage_gap
2026-07-01 15:00:00,UE01263,32.939324764372,-96.98862227315917,XYZ401,B,-79,16,502,24,Coverage_Hole,4,81,beam_coverage_gap
2026-07-01 16:00:00,UE01264,32.93788741474707,-96.97331470724812,XYZ402,A,-98,13,477,35,Good,5,68,beam_coverage_gap
2026-07-01 17:00:00,UE01265,32.92247437741863,-97.02860003724972,XYZ403,C,-110,-1,138,57,Coverage_Hole,6,14,beam_coverage_gap
2026-07-01 20:00:00,UE01268,32.921334394949014,-96.94559843587318,XYZ403,A,-110,3,230,110,Excellent,3,31,beam_coverage_gap
2026-07-01 21:00:00,UE01269,32.96941367597038,-96.97010283551622,XYZ401,A,-106,2,249,56,Excellent,4,28,beam_coverage_gap
2026-07-01 22:00:00,UE01270,32.90289856408585,-96.99640967743088,XYZ402,A,-107,1,146,101,Excellent,5,24,beam_coverage_gap
2026-07-01 23:00:00,UE01271,32.91823923526864,-96.97618754532036,XYZ403,B,-93,11,400,36,Poor,6,64,beam_coverage_gap
2026-07-01 00:00:00,UE01272,32.90046485329061,-97.00005677153472,XYZ401,A,-105,0,187,118,Excellent,1,21,beam_coverage_gap
2026-07-01 01:00:00,UE01273,32.9185203926552,-96.94159341138486,XYZ402,B,-121,3,245,21,Excellent,2,31,beam_coverage_gap
2026-07-01 02:00:00,UE01274,32.9008212301982,-96.9688210706392,XYZ403,B,-116,1,212,20,Fair,3,22,beam_coverage_gap
2026-07-01 03:00:00,UE01275,32.943580148748616,-97.0250057670426,XYZ401,A,-111,0,156,83,Excellent,4,20,beam_coverage_gap
2026-07-01 04:00:00,UE01276,32.94712459526368,-97.03440007779083,XYZ402,A,-120,-1,147,46,Fair,5,14,beam_coverage_gap
2026-07-01 06:00:00,UE01278,32.96465763758881,-97.0062153086026,XYZ401,A,-109,-2,147,114,Coverage_Hole,1,13,beam_coverage_gap
2026-07-01 07:00:00,UE01279,32.94184693892974,-96.96146257147328,XYZ402,A,-92,12,428,100,Good,2,65,beam_coverage_gap
2026-07-01 08:00:00,UE01280,32.91501189404271,-96.9563511007698,XYZ403,C,-106,3,187,95,Poor,3,32,beam_coverage_gap
2026-07-01 09:00:00,UE01281,32.9003565705896,-96.95779898928444,XYZ401,B,-118,-2,152,60,Excellent,4,12,beam_coverage_gap
2026-07-01 10:00:00,UE01282,32.90315623328299,-96.955245279218,XYZ402,A,-119,-5,79,25,Good,5,5,beam_coverage_gap
2026-07-01 12:00:00,UE01284,32.956836845934376,-96.95506866209668,XYZ401,A,-109,6,229,114,Poor,1,42,beam_coverage_gap
2026-07-01 15:00:00,UE01287,32.93065815130105,-96.9426995434879,XYZ401,A,-115,7,288,106,Fair,4,47,beam_coverage_gap
2026-07-01 16:00:00,UE01288,32.92857751100475,-97.03481257617184,XYZ402,A,-118,-2,155,29,Poor,5,13,beam_coverage_gap
2026-07-01 17:00:00,UE01289,32.90027763653699,-96.95840700997266,XYZ403,A,-117,-1,150,112,Fair,6,16,beam_coverage_gap
2026-07-01 19:00:00,UE01291,32.945748546421584,-97.0143820785754,XYZ402,A,-105,1,170,34,Good,2,23,beam_coverage_gap
2026-07-01 20:00:00,UE01292,32.918203973743324,-96.98580715129664,XYZ403,A,-91,12,418,71,Good,3,66,beam_coverage_gap
2026-07-01 22:00:00,UE01294,32.93296516515825,-96.94439157553688,XYZ402,C,-115,3,191,74,Poor,5,31,beam_coverage_gap
2026-07-01 23:00:00,UE01295,32.96522143762827,-96.99902440432932,XYZ403,C,-106,1,204,85,Excellent,6,22,beam_coverage_gap
2026-07-01 00:00:00,UE01296,32.95980677551659,-96.9879247618856,XYZ401,C,-99,0,181,71,Coverage_Hole,1,20,beam_coverage_gap
2026-07-01 01:00:00,UE01297,32.96807833336753,-96.965262870283,XYZ402,B,-117,0,151,15,Fair,2,20,beam_coverage_gap
2026-07-01 04:00:00,UE01300,32.96184110230522,-96.98772409758512,XYZ402,C,-106,9,294,113,Coverage_Hole,5,56,beam_coverage_gap
2026-07-01 06:00:00,UE01302,32.90028187415064,-96.96348191722782,XYZ401,A,-114,2,224,80,Coverage_Hole,1,28,beam_coverage_gap
2026-07-01 07:00:00,UE01303,32.90780748998419,-96.9882226519263,XYZ402,A,-98,4,247,73,Coverage_Hole,2,36,beam_coverage_gap
2026-07-01 10:00:00,UE01306,32.9048428471745,-96.96637288651594,XYZ402,B,-115,5,258,82,Poor,5,40,beam_coverage_gap
2026-07-01 11:00:00,UE01307,32.909727715725765,-96.95282979483989,XYZ403,B,-108,6,241,38,Coverage_Hole,6,42,beam_coverage_gap
2026-07-01 12:00:00,UE01308,32.972739350700586,-96.96885416037148,XYZ401,B,-113,-4,74,112,Fair,1,5,beam_coverage_gap
2026-07-01 13:00:00,UE01309,32.96143206599672,-97.00349544148553,XYZ402,C,-109,2,219,40,Excellent,2,29,beam_coverage_gap
2026-07-01 14:00:00,UE01310,32.89618399556612,-96.98681421159608,XYZ403,A,-107,-3,125,66,Good,3,9,beam_coverage_gap
2026-07-01 18:00:00,UE01314,32.959590993182964,-97.01329873738192,XYZ401,A,-108,4,320,117,Poor,1,37,beam_coverage_gap
2026-07-01 19:00:00,UE01315,32.910841076963244,-96.9864120283056,XYZ402,A,-103,8,313,17,Fair,2,49,beam_coverage_gap
2026-07-01 20:00:00,UE01316,32.95043831300189,-97.01765209688618,XYZ403,C,-106,8,303,92,Poor,3,49,beam_coverage_gap
2026-07-01 21:00:00,UE01317,32.94929389759128,-96.96911091504464,XYZ401,B,-99,10,292,93,Excellent,4,57,beam_coverage_gap
2026-07-01 22:00:00,UE01318,32.9629572094864,-96.963022216941,XYZ402,C,-111,0,145,28,Excellent,5,20,beam_coverage_gap
2026-07-01 23:00:00,UE01319,32.95631091715186,-97.00434403560284,XYZ403,B,-102,6,290,84,Good,6,41,beam_coverage_gap
2026-07-01 02:00:00,UE01322,32.95814620167492,-97.02234345241013,XYZ403,B,-119,3,232,67,Fair,3,31,beam_coverage_gap
2026-07-01 03:00:00,UE01323,32.91705886384728,-96.95788236596177,XYZ401,C,-107,4,220,110,Good,4,36,beam_coverage_gap
2026-07-01 04:00:00,UE01324,32.939102155949115,-97.0337555734608,XYZ402,B,-113,-5,104,96,Fair,5,5,beam_coverage_gap
2026-07-01 06:00:00,UE01326,32.97123480557632,-96.9753587532205,XYZ401,B,-113,-6,38,119,Good,1,5,beam_coverage_gap
2026-07-01 07:00:00,UE01327,32.9272677043318,-96.99692741492066,XYZ402,C,-94,14,520,29,Good,2,74,beam_coverage_gap
2026-07-01 08:00:00,UE01328,32.899859733703074,-96.99429499931324,XYZ403,B,-107,-1,123,102,Fair,3,15,beam_coverage_gap
2026-07-01 12:00:00,UE01332,32.92011258641595,-97.01208808741764,XYZ401,A,-105,8,265,61,Poor,1,50,beam_coverage_gap
2026-07-01 13:00:00,UE01333,32.94690882507887,-97.00994669060502,XYZ402,C,-98,3,259,36,Poor,2,31,beam_coverage_gap
2026-07-01 14:00:00,UE01334,32.950224261302445,-96.94597400724932,XYZ403,B,-112,0,190,106,Coverage_Hole,3,21,beam_coverage_gap
2026-07-01 15:00:00,UE01335,32.92710576803854,-97.0343382235836,XYZ401,A,-113,-1,151,75,Good,4,16,beam_coverage_gap
2026-07-01 16:00:00,UE01336,32.94579366757268,-96.98148796771518,XYZ402,A,-86,16,465,74,Excellent,5,81,beam_coverage_gap
2026-07-01 17:00:00,UE01337,32.90406769967447,-97.0194689692311,XYZ403,A,-113,1,145,17,Poor,6,23,beam_coverage_gap
2026-07-01 19:00:00,UE01339,32.96352448478891,-96.9767563683894,XYZ402,C,-114,4,293,40,Coverage_Hole,2,36,beam_coverage_gap
2026-07-01 21:00:00,UE01341,32.95340636534609,-96.9939939831988,XYZ401,B,-97,10,295,118,Coverage_Hole,4,58,beam_coverage_gap
2026-07-01 22:00:00,UE01342,32.958593354816664,-96.97983703277949,XYZ402,C,-107,10,390,26,Good,5,58,beam_coverage_gap
2026-07-01 23:00:00,UE01343,32.962572591546774,-96.97687222312832,XYZ403,C,-103,6,234,115,Good,6,42,beam_coverage_gap
2026-07-01 00:00:00,UE01344,32.9562577986786,-96.98453488749465,XYZ401,C,-99,14,497,40,Poor,1,74,beam_coverage_gap
2026-07-01 01:00:00,UE01345,32.91815231292574,-96.9722906506892,XYZ402,B,-98,8,296,92,Good,2,49,beam_coverage_gap
2026-07-01 02:00:00,UE01346,32.92970751931612,-97.02367561228998,XYZ403,A,-115,0,181,18,Excellent,3,21,beam_coverage_gap
2026-07-01 03:00:00,UE01347,32.96505310873759,-96.9654456874313,XYZ401,A,-113,6,309,52,Coverage_Hole,4,42,beam_coverage_gap
2026-07-01 05:00:00,UE01349,32.97171199822574,-96.99836702016988,XYZ403,B,-112,-2,120,97,Excellent,6,13,beam_coverage_gap
2026-07-01 06:00:00,UE01350,32.95307033203377,-96.93905650351446,XYZ401,A,-123,3,230,22,Poor,1,31,beam_coverage_gap
2026-07-01 07:00:00,UE01351,32.917375008015696,-97.0151437465182,XYZ402,C,-101,6,222,66,Fair,2,41,beam_coverage_gap
2026-07-01 09:00:00,UE01353,32.93728339191095,-96.94465569517652,XYZ401,B,-115,1,163,91,Poor,4,23,beam_coverage_gap
2026-07-01 10:00:00,UE01354,32.92559090495397,-96.94679789514666,XYZ402,C,-105,1,195,80,Excellent,5,23,beam_coverage_gap
2026-07-01 11:00:00,UE01355,32.9551137352498,-96.95362331186612,XYZ403,B,-111,4,283,118,Excellent,6,37,beam_coverage_gap
2026-07-01 14:00:00,UE01358,32.90461332543595,-96.97349413288173,XYZ403,A,-114,-3,152,19,Excellent,3,9,beam_coverage_gap
2026-07-01 15:00:00,UE01359,32.950084183566986,-96.93891647289264,XYZ401,B,-121,0,167,32,Coverage_Hole,4,21,beam_coverage_gap
2026-07-01 16:00:00,UE01360,32.937137305618585,-96.93435610522118,XYZ402,C,-113,0,180,34,Fair,5,21,beam_coverage_gap
2026-07-01 18:00:00,UE01362,32.92576103491292,-96.9442061499415,XYZ401,C,-114,1,161,55,Coverage_Hole,1,23,beam_coverage_gap
2026-07-01 19:00:00,UE01363,32.91918491395204,-97.00941851868738,XYZ402,B,-100,9,360,33,Excellent,2,55,beam_coverage_gap
2026-07-01 20:00:00,UE01364,32.967980548648484,-96.97689385172072,XYZ403,A,-109,0,187,32,Good,3,21,beam_coverage_gap
2026-07-01 21:00:00,UE01365,32.92004393161677,-97.0273484337879,XYZ401,B,-122,-4,72,86,Excellent,4,5,beam_coverage_gap
2026-07-01 23:00:00,UE01367,32.946956269278736,-96.93582858194507,XYZ403,C,-118,-4,90,80,Coverage_Hole,6,5,beam_coverage_gap
2026-07-01 00:00:00,UE01368,32.90705102177634,-97.01508419608854,XYZ401,B,-112,3,269,47,Poor,1,31,beam_coverage_gap
2026-07-01 01:00:00,UE01369,32.94319307721307,-96.9735583366849,XYZ402,B,-84,13,426,72,Good,2,68,beam_coverage_gap
2026-07-01 02:00:00,UE01370,32.924424835294786,-97.01979690120142,XYZ403,B,-105,3,216,64,Excellent,3,32,beam_coverage_gap
2026-07-01 04:00:00,UE01372,32.92098558913625,-97.00392985051477,XYZ402,A,-101,15,484,83,Coverage_Hole,5,76,beam_coverage_gap
2026-07-01 05:00:00,UE01373,32.912891858896835,-97.01010888842632,XYZ403,B,-110,0,182,66,Good,6,20,beam_coverage_gap
2026-07-01 06:00:00,UE01374,32.89674876479062,-96.99721992218863,XYZ401,C,-106,0,211,74,Excellent,1,20,beam_coverage_gap
2026-07-01 07:00:00,UE01375,32.96950662124675,-97.0054233186288,XYZ402,B,-113,0,177,88,Good,2,21,beam_coverage_gap
2026-07-01 08:00:00,UE01376,32.955839739067315,-96.96582106108433,XYZ403,A,-105,10,381,100,Poor,3,58,beam_coverage_gap
2026-07-01 09:00:00,UE01377,32.94632101419398,-96.96435388335703,XYZ401,A,-94,12,342,86,Good,4,66,beam_coverage_gap
2026-07-01 11:00:00,UE01379,32.93831865248448,-96.93815552031198,XYZ403,B,-112,-4,80,53,Poor,6,5,beam_coverage_gap
2026-07-01 12:00:00,UE01380,32.94916693900667,-96.95502738084215,XYZ401,B,-95,2,225,72,Fair,1,29,beam_coverage_gap
2026-07-01 13:00:00,UE01381,32.91231447178641,-96.98907982885376,XYZ402,B,-102,7,359,21,Good,2,46,beam_coverage_gap
2026-07-01 15:00:00,UE01383,32.93631621748594,-97.00532129173466,XYZ401,A,-91,18,572,44,Coverage_Hole,4,89,beam_coverage_gap
2026-07-01 16:00:00,UE01384,32.89300531470643,-96.97681832958382,XYZ402,A,-120,-6,53,104,Poor,5,5,beam_coverage_gap
2026-07-01 18:00:00,UE01386,32.967911558970265,-96.9564394784569,XYZ401,C,-113,-3,136,19,Good,1,9,beam_coverage_gap
2026-07-01 19:00:00,UE01387,32.920554938834975,-96.93917330871729,XYZ402,A,-114,-2,158,89,Coverage_Hole,2,12,beam_coverage_gap
2026-07-01 20:00:00,UE01388,32.94929112381892,-96.94888446519012,XYZ403,B,-100,1,192,111,Fair,3,23,beam_coverage_gap
2026-07-01 23:00:00,UE01391,32.952412189608765,-97.02357386291048,XYZ403,B,-115,0,195,51,Excellent,6,20,beam_coverage_gap
2026-07-01 00:00:00,UE01392,32.960758870741515,-96.98626466361084,XYZ401,A,-96,7,359,30,Coverage_Hole,1,47,beam_coverage_gap
2026-07-01 01:00:00,UE01393,32.96483307312737,-96.9485195066898,XYZ402,B,-118,-3,157,16,Good,2,10,beam_coverage_gap
2026-07-01 02:00:00,UE01394,32.90410465437253,-97.0052009341572,XYZ403,B,-110,1,202,19,Coverage_Hole,3,23,beam_coverage_gap
2026-07-01 05:00:00,UE01397,32.9753023377056,-96.98230971881804,XYZ403,A,-115,0,162,102,Poor,6,20,beam_coverage_gap
2026-07-01 07:00:00,UE01399,32.91137687071257,-96.98772160416904,XYZ402,C,-101,8,372,49,Excellent,2,49,beam_coverage_gap
2026-07-01 09:00:00,UE01401,32.92616080697024,-97.01416311281857,XYZ401,B,-101,8,337,66,Poor,4,50,beam_coverage_gap
2026-07-01 10:00:00,UE01402,32.95705549175915,-97.0034666677876,XYZ402,A,-102,5,258,72,Coverage_Hole,5,38,beam_coverage_gap
2026-07-01 13:00:00,UE01405,32.965984342299514,-97.0202530066276,XYZ402,A,-122,1,185,27,Poor,2,23,beam_coverage_gap
2026-07-01 15:00:00,UE01407,32.905137016389936,-96.97808904126424,XYZ401,B,-106,3,189,95,Excellent,4,30,beam_coverage_gap
2026-07-01 16:00:00,UE01408,32.917798465052726,-96.97688069971842,XYZ402,C,-95,15,490,116,Coverage_Hole,5,77,beam_coverage_gap
2026-07-01 17:00:00,UE01409,32.970856403168035,-96.9762485639354,XYZ403,C,-108,0,183,39,Coverage_Hole,6,21,beam_coverage_gap
2026-07-01 18:00:00,UE01410,32.964588851057044,-97.00102088069649,XYZ401,B,-107,3,192,89,Coverage_Hole,1,31,beam_coverage_gap
2026-07-01 19:00:00,UE01411,32.93488331374098,-96.97716730909846,XYZ402,A,-81,17,415,25,Coverage_Hole,2,84,beam_coverage_gap
2026-07-01 22:00:00,UE01414,32.958673422802214,-96.9629293043639,XYZ402,A,-103,6,238,89,Fair,5,42,beam_coverage_gap
2026-07-01 00:00:00,UE01416,32.94126058154021,-96.99597300700832,XYZ401,C,-94,19,578,119,Excellent,1,93,beam_coverage_gap
2026-07-01 02:00:00,UE01418,32.89932228579661,-96.9950816501091,XYZ403,C,-111,-5,78,76,Good,3,5,beam_coverage_gap
2026-07-01 04:00:00,UE01420,32.94766972746758,-97.02279060498726,XYZ402,C,-103,3,201,55,Fair,5,31,beam_coverage_gap
2026-07-01 06:00:00,UE01422,32.94937095757544,-96.95572049551588,XYZ401,A,-107,0,144,43,Coverage_Hole,1,20,beam_coverage_gap
2026-07-01 07:00:00,UE01423,32.91239760513125,-97.01817438180998,XYZ402,B,-105,-3,111,100,Fair,2,11,beam_coverage_gap
2026-07-01 08:00:00,UE01424,32.9529336928859,-97.0059550853919,XYZ403,C,-103,4,223,51,Excellent,3,37,beam_coverage_gap
2026-07-01 09:00:00,UE01425,32.97169319067929,-96.99250013182856,XYZ401,C,-103,0,153,116,Excellent,4,21,beam_coverage_gap
2026-07-01 10:00:00,UE01426,32.94401645930268,-96.95587673474928,XYZ402,A,-107,5,288,129,Poor,5,39,beam_coverage_gap
2026-07-01 12:00:00,UE01428,32.94237351081636,-96.96205232616369,XYZ401,A,-90,11,340,26,Coverage_Hole,1,63,beam_coverage_gap
2026-07-01 13:00:00,UE01429,32.96084669027627,-96.98118693202576,XYZ402,C,-103,5,226,23,Fair,2,39,beam_coverage_gap
2026-07-01 14:00:00,UE01430,32.94946668165345,-97.01599146518124,XYZ403,C,-101,2,216,107,Fair,3,29,beam_coverage_gap
2026-07-01 15:00:00,UE01431,32.957953372390314,-96.95762210863246,XYZ401,C,-109,2,249,87,Good,4,28,beam_coverage_gap
2026-07-01 16:00:00,UE01432,32.97029138580215,-96.99809956778368,XYZ402,C,-113,0,205,93,Poor,5,21,beam_coverage_gap
2026-07-01 18:00:00,UE01434,32.947361613606745,-97.00077534999951,XYZ401,C,-87,8,343,64,Good,1,49,beam_coverage_gap
2026-07-01 19:00:00,UE01435,32.953452015216044,-96.99476146365453,XYZ402,C,-98,8,350,29,Poor,2,49,beam_coverage_gap
2026-07-01 20:00:00,UE01436,32.921710096503425,-97.0094898572614,XYZ403,C,-97,1,173,53,Coverage_Hole,3,23,beam_coverage_gap
2026-07-01 23:00:00,UE01439,32.967909339885416,-96.97523310899372,XYZ403,C,-107,1,155,122,Poor,6,23,beam_coverage_gap
2026-07-01 02:00:00,UE01442,32.91243827292822,-96.94605452678849,XYZ403,A,-115,6,318,15,Poor,3,41,beam_coverage_gap
2026-07-01 03:00:00,UE01443,32.970646560901905,-96.99530730695564,XYZ401,C,-114,1,193,43,Coverage_Hole,4,23,beam_coverage_gap
2026-07-01 04:00:00,UE01444,32.93516771846946,-97.03544715981798,XYZ402,A,-111,-7,50,108,Poor,5,5,beam_coverage_gap
2026-07-01 05:00:00,UE01445,32.92720125160866,-96.96796755779307,XYZ403,C,-98,11,349,54,Fair,6,63,beam_coverage_gap
2026-07-01 06:00:00,UE01446,32.91484156315827,-96.94083886077512,XYZ401,B,-113,-1,160,23,Good,1,15,beam_coverage_gap
2026-07-01 09:00:00,UE01449,32.900261117752464,-96.98960465247524,XYZ401,C,-108,0,196,31,Coverage_Hole,4,21,beam_coverage_gap
2026-07-01 10:00:00,UE01450,32.937902396758254,-96.9428902794397,XYZ402,A,-105,1,201,86,Excellent,5,23,beam_coverage_gap
2026-07-01 11:00:00,UE01451,32.896251764640105,-96.97336863764022,XYZ403,C,-110,0,191,28,Excellent,6,20,beam_coverage_gap
2026-07-01 13:00:00,UE01453,32.900175096710896,-96.9754731902346,XYZ402,B,-106,0,207,60,Excellent,2,21,beam_coverage_gap
2026-07-01 14:00:00,UE01454,32.93188317928847,-96.94673402644088,XYZ403,C,-106,4,298,27,Coverage_Hole,3,36,beam_coverage_gap
2026-07-01 15:00:00,UE01455,32.906394658787434,-97.007948048753,XYZ401,A,-99,2,244,69,Fair,4,28,beam_coverage_gap
2026-07-01 17:00:00,UE01457,32.93780734597222,-96.97005011691752,XYZ403,A,-92,17,461,125,Excellent,6,85,beam_coverage_gap
2026-07-01 18:00:00,UE01458,32.963068137239034,-97.00277095718864,XYZ401,C,-105,0,199,120,Fair,1,21,beam_coverage_gap
2026-07-01 19:00:00,UE01459,32.96439191446038,-96.99428691795264,XYZ402,B,-108,5,321,60,Coverage_Hole,2,40,beam_coverage_gap
2026-07-01 20:00:00,UE01460,32.93446199654702,-97.0299792238594,XYZ403,B,-104,1,146,75,Excellent,3,23,beam_coverage_gap
2026-07-01 21:00:00,UE01461,32.945853147527785,-96.93933054652432,XYZ401,A,-110,1,175,27,Fair,4,24,beam_coverage_gap
2026-07-01 22:00:00,UE01462,32.90064948262859,-96.95599596814316,XYZ402,B,-121,-2,141,33,Excellent,5,12,beam_coverage_gap
2026-07-01 00:00:00,UE01464,32.97585332571462,-96.9680702491059,XYZ401,B,-114,-5,73,85,Fair,1,5,beam_coverage_gap
2026-07-01 01:00:00,UE01465,32.91118576992288,-96.9507461237478,XYZ402,A,-114,3,184,75,Excellent,2,31,beam_coverage_gap
2026-07-01 02:00:00,UE01466,32.947382545576616,-96.97978693888818,XYZ403,B,-88,14,396,67,Coverage_Hole,3,73,beam_coverage_gap
2026-07-01 03:00:00,UE01467,32.97400339336201,-96.98222101191531,XYZ401,A,-114,-1,153,76,Coverage_Hole,4,15,beam_coverage_gap
2026-07-01 04:00:00,UE01468,32.90796272930811,-96.9858919034493,XYZ402,B,-98,2,182,83,Good,5,28,beam_coverage_gap
2026-07-01 05:00:00,UE01469,32.92580262030431,-96.98904500365946,XYZ403,C,-89,15,399,55,Excellent,6,75,beam_coverage_gap
2026-07-01 07:00:00,UE01471,32.8961834745196,-96.97724701342526,XYZ402,B,-112,0,154,30,Excellent,2,20,beam_coverage_gap
2026-07-01 08:00:00,UE01472,32.9622134357205,-96.96499115776776,XYZ403,C,-111,3,197,24,Good,3,32,beam_coverage_gap
2026-07-01 09:00:00,UE01473,32.930795736085685,-97.02596223286344,XYZ401,B,-114,0,179,57,Coverage_Hole,4,21,beam_coverage_gap
2026-07-01 10:00:00,UE01474,32.95120991447712,-96.97003115311104,XYZ402,A,-93,9,376,125,Fair,5,55,beam_coverage_gap
2026-07-01 11:00:00,UE01475,32.91679272251566,-96.94687236300312,XYZ403,B,-116,3,181,59,Excellent,6,31,beam_coverage_gap
2026-07-01 12:00:00,UE01476,32.94160496014817,-97.03287242711798,XYZ401,B,-115,-1,160,29,Coverage_Hole,1,15,beam_coverage_gap
2026-07-01 13:00:00,UE01477,32.93455143430008,-96.94132114260336,XYZ402,B,-111,2,216,109,Fair,2,29,beam_coverage_gap
2026-07-01 14:00:00,UE01478,32.90858400860554,-96.96312520970277,XYZ403,B,-105,1,166,32,Coverage_Hole,3,23,beam_coverage_gap
2026-07-01 16:00:00,UE01480,32.90267166144969,-96.96758023967428,XYZ402,A,-108,3,224,40,Poor,5,31,beam_coverage_gap
2026-07-01 17:00:00,UE01481,32.93584964424016,-96.9384182577497,XYZ403,C,-106,-3,147,105,Fair,6,11,beam_coverage_gap
2026-07-01 18:00:00,UE01482,32.95458130332452,-97.00205122960392,XYZ401,C,-93,9,315,64,Coverage_Hole,1,55,beam_coverage_gap
2026-07-01 20:00:00,UE01484,32.96253904462117,-97.0020948566229,XYZ403,C,-104,0,155,123,Poor,3,20,beam_coverage_gap
2026-07-01 22:00:00,UE01486,32.903407830338125,-96.98081612138056,XYZ402,C,-113,3,243,76,Poor,5,31,beam_coverage_gap
2026-07-01 23:00:00,UE01487,32.92391691638085,-96.95756127307268,XYZ403,C,-103,2,199,63,Good,6,28,beam_coverage_gap
2026-07-01 00:00:00,UE01488,32.9215833689403,-97.0289948598664,XYZ401,C,-112,0,205,59,Poor,1,20,beam_coverage_gap
2026-07-01 01:00:00,UE01489,32.919840517413355,-96.94056687938894,XYZ402,C,-117,-1,117,28,Good,2,14,beam_coverage_gap
2026-07-01 02:00:00,UE01490,32.90141801043961,-96.98002489615176,XYZ403,C,-111,1,209,18,Poor,3,23,beam_coverage_gap
2026-07-01 03:00:00,UE01491,32.968342142297786,-96.99950522914747,XYZ401,A,-104,0,178,56,Poor,4,20,beam_coverage_gap
2026-07-01 04:00:00,UE01492,32.903990715149405,-96.98637916242714,XYZ402,A,-107,2,216,77,Coverage_Hole,5,29,beam_coverage_gap
2026-07-01 07:00:00,UE01495,32.94463179553628,-97.00635397771435,XYZ402,A,-95,12,469,121,Excellent,2,66,beam_coverage_gap
2026-07-01 09:00:00,UE01497,32.89675679216778,-96.96224390089604,XYZ401,C,-119,-4,99,45,Coverage_Hole,4,5,beam_coverage_gap
2026-07-01 12:00:00,UE01500,32.933314401417995,-96.96812424081998,XYZ401,C,-95,11,361,95,Fair,1,64,beam_coverage_gap
2026-07-01 15:00:00,UE01503,32.926740527296815,-97.02666528778572,XYZ401,C,-110,2,241,113,Poor,4,29,beam_coverage_gap
2026-07-01 18:00:00,UE01506,32.90421606169122,-96.9839711692549,XYZ401,A,-104,1,157,74,Fair,1,23,beam_coverage_gap
2026-07-01 19:00:00,UE01507,32.94212699787428,-96.93984703544815,XYZ402,A,-114,0,212,107,Excellent,2,20,beam_coverage_gap
2026-07-01 20:00:00,UE01508,32.931600746339726,-97.0041525784402,XYZ403,C,-89,12,330,39,Poor,3,66,beam_coverage_gap
2026-07-01 22:00:00,UE01510,32.92205215498267,-96.95556276167432,XYZ402,A,-101,4,235,61,Coverage_Hole,5,37,beam_coverage_gap
2026-07-01 23:00:00,UE01511,32.906945195171204,-96.94634833772726,XYZ403,A,-117,-6,37,47,Excellent,6,5,beam_coverage_gap
2026-07-01 00:00:00,UE01512,32.93247903912145,-96.93356179426506,XYZ401,A,-116,2,194,28,Good,1,29,beam_coverage_gap
2026-07-01 02:00:00,UE01514,32.93014724966901,-96.98693390511804,XYZ403,B,-83,17,566,85,Good,3,85,beam_coverage_gap
2026-07-01 03:00:00,UE01515,32.9021914724696,-96.98131895982496,XYZ401,B,-106,5,300,70,Good,4,38,beam_coverage_gap
2026-07-01 04:00:00,UE01516,32.97765782984035,-96.97533521783626,XYZ402,A,-113,-4,98,37,Coverage_Hole,5,5,beam_coverage_gap
2026-07-01 05:00:00,UE01517,32.964918845479005,-96.95225342440484,XYZ403,C,-121,-3,150,74,Fair,6,11,beam_coverage_gap
2026-07-01 06:00:00,UE01518,32.89933204553124,-96.99465122639864,XYZ401,C,-109,5,295,69,Poor,1,39,beam_coverage_gap
2026-07-01 07:00:00,UE01519,32.92263638766036,-97.03348659995636,XYZ402,B,-121,-5,104,22,Excellent,2,5,beam_coverage_gap
2026-07-01 08:00:00,UE01520,32.91720398180986,-96.96309600835264,XYZ403,C,-101,12,439,31,Good,3,65,beam_coverage_gap
2026-07-01 09:00:00,UE01521,32.93185174407997,-96.9371214181802,XYZ401,B,-115,0,153,33,Good,4,20,beam_coverage_gap
2026-07-01 10:00:00,UE01522,32.906324562176025,-96.97623448511064,XYZ402,B,-109,5,255,94,Good,5,39,beam_coverage_gap
2026-07-01 12:00:00,UE01524,32.96765567802657,-96.99059188290364,XYZ401,A,-111,6,282,99,Coverage_Hole,1,41,beam_coverage_gap
2026-07-01 13:00:00,UE01525,32.94849297266115,-96.98769057845816,XYZ402,B,-92,11,336,89,Coverage_Hole,2,63,beam_coverage_gap
2026-07-01 14:00:00,UE01526,32.9699657473709,-96.98609080027988,XYZ403,C,-113,0,156,96,Poor,3,20,beam_coverage_gap
2026-07-01 15:00:00,UE01527,32.93637137573034,-96.9523341838182,XYZ401,B,-96,3,219,38,Coverage_Hole,4,32,beam_coverage_gap
2026-07-01 16:00:00,UE01528,32.975286381730136,-96.99451775240476,XYZ402,A,-114,3,269,30,Excellent,5,31,beam_coverage_gap
2026-07-01 17:00:00,UE01529,32.924708947393256,-97.00616939193868,XYZ403,A,-95,12,382,61,Fair,6,66,beam_coverage_gap
2026-07-01 18:00:00,UE01530,32.943633235015135,-96.94029662356311,XYZ401,B,-110,-1,135,17,Coverage_Hole,1,16,beam_coverage_gap
2026-07-01 20:00:00,UE01532,32.915326993534755,-96.947146362031,XYZ403,C,-115,0,157,18,Coverage_Hole,3,21,beam_coverage_gap
2026-07-01 22:00:00,UE01534,32.89753045677865,-96.9895098275742,XYZ402,A,-111,0,209,90,Coverage_Hole,5,20,beam_coverage_gap
2026-07-01 00:00:00,UE01536,32.90468974902028,-96.95206410594862,XYZ401,B,-112,3,187,102,Good,1,32,beam_coverage_gap
2026-07-01 01:00:00,UE01537,32.89864100336816,-96.9610253275393,XYZ402,C,-118,-3,151,42,Poor,2,10,beam_coverage_gap
2026-07-01 02:00:00,UE01538,32.95769510799183,-96.96554289441832,XYZ403,A,-103,8,326,105,Coverage_Hole,3,50,beam_coverage_gap
2026-07-01 03:00:00,UE01539,32.94505447511524,-96.99683706245956,XYZ401,A,-86,8,303,25,Fair,4,49,beam_coverage_gap
2026-07-01 04:00:00,UE01540,32.90210303313195,-97.01865203503056,XYZ402,A,-123,-5,97,43,Excellent,5,5,beam_coverage_gap
2026-07-01 05:00:00,UE01541,32.93699886564386,-96.94547475701134,XYZ403,A,-112,0,153,84,Poor,6,20,beam_coverage_gap
2026-07-01 06:00:00,UE01542,32.94377612257401,-97.00267424203074,XYZ401,C,-94,18,438,54,Poor,1,89,beam_coverage_gap
2026-07-01 07:00:00,UE01543,32.952683320191106,-96.98894128204434,XYZ402,B,-95,13,329,28,Good,2,67,beam_coverage_gap
2026-07-01 08:00:00,UE01544,32.90064702316871,-96.99571719636786,XYZ403,B,-115,0,203,42,Coverage_Hole,3,20,beam_coverage_gap
2026-07-01 09:00:00,UE01545,32.9567346249056,-96.9649563932514,XYZ401,B,-110,7,307,55,Poor,4,47,beam_coverage_gap
2026-07-01 10:00:00,UE01546,32.93055218003472,-97.0311518095998,XYZ402,A,-115,-2,123,67,Coverage_Hole,5,12,beam_coverage_gap
2026-07-01 11:00:00,UE01547,32.95891985772502,-96.9690826509093,XYZ403,C,-98,6,228,47,Good,6,42,beam_coverage_gap
2026-07-01 13:00:00,UE01549,32.91137245473179,-96.9730970923515,XYZ402,B,-101,6,222,101,Good,2,42,beam_coverage_gap
2026-07-01 15:00:00,UE01551,32.89582412809886,-96.9700827540303,XYZ401,A,-118,0,181,113,Fair,4,21,beam_coverage_gap
2026-07-01 16:00:00,UE01552,32.938687081532855,-96.96315690379336,XYZ402,A,-95,10,322,45,Good,5,57,beam_coverage_gap
2026-07-01 17:00:00,UE01553,32.93515995686062,-96.95094673976392,XYZ403,A,-107,6,243,77,Excellent,6,41,beam_coverage_gap
2026-07-01 18:00:00,UE01554,32.90770698218012,-96.95753174948852,XYZ401,A,-108,1,182,92,Fair,1,24,beam_coverage_gap
2026-07-01 19:00:00,UE01555,32.93259737916591,-96.9741430468734,XYZ402,C,-80,12,380,43,Fair,2,65,beam_coverage_gap
2026-07-01 21:00:00,UE01557,32.96907932104893,-97.00319101321,XYZ401,C,-109,3,229,117,Fair,4,31,beam_coverage_gap
2026-07-01 23:00:00,UE01559,32.95456429448964,-97.01688442500426,XYZ403,C,-110,3,247,79,Excellent,6,32,beam_coverage_gap
2026-07-01 00:00:00,UE01560,32.972970539912794,-96.99588986399594,XYZ401,A,-120,-3,117,33,Coverage_Hole,1,11,beam_coverage_gap
2026-07-01 01:00:00,UE01561,32.940047725393136,-96.95567217558134,XYZ402,A,-106,3,246,94,Coverage_Hole,2,31,beam_coverage_gap
2026-07-01 02:00:00,UE01562,32.93769758244427,-96.94032480423952,XYZ403,B,-109,2,244,129,Poor,3,29,beam_coverage_gap
2026-07-01 04:00:00,UE01564,32.904523709681094,-96.99027908020943,XYZ402,C,-103,1,155,51,Fair,5,22,beam_coverage_gap
2026-07-01 06:00:00,UE01566,32.89736012023916,-96.96219056832447,XYZ401,A,-111,-5,78,95,Fair,1,5,beam_coverage_gap
2026-07-01 08:00:00,UE01568,32.93657616126249,-97.02631346379644,XYZ403,C,-107,-1,111,61,Fair,3,15,beam_coverage_gap
2026-07-01 09:00:00,UE01569,32.91794801072788,-97.03133967959936,XYZ401,B,-120,-3,109,16,Good,4,10,beam_coverage_gap
2026-07-01 11:00:00,UE01571,32.96143204879613,-97.00509749044136,XYZ403,A,-113,9,427,66,Good,6,55,beam_coverage_gap
2026-07-01 12:00:00,UE01572,32.953344406737806,-96.96577318858694,XYZ401,B,-101,9,370,89,Fair,1,55,beam_coverage_gap
2026-07-01 14:00:00,UE01574,32.90420299935195,-96.9851007682464,XYZ403,C,-102,6,260,72,Excellent,3,41,beam_coverage_gap
2026-07-01 16:00:00,UE01576,32.93329665481665,-97.0029077388846,XYZ402,B,-94,13,477,19,Coverage_Hole,5,67,beam_coverage_gap
2026-07-01 18:00:00,UE01578,32.92345091002704,-97.01884921134042,XYZ401,A,-101,9,320,39,Coverage_Hole,1,54,beam_coverage_gap
2026-07-01 19:00:00,UE01579,32.96282853354874,-97.02413005511936,XYZ402,A,-111,-5,104,74,Excellent,2,5,beam_coverage_gap
2026-07-01 21:00:00,UE01581,32.92039138363585,-96.94046713448786,XYZ401,C,-119,0,196,108,Fair,4,20,beam_coverage_gap
2026-07-01 22:00:00,UE01582,32.9399801463205,-97.03277956384774,XYZ402,A,-114,1,208,127,Fair,5,23,beam_coverage_gap
2026-07-01 00:00:00,UE01584,32.93691412215894,-96.9864749635136,XYZ401,A,-75,17,559,109,Fair,1,85,beam_coverage_gap
2026-07-01 03:00:00,UE01587,32.96442180154645,-97.00437955427792,XYZ401,B,-105,3,209,37,Coverage_Hole,4,31,beam_coverage_gap
2026-07-01 04:00:00,UE01588,32.945008273734004,-97.03555406697278,XYZ402,A,-121,-5,102,83,Excellent,5,5,beam_coverage_gap
2026-07-01 06:00:00,UE01590,32.95454158065042,-97.01532393524388,XYZ401,C,-103,0,187,31,Poor,1,21,beam_coverage_gap
2026-07-01 07:00:00,UE01591,32.90818527374677,-96.94616904570644,XYZ402,A,-119,-1,140,27,Excellent,2,14,beam_coverage_gap
2026-07-01 09:00:00,UE01593,32.971890925258144,-97.00821536361804,XYZ401,C,-114,-4,93,129,Excellent,4,5,beam_coverage_gap
2026-07-01 10:00:00,UE01594,32.9655522309267,-97.00232116439612,XYZ402,C,-109,6,261,115,Poor,5,41,beam_coverage_gap
2026-07-01 14:00:00,UE01598,32.92122433880224,-97.01000302519748,XYZ403,B,-97,4,301,125,Fair,3,37,beam_coverage_gap
2026-07-01 15:00:00,UE01599,32.95599396518845,-97.0180140680171,XYZ401,A,-105,1,191,78,Good,4,24,beam_coverage_gap
2026-07-01 16:00:00,UE01600,32.900869458888046,-96.98662962685258,XYZ402,B,-113,0,201,124,Excellent,5,20,beam_coverage_gap
2026-07-01 17:00:00,UE01601,32.97457229256956,-96.99457076457736,XYZ403,B,-109,2,236,120,Coverage_Hole,6,28,beam_coverage_gap
2026-07-01 18:00:00,UE01602,32.96667826466509,-96.95044925945844,XYZ401,A,-115,-3,115,42,Excellent,1,10,beam_coverage_gap
2026-07-01 19:00:00,UE01603,32.90891214117892,-97.00977069727166,XYZ402,B,-110,0,150,42,Poor,2,20,beam_coverage_gap
2026-07-01 20:00:00,UE01604,32.9710047066673,-96.9654172013112,XYZ403,B,-111,1,191,87,Fair,3,24,beam_coverage_gap
2026-07-01 21:00:00,UE01605,32.97260534759379,-96.96052300803358,XYZ401,B,-111,-6,40,27,Poor,4,5,beam_coverage_gap
2026-07-01 22:00:00,UE01606,32.970773737069194,-96.99191797610683,XYZ402,C,-115,2,227,45,Poor,5,28,beam_coverage_gap
2026-07-01 23:00:00,UE01607,32.93579198784904,-96.94872767485514,XYZ403,C,-112,9,349,90,Coverage_Hole,6,56,beam_coverage_gap
2026-07-01 01:00:00,UE01609,32.945164232557055,-96.97066955081706,XYZ402,A,-92,11,422,126,Fair,2,62,beam_coverage_gap
2026-07-01 03:00:00,UE01611,32.91200158835833,-96.94492901329868,XYZ401,B,-111,-2,136,120,Excellent,4,12,beam_coverage_gap
2026-07-01 06:00:00,UE01614,32.97477127731419,-97.00268892774002,XYZ401,A,-114,0,187,120,Coverage_Hole,1,20,beam_coverage_gap
2026-07-01 07:00:00,UE01615,32.9422748164862,-96.977195137979,XYZ402,A,-85,15,413,66,Coverage_Hole,2,77,beam_coverage_gap
2026-07-01 08:00:00,UE01616,32.9189054978393,-96.98360766881513,XYZ403,C,-95,11,411,83,Excellent,3,63,beam_coverage_gap
2026-07-01 09:00:00,UE01617,32.92047769199216,-97.0183950144564,XYZ401,A,-111,5,280,41,Excellent,4,39,beam_coverage_gap
2026-07-01 10:00:00,UE01618,32.90267668383887,-96.97806223646042,XYZ402,A,-107,3,232,64,Poor,5,31,beam_coverage_gap
2026-07-01 11:00:00,UE01619,32.972272841703955,-96.98883136729464,XYZ403,C,-109,1,184,69,Good,6,24,beam_coverage_gap
2026-07-01 12:00:00,UE01620,32.924815552288344,-96.99408960973793,XYZ401,B,-90,11,355,59,Coverage_Hole,1,62,beam_coverage_gap
2026-07-01 13:00:00,UE01621,32.91897047185649,-96.93838159733156,XYZ402,B,-117,-8,36,129,Poor,2,5,beam_coverage_gap
2026-07-01 14:00:00,UE01622,32.90649079040388,-96.99175494292408,XYZ403,B,-109,5,275,98,Good,3,38,beam_coverage_gap
2026-07-01 15:00:00,UE01623,32.94853931354253,-97.002896867885,XYZ401,B,-90,12,428,107,Excellent,4,65,beam_coverage_gap
2026-07-01 16:00:00,UE01624,32.974004253831104,-96.97926275266538,XYZ402,C,-110,0,169,66,Poor,5,21,beam_coverage_gap
2026-07-01 18:00:00,UE01626,32.90611108939416,-96.94677074321692,XYZ401,B,-110,-4,104,115,Good,1,5,beam_coverage_gap
2026-07-01 21:00:00,UE01629,32.950771203537975,-97.00593704333927,XYZ401,C,-100,9,385,114,Coverage_Hole,4,55,beam_coverage_gap
2026-07-01 23:00:00,UE01631,32.94112869289459,-96.99224036991146,XYZ403,C,-88,19,480,113,Good,6,92,beam_coverage_gap
2026-07-01 01:00:00,UE01633,32.967538587339554,-97.01458871122756,XYZ402,B,-115,1,184,33,Fair,2,23,beam_coverage_gap
2026-07-01 02:00:00,UE01634,32.93500124754828,-96.93498086586358,XYZ403,A,-112,-6,45,18,Poor,3,5,beam_coverage_gap
2026-07-01 04:00:00,UE01636,32.9441176826554,-97.03412671331128,XYZ402,A,-120,3,243,94,Coverage_Hole,5,32,beam_coverage_gap
2026-07-01 05:00:00,UE01637,32.9627766958296,-96.99419839982323,XYZ403,B,-107,4,285,114,Poor,6,37,beam_coverage_gap
2026-07-01 09:00:00,UE01641,32.91332997157672,-96.9425727141742,XYZ401,C,-117,3,225,18,Poor,4,31,beam_coverage_gap
2026-07-01 11:00:00,UE01643,32.91939741981939,-97.0186958130363,XYZ403,B,-99,3,248,31,Poor,6,32,beam_coverage_gap
2026-07-01 13:00:00,UE01645,32.97057435779163,-96.96464507800984,XYZ402,B,-116,-3,144,63,Coverage_Hole,2,10,beam_coverage_gap
2026-07-01 14:00:00,UE01646,32.91180623524753,-97.00242953398715,XYZ403,A,-99,2,255,29,Excellent,3,29,beam_coverage_gap
2026-07-01 16:00:00,UE01648,32.91606411241385,-96.99380492370906,XYZ402,A,-86,7,372,37,Excellent,5,47,beam_coverage_gap
2026-07-01 17:00:00,UE01649,32.913360707559924,-97.0150345703462,XYZ403,B,-113,0,153,22,Excellent,6,20,beam_coverage_gap
2026-07-01 19:00:00,UE01651,32.937368351820645,-97.00266578987952,XYZ402,C,-89,17,542,92,Fair,2,85,beam_coverage_gap
2026-07-01 21:00:00,UE01653,32.94416909180773,-97.01708485758694,XYZ401,B,-100,1,160,97,Coverage_Hole,4,23,beam_coverage_gap
2026-07-01 22:00:00,UE01654,32.93092251577136,-96.95289916341636,XYZ402,A,-104,2,203,29,Good,5,28,beam_coverage_gap
2026-07-01 23:00:00,UE01655,32.96879065723931,-96.9631892146179,XYZ403,C,-112,-3,145,105,Poor,6,10,beam_coverage_gap
2026-07-01 00:00:00,UE01656,32.94092311136393,-96.9430277155799,XYZ401,C,-101,5,323,29,Coverage_Hole,1,39,beam_coverage_gap
2026-07-01 01:00:00,UE01657,32.918608110630274,-96.98417529854534,XYZ402,B,-89,11,354,106,Coverage_Hole,2,62,beam_coverage_gap
2026-07-01 04:00:00,UE01660,32.942646806165435,-96.94665045602446,XYZ402,B,-107,1,156,102,Fair,5,23,beam_coverage_gap
2026-07-01 05:00:00,UE01661,32.9707804258136,-96.98945000278754,XYZ403,A,-106,-1,144,55,Good,6,14,beam_coverage_gap
2026-07-01 06:00:00,UE01662,32.95888005042463,-96.96602947702526,XYZ401,B,-101,7,277,92,Excellent,1,47,beam_coverage_gap
2026-07-01 08:00:00,UE01664,32.93520779936532,-97.0067230306576,XYZ403,A,-96,12,403,71,Fair,3,65,beam_coverage_gap
2026-07-01 09:00:00,UE01665,32.95939886883058,-96.95839285279494,XYZ401,A,-104,6,225,43,Good,4,41,beam_coverage_gap
2026-07-01 13:00:00,UE01669,32.913756442830376,-96.9478447829494,XYZ402,C,-114,-2,160,99,Coverage_Hole,2,13,beam_coverage_gap
2026-07-01 14:00:00,UE01670,32.93842913417608,-96.95251137075763,XYZ403,B,-100,2,239,125,Poor,3,29,beam_coverage_gap
2026-07-01 18:00:00,UE01674,32.904069615389986,-96.99767800965604,XYZ401,B,-103,2,226,35,Excellent,1,29,beam_coverage_gap
2026-07-01 19:00:00,UE01675,32.97617601124119,-96.9782677270419,XYZ402,A,-121,1,206,73,Coverage_Hole,2,23,beam_coverage_gap
2026-07-01 20:00:00,UE01676,32.96665539731308,-96.99468408905616,XYZ403,A,-112,0,201,55,Excellent,3,20,beam_coverage_gap
2026-07-01 21:00:00,UE01677,32.95751226692383,-96.94951911075542,XYZ401,C,-114,-3,119,75,Poor,4,11,beam_coverage_gap
2026-07-01 22:00:00,UE01678,32.89447202235041,-96.98012722765856,XYZ402,B,-121,-4,91,30,Excellent,5,5,beam_coverage_gap
2026-07-01 23:00:00,UE01679,32.9254893906781,-96.9505220987572,XYZ403,A,-107,7,343,92,Coverage_Hole,6,46,beam_coverage_gap
2026-07-01 00:00:00,UE01680,32.94510509610147,-96.99146633668217,XYZ401,A,-85,14,513,57,Poor,1,74,beam_coverage_gap
2026-07-01 01:00:00,UE01681,32.94130802375281,-96.98191351655456,XYZ402,B,-83,18,541,102,Poor,2,89,beam_coverage_gap
2026-07-01 02:00:00,UE01682,32.932448952423975,-97.00019860427008,XYZ403,C,-91,15,379,128,Poor,3,76,beam_coverage_gap
2026-07-01 04:00:00,UE01684,32.91151536236415,-96.95354164788458,XYZ402,A,-112,-1,134,99,Good,5,15,beam_coverage_gap
2026-07-01 05:00:00,UE01685,32.96397859410814,-96.96624813899676,XYZ403,B,-104,3,251,99,Coverage_Hole,6,32,beam_coverage_gap
2026-07-01 07:00:00,UE01687,32.93155611694282,-96.93965036868497,XYZ402,A,-108,-1,160,117,Excellent,2,14,beam_coverage_gap
2026-07-01 10:00:00,UE01690,32.95034713526972,-96.94287293581792,XYZ402,B,-111,3,260,17,Poor,5,32,beam_coverage_gap
2026-07-01 11:00:00,UE01691,32.92584734963827,-97.02145006339757,XYZ403,B,-111,7,322,30,Coverage_Hole,6,47,beam_coverage_gap
2026-07-01 12:00:00,UE01692,32.97553005909754,-96.98256814326662,XYZ401,C,-119,1,144,86,Poor,1,24,beam_coverage_gap
2026-07-01 15:00:00,UE01695,32.90533504579642,-97.00568218954284,XYZ401,C,-106,1,158,18,Excellent,4,23,beam_coverage_gap
2026-07-01 16:00:00,UE01696,32.97052790244134,-96.96879741293544,XYZ402,C,-117,2,222,126,Excellent,5,29,beam_coverage_gap
2026-07-01 17:00:00,UE01697,32.92291043551255,-96.98209177155196,XYZ403,A,-85,16,398,53,Poor,6,81,beam_coverage_gap
2026-07-01 20:00:00,UE01700,32.93714538911352,-97.00674095366038,XYZ403,B,-94,3,261,33,Excellent,3,31,beam_coverage_gap
2026-07-01 21:00:00,UE01701,32.903900724358536,-96.9755811862139,XYZ401,A,-102,0,151,76,Poor,4,21,beam_coverage_gap
2026-07-01 22:00:00,UE01702,32.93079067851219,-96.99103618136397,XYZ402,A,-87,21,700,116,Excellent,5,100,beam_coverage_gap
2026-07-01 23:00:00,UE01703,32.93787199118682,-96.93549525459224,XYZ403,B,-114,-7,50,15,Poor,6,5,beam_coverage_gap
2026-07-01 01:00:00,UE01705,32.97590792421597,-97.00260693383684,XYZ402,C,-116,2,228,76,Excellent,2,28,beam_coverage_gap
2026-07-01 02:00:00,UE01706,32.94991734536713,-96.95442969461006,XYZ403,B,-98,8,282,15,Good,3,50,beam_coverage_gap
2026-07-01 03:00:00,UE01707,32.949675534586135,-96.96199753762949,XYZ401,B,-103,4,281,103,Poor,4,37,beam_coverage_gap
2026-07-01 06:00:00,UE01710,32.96541826210812,-96.9746896490192,XYZ401,C,-106,2,246,66,Coverage_Hole,1,29,beam_coverage_gap
2026-07-01 07:00:00,UE01711,32.907919833014724,-97.01174869292652,XYZ402,A,-107,1,215,15,Poor,2,23,beam_coverage_gap
2026-07-01 09:00:00,UE01713,32.95605502098146,-96.95270220697064,XYZ401,A,-101,0,206,62,Poor,4,20,beam_coverage_gap
2026-07-01 10:00:00,UE01714,32.96001715288691,-96.95113445949136,XYZ402,A,-125,1,176,30,Coverage_Hole,5,24,beam_coverage_gap
2026-07-01 11:00:00,UE01715,32.9363851416529,-96.94599080428132,XYZ403,C,-116,0,180,51,Coverage_Hole,6,21,beam_coverage_gap
2026-07-01 13:00:00,UE01717,32.96079667873819,-96.9659163202122,XYZ402,A,-103,5,304,34,Excellent,2,40,beam_coverage_gap
2026-07-01 15:00:00,UE01719,32.969337311935575,-96.99517376268344,XYZ401,A,-104,0,208,102,Good,4,21,beam_coverage_gap
2026-07-01 16:00:00,UE01720,32.96146136833188,-97.01226797244875,XYZ402,C,-112,0,153,28,Poor,5,20,beam_coverage_gap
2026-07-01 17:00:00,UE01721,32.89747655974372,-96.982989130232,XYZ403,C,-109,-4,103,46,Coverage_Hole,6,5,beam_coverage_gap
2026-07-01 18:00:00,UE01722,32.90794989490022,-96.95281936996729,XYZ401,A,-107,0,178,53,Coverage_Hole,1,20,beam_coverage_gap
2026-07-01 19:00:00,UE01723,32.918968149687096,-97.01340837136556,XYZ402,B,-104,9,426,76,Poor,2,55,beam_coverage_gap
2026-07-01 20:00:00,UE01724,32.973089425059946,-96.99434802914844,XYZ403,B,-113,-2,161,77,Excellent,3,12,beam_coverage_gap
2026-07-01 23:00:00,UE01727,32.89486570370985,-96.97182208897786,XYZ403,C,-117,-1,157,16,Coverage_Hole,6,15,beam_coverage_gap
2026-07-01 00:00:00,UE01728,32.91369451708324,-96.97005462849611,XYZ401,A,-96,7,364,122,Excellent,1,47,beam_coverage_gap
2026-07-01 05:00:00,UE01733,32.91264722780665,-97.00210381602209,XYZ403,C,-104,7,286,99,Fair,6,47,beam_coverage_gap
2026-07-01 08:00:00,UE01736,32.91514637372203,-96.94122361836423,XYZ403,C,-115,-1,153,30,Good,3,15,beam_coverage_gap
2026-07-01 09:00:00,UE01737,32.89942443709188,-96.96705017822872,XYZ401,A,-119,-4,79,44,Good,4,5,beam_coverage_gap
2026-07-01 10:00:00,UE01738,32.96744293686014,-96.9686305009678,XYZ402,A,-116,0,181,66,Excellent,5,20,beam_coverage_gap
2026-07-01 11:00:00,UE01739,32.93436972278275,-96.99771902841502,XYZ403,A,-84,13,426,58,Fair,6,69,beam_coverage_gap
2026-07-01 13:00:00,UE01741,32.9184339648226,-96.95211818871208,XYZ402,C,-106,4,284,75,Excellent,2,37,beam_coverage_gap
2026-07-01 14:00:00,UE01742,32.96276425042645,-96.9636324891037,XYZ403,B,-111,3,220,27,Excellent,3,31,beam_coverage_gap
2026-07-01 16:00:00,UE01744,32.91675323805403,-97.03212005302169,XYZ402,B,-112,-9,51,60,Good,5,5,beam_coverage_gap
2026-07-01 18:00:00,UE01746,32.91805376118356,-96.96342500432172,XYZ401,A,-100,5,302,86,Fair,1,40,beam_coverage_gap
2026-07-01 20:00:00,UE01748,32.933990055948755,-97.01698193864092,XYZ403,A,-105,1,180,128,Coverage_Hole,3,22,beam_coverage_gap
2026-07-01 21:00:00,UE01749,32.91864401965236,-97.01440352866436,XYZ401,B,-105,1,199,63,Good,4,23,beam_coverage_gap
2026-07-01 00:00:00,UE01752,32.95528785066662,-97.02987734580748,XYZ401,C,-118,0,187,28,Good,1,21,beam_coverage_gap
2026-07-01 01:00:00,UE01753,32.9045442415187,-97.02125704244536,XYZ402,B,-123,-2,121,77,Good,2,13,beam_coverage_gap
2026-07-01 02:00:00,UE01754,32.89836880726551,-97.00786759223382,XYZ403,C,-108,-3,123,65,Coverage_Hole,3,9,beam_coverage_gap
2026-07-01 04:00:00,UE01756,32.92106556834625,-96.9362518507458,XYZ402,B,-116,0,160,21,Fair,5,21,beam_coverage_gap
2026-07-01 05:00:00,UE01757,32.94041142870736,-96.94013201355152,XYZ403,A,-118,-4,75,110,Poor,6,5,beam_coverage_gap
2026-07-01 07:00:00,UE01759,32.94878681609958,-96.9458268397156,XYZ402,B,-114,6,219,85,Coverage_Hole,2,41,beam_coverage_gap
2026-07-01 08:00:00,UE01760,32.9344197156294,-97.0335093027646,XYZ403,C,-108,-3,160,101,Fair,3,9,beam_coverage_gap
2026-07-01 09:00:00,UE01761,32.94416321627594,-96.9361411022616,XYZ401,B,-120,-3,118,40,Poor,4,10,beam_coverage_gap
2026-07-01 10:00:00,UE01762,32.8982485635648,-96.97290021627424,XYZ402,A,-114,-1,148,19,Fair,5,15,beam_coverage_gap
2026-07-01 12:00:00,UE01764,32.912891110941885,-97.0239487953857,XYZ401,A,-110,-2,114,52,Coverage_Hole,1,13,beam_coverage_gap
2026-07-01 13:00:00,UE01765,32.928842702045074,-96.94765212332626,XYZ402,A,-104,3,181,106,Coverage_Hole,2,31,beam_coverage_gap
2026-07-01 14:00:00,UE01766,32.95603069917141,-96.98768355040968,XYZ403,C,-89,11,376,85,Good,3,63,beam_coverage_gap
2026-07-01 15:00:00,UE01767,32.93723321175194,-97.00055338058084,XYZ401,A,-82,16,477,72,Good,4,82,beam_coverage_gap
2026-07-01 17:00:00,UE01769,32.91721251272773,-96.96593149076052,XYZ403,A,-101,8,284,121,Excellent,6,50,beam_coverage_gap
2026-07-01 18:00:00,UE01770,32.95833628103746,-96.94548709254798,XYZ401,B,-120,1,211,77,Coverage_Hole,1,23,beam_coverage_gap
2026-07-01 20:00:00,UE01772,32.95473688519486,-96.98123706999344,XYZ403,C,-99,16,489,97,Excellent,3,82,beam_coverage_gap
2026-07-01 21:00:00,UE01773,32.95310763334244,-96.96587836115884,XYZ401,B,-99,7,345,32,Fair,4,47,beam_coverage_gap
2026-07-01 22:00:00,UE01774,32.973169808601334,-96.98368753181508,XYZ402,A,-109,2,184,83,Fair,5,29,beam_coverage_gap
2026-07-01 23:00:00,UE01775,32.9338472259202,-96.9382312954428,XYZ403,B,-110,-1,118,123,Good,6,15,beam_coverage_gap
2026-07-01 00:00:00,UE01776,32.934482189932865,-97.0337110083085,XYZ401,A,-116,0,149,84,Good,1,20,beam_coverage_gap
2026-07-01 01:00:00,UE01777,32.943794704567985,-96.9556248560654,XYZ402,A,-105,4,313,93,Excellent,2,36,beam_coverage_gap
2026-07-01 02:00:00,UE01778,32.91195142670469,-97.00211105639832,XYZ403,A,-97,13,438,59,Fair,3,68,beam_coverage_gap
2026-07-01 04:00:00,UE01780,32.93456900118697,-96.96474538902837,XYZ402,C,-84,12,478,74,Good,5,66,beam_coverage_gap
2026-07-01 05:00:00,UE01781,32.918987321195495,-97.02348002357422,XYZ403,A,-118,1,213,41,Good,6,23,beam_coverage_gap
2026-07-01 06:00:00,UE01782,32.89372423189113,-96.98504774410743,XYZ401,C,-109,-2,125,20,Excellent,1,12,beam_coverage_gap
2026-07-01 07:00:00,UE01783,32.945955049585024,-96.94246527392993,XYZ402,A,-109,-2,121,35,Fair,2,12,beam_coverage_gap
2026-07-01 08:00:00,UE01784,32.89845000641935,-96.9715715581703,XYZ403,C,-112,3,264,67,Fair,3,31,beam_coverage_gap
2026-07-01 09:00:00,UE01785,32.90585900200491,-96.97742065183728,XYZ401,B,-107,11,406,19,Excellent,4,64,beam_coverage_gap
2026-07-01 10:00:00,UE01786,32.95078643203455,-96.99241356147888,XYZ402,A,-89,13,443,92,Excellent,5,69,beam_coverage_gap
2026-07-01 12:00:00,UE01788,32.91286113630966,-97.02237391332544,XYZ401,C,-115,-1,132,87,Fair,1,15,beam_coverage_gap
2026-07-01 13:00:00,UE01789,32.95024837474393,-97.0200707895118,XYZ402,A,-109,0,192,56,Coverage_Hole,2,20,beam_coverage_gap
2026-07-01 14:00:00,UE01790,32.972020523549084,-96.98700807743543,XYZ403,B,-107,4,309,57,Good,3,36,beam_coverage_gap
2026-07-01 15:00:00,UE01791,32.94571686292003,-96.99668110710158,XYZ401,C,-95,16,522,93,Coverage_Hole,4,81,beam_coverage_gap
2026-07-01 16:00:00,UE01792,32.92714114648915,-96.99988079407838,XYZ402,A,-88,11,469,80,Fair,5,63,beam_coverage_gap
2026-07-01 17:00:00,UE01793,32.91098576274865,-96.94478383681302,XYZ403,C,-119,-4,76,113,Poor,6,5,beam_coverage_gap
2026-07-01 19:00:00,UE01795,32.96348156451131,-96.95371510155331,XYZ402,A,-120,-2,124,54,Coverage_Hole,2,12,beam_coverage_gap
2026-07-01 20:00:00,UE01796,32.94330748974134,-96.95671558057612,XYZ403,A,-102,8,283,97,Good,3,49,beam_coverage_gap
2026-07-01 21:00:00,UE01797,32.907038232706306,-97.01795909681452,XYZ401,A,-115,-4,102,18,Poor,4,5,beam_coverage_gap
2026-07-01 22:00:00,UE01798,32.89864938858763,-96.96584808384404,XYZ402,A,-115,-3,111,95,Fair,5,9,beam_coverage_gap
2026-07-01 23:00:00,UE01799,32.937053928398754,-96.98322018096148,XYZ403,B,-83,19,618,113,Poor,6,91,beam_coverage_gap
2026-07-01 00:00:00,UE01800,32.96144304483271,-96.99791804429609,XYZ401,C,-104,6,301,97,Fair,1,42,beam_coverage_gap
2026-07-01 05:00:00,UE01805,32.91022237886971,-96.94642203879272,XYZ403,C,-112,0,210,45,Poor,6,20,beam_coverage_gap
2026-07-01 07:00:00,UE01807,32.903255535298875,-96.98477920339064,XYZ402,B,-111,2,258,61,Coverage_Hole,2,28,beam_coverage_gap
2026-07-01 08:00:00,UE01808,32.91165499062483,-96.95113407526158,XYZ403,A,-113,0,205,36,Poor,3,20,beam_coverage_gap
2026-07-01 09:00:00,UE01809,32.946219847949166,-96.95714572302876,XYZ401,C,-104,6,283,93,Good,4,42,beam_coverage_gap
2026-07-01 11:00:00,UE01811,32.95605530277997,-96.97899439012566,XYZ403,A,-93,7,292,19,Poor,6,47,beam_coverage_gap
2026-07-01 12:00:00,UE01812,32.94540231523045,-96.99113030390964,XYZ401,C,-87,9,424,128,Coverage_Hole,1,56,beam_coverage_gap
2026-07-01 15:00:00,UE01815,32.90659298487828,-97.01360226442678,XYZ401,B,-111,-1,158,31,Fair,4,15,beam_coverage_gap
2026-07-01 17:00:00,UE01817,32.94224611150628,-96.96431661660938,XYZ403,B,-97,11,395,32,Fair,6,62,beam_coverage_gap
2026-07-01 18:00:00,UE01818,32.943820096526274,-97.01492704528027,XYZ401,B,-104,0,175,39,Poor,1,20,beam_coverage_gap
2026-07-01 19:00:00,UE01819,32.95397497521126,-97.00638177610384,XYZ402,B,-99,3,206,67,Excellent,2,31,beam_coverage_gap
2026-07-01 22:00:00,UE01822,32.898114891330366,-96.96049820347068,XYZ402,C,-118,0,204,125,Poor,5,20,beam_coverage_gap
2026-07-01 23:00:00,UE01823,32.92509992142366,-96.96049510167164,XYZ403,A,-98,9,430,113,Excellent,6,55,beam_coverage_gap
2026-07-01 00:00:00,UE01824,32.8993575440983,-96.99845231120533,XYZ401,B,-111,-2,108,15,Fair,1,13,beam_coverage_gap
2026-07-01 01:00:00,UE01825,32.921762382643266,-96.9912071900115,XYZ402,A,-92,14,507,40,Poor,2,74,beam_coverage_gap
2026-07-01 02:00:00,UE01826,32.94372378396227,-97.02977153502496,XYZ403,B,-115,-3,125,43,Coverage_Hole,3,11,beam_coverage_gap
2026-07-01 03:00:00,UE01827,32.935856855434814,-96.987067257811,XYZ401,C,-85,22,472,15,Excellent,4,100,beam_coverage_gap
2026-07-01 04:00:00,UE01828,32.958697753402994,-97.00928526737484,XYZ402,B,-101,2,238,81,Coverage_Hole,5,29,beam_coverage_gap
2026-07-01 05:00:00,UE01829,32.93728294121763,-96.94912722257769,XYZ403,A,-108,7,357,57,Excellent,6,47,beam_coverage_gap
2026-07-01 07:00:00,UE01831,32.92815757092582,-97.01403387300142,XYZ402,C,-94,6,265,23,Good,2,42,beam_coverage_gap
2026-07-01 08:00:00,UE01832,32.93668124120038,-97.02166229447288,XYZ403,A,-106,2,192,88,Fair,3,28,beam_coverage_gap
2026-07-01 10:00:00,UE01834,32.95006084204691,-97.02460036031574,XYZ402,C,-108,-1,121,22,Poor,5,14,beam_coverage_gap
2026-07-01 12:00:00,UE01836,32.93090077790933,-97.00564966768614,XYZ401,C,-95,16,519,32,Good,1,82,beam_coverage_gap
2026-07-01 14:00:00,UE01838,32.91690232986497,-96.94136108028572,XYZ403,A,-115,0,167,113,Coverage_Hole,3,21,beam_coverage_gap
2026-07-01 16:00:00,UE01840,32.916012857759576,-97.02786492466458,XYZ402,B,-113,-1,131,114,Poor,5,14,beam_coverage_gap
2026-07-01 17:00:00,UE01841,32.93951398859545,-96.96485821101504,XYZ403,C,-93,18,519,100,Fair,6,90,beam_coverage_gap
2026-07-01 18:00:00,UE01842,32.913704663367355,-96.99957852198216,XYZ401,B,-101,8,334,38,Good,1,50,beam_coverage_gap
2026-07-01 19:00:00,UE01843,32.976646527143096,-96.9812413031985,XYZ402,B,-121,-4,94,115,Fair,2,5,beam_coverage_gap
2026-07-01 20:00:00,UE01844,32.92396867524482,-96.98565290320566,XYZ403,B,-88,15,457,66,Coverage_Hole,3,76,beam_coverage_gap
2026-07-01 21:00:00,UE01845,32.92800405264173,-97.0252903828878,XYZ401,B,-111,2,236,115,Fair,4,28,beam_coverage_gap
2026-07-01 22:00:00,UE01846,32.94603634441404,-97.01784637735145,XYZ402,C,-103,7,261,26,Coverage_Hole,5,47,beam_coverage_gap
2026-07-01 00:00:00,UE01848,32.928978641616894,-96.9826054714662,XYZ401,C,-85,19,493,46,Coverage_Hole,1,92,beam_coverage_gap
2026-07-01 01:00:00,UE01849,32.90254966078117,-96.96011012032966,XYZ402,A,-116,0,175,57,Coverage_Hole,2,20,beam_coverage_gap
2026-07-01 04:00:00,UE01852,32.94657332623024,-96.93825352235388,XYZ402,A,-117,0,164,109,Coverage_Hole,5,20,beam_coverage_gap
2026-07-01 07:00:00,UE01855,32.904930839649445,-96.9625472469802,XYZ402,B,-102,0,170,36,Poor,2,20,beam_coverage_gap
2026-07-01 11:00:00,UE01859,32.93109390833877,-97.0309375985192,XYZ403,A,-118,0,158,81,Excellent,6,21,beam_coverage_gap
2026-07-01 14:00:00,UE01862,32.90139074530372,-96.98555528232866,XYZ403,C,-112,3,213,121,Coverage_Hole,3,31,beam_coverage_gap
2026-07-01 18:00:00,UE01866,32.9304347452045,-97.01923305145549,XYZ401,C,-112,7,338,117,Coverage_Hole,1,47,beam_coverage_gap
2026-07-01 20:00:00,UE01868,32.91987394867945,-97.031800307313,XYZ403,C,-122,-2,160,127,Fair,3,13,beam_coverage_gap
2026-07-01 22:00:00,UE01870,32.92597014026516,-97.01759989590391,XYZ402,A,-100,7,281,94,Coverage_Hole,5,46,beam_coverage_gap
2026-07-01 23:00:00,UE01871,32.89888020492816,-96.98014612662814,XYZ403,A,-114,-2,123,17,Excellent,6,13,beam_coverage_gap
2026-07-01 01:00:00,UE01873,32.89842638416784,-96.96810241987372,XYZ402,A,-121,0,181,29,Poor,2,20,beam_coverage_gap
2026-07-01 02:00:00,UE01874,32.900908740453914,-97.01680261471688,XYZ403,C,-112,-5,78,20,Coverage_Hole,3,5,beam_coverage_gap
2026-07-01 03:00:00,UE01875,32.89525183965334,-96.97747897348196,XYZ401,B,-112,1,152,74,Fair,4,22,beam_coverage_gap
2026-07-01 04:00:00,UE01876,32.91058007406212,-96.99189954354271,XYZ402,A,-94,5,300,17,Poor,5,39,beam_coverage_gap
2026-07-01 05:00:00,UE01877,32.936789007160804,-96.96986959006152,XYZ403,A,-91,10,391,42,Coverage_Hole,6,58,beam_coverage_gap
2026-07-01 06:00:00,UE01878,32.92822871916559,-96.96859657363288,XYZ401,B,-95,11,438,80,Fair,1,62,beam_coverage_gap
2026-07-01 07:00:00,UE01879,32.93045829255273,-96.99922179783732,XYZ402,A,-90,18,608,48,Fair,2,89,beam_coverage_gap
2026-07-01 08:00:00,UE01880,32.968538259059656,-96.96887229641258,XYZ403,B,-107,3,245,121,Good,3,31,beam_coverage_gap
2026-07-01 10:00:00,UE01882,32.90074949789699,-97.01145916267905,XYZ402,C,-124,-5,72,27,Excellent,5,5,beam_coverage_gap
2026-07-01 11:00:00,UE01883,32.90784529236716,-97.0098182117522,XYZ403,A,-108,4,253,52,Poor,6,36,beam_coverage_gap
2026-07-01 12:00:00,UE01884,32.9338610675662,-96.98681846671428,XYZ401,C,-82,23,747,86,Good,1,100,beam_coverage_gap
2026-07-01 14:00:00,UE01886,32.95496691470421,-96.96118581911324,XYZ403,C,-100,8,369,115,Coverage_Hole,3,50,beam_coverage_gap
2026-07-01 15:00:00,UE01887,32.97043949244,-96.97364977806642,XYZ401,C,-117,2,233,41,Good,4,29,beam_coverage_gap
2026-07-01 16:00:00,UE01888,32.94606900538676,-97.02184840271708,XYZ402,A,-106,2,183,98,Fair,5,28,beam_coverage_gap
2026-07-01 17:00:00,UE01889,32.94993443427922,-97.01468309309746,XYZ403,A,-107,3,216,78,Excellent,6,32,beam_coverage_gap
2026-07-01 18:00:00,UE01890,32.97436300934368,-96.99233389217886,XYZ401,C,-110,-3,127,120,Coverage_Hole,1,9,beam_coverage_gap
2026-07-01 20:00:00,UE01892,32.94623549645982,-97.00179830962396,XYZ403,A,-95,12,403,42,Good,3,65,beam_coverage_gap
2026-07-01 22:00:00,UE01894,32.955426475710965,-96.99575606851758,XYZ402,C,-104,7,295,40,Good,5,47,beam_coverage_gap
2026-07-01 23:00:00,UE01895,32.965352473598244,-96.9639471437924,XYZ403,B,-117,3,234,24,Fair,6,31,beam_coverage_gap
2026-07-01 00:00:00,UE01896,32.97000019005412,-96.97155095931372,XYZ401,C,-116,0,197,41,Poor,1,21,beam_coverage_gap
2026-07-01 01:00:00,UE01897,32.96637426656955,-96.96983140333178,XYZ402,C,-115,-2,138,72,Coverage_Hole,2,13,beam_coverage_gap
2026-07-01 02:00:00,UE01898,32.90308356440754,-96.97974962240056,XYZ403,B,-103,5,283,120,Poor,3,38,beam_coverage_gap
2026-07-01 03:00:00,UE01899,32.90302811390671,-96.9617558960232,XYZ401,B,-113,6,247,127,Coverage_Hole,4,42,beam_coverage_gap
2026-07-01 04:00:00,UE01900,32.90594234528851,-96.96894266142124,XYZ402,C,-108,0,208,60,Coverage_Hole,5,20,beam_coverage_gap
2026-07-01 05:00:00,UE01901,32.91225663498981,-97.02187804807176,XYZ403,C,-106,3,220,52,Good,6,32,beam_coverage_gap
2026-07-01 06:00:00,UE01902,32.9688319599491,-96.95754207870375,XYZ401,C,-113,0,171,33,Good,1,20,beam_coverage_gap
2026-07-01 07:00:00,UE01903,32.92625220414094,-97.03536363149428,XYZ402,B,-115,-7,51,87,Coverage_Hole,2,5,beam_coverage_gap
2026-07-01 10:00:00,UE01906,32.91611567140944,-97.02242276279478,XYZ402,C,-112,0,153,86,Fair,5,21,beam_coverage_gap
2026-07-01 11:00:00,UE01907,32.91214183049738,-96.97047956143398,XYZ403,B,-96,8,353,102,Fair,6,50,beam_coverage_gap
2026-07-01 12:00:00,UE01908,32.96813978668106,-96.97084130311164,XYZ401,A,-110,0,169,21,Poor,1,20,beam_coverage_gap
2026-07-01 13:00:00,UE01909,32.95082899824443,-96.95609862530044,XYZ402,C,-111,6,266,94,Coverage_Hole,2,42,beam_coverage_gap
2026-07-01 16:00:00,UE01912,32.95384735610761,-97.00739422950969,XYZ402,C,-103,7,307,29,Excellent,5,46,beam_coverage_gap
2026-07-01 18:00:00,UE01914,32.95833872919045,-96.9718838137004,XYZ401,B,-106,10,387,27,Poor,1,58,beam_coverage_gap
2026-07-01 19:00:00,UE01915,32.9087517568772,-96.94460944002324,XYZ402,C,-123,0,163,108,Good,2,20,beam_coverage_gap
2026-07-01 20:00:00,UE01916,32.928872038631674,-97.01228484558816,XYZ403,B,-103,10,411,120,Poor,3,57,beam_coverage_gap
2026-07-01 21:00:00,UE01917,32.91498526495612,-96.95451835258928,XYZ401,B,-108,0,188,57,Poor,4,20,beam_coverage_gap
2026-07-01 22:00:00,UE01918,32.931067186368885,-96.94258260101137,XYZ402,A,-109,0,156,22,Poor,5,21,beam_coverage_gap
2026-07-01 23:00:00,UE01919,32.96751703169827,-97.01743876327905,XYZ403,C,-123,-7,37,66,Coverage_Hole,6,5,beam_coverage_gap
2026-07-01 00:00:00,UE01920,32.947543517907185,-96.94767536979022,XYZ401,C,-107,2,185,19,Fair,1,29,beam_coverage_gap
2026-07-01 03:00:00,UE01923,32.96134839178973,-96.97237651428291,XYZ401,B,-106,8,271,43,Coverage_Hole,4,49,beam_coverage_gap
2026-07-01 05:00:00,UE01925,32.96475223279165,-96.95932281628,XYZ403,B,-115,1,156,40,Fair,6,23,beam_coverage_gap
2026-07-01 07:00:00,UE01927,32.94366453136577,-97.00086707499854,XYZ402,B,-92,16,530,30,Excellent,2,81,beam_coverage_gap
2026-07-01 08:00:00,UE01928,32.96053910800981,-96.99361375245422,XYZ403,A,-103,10,375,78,Excellent,3,57,beam_coverage_gap
2026-07-01 13:00:00,UE01933,32.9357442057147,-96.99563687845992,XYZ402,C,-84,17,456,114,Excellent,2,84,beam_coverage_gap
2026-07-01 14:00:00,UE01934,32.9483469919983,-97.0021361402856,XYZ403,B,-98,8,330,36,Coverage_Hole,3,49,beam_coverage_gap
2026-07-01 15:00:00,UE01935,32.93988978148193,-97.0284863633197,XYZ401,B,-117,0,192,32,Excellent,4,20,beam_coverage_gap
2026-07-01 16:00:00,UE01936,32.91447064289688,-97.01567871720069,XYZ402,B,-104,1,160,56,Coverage_Hole,5,23,beam_coverage_gap
2026-07-01 17:00:00,UE01937,32.97582828459659,-96.99025245447626,XYZ403,C,-112,0,211,53,Fair,6,20,beam_coverage_gap
2026-07-01 18:00:00,UE01938,32.92325310416736,-97.01251614287304,XYZ401,A,-101,5,266,127,Poor,1,39,beam_coverage_gap
2026-07-01 20:00:00,UE01940,32.939370513521666,-96.95532662563204,XYZ403,C,-103,8,285,47,Excellent,3,50,beam_coverage_gap
2026-07-01 21:00:00,UE01941,32.93403838027136,-96.9836305750438,XYZ401,C,-75,23,565,97,Poor,4,100,beam_coverage_gap
2026-07-01 23:00:00,UE01943,32.92781149344101,-96.97621117523305,XYZ403,C,-88,16,435,95,Good,6,81,beam_coverage_gap
2026-07-01 01:00:00,UE01945,32.94715387619035,-96.99675592400924,XYZ402,A,-92,8,330,67,Coverage_Hole,2,50,beam_coverage_gap
2026-07-01 02:00:00,UE01946,32.907574425254445,-96.95198155947294,XYZ403,C,-117,1,165,91,Excellent,3,24,beam_coverage_gap
2026-07-01 04:00:00,UE01948,32.9430049002506,-96.97002798883908,XYZ402,C,-89,13,479,62,Coverage_Hole,5,68,beam_coverage_gap
2026-07-01 05:00:00,UE01949,32.93382211906855,-96.98835839632068,XYZ403,C,-75,18,526,115,Fair,6,89,beam_coverage_gap
2026-07-01 07:00:00,UE01951,32.94189161194736,-97.00470805490694,XYZ402,C,-94,5,268,90,Good,2,39,beam_coverage_gap
2026-07-01 08:00:00,UE01952,32.9431299141479,-96.96434883670275,XYZ403,A,-92,11,470,16,Good,3,62,beam_coverage_gap
2026-07-01 10:00:00,UE01954,32.90855662059618,-96.97388757582986,XYZ402,C,-102,0,189,35,Excellent,5,20,beam_coverage_gap
2026-07-01 11:00:00,UE01955,32.901688687170626,-96.99198720661386,XYZ403,C,-115,0,182,98,Good,6,20,beam_coverage_gap
2026-07-01 12:00:00,UE01956,32.89667310201059,-96.99020237578809,XYZ401,B,-120,-1,118,119,Good,1,14,beam_coverage_gap
2026-07-01 14:00:00,UE01958,32.90022545655171,-97.00265834611592,XYZ403,C,-110,1,188,91,Coverage_Hole,3,23,beam_coverage_gap
2026-07-01 15:00:00,UE01959,32.91520452768752,-96.98496433925358,XYZ401,C,-95,12,350,102,Good,4,65,beam_coverage_gap
2026-07-01 16:00:00,UE01960,32.95854408471042,-96.96209397092974,XYZ402,C,-96,0,215,44,Fair,5,20,beam_coverage_gap
2026-07-01 17:00:00,UE01961,32.91293616274524,-96.95953012117822,XYZ403,B,-102,2,258,72,Poor,6,28,beam_coverage_gap
2026-07-01 19:00:00,UE01963,32.97716742591034,-96.978672264675,XYZ402,A,-111,-5,105,66,Fair,2,5,beam_coverage_gap
2026-07-01 21:00:00,UE01965,32.90978290968009,-97.0185897743332,XYZ401,C,-112,2,195,82,Poor,4,29,beam_coverage_gap
2026-07-01 22:00:00,UE01966,32.96550956552685,-96.98527941895075,XYZ402,C,-109,3,191,69,Good,5,31,beam_coverage_gap
2026-07-01 01:00:00,UE01969,32.97486735661752,-97.00210478298416,XYZ402,A,-113,-4,107,64,Fair,2,5,beam_coverage_gap
2026-07-01 04:00:00,UE01972,32.90190551935141,-96.99212010931883,XYZ402,C,-113,0,194,107,Good,5,20,beam_coverage_gap
2026-07-01 05:00:00,UE01973,32.93058802148238,-96.9619765030916,XYZ403,C,-101,13,462,110,Coverage_Hole,6,69,beam_coverage_gap
2026-07-01 06:00:00,UE01974,32.95432007866162,-96.97002780227676,XYZ401,A,-98,14,400,35,Poor,1,74,beam_coverage_gap
2026-07-01 07:00:00,UE01975,32.902178965893306,-97.00101965992776,XYZ402,A,-106,1,197,81,Good,2,24,beam_coverage_gap
2026-07-01 08:00:00,UE01976,32.96702851988972,-97.00620688462924,XYZ403,A,-116,1,162,49,Poor,3,24,beam_coverage_gap
2026-07-01 10:00:00,UE01978,32.89659905979021,-96.96444210135164,XYZ402,C,-121,0,182,17,Coverage_Hole,5,20,beam_coverage_gap
2026-07-01 11:00:00,UE01979,32.96784255728168,-97.00134907226516,XYZ403,A,-110,0,171,29,Fair,6,21,beam_coverage_gap
2026-07-01 12:00:00,UE01980,32.94710763390529,-97.02917238318987,XYZ401,A,-118,-1,125,32,Coverage_Hole,1,14,beam_coverage_gap
2026-07-01 13:00:00,UE01981,32.96993398231061,-96.97319910875008,XYZ402,C,-107,0,173,113,Good,2,21,beam_coverage_gap
2026-07-01 14:00:00,UE01982,32.902394121442086,-97.00803811197162,XYZ403,C,-112,-2,126,94,Good,3,12,beam_coverage_gap
2026-07-01 15:00:00,UE01983,32.91187252655191,-96.95149552929044,XYZ401,A,-104,-1,130,33,Poor,4,16,beam_coverage_gap
2026-07-01 16:00:00,UE01984,32.89675846673782,-97.00543409135582,XYZ402,A,-117,-3,129,115,Fair,5,10,beam_coverage_gap
2026-07-01 18:00:00,UE01986,32.9367893536191,-97.03678630662294,XYZ401,B,-121,2,202,23,Excellent,1,28,beam_coverage_gap
2026-07-01 20:00:00,UE01988,32.919926297893696,-96.94067742530518,XYZ403,C,-119,0,181,127,Poor,3,20,beam_coverage_gap
2026-07-01 23:00:00,UE01991,32.9410701526539,-96.98330492055608,XYZ403,C,-79,21,675,81,Poor,6,100,beam_coverage_gap
2026-07-01 01:00:00,UE01993,32.93749660934277,-97.0347945985492,XYZ402,C,-122,0,208,53,Fair,2,21,beam_coverage_gap
2026-07-01 02:00:00,UE01994,32.94691055858682,-97.02971061319585,XYZ403,A,-113,6,321,101,Coverage_Hole,3,41,beam_coverage_gap
2026-07-01 03:00:00,UE01995,32.968786308452906,-96.98567430446668,XYZ401,B,-107,0,208,46,Fair,4,20,beam_coverage_gap
2026-07-01 04:00:00,UE01996,32.92990972276628,-96.99541088163669,XYZ402,C,-85,13,327,103,Excellent,5,69,beam_coverage_gap
2026-07-01 07:00:00,UE01999,32.92417565663839,-96.95203675077175,XYZ402,C,-104,-1,156,75,Poor,2,15,beam_coverage_gap
2026-07-01 01:00:00,UE00001,32.95623842771268,-97.0295271575902,XYZ402,A,-119,-4,82,105,Fair,2,5,cell_edge
2026-07-01 04:00:00,UE00004,32.941769275516045,-97.03557701648772,XYZ402,A,-114,-2,118,96,Excellent,5,13,cell_edge
2026-07-01 06:00:00,UE00006,32.96531739517448,-97.00321508928326,XYZ401,B,-106,3,220,102,Fair,1,30,cell_edge
2026-07-01 07:00:00,UE00007,32.91088656334055,-96.95915970319616,XYZ402,B,-111,5,220,91,Excellent,2,39,cell_edge
2026-07-01 11:00:00,UE00011,32.93455907254406,-96.93438324478132,XYZ403,B,-124,-2,109,101,Good,6,13,cell_edge
2026-07-01 14:00:00,UE00014,32.917124480946924,-97.02754112223296,XYZ403,B,-117,1,194,126,Poor,3,23,cell_edge
2026-07-01 15:00:00,UE00015,32.959083499043814,-97.01122778498296,XYZ401,C,-110,0,204,127,Poor,4,20,cell_edge
2026-07-01 16:00:00,UE00016,32.91201248099194,-96.956815668029,XYZ402,A,-112,0,176,28,Fair,5,21,cell_edge
2026-07-01 17:00:00,UE00017,32.90297662302907,-97.00268361022574,XYZ403,C,-111,0,161,41,Poor,6,21,cell_edge
2026-07-01 18:00:00,UE00018,32.95841307562227,-97.017129522723,XYZ401,B,-110,-3,149,107,Poor,1,10,cell_edge
2026-07-01 20:00:00,UE00020,32.92104328790031,-97.03247027263218,XYZ403,B,-120,-1,161,16,Fair,3,15,cell_edge
2026-07-01 21:00:00,UE00021,32.90042697754924,-96.9994131245068,XYZ401,A,-114,-4,94,50,Poor,4,5,cell_edge
2026-07-01 22:00:00,UE00022,32.97536121807113,-96.97678012004243,XYZ402,B,-121,4,251,72,Fair,5,36,cell_edge
2026-07-01 03:00:00,UE00027,32.90064718103181,-96.98600937583072,XYZ401,C,-108,4,223,98,Fair,4,37,cell_edge
2026-07-01 04:00:00,UE00028,32.90135767168009,-96.9744277913067,XYZ402,A,-107,2,266,26,Fair,5,29,cell_edge
2026-07-01 05:00:00,UE00029,32.91734782050177,-96.9503455116328,XYZ403,B,-114,7,294,128,Coverage_Hole,6,47,cell_edge
2026-07-01 06:00:00,UE00030,32.89419713568289,-97.00032962659712,XYZ401,C,-110,-8,49,76,Coverage_Hole,1,5,cell_edge
2026-07-01 07:00:00,UE00031,32.93779854167526,-96.94076296390432,XYZ402,A,-109,-6,43,114,Fair,2,5,cell_edge
2026-07-01 09:00:00,UE00033,32.976438646623414,-96.9932539587968,XYZ401,A,-115,2,267,116,Good,4,28,cell_edge
2026-07-01 12:00:00,UE00036,32.91928870849824,-97.02576189613166,XYZ401,B,-114,-3,112,58,Coverage_Hole,1,10,cell_edge
2026-07-01 14:00:00,UE00038,32.97523944482476,-96.99791789133324,XYZ403,B,-116,-3,126,74,Excellent,3,11,cell_edge
2026-07-01 17:00:00,UE00041,32.89599559307294,-96.97593176051672,XYZ403,A,-121,-2,154,116,Coverage_Hole,6,13,cell_edge
2026-07-01 18:00:00,UE00042,32.93668458360493,-97.0293015565604,XYZ401,B,-117,-1,121,79,Good,1,16,cell_edge
2026-07-01 23:00:00,UE00047,32.90358046142688,-96.99343711803668,XYZ403,A,-104,2,209,61,Excellent,6,29,cell_edge
2026-07-01 02:00:00,UE00050,32.96880249760459,-96.95995141353934,XYZ403,C,-120,0,178,114,Poor,3,21,cell_edge
2026-07-01 04:00:00,UE00052,32.96918008041554,-96.96013577812435,XYZ402,C,-111,0,214,89,Coverage_Hole,5,21,cell_edge
2026-07-01 05:00:00,UE00053,32.94973301376032,-96.94326832263565,XYZ403,B,-116,-5,80,78,Fair,6,5,cell_edge
2026-07-01 06:00:00,UE00054,32.9170118346544,-96.94003607664304,XYZ401,A,-123,1,183,54,Coverage_Hole,1,23,cell_edge
2026-07-01 08:00:00,UE00056,32.92760779559066,-97.03427219091492,XYZ403,C,-114,0,203,92,Coverage_Hole,3,20,cell_edge
2026-07-01 09:00:00,UE00057,32.92140553102848,-97.02146497611788,XYZ401,A,-101,1,188,39,Coverage_Hole,4,22,cell_edge
2026-07-01 10:00:00,UE00058,32.90562613076702,-97.0199102131508,XYZ402,C,-121,1,201,41,Excellent,5,24,cell_edge
2026-07-01 12:00:00,UE00060,32.903208272305385,-96.98194313471625,XYZ401,C,-101,2,233,41,Good,1,29,cell_edge
2026-07-01 14:00:00,UE00062,32.95605394728494,-96.94955245419932,XYZ403,C,-104,5,295,37,Coverage_Hole,3,39,cell_edge
2026-07-01 16:00:00,UE00064,32.96047985689544,-96.95872246697562,XYZ402,A,-104,1,177,57,Excellent,5,22,cell_edge
2026-07-01 21:00:00,UE00069,32.917195547248205,-96.95136384996744,XYZ401,B,-105,3,244,46,Coverage_Hole,4,31,cell_edge
2026-07-01 00:00:00,UE00072,32.94301547638953,-97.03545071741064,XYZ401,B,-116,-5,88,23,Excellent,1,5,cell_edge
2026-07-01 03:00:00,UE00075,32.90220316768201,-96.95839257055344,XYZ401,A,-116,3,266,35,Poor,4,31,cell_edge
2026-07-01 04:00:00,UE00076,32.92427980900612,-96.94318534757396,XYZ402,B,-115,8,370,50,Coverage_Hole,5,49,cell_edge
2026-07-01 08:00:00,UE00080,32.91454923218129,-97.01887451172657,XYZ403,C,-106,-4,103,101,Poor,3,5,cell_edge
2026-07-01 09:00:00,UE00081,32.91884994626997,-96.94336828031634,XYZ401,B,-110,0,160,27,Fair,4,20,cell_edge
2026-07-01 10:00:00,UE00082,32.909350355976144,-96.943471480107,XYZ402,B,-120,1,189,39,Excellent,5,23,cell_edge
2026-07-01 12:00:00,UE00084,32.93284581414722,-96.93899908459116,XYZ401,A,-112,0,187,85,Poor,1,20,cell_edge
2026-07-01 13:00:00,UE00085,32.93988335825977,-96.93813733032292,XYZ402,A,-115,-2,159,68,Fair,2,13,cell_edge
2026-07-01 14:00:00,UE00086,32.901849930158704,-96.99147263778774,XYZ403,B,-108,-2,161,27,Coverage_Hole,3,13,cell_edge
2026-07-01 17:00:00,UE00089,32.897727769873164,-97.00657162419442,XYZ403,A,-113,4,295,73,Coverage_Hole,6,36,cell_edge
2026-07-01 18:00:00,UE00090,32.92214532549816,-97.03003828677149,XYZ401,C,-110,3,194,56,Coverage_Hole,1,30,cell_edge
2026-07-01 19:00:00,UE00091,32.95497349142562,-96.94737287429278,XYZ402,A,-110,1,144,119,Fair,2,23,cell_edge
2026-07-01 21:00:00,UE00093,32.92521125599474,-97.02915619156468,XYZ401,C,-115,0,205,113,Fair,4,21,cell_edge
2026-07-01 22:00:00,UE00094,32.907731256238606,-96.95134671076168,XYZ402,A,-116,1,155,113,Coverage_Hole,5,24,cell_edge
2026-07-01 23:00:00,UE00095,32.941650090821874,-96.94278136188522,XYZ403,A,-110,0,163,35,Fair,6,20,cell_edge
2026-07-01 01:00:00,UE00097,32.9417769538179,-97.0328103296308,XYZ402,B,-113,0,189,17,Excellent,2,20,cell_edge
2026-07-01 08:00:00,UE00104,32.96102683833766,-97.01742640417004,XYZ403,A,-114,0,145,73,Fair,3,21,cell_edge
2026-07-01 09:00:00,UE00105,32.9672690294104,-96.96647788906957,XYZ401,B,-106,1,197,34,Excellent,4,23,cell_edge
2026-07-01 14:00:00,UE00110,32.966249575256015,-96.97708800629428,XYZ403,B,-112,5,225,34,Good,3,40,cell_edge
2026-07-01 16:00:00,UE00112,32.970080575813526,-96.99319080944952,XYZ402,A,-109,0,206,69,Good,5,21,cell_edge
2026-07-01 19:00:00,UE00115,32.94627009560007,-97.02840541672042,XYZ402,A,-107,0,183,90,Fair,2,21,cell_edge
2026-07-01 21:00:00,UE00117,32.894928579503166,-96.99095900086976,XYZ401,C,-116,-1,128,57,Good,4,15,cell_edge
2026-07-01 22:00:00,UE00118,32.898586735064164,-96.99103076393745,XYZ402,C,-112,4,223,29,Fair,5,36,cell_edge
2026-07-01 00:00:00,UE00120,32.95410385345402,-97.0310826806651,XYZ401,B,-121,-2,151,21,Good,1,12,cell_edge
2026-07-01 03:00:00,UE00123,32.89508673523606,-96.97701507509504,XYZ401,B,-120,0,160,87,Excellent,4,21,cell_edge
2026-07-01 04:00:00,UE00124,32.963318887410026,-96.9462748749188,XYZ402,B,-120,2,244,33,Coverage_Hole,5,29,cell_edge
2026-07-01 06:00:00,UE00126,32.93934534602561,-96.94278876732749,XYZ401,B,-116,0,171,101,Poor,1,21,cell_edge
2026-07-01 09:00:00,UE00129,32.970699073266026,-96.97537811035268,XYZ401,A,-115,-1,112,89,Good,4,15,cell_edge
2026-07-01 10:00:00,UE00130,32.901505313217804,-96.98915058392588,XYZ402,A,-109,5,307,49,Fair,5,38,cell_edge
2026-07-01 11:00:00,UE00131,32.92201950433491,-96.94184754394742,XYZ403,B,-114,-2,145,24,Coverage_Hole,6,13,cell_edge
2026-07-01 12:00:00,UE00132,32.970742412980435,-97.00763917302478,XYZ401,A,-105,-2,117,27,Poor,1,12,cell_edge
2026-07-01 14:00:00,UE00134,32.914955690481335,-97.01822119711704,XYZ403,A,-110,6,323,101,Poor,3,42,cell_edge
2026-07-01 19:00:00,UE00139,32.96503770059719,-97.0139930639753,XYZ402,C,-108,-3,121,48,Excellent,2,10,cell_edge
2026-07-01 20:00:00,UE00140,32.96615967661684,-96.96869568908998,XYZ403,A,-114,2,226,101,Fair,3,28,cell_edge
2026-07-01 05:00:00,UE00149,32.97203520135046,-96.97525748645444,XYZ403,C,-116,2,213,84,Coverage_Hole,6,28,cell_edge
2026-07-01 06:00:00,UE00150,32.94165747409522,-97.02599798353944,XYZ401,B,-111,0,144,60,Coverage_Hole,1,20,cell_edge
2026-07-01 13:00:00,UE00157,32.973129505514414,-96.9924387820818,XYZ402,B,-117,-5,81,121,Excellent,2,5,cell_edge
2026-07-01 14:00:00,UE00158,32.96773999754969,-96.96168440422667,XYZ403,B,-109,-2,114,40,Good,3,12,cell_edge
2026-07-01 15:00:00,UE00159,32.961418444804494,-96.94469640866684,XYZ401,A,-120,0,166,75,Coverage_Hole,4,21,cell_edge
2026-07-01 18:00:00,UE00162,32.94677062943249,-97.03448970769976,XYZ401,C,-125,-2,137,118,Excellent,1,12,cell_edge
2026-07-01 19:00:00,UE00163,32.935185881475775,-97.02397413045544,XYZ402,B,-100,9,337,53,Fair,2,56,cell_edge
2026-07-01 22:00:00,UE00166,32.94853381845677,-97.0311307118266,XYZ402,B,-113,-1,161,18,Fair,5,15,cell_edge
2026-07-01 23:00:00,UE00167,32.965087691169735,-96.96151091611866,XYZ403,C,-113,-2,126,74,Poor,6,12,cell_edge
2026-07-01 01:00:00,UE00169,32.94852627902561,-96.94364855332672,XYZ402,C,-116,6,295,105,Good,2,41,cell_edge
2026-07-01 11:00:00,UE00179,32.937934115407,-96.9359762780531,XYZ403,A,-125,-6,47,27,Excellent,6,5,cell_edge
2026-07-01 13:00:00,UE00181,32.89867315757788,-97.00720235828229,XYZ402,A,-115,-3,116,123,Coverage_Hole,2,9,cell_edge
2026-07-01 14:00:00,UE00182,32.970362606625294,-96.99770798196508,XYZ403,B,-109,2,244,32,Excellent,3,30,cell_edge
2026-07-01 16:00:00,UE00184,32.96169531621745,-97.01214478312414,XYZ402,B,-109,9,304,41,Good,5,56,cell_edge
2026-07-01 19:00:00,UE00187,32.91214950756969,-96.9565877904118,XYZ402,A,-102,5,256,70,Poor,2,39,cell_edge
2026-07-01 23:00:00,UE00191,32.89240816584347,-96.97809633494089,XYZ403,A,-122,-2,153,65,Poor,6,13,cell_edge
2026-07-01 03:00:00,UE00195,32.90801770394189,-96.94739749735164,XYZ401,C,-114,-1,131,123,Excellent,4,15,cell_edge
2026-07-01 06:00:00,UE00198,32.973695666872445,-96.98794116682132,XYZ401,A,-114,-1,111,74,Good,1,15,cell_edge
2026-07-01 08:00:00,UE00200,32.89297221577804,-96.99235948211364,XYZ403,B,-118,-3,150,104,Poor,3,10,cell_edge
2026-07-01 09:00:00,UE00201,32.90215890245775,-96.95722887419409,XYZ401,A,-118,-2,109,119,Coverage_Hole,4,13,cell_edge
2026-07-01 11:00:00,UE00203,32.95120609969099,-97.02450606085606,XYZ403,C,-110,4,231,45,Good,6,36,cell_edge
2026-07-01 12:00:00,UE00204,32.930051357079186,-96.9415950644969,XYZ401,B,-115,0,200,95,Coverage_Hole,1,21,cell_edge
2026-07-01 13:00:00,UE00205,32.971633208971305,-96.96025212824983,XYZ402,C,-116,-5,92,63,Coverage_Hole,2,5,cell_edge
2026-07-01 15:00:00,UE00207,32.9685954163235,-96.999886715015,XYZ401,A,-111,-3,161,113,Fair,4,10,cell_edge
2026-07-01 17:00:00,UE00209,32.93601730122211,-97.03141277410444,XYZ403,A,-114,-1,114,42,Poor,6,14,cell_edge
2026-07-01 23:00:00,UE00215,32.9729742288776,-96.96195337723334,XYZ403,C,-122,-4,77,59,Poor,6,5,cell_edge
2026-07-01 00:00:00,UE00216,32.94784074693356,-97.02383276303456,XYZ401,A,-110,3,228,128,Fair,1,31,cell_edge
2026-07-01 04:00:00,UE00220,32.97595537087193,-96.99767547427622,XYZ402,C,-115,-2,116,108,Excellent,5,12,cell_edge
2026-07-01 09:00:00,UE00225,32.9057315936399,-96.96809683245274,XYZ401,A,-104,1,174,35,Good,4,24,cell_edge
2026-07-01 10:00:00,UE00226,32.89563736449981,-96.99868233657132,XYZ402,B,-118,-3,140,29,Fair,5,10,cell_edge
2026-07-01 11:00:00,UE00227,32.91540962698978,-96.94401725194784,XYZ403,A,-110,1,154,37,Excellent,6,23,cell_edge
2026-07-01 13:00:00,UE00229,32.93323487471473,-97.02732979363384,XYZ402,C,-111,5,251,92,Poor,2,39,cell_edge
2026-07-01 14:00:00,UE00230,32.93618831552693,-97.03659360298636,XYZ403,C,-111,-7,37,48,Excellent,3,5,cell_edge
2026-07-01 16:00:00,UE00232,32.96310454569624,-96.95298461625302,XYZ402,A,-114,0,154,17,Coverage_Hole,5,21,cell_edge
2026-07-01 17:00:00,UE00233,32.892735986463755,-96.98401685014058,XYZ403,C,-121,-3,147,49,Good,6,9,cell_edge
2026-07-01 19:00:00,UE00235,32.94121935717064,-96.93518379627685,XYZ402,C,-116,-1,141,71,Fair,2,15,cell_edge
2026-07-01 20:00:00,UE00236,32.974878855519265,-96.9906222235994,XYZ403,A,-120,0,157,41,Excellent,3,21,cell_edge
2026-07-01 22:00:00,UE00238,32.931047377376565,-97.03084924537688,XYZ402,B,-112,-1,140,77,Coverage_Hole,5,14,cell_edge
2026-07-01 23:00:00,UE00239,32.96930428076449,-96.95429630314284,XYZ403,A,-115,-2,118,90,Good,6,12,cell_edge
2026-07-01 01:00:00,UE00241,32.911040508154755,-97.01331160886416,XYZ402,A,-114,5,320,111,Fair,2,40,cell_edge
2026-07-01 03:00:00,UE00243,32.96477177466098,-96.99931895251724,XYZ401,B,-104,0,197,128,Fair,4,20,cell_edge
2026-07-01 04:00:00,UE00244,32.97043449994929,-96.9605082938956,XYZ402,A,-114,0,180,57,Poor,5,20,cell_edge
2026-07-01 06:00:00,UE00246,32.90420424581783,-96.95760058319644,XYZ401,A,-120,0,164,20,Coverage_Hole,1,20,cell_edge
2026-07-01 07:00:00,UE00247,32.943298233140176,-97.026331469251,XYZ402,B,-102,0,194,112,Good,2,21,cell_edge
2026-07-01 15:00:00,UE00255,32.898761162151686,-96.98403481680236,XYZ401,A,-111,3,226,81,Coverage_Hole,4,30,cell_edge
2026-07-01 16:00:00,UE00256,32.905722606938006,-97.01459381784764,XYZ402,A,-111,2,259,68,Coverage_Hole,5,29,cell_edge
2026-07-01 17:00:00,UE00257,32.956841394644265,-97.02430866388282,XYZ403,A,-122,-1,132,59,Coverage_Hole,6,14,cell_edge
2026-07-01 22:00:00,UE00262,32.93020827623268,-96.94173405597888,XYZ402,B,-114,-2,119,58,Poor,5,13,cell_edge
2026-07-01 01:00:00,UE00265,32.936727670692406,-96.93666988006724,XYZ402,C,-117,-1,125,118,Fair,2,15,cell_edge
2026-07-01 02:00:00,UE00266,32.92453677532718,-97.03019638549716,XYZ403,A,-111,2,221,27,Coverage_Hole,3,29,cell_edge
2026-07-01 03:00:00,UE00267,32.89982592795717,-97.00372731477192,XYZ401,C,-109,-4,72,93,Coverage_Hole,4,5,cell_edge
2026-07-01 07:00:00,UE00271,32.953575250966296,-97.02131450837209,XYZ402,B,-108,5,306,17,Coverage_Hole,2,39,cell_edge
2026-07-01 12:00:00,UE00276,32.90878439420025,-96.94998900361767,XYZ401,B,-119,-3,117,102,Fair,1,9,cell_edge
2026-07-01 13:00:00,UE00277,32.94586055986081,-97.02188509479996,XYZ402,A,-107,0,154,79,Coverage_Hole,2,20,cell_edge
2026-07-01 15:00:00,UE00279,32.976991655120194,-96.98021552002166,XYZ401,A,-125,3,230,113,Poor,4,31,cell_edge
2026-07-01 19:00:00,UE00283,32.94576520849554,-97.03181892622707,XYZ402,B,-109,0,176,86,Good,2,21,cell_edge
2026-07-01 20:00:00,UE00284,32.90248806937191,-97.00979538202786,XYZ403,B,-110,4,271,107,Coverage_Hole,3,36,cell_edge
2026-07-01 22:00:00,UE00286,32.93594674896727,-97.0314080515638,XYZ402,C,-116,-3,149,76,Good,5,10,cell_edge
2026-07-01 01:00:00,UE00289,32.97289065647006,-97.00075112110288,XYZ402,A,-113,0,164,119,Fair,2,21,cell_edge
2026-07-01 02:00:00,UE00290,32.96900793632025,-96.95987380067072,XYZ403,A,-114,0,211,125,Coverage_Hole,3,20,cell_edge
2026-07-01 04:00:00,UE00292,32.944034302186566,-97.03431189348711,XYZ402,C,-112,-2,146,18,Excellent,5,13,cell_edge
2026-07-01 05:00:00,UE00293,32.96958803361387,-97.00143514323511,XYZ403,B,-108,1,156,124,Coverage_Hole,6,22,cell_edge
2026-07-01 06:00:00,UE00294,32.909428291469574,-96.95999882721664,XYZ401,C,-110,2,181,100,Good,1,29,cell_edge
2026-07-01 07:00:00,UE00295,32.9654997176718,-96.99887557900776,XYZ402,A,-108,2,188,87,Poor,2,28,cell_edge
2026-07-01 08:00:00,UE00296,32.957372758255886,-97.01598159441134,XYZ403,B,-107,1,197,108,Good,3,22,cell_edge
2026-07-01 10:00:00,UE00298,32.95614221793278,-96.9464946547578,XYZ402,C,-113,-2,153,124,Coverage_Hole,5,13,cell_edge
2026-07-01 13:00:00,UE00301,32.908557882689486,-96.9632376413281,XYZ402,C,-106,4,256,46,Good,2,36,cell_edge
2026-07-01 14:00:00,UE00302,32.92943662454425,-96.94780278167008,XYZ403,A,-110,0,146,104,Fair,3,20,cell_edge
2026-07-01 16:00:00,UE00304,32.904205524612046,-96.95788222931688,XYZ402,A,-109,0,144,37,Good,5,20,cell_edge
2026-07-01 21:00:00,UE00309,32.89841135738014,-96.96107807409038,XYZ401,A,-124,1,185,18,Fair,4,24,cell_edge
2026-07-01 22:00:00,UE00310,32.93533535225856,-97.02417619607093,XYZ402,C,-107,0,150,95,Good,5,21,cell_edge
2026-07-01 00:00:00,UE00312,32.94625937192951,-97.02202879811632,XYZ401,B,-110,4,244,83,Fair,1,37,cell_edge
2026-07-01 01:00:00,UE00313,32.94766903724373,-96.94465075408894,XYZ402,B,-116,3,260,84,Poor,2,30,cell_edge
2026-07-01 03:00:00,UE00315,32.91416163446532,-97.0240821500958,XYZ401,B,-109,0,177,80,Coverage_Hole,4,21,cell_edge
2026-07-01 05:00:00,UE00317,32.96733182427472,-96.95618111567715,XYZ403,A,-111,0,192,30,Poor,6,21,cell_edge
2026-07-01 08:00:00,UE00320,32.89807535580203,-96.9831524664674,XYZ403,A,-107,2,252,117,Coverage_Hole,3,29,cell_edge
2026-07-01 09:00:00,UE00321,32.91680631315738,-96.9514259373966,XYZ401,C,-109,4,293,94,Excellent,4,37,cell_edge
2026-07-01 10:00:00,UE00322,32.90510503715675,-97.01643897934972,XYZ402,C,-120,0,149,92,Coverage_Hole,5,20,cell_edge
2026-07-01 11:00:00,UE00323,32.962746000249254,-96.9511886186424,XYZ403,A,-113,-1,132,41,Coverage_Hole,6,14,cell_edge
2026-07-01 12:00:00,UE00324,32.912259222147945,-96.95092965287168,XYZ401,C,-107,1,184,39,Coverage_Hole,1,22,cell_edge
2026-07-01 14:00:00,UE00326,32.94773273298106,-97.02173894765262,XYZ403,C,-113,0,192,47,Coverage_Hole,3,21,cell_edge
2026-07-01 15:00:00,UE00327,32.9235270901714,-97.0221395967851,XYZ401,A,-104,5,269,74,Coverage_Hole,4,38,cell_edge
2026-07-01 16:00:00,UE00328,32.93928474867496,-96.9392462456798,XYZ402,A,-112,-4,82,34,Poor,5,5,cell_edge
2026-07-01 23:00:00,UE00335,32.963111169874146,-96.96700885795276,XYZ403,A,-103,4,248,31,Good,6,37,cell_edge
2026-07-01 02:00:00,UE00338,32.975547174541724,-96.98127879688477,XYZ403,C,-113,-5,93,21,Good,3,5,cell_edge
2026-07-01 08:00:00,UE00344,32.976909871675105,-96.99022444332536,XYZ403,C,-114,0,155,83,Coverage_Hole,3,20,cell_edge
2026-07-01 12:00:00,UE00348,32.948279535862106,-97.02976030685817,XYZ401,B,-117,0,183,36,Poor,1,21,cell_edge
2026-07-01 13:00:00,UE00349,32.97828115510204,-96.98160943802552,XYZ402,C,-115,1,153,129,Coverage_Hole,2,23,cell_edge
2026-07-01 14:00:00,UE00350,32.90524215086449,-97.00345695612852,XYZ403,B,-109,0,185,62,Coverage_Hole,3,20,cell_edge
2026-07-01 18:00:00,UE00354,32.96720516432891,-97.0085104377286,XYZ401,A,-117,1,158,59,Excellent,1,23,cell_edge
2026-07-01 20:00:00,UE00356,32.970475078791,-97.00418612439093,XYZ403,B,-114,2,239,123,Excellent,3,28,cell_edge
2026-07-01 21:00:00,UE00357,32.97388249378867,-96.97041327329865,XYZ401,A,-114,-2,119,26,Poor,4,13,cell_edge
2026-07-01 02:00:00,UE00362,32.917653358135034,-97.03110506789577,XYZ403,C,-116,-8,45,89,Fair,3,5,cell_edge
2026-07-01 03:00:00,UE00363,32.914871262390115,-96.94072079119518,XYZ401,A,-112,0,212,123,Poor,4,20,cell_edge
2026-07-01 04:00:00,UE00364,32.91285388006917,-97.01648506110716,XYZ402,A,-106,0,159,89,Poor,5,20,cell_edge
2026-07-01 05:00:00,UE00365,32.92328173821247,-96.9483981492384,XYZ403,B,-102,2,263,77,Excellent,6,28,cell_edge
2026-07-01 09:00:00,UE00369,32.958234253046925,-96.9528969502373,XYZ401,C,-110,3,208,119,Good,4,31,cell_edge
2026-07-01 12:00:00,UE00372,32.92051893487438,-97.02624128365062,XYZ401,B,-111,1,192,82,Good,1,22,cell_edge
2026-07-01 13:00:00,UE00373,32.92903851334213,-96.94701445413902,XYZ402,B,-106,3,257,23,Fair,2,31,cell_edge
2026-07-01 17:00:00,UE00377,32.96507876388636,-97.01550547544709,XYZ403,C,-116,-3,128,110,Good,6,10,cell_edge
2026-07-01 20:00:00,UE00380,32.94731039727283,-96.94685379231582,XYZ403,B,-104,3,210,117,Good,3,32,cell_edge
2026-07-01 21:00:00,UE00381,32.9008564208653,-96.99898431145412,XYZ401,A,-112,-3,143,46,Poor,4,9,cell_edge
2026-07-01 02:00:00,UE00386,32.93236983092337,-96.94224361897383,XYZ403,A,-106,2,262,70,Excellent,3,29,cell_edge
2026-07-01 03:00:00,UE00387,32.90888278891191,-96.94906445267462,XYZ401,B,-109,1,204,94,Poor,4,22,cell_edge
2026-07-01 04:00:00,UE00388,32.9010857905997,-96.98016751673516,XYZ402,C,-114,4,280,81,Good,5,37,cell_edge
2026-07-01 05:00:00,UE00389,32.89688459653941,-96.96279226195423,XYZ403,B,-113,-2,146,35,Good,6,12,cell_edge
2026-07-01 06:00:00,UE00390,32.93710090103593,-96.93404892770678,XYZ401,C,-113,-1,116,26,Fair,1,15,cell_edge
2026-07-01 08:00:00,UE00392,32.95708034989599,-97.02254894303896,XYZ403,C,-114,-3,146,107,Coverage_Hole,3,11,cell_edge
2026-07-01 09:00:00,UE00393,32.95448887718814,-97.0235453685804,XYZ401,B,-110,0,166,122,Good,4,20,cell_edge
2026-07-01 11:00:00,UE00395,32.90320850761146,-97.00984629895058,XYZ403,B,-110,-2,140,25,Poor,6,12,cell_edge
2026-07-01 13:00:00,UE00397,32.97137685065971,-96.97503291639404,XYZ402,C,-120,0,144,24,Coverage_Hole,2,20,cell_edge
2026-07-01 17:00:00,UE00401,32.90254419833423,-96.98926127588788,XYZ403,C,-107,-2,144,68,Coverage_Hole,6,12,cell_edge
2026-07-01 23:00:00,UE00407,32.92830072705989,-96.93567086077856,XYZ403,B,-111,-5,105,29,Good,6,5,cell_edge
2026-07-01 01:00:00,UE00409,32.91680100666311,-97.01657024740489,XYZ402,B,-104,-1,115,94,Good,2,15,cell_edge
2026-07-01 04:00:00,UE00412,32.89608838923039,-96.97231449297762,XYZ402,C,-124,-2,145,99,Poor,5,12,cell_edge
2026-07-01 10:00:00,UE00418,32.92831276724131,-96.9465771778465,XYZ402,A,-111,-1,110,123,Good,5,14,cell_edge
2026-07-01 12:00:00,UE00420,32.945070374015415,-97.03404910790498,XYZ401,A,-116,-3,148,85,Poor,1,10,cell_edge
2026-07-01 13:00:00,UE00421,32.9610221806572,-97.02600047308952,XYZ402,B,-107,-2,137,71,Fair,2,13,cell_edge
2026-07-01 18:00:00,UE00426,32.92480534232542,-97.0341596622982,XYZ401,B,-110,-2,142,55,Coverage_Hole,1,12,cell_edge
2026-07-01 19:00:00,UE00427,32.94411457259611,-96.941984085675,XYZ402,A,-112,4,230,90,Coverage_Hole,2,37,cell_edge
2026-07-01 20:00:00,UE00428,32.95763696655628,-96.95805531338785,XYZ403,A,-111,1,173,97,Poor,3,24,cell_edge
2026-07-01 21:00:00,UE00429,32.8996719256728,-96.96146338370109,XYZ401,A,-122,-2,127,82,Excellent,4,12,cell_edge
2026-07-01 23:00:00,UE00431,32.972994370945386,-96.96969388142374,XYZ403,A,-114,-3,132,49,Fair,6,10,cell_edge
2026-07-01 00:00:00,UE00432,32.95198554348665,-96.94608212494596,XYZ401,B,-104,1,145,55,Good,1,23,cell_edge
2026-07-01 05:00:00,UE00437,32.92917911741443,-96.94131301617628,XYZ403,A,-117,4,244,116,Excellent,6,36,cell_edge
2026-07-01 06:00:00,UE00438,32.97428751864806,-96.99277795386662,XYZ401,A,-112,2,191,57,Good,1,28,cell_edge
2026-07-01 07:00:00,UE00439,32.92317762801693,-97.03012477980172,XYZ402,B,-117,0,177,90,Excellent,2,21,cell_edge
2026-07-01 08:00:00,UE00440,32.912376921573674,-97.02883466878568,XYZ403,B,-115,0,166,29,Fair,3,20,cell_edge
2026-07-01 09:00:00,UE00441,32.9664132255862,-97.01580131231523,XYZ401,C,-122,-8,48,86,Coverage_Hole,4,5,cell_edge
2026-07-01 12:00:00,UE00444,32.92650392171,-97.03153317439089,XYZ401,A,-111,0,164,87,Good,1,20,cell_edge
2026-07-01 14:00:00,UE00446,32.926009168723425,-96.93864350198868,XYZ403,B,-120,2,183,69,Good,3,28,cell_edge
2026-07-01 17:00:00,UE00449,32.96779264178581,-96.9555229722287,XYZ403,A,-113,0,213,15,Poor,6,21,cell_edge
2026-07-01 19:00:00,UE00451,32.920348966505166,-97.0240720323386,XYZ402,C,-116,3,221,87,Good,2,32,cell_edge
2026-07-01 20:00:00,UE00452,32.91847655366286,-97.02350529047813,XYZ403,A,-115,3,189,21,Coverage_Hole,3,30,cell_edge
2026-07-01 21:00:00,UE00453,32.969981997098415,-97.00285541733666,XYZ401,A,-111,1,148,128,Good,4,23,cell_edge
2026-07-01 01:00:00,UE00457,32.936560650324154,-96.9392954751465,XYZ402,B,-114,-5,94,115,Fair,2,5,cell_edge
2026-07-01 02:00:00,UE00458,32.89219497481797,-96.97696361951228,XYZ403,C,-119,0,186,117,Poor,3,20,cell_edge
2026-07-01 03:00:00,UE00459,32.93848585160732,-96.93695917192692,XYZ401,C,-112,-3,135,34,Fair,4,10,cell_edge
2026-07-01 04:00:00,UE00460,32.95851531827304,-96.94965852421306,XYZ402,C,-117,6,216,115,Good,5,41,cell_edge
2026-07-01 06:00:00,UE00462,32.913305480896135,-96.95339482693254,XYZ401,B,-109,2,230,41,Excellent,1,29,cell_edge
2026-07-01 08:00:00,UE00464,32.90261455468187,-96.97180569850646,XYZ403,C,-112,4,259,116,Excellent,3,37,cell_edge
2026-07-01 09:00:00,UE00465,32.901789131118925,-96.96651362715512,XYZ401,A,-109,0,173,59,Poor,4,21,cell_edge
2026-07-01 10:00:00,UE00466,32.948584235551735,-97.03431726565093,XYZ402,B,-116,0,158,63,Good,5,21,cell_edge
2026-07-01 12:00:00,UE00468,32.903309779479045,-96.95786611417562,XYZ401,C,-114,1,178,90,Coverage_Hole,1,22,cell_edge
2026-07-01 14:00:00,UE00470,32.9506775866,-97.02314732746316,XYZ403,B,-110,0,179,46,Excellent,3,21,cell_edge
2026-07-01 15:00:00,UE00471,32.89671566892685,-96.99586838066696,XYZ401,A,-115,0,150,112,Fair,4,20,cell_edge
2026-07-01 16:00:00,UE00472,32.9664643541601,-97.00156820786526,XYZ402,B,-106,0,181,90,Poor,5,20,cell_edge
2026-07-01 19:00:00,UE00475,32.89371427567811,-96.99643119932908,XYZ402,C,-112,-3,133,118,Coverage_Hole,2,10,cell_edge
2026-07-01 20:00:00,UE00476,32.96724874150826,-97.00700645511064,XYZ403,A,-111,3,230,25,Excellent,3,31,cell_edge
2026-07-01 00:00:00,UE00480,32.89348847091164,-96.9831925283163,XYZ401,C,-118,-2,136,121,Excellent,1,12,cell_edge
2026-07-01 01:00:00,UE00481,32.89654462059816,-96.98800804211248,XYZ402,B,-116,-1,128,98,Good,2,15,cell_edge
2026-07-01 03:00:00,UE00483,32.897946535851915,-97.00941427241128,XYZ401,B,-119,-2,118,57,Coverage_Hole,4,13,cell_edge
2026-07-01 07:00:00,UE00487,32.93650755384097,-96.9421277058432,XYZ402,C,-110,-4,72,54,Poor,2,5,cell_edge
2026-07-01 12:00:00,UE00492,32.954852594490795,-97.01792735583176,XYZ401,A,-103,3,185,31,Good,1,31,cell_edge
2026-07-01 15:00:00,UE00495,32.922174567417386,-96.94951986817756,XYZ401,B,-106,1,169,87,Excellent,4,23,cell_edge
2026-07-01 17:00:00,UE00497,32.911538154876084,-97.0171322580877,XYZ403,C,-108,2,217,117,Good,6,28,cell_edge
2026-07-01 19:00:00,UE00499,32.91465959519037,-97.02568003235248,XYZ402,A,-112,-1,119,45,Poor,2,14,cell_edge
2026-07-01 20:00:00,UE00500,32.9130053889732,-97.01930608154036,XYZ403,B,-109,2,269,22,Excellent,3,28,cell_edge
2026-07-01 21:00:00,UE00501,32.9274918603294,-96.9344307196076,XYZ401,B,-125,-2,154,34,Coverage_Hole,4,13,cell_edge
2026-07-01 01:00:00,UE00505,32.903798578653706,-97.0212141480728,XYZ402,B,-124,-4,73,70,Fair,2,5,cell_edge
2026-07-01 03:00:00,UE00507,32.9142300943499,-97.0231757611554,XYZ401,B,-111,3,244,90,Good,4,30,cell_edge
2026-07-01 06:00:00,UE00510,32.96792411635489,-97.008329608704,XYZ401,C,-111,2,250,45,Good,1,29,cell_edge
2026-07-01 08:00:00,UE00512,32.939430894360775,-96.93749297911448,XYZ403,C,-116,-3,157,117,Excellent,3,11,cell_edge
2026-07-01 09:00:00,UE00513,32.91824558653366,-96.9520390962363,XYZ401,C,-106,3,240,111,Good,4,31,cell_edge
2026-07-01 11:00:00,UE00515,32.91595350154377,-96.94993888517834,XYZ403,B,-109,6,234,30,Excellent,6,42,cell_edge
2026-07-01 12:00:00,UE00516,32.96521327717976,-97.00720420690892,XYZ401,B,-110,4,252,91,Fair,1,37,cell_edge
2026-07-01 13:00:00,UE00517,32.93478396538326,-97.03308505014472,XYZ402,A,-117,-2,157,101,Excellent,2,13,cell_edge
2026-07-01 16:00:00,UE00520,32.89759188789273,-96.99948965065823,XYZ402,B,-114,-2,121,29,Fair,5,12,cell_edge
2026-07-01 18:00:00,UE00522,32.90048715073971,-97.00141587278384,XYZ401,C,-107,0,201,26,Excellent,1,21,cell_edge
2026-07-01 21:00:00,UE00525,32.91535478763602,-97.02312700670456,XYZ401,A,-107,-1,138,36,Excellent,4,15,cell_edge
2026-07-01 23:00:00,UE00527,32.96639640262733,-97.01656801444224,XYZ403,B,-110,0,183,121,Poor,6,21,cell_edge
2026-07-01 00:00:00,UE00528,32.95106196346364,-96.94598984854343,XYZ401,A,-112,3,248,117,Coverage_Hole,1,32,cell_edge
2026-07-01 04:00:00,UE00532,32.972723763312835,-97.00339975316312,XYZ402,A,-113,0,203,15,Poor,5,20,cell_edge
2026-07-01 05:00:00,UE00533,32.918635546014386,-96.93831123380066,XYZ403,A,-116,-5,75,78,Coverage_Hole,6,5,cell_edge
2026-07-01 06:00:00,UE00534,32.949013391997056,-96.95000946585388,XYZ401,C,-103,4,221,23,Fair,1,36,cell_edge
2026-07-01 07:00:00,UE00535,32.93448543737571,-97.03066146895404,XYZ402,A,-117,0,164,58,Coverage_Hole,2,20,cell_edge
2026-07-01 09:00:00,UE00537,32.92042102714939,-96.94110935049578,XYZ401,A,-124,0,175,65,Fair,4,20,cell_edge
2026-07-01 10:00:00,UE00538,32.972277477480375,-96.9874131938232,XYZ402,C,-117,4,310,27,Poor,5,37,cell_edge
2026-07-01 13:00:00,UE00541,32.903836150588226,-96.9518281162006,XYZ402,A,-112,-2,108,77,Fair,2,12,cell_edge
2026-07-01 15:00:00,UE00543,32.917321969877904,-97.02496114187949,XYZ401,C,-116,0,206,91,Coverage_Hole,4,20,cell_edge
2026-07-01 16:00:00,UE00544,32.958919003636666,-97.01878494680902,XYZ402,B,-111,7,258,42,Coverage_Hole,5,48,cell_edge
2026-07-01 17:00:00,UE00545,32.96134056975512,-97.01979639079748,XYZ403,B,-115,0,198,61,Fair,6,20,cell_edge
2026-07-01 20:00:00,UE00548,32.899440811385574,-96.98752039516228,XYZ403,B,-114,5,267,62,Fair,3,39,cell_edge
2026-07-01 02:00:00,UE00554,32.895687024030074,-96.97162026434104,XYZ403,B,-124,2,181,107,Fair,3,29,cell_edge
2026-07-01 05:00:00,UE00557,32.97329391176661,-96.972373655573,XYZ403,B,-112,-1,118,34,Excellent,6,16,cell_edge
2026-07-01 08:00:00,UE00560,32.94854122145863,-96.93825480901738,XYZ403,C,-113,1,185,110,Excellent,3,23,cell_edge
2026-07-01 12:00:00,UE00564,32.91064985364215,-96.95788981950676,XYZ401,C,-98,2,223,82,Good,1,28,cell_edge
2026-07-01 13:00:00,UE00565,32.910563416357824,-97.01867321745692,XYZ402,B,-113,2,219,37,Excellent,2,29,cell_edge
2026-07-01 14:00:00,UE00566,32.90389346120491,-97.00146666033834,XYZ403,A,-108,2,265,104,Poor,3,28,cell_edge
2026-07-01 15:00:00,UE00567,32.91690717938843,-96.9526187637452,XYZ401,A,-111,3,205,17,Excellent,4,30,cell_edge
2026-07-01 17:00:00,UE00569,32.90604217222607,-97.02126729779032,XYZ403,C,-122,-3,161,89,Coverage_Hole,6,9,cell_edge
2026-07-01 19:00:00,UE00571,32.97298884931673,-96.98730650707516,XYZ402,A,-114,0,207,63,Excellent,2,21,cell_edge
2026-07-01 03:00:00,UE00579,32.92052937550006,-97.02438478900656,XYZ401,A,-104,1,185,92,Coverage_Hole,4,22,cell_edge
2026-07-01 05:00:00,UE00581,32.901893835075754,-96.98847704275204,XYZ403,A,-116,2,188,35,Fair,6,29,cell_edge
2026-07-01 07:00:00,UE00583,32.92703169782377,-96.94402237216778,XYZ402,A,-116,1,145,103,Good,2,24,cell_edge
2026-07-01 08:00:00,UE00584,32.898574461632634,-96.9712987007334,XYZ403,A,-110,1,156,40,Excellent,3,22,cell_edge
2026-07-01 12:00:00,UE00588,32.97059336230242,-96.96248410781249,XYZ401,B,-112,-4,101,112,Good,1,5,cell_edge
2026-07-01 13:00:00,UE00589,32.947799808343625,-96.9494870603862,XYZ402,B,-108,-1,149,26,Poor,2,14,cell_edge
2026-07-01 16:00:00,UE00592,32.956619952091366,-96.94055463095332,XYZ402,A,-114,-4,106,109,Poor,5,5,cell_edge
2026-07-01 20:00:00,UE00596,32.96425285934794,-97.01228721345107,XYZ403,C,-116,2,261,94,Fair,3,28,cell_edge
2026-07-01 23:00:00,UE00599,32.969215404539334,-96.97368987971666,XYZ403,A,-106,-2,109,112,Excellent,6,13,cell_edge
2026-07-01 01:00:00,UE00601,32.95551728673733,-96.94859315552348,XYZ402,A,-110,2,206,33,Coverage_Hole,2,28,cell_edge
2026-07-01 02:00:00,UE00602,32.89969003213552,-97.00229282036254,XYZ403,A,-112,3,232,91,Poor,3,31,cell_edge
2026-07-01 03:00:00,UE00603,32.901150612768085,-96.98072479324804,XYZ401,A,-108,1,166,88,Excellent,4,23,cell_edge
2026-07-01 04:00:00,UE00604,32.90428458534911,-96.9633549906036,XYZ402,C,-115,5,323,28,Poor,5,39,cell_edge
2026-07-01 07:00:00,UE00607,32.903060117020544,-96.95168155756002,XYZ402,B,-113,-3,135,38,Fair,2,10,cell_edge
2026-07-01 09:00:00,UE00609,32.96957456506777,-96.99538753495035,XYZ401,A,-105,7,262,64,Fair,4,48,cell_edge
2026-07-01 12:00:00,UE00612,32.947161094845534,-96.93726758116784,XYZ401,C,-120,0,201,90,Good,1,21,cell_edge
2026-07-01 17:00:00,UE00617,32.94989018014738,-96.93726069938108,XYZ403,A,-122,-6,51,80,Poor,6,5,cell_edge
2026-07-01 22:00:00,UE00622,32.97684296253563,-96.9732918039898,XYZ402,C,-121,-3,161,126,Excellent,5,10,cell_edge
2026-07-01 00:00:00,UE00624,32.97582126191264,-96.98528083323394,XYZ401,A,-112,-3,122,69,Fair,1,10,cell_edge
2026-07-01 01:00:00,UE00625,32.97592727750731,-96.99053341585532,XYZ402,A,-120,0,181,55,Coverage_Hole,2,20,cell_edge
2026-07-01 09:00:00,UE00633,32.90484545462974,-96.96979299377992,XYZ401,C,-101,1,203,24,Excellent,4,23,cell_edge
2026-07-01 11:00:00,UE00635,32.96794051838288,-96.991139209292,XYZ403,C,-104,3,197,104,Fair,6,32,cell_edge
2026-07-01 12:00:00,UE00636,32.904193998663494,-97.01347871134016,XYZ401,B,-113,-4,99,57,Good,1,5,cell_edge
2026-07-01 13:00:00,UE00637,32.93686180477492,-96.94096065956856,XYZ402,A,-111,-3,141,77,Good,2,10,cell_edge
2026-07-01 14:00:00,UE00638,32.974040373500536,-96.97563168584315,XYZ403,A,-103,1,178,73,Fair,3,23,cell_edge
2026-07-01 21:00:00,UE00645,32.94905757267578,-97.03224742944307,XYZ401,B,-118,-4,78,20,Excellent,4,5,cell_edge
2026-07-01 00:00:00,UE00648,32.90250390349337,-97.01882021488576,XYZ401,A,-115,-4,101,62,Fair,1,5,cell_edge
2026-07-01 02:00:00,UE00650,32.96203417698956,-96.9519795025084,XYZ403,A,-112,1,176,51,Good,3,22,cell_edge
2026-07-01 04:00:00,UE00652,32.969040242285175,-96.9887947621915,XYZ402,C,-105,3,263,72,Excellent,5,30,cell_edge
2026-07-01 05:00:00,UE00653,32.94492275190938,-96.94361271849004,XYZ403,A,-114,0,153,28,Poor,6,20,cell_edge
2026-07-01 06:00:00,UE00654,32.89301585549134,-96.98090423417308,XYZ401,A,-110,-2,137,47,Poor,1,12,cell_edge
2026-07-01 07:00:00,UE00655,32.96817162273859,-96.95724773135817,XYZ402,C,-113,-1,134,121,Fair,2,14,cell_edge
2026-07-01 10:00:00,UE00658,32.8984370537306,-97.00322584250604,XYZ402,C,-109,2,222,97,Fair,5,29,cell_edge
2026-07-01 13:00:00,UE00661,32.93061233199012,-96.93965687544724,XYZ402,C,-113,-5,78,93,Coverage_Hole,2,5,cell_edge
2026-07-01 14:00:00,UE00662,32.90463567003937,-96.9641521254687,XYZ403,B,-108,-1,154,21,Excellent,3,15,cell_edge
2026-07-01 15:00:00,UE00663,32.93215537858311,-97.03455103110478,XYZ401,C,-114,-3,148,108,Fair,4,11,cell_edge
2026-07-01 18:00:00,UE00666,32.951562999118444,-96.93903834077108,XYZ401,B,-121,-1,130,107,Excellent,1,15,cell_edge
2026-07-01 19:00:00,UE00667,32.96403327763975,-97.00535872413889,XYZ402,A,-112,0,195,71,Coverage_Hole,2,20,cell_edge
2026-07-01 22:00:00,UE00670,32.91790751960148,-96.95085398227369,XYZ402,A,-106,4,228,121,Good,5,36,cell_edge
2026-07-01 23:00:00,UE00671,32.96774012337457,-96.96772776959985,XYZ403,A,-105,2,195,56,Fair,6,28,cell_edge
2026-07-01 01:00:00,UE00673,32.963628045963496,-97.01522938627464,XYZ402,C,-113,-4,103,61,Poor,2,5,cell_edge
2026-07-01 02:00:00,UE00674,32.916164478143884,-97.0184926617008,XYZ403,C,-109,0,144,44,Fair,3,21,cell_edge
2026-07-01 08:00:00,UE00680,32.97204782155845,-97.00040207150414,XYZ403,C,-114,-3,111,42,Poor,3,11,cell_edge
2026-07-01 09:00:00,UE00681,32.97835090807004,-96.98935667502768,XYZ401,A,-119,0,173,58,Poor,4,20,cell_edge
2026-07-01 11:00:00,UE00683,32.947776533578136,-97.02657105056304,XYZ403,A,-108,-3,156,106,Coverage_Hole,6,10,cell_edge
2026-07-01 12:00:00,UE00684,32.92972071286078,-97.0281024021177,XYZ401,B,-105,4,286,86,Poor,1,37,cell_edge
2026-07-01 14:00:00,UE00686,32.924060359346214,-97.03346090123205,XYZ403,B,-119,0,203,77,Coverage_Hole,3,20,cell_edge
2026-07-01 15:00:00,UE00687,32.934250117704664,-96.93870281061784,XYZ401,A,-111,-4,72,61,Poor,4,5,cell_edge
2026-07-01 18:00:00,UE00690,32.93306474065002,-96.93999408370642,XYZ401,A,-111,0,204,54,Fair,1,20,cell_edge
2026-07-01 02:00:00,UE00698,32.967272360281285,-96.98848848348256,XYZ403,A,-104,5,239,103,Coverage_Hole,3,38,cell_edge
2026-07-01 03:00:00,UE00699,32.902660853183484,-96.99182721351174,XYZ401,B,-107,1,155,20,Poor,4,22,cell_edge
2026-07-01 05:00:00,UE00701,32.94298876880007,-97.03241109130023,XYZ403,B,-121,0,144,56,Good,6,20,cell_edge
2026-07-01 06:00:00,UE00702,32.9313585823015,-96.93755317116084,XYZ401,A,-125,2,230,126,Excellent,1,29,cell_edge
2026-07-01 07:00:00,UE00703,32.90711786524311,-97.01192392214736,XYZ402,C,-116,0,193,22,Excellent,2,21,cell_edge
2026-07-01 08:00:00,UE00704,32.91228515671794,-97.01691940204395,XYZ403,C,-111,1,171,15,Poor,3,23,cell_edge
2026-07-01 11:00:00,UE00707,32.926151833173485,-96.94654368242928,XYZ403,A,-104,4,273,112,Coverage_Hole,6,37,cell_edge
2026-07-01 13:00:00,UE00709,32.93319349176514,-96.93406877671728,XYZ402,B,-119,-2,138,62,Excellent,2,13,cell_edge
2026-07-01 16:00:00,UE00712,32.916972091837444,-96.94567073406849,XYZ402,A,-113,-2,120,68,Coverage_Hole,5,12,cell_edge
2026-07-01 17:00:00,UE00713,32.92520208596909,-96.93826461405432,XYZ403,B,-110,-7,41,38,Coverage_Hole,6,5,cell_edge
2026-07-01 21:00:00,UE00717,32.90345701809123,-96.96166898498603,XYZ401,B,-116,-4,91,34,Coverage_Hole,4,5,cell_edge
2026-07-01 22:00:00,UE00718,32.90185120748384,-97.0158523989907,XYZ402,C,-120,2,237,107,Coverage_Hole,5,28,cell_edge
2026-07-01 05:00:00,UE00725,32.89530677488416,-96.9892262102662,XYZ403,A,-116,-2,118,105,Poor,6,13,cell_edge
2026-07-01 09:00:00,UE00729,32.90406680887568,-96.97186596770138,XYZ401,A,-103,7,320,45,Coverage_Hole,4,48,cell_edge
2026-07-01 11:00:00,UE00731,32.908352513873126,-96.95129727567873,XYZ403,C,-108,2,259,105,Excellent,6,29,cell_edge
2026-07-01 13:00:00,UE00733,32.95965138497414,-97.01279405217046,XYZ402,B,-112,-2,138,42,Poor,2,13,cell_edge
2026-07-01 14:00:00,UE00734,32.949280634367746,-96.94936465782322,XYZ403,C,-111,4,275,64,Good,3,37,cell_edge
2026-07-01 15:00:00,UE00735,32.941409247270364,-97.02396422726542,XYZ401,A,-105,0,207,53,Poor,4,21,cell_edge
2026-07-01 16:00:00,UE00736,32.95069780506886,-97.03004615353454,XYZ402,B,-120,2,232,117,Poor,5,29,cell_edge
2026-07-01 20:00:00,UE00740,32.96833184504797,-96.96668356339762,XYZ403,B,-106,6,232,36,Poor,3,42,cell_edge
2026-07-01 21:00:00,UE00741,32.95127066891448,-97.0230501941162,XYZ401,B,-109,0,176,129,Coverage_Hole,4,21,cell_edge
2026-07-01 22:00:00,UE00742,32.918833576905214,-96.94197061132073,XYZ402,C,-116,0,166,65,Coverage_Hole,5,21,cell_edge
2026-07-01 23:00:00,UE00743,32.917851484545565,-97.02300569533844,XYZ403,C,-112,2,180,83,Coverage_Hole,6,29,cell_edge
2026-07-01 00:00:00,UE00744,32.94334432516058,-96.9468747386777,XYZ401,A,-108,0,150,51,Good,1,20,cell_edge
2026-07-01 03:00:00,UE00747,32.94034107324074,-97.0259710787428,XYZ401,C,-109,0,168,19,Excellent,4,21,cell_edge
2026-07-01 04:00:00,UE00748,32.930623248602984,-97.03531941509176,XYZ402,B,-111,1,151,99,Poor,5,22,cell_edge
2026-07-01 09:00:00,UE00753,32.91969804089014,-97.0296380972122,XYZ401,A,-114,0,175,17,Excellent,4,21,cell_edge
2026-07-01 11:00:00,UE00755,32.94856149277012,-96.94201691391213,XYZ403,A,-116,0,155,43,Excellent,6,20,cell_edge
2026-07-01 19:00:00,UE00763,32.90530324371859,-97.0125440544269,XYZ402,A,-108,-3,109,94,Coverage_Hole,2,11,cell_edge
2026-07-01 20:00:00,UE00764,32.957830013580086,-97.02716563438403,XYZ403,B,-121,1,185,76,Excellent,3,22,cell_edge
2026-07-01 21:00:00,UE00765,32.97717076714744,-96.98459242413638,XYZ401,B,-113,1,169,67,Good,4,23,cell_edge
2026-07-01 22:00:00,UE00766,32.92976037928054,-96.93863865941744,XYZ402,A,-112,-3,135,58,Excellent,5,10,cell_edge
2026-07-01 23:00:00,UE00767,32.938730271815174,-97.02309806360132,XYZ403,B,-109,3,226,98,Poor,6,31,cell_edge
2026-07-01 00:00:00,UE00768,32.905002653875286,-96.96395827147448,XYZ401,B,-111,1,184,27,Poor,1,23,cell_edge
2026-07-01 01:00:00,UE00769,32.9696805069131,-96.9767718688858,XYZ402,B,-111,0,199,114,Fair,2,20,cell_edge
2026-07-01 02:00:00,UE00770,32.96681044144355,-97.01979512355064,XYZ403,A,-125,1,144,19,Excellent,3,23,cell_edge
2026-07-01 03:00:00,UE00771,32.94892897093552,-97.02624159184045,XYZ401,C,-108,-2,129,87,Coverage_Hole,4,13,cell_edge
2026-07-01 06:00:00,UE00774,32.94949381275151,-97.02048965889809,XYZ401,C,-106,3,244,77,Poor,1,32,cell_edge
2026-07-01 10:00:00,UE00778,32.96619639986497,-97.01458009132595,XYZ402,A,-117,-1,144,26,Poor,5,15,cell_edge
2026-07-01 12:00:00,UE00780,32.973343002714394,-96.99164655065104,XYZ401,A,-110,1,144,60,Fair,1,22,cell_edge
2026-07-01 13:00:00,UE00781,32.97117183706741,-97.00464436975912,XYZ402,C,-111,0,172,82,Excellent,2,21,cell_edge
2026-07-01 14:00:00,UE00782,32.897158486688056,-97.00249312265112,XYZ403,A,-120,-4,101,56,Excellent,3,5,cell_edge
2026-07-01 18:00:00,UE00786,32.97574131124109,-96.9978558938514,XYZ401,A,-119,-5,103,81,Fair,1,5,cell_edge
2026-07-01 21:00:00,UE00789,32.95041424758889,-96.93701367031366,XYZ401,C,-118,-4,90,61,Excellent,4,5,cell_edge
2026-07-01 00:00:00,UE00792,32.92799284749872,-96.94749504389596,XYZ401,A,-107,2,240,54,Fair,1,29,cell_edge
2026-07-01 05:00:00,UE00797,32.89959912980357,-96.97696107503836,XYZ403,C,-118,-4,91,65,Excellent,6,5,cell_edge
2026-07-01 08:00:00,UE00800,32.97562617782443,-96.99239813750955,XYZ403,A,-115,4,292,107,Coverage_Hole,3,37,cell_edge
2026-07-01 09:00:00,UE00801,32.92642433978811,-97.02206526606098,XYZ401,C,-109,5,271,113,Poor,4,39,cell_edge
2026-07-01 10:00:00,UE00802,32.916060002418696,-96.94566131042676,XYZ402,B,-115,2,199,39,Coverage_Hole,5,28,cell_edge
2026-07-01 13:00:00,UE00805,32.898176562059604,-96.98431043540226,XYZ402,C,-111,0,187,95,Excellent,2,21,cell_edge
2026-07-01 15:00:00,UE00807,32.9531708526876,-96.95368136814623,XYZ401,A,-104,0,164,92,Coverage_Hole,4,20,cell_edge
2026-07-01 17:00:00,UE00809,32.97307833242315,-96.99270877357112,XYZ403,B,-111,-5,94,97,Poor,6,5,cell_edge
2026-07-01 20:00:00,UE00812,32.96371262774737,-97.02265359322742,XYZ403,B,-119,0,187,55,Fair,3,20,cell_edge
2026-07-01 23:00:00,UE00815,32.90739133951664,-96.95978563607105,XYZ403,A,-109,5,235,123,Good,6,40,cell_edge
2026-07-01 01:00:00,UE00817,32.91418224722561,-97.0306387345222,XYZ402,B,-120,1,154,112,Fair,2,23,cell_edge
2026-07-01 04:00:00,UE00820,32.93095297932588,-97.03568708328352,XYZ402,B,-120,0,149,90,Good,5,21,cell_edge
2026-07-01 08:00:00,UE00824,32.96497331760718,-96.96814082987392,XYZ403,A,-105,5,221,119,Coverage_Hole,3,38,cell_edge
2026-07-01 09:00:00,UE00825,32.95297205501637,-97.02694652542984,XYZ401,A,-118,-4,94,69,Fair,4,5,cell_edge
2026-07-01 10:00:00,UE00826,32.96645006060795,-96.9667045888423,XYZ402,C,-104,0,185,72,Coverage_Hole,5,21,cell_edge
2026-07-01 11:00:00,UE00827,32.892145538267094,-96.99323565332124,XYZ403,A,-125,0,162,70,Poor,6,21,cell_edge
2026-07-01 15:00:00,UE00831,32.96201238781934,-96.94896323996362,XYZ401,C,-117,-4,94,31,Coverage_Hole,4,5,cell_edge
2026-07-01 18:00:00,UE00834,32.90259118674205,-96.96479135216693,XYZ401,C,-116,3,217,102,Poor,1,32,cell_edge
2026-07-01 19:00:00,UE00835,32.90438788791149,-97.01705663971208,XYZ402,A,-117,-3,159,95,Coverage_Hole,2,10,cell_edge
2026-07-01 20:00:00,UE00836,32.936671514401326,-96.9389461563964,XYZ403,C,-114,0,157,42,Fair,3,20,cell_edge
2026-07-01 23:00:00,UE00839,32.91228118744967,-96.95411625302636,XYZ403,C,-108,3,212,66,Fair,6,31,cell_edge
2026-07-01 00:00:00,UE00840,32.940082516411785,-96.93993076844296,XYZ401,A,-123,4,310,100,Poor,1,36,cell_edge
2026-07-01 01:00:00,UE00841,32.95492804339728,-96.95075994243768,XYZ402,A,-114,3,210,119,Fair,2,31,cell_edge
2026-07-01 05:00:00,UE00845,32.91668846071598,-97.01865871994478,XYZ403,B,-107,-2,125,51,Coverage_Hole,6,12,cell_edge
2026-07-01 06:00:00,UE00846,32.92857443920134,-97.0285488402406,XYZ401,B,-115,1,151,39,Coverage_Hole,1,23,cell_edge
2026-07-01 07:00:00,UE00847,32.89537366812785,-96.99246106300252,XYZ402,A,-116,-2,121,125,Coverage_Hole,2,13,cell_edge
2026-07-01 08:00:00,UE00848,32.97212939834272,-96.9743192135181,XYZ403,C,-107,-1,137,21,Good,3,15,cell_edge
2026-07-01 11:00:00,UE00851,32.96094711722236,-96.96270330204804,XYZ403,C,-108,5,257,58,Good,6,40,cell_edge
2026-07-01 12:00:00,UE00852,32.93342546182178,-96.94093356398372,XYZ401,B,-110,-2,134,33,Excellent,1,12,cell_edge
2026-07-01 13:00:00,UE00853,32.94338934911705,-97.02187978426424,XYZ402,C,-114,3,238,89,Good,2,32,cell_edge
2026-07-01 14:00:00,UE00854,32.90165639684218,-96.9942534285797,XYZ403,A,-111,8,337,128,Excellent,3,49,cell_edge
2026-07-01 15:00:00,UE00855,32.95808848139148,-97.01338497230503,XYZ401,B,-109,5,299,99,Good,4,40,cell_edge
2026-07-01 17:00:00,UE00857,32.95685980621879,-96.94267835425886,XYZ403,C,-111,-3,129,89,Good,6,10,cell_edge
2026-07-01 18:00:00,UE00858,32.9169049464404,-97.01808783948152,XYZ401,B,-110,0,161,124,Good,1,20,cell_edge
2026-07-01 21:00:00,UE00861,32.90835021386003,-97.02437858486034,XYZ401,C,-115,0,180,24,Coverage_Hole,4,21,cell_edge
2026-07-01 22:00:00,UE00862,32.92262842873991,-97.03356470915566,XYZ402,C,-125,-5,77,33,Fair,5,5,cell_edge
2026-07-01 03:00:00,UE00867,32.90634409006913,-96.95764665618744,XYZ401,A,-111,3,238,28,Fair,4,31,cell_edge
2026-07-01 04:00:00,UE00868,32.898896647146834,-97.0119725314426,XYZ402,C,-117,-3,125,42,Good,5,9,cell_edge
2026-07-01 05:00:00,UE00869,32.973633369408674,-96.99916723611358,XYZ403,C,-120,-2,129,90,Coverage_Hole,6,12,cell_edge
2026-07-01 06:00:00,UE00870,32.90922600390988,-97.0231449798727,XYZ401,C,-112,0,173,56,Poor,1,20,cell_edge
2026-07-01 10:00:00,UE00874,32.96873406527795,-97.00098131087476,XYZ402,C,-102,4,285,87,Good,5,36,cell_edge
2026-07-01 13:00:00,UE00877,32.91562140596224,-97.02223260898867,XYZ402,A,-113,-3,131,64,Good,2,10,cell_edge
2026-07-01 14:00:00,UE00878,32.96915068607285,-97.00048147287436,XYZ403,C,-113,-3,140,125,Coverage_Hole,3,9,cell_edge
2026-07-01 15:00:00,UE00879,32.916578524972145,-96.95210920925784,XYZ401,B,-113,4,319,63,Coverage_Hole,4,37,cell_edge
2026-07-01 19:00:00,UE00883,32.934018593680015,-96.93736821421896,XYZ402,B,-111,-2,130,118,Good,2,13,cell_edge
2026-07-01 20:00:00,UE00884,32.97717580344816,-96.98909898935314,XYZ403,A,-111,-2,124,32,Coverage_Hole,3,12,cell_edge
2026-07-01 21:00:00,UE00885,32.93986214019359,-97.0262418399046,XYZ401,A,-106,6,298,126,Excellent,4,42,cell_edge
2026-07-01 00:00:00,UE00888,32.935337966848635,-97.03494545329788,XYZ401,C,-110,0,198,61,Excellent,1,21,cell_edge
2026-07-01 03:00:00,UE00891,32.943053244616266,-97.02458917289428,XYZ401,B,-105,0,167,55,Coverage_Hole,4,20,cell_edge
2026-07-01 04:00:00,UE00892,32.900627155466125,-96.9822876361048,XYZ402,C,-105,0,203,21,Fair,5,21,cell_edge
2026-07-01 05:00:00,UE00893,32.93271943397979,-96.94182116436616,XYZ403,C,-111,3,212,82,Coverage_Hole,6,30,cell_edge
2026-07-01 07:00:00,UE00895,32.90242918835123,-96.99896728178918,XYZ402,C,-112,7,301,53,Poor,2,46,cell_edge
2026-07-01 08:00:00,UE00896,32.96322674607962,-97.02126797130316,XYZ403,A,-116,-2,126,101,Fair,3,12,cell_edge
2026-07-01 12:00:00,UE00900,32.90800035948821,-96.946977438621,XYZ401,A,-121,-3,151,30,Excellent,1,10,cell_edge
2026-07-01 14:00:00,UE00902,32.9151319874975,-96.94734605975196,XYZ403,A,-116,0,177,97,Excellent,3,21,cell_edge
2026-07-01 15:00:00,UE00903,32.92730960902151,-97.0230833223087,XYZ401,C,-108,6,272,35,Good,4,41,cell_edge
2026-07-01 18:00:00,UE00906,32.91835959132692,-97.02655774802696,XYZ401,C,-109,0,165,32,Coverage_Hole,1,21,cell_edge
2026-07-01 22:00:00,UE00910,32.92126379939859,-97.03024715125974,XYZ402,B,-112,0,203,125,Poor,5,21,cell_edge
2026-07-01 06:00:00,UE00918,32.955430330341365,-97.02725305364112,XYZ401,A,-115,0,186,35,Excellent,1,20,cell_edge
2026-07-01 08:00:00,UE00920,32.935305415298934,-96.9462541235834,XYZ403,C,-100,0,147,83,Good,3,21,cell_edge
2026-07-01 10:00:00,UE00922,32.89936722974743,-97.00819780884515,XYZ402,C,-107,-4,72,81,Fair,5,5,cell_edge
2026-07-01 12:00:00,UE00924,32.92417864413084,-97.02706649537063,XYZ401,C,-113,5,304,62,Fair,1,39,cell_edge
2026-07-01 16:00:00,UE00928,32.9763463084162,-96.98060218114507,XYZ402,B,-117,0,145,34,Coverage_Hole,5,21,cell_edge
2026-07-01 21:00:00,UE00933,32.920508312071284,-97.02608171228616,XYZ401,C,-116,-1,147,22,Excellent,4,16,cell_edge
2026-07-01 22:00:00,UE00934,32.9639349241687,-96.9669750589244,XYZ402,B,-109,0,201,124,Excellent,5,21,cell_edge
2026-07-01 00:00:00,UE00936,32.95747518039033,-97.02458709275986,XYZ401,A,-117,-1,127,41,Coverage_Hole,1,15,cell_edge
2026-07-01 02:00:00,UE00938,32.89424694918422,-96.97525490878088,XYZ403,A,-119,-3,136,42,Excellent,3,11,cell_edge
2026-07-01 03:00:00,UE00939,32.97118672209922,-97.00016340794885,XYZ401,A,-114,2,208,79,Excellent,4,28,cell_edge
2026-07-01 11:00:00,UE00947,32.93318191248427,-97.0335549253196,XYZ403,B,-119,3,268,50,Coverage_Hole,6,31,cell_edge
2026-07-01 12:00:00,UE00948,32.976056101926446,-96.99968266191144,XYZ401,B,-114,-1,126,60,Excellent,1,16,cell_edge
2026-07-01 13:00:00,UE00949,32.914947523949145,-96.94002701998784,XYZ402,B,-118,-1,144,82,Excellent,2,14,cell_edge
2026-07-01 15:00:00,UE00951,32.96949879948787,-96.9778320561706,XYZ401,A,-111,-2,115,42,Good,4,13,cell_edge
2026-07-01 16:00:00,UE00952,32.900607036984574,-97.0090234918943,XYZ402,B,-112,-1,151,19,Excellent,5,16,cell_edge
2026-07-01 17:00:00,UE00953,32.92017722253931,-97.02353556648208,XYZ403,C,-110,0,151,67,Fair,6,21,cell_edge
2026-07-01 18:00:00,UE00954,32.92431064310229,-97.02707199946454,XYZ401,A,-110,8,326,91,Coverage_Hole,1,50,cell_edge
2026-07-01 01:00:00,UE00961,32.903342946660864,-97.00292106981053,XYZ402,A,-108,0,146,85,Fair,2,20,cell_edge
2026-07-01 03:00:00,UE00963,32.96279237057307,-96.96252345065658,XYZ401,C,-106,2,211,98,Coverage_Hole,4,28,cell_edge
2026-07-01 08:00:00,UE00968,32.9150749169718,-96.94629602608198,XYZ403,A,-115,0,154,19,Excellent,3,20,cell_edge
2026-07-01 09:00:00,UE00969,32.96971502394961,-96.96765257177276,XYZ401,B,-111,5,249,80,Excellent,4,38,cell_edge
2026-07-01 14:00:00,UE00974,32.905176370706094,-97.01633461523622,XYZ403,A,-115,0,144,70,Poor,3,21,cell_edge
2026-07-01 15:00:00,UE00975,32.97329788307907,-96.98077252283603,XYZ401,A,-115,2,200,125,Fair,4,29,cell_edge
2026-07-01 19:00:00,UE00979,32.92125757551281,-96.94449247679732,XYZ402,C,-107,-2,158,44,Fair,2,12,cell_edge
2026-07-01 21:00:00,UE00981,32.9477954107163,-96.94748862743302,XYZ401,A,-107,0,166,118,Fair,4,21,cell_edge
2026-07-01 00:00:00,UE00984,32.94265955747607,-97.02670870530584,XYZ401,A,-108,2,261,73,Coverage_Hole,1,29,cell_edge
2026-07-01 02:00:00,UE00986,32.92628001131901,-97.03454756973392,XYZ403,B,-115,0,174,62,Fair,3,21,cell_edge
2026-07-01 05:00:00,UE00989,32.932592674176604,-97.02437976070236,XYZ403,B,-110,3,228,109,Excellent,6,32,cell_edge
2026-07-01 08:00:00,UE00992,32.95681828704414,-96.9446979679636,XYZ403,B,-121,-1,138,16,Coverage_Hole,3,15,cell_edge
2026-07-01 10:00:00,UE00994,32.894857528915246,-97.00411648943138,XYZ402,C,-120,-1,115,33,Excellent,5,16,cell_edge
2026-07-01 11:00:00,UE00995,32.95842087359824,-96.95113863387294,XYZ403,C,-112,1,176,28,Coverage_Hole,6,22,cell_edge
2026-07-01 17:00:00,UE01001,32.91332689405599,-96.94604850396514,XYZ403,B,-116,-2,141,61,Poor,6,12,cell_edge
2026-07-01 21:00:00,UE01005,32.97522798241624,-96.9854998787826,XYZ401,B,-118,-2,140,123,Poor,4,12,cell_edge
2026-07-01 22:00:00,UE01006,32.90122803511651,-96.9561644234005,XYZ402,C,-118,-4,92,62,Coverage_Hole,5,5,cell_edge
2026-07-01 00:00:00,UE01008,32.95588366582732,-97.01892533307166,XYZ401,C,-112,2,215,45,Excellent,1,28,cell_edge
2026-07-01 08:00:00,UE01016,32.96688507506452,-97.01934642730934,XYZ403,C,-111,0,189,48,Excellent,3,21,cell_edge
2026-07-01 10:00:00,UE01018,32.89204855766774,-96.97946618286451,XYZ402,C,-110,0,202,89,Coverage_Hole,5,20,cell_edge
2026-07-01 11:00:00,UE01019,32.90063633836094,-96.96086880581584,XYZ403,A,-115,-1,159,45,Poor,6,14,cell_edge
2026-07-01 12:00:00,UE01020,32.967242102416485,-96.984355232676,XYZ401,C,-109,1,169,85,Excellent,1,23,cell_edge
2026-07-01 13:00:00,UE01021,32.904055541439625,-96.99549685397824,XYZ402,B,-107,4,314,52,Good,2,37,cell_edge
2026-07-01 14:00:00,UE01022,32.89670044093484,-97.00497093706883,XYZ403,A,-119,-3,146,62,Poor,3,10,cell_edge
2026-07-01 15:00:00,UE01023,32.97114451317108,-96.99210679077298,XYZ401,A,-108,-1,128,127,Poor,4,16,cell_edge
2026-07-01 19:00:00,UE01027,32.97183014086134,-97.0003973437733,XYZ402,B,-116,-1,147,54,Good,2,15,cell_edge
2026-07-01 20:00:00,UE01028,32.965754443333424,-97.00797095036822,XYZ403,C,-120,1,206,35,Good,3,24,cell_edge
2026-07-01 23:00:00,UE01031,32.9290377803834,-97.03195081708115,XYZ403,B,-117,1,189,52,Excellent,6,23,cell_edge
2026-07-01 00:00:00,UE01032,32.97161704918841,-97.00592970296908,XYZ401,C,-117,-1,129,89,Poor,1,15,cell_edge
2026-07-01 01:00:00,UE01033,32.96944863050935,-96.96231948664264,XYZ402,C,-112,-2,139,104,Fair,2,13,cell_edge
2026-07-01 03:00:00,UE01035,32.93755830151808,-96.94208108451272,XYZ401,B,-109,-3,124,80,Good,4,11,cell_edge
2026-07-01 07:00:00,UE01039,32.923452510085134,-97.02066067426784,XYZ402,B,-102,2,185,123,Fair,2,28,cell_edge
2026-07-01 08:00:00,UE01040,32.89969882076149,-96.96993114323764,XYZ403,B,-114,0,209,35,Excellent,3,20,cell_edge
2026-07-01 09:00:00,UE01041,32.90535979685833,-97.01668990053813,XYZ401,A,-111,5,316,18,Fair,4,38,cell_edge
2026-07-01 12:00:00,UE01044,32.97397081069734,-96.98982952327334,XYZ401,B,-113,3,197,80,Poor,1,31,cell_edge
2026-07-01 15:00:00,UE01047,32.975534734999854,-96.9944299467989,XYZ401,C,-110,0,155,27,Fair,4,21,cell_edge
2026-07-01 16:00:00,UE01048,32.931434695572854,-97.0269307606604,XYZ402,B,-115,-3,158,31,Good,5,10,cell_edge
2026-07-01 21:00:00,UE01053,32.911707413615964,-97.022263401827,XYZ401,A,-104,0,194,54,Fair,4,21,cell_edge
2026-07-01 22:00:00,UE01054,32.91877870522414,-96.9452744975468,XYZ402,A,-116,-1,110,45,Coverage_Hole,5,15,cell_edge
2026-07-01 02:00:00,UE01058,32.90349286090977,-96.97729321905985,XYZ403,A,-108,4,260,87,Poor,3,37,cell_edge
2026-07-01 03:00:00,UE01059,32.89680443347402,-96.96101951157144,XYZ401,B,-119,0,162,94,Good,4,21,cell_edge
2026-07-01 04:00:00,UE01060,32.90393283195274,-97.00635637352836,XYZ402,A,-106,1,168,93,Coverage_Hole,5,24,cell_edge
2026-07-01 07:00:00,UE01063,32.97268805017707,-96.99322771600222,XYZ402,B,-117,-5,77,26,Poor,2,5,cell_edge
2026-07-01 09:00:00,UE01065,32.959862811139004,-97.0101163847054,XYZ401,B,-111,2,247,53,Good,4,29,cell_edge
2026-07-01 13:00:00,UE01069,32.89956654260172,-96.97747972605669,XYZ402,C,-111,4,312,21,Excellent,2,37,cell_edge
2026-07-01 14:00:00,UE01070,32.90598037418751,-97.01591864357172,XYZ403,B,-112,-3,155,33,Good,3,11,cell_edge
2026-07-01 23:00:00,UE01079,32.94358650281483,-97.0309732000203,XYZ403,B,-113,-3,122,113,Poor,6,11,cell_edge
2026-07-01 00:00:00,UE01080,32.96212053857054,-96.95202541223986,XYZ401,B,-119,-2,114,30,Good,1,13,cell_edge
2026-07-01 04:00:00,UE01084,32.95304252421131,-96.9512580718777,XYZ402,C,-111,0,180,107,Coverage_Hole,5,20,cell_edge
2026-07-01 07:00:00,UE01087,32.895384772600735,-97.0015256914772,XYZ402,C,-113,2,266,64,Poor,2,29,cell_edge
2026-07-01 09:00:00,UE01089,32.89552513532752,-96.9688632598302,XYZ401,C,-118,-3,117,84,Good,4,10,cell_edge
2026-07-01 10:00:00,UE01090,32.902977803357324,-97.01943270191587,XYZ402,B,-115,-5,87,25,Coverage_Hole,5,5,cell_edge
2026-07-01 11:00:00,UE01091,32.97212286529246,-96.97879904479475,XYZ403,A,-112,1,205,67,Excellent,6,24,cell_edge
2026-07-01 12:00:00,UE01092,32.915878480198764,-96.9468748564644,XYZ401,A,-112,-6,50,88,Fair,1,5,cell_edge
2026-07-01 13:00:00,UE01093,32.97051031898319,-96.9779660274156,XYZ402,C,-112,3,248,111,Coverage_Hole,2,31,cell_edge
2026-07-01 16:00:00,UE01096,32.90324318841287,-96.95320310594067,XYZ402,A,-116,5,305,52,Excellent,5,38,cell_edge
2026-07-01 17:00:00,UE01097,32.90581240121927,-97.00329049828328,XYZ403,C,-108,4,278,52,Good,6,36,cell_edge
2026-07-01 18:00:00,UE01098,32.97011856824227,-96.9810790217227,XYZ401,A,-105,0,161,73,Excellent,1,20,cell_edge
2026-07-01 00:00:00,UE01104,32.97187652608745,-96.98085916589136,XYZ401,B,-108,-3,124,52,Coverage_Hole,1,11,cell_edge
2026-07-01 02:00:00,UE01106,32.89756452007485,-96.99115650572996,XYZ403,B,-116,-2,114,38,Good,3,12,cell_edge
2026-07-01 04:00:00,UE01108,32.91876932195161,-96.94409601652497,XYZ402,B,-111,1,191,129,Good,5,23,cell_edge
2026-07-01 06:00:00,UE01110,32.900303463143025,-97.01617080430722,XYZ401,C,-118,-2,148,50,Excellent,1,13,cell_edge
2026-07-01 10:00:00,UE01114,32.92135790589316,-97.025020264798,XYZ402,C,-115,4,280,56,Coverage_Hole,5,36,cell_edge
2026-07-01 12:00:00,UE01116,32.96898983261299,-97.00878757121625,XYZ401,C,-113,0,149,50,Fair,1,21,cell_edge
2026-07-01 13:00:00,UE01117,32.97433800595661,-96.96639534679356,XYZ402,A,-118,0,174,47,Good,2,21,cell_edge
2026-07-01 14:00:00,UE01118,32.96072226623743,-97.00949796207848,XYZ403,A,-102,6,264,27,Fair,3,41,cell_edge
2026-07-01 16:00:00,UE01120,32.96530299315227,-96.96414617832876,XYZ402,C,-110,-2,115,111,Excellent,5,12,cell_edge
2026-07-01 17:00:00,UE01121,32.90251266362195,-96.969301726195,XYZ403,A,-107,4,221,60,Fair,6,37,cell_edge
2026-07-01 18:00:00,UE01122,32.96391639588065,-96.95152519607394,XYZ401,C,-117,1,182,81,Excellent,1,23,cell_edge
2026-07-01 00:00:00,UE01128,32.89707774551764,-96.99370085845908,XYZ401,C,-108,1,183,99,Coverage_Hole,1,23,cell_edge
2026-07-01 01:00:00,UE01129,32.94895566348967,-96.93697268305785,XYZ402,A,-117,0,151,65,Good,2,20,cell_edge
2026-07-01 02:00:00,UE01130,32.97586108114847,-96.97872112277,XYZ403,C,-110,-4,95,56,Fair,3,5,cell_edge
2026-07-01 03:00:00,UE01131,32.967236130934424,-97.01829264800368,XYZ401,A,-117,-6,42,23,Good,4,5,cell_edge
2026-07-01 06:00:00,UE01134,32.94229745001063,-96.94129441421018,XYZ401,C,-111,0,199,32,Excellent,1,21,cell_edge
2026-07-01 11:00:00,UE01139,32.933271885439844,-96.9374654907654,XYZ403,B,-115,-8,47,109,Good,6,5,cell_edge
2026-07-01 14:00:00,UE01142,32.901607579279855,-97.01143744559975,XYZ403,B,-110,2,190,118,Excellent,3,29,cell_edge
2026-07-01 15:00:00,UE01143,32.957994426786165,-97.02143208027698,XYZ401,B,-110,3,243,26,Fair,4,31,cell_edge
2026-07-01 16:00:00,UE01144,32.97429683847577,-96.96438020755365,XYZ402,A,-118,0,192,86,Excellent,5,20,cell_edge
2026-07-01 22:00:00,UE01150,32.94744793175605,-96.94588526802008,XYZ402,B,-113,0,158,28,Excellent,5,21,cell_edge
2026-07-01 00:00:00,UE01152,32.95017534580395,-96.93964731426978,XYZ401,A,-111,-6,42,66,Good,1,5,cell_edge
2026-07-01 03:00:00,UE01155,32.897046807482674,-96.9899557985044,XYZ401,B,-107,2,231,115,Coverage_Hole,4,29,cell_edge
2026-07-01 05:00:00,UE01157,32.90489597858743,-97.0214048679786,XYZ403,B,-121,-3,158,57,Coverage_Hole,6,10,cell_edge
2026-07-01 06:00:00,UE01158,32.90497890301572,-96.9600083952092,XYZ401,C,-111,-3,160,83,Poor,1,11,cell_edge
2026-07-01 10:00:00,UE01162,32.93583420665305,-96.94353330803696,XYZ402,A,-103,0,166,86,Excellent,5,20,cell_edge
2026-07-01 12:00:00,UE01164,32.97265641058145,-96.97892595024238,XYZ401,C,-119,0,207,88,Coverage_Hole,1,21,cell_edge
2026-07-01 13:00:00,UE01165,32.902671394337524,-96.97699686809966,XYZ402,A,-104,2,186,92,Fair,2,29,cell_edge
2026-07-01 17:00:00,UE01169,32.910854510125084,-97.02590096403728,XYZ403,B,-120,2,200,34,Coverage_Hole,6,29,cell_edge
2026-07-01 20:00:00,UE01172,32.908527125117025,-97.02241045746794,XYZ403,C,-117,1,167,82,Coverage_Hole,3,24,cell_edge
2026-07-01 21:00:00,UE01173,32.89697321457521,-97.00330923869654,XYZ401,B,-118,6,237,49,Good,4,41,cell_edge
2026-07-01 08:00:00,UE01184,32.96623247844479,-96.95458470424222,XYZ403,A,-118,-2,114,66,Excellent,3,13,cell_edge
2026-07-01 14:00:00,UE01190,32.96496049008845,-97.01410564437047,XYZ403,A,-121,2,188,73,Coverage_Hole,3,28,cell_edge
2026-07-01 16:00:00,UE01192,32.97254707027319,-97.00326083406516,XYZ402,C,-116,-4,104,67,Fair,5,5,cell_edge
2026-07-01 18:00:00,UE01194,32.9724478343609,-96.99884042387448,XYZ401,A,-117,-1,139,60,Excellent,1,15,cell_edge
2026-07-01 19:00:00,UE01195,32.95766362929021,-96.95707474889778,XYZ402,B,-99,3,264,28,Fair,2,30,cell_edge
2026-07-01 21:00:00,UE01197,32.8954387044431,-96.96958950018691,XYZ401,A,-109,-1,156,35,Fair,4,15,cell_edge
2026-07-01 22:00:00,UE01198,32.93714124548166,-96.93759833292678,XYZ402,A,-116,0,169,55,Poor,5,20,cell_edge
2026-07-01 00:00:00,UE01200,32.934106428130576,-97.03102044657072,XYZ401,A,-112,-4,78,95,Excellent,1,5,cell_edge
2026-07-01 05:00:00,UE01205,32.92683224358584,-97.03134859439092,XYZ403,B,-114,-1,136,61,Good,6,15,cell_edge
2026-07-01 06:00:00,UE01206,32.89676089782582,-96.99374800714811,XYZ401,B,-109,4,307,21,Fair,1,37,cell_edge
2026-07-01 08:00:00,UE01208,32.902631671112296,-96.97141112411096,XYZ403,A,-108,0,149,63,Excellent,3,21,cell_edge
2026-07-01 13:00:00,UE01213,32.92623674557799,-97.02180923172077,XYZ402,A,-102,1,177,125,Fair,2,23,cell_edge
2026-07-01 14:00:00,UE01214,32.91309629569027,-97.02804418320164,XYZ403,A,-114,0,178,69,Excellent,3,21,cell_edge
2026-07-01 16:00:00,UE01216,32.96130396805842,-97.02597317927888,XYZ402,B,-123,-3,116,36,Poor,5,11,cell_edge
2026-07-01 17:00:00,UE01217,32.934116128512684,-97.02988037844244,XYZ403,C,-107,4,218,27,Excellent,6,37,cell_edge
2026-07-01 18:00:00,UE01218,32.897441226207114,-96.97677566410204,XYZ401,A,-109,-2,118,21,Poor,1,12,cell_edge
2026-07-01 21:00:00,UE01221,32.90792207951505,-97.01201353497002,XYZ401,B,-106,5,247,126,Fair,4,40,cell_edge
2026-07-01 22:00:00,UE01222,32.89955564264572,-97.01360680013045,XYZ402,C,-119,0,200,53,Good,5,21,cell_edge
2026-07-01 23:00:00,UE01223,32.96787054195624,-96.98584930119353,XYZ403,B,-108,4,265,64,Fair,6,37,cell_edge
2026-07-01 02:00:00,UE01226,32.93742960253188,-96.93970993903582,XYZ403,A,-116,2,268,79,Excellent,3,29,cell_edge
2026-07-01 03:00:00,UE01227,32.9499710361771,-97.02454891648424,XYZ401,B,-113,1,147,76,Fair,4,23,cell_edge
2026-07-01 05:00:00,UE01229,32.93039473259665,-96.93965677459884,XYZ403,C,-118,2,234,129,Good,6,28,cell_edge
2026-07-01 08:00:00,UE01232,32.96908775064514,-97.00661966129032,XYZ403,B,-112,-7,40,59,Poor,3,5,cell_edge
2026-07-01 09:00:00,UE01233,32.91926719684369,-97.02442800952971,XYZ401,C,-115,1,174,22,Excellent,4,22,cell_edge
2026-07-01 10:00:00,UE01234,32.91479996839997,-97.02600085225528,XYZ402,A,-116,-1,113,62,Fair,5,16,cell_edge
2026-07-01 11:00:00,UE01235,32.93386102296446,-97.02716522243534,XYZ403,C,-113,1,147,87,Coverage_Hole,6,22,cell_edge
2026-07-01 15:00:00,UE01239,32.92676949395769,-97.02675867437748,XYZ401,A,-109,2,187,53,Poor,4,28,cell_edge
2026-07-01 17:00:00,UE01241,32.92917986745299,-97.02434899594611,XYZ403,B,-110,4,235,97,Poor,6,37,cell_edge
2026-07-01 20:00:00,UE01244,32.94566683950256,-96.94216080712263,XYZ403,B,-116,4,316,125,Good,3,36,cell_edge
2026-07-01 23:00:00,UE01247,32.93815988551508,-96.93543320476088,XYZ403,C,-117,-2,116,59,Good,6,12,cell_edge
2026-07-01 05:00:00,UE01253,32.93535738780078,-97.03408050304245,XYZ403,C,-112,-4,79,121,Excellent,6,5,cell_edge
2026-07-01 06:00:00,UE01254,32.919382716603835,-97.02104334609396,XYZ401,A,-110,-2,120,91,Excellent,1,13,cell_edge
2026-07-01 07:00:00,UE01255,32.91615692800839,-97.02050251723706,XYZ402,A,-114,3,202,48,Good,2,31,cell_edge
2026-07-01 09:00:00,UE01257,32.93666137920099,-97.02610199430774,XYZ401,A,-107,4,323,46,Good,4,37,cell_edge
2026-07-01 11:00:00,UE01259,32.953266962077635,-96.94185581477716,XYZ403,C,-116,-1,111,124,Coverage_Hole,6,14,cell_edge
2026-07-01 17:00:00,UE01265,32.92247437741863,-97.02860003724972,XYZ403,C,-110,-1,138,57,Coverage_Hole,6,14,cell_edge
2026-07-01 20:00:00,UE01268,32.921334394949014,-96.94559843587318,XYZ403,A,-110,3,230,110,Excellent,3,31,cell_edge
2026-07-01 21:00:00,UE01269,32.96941367597038,-96.97010283551622,XYZ401,A,-106,2,249,56,Excellent,4,28,cell_edge
2026-07-01 22:00:00,UE01270,32.90289856408585,-96.99640967743088,XYZ402,A,-107,1,146,101,Excellent,5,24,cell_edge
2026-07-01 00:00:00,UE01272,32.90046485329061,-97.00005677153472,XYZ401,A,-105,0,187,118,Excellent,1,21,cell_edge
2026-07-01 01:00:00,UE01273,32.9185203926552,-96.94159341138486,XYZ402,B,-121,3,245,21,Excellent,2,31,cell_edge
2026-07-01 02:00:00,UE01274,32.9008212301982,-96.9688210706392,XYZ403,B,-116,1,212,20,Fair,3,22,cell_edge
2026-07-01 03:00:00,UE01275,32.943580148748616,-97.0250057670426,XYZ401,A,-111,0,156,83,Excellent,4,20,cell_edge
2026-07-01 04:00:00,UE01276,32.94712459526368,-97.03440007779083,XYZ402,A,-120,-1,147,46,Fair,5,14,cell_edge
2026-07-01 05:00:00,UE01277,32.92120926575801,-96.94600276082744,XYZ403,B,-114,6,233,72,Excellent,6,43,cell_edge
2026-07-01 06:00:00,UE01278,32.96465763758881,-97.0062153086026,XYZ401,A,-109,-2,147,114,Coverage_Hole,1,13,cell_edge
2026-07-01 09:00:00,UE01281,32.9003565705896,-96.95779898928444,XYZ401,B,-118,-2,152,60,Excellent,4,12,cell_edge
2026-07-01 10:00:00,UE01282,32.90315623328299,-96.955245279218,XYZ402,A,-119,-5,79,25,Good,5,5,cell_edge
2026-07-01 11:00:00,UE01283,32.9729854911855,-96.96279273740416,XYZ403,C,-114,4,310,82,Fair,6,36,cell_edge
2026-07-01 12:00:00,UE01284,32.956836845934376,-96.95506866209668,XYZ401,A,-109,6,229,114,Poor,1,42,cell_edge
2026-07-01 14:00:00,UE01286,32.941593063224225,-97.0280899886757,XYZ403,C,-119,4,282,20,Poor,3,36,cell_edge
2026-07-01 15:00:00,UE01287,32.93065815130105,-96.9426995434879,XYZ401,A,-115,7,288,106,Fair,4,47,cell_edge
2026-07-01 16:00:00,UE01288,32.92857751100475,-97.03481257617184,XYZ402,A,-118,-2,155,29,Poor,5,13,cell_edge
2026-07-01 17:00:00,UE01289,32.90027763653699,-96.95840700997266,XYZ403,A,-117,-1,150,112,Fair,6,16,cell_edge
2026-07-01 22:00:00,UE01294,32.93296516515825,-96.94439157553688,XYZ402,C,-115,3,191,74,Poor,5,31,cell_edge
2026-07-01 23:00:00,UE01295,32.96522143762827,-96.99902440432932,XYZ403,C,-106,1,204,85,Excellent,6,22,cell_edge
2026-07-01 01:00:00,UE01297,32.96807833336753,-96.965262870283,XYZ402,B,-117,0,151,15,Fair,2,20,cell_edge
2026-07-01 06:00:00,UE01302,32.90028187415064,-96.96348191722782,XYZ401,A,-114,2,224,80,Coverage_Hole,1,28,cell_edge
2026-07-01 10:00:00,UE01306,32.9048428471745,-96.96637288651594,XYZ402,B,-115,5,258,82,Poor,5,40,cell_edge
2026-07-01 11:00:00,UE01307,32.909727715725765,-96.95282979483989,XYZ403,B,-108,6,241,38,Coverage_Hole,6,42,cell_edge
2026-07-01 12:00:00,UE01308,32.972739350700586,-96.96885416037148,XYZ401,B,-113,-4,74,112,Fair,1,5,cell_edge
2026-07-01 14:00:00,UE01310,32.89618399556612,-96.98681421159608,XYZ403,A,-107,-3,125,66,Good,3,9,cell_edge
2026-07-01 18:00:00,UE01314,32.959590993182964,-97.01329873738192,XYZ401,A,-108,4,320,117,Poor,1,37,cell_edge
2026-07-01 22:00:00,UE01318,32.9629572094864,-96.963022216941,XYZ402,C,-111,0,145,28,Excellent,5,20,cell_edge
2026-07-01 02:00:00,UE01322,32.95814620167492,-97.02234345241013,XYZ403,B,-119,3,232,67,Fair,3,31,cell_edge
2026-07-01 04:00:00,UE01324,32.939102155949115,-97.0337555734608,XYZ402,B,-113,-5,104,96,Fair,5,5,cell_edge
2026-07-01 06:00:00,UE01326,32.97123480557632,-96.9753587532205,XYZ401,B,-113,-6,38,119,Good,1,5,cell_edge
2026-07-01 08:00:00,UE01328,32.899859733703074,-96.99429499931324,XYZ403,B,-107,-1,123,102,Fair,3,15,cell_edge
2026-07-01 14:00:00,UE01334,32.950224261302445,-96.94597400724932,XYZ403,B,-112,0,190,106,Coverage_Hole,3,21,cell_edge
2026-07-01 15:00:00,UE01335,32.92710576803854,-97.0343382235836,XYZ401,A,-113,-1,151,75,Good,4,16,cell_edge
2026-07-01 17:00:00,UE01337,32.90406769967447,-97.0194689692311,XYZ403,A,-113,1,145,17,Poor,6,23,cell_edge
2026-07-01 02:00:00,UE01346,32.92970751931612,-97.02367561228998,XYZ403,A,-115,0,181,18,Excellent,3,21,cell_edge
2026-07-01 03:00:00,UE01347,32.96505310873759,-96.9654456874313,XYZ401,A,-113,6,309,52,Coverage_Hole,4,42,cell_edge
2026-07-01 05:00:00,UE01349,32.97171199822574,-96.99836702016988,XYZ403,B,-112,-2,120,97,Excellent,6,13,cell_edge
2026-07-01 06:00:00,UE01350,32.95307033203377,-96.93905650351446,XYZ401,A,-123,3,230,22,Poor,1,31,cell_edge
2026-07-01 09:00:00,UE01353,32.93728339191095,-96.94465569517652,XYZ401,B,-115,1,163,91,Poor,4,23,cell_edge
2026-07-01 10:00:00,UE01354,32.92559090495397,-96.94679789514666,XYZ402,C,-105,1,195,80,Excellent,5,23,cell_edge
2026-07-01 11:00:00,UE01355,32.9551137352498,-96.95362331186612,XYZ403,B,-111,4,283,118,Excellent,6,37,cell_edge
2026-07-01 12:00:00,UE01356,32.93027308023603,-96.9396214587828,XYZ401,B,-110,4,313,77,Excellent,1,37,cell_edge
2026-07-01 14:00:00,UE01358,32.90461332543595,-96.97349413288173,XYZ403,A,-114,-3,152,19,Excellent,3,9,cell_edge
2026-07-01 15:00:00,UE01359,32.950084183566986,-96.93891647289264,XYZ401,B,-121,0,167,32,Coverage_Hole,4,21,cell_edge
2026-07-01 16:00:00,UE01360,32.937137305618585,-96.93435610522118,XYZ402,C,-113,0,180,34,Fair,5,21,cell_edge
2026-07-01 18:00:00,UE01362,32.92576103491292,-96.9442061499415,XYZ401,C,-114,1,161,55,Coverage_Hole,1,23,cell_edge
2026-07-01 20:00:00,UE01364,32.967980548648484,-96.97689385172072,XYZ403,A,-109,0,187,32,Good,3,21,cell_edge
2026-07-01 21:00:00,UE01365,32.92004393161677,-97.0273484337879,XYZ401,B,-122,-4,72,86,Excellent,4,5,cell_edge
2026-07-01 23:00:00,UE01367,32.946956269278736,-96.93582858194507,XYZ403,C,-118,-4,90,80,Coverage_Hole,6,5,cell_edge
2026-07-01 00:00:00,UE01368,32.90705102177634,-97.01508419608854,XYZ401,B,-112,3,269,47,Poor,1,31,cell_edge
2026-07-01 06:00:00,UE01374,32.89674876479062,-96.99721992218863,XYZ401,C,-106,0,211,74,Excellent,1,20,cell_edge
2026-07-01 07:00:00,UE01375,32.96950662124675,-97.0054233186288,XYZ402,B,-113,0,177,88,Good,2,21,cell_edge
2026-07-01 11:00:00,UE01379,32.93831865248448,-96.93815552031198,XYZ403,B,-112,-4,80,53,Poor,6,5,cell_edge
2026-07-01 16:00:00,UE01384,32.89300531470643,-96.97681832958382,XYZ402,A,-120,-6,53,104,Poor,5,5,cell_edge
2026-07-01 17:00:00,UE01385,32.96779824543772,-96.98551498264467,XYZ403,B,-107,4,232,21,Coverage_Hole,6,37,cell_edge
2026-07-01 18:00:00,UE01386,32.967911558970265,-96.9564394784569,XYZ401,C,-113,-3,136,19,Good,1,9,cell_edge
2026-07-01 19:00:00,UE01387,32.920554938834975,-96.93917330871729,XYZ402,A,-114,-2,158,89,Coverage_Hole,2,12,cell_edge
2026-07-01 20:00:00,UE01388,32.94929112381892,-96.94888446519012,XYZ403,B,-100,1,192,111,Fair,3,23,cell_edge
2026-07-01 23:00:00,UE01391,32.952412189608765,-97.02357386291048,XYZ403,B,-115,0,195,51,Excellent,6,20,cell_edge
2026-07-01 01:00:00,UE01393,32.96483307312737,-96.9485195066898,XYZ402,B,-118,-3,157,16,Good,2,10,cell_edge
2026-07-01 02:00:00,UE01394,32.90410465437253,-97.0052009341572,XYZ403,B,-110,1,202,19,Coverage_Hole,3,23,cell_edge
2026-07-01 05:00:00,UE01397,32.9753023377056,-96.98230971881804,XYZ403,A,-115,0,162,102,Poor,6,20,cell_edge
2026-07-01 13:00:00,UE01405,32.965984342299514,-97.0202530066276,XYZ402,A,-122,1,185,27,Poor,2,23,cell_edge
2026-07-01 14:00:00,UE01406,32.948084882133834,-97.02223820829242,XYZ403,C,-105,8,292,101,Excellent,3,49,cell_edge
2026-07-01 17:00:00,UE01409,32.970856403168035,-96.9762485639354,XYZ403,C,-108,0,183,39,Coverage_Hole,6,21,cell_edge
2026-07-01 18:00:00,UE01410,32.964588851057044,-97.00102088069649,XYZ401,B,-107,3,192,89,Coverage_Hole,1,31,cell_edge
2026-07-01 20:00:00,UE01412,32.95611423238744,-97.02315058288904,XYZ403,B,-112,5,291,117,Good,3,39,cell_edge
2026-07-01 02:00:00,UE01418,32.89932228579661,-96.9950816501091,XYZ403,C,-111,-5,78,76,Good,3,5,cell_edge
2026-07-01 04:00:00,UE01420,32.94766972746758,-97.02279060498726,XYZ402,C,-103,3,201,55,Fair,5,31,cell_edge
2026-07-01 07:00:00,UE01423,32.91239760513125,-97.01817438180998,XYZ402,B,-105,-3,111,100,Fair,2,11,cell_edge
2026-07-01 09:00:00,UE01425,32.97169319067929,-96.99250013182856,XYZ401,C,-103,0,153,116,Excellent,4,21,cell_edge
2026-07-01 15:00:00,UE01431,32.957953372390314,-96.95762210863246,XYZ401,C,-109,2,249,87,Good,4,28,cell_edge
2026-07-01 16:00:00,UE01432,32.97029138580215,-96.99809956778368,XYZ402,C,-113,0,205,93,Poor,5,21,cell_edge
2026-07-01 21:00:00,UE01437,32.901674023107475,-96.97714773658872,XYZ401,C,-106,4,308,122,Good,4,36,cell_edge
2026-07-01 23:00:00,UE01439,32.967909339885416,-96.97523310899372,XYZ403,C,-107,1,155,122,Poor,6,23,cell_edge
2026-07-01 02:00:00,UE01442,32.91243827292822,-96.94605452678849,XYZ403,A,-115,6,318,15,Poor,3,41,cell_edge
2026-07-01 03:00:00,UE01443,32.970646560901905,-96.99530730695564,XYZ401,C,-114,1,193,43,Coverage_Hole,4,23,cell_edge
2026-07-01 04:00:00,UE01444,32.93516771846946,-97.03544715981798,XYZ402,A,-111,-7,50,108,Poor,5,5,cell_edge
2026-07-01 06:00:00,UE01446,32.91484156315827,-96.94083886077512,XYZ401,B,-113,-1,160,23,Good,1,15,cell_edge
2026-07-01 08:00:00,UE01448,32.93493059003224,-97.03385010224407,XYZ403,A,-124,4,249,59,Poor,3,37,cell_edge
2026-07-01 09:00:00,UE01449,32.900261117752464,-96.98960465247524,XYZ401,C,-108,0,196,31,Coverage_Hole,4,21,cell_edge
2026-07-01 10:00:00,UE01450,32.937902396758254,-96.9428902794397,XYZ402,A,-105,1,201,86,Excellent,5,23,cell_edge
2026-07-01 11:00:00,UE01451,32.896251764640105,-96.97336863764022,XYZ403,C,-110,0,191,28,Excellent,6,20,cell_edge
2026-07-01 13:00:00,UE01453,32.900175096710896,-96.9754731902346,XYZ402,B,-106,0,207,60,Excellent,2,21,cell_edge
2026-07-01 14:00:00,UE01454,32.93188317928847,-96.94673402644088,XYZ403,C,-106,4,298,27,Coverage_Hole,3,36,cell_edge
2026-07-01 15:00:00,UE01455,32.906394658787434,-97.007948048753,XYZ401,A,-99,2,244,69,Fair,4,28,cell_edge
2026-07-01 20:00:00,UE01460,32.93446199654702,-97.0299792238594,XYZ403,B,-104,1,146,75,Excellent,3,23,cell_edge
2026-07-01 21:00:00,UE01461,32.945853147527785,-96.93933054652432,XYZ401,A,-110,1,175,27,Fair,4,24,cell_edge
2026-07-01 22:00:00,UE01462,32.90064948262859,-96.95599596814316,XYZ402,B,-121,-2,141,33,Excellent,5,12,cell_edge
2026-07-01 23:00:00,UE01463,32.962631336267215,-96.95412203028717,XYZ403,C,-114,4,295,61,Fair,6,36,cell_edge
2026-07-01 00:00:00,UE01464,32.97585332571462,-96.9680702491059,XYZ401,B,-114,-5,73,85,Fair,1,5,cell_edge
2026-07-01 01:00:00,UE01465,32.91118576992288,-96.9507461237478,XYZ402,A,-114,3,184,75,Excellent,2,31,cell_edge
2026-07-01 03:00:00,UE01467,32.97400339336201,-96.98222101191531,XYZ401,A,-114,-1,153,76,Coverage_Hole,4,15,cell_edge
2026-07-01 07:00:00,UE01471,32.8961834745196,-96.97724701342526,XYZ402,B,-112,0,154,30,Excellent,2,20,cell_edge
2026-07-01 08:00:00,UE01472,32.9622134357205,-96.96499115776776,XYZ403,C,-111,3,197,24,Good,3,32,cell_edge
2026-07-01 09:00:00,UE01473,32.930795736085685,-97.02596223286344,XYZ401,B,-114,0,179,57,Coverage_Hole,4,21,cell_edge
2026-07-01 11:00:00,UE01475,32.91679272251566,-96.94687236300312,XYZ403,B,-116,3,181,59,Excellent,6,31,cell_edge
2026-07-01 12:00:00,UE01476,32.94160496014817,-97.03287242711798,XYZ401,B,-115,-1,160,29,Coverage_Hole,1,15,cell_edge
2026-07-01 13:00:00,UE01477,32.93455143430008,-96.94132114260336,XYZ402,B,-111,2,216,109,Fair,2,29,cell_edge
2026-07-01 14:00:00,UE01478,32.90858400860554,-96.96312520970277,XYZ403,B,-105,1,166,32,Coverage_Hole,3,23,cell_edge
2026-07-01 16:00:00,UE01480,32.90267166144969,-96.96758023967428,XYZ402,A,-108,3,224,40,Poor,5,31,cell_edge
2026-07-01 17:00:00,UE01481,32.93584964424016,-96.9384182577497,XYZ403,C,-106,-3,147,105,Fair,6,11,cell_edge
2026-07-01 00:00:00,UE01488,32.9215833689403,-97.0289948598664,XYZ401,C,-112,0,205,59,Poor,1,20,cell_edge
2026-07-01 01:00:00,UE01489,32.919840517413355,-96.94056687938894,XYZ402,C,-117,-1,117,28,Good,2,14,cell_edge
2026-07-01 02:00:00,UE01490,32.90141801043961,-96.98002489615176,XYZ403,C,-111,1,209,18,Poor,3,23,cell_edge
2026-07-01 03:00:00,UE01491,32.968342142297786,-96.99950522914747,XYZ401,A,-104,0,178,56,Poor,4,20,cell_edge
2026-07-01 09:00:00,UE01497,32.89675679216778,-96.96224390089604,XYZ401,C,-119,-4,99,45,Coverage_Hole,4,5,cell_edge
2026-07-01 10:00:00,UE01498,32.952890789320904,-97.01746930022738,XYZ402,C,-106,6,264,22,Poor,5,41,cell_edge
2026-07-01 15:00:00,UE01503,32.926740527296815,-97.02666528778572,XYZ401,C,-110,2,241,113,Poor,4,29,cell_edge
2026-07-01 19:00:00,UE01507,32.94212699787428,-96.93984703544815,XYZ402,A,-114,0,212,107,Excellent,2,20,cell_edge
2026-07-01 23:00:00,UE01511,32.906945195171204,-96.94634833772726,XYZ403,A,-117,-6,37,47,Excellent,6,5,cell_edge
2026-07-01 00:00:00,UE01512,32.93247903912145,-96.93356179426506,XYZ401,A,-116,2,194,28,Good,1,29,cell_edge
2026-07-01 01:00:00,UE01513,32.96771136590356,-96.97869600065414,XYZ402,C,-110,4,307,43,Coverage_Hole,2,37,cell_edge
2026-07-01 03:00:00,UE01515,32.9021914724696,-96.98131895982496,XYZ401,B,-106,5,300,70,Good,4,38,cell_edge
2026-07-01 04:00:00,UE01516,32.97765782984035,-96.97533521783626,XYZ402,A,-113,-4,98,37,Coverage_Hole,5,5,cell_edge
2026-07-01 05:00:00,UE01517,32.964918845479005,-96.95225342440484,XYZ403,C,-121,-3,150,74,Fair,6,11,cell_edge
2026-07-01 06:00:00,UE01518,32.89933204553124,-96.99465122639864,XYZ401,C,-109,5,295,69,Poor,1,39,cell_edge
2026-07-01 07:00:00,UE01519,32.92263638766036,-97.03348659995636,XYZ402,B,-121,-5,104,22,Excellent,2,5,cell_edge
2026-07-01 09:00:00,UE01521,32.93185174407997,-96.9371214181802,XYZ401,B,-115,0,153,33,Good,4,20,cell_edge
2026-07-01 12:00:00,UE01524,32.96765567802657,-96.99059188290364,XYZ401,A,-111,6,282,99,Coverage_Hole,1,41,cell_edge
2026-07-01 14:00:00,UE01526,32.9699657473709,-96.98609080027988,XYZ403,C,-113,0,156,96,Poor,3,20,cell_edge
2026-07-01 16:00:00,UE01528,32.975286381730136,-96.99451775240476,XYZ402,A,-114,3,269,30,Excellent,5,31,cell_edge
2026-07-01 18:00:00,UE01530,32.943633235015135,-96.94029662356311,XYZ401,B,-110,-1,135,17,Coverage_Hole,1,16,cell_edge
2026-07-01 20:00:00,UE01532,32.915326993534755,-96.947146362031,XYZ403,C,-115,0,157,18,Coverage_Hole,3,21,cell_edge
2026-07-01 22:00:00,UE01534,32.89753045677865,-96.9895098275742,XYZ402,A,-111,0,209,90,Coverage_Hole,5,20,cell_edge
2026-07-01 00:00:00,UE01536,32.90468974902028,-96.95206410594862,XYZ401,B,-112,3,187,102,Good,1,32,cell_edge
2026-07-01 01:00:00,UE01537,32.89864100336816,-96.9610253275393,XYZ402,C,-118,-3,151,42,Poor,2,10,cell_edge
2026-07-01 04:00:00,UE01540,32.90210303313195,-97.01865203503056,XYZ402,A,-123,-5,97,43,Excellent,5,5,cell_edge
2026-07-01 05:00:00,UE01541,32.93699886564386,-96.94547475701134,XYZ403,A,-112,0,153,84,Poor,6,20,cell_edge
2026-07-01 08:00:00,UE01544,32.90064702316871,-96.99571719636786,XYZ403,B,-115,0,203,42,Coverage_Hole,3,20,cell_edge
2026-07-01 10:00:00,UE01546,32.93055218003472,-97.0311518095998,XYZ402,A,-115,-2,123,67,Coverage_Hole,5,12,cell_edge
2026-07-01 15:00:00,UE01551,32.89582412809886,-96.9700827540303,XYZ401,A,-118,0,181,113,Fair,4,21,cell_edge
2026-07-01 18:00:00,UE01554,32.90770698218012,-96.95753174948852,XYZ401,A,-108,1,182,92,Fair,1,24,cell_edge
2026-07-01 21:00:00,UE01557,32.96907932104893,-97.00319101321,XYZ401,C,-109,3,229,117,Fair,4,31,cell_edge
2026-07-01 23:00:00,UE01559,32.95456429448964,-97.01688442500426,XYZ403,C,-110,3,247,79,Excellent,6,32,cell_edge
2026-07-01 00:00:00,UE01560,32.972970539912794,-96.99588986399594,XYZ401,A,-120,-3,117,33,Coverage_Hole,1,11,cell_edge
2026-07-01 02:00:00,UE01562,32.93769758244427,-96.94032480423952,XYZ403,B,-109,2,244,129,Poor,3,29,cell_edge
2026-07-01 06:00:00,UE01566,32.89736012023916,-96.96219056832447,XYZ401,A,-111,-5,78,95,Fair,1,5,cell_edge
2026-07-01 08:00:00,UE01568,32.93657616126249,-97.02631346379644,XYZ403,C,-107,-1,111,61,Fair,3,15,cell_edge
2026-07-01 09:00:00,UE01569,32.91794801072788,-97.03133967959936,XYZ401,B,-120,-3,109,16,Good,4,10,cell_edge
2026-07-01 10:00:00,UE01570,32.94270154042113,-96.94245331206518,XYZ402,B,-111,8,287,47,Excellent,5,50,cell_edge
2026-07-01 19:00:00,UE01579,32.96282853354874,-97.02413005511936,XYZ402,A,-111,-5,104,74,Excellent,2,5,cell_edge
2026-07-01 21:00:00,UE01581,32.92039138363585,-96.94046713448786,XYZ401,C,-119,0,196,108,Fair,4,20,cell_edge
2026-07-01 22:00:00,UE01582,32.9399801463205,-97.03277956384774,XYZ402,A,-114,1,208,127,Fair,5,23,cell_edge
2026-07-01 03:00:00,UE01587,32.96442180154645,-97.00437955427792,XYZ401,B,-105,3,209,37,Coverage_Hole,4,31,cell_edge
2026-07-01 04:00:00,UE01588,32.945008273734004,-97.03555406697278,XYZ402,A,-121,-5,102,83,Excellent,5,5,cell_edge
2026-07-01 06:00:00,UE01590,32.95454158065042,-97.01532393524388,XYZ401,C,-103,0,187,31,Poor,1,21,cell_edge
2026-07-01 07:00:00,UE01591,32.90818527374677,-96.94616904570644,XYZ402,A,-119,-1,140,27,Excellent,2,14,cell_edge
2026-07-01 08:00:00,UE01592,32.94171490006589,-96.94556352782004,XYZ403,C,-104,4,302,58,Good,3,37,cell_edge
2026-07-01 09:00:00,UE01593,32.971890925258144,-97.00821536361804,XYZ401,C,-114,-4,93,129,Excellent,4,5,cell_edge
2026-07-01 10:00:00,UE01594,32.9655522309267,-97.00232116439612,XYZ402,C,-109,6,261,115,Poor,5,41,cell_edge
2026-07-01 15:00:00,UE01599,32.95599396518845,-97.0180140680171,XYZ401,A,-105,1,191,78,Good,4,24,cell_edge
2026-07-01 16:00:00,UE01600,32.900869458888046,-96.98662962685258,XYZ402,B,-113,0,201,124,Excellent,5,20,cell_edge
2026-07-01 17:00:00,UE01601,32.97457229256956,-96.99457076457736,XYZ403,B,-109,2,236,120,Coverage_Hole,6,28,cell_edge
2026-07-01 18:00:00,UE01602,32.96667826466509,-96.95044925945844,XYZ401,A,-115,-3,115,42,Excellent,1,10,cell_edge
2026-07-01 19:00:00,UE01603,32.90891214117892,-97.00977069727166,XYZ402,B,-110,0,150,42,Poor,2,20,cell_edge
2026-07-01 20:00:00,UE01604,32.9710047066673,-96.9654172013112,XYZ403,B,-111,1,191,87,Fair,3,24,cell_edge
2026-07-01 21:00:00,UE01605,32.97260534759379,-96.96052300803358,XYZ401,B,-111,-6,40,27,Poor,4,5,cell_edge
2026-07-01 22:00:00,UE01606,32.970773737069194,-96.99191797610683,XYZ402,C,-115,2,227,45,Poor,5,28,cell_edge
2026-07-01 02:00:00,UE01610,32.96643184792023,-96.999368590191,XYZ403,A,-103,4,269,49,Fair,3,36,cell_edge
2026-07-01 03:00:00,UE01611,32.91200158835833,-96.94492901329868,XYZ401,B,-111,-2,136,120,Excellent,4,12,cell_edge
2026-07-01 06:00:00,UE01614,32.97477127731419,-97.00268892774002,XYZ401,A,-114,0,187,120,Coverage_Hole,1,20,cell_edge
2026-07-01 10:00:00,UE01618,32.90267668383887,-96.97806223646042,XYZ402,A,-107,3,232,64,Poor,5,31,cell_edge
2026-07-01 11:00:00,UE01619,32.972272841703955,-96.98883136729464,XYZ403,C,-109,1,184,69,Good,6,24,cell_edge
2026-07-01 13:00:00,UE01621,32.91897047185649,-96.93838159733156,XYZ402,B,-117,-8,36,129,Poor,2,5,cell_edge
2026-07-01 16:00:00,UE01624,32.974004253831104,-96.97926275266538,XYZ402,C,-110,0,169,66,Poor,5,21,cell_edge
2026-07-01 18:00:00,UE01626,32.90611108939416,-96.94677074321692,XYZ401,B,-110,-4,104,115,Good,1,5,cell_edge
2026-07-01 22:00:00,UE01630,32.92393542225236,-96.94665227246398,XYZ402,C,-109,5,291,44,Good,5,38,cell_edge
2026-07-01 01:00:00,UE01633,32.967538587339554,-97.01458871122756,XYZ402,B,-115,1,184,33,Fair,2,23,cell_edge
2026-07-01 02:00:00,UE01634,32.93500124754828,-96.93498086586358,XYZ403,A,-112,-6,45,18,Poor,3,5,cell_edge
2026-07-01 04:00:00,UE01636,32.9441176826554,-97.03412671331128,XYZ402,A,-120,3,243,94,Coverage_Hole,5,32,cell_edge
2026-07-01 07:00:00,UE01639,32.96766880752444,-96.98689740698671,XYZ402,B,-107,7,326,127,Excellent,2,47,cell_edge
2026-07-01 09:00:00,UE01641,32.91332997157672,-96.9425727141742,XYZ401,C,-117,3,225,18,Poor,4,31,cell_edge
2026-07-01 10:00:00,UE01642,32.90093071912699,-97.00221746312096,XYZ402,A,-114,5,250,92,Poor,5,40,cell_edge
2026-07-01 11:00:00,UE01643,32.91939741981939,-97.0186958130363,XYZ403,B,-99,3,248,31,Poor,6,32,cell_edge
2026-07-01 13:00:00,UE01645,32.97057435779163,-96.96464507800984,XYZ402,B,-116,-3,144,63,Coverage_Hole,2,10,cell_edge
2026-07-01 17:00:00,UE01649,32.913360707559924,-97.0150345703462,XYZ403,B,-113,0,153,22,Excellent,6,20,cell_edge
2026-07-01 23:00:00,UE01655,32.96879065723931,-96.9631892146179,XYZ403,C,-112,-3,145,105,Poor,6,10,cell_edge
2026-07-01 00:00:00,UE01656,32.94092311136393,-96.9430277155799,XYZ401,C,-101,5,323,29,Coverage_Hole,1,39,cell_edge
2026-07-01 02:00:00,UE01658,32.92287152331172,-97.03174849568164,XYZ403,C,-114,4,243,59,Coverage_Hole,3,36,cell_edge
2026-07-01 04:00:00,UE01660,32.942646806165435,-96.94665045602446,XYZ402,B,-107,1,156,102,Fair,5,23,cell_edge
2026-07-01 05:00:00,UE01661,32.9707804258136,-96.98945000278754,XYZ403,A,-106,-1,144,55,Good,6,14,cell_edge
2026-07-01 09:00:00,UE01665,32.95939886883058,-96.95839285279494,XYZ401,A,-104,6,225,43,Good,4,41,cell_edge
2026-07-01 13:00:00,UE01669,32.913756442830376,-96.9478447829494,XYZ402,C,-114,-2,160,99,Coverage_Hole,2,13,cell_edge
2026-07-01 15:00:00,UE01671,32.924266849003544,-96.94768783795406,XYZ401,B,-104,4,306,27,Coverage_Hole,4,36,cell_edge
2026-07-01 18:00:00,UE01674,32.904069615389986,-96.99767800965604,XYZ401,B,-103,2,226,35,Excellent,1,29,cell_edge
2026-07-01 19:00:00,UE01675,32.97617601124119,-96.9782677270419,XYZ402,A,-121,1,206,73,Coverage_Hole,2,23,cell_edge
2026-07-01 20:00:00,UE01676,32.96665539731308,-96.99468408905616,XYZ403,A,-112,0,201,55,Excellent,3,20,cell_edge
2026-07-01 21:00:00,UE01677,32.95751226692383,-96.94951911075542,XYZ401,C,-114,-3,119,75,Poor,4,11,cell_edge
2026-07-01 22:00:00,UE01678,32.89447202235041,-96.98012722765856,XYZ402,B,-121,-4,91,30,Excellent,5,5,cell_edge
2026-07-01 04:00:00,UE01684,32.91151536236415,-96.95354164788458,XYZ402,A,-112,-1,134,99,Good,5,15,cell_edge
2026-07-01 05:00:00,UE01685,32.96397859410814,-96.96624813899676,XYZ403,B,-104,3,251,99,Coverage_Hole,6,32,cell_edge
2026-07-01 07:00:00,UE01687,32.93155611694282,-96.93965036868497,XYZ402,A,-108,-1,160,117,Excellent,2,14,cell_edge
2026-07-01 10:00:00,UE01690,32.95034713526972,-96.94287293581792,XYZ402,B,-111,3,260,17,Poor,5,32,cell_edge
2026-07-01 12:00:00,UE01692,32.97553005909754,-96.98256814326662,XYZ401,C,-119,1,144,86,Poor,1,24,cell_edge
2026-07-01 15:00:00,UE01695,32.90533504579642,-97.00568218954284,XYZ401,C,-106,1,158,18,Excellent,4,23,cell_edge
2026-07-01 16:00:00,UE01696,32.97052790244134,-96.96879741293544,XYZ402,C,-117,2,222,126,Excellent,5,29,cell_edge
2026-07-01 21:00:00,UE01701,32.903900724358536,-96.9755811862139,XYZ401,A,-102,0,151,76,Poor,4,21,cell_edge
2026-07-01 23:00:00,UE01703,32.93787199118682,-96.93549525459224,XYZ403,B,-114,-7,50,15,Poor,6,5,cell_edge
2026-07-01 01:00:00,UE01705,32.97590792421597,-97.00260693383684,XYZ402,C,-116,2,228,76,Excellent,2,28,cell_edge
2026-07-01 05:00:00,UE01709,32.96596863268495,-96.96785144789824,XYZ403,A,-108,8,279,107,Coverage_Hole,6,49,cell_edge
2026-07-01 07:00:00,UE01711,32.907919833014724,-97.01174869292652,XYZ402,A,-107,1,215,15,Poor,2,23,cell_edge
2026-07-01 09:00:00,UE01713,32.95605502098146,-96.95270220697064,XYZ401,A,-101,0,206,62,Poor,4,20,cell_edge
2026-07-01 10:00:00,UE01714,32.96001715288691,-96.95113445949136,XYZ402,A,-125,1,176,30,Coverage_Hole,5,24,cell_edge
2026-07-01 11:00:00,UE01715,32.9363851416529,-96.94599080428132,XYZ403,C,-116,0,180,51,Coverage_Hole,6,21,cell_edge
2026-07-01 15:00:00,UE01719,32.969337311935575,-96.99517376268344,XYZ401,A,-104,0,208,102,Good,4,21,cell_edge
2026-07-01 16:00:00,UE01720,32.96146136833188,-97.01226797244875,XYZ402,C,-112,0,153,28,Poor,5,20,cell_edge
2026-07-01 17:00:00,UE01721,32.89747655974372,-96.982989130232,XYZ403,C,-109,-4,103,46,Coverage_Hole,6,5,cell_edge
2026-07-01 18:00:00,UE01722,32.90794989490022,-96.95281936996729,XYZ401,A,-107,0,178,53,Coverage_Hole,1,20,cell_edge
2026-07-01 20:00:00,UE01724,32.973089425059946,-96.99434802914844,XYZ403,B,-113,-2,161,77,Excellent,3,12,cell_edge
2026-07-01 23:00:00,UE01727,32.89486570370985,-96.97182208897786,XYZ403,C,-117,-1,157,16,Coverage_Hole,6,15,cell_edge
2026-07-01 08:00:00,UE01736,32.91514637372203,-96.94122361836423,XYZ403,C,-115,-1,153,30,Good,3,15,cell_edge
2026-07-01 09:00:00,UE01737,32.89942443709188,-96.96705017822872,XYZ401,A,-119,-4,79,44,Good,4,5,cell_edge
2026-07-01 10:00:00,UE01738,32.96744293686014,-96.9686305009678,XYZ402,A,-116,0,181,66,Excellent,5,20,cell_edge
2026-07-01 13:00:00,UE01741,32.9184339648226,-96.95211818871208,XYZ402,C,-106,4,284,75,Excellent,2,37,cell_edge
2026-07-01 14:00:00,UE01742,32.96276425042645,-96.9636324891037,XYZ403,B,-111,3,220,27,Excellent,3,31,cell_edge
2026-07-01 15:00:00,UE01743,32.91621247841578,-97.01639989633917,XYZ401,B,-108,7,370,59,Excellent,4,48,cell_edge
2026-07-01 16:00:00,UE01744,32.91675323805403,-97.03212005302169,XYZ402,B,-112,-9,51,60,Good,5,5,cell_edge
2026-07-01 23:00:00,UE01751,32.96608409523024,-96.97567030245943,XYZ403,A,-107,6,308,111,Excellent,6,41,cell_edge
2026-07-01 00:00:00,UE01752,32.95528785066662,-97.02987734580748,XYZ401,C,-118,0,187,28,Good,1,21,cell_edge
2026-07-01 01:00:00,UE01753,32.9045442415187,-97.02125704244536,XYZ402,B,-123,-2,121,77,Good,2,13,cell_edge
2026-07-01 02:00:00,UE01754,32.89836880726551,-97.00786759223382,XYZ403,C,-108,-3,123,65,Coverage_Hole,3,9,cell_edge
2026-07-01 03:00:00,UE01755,32.92360521581154,-97.0220150673542,XYZ401,A,-104,4,287,109,Excellent,4,36,cell_edge
2026-07-01 04:00:00,UE01756,32.92106556834625,-96.9362518507458,XYZ402,B,-116,0,160,21,Fair,5,21,cell_edge
2026-07-01 05:00:00,UE01757,32.94041142870736,-96.94013201355152,XYZ403,A,-118,-4,75,110,Poor,6,5,cell_edge
2026-07-01 07:00:00,UE01759,32.94878681609958,-96.9458268397156,XYZ402,B,-114,6,219,85,Coverage_Hole,2,41,cell_edge
2026-07-01 08:00:00,UE01760,32.9344197156294,-97.0335093027646,XYZ403,C,-108,-3,160,101,Fair,3,9,cell_edge
2026-07-01 09:00:00,UE01761,32.94416321627594,-96.9361411022616,XYZ401,B,-120,-3,118,40,Poor,4,10,cell_edge
2026-07-01 10:00:00,UE01762,32.8982485635648,-96.97290021627424,XYZ402,A,-114,-1,148,19,Fair,5,15,cell_edge
2026-07-01 11:00:00,UE01763,32.909037907004155,-97.01126962683804,XYZ403,B,-112,6,314,85,Excellent,6,41,cell_edge
2026-07-01 12:00:00,UE01764,32.912891110941885,-97.0239487953857,XYZ401,A,-110,-2,114,52,Coverage_Hole,1,13,cell_edge
2026-07-01 13:00:00,UE01765,32.928842702045074,-96.94765212332626,XYZ402,A,-104,3,181,106,Coverage_Hole,2,31,cell_edge
2026-07-01 18:00:00,UE01770,32.95833628103746,-96.94548709254798,XYZ401,B,-120,1,211,77,Coverage_Hole,1,23,cell_edge
2026-07-01 22:00:00,UE01774,32.973169808601334,-96.98368753181508,XYZ402,A,-109,2,184,83,Fair,5,29,cell_edge
2026-07-01 23:00:00,UE01775,32.9338472259202,-96.9382312954428,XYZ403,B,-110,-1,118,123,Good,6,15,cell_edge
2026-07-01 00:00:00,UE01776,32.934482189932865,-97.0337110083085,XYZ401,A,-116,0,149,84,Good,1,20,cell_edge
2026-07-01 05:00:00,UE01781,32.918987321195495,-97.02348002357422,XYZ403,A,-118,1,213,41,Good,6,23,cell_edge
2026-07-01 06:00:00,UE01782,32.89372423189113,-96.98504774410743,XYZ401,C,-109,-2,125,20,Excellent,1,12,cell_edge
2026-07-01 07:00:00,UE01783,32.945955049585024,-96.94246527392993,XYZ402,A,-109,-2,121,35,Fair,2,12,cell_edge
2026-07-01 08:00:00,UE01784,32.89845000641935,-96.9715715581703,XYZ403,C,-112,3,264,67,Fair,3,31,cell_edge
2026-07-01 12:00:00,UE01788,32.91286113630966,-97.02237391332544,XYZ401,C,-115,-1,132,87,Fair,1,15,cell_edge
2026-07-01 13:00:00,UE01789,32.95024837474393,-97.0200707895118,XYZ402,A,-109,0,192,56,Coverage_Hole,2,20,cell_edge
2026-07-01 14:00:00,UE01790,32.972020523549084,-96.98700807743543,XYZ403,B,-107,4,309,57,Good,3,36,cell_edge
2026-07-01 17:00:00,UE01793,32.91098576274865,-96.94478383681302,XYZ403,C,-119,-4,76,113,Poor,6,5,cell_edge
2026-07-01 19:00:00,UE01795,32.96348156451131,-96.95371510155331,XYZ402,A,-120,-2,124,54,Coverage_Hole,2,12,cell_edge
2026-07-01 21:00:00,UE01797,32.907038232706306,-97.01795909681452,XYZ401,A,-115,-4,102,18,Poor,4,5,cell_edge
2026-07-01 22:00:00,UE01798,32.89864938858763,-96.96584808384404,XYZ402,A,-115,-3,111,95,Fair,5,9,cell_edge
2026-07-01 05:00:00,UE01805,32.91022237886971,-96.94642203879272,XYZ403,C,-112,0,210,45,Poor,6,20,cell_edge
2026-07-01 08:00:00,UE01808,32.91165499062483,-96.95113407526158,XYZ403,A,-113,0,205,36,Poor,3,20,cell_edge
2026-07-01 10:00:00,UE01810,32.94829898253145,-96.95020341423412,XYZ402,C,-109,6,244,80,Coverage_Hole,5,41,cell_edge
2026-07-01 15:00:00,UE01815,32.90659298487828,-97.01360226442678,XYZ401,B,-111,-1,158,31,Fair,4,15,cell_edge
2026-07-01 22:00:00,UE01822,32.898114891330366,-96.96049820347068,XYZ402,C,-118,0,204,125,Poor,5,20,cell_edge
2026-07-01 00:00:00,UE01824,32.8993575440983,-96.99845231120533,XYZ401,B,-111,-2,108,15,Fair,1,13,cell_edge
2026-07-01 02:00:00,UE01826,32.94372378396227,-97.02977153502496,XYZ403,B,-115,-3,125,43,Coverage_Hole,3,11,cell_edge
2026-07-01 10:00:00,UE01834,32.95006084204691,-97.02460036031574,XYZ402,C,-108,-1,121,22,Poor,5,14,cell_edge
2026-07-01 13:00:00,UE01837,32.97224141780124,-96.96981534602006,XYZ402,B,-104,5,303,19,Excellent,2,39,cell_edge
2026-07-01 14:00:00,UE01838,32.91690232986497,-96.94136108028572,XYZ403,A,-115,0,167,113,Coverage_Hole,3,21,cell_edge
2026-07-01 15:00:00,UE01839,32.91708303269091,-97.01658958292296,XYZ401,C,-105,4,247,101,Good,4,36,cell_edge
2026-07-01 16:00:00,UE01840,32.916012857759576,-97.02786492466458,XYZ402,B,-113,-1,131,114,Poor,5,14,cell_edge
2026-07-01 19:00:00,UE01843,32.976646527143096,-96.9812413031985,XYZ402,B,-121,-4,94,115,Fair,2,5,cell_edge
2026-07-01 21:00:00,UE01845,32.92800405264173,-97.0252903828878,XYZ401,B,-111,2,236,115,Fair,4,28,cell_edge
2026-07-01 01:00:00,UE01849,32.90254966078117,-96.96011012032966,XYZ402,A,-116,0,175,57,Coverage_Hole,2,20,cell_edge
2026-07-01 04:00:00,UE01852,32.94657332623024,-96.93825352235388,XYZ402,A,-117,0,164,109,Coverage_Hole,5,20,cell_edge
2026-07-01 07:00:00,UE01855,32.904930839649445,-96.9625472469802,XYZ402,B,-102,0,170,36,Poor,2,20,cell_edge
2026-07-01 08:00:00,UE01856,32.918661752353245,-96.946647188406,XYZ403,C,-111,6,267,120,Coverage_Hole,3,41,cell_edge
2026-07-01 10:00:00,UE01858,32.90683071495596,-96.9661074963765,XYZ402,B,-101,4,275,61,Coverage_Hole,5,37,cell_edge
2026-07-01 11:00:00,UE01859,32.93109390833877,-97.0309375985192,XYZ403,A,-118,0,158,81,Excellent,6,21,cell_edge
2026-07-01 14:00:00,UE01862,32.90139074530372,-96.98555528232866,XYZ403,C,-112,3,213,121,Coverage_Hole,3,31,cell_edge
2026-07-01 20:00:00,UE01868,32.91987394867945,-97.031800307313,XYZ403,C,-122,-2,160,127,Fair,3,13,cell_edge
2026-07-01 23:00:00,UE01871,32.89888020492816,-96.98014612662814,XYZ403,A,-114,-2,123,17,Excellent,6,13,cell_edge
2026-07-01 01:00:00,UE01873,32.89842638416784,-96.96810241987372,XYZ402,A,-121,0,181,29,Poor,2,20,cell_edge
2026-07-01 02:00:00,UE01874,32.900908740453914,-97.01680261471688,XYZ403,C,-112,-5,78,20,Coverage_Hole,3,5,cell_edge
2026-07-01 03:00:00,UE01875,32.89525183965334,-96.97747897348196,XYZ401,B,-112,1,152,74,Fair,4,22,cell_edge
2026-07-01 08:00:00,UE01880,32.968538259059656,-96.96887229641258,XYZ403,B,-107,3,245,121,Good,3,31,cell_edge
2026-07-01 09:00:00,UE01881,32.9051691590294,-96.95932987810616,XYZ401,B,-109,4,313,108,Poor,4,36,cell_edge
2026-07-01 10:00:00,UE01882,32.90074949789699,-97.01145916267905,XYZ402,C,-124,-5,72,27,Excellent,5,5,cell_edge
2026-07-01 11:00:00,UE01883,32.90784529236716,-97.0098182117522,XYZ403,A,-108,4,253,52,Poor,6,36,cell_edge
2026-07-01 15:00:00,UE01887,32.97043949244,-96.97364977806642,XYZ401,C,-117,2,233,41,Good,4,29,cell_edge
2026-07-01 16:00:00,UE01888,32.94606900538676,-97.02184840271708,XYZ402,A,-106,2,183,98,Fair,5,28,cell_edge
2026-07-01 18:00:00,UE01890,32.97436300934368,-96.99233389217886,XYZ401,C,-110,-3,127,120,Coverage_Hole,1,9,cell_edge
2026-07-01 23:00:00,UE01895,32.965352473598244,-96.9639471437924,XYZ403,B,-117,3,234,24,Fair,6,31,cell_edge
2026-07-01 00:00:00,UE01896,32.97000019005412,-96.97155095931372,XYZ401,C,-116,0,197,41,Poor,1,21,cell_edge
2026-07-01 01:00:00,UE01897,32.96637426656955,-96.96983140333178,XYZ402,C,-115,-2,138,72,Coverage_Hole,2,13,cell_edge
2026-07-01 02:00:00,UE01898,32.90308356440754,-96.97974962240056,XYZ403,B,-103,5,283,120,Poor,3,38,cell_edge
2026-07-01 03:00:00,UE01899,32.90302811390671,-96.9617558960232,XYZ401,B,-113,6,247,127,Coverage_Hole,4,42,cell_edge
2026-07-01 04:00:00,UE01900,32.90594234528851,-96.96894266142124,XYZ402,C,-108,0,208,60,Coverage_Hole,5,20,cell_edge
2026-07-01 05:00:00,UE01901,32.91225663498981,-97.02187804807176,XYZ403,C,-106,3,220,52,Good,6,32,cell_edge
2026-07-01 06:00:00,UE01902,32.9688319599491,-96.95754207870375,XYZ401,C,-113,0,171,33,Good,1,20,cell_edge
2026-07-01 07:00:00,UE01903,32.92625220414094,-97.03536363149428,XYZ402,B,-115,-7,51,87,Coverage_Hole,2,5,cell_edge
2026-07-01 10:00:00,UE01906,32.91611567140944,-97.02242276279478,XYZ402,C,-112,0,153,86,Fair,5,21,cell_edge
2026-07-01 12:00:00,UE01908,32.96813978668106,-96.97084130311164,XYZ401,A,-110,0,169,21,Poor,1,20,cell_edge
2026-07-01 19:00:00,UE01915,32.9087517568772,-96.94460944002324,XYZ402,C,-123,0,163,108,Good,2,20,cell_edge
2026-07-01 21:00:00,UE01917,32.91498526495612,-96.95451835258928,XYZ401,B,-108,0,188,57,Poor,4,20,cell_edge
2026-07-01 22:00:00,UE01918,32.931067186368885,-96.94258260101137,XYZ402,A,-109,0,156,22,Poor,5,21,cell_edge
2026-07-01 23:00:00,UE01919,32.96751703169827,-97.01743876327905,XYZ403,C,-123,-7,37,66,Coverage_Hole,6,5,cell_edge
2026-07-01 00:00:00,UE01920,32.947543517907185,-96.94767536979022,XYZ401,C,-107,2,185,19,Fair,1,29,cell_edge
2026-07-01 01:00:00,UE01921,32.96267573850253,-97.00912052678736,XYZ402,A,-111,4,270,113,Coverage_Hole,2,36,cell_edge
2026-07-01 05:00:00,UE01925,32.96475223279165,-96.95932281628,XYZ403,B,-115,1,156,40,Fair,6,23,cell_edge
2026-07-01 12:00:00,UE01932,32.96507617950593,-96.95409611806475,XYZ401,A,-102,4,286,21,Poor,1,36,cell_edge
2026-07-01 15:00:00,UE01935,32.93988978148193,-97.0284863633197,XYZ401,B,-117,0,192,32,Excellent,4,20,cell_edge
2026-07-01 16:00:00,UE01936,32.91447064289688,-97.01567871720069,XYZ402,B,-104,1,160,56,Coverage_Hole,5,23,cell_edge
2026-07-01 17:00:00,UE01937,32.97582828459659,-96.99025245447626,XYZ403,C,-112,0,211,53,Fair,6,20,cell_edge
2026-07-01 02:00:00,UE01946,32.907574425254445,-96.95198155947294,XYZ403,C,-117,1,165,91,Excellent,3,24,cell_edge
2026-07-01 03:00:00,UE01947,32.93705779361802,-96.94655496832952,XYZ401,B,-101,4,257,118,Good,4,37,cell_edge
2026-07-01 11:00:00,UE01955,32.901688687170626,-96.99198720661386,XYZ403,C,-115,0,182,98,Good,6,20,cell_edge
2026-07-01 12:00:00,UE01956,32.89667310201059,-96.99020237578809,XYZ401,B,-120,-1,118,119,Good,1,14,cell_edge
2026-07-01 14:00:00,UE01958,32.90022545655171,-97.00265834611592,XYZ403,C,-110,1,188,91,Coverage_Hole,3,23,cell_edge
2026-07-01 19:00:00,UE01963,32.97716742591034,-96.978672264675,XYZ402,A,-111,-5,105,66,Fair,2,5,cell_edge
2026-07-01 21:00:00,UE01965,32.90978290968009,-97.0185897743332,XYZ401,C,-112,2,195,82,Poor,4,29,cell_edge
2026-07-01 01:00:00,UE01969,32.97486735661752,-97.00210478298416,XYZ402,A,-113,-4,107,64,Fair,2,5,cell_edge
2026-07-01 04:00:00,UE01972,32.90190551935141,-96.99212010931883,XYZ402,C,-113,0,194,107,Good,5,20,cell_edge
2026-07-01 07:00:00,UE01975,32.902178965893306,-97.00101965992776,XYZ402,A,-106,1,197,81,Good,2,24,cell_edge
2026-07-01 08:00:00,UE01976,32.96702851988972,-97.00620688462924,XYZ403,A,-116,1,162,49,Poor,3,24,cell_edge
2026-07-01 10:00:00,UE01978,32.89659905979021,-96.96444210135164,XYZ402,C,-121,0,182,17,Coverage_Hole,5,20,cell_edge
2026-07-01 11:00:00,UE01979,32.96784255728168,-97.00134907226516,XYZ403,A,-110,0,171,29,Fair,6,21,cell_edge
2026-07-01 12:00:00,UE01980,32.94710763390529,-97.02917238318987,XYZ401,A,-118,-1,125,32,Coverage_Hole,1,14,cell_edge
2026-07-01 13:00:00,UE01981,32.96993398231061,-96.97319910875008,XYZ402,C,-107,0,173,113,Good,2,21,cell_edge
2026-07-01 14:00:00,UE01982,32.902394121442086,-97.00803811197162,XYZ403,C,-112,-2,126,94,Good,3,12,cell_edge
2026-07-01 15:00:00,UE01983,32.91187252655191,-96.95149552929044,XYZ401,A,-104,-1,130,33,Poor,4,16,cell_edge
2026-07-01 16:00:00,UE01984,32.89675846673782,-97.00543409135582,XYZ402,A,-117,-3,129,115,Fair,5,10,cell_edge
2026-07-01 18:00:00,UE01986,32.9367893536191,-97.03678630662294,XYZ401,B,-121,2,202,23,Excellent,1,28,cell_edge
2026-07-01 20:00:00,UE01988,32.919926297893696,-96.94067742530518,XYZ403,C,-119,0,181,127,Poor,3,20,cell_edge
2026-07-01 00:00:00,UE01992,32.92148480696428,-97.02129095798637,XYZ401,B,-104,7,317,38,Coverage_Hole,1,47,cell_edge
2026-07-01 01:00:00,UE01993,32.93749660934277,-97.0347945985492,XYZ402,C,-122,0,208,53,Fair,2,21,cell_edge
2026-07-01 02:00:00,UE01994,32.94691055858682,-97.02971061319585,XYZ403,A,-113,6,321,101,Coverage_Hole,3,41,cell_edge
2026-07-01 03:00:00,UE01995,32.968786308452906,-96.98567430446668,XYZ401,B,-107,0,208,46,Fair,4,20,cell_edge
